Time (s),Accel Roll (deg),Accel Pitch (deg),Gyro Roll (deg),Gyro Pitch (deg),Filtered Roll (deg),Filtered Pitch (deg)
0,-1.38,0.61,-1.07,0.62,-1.08,0.62
0,-1.21,0.39,-1.07,0.62,-1.08,0.62
0.034,-1.28,0.54,-1.07,0.62,-1.08,0.62
0.067,-1.28,0.64,-1.07,0.61,-1.07,0.62
0.101,-1.25,0.56,-1.07,0.62,-1.07,0.62
0.135,-1.42,0.45,-1.07,0.62,-1.08,0.62
0.168,-1.38,0.51,-1.07,0.62,-1.08,0.61
0.202,-1.32,0.56,-1.07,0.61,-1.08,0.61
0.235,-1.41,0.54,-1.07,0.61,-1.08,0.61
0.269,-1.35,0.5,-1.07,0.62,-1.08,0.61
0.301,-1.23,0.59,-1.08,0.62,-1.08,0.62
0.34,-1.36,0.67,-1.07,0.62,-1.08,0.62
0.374,-1.45,0.55,-1.07,0.62,-1.08,0.62
0.406,-1.31,0.43,-1.08,0.62,-1.08,0.62
0.439,-1.31,0.47,-1.08,0.62,-1.08,0.62
0.473,-1.4,0.57,-1.08,0.62,-1.08,0.62
0.505,-1.4,0.57,-1.08,0.62,-1.08,0.62
0.538,-1.3,0.46,-1.08,0.62,-1.08,0.61
0.575,-1.35,0.5,-1.08,0.62,-1.08,0.61
0.607,-1.47,0.63,-1.08,0.61,-1.08,0.61
0.639,-1.38,0.57,-1.08,0.62,-1.08,0.62
0.671,-1.29,0.5,-1.08,0.62,-1.08,0.62
0.703,-1.35,0.62,-1.08,0.62,-1.08,0.62
0.737,-1.4,0.69,-1.08,0.62,-1.08,0.62
0.77,-1.4,0.5,-1.08,0.62,-1.08,0.62
0.803,-1.36,0.43,-1.08,0.62,-1.09,0.62
0.836,-1.38,0.55,-1.08,0.62,-1.09,0.62
0.87,-1.36,0.6,-1.08,0.62,-1.09,0.62
0.902,-1.3,0.52,-1.08,0.62,-1.09,0.62
0.934,-1.34,0.53,-1.08,0.62,-1.09,0.62
0.967,-1.32,0.56,-1.08,0.62,-1.09,0.62
0.999,-1.31,0.54,-1.08,0.62,-1.09,0.62
1.032,-1.35,0.5,-1.08,0.62,-1.09,0.61
1.065,-1.36,0.53,-1.08,0.62,-1.09,0.62
1.096,-1.4,0.59,-1.09,0.62,-1.09,0.62
1.128,-1.43,0.58,-1.09,0.62,-1.09,0.62
1.162,-1.43,0.55,-1.08,0.62,-1.09,0.62
1.194,-1.26,0.52,-1.09,0.62,-1.09,0.62
1.227,-1.2,0.54,-1.09,0.62,-1.09,0.62
1.26,-1.33,0.62,-1.09,0.62,-1.09,0.62
1.292,-1.34,0.59,-1.09,0.62,-1.09,0.62
1.323,-1.27,0.53,-1.09,0.62,-1.09,0.62
1.357,-1.29,0.56,-1.09,0.62,-1.09,0.62
1.389,-1.28,0.5,-1.09,0.62,-1.09,0.62
1.42,-1.25,0.52,-1.09,0.62,-1.09,0.62
1.451,-1.31,0.56,-1.09,0.62,-1.09,0.62
1.483,-1.33,0.56,-1.09,0.62,-1.09,0.62
1.515,-1.38,0.57,-1.09,0.62,-1.09,0.62
1.549,-1.35,0.53,-1.09,0.62,-1.09,0.62
1.584,-1.29,0.51,-1.09,0.62,-1.09,0.62
1.617,-1.29,0.52,-1.09,0.62,-1.09,0.62
1.648,-1.28,0.56,-1.09,0.62,-1.09,0.62
1.68,-1.22,0.61,-1.08,0.62,-1.09,0.62
1.711,-1.26,0.56,-1.09,0.62,-1.09,0.62
1.746,-1.36,0.5,-1.09,0.62,-1.09,0.62
1.779,-1.32,0.49,-1.09,0.62,-1.09,0.62
1.811,-1.22,0.5,-1.09,0.62,-1.09,0.62
1.844,-1.26,0.51,-1.09,0.62,-1.09,0.62
1.876,-1.34,0.54,-1.09,0.62,-1.09,0.62
1.908,-1.33,0.59,-1.09,0.62,-1.09,0.62
1.941,-1.32,0.59,-1.09,0.62,-1.09,0.62
1.973,-1.34,0.56,-1.09,0.62,-1.09,0.62
2.006,-1.35,0.52,-1.09,0.62,-1.09,0.62
2.038,-1.28,0.51,-1.09,0.62,-1.09,0.62
2.071,-1.27,0.56,-1.09,0.62,-1.09,0.62
2.103,-1.33,0.56,-1.09,0.62,-1.09,0.62
2.136,-1.43,0.56,-1.09,0.62,-1.09,0.62
2.167,-1.4,0.59,-1.09,0.62,-1.09,0.62
2.2,-1.34,0.59,-1.09,0.62,-1.09,0.62
2.233,-1.32,0.54,-1.09,0.62,-1.09,0.62
2.266,-1.34,0.53,-1.09,0.62,-1.1,0.62
2.298,-1.36,0.56,-1.09,0.62,-1.1,0.62
2.331,-1.34,0.59,-1.09,0.62,-1.1,0.62
2.363,-1.34,0.54,-1.09,0.62,-1.1,0.62
2.394,-1.31,0.55,-1.09,0.62,-1.1,0.62
2.427,-1.24,0.53,-1.1,0.62,-1.1,0.62
2.459,-1.22,0.54,-1.1,0.62,-1.1,0.62
2.492,-1.32,0.54,-1.09,0.62,-1.1,0.62
2.524,-1.34,0.52,-1.09,0.62,-1.1,0.62
2.556,-1.31,0.55,-1.09,0.62,-1.1,0.62
2.59,-1.3,0.57,-1.09,0.62,-1.1,0.62
2.622,-1.27,0.5,-1.09,0.62,-1.1,0.62
2.656,-1.32,0.47,-1.09,0.62,-1.1,0.62
2.688,-1.34,0.5,-1.09,0.62,-1.09,0.62
2.719,-1.34,0.51,-1.09,0.62,-1.09,0.62
2.753,-1.32,0.54,-1.09,0.62,-1.09,0.62
2.785,-1.29,0.57,-1.09,0.62,-1.09,0.62
2.817,-1.26,0.56,-1.09,0.62,-1.09,0.62
2.849,-1.34,0.57,-1.09,0.62,-1.1,0.62
2.881,-1.37,0.62,-1.09,0.62,-1.1,0.62
2.913,-1.25,0.51,-1.09,0.62,-1.09,0.62
2.945,-1.32,0.48,-1.09,0.62,-1.09,0.62
2.977,-1.39,0.54,-1.09,0.62,-1.09,0.62
3.009,-1.31,0.55,-1.09,0.62,-1.09,0.62
3.04,-1.29,0.48,-1.09,0.62,-1.09,0.62
3.073,-1.4,0.58,-1.09,0.62,-1.1,0.62
3.104,-1.38,0.58,-1.09,0.62,-1.1,0.62
3.137,-1.31,0.54,-1.1,0.62,-1.1,0.62
3.169,-1.34,0.55,-1.1,0.62,-1.1,0.62
3.202,-1.41,0.57,-1.1,0.62,-1.1,0.62
3.235,-1.33,0.54,-1.1,0.62,-1.1,0.62
3.268,-1.29,0.52,-1.1,0.62,-1.1,0.62
3.3,-1.38,0.58,-1.1,0.62,-1.1,0.62
3.332,-1.34,0.6,-1.1,0.62,-1.1,0.62
3.364,-1.3,0.5,-1.1,0.62,-1.1,0.62
3.396,-1.37,0.5,-1.1,0.62,-1.1,0.62
3.431,-1.47,0.54,-1.1,0.62,-1.1,0.62
3.463,-1.44,0.57,-1.1,0.62,-1.11,0.62
3.495,-1.32,0.6,-1.1,0.62,-1.11,0.62
3.528,-1.28,0.57,-1.1,0.62,-1.11,0.62
3.56,-1.27,0.56,-1.1,0.62,-1.1,0.62
3.593,-1.36,0.52,-1.1,0.62,-1.11,0.62
3.625,-1.43,0.5,-1.1,0.62,-1.11,0.62
3.658,-1.41,0.53,-1.11,0.62,-1.11,0.62
3.691,-1.32,0.52,-1.11,0.62,-1.11,0.62
3.722,-1.28,0.58,-1.11,0.62,-1.11,0.62
3.754,-1.32,0.57,-1.11,0.62,-1.11,0.62
3.786,-1.41,0.47,-1.11,0.62,-1.11,0.62
3.817,-1.36,0.47,-1.1,0.62,-1.11,0.62
3.851,-1.34,0.56,-1.1,0.62,-1.11,0.62
3.883,-1.35,0.58,-1.1,0.62,-1.11,0.62
3.916,-1.34,0.51,-1.11,0.62,-1.11,0.62
3.949,-1.4,0.55,-1.1,0.62,-1.11,0.62
3.982,-1.38,0.59,-1.1,0.62,-1.11,0.62
4.014,-1.27,0.5,-1.1,0.62,-1.1,0.62
4.045,-1.28,0.48,-1.1,0.62,-1.1,0.62
4.077,-1.35,0.48,-1.1,0.62,-1.1,0.62
4.108,-1.31,0.53,-1.1,0.62,-1.1,0.62
4.14,-1.3,0.55,-1.1,0.62,-1.1,0.62
4.174,-1.36,0.54,-1.1,0.62,-1.1,0.62
4.205,-1.36,0.52,-1.1,0.62,-1.11,0.62
4.236,-1.3,0.54,-1.1,0.62,-1.1,0.62
4.272,-1.38,0.55,-1.1,0.62,-1.1,0.62
4.307,-1.34,0.52,-1.1,0.62,-1.1,0.61
4.338,-1.3,0.52,-1.1,0.61,-1.1,0.61
4.37,-1.33,0.6,-1.1,0.61,-1.1,0.61
4.402,-1.32,0.6,-1.1,0.61,-1.1,0.61
4.434,-1.3,0.56,-1.1,0.62,-1.1,0.61
4.466,-1.33,0.51,-1.1,0.62,-1.1,0.61
4.499,-1.32,0.56,-1.1,0.62,-1.1,0.61
4.531,-1.33,0.56,-1.1,0.62,-1.1,0.62
4.563,-1.33,0.48,-1.1,0.62,-1.1,0.62
4.596,-1.36,0.51,-1.1,0.62,-1.1,0.62
4.628,-1.38,0.53,-1.1,0.61,-1.1,0.61
4.66,-1.29,0.56,-1.1,0.61,-1.1,0.61
4.693,-1.27,0.53,-1.1,0.61,-1.1,0.61
4.725,-1.34,0.52,-1.1,0.61,-1.1,0.61
4.757,-1.37,0.52,-1.1,0.61,-1.1,0.61
4.789,-1.39,0.54,-1.1,0.61,-1.1,0.61
4.822,-1.34,0.52,-1.1,0.62,-1.1,0.61
4.856,-1.28,0.54,-1.1,0.61,-1.1,0.61
4.887,-1.32,0.59,-1.1,0.61,-1.1,0.61
4.919,-1.33,0.62,-1.1,0.61,-1.1,0.61
4.951,-1.34,0.59,-1.1,0.61,-1.1,0.61
4.984,-1.36,0.55,-1.1,0.62,-1.1,0.62
5.019,-1.34,0.52,-1.1,0.62,-1.1,0.62
5.053,-1.33,0.56,-1.1,0.62,-1.1,0.62
5.085,-1.31,0.57,-1.1,0.62,-1.1,0.62
5.116,-1.29,0.56,-1.1,0.62,-1.1,0.62
5.148,-1.28,0.52,-1.1,0.62,-1.1,0.61
5.18,-1.33,0.5,-1.1,0.61,-1.1,0.61
5.213,-1.36,0.48,-1.1,0.61,-1.1,0.61
5.245,-1.32,0.52,-1.1,0.61,-1.1,0.61
5.277,-1.34,0.57,-1.1,0.61,-1.1,0.61
5.31,-1.38,0.55,-1.1,0.61,-1.1,0.61
5.341,-1.37,0.56,-1.1,0.61,-1.1,0.61
5.374,-1.3,0.54,-1.1,0.61,-1.1,0.61
5.405,-1.29,0.52,-1.1,0.61,-1.1,0.61
5.436,-1.32,0.47,-1.1,0.61,-1.1,0.61
5.468,-1.32,0.52,-1.1,0.61,-1.1,0.61
5.5,-1.34,0.59,-1.1,0.61,-1.1,0.61
5.533,-1.28,0.61,-1.1,0.61,-1.1,0.61
5.565,-1.27,0.6,-1.1,0.61,-1.1,0.61
5.598,-1.37,0.58,-1.1,0.61,-1.1,0.61
5.63,-1.39,0.54,-1.1,0.61,-1.1,0.6
5.662,-1.3,0.45,-1.1,0.6,-1.1,0.6
5.694,-1.27,0.52,-1.1,0.6,-1.1,0.6
5.726,-1.4,0.59,-1.1,0.6,-1.1,0.6
5.759,-1.38,0.55,-1.1,0.6,-1.1,0.6
5.79,-1.3,0.54,-1.1,0.6,-1.1,0.6
5.822,-1.3,0.56,-1.1,0.6,-1.1,0.6
5.854,-1.37,0.58,-1.1,0.6,-1.1,0.6
5.885,-1.36,0.54,-1.1,0.6,-1.1,0.6
5.917,-1.39,0.52,-1.1,0.6,-1.1,0.6
5.949,-1.37,0.63,-1.1,0.6,-1.1,0.6
5.98,-1.33,0.64,-1.1,0.61,-1.1,0.61
6.013,-1.28,0.6,-1.1,0.61,-1.1,0.61
6.045,-1.27,0.58,-1.1,0.61,-1.1,0.61
6.078,-1.32,0.52,-1.1,0.61,-1.1,0.61
6.109,-1.34,0.51,-1.1,0.61,-1.1,0.61
6.142,-1.35,0.53,-1.1,0.61,-1.1,0.61
6.173,-1.34,0.55,-1.1,0.61,-1.1,0.61
6.204,-1.36,0.57,-1.1,0.61,-1.1,0.61
6.236,-1.27,0.58,-1.1,0.61,-1.1,0.61
6.268,-1.31,0.62,-1.1,0.61,-1.1,0.61
6.299,-1.32,0.56,-1.1,0.61,-1.1,0.61
6.33,-1.3,0.5,-1.09,0.61,-1.1,0.61
6.362,-1.34,0.52,-1.09,0.61,-1.1,0.61
6.395,-1.38,0.54,-1.09,0.61,-1.1,0.61
6.426,-1.38,0.58,-1.09,0.61,-1.1,0.61
6.457,-1.39,0.58,-1.09,0.61,-1.1,0.61
6.489,-1.42,0.54,-1.09,0.61,-1.1,0.61
6.522,-1.35,0.51,-1.09,0.61,-1.1,0.61
6.553,-1.33,0.5,-1.09,0.61,-1.1,0.61
6.591,-1.28,0.55,-1.09,0.61,-1.1,0.61
6.628,-1.26,0.54,-1.09,0.61,-1.1,0.61
6.66,-1.29,0.56,-1.09,0.61,-1.1,0.61
6.694,-1.33,0.56,-1.09,0.61,-1.1,0.61
6.727,-1.37,0.52,-1.09,0.61,-1.09,0.61
6.759,-1.32,0.54,-1.09,0.61,-1.09,0.61
6.792,-1.28,0.57,-1.09,0.61,-1.09,0.61
6.823,-1.28,0.57,-1.09,0.61,-1.09,0.61
6.853,-1.32,0.6,-1.09,0.61,-1.09,0.61
6.885,-1.35,0.54,-1.09,0.61,-1.09,0.61
6.918,-1.34,0.5,-1.09,0.62,-1.09,0.61
6.949,-1.34,0.47,-1.09,0.62,-1.09,0.61
6.981,-1.31,0.52,-1.09,0.62,-1.09,0.61
7.015,-1.34,0.56,-1.09,0.61,-1.09,0.61
7.045,-1.34,0.58,-1.09,0.62,-1.09,0.61
7.076,-1.35,0.61,-1.09,0.62,-1.09,0.62
7.107,-1.34,0.62,-1.09,0.62,-1.09,0.62
7.138,-1.36,0.58,-1.09,0.62,-1.09,0.62
7.17,-1.34,0.56,-1.09,0.62,-1.09,0.61
7.201,-1.34,0.52,-1.09,0.62,-1.09,0.61
7.233,-1.39,0.55,-1.09,0.62,-1.09,0.61
7.265,-1.38,0.54,-1.09,0.61,-1.09,0.61
7.297,-1.31,0.55,-1.09,0.61,-1.09,0.61
7.328,-1.29,0.54,-1.09,0.61,-1.09,0.61
7.36,-1.36,0.59,-1.09,0.61,-1.09,0.61
7.391,-1.35,0.54,-1.09,0.62,-1.09,0.61
7.423,-1.33,0.51,-1.09,0.62,-1.09,0.61
7.455,-1.35,0.52,-1.09,0.62,-1.09,0.61
7.486,-1.37,0.55,-1.09,0.62,-1.09,0.61
7.517,-1.34,0.57,-1.09,0.61,-1.09,0.61
7.549,-1.29,0.59,-1.09,0.61,-1.09,0.61
7.582,-1.32,0.54,-1.09,0.62,-1.09,0.61
7.613,-1.36,0.51,-1.09,0.62,-1.1,0.61
7.645,-1.35,0.52,-1.09,0.61,-1.1,0.61
7.677,-1.3,0.54,-1.09,0.61,-1.1,0.61
7.71,-1.26,0.56,-1.09,0.61,-1.1,0.61
7.742,-1.31,0.55,-1.09,0.61,-1.1,0.61
7.776,-1.41,0.57,-1.09,0.61,-1.1,0.61
7.807,-1.41,0.58,-1.1,0.61,-1.1,0.61
7.84,-1.33,0.56,-1.1,0.62,-1.1,0.62
7.873,-1.36,0.54,-1.1,0.62,-1.1,0.62
7.907,-1.3,0.57,-1.1,0.62,-1.1,0.62
7.939,-1.26,0.59,-1.1,0.62,-1.1,0.62
7.971,-1.34,0.62,-1.1,0.62,-1.1,0.62
8.003,-1.39,0.58,-1.1,0.62,-1.1,0.62
8.035,-1.38,0.5,-1.1,0.62,-1.1,0.62
8.067,-1.32,0.51,-1.1,0.62,-1.1,0.62
8.1,-1.3,0.48,-1.1,0.62,-1.1,0.62
8.132,-1.32,0.48,-1.1,0.62,-1.1,0.62
8.165,-1.33,0.53,-1.1,0.62,-1.1,0.61
8.197,-1.3,0.54,-1.1,0.62,-1.1,0.62
8.231,-1.31,0.53,-1.1,0.62,-1.1,0.62
8.265,-1.35,0.52,-1.1,0.62,-1.1,0.62
8.297,-1.39,0.57,-1.1,0.62,-1.1,0.61
8.329,-1.35,0.53,-1.1,0.62,-1.1,0.61
8.36,-1.32,0.49,-1.1,0.62,-1.1,0.61
8.391,-1.33,0.55,-1.1,0.62,-1.1,0.61
8.422,-1.34,0.61,-1.1,0.62,-1.1,0.62
8.455,-1.27,0.6,-1.1,0.62,-1.1,0.62
8.487,-1.3,0.56,-1.1,0.62,-1.1,0.61
8.519,-1.35,0.51,-1.1,0.61,-1.1,0.61
8.552,-1.32,0.48,-1.1,0.61,-1.1,0.61
8.583,-1.28,0.52,-1.1,0.61,-1.1,0.61
8.615,-1.32,0.54,-1.1,0.61,-1.1,0.61
8.647,-1.38,0.56,-1.1,0.61,-1.1,0.61
8.68,-1.34,0.56,-1.1,0.61,-1.1,0.61
8.712,-1.27,0.57,-1.1,0.61,-1.1,0.61
8.743,-1.33,0.57,-1.1,0.61,-1.1,0.61
8.775,-1.38,0.55,-1.1,0.61,-1.1,0.61
8.808,-1.34,0.53,-1.1,0.61,-1.1,0.61
8.841,-1.31,0.54,-1.1,0.61,-1.1,0.61
8.873,-1.29,0.61,-1.1,0.61,-1.1,0.61
8.906,-1.31,0.61,-1.1,0.61,-1.1,0.61
8.938,-1.36,0.5,-1.1,0.61,-1.1,0.61
8.971,-1.35,0.48,-1.1,0.61,-1.1,0.61
9.002,-1.34,0.49,-1.1,0.61,-1.1,0.61
9.034,-1.34,0.57,-1.1,0.61,-1.1,0.61
9.066,-1.3,0.59,-1.1,0.61,-1.1,0.61
9.098,-1.27,0.54,-1.1,0.61,-1.1,0.61
9.129,-1.31,0.49,-1.1,0.61,-1.1,0.61
9.163,-1.34,0.55,-1.1,0.61,-1.1,0.61
9.196,-1.35,0.57,-1.1,0.61,-1.1,0.61
9.228,-1.29,0.61,-1.1,0.61,-1.1,0.61
9.261,-1.26,0.6,-1.1,0.61,-1.1,0.61
9.293,-1.36,0.52,-1.1,0.61,-1.1,0.61
9.324,-1.38,0.51,-1.1,0.61,-1.1,0.61
9.356,-1.3,0.5,-1.1,0.61,-1.1,0.61
9.388,-1.3,0.54,-1.1,0.61,-1.1,0.61
9.421,-1.43,0.55,-1.1,0.61,-1.1,0.61
9.455,-1.41,0.52,-1.1,0.61,-1.1,0.61
9.489,-1.33,0.56,-1.1,0.61,-1.1,0.61
9.523,-1.32,0.61,-1.1,0.61,-1.1,0.61
9.557,-1.29,0.57,-1.1,0.61,-1.1,0.61
9.59,-1.29,0.54,-1.1,0.61,-1.1,0.61
9.622,-1.29,0.58,-1.1,0.61,-1.1,0.61
9.654,-1.3,0.54,-1.1,0.61,-1.1,0.61
9.687,-1.3,0.53,-1.1,0.61,-1.1,0.61
9.719,-1.3,0.52,-1.1,0.61,-1.1,0.61
9.751,-1.27,0.5,-1.1,0.61,-1.1,0.61
9.782,-1.31,0.54,-1.1,0.61,-1.1,0.61
9.814,-1.34,0.55,-1.1,0.61,-1.1,0.61
9.847,-1.28,0.54,-1.1,0.61,-1.1,0.61
9.881,-1.31,0.54,-1.1,0.61,-1.1,0.61
9.912,-1.39,0.56,-1.1,0.61,-1.1,0.61
9.944,-1.42,0.57,-1.1,0.61,-1.1,0.61
9.979,-1.34,0.56,-1.1,0.61,-1.1,0.61
10.01,-1.32,0.6,-1.1,0.61,-1.1,0.61
10.042,-1.34,0.6,-1.1,0.61,-1.1,0.61
10.073,-1.37,0.52,-1.1,0.61,-1.1,0.61
10.106,-1.37,0.48,-1.1,0.61,-1.1,0.61
10.139,-1.34,0.56,-1.1,0.61,-1.1,0.61
10.171,-1.36,0.58,-1.1,0.61,-1.1,0.61
10.203,-1.34,0.56,-1.1,0.61,-1.1,0.61
10.235,-1.31,0.52,-1.1,0.61,-1.1,0.61
10.267,-1.3,0.5,-1.1,0.61,-1.1,0.61
10.299,-1.25,0.48,-1.1,0.61,-1.1,0.61
10.331,-1.38,0.47,-1.1,0.61,-1.1,0.61
10.363,-1.43,0.49,-1.1,0.61,-1.1,0.61
10.396,-1.31,0.61,-1.1,0.61,-1.1,0.61
10.427,-1.32,0.61,-1.1,0.61,-1.1,0.61
10.459,-1.32,0.52,-1.1,0.61,-1.1,0.61
10.49,-1.3,0.53,-1.1,0.61,-1.1,0.61
10.523,-1.27,0.55,-1.1,0.61,-1.1,0.61
10.554,-1.34,0.58,-1.1,0.61,-1.1,0.61
10.586,-1.33,0.58,-1.1,0.61,-1.1,0.61
10.618,-1.37,0.56,-1.1,0.61,-1.1,0.61
10.651,-1.38,0.57,-1.1,0.61,-1.1,0.61
10.682,-1.3,0.52,-1.1,0.61,-1.1,0.61
10.714,-1.33,0.52,-1.1,0.61,-1.1,0.61
10.747,-1.3,0.52,-1.1,0.61,-1.1,0.61
10.781,-1.29,0.56,-1.1,0.61,-1.1,0.61
10.812,-1.33,0.56,-1.1,0.61,-1.1,0.61
10.844,-1.35,0.52,-1.1,0.61,-1.1,0.61
10.876,-1.35,0.54,-1.1,0.61,-1.1,0.61
10.908,-1.26,0.61,-1.1,0.61,-1.1,0.61
10.94,-1.26,0.6,-1.1,0.61,-1.1,0.61
10.972,-1.3,0.52,-1.1,0.61,-1.1,0.61
11.004,-1.34,0.49,-1.1,0.61,-1.1,0.61
11.037,-1.31,0.53,-1.1,0.61,-1.1,0.61
11.069,-1.29,0.56,-1.1,0.61,-1.1,0.61
11.101,-1.29,0.55,-1.1,0.61,-1.1,0.61
11.132,-1.32,0.54,-1.1,0.61,-1.1,0.61
11.165,-1.36,0.54,-1.1,0.61,-1.1,0.61
11.197,-1.36,0.52,-1.1,0.61,-1.1,0.61
11.228,-1.34,0.54,-1.1,0.61,-1.1,0.61
11.261,-1.3,0.55,-1.1,0.61,-1.1,0.61
11.293,-1.3,0.54,-1.1,0.61,-1.1,0.61
11.325,-1.26,0.53,-1.1,0.61,-1.1,0.61
11.357,-1.27,0.54,-1.09,0.61,-1.1,0.61
11.389,-1.34,0.51,-1.09,0.61,-1.1,0.61
11.42,-1.38,0.52,-1.09,0.61,-1.1,0.61
11.453,-1.36,0.61,-1.1,0.61,-1.1,0.61
11.485,-1.34,0.64,-1.1,0.61,-1.1,0.61
11.522,-1.27,0.52,-1.1,0.61,-1.1,0.61
11.553,-1.26,0.47,-1.1,0.61,-1.1,0.61
11.585,-1.31,0.61,-1.1,0.61,-1.1,0.61
11.617,-1.37,0.65,-1.1,0.61,-1.1,0.61
11.648,-1.33,0.63,-1.1,0.61,-1.1,0.61
11.68,-1.28,0.5,-1.1,0.61,-1.1,0.61
11.712,-1.33,0.45,-1.1,0.61,-1.1,0.61
11.744,-1.29,0.49,-1.1,0.61,-1.1,0.61
11.776,-1.32,0.55,-1.1,0.61,-1.1,0.61
11.809,-1.38,0.61,-1.1,0.61,-1.1,0.61
11.84,-1.36,0.59,-1.1,0.61,-1.1,0.61
11.871,-1.36,0.56,-1.1,0.61,-1.1,0.61
11.903,-1.36,0.52,-1.1,0.61,-1.1,0.61
11.935,-1.29,0.51,-1.1,0.61,-1.1,0.61
11.967,-1.33,0.52,-1.1,0.61,-1.1,0.61
11.999,-1.32,0.59,-1.1,0.61,-1.1,0.61
12.032,-1.34,0.59,-1.1,0.61,-1.1,0.61
12.064,-1.4,0.53,-1.1,0.61,-1.1,0.61
12.096,-1.32,0.45,-1.1,0.61,-1.1,0.61
12.127,-1.24,0.46,-1.1,0.61,-1.1,0.61
12.16,-1.3,0.55,-1.1,0.61,-1.1,0.61
12.192,-1.38,0.63,-1.1,0.61,-1.1,0.61
12.222,-1.32,0.63,-1.1,0.61,-1.1,0.61
12.255,-1.3,0.59,-1.1,0.61,-1.1,0.61
12.286,-1.32,0.53,-1.1,0.61,-1.1,0.61
12.318,-1.29,0.51,-1.1,0.61,-1.1,0.61
12.349,-1.28,0.52,-1.1,0.61,-1.1,0.61
12.382,-1.31,0.56,-1.1,0.61,-1.1,0.61
12.413,-1.4,0.6,-1.1,0.61,-1.1,0.61
12.444,-1.4,0.59,-1.1,0.61,-1.1,0.61
12.477,-1.32,0.48,-1.1,0.61,-1.1,0.61
12.51,-1.27,0.46,-1.1,0.61,-1.1,0.61
12.541,-1.25,0.5,-1.1,0.61,-1.1,0.61
12.572,-1.32,0.55,-1.1,0.61,-1.1,0.61
12.604,-1.37,0.62,-1.1,0.61,-1.1,0.61
12.635,-1.35,0.65,-1.1,0.61,-1.1,0.61
12.666,-1.3,0.51,-1.1,0.61,-1.1,0.61
12.698,-1.27,0.45,-1.1,0.61,-1.1,0.61
12.729,-1.34,0.5,-1.1,0.61,-1.1,0.61
12.76,-1.4,0.59,-1.1,0.61,-1.1,0.61
12.792,-1.31,0.58,-1.1,0.61,-1.1,0.61
12.825,-1.27,0.53,-1.1,0.61,-1.1,0.61
12.857,-1.27,0.46,-1.1,0.61,-1.1,0.61
12.889,-1.36,0.52,-1.1,0.61,-1.1,0.61
12.921,-1.33,0.51,-1.1,0.61,-1.1,0.61
12.953,-1.31,0.51,-1.1,0.61,-1.1,0.61
12.985,-1.36,0.56,-1.1,0.61,-1.1,0.61
13.027,-1.36,0.62,-1.1,0.61,-1.1,0.61
13.061,-1.36,0.59,-1.1,0.61,-1.1,0.61
13.093,-1.32,0.54,-1.1,0.61,-1.1,0.61
13.125,-1.27,0.52,-1.1,0.61,-1.1,0.61
13.157,-1.3,0.54,-1.1,0.61,-1.1,0.61
13.188,-1.38,0.58,-1.1,0.61,-1.1,0.61
13.22,-1.38,0.59,-1.1,0.61,-1.1,0.61
13.253,-1.27,0.53,-1.1,0.61,-1.1,0.61
13.284,-1.27,0.5,-1.1,0.61,-1.1,0.61
13.317,-1.34,0.49,-1.1,0.61,-1.1,0.61
13.349,-1.33,0.5,-1.1,0.61,-1.1,0.6
13.382,-1.33,0.54,-1.1,0.6,-1.1,0.6
13.415,-1.34,0.55,-1.1,0.61,-1.1,0.6
13.448,-1.33,0.59,-1.1,0.61,-1.1,0.61
13.481,-1.29,0.54,-1.1,0.61,-1.1,0.61
13.513,-1.32,0.51,-1.1,0.61,-1.1,0.61
13.546,-1.29,0.48,-1.1,0.61,-1.1,0.61
13.579,-1.31,0.52,-1.1,0.61,-1.1,0.6
13.611,-1.36,0.61,-1.1,0.6,-1.1,0.6
13.643,-1.31,0.58,-1.1,0.61,-1.1,0.61
13.675,-1.25,0.45,-1.1,0.61,-1.1,0.61
13.707,-1.29,0.46,-1.1,0.61,-1.1,0.61
13.74,-1.3,0.52,-1.1,0.6,-1.1,0.6
13.772,-1.29,0.51,-1.1,0.6,-1.1,0.6
13.805,-1.34,0.62,-1.1,0.6,-1.1,0.6
13.836,-1.38,0.63,-1.1,0.6,-1.1,0.6
13.869,-1.32,0.54,-1.1,0.61,-1.1,0.6
13.902,-1.29,0.5,-1.1,0.61,-1.1,0.6
13.933,-1.27,0.52,-1.1,0.6,-1.1,0.6
13.965,-1.28,0.58,-1.1,0.6,-1.1,0.6
13.997,-1.27,0.56,-1.1,0.6,-1.1,0.6
14.031,-1.32,0.55,-1.09,0.6,-1.1,0.6
14.062,-1.36,0.53,-1.09,0.6,-1.1,0.6
14.094,-1.35,0.52,-1.09,0.6,-1.1,0.6
14.126,-1.37,0.52,-1.1,0.6,-1.1,0.6
14.158,-1.36,0.54,-1.1,0.6,-1.1,0.6
14.19,-1.34,0.54,-1.1,0.6,-1.1,0.6
14.222,-1.39,0.61,-1.1,0.6,-1.1,0.6
14.254,-1.4,0.62,-1.1,0.61,-1.1,0.61
14.286,-1.37,0.57,-1.1,0.61,-1.1,0.61
14.317,-1.33,0.48,-1.1,0.61,-1.1,0.61
14.349,-1.3,0.54,-1.1,0.61,-1.1,0.61
14.38,-1.31,0.58,-1.1,0.61,-1.1,0.61
14.412,-1.36,0.56,-1.1,0.61,-1.1,0.61
14.444,-1.36,0.52,-1.1,0.61,-1.1,0.61
14.479,-1.34,0.52,-1.1,0.61,-1.1,0.61
14.51,-1.32,0.51,-1.1,0.61,-1.1,0.61
14.542,-1.35,0.48,-1.1,0.61,-1.1,0.61
14.574,-1.36,0.64,-1.1,0.61,-1.1,0.61
14.605,-1.35,0.65,-1.1,0.61,-1.1,0.61
14.637,-1.34,0.56,-1.1,0.61,-1.1,0.61
14.669,-1.36,0.55,-1.1,0.61,-1.1,0.61
14.701,-1.37,0.54,-1.1,0.61,-1.1,0.61
14.734,-1.32,0.53,-1.1,0.61,-1.1,0.61
14.766,-1.34,0.54,-1.1,0.61,-1.1,0.61
14.798,-1.34,0.52,-1.1,0.61,-1.1,0.61
14.83,-1.4,0.54,-1.1,0.61,-1.1,0.61
14.863,-1.37,0.56,-1.1,0.61,-1.1,0.61
14.897,-1.23,0.5,-1.1,0.61,-1.1,0.61
14.928,-1.21,0.5,-1.1,0.61,-1.1,0.61
14.96,-1.33,0.54,-1.1,0.61,-1.1,0.61
14.992,-1.35,0.59,-1.1,0.61,-1.1,0.61
15.025,-1.35,0.6,-1.1,0.61,-1.1,0.61
15.057,-1.33,0.58,-1.1,0.61,-1.1,0.61
15.09,-1.29,0.59,-1.1,0.61,-1.1,0.61
15.122,-1.29,0.51,-1.1,0.61,-1.1,0.61
15.153,-1.28,0.5,-1.1,0.61,-1.1,0.61
15.185,-1.38,0.59,-1.1,0.61,-1.1,0.61
15.217,-1.42,0.59,-1.1,0.61,-1.1,0.61
15.249,-1.3,0.56,-1.1,0.61,-1.1,0.61
15.281,-1.25,0.58,-1.1,0.61,-1.1,0.61
15.314,-1.3,0.58,-1.1,0.61,-1.1,0.61
15.345,-1.38,0.56,-1.1,0.61,-1.1,0.61
15.377,-1.31,0.52,-1.1,0.61,-1.1,0.61
15.411,-1.26,0.52,-1.1,0.61,-1.1,0.61
15.445,-1.29,0.55,-1.1,0.61,-1.1,0.61
15.478,-1.38,0.56,-1.1,0.61,-1.1,0.61
15.512,-1.38,0.56,-1.1,0.62,-1.1,0.61
15.546,-1.33,0.54,-1.1,0.62,-1.1,0.62
15.577,-1.37,0.55,-1.1,0.62,-1.1,0.61
15.609,-1.37,0.55,-1.1,0.61,-1.1,0.61
15.641,-1.31,0.52,-1.1,0.61,-1.1,0.61
15.673,-1.26,0.54,-1.1,0.61,-1.1,0.61
15.705,-1.28,0.58,-1.1,0.61,-1.1,0.61
15.738,-1.33,0.56,-1.1,0.61,-1.1,0.61
15.77,-1.35,0.48,-1.1,0.61,-1.1,0.61
15.801,-1.28,0.52,-1.1,0.61,-1.1,0.61
15.834,-1.27,0.58,-1.1,0.61,-1.1,0.61
15.866,-1.33,0.59,-1.1,0.61,-1.1,0.61
15.9,-1.3,0.54,-1.1,0.61,-1.1,0.61
15.933,-1.32,0.52,-1.09,0.61,-1.1,0.61
15.965,-1.37,0.56,-1.1,0.61,-1.1,0.61
16.001,-1.33,0.61,-1.09,0.61,-1.1,0.61
16.032,-1.31,0.55,-1.09,0.61,-1.1,0.61
16.065,-1.29,0.47,-1.09,0.61,-1.1,0.61
16.099,-1.3,0.53,-1.09,0.61,-1.1,0.61
16.131,-1.39,0.63,-1.09,0.61,-1.1,0.61
16.163,-1.38,0.63,-1.09,0.61,-1.1,0.61
16.194,-1.36,0.54,-1.1,0.61,-1.1,0.61
16.227,-1.36,0.54,-1.1,0.61,-1.1,0.61
16.26,-1.3,0.61,-1.1,0.61,-1.1,0.61
16.292,-1.3,0.6,-1.1,0.61,-1.1,0.61
16.325,-1.32,0.58,-1.1,0.61,-1.1,0.61
16.357,-1.34,0.59,-1.1,0.61,-1.1,0.61
16.389,-1.36,0.57,-1.1,0.62,-1.1,0.61
16.422,-1.27,0.56,-1.1,0.62,-1.1,0.62
16.452,-1.24,0.52,-1.1,0.62,-1.1,0.62
16.483,-1.28,0.57,-1.1,0.62,-1.1,0.62
16.515,-1.28,0.59,-1.1,0.62,-1.1,0.62
16.547,-1.27,0.54,-1.1,0.62,-1.1,0.62
16.578,-1.28,0.54,-1.1,0.62,-1.1,0.62
16.61,-1.28,0.57,-1.1,0.62,-1.1,0.62
16.642,-1.31,0.57,-1.1,0.62,-1.1,0.62
16.673,-1.31,0.55,-1.1,0.62,-1.1,0.62
16.709,-1.35,0.53,-1.1,0.62,-1.1,0.62
16.741,-1.35,0.52,-1.1,0.62,-1.1,0.62
16.774,-1.36,0.58,-1.1,0.62,-1.1,0.62
16.806,-1.32,0.57,-1.1,0.62,-1.1,0.62
16.842,-1.31,0.56,-1.1,0.62,-1.1,0.62
16.875,-1.32,0.58,-1.1,0.62,-1.1,0.62
16.906,-1.31,0.56,-1.1,0.62,-1.1,0.62
16.939,-1.34,0.5,-1.1,0.62,-1.1,0.62
16.972,-1.33,0.5,-1.1,0.62,-1.1,0.62
17.004,-1.26,0.56,-1.1,0.62,-1.1,0.62
17.035,-1.27,0.59,-1.1,0.62,-1.1,0.62
17.067,-1.31,0.57,-1.1,0.62,-1.1,0.62
17.099,-1.31,0.54,-1.1,0.62,-1.1,0.62
17.132,-1.27,0.52,-1.1,0.62,-1.1,0.62
17.165,-1.28,0.54,-1.1,0.62,-1.1,0.62
17.198,-1.39,0.54,-1.1,0.62,-1.1,0.62
17.23,-1.37,0.53,-1.1,0.62,-1.1,0.62
17.263,-1.24,0.54,-1.1,0.62,-1.1,0.62
17.295,-1.28,0.56,-1.1,0.62,-1.1,0.62
17.327,-1.4,0.56,-1.1,0.62,-1.1,0.62
17.359,-1.4,0.55,-1.1,0.62,-1.1,0.62
17.392,-1.31,0.57,-1.1,0.62,-1.1,0.62
17.424,-1.3,0.6,-1.1,0.62,-1.1,0.62
17.456,-1.31,0.57,-1.1,0.62,-1.1,0.62
17.488,-1.29,0.54,-1.1,0.62,-1.1,0.62
17.521,-1.32,0.51,-1.1,0.62,-1.1,0.62
17.553,-1.37,0.52,-1.1,0.62,-1.1,0.62
17.584,-1.33,0.56,-1.1,0.62,-1.1,0.62
17.616,-1.29,0.5,-1.1,0.62,-1.1,0.62
17.648,-1.31,0.47,-1.1,0.62,-1.1,0.62
17.68,-1.33,0.52,-1.1,0.62,-1.1,0.62
17.712,-1.36,0.55,-1.1,0.62,-1.1,0.62
17.745,-1.36,0.56,-1.1,0.62,-1.1,0.62
17.778,-1.32,0.57,-1.1,0.62,-1.1,0.62
17.811,-1.32,0.56,-1.1,0.62,-1.1,0.62
17.845,-1.34,0.5,-1.1,0.62,-1.1,0.62
17.878,-1.31,0.48,-1.1,0.62,-1.1,0.62
17.912,-1.38,0.52,-1.09,0.62,-1.1,0.62
17.944,-1.37,0.54,-1.1,0.62,-1.1,0.62
17.977,-1.34,0.57,-1.1,0.62,-1.1,0.62
18.01,-1.28,0.54,-1.1,0.62,-1.1,0.62
18.042,-1.28,0.57,-1.09,0.62,-1.1,0.62
18.075,-1.34,0.58,-1.09,0.62,-1.1,0.62
18.107,-1.34,0.52,-1.09,0.62,-1.1,0.62
18.141,-1.35,0.55,-1.09,0.62,-1.1,0.62
18.174,-1.32,0.59,-1.09,0.62,-1.1,0.62
18.206,-1.32,0.57,-1.09,0.62,-1.1,0.62
18.239,-1.36,0.56,-1.09,0.62,-1.1,0.62
18.271,-1.35,0.52,-1.1,0.62,-1.1,0.62
18.303,-1.28,0.5,-1.1,0.62,-1.1,0.62
18.335,-1.29,0.55,-1.09,0.62,-1.1,0.62
18.367,-1.32,0.55,-1.09,0.62,-1.1,0.62
18.4,-1.28,0.57,-1.09,0.62,-1.1,0.62
18.433,-1.3,0.57,-1.09,0.62,-1.1,0.62
18.466,-1.35,0.55,-1.09,0.62,-1.1,0.62
18.499,-1.36,0.5,-1.09,0.62,-1.1,0.62
18.532,-1.33,0.51,-1.09,0.62,-1.1,0.62
18.565,-1.33,0.56,-1.09,0.62,-1.1,0.62
18.599,-1.3,0.57,-1.09,0.62,-1.1,0.62
18.63,-1.28,0.54,-1.09,0.62,-1.1,0.62
18.662,-1.35,0.54,-1.09,0.62,-1.1,0.62
18.696,-1.32,0.56,-1.09,0.62,-1.1,0.62
18.728,-1.3,0.53,-1.09,0.62,-1.1,0.62
18.76,-1.3,0.56,-1.09,0.62,-1.1,0.62
18.792,-1.39,0.58,-1.1,0.62,-1.1,0.62
18.826,-1.34,0.54,-1.1,0.62,-1.1,0.62
18.857,-1.25,0.54,-1.1,0.62,-1.1,0.62
18.889,-1.31,0.53,-1.1,0.62,-1.1,0.62
18.921,-1.36,0.55,-1.1,0.62,-1.1,0.62
18.954,-1.36,0.57,-1.1,0.62,-1.1,0.62
18.986,-1.37,0.56,-1.1,0.62,-1.1,0.62
19.019,-1.4,0.55,-1.1,0.62,-1.1,0.62
19.051,-1.32,0.52,-1.1,0.62,-1.1,0.62
19.083,-1.31,0.49,-1.1,0.62,-1.1,0.62
19.115,-1.32,0.54,-1.1,0.62,-1.1,0.62
19.149,-1.33,0.56,-1.1,0.62,-1.1,0.62
19.181,-1.38,0.52,-1.1,0.62,-1.1,0.62
19.214,-1.35,0.56,-1.1,0.62,-1.1,0.62
19.247,-1.25,0.6,-1.1,0.62,-1.1,0.62
19.281,-1.19,0.55,-1.1,0.62,-1.1,0.62
19.312,-1.32,0.53,-1.1,0.62,-1.1,0.62
19.345,-1.32,0.52,-1.09,0.62,-1.1,0.62
19.377,-1.33,0.5,-1.09,0.62,-1.1,0.62
19.41,-1.31,0.54,-1.09,0.62,-1.1,0.62
19.45,-1.34,0.53,-1.1,0.62,-1.1,0.62
19.484,-1.31,0.5,-1.1,0.62,-1.1,0.62
19.517,-1.29,0.59,-1.1,0.62,-1.1,0.62
19.55,-1.33,0.56,-1.1,0.62,-1.1,0.62
19.585,-1.36,0.56,-1.1,0.62,-1.1,0.62
19.618,-1.35,0.56,-1.1,0.62,-1.1,0.62
19.65,-1.32,0.54,-1.1,0.62,-1.1,0.62
19.683,-1.3,0.47,-1.1,0.62,-1.1,0.62
19.716,-1.3,0.54,-1.1,0.62,-1.1,0.62
19.748,-1.35,0.58,-1.1,0.62,-1.1,0.62
19.78,-1.34,0.57,-1.1,0.62,-1.1,0.62
19.813,-1.35,0.58,-1.1,0.62,-1.1,0.62
19.847,-1.38,0.61,-1.1,0.62,-1.1,0.62
19.879,-1.35,0.57,-1.1,0.62,-1.1,0.62
19.911,-1.29,0.54,-1.1,0.62,-1.1,0.62
19.943,-1.27,0.51,-1.1,0.62,-1.1,0.62
19.977,-1.29,0.5,-1.1,0.62,-1.1,0.62
20.01,-1.32,0.53,-1.1,0.62,-1.1,0.62
20.043,-1.34,0.59,-1.09,0.62,-1.1,0.61
20.076,-1.3,0.55,-1.09,0.62,-1.1,0.62
20.109,-1.28,0.5,-1.1,0.62,-1.1,0.61
20.141,-1.32,0.5,-1.09,0.61,-1.1,0.61
20.173,-1.36,0.51,-1.09,0.61,-1.1,0.61
20.206,-1.37,0.54,-1.09,0.61,-1.1,0.61
20.238,-1.36,0.59,-1.1,0.61,-1.1,0.61
20.27,-1.34,0.59,-1.1,0.61,-1.1,0.61
20.302,-1.33,0.56,-1.1,0.62,-1.1,0.62
20.334,-1.22,0.54,-1.1,0.62,-1.1,0.62
20.368,-1.21,0.52,-1.09,0.62,-1.1,0.62
20.401,-1.34,0.55,-1.09,0.62,-1.1,0.62
20.432,-1.33,0.56,-1.09,0.62,-1.1,0.62
20.467,-1.29,0.52,-1.09,0.62,-1.1,0.62
20.499,-1.34,0.49,-1.09,0.62,-1.1,0.62
20.533,-1.39,0.57,-1.09,0.62,-1.1,0.62
20.566,-1.41,0.55,-1.1,0.62,-1.1,0.62
20.599,-1.3,0.43,-1.1,0.62,-1.1,0.61
20.632,-1.27,0.51,-1.1,0.61,-1.1,0.61
20.665,-1.27,0.58,-1.1,0.61,-1.1,0.61
20.699,-1.29,0.54,-1.1,0.61,-1.1,0.61
20.732,-1.32,0.52,-1.1,0.61,-1.1,0.61
20.764,-1.35,0.5,-1.1,0.61,-1.1,0.61
20.797,-1.34,0.54,-1.1,0.61,-1.1,0.61
20.829,-1.31,0.57,-1.09,0.61,-1.1,0.61
20.862,-1.32,0.54,-1.09,0.61,-1.1,0.61
20.895,-1.29,0.53,-1.09,0.61,-1.1,0.61
20.928,-1.34,0.62,-1.09,0.61,-1.1,0.61
20.96,-1.36,0.59,-1.09,0.61,-1.1,0.61
20.992,-1.31,0.53,-1.09,0.61,-1.1,0.61
21.026,-1.3,0.53,-1.09,0.61,-1.1,0.61
21.057,-1.41,0.57,-1.09,0.61,-1.1,0.61
21.089,-1.36,0.6,-1.09,0.61,-1.1,0.61
21.125,-1.33,0.52,-1.09,0.61,-1.1,0.61
21.157,-1.34,0.46,-1.1,0.61,-1.1,0.61
21.19,-1.41,0.57,-1.1,0.61,-1.1,0.61
21.222,-1.34,0.62,-1.1,0.61,-1.1,0.61
21.253,-1.21,0.55,-1.1,0.61,-1.1,0.61
21.285,-1.29,0.56,-1.09,0.61,-1.1,0.61
21.317,-1.35,0.59,-1.1,0.61,-1.1,0.61
21.351,-1.32,0.5,-1.1,0.61,-1.1,0.61
21.384,-1.33,0.53,-1.1,0.61,-1.1,0.61
21.416,-1.36,0.58,-1.1,0.61,-1.1,0.61
21.449,-1.29,0.6,-1.1,0.61,-1.1,0.61
21.48,-1.3,0.54,-1.1,0.61,-1.1,0.61
21.511,-1.35,0.51,-1.1,0.61,-1.1,0.61
21.543,-1.29,0.51,-1.1,0.61,-1.1,0.61
21.576,-1.27,0.53,-1.1,0.61,-1.1,0.61
21.608,-1.26,0.57,-1.1,0.61,-1.1,0.61
21.64,-1.27,0.56,-1.1,0.61,-1.1,0.61
21.672,-1.32,0.52,-1.1,0.62,-1.1,0.61
21.704,-1.37,0.55,-1.09,0.62,-1.1,0.61
21.737,-1.32,0.52,-1.09,0.62,-1.1,0.61
21.77,-1.24,0.52,-1.09,0.62,-1.09,0.61
21.804,-1.25,0.56,-1.09,0.61,-1.09,0.61
21.837,-1.34,0.63,-1.09,0.61,-1.09,0.62
21.87,-1.4,0.58,-1.09,0.62,-1.09,0.62
21.903,-1.38,0.51,-1.09,0.62,-1.09,0.62
21.936,-1.32,0.52,-1.09,0.62,-1.09,0.62
21.969,-1.26,0.54,-1.09,0.62,-1.09,0.62
22.001,-1.26,0.54,-1.09,0.62,-1.09,0.62
22.034,-1.33,0.54,-1.09,0.62,-1.09,0.62
22.065,-1.38,0.56,-1.09,0.62,-1.09,0.62
22.1,-1.29,0.55,-1.09,0.62,-1.09,0.62
22.132,-1.25,0.5,-1.09,0.62,-1.09,0.62
22.166,-1.3,0.49,-1.09,0.62,-1.09,0.62
22.2,-1.32,0.52,-1.09,0.62,-1.09,0.62
22.234,-1.35,0.55,-1.09,0.62,-1.09,0.62
22.266,-1.3,0.59,-1.09,0.62,-1.09,0.62
22.298,-1.31,0.57,-1.09,0.62,-1.09,0.62
22.331,-1.31,0.54,-1.09,0.62,-1.09,0.62
22.363,-1.32,0.53,-1.09,0.62,-1.09,0.62
22.396,-1.31,0.5,-1.09,0.62,-1.09,0.62
22.428,-1.3,0.52,-1.09,0.62,-1.09,0.62
22.461,-1.36,0.56,-1.09,0.62,-1.09,0.62
22.494,-1.37,0.59,-1.09,0.62,-1.09,0.62
22.527,-1.3,0.59,-1.09,0.62,-1.09,0.62
22.559,-1.26,0.6,-1.09,0.62,-1.09,0.62
22.591,-1.32,0.56,-1.09,0.62,-1.09,0.62
22.622,-1.39,0.52,-1.09,0.62,-1.09,0.62
22.655,-1.34,0.51,-1.09,0.62,-1.09,0.62
22.688,-1.28,0.48,-1.09,0.62,-1.09,0.62
22.72,-1.28,0.58,-1.09,0.62,-1.09,0.62
22.76,-1.34,0.56,-1.09,0.62,-1.09,0.62
22.792,-1.32,0.54,-1.09,0.62,-1.09,0.62
22.823,-1.32,0.53,-1.09,0.62,-1.09,0.62
22.857,-1.39,0.52,-1.09,0.62,-1.09,0.62
22.889,-1.38,0.53,-1.09,0.62,-1.09,0.62
22.922,-1.34,0.56,-1.09,0.62,-1.09,0.62
22.954,-1.32,0.57,-1.09,0.62,-1.09,0.62
22.987,-1.38,0.51,-1.09,0.62,-1.09,0.62
23.02,-1.36,0.48,-1.09,0.62,-1.09,0.62
23.053,-1.33,0.5,-1.09,0.62,-1.09,0.61
23.086,-1.26,0.56,-1.09,0.62,-1.09,0.61
23.118,-1.25,0.56,-1.09,0.62,-1.09,0.62
23.151,-1.32,0.56,-1.09,0.62,-1.09,0.62
23.184,-1.37,0.52,-1.09,0.62,-1.09,0.62
23.216,-1.31,0.5,-1.09,0.62,-1.09,0.62
23.247,-1.27,0.52,-1.09,0.62,-1.09,0.62
23.281,-1.27,0.55,-1.09,0.62,-1.09,0.62
23.314,-1.31,0.53,-1.09,0.62,-1.09,0.62
23.347,-1.25,0.5,-1.09,0.62,-1.09,0.61
23.381,-1.26,0.53,-1.09,0.62,-1.09,0.61
23.415,-1.33,0.53,-1.09,0.62,-1.09,0.61
23.448,-1.35,0.52,-1.09,0.61,-1.09,0.61
23.48,-1.36,0.54,-1.09,0.61,-1.09,0.61
23.513,-1.34,0.58,-1.09,0.61,-1.09,0.61
23.546,-1.33,0.59,-1.09,0.61,-1.09,0.61
23.579,-1.3,0.55,-1.09,0.61,-1.09,0.61
23.611,-1.27,0.55,-1.09,0.61,-1.09,0.61
23.643,-1.26,0.57,-1.09,0.61,-1.09,0.61
23.676,-1.29,0.6,-1.09,0.61,-1.09,0.61
23.707,-1.31,0.59,-1.09,0.61,-1.09,0.61
23.741,-1.36,0.54,-1.09,0.61,-1.09,0.61
23.773,-1.37,0.52,-1.09,0.61,-1.09,0.61
23.805,-1.29,0.56,-1.09,0.61,-1.09,0.61
23.837,-1.31,0.57,-1.09,0.61,-1.09,0.61
23.869,-1.36,0.56,-1.09,0.61,-1.1,0.61
23.901,-1.38,0.53,-1.09,0.61,-1.1,0.61
23.934,-1.36,0.54,-1.09,0.61,-1.09,0.61
23.968,-1.34,0.58,-1.09,0.61,-1.09,0.61
24,-1.31,0.55,-1.09,0.61,-1.09,0.61
24.031,-1.31,0.55,-1.09,0.61,-1.09,0.61
24.064,-1.34,0.58,-1.09,0.61,-1.09,0.61
24.096,-1.3,0.54,-1.09,0.61,-1.09,0.61
24.129,-1.29,0.57,-1.09,0.61,-1.09,0.61
24.16,-1.32,0.59,-1.09,0.61,-1.09,0.61
24.194,-1.37,0.53,-1.09,0.61,-1.09,0.61
24.226,-1.39,0.53,-1.09,0.61,-1.09,0.61
24.258,-1.36,0.6,-1.09,0.61,-1.1,0.61
24.291,-1.36,0.6,-1.09,0.61,-1.1,0.61
24.323,-1.35,0.58,-1.09,0.62,-1.1,0.61
24.356,-1.29,0.54,-1.09,0.61,-1.1,0.61
24.389,-1.29,0.51,-1.09,0.61,-1.1,0.61
24.42,-1.26,0.54,-1.09,0.61,-1.1,0.61
24.453,-1.27,0.54,-1.09,0.61,-1.1,0.61
24.487,-1.29,0.52,-1.09,0.61,-1.1,0.61
24.521,-1.38,0.52,-1.09,0.61,-1.1,0.61
24.553,-1.41,0.52,-1.09,0.61,-1.1,0.61
24.585,-1.36,0.54,-1.09,0.61,-1.1,0.61
24.618,-1.33,0.54,-1.09,0.61,-1.1,0.61
24.65,-1.32,0.53,-1.1,0.61,-1.1,0.61
24.689,-1.32,0.57,-1.1,0.61,-1.1,0.61
24.722,-1.37,0.59,-1.1,0.61,-1.1,0.61
24.755,-1.35,0.59,-1.1,0.61,-1.1,0.61
24.787,-1.29,0.59,-1.1,0.61,-1.1,0.61
24.819,-1.27,0.58,-1.1,0.61,-1.1,0.61
24.852,-1.39,0.54,-1.1,0.62,-1.1,0.61
24.885,-1.41,0.54,-1.1,0.61,-1.1,0.61
24.919,-1.28,0.52,-1.1,0.61,-1.1,0.61
24.953,-1.27,0.5,-1.1,0.61,-1.1,0.61
24.986,-1.3,0.52,-1.1,0.62,-1.1,0.61
25.019,-1.29,0.56,-1.1,0.61,-1.1,0.61
25.057,-1.31,0.56,-1.1,0.61,-1.1,0.61
25.088,-1.41,0.52,-1.1,0.61,-1.1,0.61
25.121,-1.43,0.57,-1.1,0.61,-1.1,0.61
25.153,-1.34,0.56,-1.1,0.62,-1.1,0.61
25.186,-1.35,0.55,-1.1,0.62,-1.1,0.62
25.218,-1.34,0.54,-1.1,0.62,-1.1,0.62
25.25,-1.32,0.53,-1.1,0.62,-1.1,0.61
25.283,-1.32,0.55,-1.1,0.61,-1.1,0.61
25.314,-1.34,0.58,-1.1,0.61,-1.1,0.61
25.347,-1.33,0.53,-1.1,0.61,-1.1,0.61
25.379,-1.3,0.52,-1.1,0.61,-1.1,0.61
25.411,-1.34,0.57,-1.1,0.61,-1.1,0.61
25.443,-1.37,0.6,-1.1,0.61,-1.1,0.61
25.475,-1.37,0.61,-1.1,0.61,-1.1,0.61
25.508,-1.36,0.57,-1.1,0.61,-1.11,0.61
25.54,-1.36,0.55,-1.1,0.62,-1.11,0.61
25.572,-1.32,0.56,-1.1,0.62,-1.1,0.61
25.605,-1.31,0.57,-1.1,0.62,-1.1,0.62
25.638,-1.32,0.56,-1.1,0.62,-1.1,0.62
25.669,-1.33,0.59,-1.1,0.62,-1.11,0.62
25.702,-1.3,0.54,-1.11,0.62,-1.11,0.62
25.735,-1.3,0.48,-1.1,0.62,-1.11,0.62
25.768,-1.32,0.53,-1.1,0.62,-1.11,0.61
25.8,-1.37,0.58,-1.1,0.61,-1.11,0.61
25.833,-1.34,0.59,-1.1,0.61,-1.1,0.61
25.865,-1.26,0.56,-1.1,0.61,-1.1,0.61
25.897,-1.3,0.54,-1.1,0.61,-1.1,0.61
25.931,-1.33,0.54,-1.1,0.62,-1.1,0.61
25.97,-1.32,0.52,-1.1,0.62,-1.1,0.62
26.011,-1.29,0.57,-1.1,0.62,-1.1,0.62
26.045,-1.31,0.52,-1.1,0.62,-1.1,0.62
26.08,-1.39,0.54,-1.1,0.62,-1.1,0.62
26.112,-1.38,0.55,-1.1,0.62,-1.1,0.62
26.145,-1.29,0.54,-1.1,0.62,-1.11,0.62
26.176,-1.28,0.52,-1.1,0.62,-1.1,0.61
26.208,-1.29,0.52,-1.1,0.62,-1.1,0.61
26.24,-1.29,0.55,-1.1,0.62,-1.1,0.61
26.273,-1.29,0.51,-1.1,0.62,-1.1,0.61
26.305,-1.31,0.52,-1.1,0.62,-1.1,0.62
26.336,-1.32,0.54,-1.1,0.62,-1.1,0.62
26.369,-1.32,0.6,-1.1,0.62,-1.1,0.62
26.402,-1.32,0.54,-1.1,0.62,-1.1,0.62
26.435,-1.3,0.54,-1.1,0.62,-1.1,0.62
26.467,-1.3,0.52,-1.1,0.62,-1.1,0.62
26.501,-1.3,0.5,-1.1,0.62,-1.1,0.62
26.533,-1.32,0.52,-1.1,0.62,-1.1,0.62
26.565,-1.3,0.52,-1.1,0.62,-1.1,0.62
26.597,-1.28,0.54,-1.1,0.62,-1.1,0.62
26.629,-1.28,0.56,-1.1,0.62,-1.1,0.62
26.66,-1.32,0.59,-1.1,0.62,-1.1,0.62
26.692,-1.3,0.56,-1.1,0.62,-1.1,0.62
26.724,-1.34,0.54,-1.1,0.62,-1.1,0.62
26.756,-1.38,0.56,-1.1,0.62,-1.1,0.62
26.789,-1.36,0.56,-1.09,0.62,-1.1,0.62
26.823,-1.4,0.57,-1.09,0.62,-1.1,0.62
26.854,-1.38,0.59,-1.1,0.62,-1.1,0.62
26.886,-1.33,0.59,-1.1,0.62,-1.1,0.62
26.92,-1.3,0.55,-1.1,0.62,-1.1,0.62
26.954,-1.34,0.55,-1.1,0.62,-1.1,0.62
26.985,-1.33,0.54,-1.1,0.62,-1.1,0.62
27.018,-1.29,0.54,-1.1,0.62,-1.1,0.62
27.052,-1.31,0.53,-1.1,0.62,-1.1,0.62
27.084,-1.36,0.52,-1.1,0.62,-1.1,0.62
27.116,-1.32,0.56,-1.1,0.62,-1.1,0.62
27.149,-1.21,0.57,-1.1,0.62,-1.1,0.62
27.181,-1.3,0.54,-1.1,0.62,-1.1,0.62
27.213,-1.42,0.54,-1.1,0.62,-1.1,0.62
27.246,-1.39,0.56,-1.1,0.62,-1.1,0.62
27.278,-1.33,0.57,-1.1,0.62,-1.1,0.62
27.311,-1.26,0.52,-1.1,0.62,-1.1,0.62
27.346,-1.24,0.54,-1.1,0.62,-1.1,0.62
27.377,-1.31,0.57,-1.1,0.62,-1.1,0.62
27.409,-1.36,0.56,-1.1,0.62,-1.1,0.61
27.441,-1.35,0.5,-1.1,0.62,-1.1,0.61
27.474,-1.31,0.52,-1.1,0.62,-1.1,0.61
27.505,-1.33,0.52,-1.1,0.61,-1.1,0.61
27.538,-1.32,0.5,-1.1,0.61,-1.1,0.61
27.571,-1.32,0.51,-1.1,0.61,-1.1,0.61
27.603,-1.36,0.54,-1.1,0.61,-1.1,0.61
27.637,-1.34,0.52,-1.1,0.61,-1.1,0.61
27.669,-1.29,0.49,-1.1,0.61,-1.1,0.61
27.701,-1.33,0.54,-1.1,0.61,-1.1,0.61
27.734,-1.37,0.56,-1.1,0.61,-1.1,0.61
27.767,-1.36,0.57,-1.1,0.61,-1.1,0.61
27.8,-1.32,0.51,-1.1,0.61,-1.1,0.61
27.832,-1.3,0.52,-1.1,0.61,-1.1,0.61
27.864,-1.32,0.54,-1.1,0.61,-1.1,0.61
27.899,-1.33,0.56,-1.1,0.61,-1.1,0.61
27.93,-1.29,0.57,-1.1,0.61,-1.1,0.61
27.962,-1.28,0.57,-1.1,0.61,-1.1,0.61
27.995,-1.26,0.53,-1.1,0.61,-1.1,0.61
28.029,-1.22,0.54,-1.1,0.61,-1.1,0.61
28.061,-1.24,0.56,-1.1,0.61,-1.1,0.61
28.094,-1.3,0.56,-1.1,0.61,-1.1,0.61
28.126,-1.31,0.55,-1.1,0.61,-1.1,0.61
28.159,-1.33,0.54,-1.1,0.61,-1.1,0.61
28.192,-1.32,0.56,-1.1,0.61,-1.1,0.61
28.225,-1.36,0.53,-1.1,0.61,-1.1,0.61
28.257,-1.32,0.48,-1.1,0.61,-1.1,0.61
28.289,-1.32,0.5,-1.1,0.61,-1.1,0.61
28.323,-1.39,0.54,-1.1,0.61,-1.1,0.61
28.356,-1.4,0.56,-1.1,0.61,-1.1,0.61
28.39,-1.35,0.54,-1.1,0.61,-1.1,0.61
28.422,-1.34,0.52,-1.1,0.61,-1.1,0.61
28.454,-1.24,0.53,-1.1,0.61,-1.1,0.61
28.487,-1.25,0.5,-1.1,0.61,-1.1,0.61
28.521,-1.28,0.57,-1.1,0.61,-1.1,0.61
28.554,-1.32,0.63,-1.1,0.61,-1.1,0.61
28.586,-1.33,0.56,-1.1,0.61,-1.1,0.61
28.618,-1.31,0.55,-1.1,0.61,-1.1,0.61
28.653,-1.31,0.55,-1.1,0.61,-1.1,0.61
28.685,-1.33,0.56,-1.1,0.61,-1.1,0.61
28.718,-1.35,0.54,-1.09,0.61,-1.1,0.61
28.752,-1.37,0.56,-1.1,0.61,-1.1,0.61
28.786,-1.34,0.57,-1.1,0.61,-1.1,0.61
28.819,-1.3,0.54,-1.1,0.61,-1.1,0.61
28.852,-1.32,0.55,-1.1,0.61,-1.1,0.61
28.886,-1.34,0.56,-1.1,0.61,-1.1,0.61
28.919,-1.36,0.56,-1.1,0.61,-1.1,0.61
28.953,-1.37,0.52,-1.1,0.61,-1.1,0.61
28.985,-1.34,0.54,-1.1,0.61,-1.1,0.61
29.018,-1.32,0.57,-1.1,0.61,-1.1,0.61
29.05,-1.31,0.56,-1.1,0.61,-1.1,0.61
29.082,-1.28,0.54,-1.1,0.61,-1.1,0.61
29.115,-1.3,0.54,-1.1,0.61,-1.1,0.61
29.147,-1.3,0.59,-1.1,0.61,-1.1,0.61
29.178,-1.27,0.54,-1.09,0.61,-1.1,0.61
29.21,-1.28,0.52,-1.09,0.61,-1.1,0.61
29.242,-1.32,0.56,-1.09,0.61,-1.1,0.61
29.274,-1.27,0.59,-1.09,0.61,-1.1,0.61
29.306,-1.24,0.55,-1.09,0.61,-1.09,0.61
29.338,-1.27,0.52,-1.09,0.61,-1.09,0.61
29.371,-1.36,0.54,-1.09,0.61,-1.1,0.61
29.404,-1.38,0.57,-1.09,0.61,-1.1,0.61
29.437,-1.28,0.56,-1.09,0.61,-1.09,0.61
29.47,-1.29,0.5,-1.09,0.61,-1.09,0.61
29.503,-1.31,0.55,-1.09,0.61,-1.09,0.61
29.535,-1.31,0.58,-1.09,0.61,-1.09,0.61
29.566,-1.3,0.61,-1.09,0.61,-1.09,0.61
29.598,-1.3,0.56,-1.09,0.61,-1.09,0.61
29.63,-1.32,0.52,-1.09,0.61,-1.09,0.61
29.662,-1.33,0.59,-1.09,0.61,-1.09,0.61
29.695,-1.33,0.58,-1.09,0.61,-1.09,0.61
29.727,-1.24,0.55,-1.09,0.61,-1.09,0.61
29.76,-1.23,0.53,-1.09,0.61,-1.09,0.61
29.793,-1.29,0.55,-1.08,0.61,-1.09,0.61
29.827,-1.33,0.54,-1.08,0.62,-1.09,0.61
29.861,-1.27,0.51,-1.09,0.62,-1.09,0.61
29.893,-1.27,0.5,-1.09,0.62,-1.09,0.61
29.925,-1.3,0.55,-1.09,0.61,-1.09,0.61
29.958,-1.29,0.55,-1.08,0.61,-1.09,0.61
29.99,-1.32,0.53,-1.08,0.61,-1.09,0.61
30.023,-1.27,0.52,-1.08,0.61,-1.09,0.61
30.057,-1.29,0.54,-1.08,0.61,-1.08,0.61
30.091,-1.31,0.52,-1.08,0.61,-1.08,0.61
30.123,-1.3,0.52,-1.08,0.61,-1.09,0.61
30.154,-1.32,0.56,-1.08,0.61,-1.09,0.61
30.186,-1.34,0.59,-1.08,0.61,-1.09,0.61
30.219,-1.33,0.56,-1.08,0.61,-1.09,0.61
30.253,-1.32,0.48,-1.08,0.61,-1.09,0.61
30.286,-1.3,0.52,-1.08,0.61,-1.09,0.61
30.319,-1.3,0.54,-1.08,0.61,-1.09,0.61
30.352,-1.28,0.59,-1.08,0.61,-1.08,0.61
30.387,-1.31,0.59,-1.08,0.61,-1.08,0.61
30.42,-1.3,0.52,-1.08,0.61,-1.08,0.61
30.454,-1.34,0.51,-1.08,0.61,-1.08,0.61
30.486,-1.35,0.52,-1.08,0.61,-1.08,0.61
30.519,-1.28,0.54,-1.08,0.61,-1.08,0.61
30.551,-1.3,0.57,-1.08,0.61,-1.08,0.61
30.583,-1.41,0.54,-1.08,0.61,-1.08,0.61
30.615,-1.35,0.54,-1.08,0.61,-1.08,0.61
30.648,-1.26,0.5,-1.08,0.61,-1.08,0.61
30.682,-1.28,0.47,-1.08,0.61,-1.08,0.61
30.716,-1.34,0.53,-1.08,0.61,-1.08,0.61
30.75,-1.31,0.47,-1.08,0.61,-1.09,0.61
30.781,-1.25,0.45,-1.09,0.6,-1.09,0.6
30.814,-1.28,0.54,-1.09,0.6,-1.1,0.6
30.847,-1.26,0.57,-1.11,0.6,-1.11,0.6
30.883,-1.17,0.54,-1.13,0.61,-1.13,0.61
30.916,-1.2,0.62,-1.16,0.61,-1.16,0.61
30.95,-1.3,0.76,-1.23,0.61,-1.23,0.61
30.983,-1.35,0.63,-1.27,0.61,-1.27,0.61
31.015,-1.23,0.63,-1.27,0.62,-1.27,0.62
31.048,-1.1,0.66,-1.26,0.62,-1.25,0.62
31.081,-1.09,0.65,-1.25,0.62,-1.24,0.62
31.115,-1.09,0.6,-1.23,0.62,-1.23,0.61
31.147,-1.21,0.58,-1.21,0.61,-1.21,0.61
31.181,-1.21,0.79,-1.19,0.61,-1.19,0.61
31.214,-1.16,0.1,-1.17,0.62,-1.17,0.61
31.247,-1.22,0.18,-1.17,0.61,-1.17,0.61
31.281,-1.05,0.52,-1.18,0.61,-1.18,0.61
31.312,-1.37,0.34,-1.18,0.61,-1.18,0.61
31.344,-0.92,0.71,-1.18,0.61,-1.18,0.61
31.378,-1.14,0.84,-1.17,0.61,-1.17,0.61
31.41,-1.06,0.63,-1.16,0.61,-1.16,0.61
31.443,-1.25,0.27,-1.16,0.61,-1.16,0.61
31.475,-1.25,0.45,-1.15,0.61,-1.16,0.61
31.508,-0.79,0.74,-1.15,0.61,-1.15,0.61
31.54,-0.92,0.65,-1.14,0.61,-1.14,0.61
31.572,-1.75,1.63,-1.13,0.61,-1.14,0.62
31.604,0.39,0.21,-1.15,0.63,-1.13,0.62
31.637,0.3,-1.21,-1.15,0.62,-1.13,0.6
31.669,-2.72,-1,-1.11,0.61,-1.13,0.6
31.704,-3.76,-0.06,-1.1,0.6,-1.12,0.59
31.737,-1.4,0.98,-1.1,0.59,-1.11,0.6
31.771,-1.08,-0.12,-1.11,0.58,-1.11,0.57
31.805,-0.79,-0.16,-1.11,0.54,-1.11,0.54
31.837,-0.91,0.09,-1.1,0.41,-1.09,0.41
31.869,-2.57,0.6,-1.06,0.21,-1.08,0.22
31.903,-2.99,2.48,-1.07,-0.08,-1.09,-0.05
31.937,-8.14,4.88,-1.18,-0.38,-1.25,-0.33
31.971,-9.33,4,-1.87,-0.49,-1.94,-0.45
32.004,-4.56,1.94,-3,-0.49,-3.01,-0.46
32.037,13.52,-4.21,-4.26,-0.31,-4.09,-0.35
32.07,27.42,-1.89,-4.96,-0.29,-4.63,-0.31
32.102,11.72,3.24,-4.47,-0.62,-4.31,-0.59
32.134,-3.3,5.68,-3.82,-0.85,-3.82,-0.79
32.167,-1.07,4.93,-3.38,-0.87,-3.35,-0.81
32.199,-2.11,1.75,-2.93,-0.85,-2.92,-0.83
32.232,-4.85,1.53,-2.35,-0.88,-2.38,-0.85
32.264,-3.95,1.12,-1.92,-0.9,-1.94,-0.88
32.296,-1.69,1.11,-1.86,-0.92,-1.86,-0.9
32.328,-1.09,2,-2.02,-0.93,-2.01,-0.9
32.361,1.45,1.9,-2.64,-0.88,-2.6,-0.86
32.393,2.44,1.84,-3.24,-0.84,-3.18,-0.81
32.427,0.28,1.98,-3.6,-0.78,-3.56,-0.75
32.459,-1.42,2.68,-3.83,-0.68,-3.81,-0.65
32.494,-0.58,2.93,-3.92,-0.5,-3.89,-0.46
32.527,0.18,2.47,-3.63,-0.14,-3.59,-0.12
32.559,9.53,1.08,-3.49,0.23,-3.36,0.24
32.592,9.23,-0.27,-3.19,0.55,-3.06,0.54
32.624,-1.83,-0.15,-2.68,0.74,-2.68,0.74
32.657,0.56,-0.07,-2.77,0.79,-2.73,0.78
32.691,2.96,0.7,-2.99,0.79,-2.93,0.79
32.73,-2.51,1.87,-2.97,0.72,-2.97,0.73
32.767,-1.76,1.33,-3.05,0.69,-3.03,0.7
32.799,-1.89,2.09,-2.9,0.78,-2.89,0.79
32.832,-1.85,1.96,-2.86,0.93,-2.85,0.94
32.865,6.44,0.6,-3.47,1.06,-3.37,1.05
32.899,8.45,1.06,-4.03,1.12,-3.9,1.12
32.932,6.11,1.12,-4.43,1.18,-4.33,1.17
32.966,3.24,-0.74,-4.55,1.25,-4.47,1.23
32.998,4.14,-0.38,-4.77,1.27,-4.68,1.25
33.032,5.8,-0.37,-5.1,1.25,-4.99,1.23
33.064,8.99,-1.16,-5.32,1.22,-5.18,1.19
33.097,8.42,-1.59,-5.11,1.17,-4.98,1.14
33.131,5.12,-2.49,-4.73,1.11,-4.63,1.07
33.163,5.63,0.29,-4.42,0.89,-4.32,0.88
33.196,0.05,4.53,-4.28,0.66,-4.23,0.7
33.23,1.58,2.6,-4.4,0.75,-4.34,0.77
33.264,5.02,-0.94,-4.55,0.9,-4.46,0.88
33.296,2.32,-0.14,-4.56,1,-4.49,0.99
33.329,-0.3,0.75,-4.59,1.1,-4.55,1.09
33.362,3.52,-0.64,-4.84,1.17,-4.75,1.16
33.395,8.13,-1.07,-4.9,1.2,-4.77,1.17
33.428,3.43,3.42,-4.78,0.97,-4.69,1
33.462,1.41,1.85,-5.14,0.73,-5.07,0.75
33.497,18.32,-1.54,-6.19,0.73,-5.94,0.7
33.531,21.12,1.31,-6.64,0.54,-6.36,0.55
33.564,12.17,3.84,-6.63,0.33,-6.45,0.37
33.597,7.72,-1.98,-6.51,0.21,-6.37,0.19
33.629,11.62,-3.23,-6.45,0.05,-6.27,0.02
33.663,4.82,7.13,-6.37,-0.26,-6.26,-0.18
33.696,3.87,6.08,-6.59,-0.19,-6.49,-0.12
33.729,14.1,1.6,-6.68,0.1,-6.47,0.12
33.762,11.59,1.48,-6.51,0.42,-6.33,0.43
33.796,6.97,-1.58,-6.29,0.75,-6.16,0.72
33.828,7.3,-3.52,-6.2,0.99,-6.07,0.95
33.861,8.4,-1.15,-6.11,1.05,-5.96,1.03
33.894,8.38,0.92,-5.97,1.02,-5.82,1.02
33.927,8.39,0.74,-5.81,1.01,-5.67,1
33.959,8.48,0.56,-5.66,1,-5.52,1
33.994,8.05,0.75,-5.47,1,-5.33,0.99
34.027,8.22,0.71,-5.3,0.99,-5.16,0.99
34.059,8.29,0.56,-5.15,0.99,-5.02,0.99
34.093,8.42,0.59,-5.02,0.99,-4.88,0.98
34.133,8.32,0.71,-4.88,0.98,-4.75,0.98
34.165,8.21,0.51,-4.74,0.98,-4.61,0.98
34.197,8.38,0.67,-4.61,0.97,-4.48,0.97
34.231,8.37,0.68,-4.48,0.97,-4.35,0.97
34.263,8.37,0.62,-4.35,0.97,-4.22,0.97
34.297,8.38,0.6,-4.22,0.97,-4.09,0.96
34.33,8.37,0.61,-4.09,0.96,-3.97,0.96
34.363,8.37,0.65,-3.97,0.96,-3.84,0.96
34.396,8.34,0.64,-3.84,0.96,-3.72,0.95
34.429,8.3,0.6,-3.72,0.96,-3.6,0.95
34.463,8.33,0.55,-3.59,0.95,-3.47,0.95
34.495,8.31,0.57,-3.47,0.95,-3.35,0.95
34.53,8.3,0.59,-3.35,0.95,-3.24,0.94
34.563,8.3,0.6,-3.23,0.94,-3.12,0.94
34.596,8.3,0.63,-3.12,0.94,-3,0.94
34.627,8.32,0.61,-3,0.94,-2.89,0.93
34.66,8.36,0.59,-2.88,0.94,-2.77,0.93
34.693,8.41,0.55,-2.77,0.93,-2.66,0.93
34.726,8.35,0.57,-2.65,0.93,-2.54,0.93
34.76,8.35,0.62,-2.54,0.93,-2.43,0.92
34.795,8.38,0.65,-2.43,0.93,-2.32,0.92
34.827,8.3,0.63,-2.32,0.92,-2.21,0.92
34.86,8.29,0.57,-2.21,0.92,-2.11,0.92
34.892,8.3,0.55,-2.1,0.92,-2,0.91
34.925,8.37,0.57,-2,0.92,-1.89,0.91
34.96,8.32,0.63,-1.89,0.91,-1.79,0.91
34.994,8.3,0.67,-1.79,0.91,-1.69,0.91
35.029,8.33,0.61,-1.69,0.91,-1.58,0.91
35.063,8.34,0.55,-1.58,0.91,-1.48,0.9
35.098,8.37,0.55,-1.48,0.9,-1.38,0.9
35.133,8.37,0.59,-1.38,0.9,-1.28,0.9
35.167,8.33,0.6,-1.28,0.9,-1.18,0.9
35.201,8.35,0.62,-1.18,0.9,-1.09,0.89
35.236,8.38,0.61,-1.08,0.89,-0.99,0.89
35.269,8.38,0.63,-0.99,0.89,-0.9,0.89
35.303,8.33,0.59,-0.89,0.89,-0.8,0.89
35.337,8.33,0.56,-0.8,0.89,-0.71,0.88
35.371,8.39,0.62,-0.71,0.89,-0.61,0.88
35.405,8.36,0.65,-0.61,0.88,-0.52,0.88
35.44,8.3,0.61,-0.52,0.88,-0.43,0.88
35.471,8.29,0.61,-0.43,0.88,-0.34,0.88
35.504,8.34,0.61,-0.34,0.88,-0.25,0.87
35.538,8.36,0.59,-0.25,0.87,-0.16,0.87
35.571,8.31,0.61,-0.16,0.87,-0.08,0.87
35.604,8.31,0.61,-0.08,0.87,0.01,0.87
35.636,8.26,0.61,0.01,0.87,0.09,0.87
35.67,8.25,0.63,0.1,0.87,0.18,0.86
35.703,8.36,0.55,0.18,0.86,0.26,0.86
35.736,8.31,0.59,0.26,0.86,0.34,0.86
35.776,8.23,0.65,0.35,0.86,0.42,0.86
35.808,8.32,0.57,0.43,0.86,0.51,0.86
35.841,8.37,0.52,0.51,0.86,0.59,0.85
35.874,8.25,0.59,0.59,0.85,0.66,0.85
35.908,8.23,0.62,0.67,0.85,0.74,0.85
35.941,8.38,0.59,0.74,0.85,0.82,0.85
35.975,8.38,0.58,0.82,0.85,0.9,0.85
36.008,8.26,0.66,0.9,0.85,0.97,0.85
36.041,8.26,0.64,0.97,0.85,1.05,0.85
36.075,8.3,0.59,1.05,0.85,1.12,0.84
36.108,8.32,0.54,1.12,0.85,1.19,0.84
36.141,8.35,0.57,1.2,0.84,1.27,0.84
36.176,8.47,0.63,1.27,0.84,1.34,0.84
36.21,8.38,0.63,1.34,0.84,1.41,0.84
36.246,8.29,0.61,1.42,0.84,1.48,0.84
36.279,8.33,0.59,1.49,0.84,1.56,0.84
36.314,8.34,0.52,1.56,0.84,1.63,0.83
36.349,8.35,0.63,1.63,0.84,1.7,0.83
36.382,8.38,0.66,1.7,0.83,1.77,0.83
36.415,8.41,0.68,1.77,0.83,1.83,0.83
36.448,8.29,0.63,1.84,0.83,1.9,0.83
36.483,8.27,0.61,1.9,0.83,1.97,0.83
36.517,8.32,0.56,1.97,0.83,2.03,0.83
36.549,8.34,0.59,2.03,0.83,2.1,0.83
36.582,8.34,0.65,2.1,0.83,2.16,0.83
36.615,8.37,0.62,2.16,0.83,2.22,0.82
36.649,8.31,0.61,2.23,0.82,2.29,0.82
36.683,8.3,0.63,2.29,0.82,2.35,0.82
36.717,8.31,0.55,2.35,0.82,2.41,0.82
36.749,8.34,0.57,2.41,0.82,2.47,0.82
36.782,8.33,0.67,2.47,0.82,2.53,0.82
36.814,8.27,0.65,2.54,0.82,2.59,0.82
36.848,8.29,0.61,2.6,0.82,2.65,0.82
36.882,8.34,0.56,2.65,0.82,2.71,0.82
36.915,8.31,0.6,2.71,0.82,2.77,0.82
36.947,8.33,0.65,2.77,0.82,2.83,0.82
36.981,8.35,0.67,2.83,0.82,2.88,0.81
37.014,8.36,0.61,2.89,0.81,2.94,0.81
37.045,8.37,0.56,2.94,0.81,3,0.81
37.077,8.34,0.57,3,0.81,3.05,0.81
37.109,8.31,0.59,3.06,0.81,3.11,0.81
37.142,8.31,0.55,3.11,0.81,3.16,0.81
37.175,8.3,0.57,3.16,0.81,3.22,0.8
37.209,8.31,0.57,3.22,0.8,3.27,0.8
37.243,8.34,0.57,3.27,0.8,3.32,0.8
37.277,8.32,0.59,3.33,0.8,3.38,0.8
37.309,8.32,0.55,3.38,0.8,3.43,0.8
37.343,8.35,0.6,3.43,0.8,3.48,0.79
37.376,8.38,0.62,3.48,0.8,3.53,0.79
37.411,8.32,0.57,3.53,0.79,3.58,0.79
37.445,8.26,0.55,3.58,0.79,3.63,0.79
37.479,8.34,0.63,3.63,0.79,3.68,0.79
37.514,8.37,0.63,3.68,0.79,3.73,0.79
37.546,8.34,0.63,3.73,0.79,3.78,0.79
37.58,8.31,0.63,3.78,0.79,3.82,0.79
37.613,8.27,0.63,3.82,0.79,3.87,0.79
37.646,8.3,0.63,3.87,0.79,3.92,0.78
37.679,8.33,0.59,3.92,0.79,3.96,0.78
37.712,8.31,0.57,3.96,0.78,4.01,0.78
37.747,8.3,0.58,4.01,0.78,4.05,0.78
37.781,8.31,0.61,4.06,0.78,4.1,0.78
37.814,8.33,0.62,4.1,0.78,4.14,0.78
37.847,8.29,0.58,4.14,0.78,4.19,0.78
37.878,8.32,0.58,4.19,0.78,4.23,0.78
37.911,8.29,0.57,4.23,0.78,4.27,0.77
37.944,8.29,0.55,4.28,0.77,4.32,0.77
37.978,8.3,0.6,4.32,0.77,4.36,0.77
38.01,8.28,0.61,4.36,0.77,4.4,0.77
38.043,8.26,0.59,4.4,0.77,4.44,0.77
38.077,8.36,0.6,4.44,0.77,4.48,0.77
38.109,8.31,0.61,4.48,0.77,4.52,0.77
38.143,8.28,0.58,4.52,0.77,4.56,0.77
38.177,8.3,0.61,4.56,0.77,4.6,0.77
38.209,8.29,0.64,4.6,0.77,4.64,0.76
38.242,8.31,0.66,4.64,0.76,4.68,0.76
38.275,8.29,0.65,4.68,0.76,4.71,0.76
38.307,8.25,0.59,4.72,0.76,4.75,0.76
38.339,8.28,0.54,4.75,0.76,4.79,0.76
38.373,8.37,0.57,4.79,0.76,4.83,0.76
38.407,8.34,0.6,4.83,0.76,4.86,0.76
38.441,8.3,0.64,4.87,0.76,4.9,0.76
38.477,8.3,0.62,4.9,0.76,4.94,0.76
38.512,8.3,0.59,4.94,0.76,4.97,0.76
38.544,8.36,0.59,4.97,0.76,5.01,0.76
38.576,8.32,0.6,5.01,0.76,5.04,0.76
38.61,8.31,0.6,5.04,0.76,5.08,0.75
38.644,8.32,0.57,5.08,0.75,5.11,0.75
38.678,8.32,0.55,5.11,0.75,5.14,0.75
38.711,8.33,0.6,5.15,0.75,5.18,0.75
38.744,8.34,0.64,5.18,0.75,5.21,0.75
38.776,8.32,0.57,5.21,0.75,5.24,0.75
38.81,8.31,0.56,5.25,0.75,5.28,0.75
38.842,8.3,0.62,5.28,0.75,5.31,0.75
38.876,8.35,0.65,5.31,0.75,5.34,0.75
38.909,8.35,0.55,5.34,0.75,5.37,0.75
38.942,8.34,0.55,5.38,0.75,5.41,0.74
38.974,8.32,0.63,5.41,0.74,5.44,0.74
39.008,8.29,0.62,5.44,0.74,5.47,0.74
39.041,8.31,0.61,5.47,0.74,5.5,0.74
39.075,8.35,0.62,5.5,0.74,5.53,0.74
39.108,8.38,0.63,5.53,0.74,5.56,0.74
39.141,8.36,0.61,5.56,0.74,5.59,0.74
39.175,8.34,0.57,5.59,0.74,5.62,0.74
39.208,8.33,0.65,5.62,0.74,5.65,0.74
39.242,8.34,0.72,5.65,0.74,5.68,0.74
39.276,8.29,0.59,5.68,0.74,5.7,0.74
39.308,8.28,0.53,5.71,0.74,5.73,0.74
39.341,8.3,0.56,5.73,0.74,5.76,0.74
39.376,8.36,0.61,5.76,0.74,5.79,0.73
39.413,8.37,0.62,5.79,0.74,5.81,0.73
39.447,8.28,0.64,5.82,0.74,5.84,0.73
39.48,8.28,0.64,5.84,0.73,5.87,0.73
39.513,8.3,0.66,5.87,0.73,5.9,0.73
39.548,8.33,0.59,5.9,0.73,5.92,0.73
39.583,8.36,0.57,5.92,0.73,5.95,0.73
39.619,8.33,0.6,5.95,0.73,5.98,0.73
39.65,8.3,0.6,5.98,0.73,6,0.73
39.682,8.31,0.58,6,0.73,6.03,0.73
39.714,8.29,0.58,6.03,0.73,6.05,0.73
39.747,8.3,0.58,6.05,0.73,6.08,0.73
39.78,8.27,0.57,6.08,0.73,6.1,0.73
39.816,8.34,0.59,6.1,0.73,6.13,0.73
39.849,8.38,0.58,6.13,0.73,6.15,0.73
39.881,8.34,0.6,6.15,0.73,6.17,0.73
39.913,8.3,0.63,6.17,0.73,6.2,0.73
39.947,8.29,0.59,6.2,0.73,6.22,0.73
39.979,8.27,0.55,6.22,0.73,6.24,0.73
40.011,8.35,0.58,6.24,0.73,6.26,0.73
40.043,8.34,0.63,6.26,0.73,6.29,0.73
40.076,8.34,0.61,6.29,0.73,6.31,0.73
40.108,8.34,0.57,6.31,0.73,6.33,0.73
40.141,8.33,0.61,6.33,0.73,6.35,0.73
40.174,8.28,0.63,6.36,0.73,6.38,0.73
40.206,8.25,0.62,6.38,0.73,6.4,0.73
40.239,8.32,0.59,6.4,0.73,6.42,0.73
40.271,8.35,0.59,6.42,0.73,6.44,0.73
40.304,8.35,0.63,6.44,0.73,6.46,0.73
40.336,8.3,0.62,6.46,0.73,6.48,0.73
40.369,8.31,0.57,6.49,0.73,6.5,0.72
40.401,8.33,0.56,6.51,0.73,6.52,0.72
40.434,8.35,0.63,6.53,0.73,6.54,0.72
40.467,8.28,0.63,6.54,0.73,6.56,0.72
40.499,8.29,0.6,6.56,0.73,6.58,0.72
40.534,8.35,0.59,6.58,0.72,6.6,0.72
40.568,8.41,0.59,6.6,0.72,6.62,0.72
40.6,8.39,0.6,6.62,0.72,6.64,0.72
40.635,8.38,0.6,6.64,0.72,6.66,0.72
40.668,8.32,0.63,6.66,0.72,6.68,0.72
40.7,8.23,0.62,6.68,0.72,6.7,0.72
40.735,8.36,0.58,6.7,0.72,6.72,0.72
40.768,8.4,0.57,6.72,0.72,6.74,0.72
40.8,8.41,0.59,6.74,0.72,6.76,0.72
40.833,8.32,0.56,6.76,0.72,6.77,0.72
40.866,8.28,0.52,6.78,0.72,6.79,0.72
40.899,8.3,0.61,6.79,0.72,6.81,0.72
40.933,8.25,0.65,6.81,0.72,6.82,0.72
40.965,8.3,0.64,6.83,0.72,6.84,0.72
40.999,8.38,0.62,6.84,0.72,6.86,0.72
41.031,8.36,0.61,6.86,0.72,6.88,0.71
41.064,8.32,0.66,6.88,0.72,6.89,0.72
41.097,8.3,0.68,6.9,0.72,6.91,0.72
41.13,8.3,0.66,6.91,0.72,6.93,0.72
41.164,8.33,0.65,6.93,0.72,6.94,0.72
41.198,8.35,0.64,6.94,0.72,6.96,0.72
41.233,8.37,0.55,6.96,0.72,6.97,0.72
41.265,8.34,0.54,6.98,0.72,6.99,0.72
41.297,8.31,0.6,6.99,0.72,7.01,0.72
41.329,8.35,0.62,7.01,0.72,7.02,0.72
41.363,8.36,0.61,7.02,0.72,7.04,0.72
41.394,8.39,0.56,7.04,0.72,7.05,0.71
41.427,8.3,0.56,7.05,0.71,7.07,0.71
41.46,8.28,0.6,7.07,0.71,7.08,0.71
41.494,8.3,0.58,7.08,0.71,7.1,0.71
41.527,8.32,0.61,7.1,0.71,7.11,0.71
41.56,8.32,0.68,7.11,0.71,7.12,0.71
41.594,8.37,0.61,7.12,0.71,7.14,0.71
41.627,8.36,0.6,7.14,0.71,7.15,0.71
41.66,8.33,0.59,7.15,0.71,7.17,0.71
41.692,8.3,0.63,7.17,0.71,7.18,0.71
41.725,8.31,0.61,7.18,0.71,7.19,0.71
41.758,8.39,0.64,7.19,0.71,7.21,0.71
41.791,8.39,0.62,7.21,0.71,7.22,0.71
41.824,8.31,0.58,7.22,0.71,7.23,0.71
41.856,8.31,0.58,7.23,0.71,7.24,0.71
41.889,8.28,0.62,7.25,0.71,7.26,0.71
41.923,8.35,0.6,7.26,0.71,7.27,0.71
41.956,8.39,0.57,7.27,0.71,7.28,0.71
41.988,8.37,0.65,7.29,0.71,7.3,0.71
42.021,8.34,0.64,7.3,0.71,7.31,0.71
42.054,8.28,0.58,7.31,0.71,7.32,0.71
42.087,8.31,0.56,7.32,0.71,7.33,0.71
42.12,8.3,0.62,7.33,0.71,7.34,0.71
42.152,8.34,0.68,7.35,0.71,7.36,0.71
42.186,8.34,0.64,7.36,0.71,7.37,0.71
42.218,8.3,0.58,7.37,0.71,7.38,0.71
42.252,8.26,0.57,7.38,0.71,7.39,0.71
42.284,8.28,0.6,7.39,0.71,7.4,0.71
42.317,8.37,0.63,7.41,0.71,7.42,0.71
42.35,8.37,0.6,7.42,0.71,7.43,0.71
42.382,8.28,0.61,7.43,0.71,7.44,0.71
42.415,8.27,0.6,7.44,0.71,7.45,0.71
42.447,8.28,0.55,7.45,0.71,7.46,0.71
42.481,8.31,0.55,7.46,0.71,7.47,0.71
42.515,8.31,0.64,7.47,0.71,7.48,0.71
42.548,8.33,0.62,7.48,0.71,7.49,0.71
42.582,8.35,0.53,7.5,0.71,7.5,0.71
42.616,8.36,0.53,7.51,0.71,7.52,0.71
42.65,8.34,0.57,7.52,0.71,7.53,0.71
42.684,8.32,0.66,7.53,0.71,7.54,0.71
42.718,8.3,0.65,7.54,0.71,7.55,0.71
42.75,8.31,0.63,7.55,0.71,7.56,0.71
42.783,8.31,0.63,7.56,0.71,7.57,0.71
42.815,8.31,0.6,7.57,0.71,7.58,0.71
42.848,8.34,0.61,7.58,0.71,7.59,0.71
42.881,8.36,0.63,7.59,0.71,7.6,0.71
42.913,8.32,0.63,7.6,0.71,7.61,0.71
42.946,8.34,0.63,7.61,0.71,7.62,0.71
42.98,8.38,0.61,7.62,0.71,7.63,0.71
43.013,8.38,0.58,7.63,0.71,7.64,0.7
43.046,8.28,0.57,7.64,0.71,7.64,0.7
43.079,8.27,0.57,7.65,0.71,7.65,0.7
43.113,8.28,0.59,7.66,0.7,7.66,0.7
43.146,8.3,0.58,7.66,0.7,7.67,0.7
43.179,8.34,0.62,7.67,0.7,7.68,0.7
43.212,8.34,0.61,7.68,0.7,7.69,0.7
43.246,8.33,0.62,7.69,0.7,7.69,0.7
43.279,8.31,0.62,7.7,0.7,7.7,0.7
43.312,8.28,0.57,7.7,0.7,7.71,0.7
43.346,8.28,0.55,7.71,0.7,7.72,0.7
43.38,8.28,0.61,7.72,0.7,7.73,0.7
43.414,8.31,0.64,7.73,0.7,7.73,0.7
43.448,8.34,0.63,7.74,0.7,7.74,0.7
43.479,8.33,0.55,7.74,0.7,7.75,0.7
43.512,8.32,0.52,7.75,0.7,7.76,0.7
43.545,8.27,0.61,7.76,0.7,7.76,0.7
43.577,8.27,0.66,7.77,0.7,7.77,0.7
43.61,8.3,0.66,7.78,0.7,7.78,0.7
43.642,8.29,0.63,7.78,0.7,7.79,0.7
43.675,8.31,0.55,7.79,0.7,7.8,0.7
43.708,8.32,0.57,7.8,0.7,7.8,0.7
43.741,8.34,0.6,7.81,0.7,7.81,0.7
43.773,8.34,0.62,7.81,0.7,7.82,0.7
43.805,8.34,0.61,7.82,0.7,7.83,0.7
43.839,8.36,0.58,7.83,0.7,7.83,0.7
43.872,8.37,0.59,7.84,0.7,7.84,0.7
43.906,8.37,0.59,7.84,0.7,7.85,0.7
43.94,8.37,0.59,7.85,0.7,7.86,0.7
43.973,8.35,0.59,7.86,0.7,7.87,0.7
44.005,8.31,0.63,7.87,0.7,7.87,0.7
44.038,8.3,0.62,7.88,0.7,7.88,0.7
44.071,8.3,0.52,7.88,0.7,7.89,0.69
44.103,8.31,0.54,7.89,0.7,7.89,0.69
44.135,8.33,0.6,7.89,0.7,7.9,0.69
44.169,8.36,0.62,7.9,0.69,7.91,0.69
44.201,8.34,0.6,7.91,0.69,7.91,0.69
44.233,8.35,0.61,7.91,0.69,7.92,0.69
44.266,8.36,0.6,7.92,0.7,7.92,0.69
44.299,8.3,0.59,7.93,0.7,7.93,0.69
44.333,8.29,0.61,7.93,0.69,7.94,0.69
44.367,8.36,0.61,7.94,0.69,7.94,0.69
44.401,8.36,0.6,7.94,0.69,7.95,0.69
44.434,8.29,0.59,7.95,0.69,7.95,0.69
44.465,8.33,0.59,7.95,0.69,7.96,0.69
44.499,8.34,0.59,7.96,0.69,7.96,0.69
44.531,8.36,0.6,7.97,0.69,7.97,0.69
44.562,8.38,0.61,7.97,0.69,7.98,0.69
44.594,8.32,0.63,7.98,0.69,7.98,0.69
44.627,8.3,0.65,7.98,0.69,7.99,0.69
44.661,8.3,0.59,7.99,0.69,7.99,0.69
44.694,8.38,0.55,7.99,0.69,8,0.69
44.727,8.4,0.59,8,0.69,8,0.69
44.76,8.35,0.61,8,0.69,8.01,0.69
44.793,8.3,0.59,8.01,0.69,8.01,0.69
44.825,8.29,0.63,8.02,0.69,8.02,0.69
44.857,8.32,0.61,8.02,0.69,8.02,0.69
44.89,8.32,0.66,8.03,0.69,8.03,0.69
44.923,8.29,0.64,8.03,0.69,8.03,0.69
44.957,8.31,0.57,8.04,0.69,8.04,0.69
44.99,8.38,0.57,8.04,0.69,8.04,0.69
45.024,8.35,0.59,8.04,0.69,8.05,0.69
45.056,8.28,0.61,8.05,0.69,8.05,0.69
45.089,8.33,0.62,8.05,0.69,8.06,0.69
45.12,8.38,0.64,8.06,0.69,8.06,0.69
45.153,8.35,0.59,8.06,0.69,8.07,0.69
45.186,8.32,0.59,8.07,0.69,8.07,0.69
45.22,8.29,0.59,8.07,0.69,8.08,0.69
45.253,8.34,0.59,8.08,0.69,8.08,0.69
45.285,8.36,0.59,8.08,0.69,8.08,0.69
45.318,8.31,0.59,8.09,0.69,8.09,0.69
45.351,8.3,0.64,8.09,0.69,8.09,0.69
45.386,8.31,0.67,8.09,0.69,8.1,0.69
45.42,8.29,0.64,8.1,0.69,8.1,0.69
45.454,8.3,0.59,8.1,0.69,8.1,0.69
45.489,8.35,0.59,8.11,0.69,8.11,0.69
45.523,8.33,0.63,8.11,0.69,8.11,0.69
45.556,8.27,0.59,8.11,0.7,8.12,0.69
45.592,8.3,0.59,8.12,0.7,8.12,0.69
45.627,8.33,0.6,8.12,0.69,8.12,0.69
45.662,8.32,0.59,8.13,0.69,8.13,0.69
45.698,8.34,0.61,8.13,0.69,8.13,0.69
45.743,8.35,0.63,8.13,0.69,8.14,0.69
45.776,8.34,0.65,8.14,0.69,8.14,0.69
45.809,8.33,0.6,8.14,0.69,8.14,0.69
45.842,8.33,0.6,8.15,0.69,8.15,0.69
45.874,8.33,0.61,8.15,0.69,8.15,0.69
45.907,8.35,0.59,8.15,0.69,8.15,0.69
45.944,8.33,0.59,8.16,0.69,8.16,0.69
45.98,8.32,0.59,8.16,0.69,8.16,0.69
46.014,8.33,0.63,8.17,0.69,8.17,0.69
46.048,8.25,0.58,8.17,0.69,8.17,0.69
46.08,8.29,0.56,8.17,0.69,8.17,0.69
46.113,8.3,0.61,8.18,0.69,8.18,0.69
46.145,8.35,0.63,8.18,0.69,8.18,0.69
46.182,8.38,0.62,8.18,0.69,8.19,0.69
46.215,8.32,0.63,8.19,0.69,8.19,0.69
46.248,8.34,0.62,8.19,0.69,8.19,0.69
46.282,8.4,0.65,8.2,0.69,8.2,0.69
46.315,8.38,0.64,8.2,0.69,8.2,0.69
46.348,8.37,0.61,8.2,0.69,8.21,0.69
46.38,8.36,0.58,8.21,0.69,8.21,0.69
46.413,8.38,0.6,8.21,0.69,8.21,0.69
46.447,8.31,0.57,8.22,0.69,8.22,0.69
46.48,8.32,0.55,8.22,0.69,8.22,0.68
46.512,8.35,0.59,8.22,0.68,8.22,0.68
46.544,8.36,0.63,8.23,0.68,8.23,0.68
46.579,8.37,0.64,8.23,0.69,8.23,0.69
46.612,8.37,0.57,8.23,0.69,8.23,0.69
46.644,8.31,0.56,8.24,0.69,8.24,0.69
46.678,8.33,0.62,8.24,0.69,8.24,0.69
46.712,8.33,0.6,8.24,0.69,8.24,0.69
46.745,8.32,0.62,8.24,0.69,8.24,0.69
46.778,8.3,0.63,8.25,0.69,8.25,0.69
46.812,8.28,0.64,8.25,0.69,8.25,0.69
46.845,8.28,0.66,8.25,0.69,8.25,0.69
46.879,8.31,0.64,8.25,0.69,8.25,0.69
46.911,8.38,0.59,8.25,0.69,8.26,0.69
46.944,8.36,0.62,8.26,0.69,8.26,0.69
46.976,8.32,0.66,8.26,0.69,8.26,0.69
47.009,8.3,0.63,8.26,0.69,8.26,0.69
47.042,8.32,0.62,8.27,0.69,8.27,0.69
47.074,8.37,0.57,8.27,0.69,8.27,0.69
47.116,8.33,0.6,8.27,0.69,8.27,0.69
47.149,8.32,0.61,8.27,0.69,8.27,0.69
47.182,8.36,0.61,8.27,0.69,8.28,0.69
47.215,8.36,0.61,8.28,0.69,8.28,0.69
47.249,8.25,0.61,8.28,0.69,8.28,0.69
47.282,8.27,0.6,8.28,0.69,8.28,0.69
47.314,8.34,0.66,8.29,0.69,8.29,0.69
47.347,8.37,0.61,8.29,0.69,8.29,0.69
47.379,8.36,0.55,8.29,0.69,8.29,0.69
47.411,8.31,0.57,8.29,0.69,8.29,0.69
47.444,8.31,0.58,8.3,0.69,8.3,0.69
47.476,8.3,0.59,8.3,0.69,8.3,0.69
47.509,8.3,0.61,8.3,0.69,8.3,0.69
47.542,8.32,0.63,8.31,0.69,8.31,0.69
47.574,8.33,0.59,8.31,0.69,8.31,0.69
47.606,8.33,0.57,8.31,0.69,8.31,0.69
47.639,8.33,0.56,8.31,0.69,8.31,0.69
47.673,8.35,0.61,8.31,0.69,8.31,0.69
47.706,8.31,0.63,8.32,0.69,8.32,0.69
47.739,8.29,0.61,8.32,0.69,8.32,0.69
47.772,8.33,0.61,8.32,0.69,8.32,0.69
47.805,8.32,0.64,8.32,0.69,8.32,0.69
47.838,8.36,0.55,8.32,0.69,8.32,0.69
47.871,8.32,0.55,8.32,0.69,8.32,0.69
47.903,8.3,0.61,8.33,0.69,8.33,0.69
47.936,8.34,0.61,8.33,0.69,8.33,0.69
47.968,8.36,0.63,8.33,0.69,8.33,0.69
48,8.33,0.58,8.33,0.69,8.33,0.69
48.033,8.37,0.58,8.34,0.69,8.34,0.69
48.065,8.36,0.59,8.34,0.69,8.34,0.69
48.098,8.33,0.59,8.34,0.69,8.34,0.69
48.13,8.33,0.62,8.34,0.69,8.34,0.68
48.163,8.37,0.63,8.35,0.68,8.35,0.68
48.195,8.35,0.65,8.35,0.68,8.35,0.68
48.228,8.34,0.63,8.35,0.68,8.35,0.68
48.26,8.35,0.61,8.35,0.68,8.35,0.68
48.293,8.36,0.6,8.36,0.68,8.36,0.68
48.325,8.34,0.6,8.36,0.68,8.36,0.68
48.359,8.32,0.6,8.36,0.68,8.36,0.68
48.392,8.32,0.57,8.36,0.68,8.36,0.68
48.425,8.37,0.63,8.36,0.68,8.36,0.68
48.458,8.38,0.63,8.36,0.68,8.36,0.68
48.49,8.38,0.61,8.37,0.68,8.37,0.68
48.523,8.28,0.54,8.37,0.68,8.37,0.68
48.557,8.32,0.54,8.37,0.68,8.37,0.68
48.59,8.35,0.59,8.37,0.68,8.37,0.68
48.622,8.27,0.64,8.37,0.68,8.37,0.68
48.654,8.32,0.62,8.38,0.68,8.38,0.68
48.686,8.31,0.59,8.38,0.68,8.38,0.68
48.718,8.31,0.57,8.38,0.68,8.38,0.68
48.753,8.32,0.6,8.38,0.68,8.38,0.68
48.785,8.32,0.64,8.38,0.68,8.38,0.68
48.818,8.31,0.63,8.38,0.68,8.38,0.68
48.851,8.32,0.59,8.39,0.68,8.39,0.68
48.884,8.31,0.58,8.39,0.68,8.39,0.68
48.917,8.29,0.63,8.39,0.68,8.39,0.68
48.951,8.29,0.64,8.39,0.68,8.39,0.68
48.985,8.31,0.62,8.39,0.68,8.39,0.68
49.018,8.32,0.63,8.39,0.68,8.39,0.68
49.051,8.35,0.63,8.39,0.68,8.39,0.68
49.084,8.31,0.61,8.4,0.68,8.4,0.68
49.118,8.33,0.64,8.4,0.68,8.4,0.68
49.151,8.35,0.62,8.4,0.68,8.4,0.68
49.183,8.34,0.63,8.4,0.68,8.4,0.68
49.215,8.35,0.65,8.4,0.68,8.4,0.68
49.248,8.36,0.63,8.4,0.68,8.4,0.68
49.279,8.33,0.65,8.41,0.68,8.41,0.68
49.315,8.34,0.63,8.41,0.68,8.41,0.68
49.347,8.36,0.61,8.41,0.68,8.41,0.68
49.38,8.37,0.61,8.41,0.68,8.41,0.68
49.414,8.3,0.57,8.41,0.68,8.41,0.68
49.447,8.32,0.55,8.41,0.68,8.41,0.68
49.478,8.37,0.57,8.41,0.68,8.41,0.68
49.511,8.38,0.59,8.41,0.68,8.41,0.68
49.543,8.32,0.64,8.42,0.68,8.42,0.68
49.575,8.33,0.64,8.42,0.68,8.42,0.68
49.608,8.32,0.55,8.42,0.68,8.42,0.68
49.642,8.33,0.54,8.42,0.68,8.42,0.68
49.676,8.36,0.55,8.42,0.68,8.42,0.68
49.709,8.34,0.63,8.42,0.68,8.42,0.68
49.742,8.32,0.61,8.42,0.68,8.42,0.68
49.775,8.42,0.57,8.43,0.68,8.43,0.68
49.808,8.43,0.59,8.43,0.68,8.43,0.68
49.84,8.36,0.61,8.43,0.68,8.43,0.68
49.874,8.39,0.59,8.43,0.68,8.43,0.68
49.907,8.33,0.61,8.43,0.68,8.43,0.68
49.938,8.27,0.63,8.44,0.68,8.43,0.68
49.971,8.29,0.62,8.44,0.68,8.43,0.68
50.002,8.39,0.58,8.44,0.68,8.43,0.68
50.036,8.37,0.59,8.44,0.68,8.44,0.68
50.07,8.3,0.62,8.44,0.68,8.44,0.68
50.106,8.26,0.6,8.44,0.68,8.44,0.68
50.139,8.31,0.6,8.44,0.68,8.44,0.68
50.175,8.35,0.61,8.44,0.68,8.44,0.68
50.21,8.38,0.61,8.44,0.68,8.44,0.68
50.243,8.36,0.6,8.44,0.68,8.44,0.68
50.276,8.32,0.6,8.44,0.68,8.44,0.68
50.308,8.32,0.59,8.44,0.68,8.44,0.68
50.341,8.33,0.6,8.44,0.68,8.44,0.68
50.375,8.34,0.57,8.44,0.68,8.44,0.68
50.407,8.33,0.54,8.44,0.68,8.44,0.68
50.439,8.3,0.55,8.45,0.68,8.44,0.68
50.473,8.27,0.58,8.45,0.68,8.45,0.68
50.506,8.25,0.57,8.45,0.68,8.45,0.68
50.542,8.32,0.64,8.45,0.68,8.45,0.68
50.573,8.34,0.67,8.45,0.68,8.45,0.68
50.608,8.35,0.64,8.45,0.68,8.45,0.68
50.641,8.32,0.62,8.45,0.68,8.45,0.68
50.674,8.36,0.61,8.46,0.68,8.45,0.68
50.706,8.38,0.57,8.46,0.68,8.46,0.68
50.741,8.37,0.59,8.46,0.68,8.46,0.68
50.773,8.37,0.59,8.46,0.68,8.46,0.68
50.805,8.36,0.56,8.46,0.68,8.46,0.68
50.84,8.3,0.52,8.46,0.68,8.46,0.67
50.872,8.31,0.53,8.46,0.67,8.46,0.67
50.904,8.34,0.59,8.46,0.67,8.46,0.67
50.937,8.35,0.63,8.46,0.67,8.46,0.67
50.97,8.34,0.65,8.47,0.67,8.46,0.67
51.004,8.31,0.63,8.47,0.67,8.46,0.67
51.036,8.33,0.6,8.47,0.67,8.46,0.67
51.07,8.4,0.55,8.47,0.67,8.47,0.67
51.104,8.38,0.59,8.47,0.67,8.47,0.67
51.138,8.29,0.61,8.47,0.67,8.47,0.67
51.172,8.29,0.59,8.47,0.67,8.47,0.67
51.206,8.3,0.6,8.47,0.67,8.47,0.67
51.241,8.33,0.59,8.47,0.67,8.47,0.67
51.275,8.31,0.57,8.47,0.67,8.47,0.67
51.306,8.31,0.58,8.47,0.67,8.47,0.67
51.339,8.3,0.56,8.47,0.67,8.47,0.67
51.372,8.39,0.66,8.47,0.67,8.47,0.67
51.407,8.39,0.68,8.47,0.67,8.47,0.67
51.439,8.34,0.63,8.48,0.67,8.47,0.67
51.472,8.33,0.61,8.48,0.67,8.47,0.67
51.505,8.31,0.62,8.48,0.67,8.47,0.67
51.539,8.32,0.59,8.48,0.67,8.47,0.67
51.572,8.31,0.59,8.48,0.67,8.47,0.67
51.604,8.34,0.58,8.48,0.67,8.48,0.67
51.64,8.37,0.59,8.48,0.67,8.48,0.67
51.672,8.33,0.58,8.48,0.67,8.48,0.67
51.706,8.32,0.62,8.48,0.67,8.48,0.67
51.739,8.32,0.6,8.48,0.67,8.48,0.67
51.77,8.32,0.55,8.48,0.67,8.48,0.67
51.802,8.31,0.57,8.48,0.67,8.48,0.67
51.836,8.3,0.59,8.48,0.67,8.48,0.67
51.868,8.37,0.62,8.48,0.67,8.48,0.67
51.902,8.33,0.6,8.48,0.67,8.48,0.67
51.935,8.29,0.63,8.48,0.67,8.48,0.67
51.968,8.32,0.61,8.48,0.67,8.48,0.67
52.002,8.33,0.59,8.48,0.67,8.48,0.67
52.035,8.33,0.63,8.48,0.67,8.48,0.67
52.069,8.37,0.64,8.48,0.67,8.48,0.67
52.103,8.3,0.57,8.48,0.67,8.48,0.67
52.135,8.32,0.57,8.48,0.67,8.48,0.67
52.17,8.35,0.62,8.48,0.67,8.48,0.67
52.202,8.32,0.6,8.49,0.67,8.49,0.67
52.235,8.26,0.57,8.49,0.67,8.49,0.67
52.271,8.33,0.57,8.49,0.67,8.49,0.67
52.302,8.29,0.59,8.49,0.67,8.49,0.67
52.335,8.27,0.61,8.49,0.67,8.49,0.67
52.368,8.3,0.64,8.49,0.67,8.49,0.67
52.4,8.3,0.64,8.49,0.67,8.49,0.67
52.433,8.31,0.62,8.49,0.67,8.49,0.67
52.467,8.32,0.6,8.49,0.67,8.49,0.67
52.5,8.35,0.64,8.49,0.67,8.49,0.67
52.532,8.29,0.61,8.49,0.67,8.49,0.67
52.565,8.31,0.56,8.49,0.67,8.49,0.67
52.6,8.27,0.57,8.49,0.67,8.49,0.67
52.632,8.3,0.67,8.49,0.67,8.49,0.67
52.664,8.35,0.63,8.49,0.67,8.49,0.67
52.699,8.39,0.54,8.49,0.67,8.49,0.67
52.732,8.33,0.57,8.5,0.67,8.49,0.67
52.765,8.32,0.63,8.5,0.67,8.49,0.67
52.8,8.34,0.61,8.5,0.67,8.5,0.67
52.837,8.37,0.61,8.5,0.67,8.5,0.67
52.87,8.32,0.62,8.5,0.67,8.5,0.67
52.902,8.33,0.64,8.5,0.67,8.5,0.67
52.935,8.36,0.58,8.5,0.67,8.5,0.67
52.968,8.33,0.57,8.5,0.67,8.5,0.67
53,8.34,0.57,8.5,0.67,8.5,0.67
53.034,8.36,0.61,8.5,0.67,8.5,0.67
53.066,8.37,0.61,8.5,0.67,8.5,0.67
53.099,8.4,0.62,8.5,0.67,8.5,0.67
53.132,8.36,0.66,8.5,0.67,8.5,0.67
53.165,8.26,0.61,8.51,0.67,8.5,0.67
53.198,8.3,0.59,8.51,0.67,8.5,0.67
53.23,8.34,0.58,8.51,0.67,8.5,0.67
53.263,8.38,0.66,8.51,0.67,8.51,0.67
53.296,8.31,0.63,8.51,0.67,8.51,0.67
53.328,8.29,0.6,8.51,0.67,8.51,0.67
53.361,8.31,0.61,8.51,0.67,8.51,0.67
53.393,8.35,0.61,8.51,0.67,8.51,0.67
53.427,8.35,0.59,8.51,0.67,8.51,0.67
53.461,8.25,0.57,8.51,0.67,8.51,0.67
53.495,8.26,0.6,8.51,0.67,8.51,0.67
53.529,8.29,0.64,8.51,0.67,8.51,0.67
53.564,8.33,0.58,8.51,0.67,8.51,0.67
53.596,8.35,0.53,8.51,0.67,8.51,0.67
53.631,8.3,0.54,8.51,0.67,8.51,0.67
53.663,8.28,0.6,8.51,0.67,8.51,0.67
53.698,8.28,0.6,8.51,0.67,8.51,0.67
53.731,8.29,0.62,8.51,0.67,8.51,0.67
53.764,8.33,0.65,8.51,0.67,8.51,0.67
53.798,8.38,0.58,8.51,0.67,8.51,0.67
53.831,8.33,0.57,8.52,0.67,8.51,0.67
53.864,8.27,0.59,8.52,0.67,8.51,0.66
53.898,8.32,0.63,8.52,0.67,8.51,0.67
53.931,8.4,0.62,8.52,0.67,8.51,0.67
53.964,8.36,0.58,8.52,0.67,8.51,0.67
53.997,8.3,0.57,8.52,0.67,8.52,0.67
54.029,8.28,0.55,8.52,0.67,8.52,0.66
54.063,8.31,0.57,8.52,0.67,8.52,0.66
54.097,8.39,0.66,8.52,0.67,8.52,0.67
54.131,8.38,0.66,8.52,0.67,8.52,0.66
54.163,8.32,0.61,8.52,0.66,8.52,0.66
54.196,8.33,0.6,8.52,0.67,8.52,0.66
54.229,8.33,0.54,8.52,0.67,8.52,0.66
54.261,8.28,0.54,8.52,0.67,8.52,0.66
54.293,8.28,0.59,8.52,0.66,8.52,0.66
54.325,8.26,0.61,8.52,0.67,8.52,0.66
54.359,8.37,0.56,8.52,0.67,8.52,0.66
54.392,8.36,0.54,8.52,0.67,8.52,0.66
54.426,8.31,0.52,8.52,0.67,8.52,0.66
54.461,8.34,0.54,8.52,0.67,8.52,0.66
54.494,8.4,0.58,8.52,0.66,8.52,0.66
54.526,8.35,0.63,8.52,0.66,8.52,0.66
54.558,8.31,0.63,8.52,0.66,8.52,0.66
54.592,8.34,0.59,8.52,0.66,8.52,0.66
54.624,8.37,0.6,8.52,0.67,8.52,0.66
54.658,8.35,0.64,8.52,0.67,8.52,0.67
54.691,8.34,0.65,8.52,0.67,8.52,0.67
54.726,8.34,0.6,8.52,0.67,8.52,0.67
54.757,8.35,0.64,8.52,0.67,8.52,0.67
54.793,8.35,0.65,8.52,0.67,8.52,0.67
54.826,8.28,0.61,8.52,0.67,8.52,0.67
54.859,8.32,0.61,8.52,0.67,8.52,0.67
54.893,8.36,0.62,8.52,0.67,8.52,0.67
54.926,8.32,0.6,8.53,0.67,8.52,0.67
54.957,8.37,0.6,8.52,0.67,8.52,0.67
54.993,8.4,0.61,8.53,0.67,8.52,0.67
55.027,8.38,0.6,8.53,0.67,8.53,0.67
55.06,8.35,0.53,8.53,0.67,8.53,0.67
55.093,8.36,0.54,8.53,0.67,8.53,0.67
55.125,8.38,0.62,8.53,0.67,8.53,0.67
55.158,8.33,0.62,8.53,0.67,8.53,0.67
55.192,8.28,0.62,8.53,0.67,8.53,0.67
55.224,8.31,0.65,8.53,0.67,8.53,0.67
55.259,8.34,0.64,8.53,0.67,8.52,0.67
55.293,8.34,0.59,8.53,0.67,8.52,0.67
55.325,8.33,0.56,8.53,0.67,8.52,0.67
55.359,8.33,0.56,8.53,0.67,8.52,0.67
55.393,8.31,0.64,8.53,0.67,8.52,0.67
55.427,8.3,0.63,8.53,0.67,8.52,0.67
55.459,8.35,0.57,8.53,0.67,8.53,0.67
55.492,8.39,0.58,8.53,0.67,8.53,0.67
55.526,8.35,0.61,8.53,0.67,8.53,0.67
55.56,8.31,0.61,8.53,0.67,8.53,0.67
55.592,8.28,0.66,8.53,0.67,8.52,0.67
55.626,8.23,0.65,8.53,0.67,8.52,0.67
55.661,8.26,0.61,8.53,0.67,8.52,0.67
55.692,8.36,0.59,8.53,0.67,8.52,0.67
55.724,8.39,0.61,8.53,0.67,8.52,0.67
55.758,8.37,0.6,8.53,0.67,8.53,0.67
55.791,8.34,0.57,8.53,0.67,8.53,0.67
55.825,8.31,0.56,8.53,0.67,8.53,0.67
55.86,8.3,0.59,8.53,0.67,8.53,0.67
55.893,8.3,0.61,8.53,0.67,8.53,0.67
55.925,8.31,0.58,8.53,0.67,8.53,0.67
55.958,8.33,0.59,8.53,0.67,8.53,0.67
55.992,8.36,0.61,8.53,0.67,8.53,0.67
56.024,8.33,0.61,8.53,0.67,8.52,0.67
56.057,8.32,0.62,8.53,0.67,8.53,0.67
56.092,8.36,0.61,8.53,0.67,8.53,0.67
56.126,8.35,0.58,8.53,0.67,8.53,0.67
56.157,8.34,0.62,8.53,0.67,8.53,0.67
56.191,8.33,0.62,8.53,0.67,8.53,0.67
56.225,8.28,0.57,8.53,0.67,8.53,0.67
56.26,8.29,0.59,8.53,0.67,8.53,0.66
56.292,8.29,0.62,8.53,0.66,8.53,0.66
56.327,8.33,0.66,8.53,0.67,8.53,0.67
56.358,8.35,0.57,8.53,0.67,8.53,0.66
56.39,8.28,0.55,8.53,0.67,8.53,0.66
56.424,8.26,0.61,8.53,0.67,8.53,0.66
56.457,8.33,0.65,8.53,0.67,8.53,0.67
56.492,8.37,0.61,8.53,0.67,8.53,0.67
56.525,8.3,0.59,8.53,0.67,8.53,0.67
56.559,8.27,0.62,8.53,0.67,8.53,0.67
56.594,8.27,0.59,8.53,0.67,8.53,0.67
56.628,8.35,0.6,8.53,0.67,8.53,0.67
56.663,8.32,0.57,8.53,0.67,8.53,0.67
56.696,8.26,0.58,8.53,0.67,8.53,0.67
56.728,8.26,0.61,8.53,0.67,8.53,0.67
56.761,8.3,0.58,8.53,0.67,8.53,0.67
56.795,8.37,0.6,8.53,0.67,8.53,0.67
56.829,8.44,0.64,8.53,0.67,8.53,0.67
56.863,8.4,0.63,8.53,0.67,8.53,0.67
56.898,8.34,0.63,8.53,0.67,8.53,0.67
56.93,8.29,0.64,8.53,0.67,8.53,0.67
56.964,8.25,0.64,8.53,0.67,8.53,0.67
56.998,8.34,0.57,8.53,0.67,8.53,0.67
57.032,8.39,0.55,8.53,0.67,8.53,0.67
57.065,8.36,0.6,8.53,0.67,8.53,0.67
57.097,8.31,0.61,8.53,0.67,8.53,0.67
57.132,8.35,0.58,8.54,0.67,8.53,0.67
57.167,8.36,0.59,8.54,0.67,8.53,0.67
57.2,8.33,0.62,8.54,0.67,8.53,0.67
57.231,8.31,0.61,8.54,0.67,8.53,0.67
57.264,8.34,0.59,8.54,0.67,8.53,0.67
57.297,8.3,0.6,8.54,0.67,8.53,0.67
57.33,8.32,0.59,8.53,0.67,8.53,0.67
57.365,8.37,0.58,8.53,0.67,8.53,0.67
57.398,8.35,0.59,8.53,0.67,8.53,0.67
57.43,8.32,0.59,8.53,0.67,8.53,0.67
57.464,8.29,0.57,8.53,0.67,8.53,0.67
57.496,8.32,0.59,8.53,0.67,8.53,0.67
57.53,8.33,0.66,8.53,0.67,8.53,0.67
57.563,8.36,0.66,8.53,0.67,8.53,0.67
57.597,8.28,0.64,8.53,0.67,8.53,0.67
57.631,8.27,0.61,8.53,0.67,8.53,0.67
57.663,8.28,0.6,8.53,0.67,8.53,0.67
57.696,8.36,0.62,8.53,0.67,8.53,0.67
57.73,8.38,0.61,8.53,0.67,8.53,0.67
57.763,8.32,0.6,8.53,0.67,8.53,0.67
57.797,8.3,0.57,8.53,0.67,8.53,0.67
57.83,8.25,0.59,8.53,0.67,8.53,0.67
57.861,8.32,0.6,8.53,0.67,8.53,0.67
57.894,8.3,0.55,8.53,0.67,8.53,0.67
57.926,8.31,0.55,8.53,0.67,8.53,0.67
57.96,8.36,0.57,8.53,0.67,8.53,0.67
57.994,8.38,0.66,8.53,0.67,8.53,0.67
58.027,8.35,0.64,8.53,0.67,8.53,0.67
58.06,8.24,0.63,8.53,0.67,8.53,0.67
58.094,8.29,0.63,8.53,0.67,8.53,0.67
58.128,8.33,0.58,8.53,0.67,8.53,0.67
58.161,8.35,0.57,8.53,0.67,8.53,0.67
58.193,8.3,0.6,8.53,0.67,8.53,0.67
58.225,8.28,0.62,8.53,0.67,8.53,0.67
58.257,8.3,0.61,8.53,0.67,8.53,0.67
58.29,8.42,0.63,8.53,0.67,8.53,0.67
58.323,8.4,0.57,8.53,0.67,8.53,0.67
58.358,8.34,0.58,8.53,0.67,8.53,0.67
58.39,8.31,0.59,8.53,0.67,8.53,0.67
58.425,8.32,0.63,8.54,0.67,8.53,0.67
58.459,8.3,0.64,8.54,0.67,8.53,0.67
58.493,8.26,0.64,8.54,0.67,8.53,0.67
58.526,8.34,0.6,8.54,0.67,8.53,0.67
58.56,8.34,0.61,8.54,0.67,8.53,0.67
58.594,8.35,0.59,8.54,0.67,8.53,0.67
58.628,8.33,0.56,8.54,0.67,8.53,0.67
58.663,8.29,0.59,8.54,0.67,8.53,0.67
58.695,8.26,0.64,8.53,0.67,8.53,0.67
58.728,8.3,0.64,8.53,0.67,8.53,0.67
58.761,8.37,0.58,8.53,0.67,8.53,0.67
58.793,8.37,0.57,8.53,0.67,8.53,0.67
58.826,8.34,0.57,8.54,0.67,8.53,0.67
58.859,8.33,0.59,8.54,0.67,8.53,0.67
58.893,8.34,0.59,8.54,0.67,8.53,0.67
58.925,8.33,0.66,8.54,0.67,8.53,0.67
58.958,8.34,0.69,8.54,0.67,8.53,0.67
58.992,8.37,0.62,8.54,0.67,8.53,0.67
59.026,8.36,0.59,8.54,0.67,8.53,0.67
59.06,8.36,0.57,8.54,0.67,8.53,0.67
59.093,8.34,0.61,8.54,0.67,8.53,0.67
59.126,8.37,0.63,8.54,0.67,8.53,0.67
59.158,8.38,0.62,8.54,0.67,8.53,0.67
59.191,8.35,0.64,8.54,0.67,8.53,0.67
59.225,8.33,0.67,8.54,0.67,8.53,0.67
59.259,8.27,0.64,8.54,0.67,8.53,0.67
59.293,8.31,0.56,8.54,0.67,8.53,0.67
59.327,8.35,0.61,8.54,0.67,8.53,0.67
59.368,8.42,0.63,8.54,0.67,8.53,0.67
59.401,8.39,0.6,8.54,0.67,8.53,0.67
59.434,8.32,0.57,8.54,0.67,8.53,0.67
59.468,8.33,0.56,8.54,0.67,8.53,0.67
59.502,8.33,0.57,8.54,0.67,8.53,0.67
59.534,8.32,0.66,8.54,0.67,8.53,0.67
59.567,8.34,0.67,8.53,0.67,8.53,0.67
59.601,8.35,0.59,8.53,0.68,8.53,0.68
59.635,8.34,0.59,8.53,0.68,8.53,0.67
59.667,8.32,0.58,8.53,0.67,8.53,0.67
59.699,8.33,0.59,8.53,0.67,8.53,0.67
59.732,8.33,0.61,8.54,0.67,8.53,0.67
59.764,8.33,0.62,8.54,0.67,8.53,0.67
59.797,8.32,0.64,8.53,0.67,8.53,0.67
59.83,8.32,0.66,8.53,0.67,8.53,0.67
59.863,8.35,0.68,8.53,0.67,8.53,0.67
59.896,8.36,0.57,8.53,0.68,8.53,0.67
59.928,8.34,0.57,8.53,0.68,8.53,0.68
59.962,8.32,0.59,8.53,0.68,8.53,0.68
59.996,8.36,0.57,8.53,0.68,8.53,0.68
60.03,8.31,0.58,8.53,0.68,8.53,0.68
60.063,8.32,0.61,8.54,0.68,8.53,0.68
60.095,8.36,0.61,8.54,0.68,8.53,0.68
60.133,8.4,0.59,8.54,0.68,8.53,0.68
60.165,8.38,0.61,8.54,0.68,8.53,0.67
60.199,8.32,0.6,8.54,0.67,8.53,0.67
60.232,8.3,0.61,8.54,0.67,8.53,0.67
60.264,8.35,0.61,8.54,0.67,8.53,0.67
60.296,8.34,0.65,8.53,0.68,8.53,0.67
60.329,8.34,0.62,8.53,0.67,8.53,0.67
60.363,8.37,0.59,8.53,0.67,8.53,0.67
60.396,8.35,0.64,8.53,0.67,8.53,0.67
60.429,8.34,0.65,8.54,0.67,8.53,0.67
60.462,8.36,0.6,8.54,0.67,8.54,0.67
60.494,8.34,0.61,8.54,0.67,8.54,0.67
60.527,8.34,0.63,8.54,0.67,8.54,0.67
60.559,8.33,0.61,8.54,0.67,8.54,0.67
60.593,8.33,0.67,8.54,0.67,8.54,0.67
60.625,8.36,0.64,8.54,0.67,8.54,0.67
60.657,8.36,0.59,8.54,0.68,8.54,0.67
60.692,8.35,0.61,8.54,0.68,8.54,0.67
60.725,8.33,0.6,8.54,0.68,8.54,0.67
60.757,8.3,0.6,8.54,0.68,8.54,0.67
60.79,8.27,0.66,8.54,0.68,8.54,0.68
60.823,8.26,0.69,8.54,0.68,8.54,0.68
60.856,8.31,0.6,8.54,0.68,8.54,0.68
60.888,8.32,0.55,8.54,0.68,8.54,0.68
60.921,8.39,0.53,8.54,0.68,8.54,0.68
60.954,8.34,0.52,8.54,0.68,8.54,0.67
60.986,8.3,0.58,8.54,0.67,8.54,0.67
61.018,8.31,0.63,8.54,0.67,8.54,0.67
61.051,8.33,0.63,8.54,0.68,8.54,0.67
61.083,8.34,0.57,8.54,0.68,8.54,0.67
61.117,8.38,0.55,8.54,0.68,8.54,0.67
61.148,8.39,0.57,8.54,0.68,8.54,0.67
61.181,8.35,0.57,8.54,0.67,8.54,0.67
61.214,8.38,0.6,8.54,0.67,8.54,0.67
61.248,8.34,0.63,8.54,0.67,8.54,0.67
61.279,8.3,0.65,8.54,0.68,8.54,0.67
61.311,8.38,0.56,8.54,0.68,8.54,0.67
61.344,8.36,0.55,8.54,0.68,8.54,0.68
61.376,8.34,0.57,8.54,0.68,8.54,0.68
61.409,8.33,0.56,8.54,0.68,8.54,0.68
61.442,8.33,0.56,8.54,0.68,8.54,0.68
61.475,8.34,0.63,8.54,0.68,8.54,0.68
61.507,8.37,0.65,8.54,0.68,8.54,0.68
61.539,8.38,0.61,8.54,0.68,8.54,0.68
61.573,8.41,0.62,8.54,0.68,8.54,0.68
61.606,8.36,0.61,8.55,0.68,8.54,0.68
61.639,8.31,0.61,8.54,0.68,8.54,0.68
61.673,8.25,0.64,8.55,0.68,8.54,0.68
61.705,8.29,0.66,8.55,0.68,8.54,0.68
61.737,8.28,0.59,8.55,0.68,8.54,0.68
61.771,8.28,0.56,8.55,0.68,8.54,0.68
61.804,8.35,0.57,8.55,0.68,8.54,0.68
61.836,8.43,0.61,8.55,0.68,8.55,0.68
61.869,8.39,0.62,8.55,0.68,8.55,0.68
61.903,8.31,0.61,8.55,0.68,8.55,0.68
61.935,8.32,0.61,8.55,0.68,8.55,0.68
61.967,8.35,0.63,8.55,0.68,8.55,0.68
62.001,8.32,0.64,8.55,0.68,8.55,0.68
62.034,8.36,0.55,8.55,0.68,8.55,0.68
62.067,8.38,0.53,8.55,0.68,8.55,0.68
62.1,8.4,0.64,8.55,0.68,8.55,0.68
62.132,8.39,0.64,8.55,0.68,8.55,0.68
62.165,8.36,0.61,8.55,0.68,8.55,0.68
62.199,8.32,0.58,8.55,0.68,8.55,0.68
62.231,8.33,0.58,8.55,0.68,8.55,0.68
62.264,8.37,0.63,8.56,0.68,8.55,0.68
62.296,8.38,0.65,8.56,0.68,8.55,0.68
62.329,8.32,0.59,8.56,0.68,8.55,0.68
62.362,8.3,0.56,8.56,0.68,8.55,0.68
62.394,8.39,0.61,8.56,0.68,8.55,0.68
62.427,8.38,0.63,8.56,0.68,8.56,0.68
62.459,8.35,0.57,8.56,0.68,8.56,0.68
62.492,8.32,0.58,8.56,0.68,8.56,0.68
62.524,8.34,0.6,8.56,0.68,8.55,0.68
62.556,8.34,0.59,8.56,0.68,8.56,0.68
62.59,8.3,0.6,8.56,0.68,8.55,0.68
62.623,8.32,0.61,8.56,0.69,8.55,0.68
62.656,8.33,0.61,8.56,0.69,8.55,0.68
62.689,8.29,0.56,8.56,0.68,8.56,0.68
62.721,8.3,0.52,8.56,0.68,8.56,0.68
62.754,8.37,0.63,8.56,0.68,8.56,0.68
62.786,8.4,0.63,8.56,0.68,8.56,0.68
62.819,8.38,0.57,8.56,0.68,8.56,0.68
62.852,8.36,0.57,8.56,0.68,8.56,0.68
62.884,8.37,0.58,8.56,0.68,8.56,0.68
62.916,8.39,0.61,8.56,0.69,8.56,0.68
62.947,8.34,0.59,8.56,0.69,8.56,0.68
62.981,8.38,0.53,8.56,0.68,8.56,0.68
63.013,8.39,0.59,8.56,0.68,8.56,0.68
63.047,8.37,0.67,8.56,0.68,8.56,0.68
63.081,8.36,0.63,8.56,0.68,8.56,0.68
63.115,8.34,0.53,8.56,0.68,8.56,0.68
63.146,8.34,0.54,8.56,0.68,8.56,0.68
63.179,8.32,0.56,8.56,0.68,8.56,0.68
63.211,8.27,0.6,8.56,0.68,8.56,0.68
63.245,8.31,0.59,8.56,0.68,8.56,0.68
63.277,8.41,0.57,8.56,0.68,8.56,0.68
63.309,8.4,0.59,8.56,0.68,8.56,0.68
63.341,8.38,0.62,8.56,0.68,8.56,0.68
63.376,8.39,0.6,8.56,0.68,8.56,0.68
63.409,8.34,0.56,8.56,0.68,8.56,0.68
63.441,8.31,0.59,8.56,0.68,8.56,0.68
63.474,8.32,0.59,8.57,0.68,8.56,0.68
63.506,8.36,0.55,8.56,0.68,8.56,0.68
63.54,8.37,0.53,8.56,0.68,8.56,0.68
63.576,8.33,0.57,8.56,0.68,8.56,0.68
63.609,8.39,0.62,8.56,0.68,8.56,0.68
63.644,8.43,0.61,8.56,0.68,8.56,0.68
63.679,8.39,0.63,8.57,0.68,8.56,0.68
63.714,8.34,0.63,8.57,0.68,8.56,0.68
63.749,8.35,0.6,8.57,0.68,8.56,0.68
63.783,8.3,0.56,8.57,0.68,8.56,0.68
63.815,8.32,0.64,8.57,0.68,8.56,0.68
63.848,8.3,0.68,8.57,0.68,8.56,0.68
63.882,8.33,0.64,8.57,0.68,8.56,0.68
63.916,8.34,0.58,8.57,0.68,8.56,0.68
63.949,8.3,0.57,8.57,0.68,8.56,0.68
63.983,8.33,0.59,8.57,0.68,8.56,0.68
64.017,8.38,0.61,8.57,0.68,8.56,0.68
64.05,8.37,0.66,8.57,0.68,8.56,0.68
64.084,8.33,0.64,8.57,0.68,8.56,0.68
64.116,8.29,0.59,8.57,0.68,8.56,0.68
64.147,8.31,0.57,8.57,0.68,8.56,0.68
64.182,8.27,0.6,8.56,0.68,8.56,0.68
64.216,8.32,0.64,8.56,0.68,8.56,0.68
64.25,8.4,0.67,8.56,0.68,8.56,0.68
64.284,8.34,0.6,8.56,0.68,8.56,0.68
64.315,8.29,0.57,8.56,0.68,8.56,0.68
64.348,8.3,0.57,8.56,0.68,8.56,0.68
64.381,8.31,0.6,8.56,0.68,8.56,0.68
64.415,8.31,0.65,8.57,0.68,8.56,0.68
64.448,8.38,0.67,8.57,0.68,8.56,0.68
64.483,8.37,0.65,8.57,0.68,8.57,0.68
64.515,8.35,0.6,8.57,0.68,8.57,0.68
64.547,8.27,0.56,8.57,0.68,8.56,0.68
64.58,8.24,0.59,8.57,0.68,8.56,0.68
64.614,8.32,0.64,8.57,0.68,8.56,0.68
64.647,8.38,0.59,8.57,0.68,8.56,0.68
64.68,8.36,0.57,8.57,0.68,8.56,0.68
64.713,8.29,0.57,8.57,0.68,8.56,0.68
64.746,8.24,0.59,8.56,0.68,8.56,0.68
64.779,8.34,0.59,8.56,0.68,8.56,0.68
64.812,8.36,0.54,8.56,0.68,8.56,0.68
64.846,8.36,0.56,8.56,0.68,8.56,0.68
64.878,8.34,0.57,8.56,0.68,8.56,0.68
64.91,8.33,0.61,8.56,0.68,8.56,0.68
64.943,8.33,0.61,8.56,0.68,8.56,0.68
64.976,8.31,0.6,8.56,0.68,8.56,0.68
65.01,8.33,0.54,8.56,0.68,8.56,0.68
65.043,8.35,0.54,8.56,0.68,8.56,0.68
65.076,8.3,0.62,8.57,0.68,8.56,0.68
65.11,8.27,0.64,8.56,0.68,8.56,0.68
65.142,8.28,0.57,8.56,0.68,8.56,0.68
65.177,8.31,0.54,8.56,0.68,8.56,0.68
65.211,8.38,0.59,8.56,0.68,8.56,0.68
65.246,8.41,0.6,8.56,0.68,8.56,0.68
65.283,8.37,0.63,8.56,0.68,8.56,0.68
65.315,8.35,0.62,8.56,0.68,8.56,0.68
65.347,8.33,0.64,8.56,0.68,8.56,0.68
65.38,8.35,0.63,8.56,0.68,8.56,0.68
65.413,8.35,0.59,8.56,0.68,8.56,0.68
65.445,8.34,0.52,8.56,0.68,8.56,0.68
65.479,8.37,0.55,8.56,0.68,8.56,0.68
65.513,8.31,0.57,8.56,0.68,8.56,0.68
65.547,8.29,0.59,8.56,0.68,8.56,0.68
65.581,8.31,0.61,8.56,0.68,8.56,0.68
65.614,8.37,0.59,8.56,0.68,8.56,0.68
65.648,8.39,0.59,8.56,0.68,8.56,0.68
65.679,8.31,0.61,8.56,0.68,8.56,0.68
65.712,8.31,0.63,8.56,0.68,8.56,0.68
65.743,8.33,0.63,8.56,0.68,8.56,0.68
65.776,8.42,0.59,8.56,0.68,8.56,0.68
65.81,8.42,0.55,8.57,0.68,8.56,0.68
65.843,8.39,0.55,8.57,0.68,8.56,0.68
65.877,8.35,0.59,8.57,0.68,8.56,0.68
65.91,8.33,0.62,8.57,0.68,8.56,0.68
65.943,8.36,0.59,8.57,0.68,8.56,0.68
65.977,8.31,0.56,8.57,0.68,8.56,0.68
66.011,8.31,0.58,8.57,0.68,8.56,0.68
66.043,8.36,0.59,8.57,0.68,8.56,0.68
66.078,8.4,0.57,8.57,0.68,8.56,0.68
66.112,8.36,0.58,8.57,0.68,8.56,0.68
66.144,8.35,0.65,8.57,0.68,8.56,0.68
66.178,8.35,0.66,8.57,0.68,8.56,0.68
66.213,8.34,0.59,8.57,0.68,8.56,0.68
66.251,8.33,0.61,8.57,0.68,8.56,0.68
66.283,8.34,0.66,8.57,0.68,8.56,0.68
66.316,8.34,0.65,8.57,0.68,8.56,0.68
66.351,8.37,0.6,8.56,0.68,8.56,0.68
66.384,8.39,0.6,8.56,0.68,8.56,0.68
66.417,8.36,0.6,8.56,0.68,8.56,0.68
66.448,8.31,0.6,8.56,0.68,8.56,0.68
66.481,8.33,0.58,8.56,0.68,8.56,0.68
66.515,8.31,0.57,8.56,0.68,8.56,0.68
66.547,8.31,0.54,8.56,0.68,8.56,0.68
66.581,8.26,0.61,8.56,0.68,8.56,0.68
66.615,8.28,0.62,8.56,0.68,8.56,0.68
66.648,8.34,0.61,8.56,0.68,8.56,0.68
66.682,8.32,0.62,8.56,0.68,8.56,0.68
66.717,8.29,0.6,8.56,0.68,8.56,0.68
66.75,8.3,0.59,8.56,0.68,8.56,0.68
66.783,8.28,0.57,8.56,0.68,8.56,0.68
66.817,8.29,0.57,8.56,0.68,8.56,0.68
66.849,8.38,0.63,8.56,0.68,8.56,0.68
66.881,8.41,0.64,8.56,0.68,8.56,0.68
66.915,8.29,0.6,8.56,0.68,8.55,0.68
66.95,8.28,0.59,8.56,0.68,8.55,0.68
66.982,8.31,0.57,8.56,0.68,8.55,0.68
67.015,8.34,0.61,8.56,0.68,8.55,0.68
67.048,8.35,0.63,8.56,0.68,8.55,0.68
67.081,8.3,0.63,8.56,0.68,8.55,0.68
67.115,8.24,0.61,8.56,0.68,8.55,0.68
67.148,8.27,0.61,8.56,0.68,8.55,0.68
67.181,8.32,0.63,8.56,0.68,8.55,0.68
67.215,8.39,0.58,8.56,0.68,8.55,0.68
67.25,8.39,0.57,8.56,0.68,8.55,0.68
67.283,8.34,0.66,8.56,0.68,8.55,0.68
67.317,8.32,0.65,8.56,0.68,8.55,0.68
67.35,8.32,0.59,8.56,0.68,8.55,0.68
67.384,8.31,0.51,8.56,0.68,8.55,0.67
67.418,8.32,0.53,8.56,0.67,8.55,0.67
67.451,8.38,0.61,8.55,0.67,8.55,0.67
67.485,8.33,0.62,8.56,0.67,8.55,0.67
67.519,8.28,0.56,8.55,0.67,8.55,0.67
67.553,8.29,0.61,8.55,0.67,8.55,0.67
67.587,8.28,0.64,8.55,0.67,8.55,0.67
67.621,8.31,0.62,8.55,0.67,8.55,0.67
67.654,8.37,0.63,8.55,0.67,8.55,0.67
67.687,8.37,0.64,8.55,0.67,8.55,0.67
67.721,8.33,0.6,8.55,0.67,8.55,0.67
67.753,8.38,0.58,8.55,0.67,8.55,0.67
67.787,8.37,0.56,8.55,0.67,8.55,0.67
67.819,8.36,0.57,8.55,0.67,8.55,0.67
67.851,8.41,0.57,8.55,0.67,8.55,0.67
67.884,8.32,0.58,8.56,0.67,8.55,0.67
67.917,8.31,0.59,8.55,0.67,8.55,0.67
67.952,8.3,0.58,8.55,0.67,8.55,0.67
67.985,8.33,0.57,8.55,0.67,8.55,0.67
68.018,8.33,0.6,8.56,0.67,8.55,0.67
68.052,8.31,0.61,8.56,0.67,8.55,0.67
68.086,8.34,0.58,8.56,0.67,8.55,0.67
68.12,8.38,0.59,8.56,0.67,8.55,0.67
68.154,8.35,0.61,8.56,0.67,8.55,0.67
68.186,8.31,0.63,8.56,0.67,8.55,0.67
68.218,8.32,0.66,8.56,0.67,8.55,0.67
68.252,8.36,0.65,8.56,0.67,8.56,0.67
68.287,8.31,0.62,8.56,0.67,8.56,0.67
68.321,8.28,0.59,8.56,0.67,8.56,0.67
68.355,8.34,0.58,8.56,0.67,8.56,0.67
68.387,8.32,0.61,8.56,0.67,8.56,0.67
68.42,8.33,0.61,8.56,0.67,8.56,0.67
68.454,8.31,0.63,8.56,0.67,8.56,0.67
68.488,8.28,0.62,8.56,0.67,8.56,0.67
68.52,8.28,0.59,8.56,0.67,8.56,0.67
68.553,8.31,0.61,8.56,0.67,8.56,0.67
68.586,8.3,0.61,8.56,0.67,8.56,0.67
68.62,8.31,0.59,8.56,0.67,8.55,0.67
68.654,8.32,0.61,8.56,0.67,8.55,0.67
68.687,8.34,0.6,8.56,0.67,8.55,0.67
68.721,8.32,0.54,8.56,0.67,8.55,0.67
68.753,8.28,0.54,8.56,0.67,8.55,0.67
68.786,8.28,0.59,8.56,0.67,8.55,0.67
68.818,8.3,0.59,8.56,0.67,8.55,0.67
68.851,8.35,0.58,8.56,0.67,8.55,0.67
68.886,8.39,0.57,8.56,0.67,8.55,0.67
68.92,8.37,0.66,8.56,0.67,8.55,0.67
68.951,8.31,0.64,8.56,0.67,8.55,0.67
68.986,8.28,0.55,8.55,0.67,8.55,0.67
69.018,8.32,0.54,8.55,0.67,8.55,0.67
69.052,8.35,0.57,8.55,0.67,8.55,0.67
69.085,8.33,0.59,8.55,0.67,8.55,0.67
69.117,8.29,0.6,8.55,0.67,8.55,0.67
69.151,8.34,0.61,8.55,0.67,8.55,0.67
69.185,8.37,0.61,8.55,0.67,8.55,0.67
69.217,8.3,0.64,8.55,0.67,8.55,0.67
69.249,8.25,0.59,8.55,0.67,8.55,0.67
69.283,8.26,0.57,8.55,0.67,8.55,0.67
69.317,8.34,0.59,8.55,0.67,8.55,0.67
69.351,8.37,0.62,8.55,0.67,8.55,0.67
69.385,8.39,0.64,8.55,0.67,8.55,0.67
69.419,8.33,0.64,8.55,0.67,8.55,0.67
69.451,8.29,0.66,8.55,0.67,8.55,0.67
69.483,8.39,0.64,8.55,0.67,8.55,0.67
69.516,8.41,0.6,8.55,0.67,8.55,0.67
69.551,8.31,0.54,8.55,0.67,8.55,0.67
69.584,8.33,0.58,8.55,0.67,8.55,0.67
69.619,8.34,0.62,8.55,0.67,8.55,0.67
69.653,8.33,0.59,8.55,0.67,8.55,0.67
69.687,8.39,0.59,8.55,0.67,8.55,0.67
69.72,8.39,0.61,8.55,0.67,8.55,0.67
69.753,8.35,0.61,8.55,0.67,8.55,0.67
69.787,8.35,0.63,8.55,0.67,8.55,0.67
69.82,8.34,0.64,8.55,0.67,8.55,0.67
69.852,8.3,0.66,8.56,0.67,8.55,0.67
69.887,8.3,0.67,8.55,0.67,8.55,0.67
69.918,8.29,0.57,8.55,0.67,8.55,0.67
69.952,8.31,0.53,8.55,0.67,8.55,0.67
69.985,8.35,0.6,8.55,0.67,8.55,0.67
70.019,8.34,0.62,8.55,0.67,8.55,0.67
70.053,8.32,0.63,8.55,0.67,8.55,0.67
70.087,8.3,0.58,8.55,0.67,8.55,0.67
70.123,8.39,0.63,8.55,0.67,8.55,0.67
70.155,8.43,0.64,8.55,0.67,8.55,0.67
70.189,8.3,0.66,8.55,0.67,8.55,0.67
70.221,8.31,0.65,8.55,0.67,8.55,0.67
70.253,8.37,0.65,8.55,0.67,8.55,0.67
70.285,8.36,0.63,8.55,0.67,8.55,0.67
70.317,8.29,0.6,8.55,0.67,8.55,0.67
70.349,8.27,0.56,8.55,0.68,8.55,0.67
70.382,8.32,0.59,8.55,0.67,8.55,0.67
70.416,8.41,0.66,8.55,0.67,8.55,0.67
70.45,8.4,0.64,8.55,0.67,8.55,0.67
70.484,8.37,0.59,8.55,0.68,8.55,0.67
70.517,8.32,0.57,8.55,0.68,8.55,0.67
70.549,8.32,0.61,8.56,0.67,8.55,0.67
70.58,8.34,0.61,8.56,0.67,8.55,0.67
70.613,8.38,0.58,8.56,0.67,8.55,0.67
70.647,8.38,0.6,8.56,0.67,8.55,0.67
70.681,8.36,0.59,8.56,0.67,8.55,0.67
70.715,8.34,0.6,8.56,0.67,8.55,0.67
70.749,8.34,0.62,8.56,0.67,8.55,0.67
70.783,8.32,0.63,8.56,0.67,8.55,0.67
70.817,8.32,0.67,8.56,0.67,8.55,0.67
70.851,8.34,0.66,8.56,0.67,8.55,0.67
70.885,8.32,0.58,8.56,0.67,8.55,0.67
70.918,8.31,0.57,8.56,0.67,8.55,0.67
70.951,8.38,0.55,8.56,0.67,8.56,0.67
70.985,8.37,0.53,8.56,0.67,8.55,0.67
71.019,8.33,0.61,8.56,0.67,8.55,0.67
71.052,8.36,0.68,8.55,0.67,8.55,0.67
71.085,8.4,0.73,8.56,0.67,8.55,0.67
71.116,8.38,0.57,8.56,0.67,8.55,0.67
71.149,8.32,0.55,8.55,0.67,8.55,0.67
71.183,8.29,0.59,8.55,0.67,8.55,0.67
71.216,8.33,0.59,8.55,0.67,8.55,0.67
71.249,8.31,0.6,8.55,0.67,8.55,0.67
71.282,8.31,0.55,8.55,0.67,8.55,0.67
71.316,8.33,0.54,8.56,0.67,8.55,0.67
71.348,8.3,0.6,8.55,0.67,8.55,0.67
71.381,8.29,0.6,8.55,0.67,8.55,0.67
71.413,8.29,0.59,8.55,0.67,8.55,0.67
71.445,8.33,0.65,8.55,0.67,8.55,0.67
71.478,8.34,0.67,8.55,0.67,8.55,0.67
71.52,8.33,0.68,8.55,0.67,8.55,0.67
71.553,8.29,0.61,8.55,0.67,8.55,0.67
71.587,8.27,0.62,8.55,0.67,8.55,0.67
71.619,8.31,0.63,8.55,0.67,8.55,0.67
71.652,8.35,0.6,8.55,0.67,8.55,0.67
71.686,8.39,0.63,8.55,0.67,8.55,0.67
71.721,8.34,0.63,8.55,0.67,8.55,0.67
71.755,8.27,0.59,8.55,0.67,8.55,0.67
71.787,8.27,0.58,8.55,0.67,8.54,0.67
71.821,8.33,0.61,8.55,0.67,8.55,0.67
71.854,8.36,0.61,8.55,0.67,8.55,0.67
71.885,8.33,0.6,8.55,0.67,8.55,0.67
71.918,8.29,0.57,8.55,0.67,8.55,0.67
71.952,8.25,0.59,8.55,0.67,8.55,0.67
71.985,8.25,0.61,8.55,0.67,8.55,0.67
72.018,8.35,0.57,8.55,0.67,8.54,0.67
72.051,8.35,0.56,8.55,0.67,8.54,0.67
72.083,8.31,0.57,8.55,0.67,8.54,0.67
72.115,8.36,0.57,8.55,0.67,8.54,0.67
72.149,8.39,0.57,8.54,0.67,8.54,0.67
72.182,8.33,0.59,8.55,0.67,8.54,0.67
72.214,8.29,0.59,8.54,0.67,8.54,0.67
72.247,8.31,0.57,8.54,0.67,8.54,0.67
72.28,8.32,0.58,8.54,0.67,8.54,0.67
72.312,8.34,0.65,8.54,0.67,8.54,0.67
72.345,8.31,0.62,8.54,0.67,8.54,0.67
72.378,8.3,0.61,8.54,0.67,8.54,0.67
72.41,8.37,0.65,8.54,0.67,8.54,0.67
72.443,8.38,0.63,8.54,0.67,8.54,0.67
72.476,8.35,0.6,8.54,0.67,8.54,0.67
72.509,8.39,0.59,8.54,0.67,8.54,0.67
72.54,8.36,0.61,8.54,0.67,8.54,0.67
72.573,8.35,0.59,8.54,0.67,8.54,0.67
72.606,8.37,0.59,8.54,0.67,8.54,0.67
72.638,8.29,0.57,8.54,0.67,8.54,0.67
72.67,8.28,0.61,8.54,0.67,8.54,0.67
72.704,8.33,0.63,8.54,0.67,8.54,0.67
72.737,8.36,0.62,8.54,0.67,8.54,0.67
72.769,8.33,0.61,8.54,0.67,8.54,0.67
72.803,8.31,0.61,8.54,0.67,8.54,0.67
72.837,8.3,0.62,8.54,0.67,8.54,0.67
72.882,8.33,0.57,8.54,0.67,8.54,0.67
72.917,8.36,0.54,8.54,0.67,8.54,0.67
72.949,8.3,0.55,8.54,0.67,8.54,0.67
72.981,8.27,0.59,8.54,0.67,8.54,0.67
73.013,8.31,0.62,8.54,0.67,8.54,0.67
73.045,8.3,0.63,8.54,0.67,8.54,0.67
73.078,8.29,0.63,8.54,0.67,8.54,0.67
73.111,8.33,0.61,8.54,0.67,8.54,0.67
73.145,8.37,0.59,8.54,0.67,8.54,0.67
73.178,8.33,0.57,8.54,0.67,8.54,0.67
73.211,8.32,0.55,8.54,0.67,8.54,0.67
73.243,8.37,0.59,8.54,0.67,8.54,0.67
73.276,8.42,0.6,8.54,0.67,8.54,0.67
73.309,8.39,0.61,8.55,0.67,8.54,0.67
73.342,8.3,0.6,8.55,0.67,8.54,0.67
73.377,8.29,0.55,8.55,0.67,8.54,0.67
73.411,8.33,0.59,8.54,0.67,8.54,0.67
73.444,8.34,0.62,8.54,0.67,8.54,0.67
73.478,8.31,0.63,8.54,0.67,8.54,0.67
73.511,8.27,0.61,8.54,0.67,8.54,0.67
73.544,8.21,0.66,8.54,0.67,8.54,0.67
73.577,8.24,0.62,8.54,0.67,8.54,0.67
73.61,8.32,0.52,8.54,0.67,8.54,0.67
73.642,8.33,0.57,8.54,0.67,8.54,0.67
73.676,8.34,0.65,8.54,0.67,8.54,0.67
73.708,8.3,0.63,8.54,0.67,8.54,0.67
73.74,8.34,0.58,8.54,0.67,8.54,0.67
73.774,8.36,0.57,8.54,0.67,8.54,0.67
73.807,8.35,0.57,8.54,0.67,8.54,0.67
73.838,8.35,0.59,8.54,0.67,8.54,0.67
73.87,8.34,0.6,8.54,0.67,8.54,0.67
73.903,8.32,0.61,8.54,0.67,8.54,0.67
73.937,8.37,0.57,8.54,0.67,8.54,0.67
73.968,8.37,0.59,8.54,0.67,8.54,0.67
74.002,8.29,0.59,8.54,0.67,8.54,0.67
74.035,8.28,0.59,8.54,0.67,8.54,0.67
74.068,8.33,0.57,8.54,0.67,8.54,0.67
74.101,8.38,0.61,8.54,0.67,8.54,0.67
74.135,8.38,0.68,8.54,0.67,8.54,0.67
74.167,8.39,0.64,8.54,0.67,8.54,0.67
74.2,8.37,0.61,8.54,0.67,8.54,0.67
74.235,8.31,0.55,8.54,0.67,8.54,0.67
74.269,8.32,0.57,8.54,0.67,8.54,0.67
74.302,8.35,0.63,8.54,0.67,8.54,0.67
74.334,8.32,0.64,8.54,0.67,8.54,0.67
74.367,8.3,0.63,8.54,0.67,8.54,0.67
74.401,8.35,0.65,8.54,0.67,8.54,0.67
74.434,8.35,0.64,8.54,0.67,8.54,0.67
74.466,8.37,0.61,8.54,0.67,8.54,0.67
74.498,8.36,0.61,8.54,0.67,8.54,0.67
74.53,8.3,0.64,8.54,0.68,8.54,0.68
74.563,8.29,0.69,8.54,0.68,8.54,0.68
74.596,8.3,0.59,8.54,0.68,8.54,0.68
74.629,8.33,0.59,8.54,0.68,8.54,0.68
74.662,8.37,0.63,8.54,0.68,8.54,0.68
74.695,8.27,0.59,8.54,0.68,8.54,0.68
74.728,8.27,0.57,8.54,0.68,8.54,0.68
74.76,8.28,0.62,8.54,0.68,8.54,0.68
74.794,8.38,0.6,8.54,0.68,8.54,0.68
74.829,8.38,0.6,8.54,0.68,8.54,0.68
74.862,8.31,0.63,8.54,0.68,8.54,0.68
74.894,8.27,0.63,8.54,0.68,8.54,0.68
74.926,8.35,0.57,8.54,0.68,8.54,0.68
74.959,8.38,0.58,8.54,0.68,8.54,0.67
74.992,8.33,0.6,8.54,0.67,8.54,0.67
75.025,8.36,0.65,8.54,0.67,8.54,0.67
75.057,8.39,0.65,8.54,0.68,8.54,0.68
75.09,8.37,0.61,8.54,0.68,8.54,0.68
75.122,8.34,0.61,8.54,0.68,8.53,0.68
75.154,8.31,0.6,8.54,0.68,8.54,0.68
75.187,8.39,0.59,8.54,0.68,8.54,0.68
75.219,8.36,0.61,8.54,0.68,8.54,0.68
75.252,8.34,0.63,8.54,0.68,8.54,0.68
75.286,8.32,0.61,8.54,0.68,8.54,0.68
75.319,8.33,0.59,8.54,0.68,8.54,0.68
75.352,8.35,0.58,8.54,0.68,8.54,0.68
75.385,8.36,0.58,8.54,0.68,8.54,0.68
75.418,8.36,0.6,8.54,0.68,8.54,0.68
75.45,8.3,0.62,8.54,0.68,8.54,0.68
75.484,8.27,0.69,8.54,0.68,8.54,0.68
75.517,8.31,0.67,8.54,0.67,8.54,0.67
75.55,8.34,0.61,8.54,0.67,8.54,0.67
75.583,8.37,0.61,8.54,0.67,8.54,0.67
75.616,8.33,0.6,8.54,0.67,8.54,0.67
75.649,8.35,0.57,8.54,0.68,8.54,0.67
75.681,8.34,0.57,8.54,0.67,8.54,0.67
75.713,8.35,0.62,8.54,0.67,8.54,0.67
75.746,8.33,0.62,8.54,0.67,8.54,0.67
75.78,8.35,0.61,8.54,0.67,8.54,0.67
75.815,8.31,0.62,8.54,0.67,8.54,0.67
75.849,8.32,0.63,8.54,0.68,8.54,0.67
75.883,8.34,0.62,8.54,0.68,8.54,0.68
75.919,8.29,0.66,8.54,0.68,8.54,0.68
75.953,8.28,0.63,8.54,0.68,8.54,0.68
75.986,8.28,0.59,8.54,0.68,8.54,0.68
76.02,8.28,0.6,8.54,0.68,8.54,0.68
76.053,8.29,0.59,8.54,0.68,8.54,0.68
76.086,8.32,0.56,8.54,0.68,8.54,0.67
76.119,8.37,0.59,8.54,0.67,8.54,0.67
76.152,8.34,0.64,8.54,0.68,8.54,0.68
76.187,8.27,0.59,8.54,0.68,8.54,0.68
76.218,8.37,0.56,8.54,0.68,8.54,0.68
76.253,8.4,0.61,8.54,0.68,8.54,0.68
76.287,8.37,0.6,8.54,0.68,8.54,0.68
76.321,8.37,0.58,8.54,0.68,8.54,0.68
76.354,8.31,0.62,8.54,0.68,8.54,0.68
76.388,8.26,0.63,8.54,0.68,8.54,0.68
76.422,8.29,0.59,8.54,0.68,8.54,0.68
76.454,8.31,0.58,8.54,0.68,8.54,0.68
76.488,8.32,0.61,8.54,0.68,8.54,0.68
76.521,8.32,0.61,8.54,0.68,8.54,0.67
76.554,8.28,0.58,8.54,0.68,8.54,0.67
76.587,8.34,0.57,8.54,0.68,8.54,0.67
76.62,8.35,0.55,8.54,0.68,8.54,0.67
76.654,8.29,0.61,8.54,0.67,8.54,0.67
76.688,8.33,0.61,8.54,0.67,8.54,0.67
76.721,8.36,0.59,8.54,0.67,8.54,0.67
76.754,8.3,0.59,8.54,0.67,8.54,0.67
76.788,8.26,0.6,8.54,0.67,8.54,0.67
76.821,8.27,0.59,8.54,0.67,8.54,0.67
76.854,8.29,0.59,8.54,0.67,8.54,0.67
76.886,8.29,0.57,8.54,0.67,8.54,0.67
76.918,8.3,0.59,8.54,0.67,8.54,0.67
76.951,8.29,0.55,8.54,0.67,8.54,0.67
76.984,8.28,0.57,8.54,0.67,8.54,0.67
77.018,8.29,0.64,8.54,0.67,8.54,0.67
77.05,8.37,0.59,8.54,0.67,8.54,0.67
77.083,8.38,0.57,8.54,0.68,8.54,0.67
77.116,8.34,0.58,8.54,0.67,8.54,0.67
77.148,8.31,0.63,8.54,0.67,8.53,0.67
77.181,8.32,0.56,8.54,0.67,8.53,0.67
77.215,8.32,0.54,8.54,0.67,8.54,0.67
77.247,8.27,0.63,8.54,0.67,8.53,0.67
77.281,8.31,0.61,8.54,0.67,8.53,0.67
77.314,8.33,0.58,8.53,0.67,8.53,0.67
77.346,8.31,0.61,8.53,0.67,8.53,0.67
77.378,8.29,0.63,8.53,0.67,8.53,0.67
77.411,8.3,0.61,8.53,0.67,8.53,0.67
77.444,8.3,0.63,8.53,0.67,8.53,0.67
77.476,8.27,0.57,8.53,0.67,8.53,0.67
77.509,8.28,0.55,8.53,0.67,8.53,0.67
77.542,8.27,0.61,8.53,0.67,8.53,0.67
77.574,8.26,0.64,8.53,0.67,8.53,0.67
77.607,8.24,0.64,8.53,0.67,8.53,0.67
77.639,8.33,0.63,8.53,0.67,8.53,0.67
77.674,8.37,0.63,8.53,0.67,8.53,0.67
77.707,8.36,0.57,8.53,0.67,8.53,0.67
77.739,8.31,0.59,8.53,0.67,8.53,0.67
77.772,8.31,0.63,8.53,0.67,8.53,0.67
77.806,8.36,0.61,8.53,0.67,8.53,0.67
77.841,8.36,0.64,8.53,0.68,8.53,0.68
77.875,8.37,0.64,8.53,0.68,8.53,0.68
77.908,8.36,0.61,8.53,0.68,8.53,0.68
77.942,8.41,0.63,8.53,0.68,8.53,0.68
77.976,8.43,0.63,8.53,0.68,8.53,0.68
78.009,8.38,0.63,8.53,0.68,8.53,0.68
78.042,8.39,0.68,8.53,0.68,8.53,0.68
78.075,8.36,0.66,8.53,0.68,8.53,0.68
78.109,8.39,0.65,8.53,0.68,8.53,0.68
78.141,8.33,0.64,8.53,0.68,8.53,0.68
78.174,8.33,0.61,8.54,0.68,8.53,0.68
78.207,8.34,0.59,8.54,0.68,8.53,0.68
78.24,8.36,0.59,8.54,0.68,8.54,0.68
78.274,8.38,0.58,8.54,0.68,8.54,0.68
78.306,8.38,0.57,8.54,0.68,8.54,0.68
78.34,8.33,0.57,8.54,0.68,8.54,0.68
78.372,8.31,0.58,8.54,0.68,8.54,0.68
78.406,8.33,0.6,8.54,0.68,8.54,0.68
78.44,8.34,0.64,8.54,0.68,8.54,0.68
78.474,8.35,0.61,8.54,0.68,8.53,0.68
78.507,8.35,0.61,8.54,0.68,8.53,0.68
78.541,8.3,0.58,8.54,0.68,8.53,0.68
78.575,8.26,0.57,8.54,0.68,8.53,0.68
78.609,8.26,0.59,8.54,0.68,8.53,0.68
78.642,8.35,0.6,8.54,0.68,8.53,0.68
78.673,8.34,0.59,8.53,0.68,8.53,0.68
78.707,8.3,0.56,8.54,0.68,8.53,0.68
78.742,8.3,0.58,8.53,0.68,8.53,0.68
78.775,8.31,0.6,8.53,0.68,8.53,0.68
78.809,8.29,0.6,8.53,0.68,8.53,0.68
78.841,8.28,0.59,8.53,0.68,8.53,0.68
78.874,8.35,0.63,8.53,0.68,8.53,0.68
78.909,8.33,0.61,8.53,0.68,8.53,0.68
78.94,8.32,0.62,8.53,0.68,8.53,0.68
78.974,8.29,0.58,8.53,0.68,8.53,0.68
79.007,8.33,0.57,8.53,0.68,8.53,0.68
79.044,8.37,0.6,8.53,0.68,8.53,0.68
79.076,8.39,0.64,8.53,0.68,8.53,0.68
79.11,8.42,0.61,8.53,0.68,8.53,0.68
79.144,8.39,0.6,8.53,0.68,8.53,0.68
79.176,8.37,0.6,8.53,0.68,8.53,0.68
79.209,8.36,0.61,8.53,0.68,8.53,0.68
79.244,8.36,0.63,8.53,0.68,8.53,0.68
79.278,8.36,0.61,8.53,0.68,8.53,0.68
79.311,8.33,0.61,8.53,0.68,8.53,0.68
79.345,8.29,0.59,8.53,0.68,8.53,0.68
79.378,8.31,0.59,8.53,0.68,8.53,0.68
79.41,8.26,0.59,8.53,0.68,8.53,0.68
79.443,8.27,0.58,8.53,0.68,8.53,0.68
79.475,8.32,0.59,8.53,0.68,8.53,0.68
79.51,8.38,0.55,8.53,0.68,8.53,0.68
79.542,8.37,0.52,8.53,0.68,8.53,0.67
79.576,8.27,0.66,8.53,0.68,8.53,0.68
79.61,8.26,0.7,8.53,0.68,8.53,0.68
79.642,8.32,0.57,8.53,0.68,8.53,0.68
79.676,8.33,0.57,8.53,0.68,8.53,0.68
79.712,8.34,0.61,8.53,0.68,8.53,0.68
79.755,8.3,0.61,8.53,0.68,8.53,0.68
79.787,8.26,0.58,8.53,0.68,8.53,0.68
79.821,8.33,0.59,8.53,0.68,8.53,0.68
79.854,8.33,0.65,8.53,0.68,8.53,0.68
79.888,8.33,0.65,8.53,0.68,8.53,0.68
79.922,8.38,0.58,8.53,0.68,8.53,0.68
79.955,8.33,0.56,8.53,0.68,8.53,0.68
79.988,8.31,0.64,8.53,0.68,8.53,0.68
80.022,8.27,0.62,8.54,0.68,8.53,0.68
80.056,8.39,0.55,8.54,0.68,8.53,0.68
80.089,8.39,0.54,8.54,0.68,8.53,0.68
80.121,8.3,0.61,8.54,0.68,8.53,0.68
80.154,8.27,0.62,8.54,0.68,8.53,0.68
80.188,8.27,0.61,8.54,0.68,8.53,0.68
80.224,8.34,0.57,8.54,0.68,8.53,0.68
80.256,8.31,0.61,8.54,0.68,8.53,0.68
80.289,8.27,0.63,8.54,0.68,8.53,0.68
80.322,8.31,0.58,8.54,0.68,8.53,0.68
80.355,8.31,0.57,8.54,0.68,8.53,0.68
80.389,8.31,0.61,8.53,0.68,8.53,0.68
80.423,8.27,0.62,8.53,0.68,8.53,0.68
80.455,8.33,0.58,8.53,0.68,8.53,0.68
80.49,8.41,0.61,8.53,0.69,8.53,0.68
80.524,8.36,0.58,8.53,0.69,8.53,0.69
80.558,8.33,0.59,8.53,0.69,8.53,0.68
80.594,8.34,0.65,8.53,0.68,8.53,0.68
80.627,8.32,0.67,8.53,0.68,8.53,0.68
80.663,8.28,0.66,8.53,0.69,8.53,0.69
80.696,8.32,0.66,8.53,0.69,8.53,0.69
80.73,8.36,0.63,8.53,0.69,8.53,0.69
80.763,8.39,0.6,8.53,0.69,8.53,0.69
80.797,8.35,0.6,8.53,0.69,8.53,0.69
80.83,8.25,0.63,8.54,0.69,8.53,0.69
80.864,8.27,0.6,8.53,0.69,8.53,0.69
80.896,8.34,0.56,8.53,0.69,8.53,0.69
80.929,8.42,0.57,8.54,0.69,8.53,0.69
80.961,8.36,0.62,8.54,0.69,8.54,0.69
80.994,8.27,0.63,8.54,0.68,8.54,0.68
81.027,8.28,0.58,8.54,0.68,8.54,0.68
81.06,8.3,0.57,8.54,0.68,8.54,0.68
81.095,8.34,0.66,8.54,0.68,8.54,0.68
81.129,8.3,0.66,8.54,0.68,8.54,0.68
81.163,8.3,0.53,8.54,0.68,8.54,0.68
81.195,8.31,0.53,8.54,0.68,8.54,0.68
81.229,8.26,0.63,8.54,0.68,8.54,0.68
81.262,8.26,0.64,8.54,0.68,8.54,0.68
81.297,8.29,0.63,8.54,0.68,8.54,0.68
81.33,8.3,0.56,8.54,0.68,8.54,0.68
81.363,8.3,0.62,8.54,0.68,8.54,0.68
81.397,8.27,0.66,8.54,0.68,8.54,0.68
81.431,8.28,0.61,8.54,0.68,8.54,0.68
81.465,8.36,0.59,8.54,0.68,8.54,0.68
81.496,8.35,0.66,8.54,0.68,8.54,0.68
81.53,8.35,0.68,8.54,0.68,8.54,0.68
81.563,8.36,0.59,8.54,0.68,8.54,0.68
81.596,8.34,0.57,8.54,0.68,8.54,0.68
81.63,8.35,0.59,8.54,0.68,8.54,0.68
81.664,8.28,0.59,8.54,0.68,8.54,0.68
81.698,8.26,0.56,8.54,0.68,8.54,0.68
81.732,8.29,0.55,8.54,0.68,8.54,0.68
81.766,8.32,0.57,8.54,0.68,8.54,0.68
81.797,8.31,0.63,8.54,0.68,8.54,0.68
81.831,8.33,0.62,8.54,0.68,8.54,0.68
81.866,8.36,0.61,8.54,0.68,8.54,0.68
81.898,8.36,0.64,8.54,0.68,8.54,0.68
81.932,8.33,0.64,8.54,0.69,8.54,0.68
81.965,8.31,0.59,8.54,0.69,8.54,0.69
81.997,8.32,0.57,8.54,0.69,8.54,0.69
82.031,8.35,0.57,8.54,0.69,8.54,0.69
82.065,8.29,0.59,8.54,0.68,8.54,0.68
82.099,8.25,0.61,8.54,0.68,8.54,0.68
82.134,8.37,0.57,8.54,0.68,8.54,0.68
82.167,8.4,0.6,8.54,0.68,8.54,0.68
82.202,8.3,0.66,8.54,0.68,8.54,0.68
82.236,8.32,0.66,8.54,0.68,8.54,0.68
82.27,8.32,0.62,8.54,0.68,8.54,0.68
82.305,8.35,0.62,8.54,0.68,8.54,0.68
82.336,8.36,0.63,8.54,0.68,8.54,0.68
82.369,8.32,0.66,8.54,0.68,8.54,0.68
82.403,8.3,0.68,8.54,0.68,8.54,0.68
82.437,8.3,0.62,8.54,0.68,8.54,0.68
82.47,8.31,0.59,8.54,0.68,8.54,0.68
82.503,8.34,0.52,8.54,0.68,8.54,0.68
82.536,8.31,0.55,8.54,0.68,8.54,0.68
82.569,8.28,0.6,8.54,0.68,8.54,0.68
82.603,8.29,0.66,8.54,0.68,8.54,0.68
82.637,8.33,0.6,8.54,0.68,8.54,0.68
82.671,8.34,0.62,8.54,0.68,8.53,0.68
82.705,8.33,0.62,8.54,0.68,8.53,0.68
82.74,8.32,0.57,8.54,0.68,8.53,0.68
82.772,8.31,0.57,8.54,0.68,8.53,0.68
82.806,8.34,0.67,8.54,0.68,8.54,0.68
82.84,8.35,0.63,8.54,0.68,8.54,0.68
82.875,8.35,0.57,8.54,0.68,8.54,0.68
82.908,8.36,0.59,8.54,0.68,8.54,0.68
82.941,8.35,0.64,8.54,0.68,8.54,0.68
82.975,8.32,0.58,8.54,0.68,8.54,0.68
83.009,8.33,0.54,8.54,0.68,8.54,0.68
83.041,8.32,0.51,8.54,0.68,8.54,0.68
83.075,8.32,0.68,8.54,0.68,8.54,0.68
83.11,8.34,0.69,8.54,0.68,8.54,0.68
83.144,8.33,0.6,8.54,0.69,8.54,0.68
83.178,8.32,0.59,8.54,0.69,8.54,0.68
83.212,8.34,0.59,8.54,0.68,8.54,0.68
83.247,8.33,0.57,8.54,0.68,8.54,0.68
83.281,8.31,0.55,8.54,0.68,8.54,0.68
83.314,8.38,0.59,8.54,0.68,8.54,0.68
83.346,8.38,0.61,8.54,0.68,8.54,0.68
83.378,8.29,0.61,8.54,0.68,8.54,0.68
83.411,8.32,0.61,8.54,0.68,8.54,0.68
83.443,8.35,0.61,8.54,0.68,8.54,0.68
83.475,8.37,0.57,8.54,0.68,8.54,0.68
83.509,8.33,0.61,8.54,0.68,8.54,0.68
83.541,8.28,0.63,8.54,0.68,8.54,0.68
83.573,8.29,0.59,8.54,0.68,8.54,0.68
83.607,8.37,0.62,8.54,0.68,8.54,0.68
83.639,8.36,0.67,8.54,0.68,8.54,0.68
83.672,8.32,0.7,8.54,0.68,8.54,0.68
83.704,8.25,0.59,8.54,0.69,8.54,0.69
83.737,8.3,0.55,8.54,0.69,8.54,0.68
83.77,8.36,0.57,8.54,0.68,8.54,0.68
83.802,8.32,0.52,8.54,0.68,8.54,0.68
83.835,8.33,0.57,8.54,0.68,8.54,0.68
83.868,8.27,0.6,8.54,0.68,8.53,0.68
83.901,8.26,0.65,8.54,0.68,8.53,0.68
83.935,8.28,0.61,8.54,0.68,8.53,0.68
83.968,8.32,0.57,8.54,0.68,8.53,0.68
84.004,8.34,0.64,8.53,0.68,8.53,0.68
84.036,8.34,0.66,8.53,0.68,8.53,0.68
84.07,8.33,0.57,8.53,0.68,8.53,0.68
84.104,8.36,0.55,8.53,0.68,8.53,0.68
84.136,8.35,0.65,8.53,0.68,8.53,0.68
84.169,8.29,0.67,8.53,0.68,8.53,0.68
84.203,8.32,0.58,8.53,0.68,8.53,0.68
84.234,8.35,0.61,8.53,0.68,8.53,0.68
84.267,8.37,0.66,8.53,0.68,8.53,0.68
84.3,8.3,0.61,8.54,0.68,8.53,0.68
84.334,8.28,0.62,8.53,0.68,8.53,0.68
84.373,8.32,0.64,8.53,0.68,8.53,0.68
84.406,8.31,0.61,8.53,0.68,8.53,0.68
84.44,8.29,0.59,8.53,0.68,8.53,0.68
84.474,8.36,0.63,8.53,0.68,8.53,0.68
84.508,8.37,0.57,8.53,0.68,8.53,0.68
84.54,8.33,0.59,8.53,0.68,8.53,0.68
84.573,8.32,0.64,8.53,0.68,8.53,0.68
84.607,8.34,0.63,8.53,0.68,8.53,0.68
84.64,8.34,0.57,8.53,0.68,8.53,0.68
84.675,8.3,0.55,8.53,0.68,8.53,0.68
84.708,8.26,0.65,8.53,0.68,8.53,0.68
84.74,8.27,0.64,8.53,0.68,8.53,0.68
84.773,8.34,0.52,8.53,0.68,8.53,0.68
84.805,8.33,0.57,8.53,0.68,8.53,0.68
84.839,8.33,0.64,8.53,0.68,8.53,0.68
84.873,8.32,0.6,8.53,0.68,8.53,0.68
84.907,8.35,0.58,8.53,0.68,8.53,0.68
84.941,8.34,0.61,8.53,0.68,8.53,0.68
84.974,8.31,0.63,8.53,0.68,8.53,0.68
85.008,8.32,0.59,8.53,0.68,8.53,0.68
85.042,8.33,0.55,8.53,0.68,8.53,0.68
85.076,8.36,0.59,8.53,0.68,8.53,0.68
85.109,8.36,0.62,8.54,0.68,8.53,0.68
85.142,8.33,0.63,8.54,0.68,8.54,0.68
85.175,8.31,0.59,8.54,0.68,8.53,0.67
85.207,8.29,0.58,8.54,0.67,8.53,0.67
85.24,8.28,0.63,8.54,0.67,8.53,0.67
85.274,8.32,0.63,8.54,0.67,8.53,0.67
85.308,8.37,0.55,8.54,0.67,8.53,0.67
85.341,8.36,0.57,8.53,0.67,8.53,0.67
85.375,8.3,0.72,8.54,0.67,8.53,0.68
85.409,8.25,0.66,8.54,0.68,8.53,0.68
85.442,8.32,0.55,8.54,0.68,8.53,0.68
85.476,8.38,0.57,8.54,0.68,8.53,0.67
85.508,8.35,0.66,8.54,0.67,8.53,0.67
85.541,8.28,0.67,8.54,0.67,8.53,0.67
85.574,8.31,0.6,8.54,0.68,8.53,0.68
85.607,8.33,0.63,8.54,0.68,8.53,0.68
85.641,8.34,0.66,8.54,0.68,8.53,0.68
85.673,8.3,0.59,8.54,0.68,8.53,0.68
85.707,8.33,0.55,8.54,0.68,8.53,0.68
85.742,8.34,0.56,8.53,0.68,8.53,0.67
85.776,8.28,0.63,8.54,0.68,8.53,0.67
85.809,8.29,0.62,8.54,0.68,8.53,0.68
85.841,8.29,0.61,8.54,0.68,8.53,0.68
85.873,8.3,0.66,8.54,0.68,8.54,0.68
85.907,8.35,0.63,8.54,0.68,8.54,0.67
85.939,8.36,0.59,8.54,0.68,8.54,0.67
85.972,8.37,0.57,8.54,0.68,8.54,0.67
86.007,8.26,0.59,8.54,0.68,8.53,0.67
86.042,8.28,0.59,8.54,0.68,8.53,0.67
86.074,8.33,0.55,8.53,0.68,8.53,0.68
86.108,8.3,0.54,8.54,0.68,8.53,0.67
86.141,8.31,0.63,8.54,0.68,8.53,0.68
86.174,8.33,0.63,8.54,0.68,8.53,0.67
86.208,8.34,0.6,8.54,0.67,8.53,0.67
86.242,8.35,0.61,8.54,0.67,8.53,0.67
86.276,8.32,0.65,8.54,0.67,8.53,0.67
86.31,8.32,0.66,8.54,0.67,8.54,0.67
86.346,8.34,0.63,8.54,0.67,8.53,0.67
86.381,8.37,0.57,8.54,0.67,8.54,0.67
86.415,8.35,0.59,8.54,0.67,8.54,0.67
86.458,8.28,0.6,8.54,0.67,8.54,0.67
86.494,8.29,0.59,8.54,0.67,8.54,0.67
86.526,8.38,0.59,8.54,0.67,8.54,0.67
86.559,8.4,0.6,8.54,0.67,8.54,0.67
86.592,8.36,0.62,8.54,0.67,8.54,0.67
86.624,8.34,0.63,8.54,0.67,8.54,0.67
86.657,8.3,0.59,8.54,0.67,8.54,0.67
86.69,8.31,0.58,8.54,0.67,8.54,0.67
86.722,8.37,0.61,8.54,0.67,8.54,0.67
86.755,8.32,0.64,8.54,0.67,8.54,0.67
86.788,8.29,0.63,8.54,0.67,8.54,0.67
86.821,8.33,0.61,8.54,0.67,8.54,0.67
86.853,8.32,0.59,8.54,0.67,8.54,0.67
86.885,8.28,0.59,8.54,0.67,8.54,0.67
86.917,8.3,0.59,8.54,0.67,8.54,0.67
86.951,8.33,0.57,8.54,0.67,8.54,0.67
86.982,8.34,0.57,8.54,0.67,8.54,0.67
87.016,8.29,0.58,8.54,0.67,8.54,0.67
87.049,8.29,0.63,8.54,0.67,8.54,0.67
87.081,8.31,0.65,8.54,0.67,8.54,0.67
87.112,8.36,0.61,8.54,0.67,8.54,0.67
87.145,8.35,0.61,8.54,0.67,8.54,0.67
87.18,8.36,0.59,8.54,0.67,8.54,0.67
87.213,8.29,0.59,8.54,0.67,8.54,0.67
87.246,8.3,0.64,8.54,0.67,8.54,0.67
87.279,8.36,0.66,8.54,0.67,8.54,0.67
87.312,8.37,0.61,8.54,0.67,8.54,0.67
87.346,8.31,0.52,8.54,0.67,8.54,0.67
87.378,8.33,0.55,8.54,0.67,8.53,0.67
87.411,8.34,0.64,8.54,0.67,8.54,0.67
87.445,8.32,0.62,8.54,0.67,8.54,0.67
87.478,8.27,0.57,8.54,0.67,8.54,0.67
87.511,8.32,0.59,8.54,0.67,8.54,0.67
87.545,8.34,0.6,8.54,0.67,8.54,0.67
87.579,8.3,0.62,8.54,0.67,8.54,0.67
87.613,8.3,0.63,8.54,0.67,8.54,0.67
87.65,8.35,0.65,8.54,0.67,8.54,0.67
87.685,8.37,0.62,8.54,0.67,8.54,0.67
87.72,8.34,0.57,8.54,0.67,8.54,0.67
87.752,8.36,0.55,8.54,0.67,8.54,0.67
87.784,8.37,0.54,8.55,0.67,8.54,0.67
87.817,8.39,0.63,8.55,0.67,8.55,0.67
87.851,8.35,0.61,8.55,0.67,8.55,0.67
87.884,8.29,0.64,8.55,0.67,8.55,0.67
87.917,8.27,0.66,8.55,0.67,8.54,0.67
87.951,8.38,0.61,8.55,0.67,8.54,0.67
87.984,8.39,0.59,8.55,0.67,8.54,0.67
88.017,8.35,0.6,8.55,0.67,8.54,0.67
88.051,8.3,0.63,8.54,0.67,8.54,0.67
88.083,8.29,0.66,8.54,0.67,8.54,0.67
88.116,8.27,0.58,8.54,0.67,8.54,0.67
88.149,8.3,0.54,8.54,0.67,8.54,0.67
88.182,8.32,0.57,8.54,0.67,8.54,0.67
88.215,8.35,0.63,8.54,0.67,8.54,0.67
88.247,8.33,0.68,8.54,0.67,8.54,0.67
88.279,8.33,0.64,8.54,0.67,8.54,0.67
88.313,8.38,0.6,8.54,0.67,8.54,0.67
88.347,8.31,0.61,8.54,0.67,8.54,0.67
88.382,8.27,0.59,8.54,0.67,8.54,0.67
88.417,8.31,0.57,8.54,0.67,8.54,0.67
88.449,8.32,0.63,8.54,0.67,8.54,0.67
88.482,8.29,0.66,8.54,0.67,8.54,0.67
88.516,8.28,0.65,8.54,0.67,8.54,0.67
88.551,8.35,0.64,8.54,0.67,8.54,0.67
88.583,8.37,0.61,8.54,0.67,8.54,0.67
88.615,8.35,0.57,8.54,0.67,8.54,0.67
88.648,8.3,0.54,8.54,0.67,8.54,0.67
88.681,8.31,0.52,8.54,0.67,8.54,0.67
88.713,8.33,0.59,8.54,0.67,8.54,0.67
88.746,8.33,0.58,8.54,0.67,8.54,0.67
88.778,8.33,0.55,8.54,0.67,8.54,0.67
88.811,8.35,0.6,8.54,0.67,8.54,0.67
88.843,8.29,0.63,8.54,0.67,8.54,0.67
88.877,8.29,0.59,8.54,0.67,8.54,0.67
88.909,8.28,0.59,8.54,0.67,8.54,0.67
88.943,8.25,0.57,8.54,0.67,8.54,0.67
88.975,8.37,0.53,8.54,0.67,8.54,0.67
89.008,8.39,0.55,8.54,0.67,8.54,0.67
89.042,8.35,0.57,8.54,0.67,8.54,0.67
89.076,8.29,0.61,8.54,0.67,8.54,0.67
89.11,8.33,0.63,8.54,0.67,8.54,0.67
89.144,8.34,0.55,8.54,0.67,8.54,0.67
89.178,8.28,0.55,8.54,0.67,8.54,0.67
89.214,8.28,0.61,8.54,0.67,8.54,0.67
89.248,8.29,0.65,8.54,0.67,8.54,0.67
89.283,8.3,0.64,8.54,0.67,8.54,0.67
89.319,8.28,0.64,8.54,0.67,8.54,0.67
89.351,8.31,0.64,8.54,0.67,8.54,0.67
89.384,8.32,0.63,8.54,0.67,8.54,0.67
89.419,8.3,0.62,8.55,0.67,8.54,0.67
89.453,8.38,0.57,8.54,0.68,8.54,0.67
89.485,8.35,0.59,8.55,0.67,8.54,0.67
89.519,8.3,0.59,8.55,0.67,8.55,0.67
89.551,8.29,0.57,8.55,0.67,8.55,0.67
89.584,8.26,0.57,8.55,0.67,8.54,0.67
89.617,8.3,0.62,8.55,0.67,8.54,0.67
89.652,8.31,0.61,8.54,0.67,8.54,0.67
89.686,8.29,0.56,8.54,0.67,8.54,0.67
89.72,8.28,0.57,8.54,0.67,8.54,0.67
89.753,8.31,0.69,8.55,0.67,8.54,0.67
89.786,8.29,0.64,8.55,0.67,8.54,0.67
89.82,8.29,0.57,8.55,0.67,8.54,0.67
89.854,8.31,0.54,8.54,0.67,8.54,0.67
89.887,8.35,0.61,8.54,0.67,8.54,0.67
89.922,8.34,0.61,8.54,0.67,8.54,0.67
89.955,8.31,0.6,8.54,0.67,8.54,0.67
89.989,8.33,0.61,8.54,0.67,8.54,0.67
90.025,8.3,0.57,8.54,0.67,8.54,0.67
90.058,8.33,0.58,8.54,0.67,8.54,0.67
90.092,8.34,0.59,8.54,0.67,8.54,0.67
90.126,8.29,0.57,8.54,0.67,8.54,0.67
90.16,8.28,0.59,8.54,0.67,8.54,0.67
90.195,8.31,0.61,8.54,0.67,8.54,0.67
90.23,8.33,0.59,8.54,0.67,8.54,0.67
90.262,8.35,0.59,8.54,0.67,8.54,0.67
90.295,8.39,0.59,8.54,0.67,8.54,0.67
90.327,8.35,0.61,8.54,0.67,8.54,0.67
90.361,8.31,0.55,8.54,0.67,8.54,0.67
90.395,8.34,0.55,8.54,0.67,8.54,0.67
90.428,8.35,0.65,8.54,0.67,8.54,0.67
90.46,8.33,0.65,8.54,0.67,8.54,0.67
90.493,8.28,0.61,8.54,0.67,8.54,0.67
90.526,8.26,0.57,8.54,0.67,8.54,0.67
90.559,8.32,0.6,8.54,0.67,8.54,0.67
90.592,8.35,0.6,8.54,0.67,8.54,0.67
90.627,8.33,0.57,8.54,0.67,8.54,0.67
90.66,8.32,0.56,8.54,0.67,8.54,0.67
90.693,8.32,0.59,8.54,0.67,8.54,0.67
90.727,8.31,0.59,8.54,0.67,8.54,0.67
90.76,8.35,0.61,8.54,0.67,8.54,0.67
90.793,8.32,0.61,8.54,0.67,8.54,0.67
90.826,8.28,0.59,8.54,0.67,8.54,0.67
90.858,8.31,0.57,8.54,0.67,8.54,0.67
90.891,8.34,0.63,8.54,0.67,8.54,0.67
90.925,8.3,0.66,8.54,0.67,8.54,0.67
90.958,8.28,0.63,8.54,0.67,8.54,0.67
90.992,8.32,0.65,8.54,0.67,8.54,0.67
91.026,8.37,0.63,8.54,0.67,8.54,0.67
91.059,8.33,0.59,8.54,0.67,8.54,0.67
91.093,8.32,0.58,8.54,0.67,8.54,0.67
91.126,8.34,0.54,8.54,0.67,8.54,0.67
91.159,8.34,0.54,8.54,0.67,8.54,0.67
91.193,8.31,0.59,8.54,0.67,8.54,0.67
91.227,8.3,0.62,8.54,0.67,8.54,0.67
91.261,8.35,0.59,8.54,0.67,8.54,0.67
91.295,8.38,0.58,8.54,0.67,8.54,0.67
91.329,8.41,0.56,8.55,0.67,8.54,0.67
91.361,8.35,0.63,8.55,0.67,8.54,0.67
91.395,8.33,0.66,8.55,0.67,8.55,0.67
91.431,8.35,0.66,8.55,0.67,8.55,0.67
91.465,8.33,0.58,8.55,0.67,8.55,0.67
91.498,8.24,0.61,8.55,0.67,8.54,0.67
91.531,8.28,0.64,8.55,0.67,8.54,0.67
91.563,8.31,0.63,8.54,0.67,8.54,0.67
91.596,8.36,0.58,8.54,0.67,8.54,0.67
91.628,8.35,0.59,8.55,0.67,8.54,0.67
91.662,8.28,0.56,8.55,0.67,8.54,0.67
91.695,8.33,0.57,8.55,0.67,8.54,0.67
91.728,8.38,0.64,8.55,0.67,8.54,0.67
91.763,8.33,0.64,8.55,0.67,8.54,0.67
91.797,8.3,0.63,8.55,0.67,8.54,0.67
91.832,8.34,0.6,8.54,0.67,8.54,0.67
91.865,8.33,0.59,8.55,0.67,8.54,0.67
91.9,8.33,0.61,8.54,0.67,8.54,0.67
91.934,8.33,0.61,8.54,0.67,8.54,0.67
91.969,8.37,0.6,8.54,0.67,8.54,0.67
92.006,8.39,0.61,8.54,0.67,8.54,0.67
92.041,8.35,0.61,8.55,0.67,8.54,0.67
92.073,8.29,0.59,8.55,0.67,8.54,0.67
92.106,8.29,0.59,8.55,0.67,8.54,0.67
92.138,8.31,0.64,8.55,0.67,8.54,0.67
92.171,8.31,0.64,8.55,0.67,8.54,0.67
92.204,8.33,0.63,8.55,0.67,8.54,0.67
92.237,8.33,0.63,8.55,0.67,8.54,0.67
92.27,8.3,0.62,8.54,0.67,8.54,0.67
92.303,8.3,0.59,8.54,0.67,8.54,0.67
92.335,8.36,0.57,8.54,0.67,8.54,0.67
92.369,8.3,0.62,8.54,0.67,8.54,0.67
92.401,8.29,0.65,8.54,0.67,8.54,0.67
92.434,8.29,0.59,8.54,0.67,8.54,0.67
92.467,8.29,0.59,8.54,0.67,8.54,0.67
92.501,8.4,0.6,8.54,0.67,8.54,0.67
92.536,8.39,0.63,8.54,0.67,8.54,0.67
92.57,8.34,0.66,8.54,0.67,8.54,0.67
92.605,8.39,0.61,8.54,0.67,8.54,0.67
92.638,8.38,0.57,8.55,0.67,8.54,0.67
92.672,8.28,0.55,8.55,0.67,8.54,0.67
92.705,8.27,0.57,8.54,0.67,8.54,0.67
92.738,8.36,0.61,8.54,0.67,8.54,0.67
92.772,8.37,0.62,8.54,0.67,8.54,0.67
92.804,8.3,0.61,8.54,0.67,8.54,0.67
92.838,8.31,0.64,8.54,0.67,8.54,0.67
92.872,8.33,0.61,8.54,0.67,8.54,0.67
92.904,8.34,0.58,8.54,0.67,8.54,0.67
92.937,8.37,0.6,8.54,0.67,8.54,0.67
92.97,8.34,0.63,8.54,0.67,8.54,0.67
93.001,8.31,0.61,8.54,0.67,8.54,0.67
93.035,8.28,0.64,8.54,0.67,8.54,0.67
93.068,8.32,0.61,8.54,0.67,8.54,0.67
93.101,8.33,0.59,8.54,0.67,8.54,0.67
93.136,8.31,0.69,8.54,0.67,8.54,0.67
93.171,8.33,0.67,8.54,0.67,8.54,0.67
93.205,8.37,0.59,8.54,0.67,8.54,0.67
93.238,8.33,0.57,8.54,0.67,8.54,0.67
93.272,8.32,0.63,8.54,0.67,8.54,0.67
93.304,8.37,0.64,8.54,0.67,8.54,0.67
93.338,8.37,0.59,8.54,0.67,8.54,0.67
93.373,8.26,0.57,8.54,0.67,8.54,0.67
93.41,8.26,0.59,8.54,0.67,8.54,0.67
93.442,8.33,0.64,8.54,0.67,8.53,0.67
93.476,8.3,0.68,8.54,0.67,8.53,0.67
93.51,8.36,0.58,8.54,0.67,8.54,0.67
93.543,8.38,0.55,8.54,0.67,8.54,0.67
93.576,8.3,0.66,8.54,0.67,8.54,0.67
93.608,8.23,0.63,8.54,0.67,8.54,0.67
93.641,8.23,0.58,8.54,0.67,8.53,0.67
93.674,8.35,0.59,8.54,0.67,8.54,0.67
93.707,8.34,0.62,8.54,0.67,8.54,0.67
93.74,8.36,0.59,8.54,0.67,8.54,0.67
93.772,8.32,0.57,8.54,0.67,8.54,0.67
93.804,8.26,0.59,8.54,0.67,8.54,0.67
93.838,8.29,0.65,8.54,0.67,8.54,0.67
93.87,8.33,0.66,8.54,0.67,8.54,0.67
93.903,8.33,0.59,8.54,0.68,8.54,0.67
93.936,8.35,0.6,8.54,0.68,8.54,0.67
93.968,8.35,0.66,8.54,0.68,8.54,0.68
94.003,8.33,0.65,8.54,0.68,8.54,0.68
94.037,8.29,0.62,8.54,0.68,8.54,0.68
94.071,8.27,0.57,8.54,0.68,8.54,0.68
94.107,8.29,0.57,8.54,0.68,8.54,0.68
94.143,8.36,0.59,8.54,0.68,8.54,0.68
94.177,8.34,0.57,8.54,0.68,8.54,0.67
94.213,8.31,0.59,8.54,0.67,8.54,0.67
94.248,8.31,0.61,8.54,0.67,8.54,0.67
94.279,8.3,0.61,8.54,0.68,8.54,0.68
94.311,8.36,0.59,8.54,0.68,8.54,0.68
94.345,8.33,0.57,8.54,0.68,8.54,0.67
94.38,8.29,0.59,8.54,0.67,8.54,0.67
94.413,8.28,0.64,8.54,0.67,8.54,0.67
94.446,8.31,0.61,8.54,0.68,8.54,0.67
94.48,8.33,0.61,8.54,0.67,8.54,0.67
94.515,8.31,0.59,8.54,0.67,8.54,0.67
94.55,8.32,0.59,8.54,0.67,8.54,0.67
94.586,8.31,0.57,8.54,0.67,8.54,0.67
94.617,8.29,0.58,8.54,0.67,8.54,0.67
94.651,8.3,0.67,8.54,0.67,8.54,0.67
94.683,8.3,0.64,8.54,0.68,8.54,0.68
94.716,8.41,0.56,8.54,0.68,8.54,0.67
94.75,8.39,0.57,8.54,0.68,8.54,0.67
94.785,8.28,0.61,8.54,0.67,8.54,0.67
94.817,8.28,0.61,8.54,0.67,8.54,0.67
94.849,8.25,0.61,8.54,0.68,8.54,0.67
94.882,8.28,0.63,8.54,0.67,8.54,0.67
94.916,8.33,0.61,8.54,0.67,8.54,0.67
94.95,8.34,0.58,8.54,0.68,8.54,0.67
94.985,8.33,0.57,8.54,0.68,8.54,0.67
95.018,8.3,0.59,8.54,0.68,8.54,0.67
95.052,8.31,0.6,8.54,0.68,8.54,0.68
95.084,8.32,0.62,8.54,0.68,8.54,0.68
95.117,8.33,0.63,8.54,0.68,8.54,0.68
95.15,8.38,0.61,8.54,0.68,8.54,0.68
95.185,8.35,0.61,8.54,0.68,8.54,0.68
95.228,8.31,0.63,8.54,0.68,8.54,0.68
95.266,8.29,0.61,8.54,0.68,8.54,0.68
95.301,8.32,0.59,8.54,0.68,8.54,0.68
95.334,8.32,0.59,8.54,0.68,8.54,0.68
95.368,8.36,0.61,8.54,0.68,8.54,0.68
95.401,8.38,0.61,8.54,0.68,8.54,0.68
95.435,8.34,0.63,8.55,0.68,8.54,0.68
95.471,8.31,0.66,8.55,0.68,8.54,0.68
95.504,8.29,0.64,8.55,0.68,8.54,0.68
95.537,8.27,0.6,8.55,0.68,8.54,0.68
95.571,8.33,0.61,8.55,0.68,8.54,0.68
95.605,8.34,0.6,8.55,0.68,8.54,0.68
95.639,8.3,0.61,8.55,0.68,8.54,0.67
95.672,8.3,0.61,8.55,0.68,8.54,0.68
95.704,8.3,0.57,8.55,0.68,8.54,0.68
95.739,8.33,0.59,8.55,0.68,8.54,0.68
95.774,8.34,0.57,8.55,0.68,8.54,0.68
95.807,8.35,0.6,8.55,0.68,8.54,0.68
95.84,8.32,0.59,8.55,0.68,8.54,0.68
95.873,8.28,0.61,8.55,0.68,8.54,0.68
95.907,8.29,0.63,8.54,0.68,8.54,0.68
95.939,8.36,0.64,8.54,0.68,8.54,0.68
95.974,8.33,0.67,8.54,0.68,8.54,0.68
96.007,8.31,0.64,8.54,0.68,8.54,0.68
96.038,8.35,0.53,8.54,0.68,8.54,0.68
96.071,8.35,0.57,8.54,0.68,8.54,0.68
96.105,8.28,0.59,8.54,0.68,8.54,0.68
96.137,8.3,0.6,8.54,0.68,8.54,0.68
96.171,8.34,0.59,8.54,0.68,8.54,0.68
96.205,8.36,0.63,8.54,0.68,8.54,0.68
96.237,8.35,0.66,8.54,0.68,8.54,0.68
96.27,8.33,0.61,8.54,0.68,8.54,0.68
96.305,8.32,0.59,8.54,0.68,8.54,0.68
96.339,8.32,0.55,8.54,0.68,8.54,0.68
96.372,8.34,0.59,8.55,0.68,8.54,0.68
96.405,8.27,0.59,8.55,0.68,8.54,0.68
96.438,8.27,0.59,8.54,0.68,8.54,0.68
96.469,8.33,0.59,8.54,0.68,8.54,0.68
96.504,8.39,0.59,8.54,0.68,8.54,0.68
96.539,8.39,0.59,8.54,0.68,8.54,0.68
96.572,8.35,0.59,8.54,0.68,8.54,0.68
96.607,8.37,0.57,8.54,0.68,8.54,0.68
96.641,8.37,0.59,8.55,0.68,8.54,0.68
96.673,8.3,0.62,8.55,0.68,8.54,0.68
96.704,8.3,0.59,8.54,0.68,8.54,0.68
96.737,8.36,0.59,8.54,0.68,8.54,0.68
96.769,8.38,0.62,8.54,0.68,8.54,0.68
96.8,8.28,0.61,8.54,0.68,8.54,0.68
96.834,8.28,0.61,8.54,0.68,8.54,0.68
96.866,8.31,0.57,8.54,0.68,8.54,0.68
96.9,8.32,0.58,8.54,0.68,8.54,0.68
96.932,8.3,0.63,8.54,0.68,8.54,0.68
96.968,8.34,0.61,8.54,0.68,8.54,0.68
97.001,8.39,0.57,8.54,0.68,8.54,0.68
97.035,8.34,0.58,8.54,0.68,8.54,0.68
97.068,8.31,0.6,8.54,0.68,8.54,0.68
97.1,8.32,0.61,8.54,0.68,8.54,0.68
97.132,8.32,0.61,8.54,0.68,8.54,0.68
97.167,8.34,0.63,8.54,0.68,8.54,0.68
97.202,8.38,0.61,8.54,0.68,8.54,0.68
97.234,8.35,0.59,8.54,0.68,8.54,0.68
97.266,8.34,0.57,8.54,0.68,8.54,0.68
97.299,8.31,0.62,8.54,0.68,8.54,0.68
97.333,8.26,0.72,8.54,0.68,8.54,0.68
97.367,8.25,0.68,8.54,0.68,8.54,0.68
97.399,8.3,0.56,8.54,0.68,8.54,0.68
97.432,8.34,0.56,8.54,0.68,8.54,0.68
97.465,8.34,0.6,8.54,0.68,8.53,0.68
97.499,8.31,0.61,8.54,0.68,8.53,0.67
97.534,8.3,0.57,8.54,0.68,8.53,0.67
97.569,8.38,0.55,8.53,0.68,8.53,0.67
97.601,8.37,0.55,8.53,0.67,8.53,0.67
97.634,8.33,0.59,8.54,0.67,8.53,0.67
97.666,8.28,0.64,8.54,0.67,8.53,0.67
97.699,8.24,0.59,8.54,0.67,8.53,0.67
97.732,8.31,0.63,8.53,0.67,8.53,0.67
97.765,8.37,0.68,8.53,0.67,8.53,0.67
97.798,8.4,0.66,8.53,0.67,8.53,0.67
97.83,8.3,0.67,8.53,0.67,8.53,0.67
97.863,8.28,0.68,8.53,0.67,8.53,0.67
97.895,8.32,0.6,8.53,0.67,8.53,0.67
97.929,8.29,0.61,8.53,0.68,8.53,0.67
97.962,8.3,0.63,8.53,0.68,8.53,0.68
97.994,8.34,0.59,8.53,0.68,8.53,0.68
98.027,8.27,0.59,8.53,0.68,8.53,0.68
98.06,8.26,0.58,8.53,0.68,8.53,0.68
98.092,8.34,0.62,8.53,0.68,8.53,0.68
98.124,8.38,0.64,8.53,0.68,8.53,0.68
98.157,8.37,0.55,8.53,0.68,8.53,0.68
98.189,8.36,0.54,8.53,0.68,8.53,0.68
98.223,8.27,0.55,8.53,0.68,8.53,0.67
98.258,8.24,0.57,8.53,0.68,8.53,0.67
98.29,8.34,0.61,8.53,0.68,8.53,0.67
98.322,8.35,0.61,8.53,0.68,8.53,0.68
98.355,8.28,0.59,8.53,0.68,8.53,0.67
98.388,8.29,0.59,8.53,0.67,8.53,0.67
98.421,8.29,0.6,8.53,0.67,8.53,0.67
98.453,8.23,0.63,8.53,0.67,8.53,0.67
98.486,8.28,0.59,8.53,0.67,8.53,0.67
98.519,8.33,0.63,8.53,0.67,8.53,0.67
98.552,8.34,0.65,8.53,0.67,8.53,0.67
98.585,8.29,0.59,8.53,0.67,8.53,0.67
98.617,8.27,0.55,8.53,0.67,8.53,0.67
98.65,8.29,0.55,8.53,0.67,8.53,0.67
98.682,8.33,0.61,8.53,0.67,8.53,0.67
98.716,8.35,0.68,8.53,0.67,8.53,0.67
98.748,8.36,0.59,8.53,0.67,8.53,0.67
98.781,8.34,0.59,8.53,0.67,8.53,0.67
98.815,8.34,0.58,8.53,0.67,8.53,0.67
98.848,8.36,0.59,8.53,0.67,8.53,0.67
98.88,8.31,0.57,8.53,0.67,8.53,0.67
98.913,8.31,0.57,8.53,0.67,8.53,0.67
98.947,8.35,0.6,8.53,0.67,8.53,0.67
98.978,8.38,0.64,8.53,0.67,8.53,0.67
99.012,8.36,0.63,8.53,0.67,8.53,0.67
99.046,8.35,0.62,8.54,0.68,8.53,0.68
99.079,8.4,0.64,8.54,0.68,8.53,0.68
99.113,8.42,0.63,8.54,0.68,8.53,0.68
99.146,8.3,0.62,8.54,0.68,8.53,0.68
99.179,8.3,0.57,8.54,0.68,8.53,0.67
99.212,8.35,0.58,8.54,0.67,8.53,0.67
99.247,8.36,0.6,8.54,0.67,8.53,0.67
99.281,8.38,0.59,8.54,0.67,8.54,0.67
99.315,8.37,0.6,8.54,0.67,8.54,0.67
99.35,8.31,0.61,8.54,0.67,8.53,0.67
99.382,8.32,0.59,8.54,0.67,8.53,0.67
99.414,8.32,0.61,8.54,0.67,8.53,0.67
99.447,8.34,0.62,8.54,0.67,8.54,0.67
99.481,8.36,0.64,8.54,0.67,8.54,0.67
99.514,8.34,0.64,8.54,0.67,8.54,0.67
99.546,8.32,0.59,8.54,0.67,8.54,0.67
99.579,8.29,0.58,8.54,0.67,8.54,0.67
99.612,8.28,0.61,8.54,0.67,8.53,0.67
99.644,8.29,0.64,8.54,0.67,8.53,0.67
99.676,8.36,0.62,8.53,0.68,8.53,0.67
99.71,8.35,0.59,8.53,0.68,8.53,0.68
99.743,8.28,0.59,8.53,0.68,8.53,0.68
99.776,8.28,0.61,8.53,0.68,8.53,0.68
99.81,8.32,0.61,8.53,0.68,8.53,0.68
99.842,8.37,0.58,8.53,0.68,8.53,0.68
99.874,8.38,0.6,8.53,0.68,8.53,0.68
99.911,8.25,0.69,8.53,0.68,8.53,0.68
99.947,8.25,0.66,8.53,0.68,8.53,0.68
99.98,8.32,0.61,8.53,0.68,8.53,0.68
100.014,8.38,0.6,8.53,0.68,8.53,0.68
100.047,8.37,0.59,8.53,0.68,8.53,0.68
100.08,8.3,0.61,8.53,0.68,8.53,0.68
100.114,8.29,0.64,8.53,0.68,8.53,0.68
100.146,8.34,0.61,8.53,0.68,8.53,0.68
100.179,8.32,0.59,8.53,0.68,8.53,0.68
100.212,8.29,0.6,8.53,0.68,8.53,0.68
100.245,8.32,0.59,8.53,0.68,8.53,0.68
100.277,8.36,0.59,8.53,0.68,8.53,0.68
100.31,8.31,0.63,8.53,0.68,8.53,0.68
100.343,8.36,0.65,8.53,0.68,8.53,0.68
100.376,8.37,0.62,8.53,0.68,8.53,0.68
100.408,8.41,0.61,8.53,0.68,8.53,0.68
100.44,8.36,0.55,8.53,0.68,8.53,0.68
100.475,8.33,0.57,8.53,0.68,8.53,0.68
100.507,8.33,0.61,8.53,0.68,8.53,0.68
100.539,8.31,0.61,8.53,0.68,8.53,0.68
100.572,8.33,0.64,8.53,0.68,8.53,0.68
100.605,8.35,0.59,8.53,0.68,8.53,0.68
100.639,8.34,0.57,8.53,0.68,8.53,0.68
100.674,8.31,0.57,8.53,0.68,8.53,0.68
100.706,8.36,0.58,8.53,0.68,8.53,0.68
100.74,8.36,0.63,8.53,0.68,8.53,0.68
100.773,8.35,0.63,8.53,0.68,8.53,0.68
100.805,8.33,0.61,8.53,0.68,8.53,0.68
100.838,8.3,0.56,8.53,0.68,8.53,0.68
100.873,8.26,0.53,8.53,0.68,8.53,0.68
100.909,8.35,0.55,8.53,0.68,8.53,0.68
100.944,8.38,0.57,8.53,0.68,8.53,0.68
100.978,8.26,0.57,8.53,0.68,8.53,0.68
101.013,8.24,0.61,8.53,0.68,8.53,0.68
101.045,8.29,0.64,8.53,0.68,8.53,0.68
101.078,8.31,0.57,8.53,0.68,8.53,0.68
101.111,8.3,0.54,8.53,0.68,8.53,0.68
101.144,8.33,0.61,8.53,0.68,8.53,0.67
101.177,8.34,0.65,8.53,0.68,8.53,0.68
101.212,8.34,0.65,8.53,0.68,8.53,0.68
101.244,8.32,0.63,8.53,0.68,8.53,0.68
101.277,8.27,0.59,8.53,0.68,8.53,0.68
101.309,8.32,0.55,8.53,0.68,8.53,0.68
101.344,8.38,0.56,8.53,0.68,8.53,0.67
101.376,8.34,0.59,8.53,0.68,8.53,0.68
101.41,8.3,0.61,8.53,0.68,8.53,0.68
101.444,8.31,0.63,8.53,0.68,8.53,0.67
101.479,8.33,0.61,8.53,0.68,8.53,0.67
101.512,8.33,0.58,8.53,0.68,8.53,0.67
101.547,8.29,0.56,8.53,0.68,8.53,0.67
101.58,8.3,0.59,8.53,0.68,8.53,0.67
101.613,8.32,0.61,8.53,0.67,8.53,0.67
101.646,8.31,0.59,8.53,0.67,8.53,0.67
101.68,8.37,0.56,8.53,0.67,8.53,0.67
101.715,8.36,0.53,8.53,0.67,8.53,0.67
101.748,8.33,0.51,8.53,0.67,8.53,0.67
101.781,8.29,0.55,8.53,0.67,8.53,0.67
101.813,8.3,0.61,8.53,0.67,8.53,0.67
101.845,8.35,0.6,8.53,0.67,8.53,0.67
101.881,8.36,0.59,8.53,0.67,8.53,0.67
101.915,8.31,0.63,8.53,0.67,8.53,0.67
101.948,8.28,0.61,8.53,0.67,8.53,0.67
101.981,8.36,0.61,8.53,0.67,8.53,0.67
102.015,8.35,0.67,8.53,0.68,8.53,0.68
102.048,8.36,0.65,8.53,0.68,8.53,0.68
102.084,8.38,0.64,8.53,0.68,8.53,0.68
102.117,8.32,0.59,8.53,0.68,8.53,0.68
102.151,8.35,0.57,8.53,0.68,8.53,0.68
102.186,8.37,0.57,8.53,0.68,8.53,0.67
102.219,8.33,0.6,8.53,0.67,8.53,0.67
102.254,8.34,0.6,8.53,0.67,8.53,0.67
102.289,8.31,0.59,8.53,0.67,8.53,0.67
102.323,8.31,0.57,8.53,0.67,8.53,0.67
102.359,8.29,0.59,8.53,0.67,8.53,0.67
102.392,8.34,0.59,8.53,0.67,8.53,0.67
102.425,8.33,0.59,8.53,0.67,8.53,0.67
102.46,8.36,0.57,8.54,0.67,8.53,0.67
102.493,8.33,0.6,8.54,0.67,8.53,0.67
102.527,8.27,0.63,8.54,0.67,8.53,0.67
102.559,8.28,0.63,8.54,0.67,8.53,0.67
102.592,8.32,0.59,8.53,0.68,8.53,0.68
102.627,8.32,0.6,8.54,0.68,8.53,0.68
102.659,8.32,0.62,8.54,0.68,8.53,0.68
102.691,8.26,0.58,8.54,0.68,8.53,0.68
102.726,8.28,0.55,8.54,0.68,8.53,0.68
102.759,8.32,0.57,8.54,0.68,8.53,0.67
102.791,8.3,0.6,8.54,0.68,8.54,0.67
102.824,8.31,0.66,8.54,0.68,8.54,0.68
102.858,8.31,0.61,8.54,0.68,8.53,0.68
102.892,8.3,0.57,8.54,0.68,8.53,0.68
102.926,8.35,0.62,8.54,0.68,8.53,0.68
102.959,8.38,0.63,8.54,0.68,8.54,0.68
102.993,8.3,0.6,8.54,0.68,8.54,0.68
103.028,8.33,0.57,8.54,0.68,8.54,0.68
103.062,8.35,0.63,8.54,0.68,8.54,0.68
103.094,8.3,0.66,8.54,0.68,8.54,0.68
103.128,8.31,0.54,8.54,0.68,8.54,0.68
103.159,8.35,0.56,8.54,0.68,8.54,0.68
103.192,8.37,0.63,8.54,0.68,8.54,0.68
103.226,8.33,0.57,8.54,0.68,8.54,0.68
103.26,8.29,0.51,8.54,0.68,8.54,0.68
103.295,8.32,0.62,8.54,0.68,8.54,0.68
103.329,8.32,0.66,8.54,0.68,8.54,0.68
103.366,8.3,0.61,8.54,0.68,8.54,0.68
103.398,8.32,0.56,8.54,0.68,8.54,0.68
103.43,8.33,0.56,8.54,0.68,8.54,0.68
103.464,8.25,0.59,8.54,0.68,8.54,0.68
103.498,8.29,0.59,8.54,0.68,8.54,0.68
103.532,8.34,0.57,8.54,0.68,8.54,0.68
103.565,8.34,0.61,8.54,0.68,8.54,0.68
103.599,8.27,0.63,8.54,0.68,8.54,0.68
103.631,8.22,0.57,8.54,0.68,8.54,0.68
103.663,8.25,0.56,8.54,0.68,8.54,0.68
103.696,8.31,0.56,8.54,0.68,8.54,0.68
103.729,8.29,0.68,8.54,0.68,8.53,0.68
103.764,8.28,0.68,8.54,0.68,8.53,0.68
103.798,8.35,0.6,8.54,0.68,8.54,0.68
103.831,8.33,0.59,8.54,0.69,8.53,0.68
103.866,8.25,0.6,8.54,0.69,8.53,0.68
103.904,8.27,0.6,8.54,0.69,8.53,0.68
103.938,8.29,0.59,8.53,0.69,8.53,0.68
103.972,8.29,0.59,8.53,0.68,8.53,0.68
104.006,8.33,0.57,8.53,0.68,8.53,0.68
104.039,8.3,0.57,8.53,0.68,8.53,0.68
104.074,8.32,0.58,8.53,0.68,8.53,0.68
104.108,8.35,0.63,8.54,0.68,8.53,0.68
104.142,8.32,0.65,8.54,0.68,8.53,0.68
104.176,8.32,0.62,8.53,0.68,8.53,0.68
104.207,8.28,0.57,8.53,0.68,8.53,0.68
104.24,8.27,0.58,8.53,0.68,8.53,0.68
104.274,8.28,0.61,8.53,0.68,8.53,0.68
104.308,8.3,0.61,8.53,0.68,8.53,0.68
104.34,8.32,0.59,8.53,0.68,8.53,0.68
104.372,8.3,0.61,8.53,0.68,8.53,0.68
104.406,8.3,0.63,8.53,0.68,8.53,0.68
104.439,8.32,0.64,8.53,0.68,8.53,0.68
104.473,8.32,0.61,8.53,0.68,8.53,0.68
104.507,8.31,0.55,8.53,0.68,8.53,0.68
104.541,8.36,0.57,8.53,0.68,8.53,0.68
104.576,8.31,0.62,8.53,0.68,8.53,0.68
104.61,8.29,0.63,8.53,0.68,8.53,0.68
104.643,8.3,0.61,8.53,0.68,8.53,0.68
104.677,8.31,0.59,8.53,0.68,8.53,0.68
104.709,8.31,0.61,8.53,0.68,8.53,0.68
104.741,8.3,0.62,8.53,0.68,8.53,0.68
104.774,8.31,0.61,8.53,0.68,8.53,0.68
104.808,8.33,0.6,8.53,0.68,8.53,0.68
104.841,8.32,0.58,8.53,0.68,8.53,0.68
104.875,8.31,0.58,8.53,0.68,8.53,0.68
104.909,8.33,0.6,8.53,0.68,8.53,0.68
104.943,8.33,0.61,8.53,0.68,8.53,0.68
104.977,8.33,0.61,8.53,0.68,8.53,0.68
105.01,8.29,0.56,8.53,0.68,8.53,0.68
105.045,8.32,0.56,8.53,0.68,8.53,0.68
105.076,8.36,0.62,8.53,0.68,8.53,0.68
105.11,8.34,0.64,8.53,0.68,8.53,0.68
105.144,8.36,0.63,8.53,0.68,8.53,0.68
105.176,8.39,0.63,8.53,0.68,8.53,0.68
105.209,8.38,0.61,8.54,0.68,8.53,0.68
105.242,8.29,0.6,8.54,0.68,8.53,0.68
105.276,8.3,0.59,8.54,0.68,8.53,0.68
105.31,8.31,0.57,8.54,0.68,8.53,0.68
105.341,8.29,0.56,8.54,0.68,8.53,0.68
105.375,8.27,0.59,8.53,0.68,8.53,0.68
105.41,8.33,0.63,8.53,0.68,8.53,0.68
105.443,8.35,0.63,8.53,0.68,8.53,0.68
105.476,8.35,0.57,8.53,0.68,8.53,0.68
105.51,8.35,0.57,8.54,0.68,8.53,0.68
105.545,8.29,0.59,8.54,0.68,8.53,0.68
105.579,8.27,0.58,8.54,0.68,8.53,0.68
105.611,8.3,0.58,8.54,0.68,8.53,0.68
105.645,8.34,0.6,8.54,0.68,8.53,0.68
105.678,8.35,0.62,8.54,0.68,8.54,0.68
105.712,8.36,0.61,8.54,0.68,8.53,0.68
105.744,8.38,0.57,8.54,0.68,8.53,0.68
105.779,8.35,0.57,8.54,0.68,8.53,0.68
105.813,8.34,0.61,8.54,0.68,8.53,0.68
105.846,8.33,0.64,8.54,0.68,8.53,0.68
105.879,8.31,0.63,8.54,0.68,8.53,0.68
105.912,8.3,0.63,8.54,0.68,8.53,0.68
105.945,8.31,0.59,8.54,0.68,8.53,0.68
105.979,8.36,0.58,8.54,0.68,8.53,0.68
106.013,8.36,0.59,8.54,0.68,8.53,0.68
106.049,8.33,0.62,8.54,0.68,8.53,0.67
106.083,8.3,0.62,8.54,0.67,8.53,0.67
106.117,8.3,0.58,8.54,0.68,8.53,0.67
106.153,8.28,0.58,8.54,0.67,8.53,0.67
106.187,8.3,0.61,8.53,0.67,8.53,0.67
106.221,8.33,0.62,8.53,0.68,8.53,0.68
106.256,8.38,0.6,8.53,0.68,8.53,0.68
106.287,8.36,0.61,8.54,0.68,8.53,0.68
106.321,8.29,0.62,8.54,0.68,8.53,0.68
106.353,8.24,0.61,8.54,0.68,8.53,0.67
106.387,8.31,0.61,8.54,0.68,8.53,0.67
106.421,8.35,0.61,8.54,0.68,8.53,0.68
106.455,8.32,0.62,8.54,0.68,8.53,0.68
106.488,8.26,0.65,8.54,0.68,8.53,0.68
106.523,8.29,0.65,8.54,0.68,8.53,0.68
106.559,8.36,0.59,8.54,0.68,8.54,0.68
106.593,8.37,0.52,8.54,0.68,8.54,0.68
106.626,8.35,0.55,8.54,0.68,8.54,0.67
106.66,8.33,0.59,8.54,0.68,8.54,0.67
106.704,8.36,0.56,8.54,0.68,8.54,0.67
106.738,8.35,0.56,8.54,0.67,8.54,0.67
106.77,8.32,0.6,8.54,0.67,8.54,0.67
106.804,8.29,0.63,8.54,0.67,8.54,0.67
106.837,8.31,0.61,8.54,0.67,8.54,0.67
106.87,8.32,0.59,8.54,0.67,8.54,0.67
106.904,8.34,0.57,8.54,0.67,8.54,0.67
106.937,8.35,0.58,8.54,0.67,8.54,0.67
106.97,8.38,0.6,8.54,0.67,8.54,0.67
107.003,8.28,0.57,8.54,0.67,8.54,0.67
107.035,8.28,0.57,8.54,0.67,8.54,0.67
107.069,8.36,0.59,8.54,0.67,8.54,0.67
107.102,8.37,0.6,8.54,0.67,8.54,0.67
107.139,8.39,0.59,8.54,0.67,8.54,0.67
107.172,8.31,0.55,8.55,0.67,8.54,0.67
107.203,8.31,0.57,8.55,0.68,8.54,0.67
107.236,8.3,0.62,8.55,0.68,8.54,0.67
107.268,8.28,0.6,8.55,0.68,8.54,0.67
107.304,8.26,0.62,8.55,0.68,8.54,0.67
107.337,8.26,0.62,8.55,0.67,8.54,0.67
107.37,8.35,0.62,8.55,0.67,8.54,0.67
107.402,8.32,0.57,8.55,0.67,8.55,0.67
107.435,8.25,0.55,8.55,0.67,8.55,0.67
107.468,8.22,0.58,8.55,0.67,8.55,0.67
107.501,8.33,0.61,8.55,0.67,8.55,0.67
107.534,8.43,0.63,8.55,0.67,8.55,0.67
107.568,8.39,0.61,8.55,0.67,8.55,0.67
107.6,8.28,0.58,8.55,0.67,8.55,0.67
107.633,8.26,0.61,8.55,0.67,8.55,0.67
107.666,8.28,0.62,8.55,0.67,8.55,0.67
107.699,8.37,0.64,8.55,0.67,8.55,0.67
107.731,8.41,0.61,8.55,0.67,8.55,0.67
107.765,8.3,0.65,8.55,0.67,8.55,0.67
107.798,8.3,0.65,8.55,0.67,8.55,0.67
107.83,8.38,0.57,8.55,0.68,8.55,0.67
107.863,8.42,0.55,8.55,0.68,8.55,0.67
107.899,8.33,0.7,8.55,0.68,8.55,0.68
107.932,8.28,0.7,8.55,0.68,8.55,0.68
107.964,8.32,0.57,8.55,0.68,8.55,0.68
107.997,8.33,0.56,8.55,0.68,8.55,0.67
108.029,8.35,0.59,8.55,0.67,8.55,0.67
108.063,8.31,0.64,8.55,0.67,8.55,0.67
108.096,8.31,0.59,8.55,0.67,8.55,0.67
108.129,8.4,0.57,8.55,0.67,8.55,0.67
108.162,8.4,0.63,8.55,0.67,8.55,0.67
108.194,8.33,0.68,8.55,0.67,8.55,0.67
108.23,8.24,0.61,8.55,0.67,8.55,0.67
108.264,8.26,0.55,8.55,0.68,8.55,0.67
108.298,8.33,0.55,8.55,0.67,8.55,0.67
108.331,8.32,0.59,8.55,0.67,8.55,0.67
108.365,8.33,0.56,8.55,0.67,8.55,0.67
108.399,8.32,0.57,8.55,0.67,8.55,0.67
108.433,8.28,0.62,8.55,0.67,8.55,0.67
108.466,8.34,0.7,8.55,0.67,8.55,0.67
108.499,8.39,0.67,8.55,0.68,8.55,0.68
108.532,8.37,0.56,8.55,0.68,8.55,0.68
108.566,8.34,0.59,8.55,0.68,8.55,0.68
108.599,8.25,0.59,8.55,0.68,8.55,0.68
108.632,8.31,0.6,8.55,0.68,8.54,0.68
108.666,8.37,0.61,8.55,0.68,8.54,0.68
108.698,8.34,0.65,8.55,0.68,8.55,0.68
108.731,8.34,0.66,8.55,0.68,8.54,0.68
108.767,8.36,0.55,8.55,0.68,8.54,0.68
108.798,8.34,0.53,8.55,0.68,8.55,0.68
108.832,8.28,0.64,8.55,0.68,8.54,0.68
108.867,8.29,0.66,8.55,0.68,8.54,0.68
108.9,8.35,0.59,8.55,0.68,8.54,0.68
108.934,8.37,0.61,8.55,0.68,8.54,0.68
108.968,8.27,0.64,8.55,0.68,8.54,0.68
109.003,8.23,0.58,8.55,0.68,8.54,0.68
109.036,8.26,0.55,8.55,0.68,8.54,0.68
109.068,8.37,0.62,8.54,0.68,8.54,0.68
109.1,8.36,0.63,8.54,0.68,8.54,0.68
109.133,8.34,0.61,8.54,0.68,8.54,0.68
109.165,8.33,0.62,8.54,0.68,8.54,0.68
109.199,8.3,0.57,8.54,0.68,8.54,0.68
109.232,8.29,0.58,8.54,0.68,8.54,0.68
109.265,8.34,0.59,8.54,0.68,8.54,0.68
109.297,8.34,0.61,8.54,0.68,8.54,0.68
109.33,8.38,0.61,8.55,0.68,8.54,0.68
109.363,8.33,0.6,8.55,0.68,8.54,0.68
109.397,8.31,0.61,8.55,0.68,8.54,0.68
109.43,8.27,0.57,8.55,0.68,8.54,0.68
109.465,8.28,0.58,8.54,0.68,8.54,0.68
109.499,8.3,0.59,8.54,0.68,8.54,0.68
109.533,8.33,0.64,8.54,0.68,8.54,0.68
109.565,8.33,0.64,8.54,0.68,8.54,0.68
109.598,8.31,0.61,8.54,0.68,8.54,0.68
109.63,8.31,0.64,8.54,0.68,8.54,0.68
109.663,8.3,0.66,8.54,0.68,8.54,0.68
109.696,8.32,0.61,8.54,0.68,8.54,0.68
109.729,8.31,0.61,8.54,0.68,8.54,0.68
109.762,8.31,0.61,8.54,0.68,8.54,0.68
109.797,8.29,0.61,8.54,0.68,8.54,0.68
109.83,8.32,0.61,8.54,0.68,8.54,0.68
109.863,8.36,0.59,8.54,0.68,8.54,0.68
109.896,8.33,0.59,8.54,0.68,8.54,0.68
109.93,8.27,0.58,8.54,0.68,8.54,0.68
109.963,8.27,0.57,8.54,0.68,8.54,0.68
109.996,8.28,0.58,8.54,0.68,8.54,0.68
110.03,8.35,0.68,8.54,0.68,8.54,0.68
110.063,8.36,0.68,8.54,0.68,8.54,0.68
110.096,8.37,0.63,8.54,0.68,8.54,0.68
110.129,8.32,0.66,8.54,0.68,8.54,0.68
110.163,8.26,0.65,8.54,0.68,8.54,0.68
110.206,8.29,0.63,8.54,0.68,8.54,0.68
110.241,8.34,0.59,8.54,0.68,8.54,0.68
110.274,8.3,0.61,8.54,0.68,8.54,0.68
110.308,8.32,0.61,8.54,0.68,8.54,0.68
110.342,8.37,0.6,8.54,0.68,8.54,0.68
110.377,8.35,0.6,8.54,0.68,8.54,0.68
110.415,8.33,0.57,8.54,0.68,8.54,0.68
110.449,8.32,0.55,8.54,0.68,8.54,0.68
110.483,8.34,0.57,8.54,0.68,8.54,0.68
110.516,8.31,0.68,8.54,0.68,8.54,0.68
110.55,8.3,0.68,8.54,0.68,8.54,0.68
110.584,8.31,0.64,8.54,0.68,8.54,0.68
110.617,8.31,0.6,8.54,0.68,8.54,0.68
110.653,8.33,0.56,8.54,0.68,8.54,0.68
110.69,8.33,0.61,8.54,0.68,8.54,0.68
110.724,8.31,0.65,8.54,0.68,8.54,0.68
110.757,8.3,0.62,8.54,0.68,8.54,0.68
110.789,8.33,0.59,8.54,0.68,8.54,0.68
110.822,8.34,0.63,8.54,0.68,8.54,0.68
110.857,8.3,0.63,8.54,0.69,8.54,0.68
110.893,8.31,0.6,8.54,0.69,8.54,0.68
110.927,8.3,0.59,8.54,0.69,8.54,0.68
110.96,8.27,0.64,8.54,0.69,8.54,0.68
110.994,8.33,0.66,8.54,0.69,8.54,0.69
111.028,8.35,0.59,8.54,0.69,8.54,0.69
111.063,8.31,0.56,8.54,0.69,8.54,0.68
111.099,8.27,0.6,8.54,0.69,8.54,0.69
111.132,8.3,0.59,8.54,0.69,8.53,0.69
111.167,8.32,0.58,8.54,0.69,8.53,0.69
111.201,8.28,0.64,8.54,0.69,8.53,0.69
111.234,8.26,0.66,8.53,0.69,8.53,0.69
111.269,8.29,0.61,8.53,0.69,8.53,0.69
111.3,8.36,0.55,8.53,0.69,8.53,0.68
111.334,8.35,0.57,8.53,0.69,8.53,0.68
111.367,8.26,0.59,8.53,0.69,8.53,0.68
111.399,8.25,0.57,8.53,0.68,8.53,0.68
111.432,8.38,0.6,8.53,0.68,8.53,0.68
111.465,8.4,0.6,8.53,0.68,8.53,0.68
111.499,8.36,0.6,8.53,0.68,8.53,0.68
111.532,8.29,0.59,8.53,0.68,8.53,0.68
111.564,8.3,0.57,8.53,0.68,8.53,0.68
111.599,8.32,0.58,8.54,0.68,8.53,0.68
111.633,8.28,0.59,8.53,0.68,8.53,0.68
111.665,8.29,0.59,8.53,0.68,8.53,0.68
111.699,8.35,0.59,8.53,0.68,8.53,0.68
111.735,8.34,0.59,8.53,0.68,8.53,0.68
111.77,8.3,0.61,8.54,0.68,8.53,0.68
111.806,8.3,0.62,8.54,0.68,8.53,0.68
111.838,8.31,0.61,8.54,0.68,8.53,0.68
111.871,8.33,0.63,8.54,0.68,8.53,0.68
111.905,8.32,0.66,8.54,0.68,8.54,0.68
111.939,8.34,0.62,8.54,0.68,8.53,0.68
111.972,8.31,0.59,8.54,0.68,8.53,0.68
112.006,8.36,0.52,8.54,0.68,8.53,0.68
112.04,8.44,0.5,8.54,0.68,8.54,0.68
112.073,8.29,0.54,8.54,0.68,8.53,0.68
112.107,8.25,0.52,8.54,0.68,8.53,0.68
112.139,8.32,0.53,8.54,0.68,8.53,0.68
112.174,8.32,0.61,8.54,0.68,8.54,0.68
112.209,8.31,0.68,8.54,0.68,8.53,0.68
112.242,8.33,0.62,8.53,0.68,8.53,0.68
112.275,8.3,0.55,8.53,0.68,8.53,0.68
112.309,8.31,0.57,8.53,0.68,8.53,0.68
112.343,8.33,0.63,8.53,0.68,8.53,0.68
112.377,8.33,0.64,8.53,0.68,8.53,0.68
112.41,8.27,0.67,8.53,0.68,8.53,0.68
112.443,8.29,0.69,8.53,0.68,8.53,0.68
112.476,8.34,0.62,8.53,0.68,8.53,0.68
112.508,8.28,0.57,8.53,0.68,8.53,0.68
112.541,8.3,0.52,8.53,0.68,8.53,0.68
112.576,8.36,0.56,8.53,0.68,8.53,0.68
112.609,8.38,0.65,8.53,0.68,8.53,0.68
112.643,8.34,0.61,8.53,0.68,8.53,0.68
112.675,8.33,0.57,8.53,0.68,8.53,0.68
112.709,8.31,0.59,8.53,0.68,8.53,0.68
112.741,8.31,0.63,8.53,0.68,8.53,0.68
112.774,8.26,0.63,8.53,0.68,8.53,0.68
112.806,8.3,0.63,8.53,0.68,8.53,0.68
112.839,8.34,0.64,8.53,0.68,8.53,0.68
112.873,8.31,0.62,8.53,0.68,8.53,0.68
112.906,8.28,0.58,8.53,0.68,8.53,0.68
112.937,8.32,0.56,8.53,0.68,8.53,0.68
112.969,8.35,0.59,8.53,0.68,8.53,0.68
113.002,8.35,0.68,8.53,0.68,8.53,0.68
113.035,8.36,0.64,8.53,0.68,8.53,0.68
113.069,8.34,0.59,8.53,0.68,8.53,0.68
113.102,8.35,0.66,8.53,0.68,8.53,0.68
113.135,8.35,0.66,8.53,0.69,8.53,0.68
113.168,8.36,0.61,8.53,0.69,8.53,0.68
113.201,8.39,0.6,8.53,0.68,8.53,0.68
113.233,8.29,0.61,8.53,0.68,8.53,0.68
113.269,8.25,0.61,8.53,0.68,8.53,0.68
113.308,8.29,0.57,8.53,0.69,8.53,0.68
113.342,8.35,0.59,8.53,0.68,8.53,0.68
113.375,8.32,0.56,8.53,0.68,8.53,0.68
113.407,8.34,0.54,8.53,0.68,8.53,0.68
113.439,8.35,0.61,8.53,0.68,8.53,0.68
113.472,8.38,0.6,8.53,0.68,8.53,0.68
113.504,8.36,0.62,8.53,0.68,8.53,0.68
113.538,8.34,0.68,8.53,0.68,8.53,0.68
113.572,8.3,0.68,8.53,0.68,8.53,0.68
113.604,8.29,0.64,8.53,0.68,8.53,0.68
113.646,8.32,0.59,8.53,0.68,8.53,0.68
113.682,8.35,0.59,8.53,0.68,8.53,0.68
113.718,8.34,0.6,8.53,0.68,8.53,0.68
113.753,8.33,0.6,8.53,0.68,8.53,0.68
113.787,8.33,0.61,8.53,0.68,8.53,0.68
113.82,8.4,0.59,8.53,0.68,8.53,0.68
113.852,8.35,0.6,8.53,0.68,8.53,0.68
113.885,8.28,0.59,8.53,0.68,8.53,0.68
113.918,8.29,0.59,8.53,0.68,8.53,0.68
113.951,8.22,0.59,8.53,0.68,8.53,0.68
113.984,8.23,0.57,8.53,0.68,8.53,0.68
114.017,8.36,0.63,8.53,0.68,8.53,0.68
114.05,8.37,0.63,8.53,0.68,8.53,0.68
114.084,8.36,0.58,8.53,0.68,8.53,0.68
114.119,8.25,0.6,8.53,0.68,8.53,0.68
114.152,8.3,0.64,8.53,0.68,8.53,0.68
114.186,8.35,0.63,8.53,0.68,8.53,0.68
114.22,8.35,0.64,8.53,0.68,8.53,0.68
114.253,8.35,0.66,8.53,0.68,8.53,0.68
114.286,8.33,0.61,8.53,0.68,8.53,0.68
114.318,8.31,0.6,8.53,0.68,8.53,0.68
114.35,8.31,0.66,8.53,0.68,8.53,0.68
114.385,8.34,0.68,8.53,0.68,8.53,0.68
114.419,8.35,0.57,8.53,0.68,8.53,0.68
114.452,8.34,0.56,8.53,0.69,8.53,0.68
114.485,8.34,0.58,8.53,0.69,8.53,0.68
114.517,8.3,0.65,8.53,0.69,8.53,0.68
114.55,8.25,0.63,8.53,0.69,8.53,0.69
114.584,8.28,0.57,8.53,0.69,8.53,0.68
114.618,8.33,0.57,8.53,0.69,8.53,0.68
114.65,8.4,0.6,8.53,0.69,8.53,0.68
114.683,8.33,0.57,8.53,0.68,8.53,0.68
114.716,8.33,0.58,8.53,0.68,8.53,0.68
114.75,8.35,0.61,8.53,0.68,8.53,0.68
114.785,8.34,0.65,8.53,0.68,8.53,0.68
114.818,8.32,0.61,8.53,0.68,8.53,0.68
114.851,8.31,0.58,8.53,0.68,8.53,0.68
114.886,8.25,0.61,8.53,0.68,8.53,0.68
114.92,8.28,0.63,8.53,0.68,8.53,0.68
114.954,8.39,0.61,8.53,0.68,8.53,0.68
114.987,8.39,0.61,8.54,0.68,8.53,0.68
115.02,8.3,0.61,8.54,0.68,8.53,0.68
115.053,8.28,0.6,8.54,0.68,8.53,0.68
115.086,8.35,0.57,8.54,0.68,8.54,0.68
115.12,8.36,0.59,8.54,0.68,8.54,0.68
115.152,8.35,0.59,8.54,0.68,8.54,0.68
115.187,8.32,0.57,8.54,0.68,8.54,0.68
115.221,8.33,0.58,8.54,0.68,8.54,0.68
115.254,8.34,0.62,8.54,0.68,8.54,0.68
115.286,8.29,0.62,8.54,0.68,8.54,0.68
115.321,8.33,0.59,8.54,0.68,8.54,0.68
115.353,8.31,0.61,8.54,0.68,8.54,0.68
115.386,8.29,0.64,8.54,0.68,8.54,0.68
115.421,8.35,0.6,8.54,0.68,8.54,0.68
115.454,8.38,0.58,8.54,0.68,8.54,0.68
115.488,8.38,0.58,8.54,0.68,8.54,0.68
115.52,8.36,0.59,8.54,0.68,8.54,0.68
115.553,8.35,0.58,8.54,0.68,8.54,0.68
115.586,8.34,0.58,8.54,0.68,8.54,0.68
115.619,8.29,0.62,8.54,0.68,8.54,0.68
115.653,8.31,0.57,8.54,0.68,8.54,0.68
115.686,8.28,0.59,8.54,0.68,8.54,0.68
115.72,8.28,0.62,8.54,0.68,8.54,0.68
115.754,8.31,0.58,8.54,0.68,8.53,0.68
115.787,8.31,0.63,8.54,0.68,8.53,0.68
115.819,8.33,0.61,8.54,0.68,8.53,0.68
115.853,8.33,0.57,8.54,0.68,8.53,0.68
115.887,8.3,0.59,8.54,0.68,8.53,0.68
115.921,8.3,0.63,8.54,0.68,8.53,0.68
115.954,8.31,0.6,8.54,0.68,8.53,0.68
115.988,8.37,0.59,8.54,0.68,8.53,0.68
116.021,8.39,0.53,8.54,0.68,8.53,0.68
116.055,8.36,0.54,8.54,0.68,8.54,0.68
116.088,8.35,0.68,8.54,0.68,8.54,0.68
116.122,8.35,0.67,8.54,0.68,8.54,0.68
116.154,8.3,0.63,8.54,0.68,8.54,0.68
116.189,8.29,0.63,8.54,0.68,8.54,0.68
116.223,8.34,0.62,8.54,0.68,8.54,0.68
116.255,8.31,0.62,8.54,0.68,8.54,0.68
116.288,8.34,0.64,8.54,0.68,8.54,0.68
116.32,8.33,0.6,8.54,0.68,8.54,0.68
116.353,8.29,0.61,8.54,0.68,8.54,0.68
116.386,8.38,0.62,8.54,0.68,8.54,0.68
116.42,8.38,0.58,8.54,0.68,8.54,0.68
116.452,8.37,0.51,8.54,0.68,8.54,0.68
116.486,8.37,0.55,8.54,0.68,8.54,0.68
116.519,8.35,0.61,8.54,0.68,8.54,0.68
116.553,8.3,0.65,8.54,0.68,8.54,0.68
116.587,8.31,0.65,8.54,0.68,8.54,0.68
116.622,8.29,0.6,8.54,0.68,8.54,0.68
116.658,8.31,0.57,8.54,0.68,8.54,0.68
116.691,8.32,0.59,8.54,0.68,8.54,0.68
116.724,8.32,0.61,8.54,0.68,8.54,0.68
116.757,8.32,0.59,8.54,0.68,8.54,0.68
116.791,8.36,0.6,8.54,0.68,8.54,0.68
116.826,8.36,0.62,8.54,0.68,8.54,0.68
116.86,8.3,0.6,8.54,0.68,8.54,0.68
116.894,8.31,0.57,8.54,0.68,8.54,0.68
116.928,8.32,0.54,8.54,0.68,8.54,0.68
116.962,8.3,0.55,8.54,0.68,8.54,0.68
116.994,8.3,0.59,8.54,0.68,8.54,0.68
117.027,8.36,0.64,8.54,0.68,8.54,0.68
117.061,8.36,0.61,8.54,0.68,8.54,0.68
117.094,8.34,0.58,8.54,0.68,8.54,0.68
117.128,8.35,0.61,8.54,0.68,8.54,0.67
117.162,8.29,0.61,8.54,0.67,8.54,0.67
117.196,8.3,0.61,8.54,0.67,8.54,0.67
117.23,8.33,0.61,8.54,0.67,8.54,0.67
117.264,8.32,0.59,8.54,0.67,8.54,0.67
117.298,8.31,0.6,8.54,0.67,8.54,0.67
117.33,8.31,0.58,8.54,0.67,8.54,0.67
117.363,8.3,0.57,8.54,0.67,8.54,0.67
117.398,8.25,0.62,8.54,0.67,8.54,0.67
117.432,8.27,0.62,8.54,0.67,8.54,0.67
117.466,8.35,0.61,8.54,0.67,8.54,0.67
117.501,8.33,0.6,8.54,0.67,8.54,0.67
117.533,8.33,0.62,8.54,0.67,8.54,0.67
117.566,8.32,0.61,8.54,0.67,8.54,0.67
117.6,8.3,0.62,8.54,0.68,8.54,0.67
117.633,8.35,0.55,8.54,0.68,8.54,0.68
117.668,8.33,0.56,8.54,0.68,8.54,0.67
117.701,8.28,0.61,8.54,0.67,8.54,0.67
117.735,8.27,0.65,8.54,0.67,8.54,0.67
117.769,8.28,0.69,8.54,0.67,8.54,0.67
117.803,8.35,0.58,8.54,0.67,8.54,0.67
117.837,8.42,0.55,8.54,0.67,8.54,0.67
117.87,8.33,0.59,8.54,0.67,8.54,0.67
117.902,8.32,0.61,8.54,0.67,8.54,0.67
117.936,8.34,0.63,8.54,0.67,8.54,0.67
117.968,8.35,0.61,8.54,0.67,8.54,0.67
118,8.36,0.64,8.54,0.67,8.54,0.67
118.034,8.35,0.59,8.54,0.67,8.54,0.67
118.067,8.35,0.56,8.54,0.67,8.54,0.67
118.099,8.29,0.57,8.54,0.67,8.54,0.67
118.132,8.33,0.59,8.54,0.67,8.54,0.67
118.166,8.36,0.62,8.54,0.67,8.54,0.67
118.2,8.37,0.66,8.54,0.67,8.54,0.67
118.234,8.34,0.64,8.54,0.67,8.54,0.67
118.267,8.34,0.6,8.54,0.67,8.54,0.67
118.301,8.3,0.56,8.54,0.67,8.54,0.67
118.335,8.3,0.57,8.54,0.67,8.54,0.67
118.37,8.34,0.61,8.54,0.67,8.54,0.67
118.403,8.33,0.59,8.54,0.67,8.54,0.67
118.436,8.32,0.58,8.54,0.67,8.54,0.67
118.47,8.33,0.59,8.54,0.67,8.54,0.67
118.507,8.35,0.63,8.54,0.67,8.54,0.67
118.539,8.31,0.64,8.54,0.67,8.54,0.67
118.573,8.33,0.59,8.54,0.67,8.54,0.67
118.607,8.36,0.53,8.54,0.67,8.54,0.67
118.641,8.34,0.57,8.54,0.67,8.54,0.67
118.673,8.3,0.62,8.54,0.67,8.54,0.67
118.706,8.34,0.61,8.54,0.67,8.54,0.67
118.739,8.35,0.58,8.54,0.67,8.54,0.67
118.772,8.3,0.6,8.54,0.67,8.54,0.67
118.806,8.34,0.59,8.54,0.67,8.54,0.67
118.841,8.4,0.66,8.54,0.67,8.54,0.67
118.876,8.35,0.68,8.54,0.67,8.54,0.67
118.91,8.33,0.7,8.54,0.67,8.54,0.67
118.945,8.33,0.72,8.54,0.67,8.54,0.67
118.978,8.32,0.7,8.54,0.67,8.54,0.67
119.013,8.43,0.41,8.55,0.68,8.55,0.68
119.047,8.52,0.44,8.55,0.67,8.55,0.67
119.081,8.27,0.56,8.55,0.67,8.55,0.67
119.115,8.22,0.61,8.55,0.67,8.55,0.67
119.151,8.26,0.73,8.55,0.67,8.55,0.67
119.184,8.33,0.63,8.55,0.67,8.55,0.67
119.218,8.31,0.61,8.55,0.67,8.55,0.67
119.251,8.42,0.63,8.55,0.67,8.55,0.67
119.284,8.38,0.62,8.55,0.67,8.55,0.67
119.317,8.29,0.55,8.55,0.67,8.55,0.67
119.35,8.28,0.59,8.55,0.67,8.55,0.67
119.385,8.26,0.75,8.55,0.67,8.55,0.67
119.417,8.32,0.67,8.55,0.67,8.55,0.67
119.449,8.33,0.64,8.55,0.67,8.55,0.67
119.484,8.34,0.61,8.55,0.67,8.55,0.67
119.518,8.29,0.6,8.55,0.67,8.55,0.67
119.553,8.3,0.66,8.55,0.67,8.54,0.67
119.586,8.32,0.63,8.55,0.67,8.54,0.67
119.619,8.33,0.6,8.55,0.67,8.54,0.67
119.651,8.33,0.59,8.55,0.67,8.54,0.67
119.686,8.31,0.57,8.54,0.67,8.54,0.67
119.722,8.32,0.65,8.54,0.67,8.54,0.67
119.755,8.29,0.61,8.54,0.67,8.54,0.67
119.79,8.36,0.55,8.54,0.67,8.53,0.67
119.823,8.37,0.57,8.54,0.67,8.54,0.67
119.856,8.19,0.81,8.54,0.67,8.54,0.67
119.889,7.94,1.75,8.54,0.67,8.54,0.68
119.922,8.6,3.08,8.54,0.69,8.55,0.72
119.956,8.2,4.49,8.56,0.73,8.56,0.77
119.988,9.22,3.55,8.55,0.78,8.56,0.8
120.023,7.61,-2.92,8.56,0.81,8.55,0.78
120.057,8.6,-5.35,8.58,0.78,8.58,0.72
120.092,7.78,-1.46,8.63,0.73,8.62,0.7
120.128,8.89,0.52,8.63,0.7,8.64,0.7
120.167,11.09,0.79,8.65,0.7,8.67,0.7
120.203,5.71,0.84,8.86,0.71,8.83,0.72
120.236,6.5,0.91,8.95,0.73,8.93,0.73
120.269,8.23,0.58,8.9,0.74,8.9,0.73
120.302,8.47,0.3,8.87,0.73,8.87,0.73
120.335,8.15,-0.06,8.84,0.73,8.84,0.72
120.369,8.84,0.6,8.81,0.71,8.81,0.71
120.403,7.7,0.98,8.8,0.69,8.79,0.7
120.438,8.38,0.65,8.79,0.69,8.79,0.69
120.47,8.51,0.72,8.78,0.69,8.78,0.69
120.503,8.01,0.4,8.77,0.69,8.76,0.69
120.536,7.95,-0.01,8.76,0.7,8.76,0.69
120.57,7.79,0.52,8.76,0.69,8.75,0.69
120.603,7.62,0.74,8.76,0.69,8.74,0.69
120.637,8.28,0.7,8.75,0.69,8.74,0.69
120.673,8.06,0.89,8.75,0.69,8.74,0.69
120.705,8.08,1.02,8.75,0.68,8.75,0.69
120.737,8.4,0.84,8.76,0.68,8.76,0.68
120.77,8.75,0.88,8.77,0.68,8.77,0.69
120.805,9.79,0.65,8.78,0.68,8.79,0.68
120.839,7.17,-0.58,8.8,0.67,8.78,0.66
120.872,6.15,-0.32,8.78,0.65,8.76,0.64
120.904,6.89,0.54,8.75,0.63,8.73,0.63
120.937,8.34,0.26,8.73,0.63,8.73,0.62
120.972,8.21,0.11,8.72,0.62,8.72,0.62
121.004,8,1.22,8.72,0.61,8.71,0.62
121.038,8.19,1.37,8.71,0.62,8.71,0.62
121.07,7.35,0.08,8.7,0.62,8.69,0.61
121.103,8.81,-0.08,8.67,0.49,8.67,0.49
121.136,8.51,0.46,8.68,0.35,8.68,0.35
121.169,8.15,0.63,8.7,0.25,8.69,0.25
121.205,7.52,0.51,8.72,0.18,8.71,0.18
121.238,7.52,0.72,8.71,0.12,8.7,0.13
121.27,7.99,1.29,8.69,0.08,8.68,0.09
121.303,8.29,1.64,8.69,0.06,8.68,0.07
121.337,8.38,2.55,8.7,0.06,8.7,0.08
121.37,8.23,2.62,8.73,0.09,8.72,0.11
121.403,7.89,1.41,8.73,0.13,8.72,0.14
121.438,7.58,0.34,8.72,0.15,8.71,0.16
121.472,7.88,0.55,8.7,0.14,8.69,0.15
121.505,8.16,0.79,8.69,0.13,8.69,0.14
121.538,8,0.65,8.69,0.13,8.68,0.13
121.572,7.88,0.32,8.68,0.13,8.68,0.13
121.605,7.72,-0.1,8.68,0.11,8.67,0.11
121.64,7.35,0.19,8.7,0.06,8.69,0.06
121.675,7.64,1.64,8.71,0.01,8.7,0.03
121.708,8.2,2.32,8.7,-0.01,8.7,0.01
121.741,8.39,2.11,8.7,-0.01,8.7,0.01
121.774,8.66,1.92,8.7,0,8.7,0.02
121.808,8.72,2.24,8.7,0.02,8.7,0.04
121.844,8.55,2.44,8.7,0.05,8.7,0.07
121.879,8.17,1.56,8.7,0.12,8.69,0.13
121.915,7.74,0.58,8.69,0.19,8.68,0.19
121.95,7.8,0.66,8.69,0.26,8.68,0.26
121.984,7.99,0.82,8.68,0.32,8.67,0.33
122.018,8.1,0.77,8.67,0.39,8.67,0.4
122.051,8.07,0.9,8.66,0.49,8.66,0.49
122.084,8.1,1.24,8.64,0.6,8.63,0.6
122.117,8.02,0.88,8.61,0.68,8.61,0.68
122.149,7.83,-0.05,8.6,0.72,8.59,0.71
122.183,7.97,0.17,8.59,0.72,8.58,0.71
122.216,8.18,0.68,8.57,0.73,8.57,0.73
122.25,8.01,0.9,8.57,0.75,8.56,0.75
122.282,7.77,0.46,8.56,0.77,8.55,0.76
122.318,7.74,0.36,8.54,0.78,8.53,0.78
122.352,8.15,0.48,8.5,0.8,8.49,0.79
122.384,8.54,0.63,8.44,0.82,8.44,0.82
122.418,8.15,0.36,8.42,0.84,8.41,0.84
122.456,7.85,0.35,8.41,0.85,8.4,0.85
122.49,8.03,0.59,8.4,0.85,8.4,0.84
122.525,8.23,0.61,8.4,0.84,8.4,0.84
122.56,8.19,0.55,8.39,0.84,8.39,0.84
122.595,8.18,0.57,8.39,0.84,8.39,0.84
122.63,8.26,0.68,8.39,0.84,8.39,0.84
122.662,8.23,0.57,8.39,0.84,8.39,0.84
122.696,8.21,0.53,8.39,0.84,8.39,0.84
122.73,8.1,0.44,8.4,0.84,8.39,0.84
122.762,8.02,0.41,8.4,0.84,8.39,0.84
122.795,8.21,0.7,8.39,0.83,8.39,0.83
122.829,8.27,0.64,8.39,0.83,8.39,0.83
122.864,8.34,0.36,8.4,0.83,8.39,0.83
122.897,8.35,0.42,8.4,0.83,8.4,0.83
122.93,7.89,0.72,8.41,0.82,8.4,0.82
122.964,8.16,0.66,8.4,0.82,8.4,0.82
122.997,8.32,0.53,8.4,0.82,8.4,0.82
123.03,8.17,0.52,8.4,0.82,8.4,0.81
123.064,8.16,0.54,8.4,0.81,8.4,0.81
123.1,8.11,0.54,8.4,0.81,8.4,0.81
123.133,8.01,0.56,8.41,0.81,8.4,0.81
123.165,7.88,0.52,8.41,0.81,8.4,0.81
123.199,7.98,0.33,8.4,0.8,8.4,0.8
123.231,8.29,0.3,8.39,0.79,8.39,0.79
123.264,8.27,0.27,8.37,0.77,8.37,0.77
123.299,8.21,0.56,8.35,0.74,8.35,0.74
123.333,8.25,0.84,8.35,0.68,8.35,0.68
123.366,8.27,0.97,8.36,0.62,8.36,0.62
123.403,8.22,0.52,8.37,0.57,8.36,0.57
123.436,8.09,0.4,8.37,0.53,8.37,0.53
123.469,8.81,0.79,8.38,0.47,8.38,0.47
123.504,9.55,1.15,8.44,0.38,8.45,0.39
123.538,6.92,1.02,8.58,0.29,8.56,0.3
123.573,7.16,0.95,8.65,0.22,8.64,0.23
123.607,7.65,0.82,8.67,0.15,8.66,0.16
123.639,7.77,0.89,8.67,0.08,8.66,0.08
123.673,7.41,1.19,8.67,0,8.66,0.01
123.705,7.08,1.9,8.67,-0.09,8.65,-0.07
123.741,6.78,1.38,8.66,-0.09,8.64,-0.07
123.773,6.27,1.48,8.65,-0.06,8.62,-0.04
123.806,3,0.02,8.63,0.08,8.57,0.08
123.841,2.66,-1.4,8.54,0.25,8.48,0.23
123.876,7.07,0.03,8.4,0.39,8.39,0.38
123.907,12.36,-0.08,8.27,0.48,8.31,0.48
123.941,15.29,2.87,8.27,0.41,8.34,0.43
123.973,10.49,3.67,8.33,0.08,8.35,0.12
124.006,3.81,2.66,8.33,-0.09,8.29,-0.06
124.04,3.56,3.67,8.22,-0.16,8.17,-0.12
124.075,6.63,2.66,7.88,-0.16,7.87,-0.14
124.108,6.72,1.47,7.54,-0.1,7.53,-0.09
124.142,11.04,1.81,7.1,-0.06,7.14,-0.04
124.176,13.64,1.62,6.53,-0.02,6.6,0
124.209,14.98,2.24,5.96,0.02,6.05,0.04
124.241,12.11,2.39,5.79,0.09,5.85,0.11
124.275,8.76,1.45,5.75,0.18,5.78,0.19
124.308,10.22,1.01,5.68,0.29,5.72,0.3
124.343,11.45,0.65,5.61,0.39,5.67,0.39
124.378,11.45,0.64,5.63,0.49,5.69,0.49
124.411,11.05,0.15,5.67,0.59,5.72,0.59
124.446,10.55,0.36,5.69,0.66,5.74,0.66
124.48,9.63,0.23,5.82,0.7,5.86,0.69
124.514,8.14,0.74,5.94,0.71,5.97,0.71
124.546,9.91,1,5.61,0.72,5.65,0.72
124.58,14.02,1.51,5.09,0.74,5.18,0.74
124.614,15.33,1.47,4.7,0.76,4.8,0.77
124.646,15.23,1.07,4.44,0.78,4.55,0.79
124.679,12.68,0.48,4.27,0.8,4.35,0.8
124.712,11.92,0.36,4.08,0.81,4.16,0.8
124.746,12.13,0.21,3.85,0.82,3.94,0.81
124.779,14.93,0.54,3.54,0.82,3.65,0.82
124.811,18.58,0.79,3.26,0.83,3.41,0.83
124.847,16.49,0.85,3.19,0.84,3.33,0.84
124.881,14.43,0.76,3.15,0.83,3.27,0.83
124.914,13.83,0.53,3.08,0.83,3.19,0.82
124.949,14.85,0.54,2.91,0.82,3.03,0.82
124.984,15.47,0.63,2.84,0.81,2.96,0.81
125.022,15.45,0.88,2.87,0.81,3,0.81
125.057,15.44,1.16,2.96,0.81,3.09,0.82
125.095,16,1.52,3.04,0.83,3.17,0.84
125.13,16.26,1.24,3.17,0.85,3.3,0.86
125.163,16.2,-0.47,3.32,0.88,3.44,0.86
125.196,15.98,-1.06,3.49,0.86,3.62,0.84
125.23,16.02,-0.86,3.68,0.82,3.81,0.8
125.264,15.94,0.35,3.9,0.76,4.03,0.76
125.296,15.5,0.77,4.13,0.72,4.24,0.72
125.33,15.2,1.22,4.34,0.68,4.44,0.69
125.363,15.37,1.15,4.54,0.65,4.64,0.65
125.396,14.95,1.94,4.74,0.61,4.84,0.63
125.43,14.78,2.22,4.94,0.62,5.04,0.64
125.463,14.05,1.28,5.15,0.64,5.24,0.65
125.496,13.97,1.08,5.38,0.67,5.47,0.68
125.53,10.86,1.8,5.66,0.7,5.71,0.71
125.562,17.28,-3.56,5.91,0.74,6.02,0.69
125.597,15.74,-2.38,6.25,0.69,6.34,0.66
125.63,6.86,-0.19,6.65,0.67,6.65,0.66
125.663,11.05,4.15,6.54,0.7,6.58,0.73
125.696,21.06,-2.15,6.32,0.78,6.46,0.76
125.729,25.69,-0.24,6.33,0.8,6.53,0.79
125.762,15.18,4.97,6.64,0.81,6.72,0.86
125.796,12.29,3.07,6.91,0.87,6.96,0.9
125.829,11.51,0.42,6.99,0.91,7.04,0.9
125.863,11.47,0.33,6.95,0.9,6.99,0.9
125.897,11.53,0.31,6.88,0.89,6.92,0.89
125.931,15.77,-0.22,6.78,0.89,6.87,0.88
125.965,15.68,0.21,6.87,0.86,6.96,0.85
126,16.04,0.11,7.07,0.83,7.16,0.83
126.034,15.82,-0.26,7.39,0.82,7.48,0.81
126.068,15.3,1.23,7.75,0.8,7.83,0.81
126.102,15.06,3.59,8.17,0.79,8.24,0.82
126.136,14.65,3.09,8.61,0.81,8.67,0.83
126.17,8.94,-0.93,9.02,0.83,9.02,0.81
126.204,6.55,-1.08,9.17,0.8,9.14,0.78
126.239,12.92,-0.77,9.12,0.78,9.16,0.77
126.272,19.7,-0.3,9.08,0.79,9.19,0.78
126.306,20.47,0.35,9.33,0.8,9.44,0.8
126.341,12.88,2.36,9.78,0.82,9.81,0.83
126.375,10.33,-0.4,10.11,0.85,10.11,0.84
126.408,10.83,-0.73,10.37,0.84,10.37,0.83
126.442,11.74,-0.04,10.53,0.83,10.54,0.82
126.477,11.72,0.8,10.69,0.84,10.71,0.84
126.51,11.21,1.04,10.85,0.87,10.86,0.87
126.544,10.43,-0.21,10.99,0.92,10.99,0.91
126.577,10.28,-0.46,11.02,1,11.01,0.98
126.61,10.44,-0.48,11,1.08,10.99,1.06
126.644,10.27,-0.33,10.94,1.17,10.93,1.16
126.677,10.39,-0.13,10.8,1.3,10.8,1.28
126.711,9.86,-0.49,10.63,1.46,10.62,1.45
126.743,9.4,-0.63,10.54,1.64,10.53,1.62
126.777,9.96,-0.98,10.57,1.84,10.56,1.81
126.811,9.77,-2.63,10.85,2.06,10.84,2.01
126.845,9.09,-3.2,11.15,2.26,11.13,2.21
126.88,10.68,-2.43,11.32,2.35,11.32,2.3
126.918,11.97,-1.95,11.44,2.42,11.45,2.37
126.955,12.89,-3.05,11.47,2.47,11.48,2.42
126.988,13,-3.54,11.33,2.5,11.35,2.44
127.021,13.76,-1.43,11.13,2.5,11.15,2.46
127.055,13.4,-0.48,10.87,2.51,10.89,2.48
127.087,11.92,-0.89,10.64,2.53,10.65,2.5
127.121,11,-1.43,10.48,2.53,10.48,2.49
127.155,10.34,-2.29,10.34,2.53,10.34,2.48
127.187,10.79,-3.07,10.25,2.54,10.26,2.48
127.221,11.57,-3.51,10.33,2.56,10.34,2.5
127.253,12.04,-3.92,10.45,2.58,10.46,2.52
127.287,12.27,-3.63,10.61,2.58,10.63,2.52
127.322,11.33,-2.44,10.74,2.58,10.75,2.53
127.355,11.36,-1.67,10.64,2.57,10.64,2.53
127.39,12.93,-0.12,10.4,2.56,10.43,2.53
127.424,12.47,-0.18,10.16,2.52,10.18,2.49
127.458,12.48,-0.35,9.96,2.48,9.98,2.45
127.492,13.96,-0.3,9.8,2.46,9.84,2.43
127.525,14.09,-1.42,9.83,2.48,9.88,2.44
127.558,14.01,-2.52,9.92,2.51,9.96,2.46
127.59,13.21,-2.38,9.97,2.56,10,2.51
127.624,10.8,-3.04,10.06,2.6,10.06,2.54
127.659,3.12,-4.08,10.13,2.61,10.06,2.54
127.692,1.37,-3.08,9.83,2.59,9.75,2.53
127.726,29.61,0.3,9.25,2.58,9.45,2.56
127.761,26.55,-0.03,9.4,2.63,9.57,2.6
127.794,11.07,-2.68,9.71,2.63,9.72,2.58
127.827,8.71,-2.82,9.71,2.55,9.7,2.5
127.86,8.98,-2.42,9.56,2.48,9.55,2.43
127.893,11.6,-1.58,9.08,2.42,9.1,2.38
127.927,14.38,-1.11,8.5,2.36,8.56,2.32
127.96,15.64,-1.82,8.04,2.27,8.12,2.23
127.994,14.69,-1.59,7.8,2.1,7.87,2.07
128.028,16.84,0.09,7.54,1.94,7.63,1.92
128.063,20.4,0.28,7.23,1.88,7.36,1.86
128.097,14.29,-0.78,7.06,1.87,7.13,1.84
128.131,11.71,-1.32,6.94,1.9,6.99,1.87
128.166,18.06,-0.64,6.72,1.95,6.83,1.92
128.2,18.31,-1.32,7.03,1.96,7.14,1.92
128.234,20.9,-3.94,8.17,1.9,8.3,1.84
128.275,18.57,-3.25,9.34,1.71,9.44,1.66
128.309,15.51,-2.42,9.71,1.57,9.77,1.53
128.343,14.32,-0.99,9.75,1.48,9.8,1.45
128.378,15.48,-0.75,9.87,1.41,9.92,1.39
128.411,11.67,-1.08,9.97,1.35,9.99,1.33
128.447,9.14,-0.92,9.95,1.29,9.94,1.27
128.482,12.15,-0.69,9.78,1.23,9.8,1.21
128.515,14.83,-0.73,9.55,1.23,9.6,1.21
128.549,16.5,-0.66,9.34,1.23,9.41,1.21
128.583,17.79,-0.25,9.18,1.24,9.27,1.22
128.617,17.45,-0.77,9.18,1.27,9.26,1.24
128.652,15.34,-2.31,9.23,1.3,9.3,1.26
128.685,14.58,-2.16,9.35,1.29,9.4,1.26
128.719,13.69,-0.47,9.45,1.28,9.49,1.26
128.754,14.47,-0.26,9.46,1.29,9.51,1.27
128.788,15.43,-0.61,9.43,1.32,9.49,1.3
128.821,15.22,-1.65,9.39,1.38,9.45,1.35
128.856,14.86,-1.44,9.4,1.41,9.45,1.38
128.89,14.51,-1.33,9.41,1.43,9.46,1.4
128.925,14.12,-1.22,9.4,1.45,9.45,1.43
128.959,13.49,-1.22,9.37,1.49,9.41,1.47
128.991,12.48,-1.61,9.25,1.53,9.29,1.5
129.026,14.41,-2.24,9.06,1.53,9.12,1.49
129.059,15.67,-1.94,8.87,1.45,8.94,1.42
129.095,17.04,-0.92,8.68,1.36,8.77,1.33
129.127,16.48,-0.89,8.55,1.3,8.63,1.28
129.163,14.55,-0.89,8.47,1.26,8.53,1.24
129.197,17.02,-1.21,8.59,1.22,8.67,1.2
129.23,17.98,-0.97,8.67,1.19,8.76,1.17
129.263,17.83,-0.4,8.48,1.17,8.58,1.15
129.298,16.82,-1.49,8.32,1.15,8.4,1.13
129.332,16.3,-2.12,8.27,1.08,8.35,1.05
129.365,16.67,-2.23,8.25,0.97,8.33,0.93
129.4,17.67,-1.34,8.24,0.81,8.33,0.79
129.433,17.03,-0.51,8.26,0.65,8.34,0.64
129.465,18.02,0.62,8.25,0.55,8.34,0.55
129.499,19.26,0.34,8.22,0.57,8.33,0.56
129.533,19.4,-0.02,8.24,0.6,8.36,0.59
129.566,17.15,0.12,8.42,0.64,8.5,0.63
129.599,14.52,-0.92,8.7,0.68,8.76,0.66
129.634,15.22,-1.78,9,0.69,9.06,0.66
129.667,19.44,-1,8.97,0.65,9.08,0.63
129.701,20.85,-1.53,9.01,0.64,9.13,0.61
129.736,19.12,-2.29,9.4,0.62,9.5,0.59
129.77,14.34,-1.89,9.82,0.57,9.87,0.54
129.802,14.98,-0.99,9.98,0.47,10.03,0.46
129.835,17.21,-0.65,10.05,0.39,10.12,0.38
129.87,15.55,-1.44,10.16,0.35,10.21,0.33
129.905,14.99,-1.47,10.21,0.33,10.26,0.31
129.939,16.52,-1.15,10.18,0.35,10.25,0.33
129.974,16.82,-1.53,10.17,0.4,10.24,0.38
130.01,14.49,-1.8,10.23,0.44,10.28,0.41
130.047,13.37,-2.33,10.31,0.43,10.34,0.4
130.083,16.03,-4.04,10.18,0.42,10.24,0.37
130.117,19.05,-2.89,9.66,0.37,9.76,0.34
130.15,24.5,-0.51,9.23,0.33,9.38,0.32
130.184,24.41,-0.77,9.17,0.35,9.32,0.34
130.218,21.9,-1.33,9.26,0.38,9.39,0.36
130.251,16.67,-0.97,9.4,0.42,9.47,0.41
130.284,14.92,-1.19,9.52,0.41,9.57,0.4
130.316,18.89,-2.86,9.58,0.38,9.67,0.34
130.35,19.34,-2.11,9.72,0.33,9.81,0.3
130.383,18.94,-1.75,9.83,0.29,9.92,0.27
130.417,18.95,-2.15,9.93,0.28,10.02,0.26
130.45,19.08,-2.5,10.05,0.28,10.14,0.25
130.482,17.09,-2.04,10.26,0.24,10.32,0.22
130.518,14.55,-0.59,10.53,0.21,10.57,0.2
130.551,15.25,-3.22,10.97,0.25,11.02,0.21
130.584,15.2,-3.01,11.35,0.25,11.39,0.22
130.618,14.39,-3.06,11.72,0.21,11.74,0.18
130.652,13.28,-2.64,12.07,0.14,12.08,0.11
130.685,15.72,-1.52,12.29,0.07,12.33,0.06
130.718,16.37,-1.7,12.26,0.05,12.3,0.03
130.752,18,-0.97,12.07,0.04,12.13,0.03
130.786,15.47,-0.92,11.99,0.05,12.03,0.04
130.821,16.45,-3.28,11.82,0.05,11.86,0.02
130.855,19.19,-2.49,11.57,-0.05,11.64,-0.07
130.888,20.93,-1.75,11.35,-0.16,11.44,-0.17
130.924,24.88,-1.08,11.14,-0.24,11.27,-0.25
130.958,22.94,-0.36,11.07,-0.31,11.19,-0.31
130.992,17.78,-1.34,10.99,-0.36,11.06,-0.37
131.027,16.81,-1.45,10.97,-0.38,11.03,-0.39
131.062,16.71,0.18,11.06,-0.4,11.11,-0.39
131.096,18.41,-0.91,11.21,-0.34,11.28,-0.35
131.13,17.83,-2.5,11.45,-0.31,11.52,-0.33
131.166,16.18,1.2,11.57,-0.31,11.62,-0.29
131.201,17.03,1.12,11.48,-0.26,11.54,-0.24
131.234,17.88,-0.82,11.33,-0.21,11.39,-0.22
131.266,18.76,-0.65,11.28,-0.22,11.36,-0.23
131.299,20.84,-0.43,11.18,-0.23,11.28,-0.23
131.333,20.92,-0.89,11,-0.2,11.1,-0.21
131.366,20.3,-1.96,10.95,-0.16,11.04,-0.18
131.4,21.41,-2.38,10.9,-0.14,11.01,-0.16
131.433,16.32,0.51,10.8,-0.13,10.86,-0.12
131.467,16.37,-0.2,10.58,-0.05,10.64,-0.05
131.51,18.82,-0.72,10.24,0.07,10.32,0.06
131.543,20.19,-0.51,9.98,0.14,10.08,0.14
131.577,21.75,-0.89,9.85,0.17,9.97,0.16
131.613,21.71,-0.92,9.87,0.17,9.99,0.16
131.644,21.68,-0.66,9.92,0.18,10.04,0.17
131.678,21.67,-0.97,9.99,0.24,10.11,0.23
131.711,20.96,-2.14,10.03,0.33,10.13,0.3
131.747,21,-2.86,9.9,0.41,10.01,0.38
131.78,21.28,-2.26,9.76,0.49,9.87,0.46
131.813,20,-1.6,9.6,0.55,9.7,0.53
131.846,21.66,-0.95,9.32,0.62,9.44,0.61
131.881,21.52,-0.74,9.02,0.65,9.14,0.63
131.917,21.01,-0.84,8.77,0.66,8.89,0.65
131.95,20.5,-1.5,8.55,0.67,8.67,0.65
131.984,23.01,-1.14,8.19,0.71,8.34,0.69
132.016,30.69,-0.43,7.8,0.77,8.02,0.76
132.051,27.88,-1.65,7.71,0.87,7.91,0.84
132.084,26.05,-1.13,7.66,0.97,7.84,0.95
132.118,25.45,-1.01,7.63,1.06,7.81,1.04
132.155,23.37,-1.98,7.61,1.12,7.77,1.09
132.188,22.96,-5.55,7.59,1.11,7.74,1.05
132.221,25.6,-4.68,7.45,0.92,7.63,0.86
132.255,26.23,-1.42,7.29,0.65,7.47,0.63
132.29,25.44,-0.82,7.21,0.36,7.39,0.35
132.324,27.7,-1.6,7.18,0.08,7.39,0.06
132.358,29.44,-2.2,7.25,-0.12,7.47,-0.15
132.393,31.8,-1.37,7.3,-0.35,7.54,-0.36
132.429,28.39,2.74,7.34,-0.6,7.55,-0.57
132.462,24.67,3.45,7.28,-0.84,7.45,-0.8
132.495,25.16,-0.06,7.34,-0.93,7.51,-0.92
132.528,26.79,0.11,7.52,-0.91,7.72,-0.9
132.562,27.02,1.38,7.69,-0.89,7.88,-0.87
132.595,27.8,0.36,7.84,-0.87,8.04,-0.86
132.629,27.6,-0.64,8.02,-0.86,8.22,-0.86
132.665,27.04,-0.54,8.25,-0.84,8.43,-0.84
132.699,27.56,-0.27,8.45,-0.83,8.64,-0.82
132.733,27.29,-0.27,8.65,-0.82,8.84,-0.82
132.766,26.77,0.03,8.85,-0.82,9.03,-0.81
132.798,26.92,-0.04,9.02,-0.81,9.2,-0.8
132.832,27.11,-0.03,9.19,-0.8,9.36,-0.79
132.865,27.46,-0.01,9.34,-0.79,9.52,-0.78
132.899,27.6,0,9.5,-0.78,9.68,-0.78
132.933,27.83,-0.29,9.68,-0.78,9.86,-0.77
132.968,27.2,-0.37,9.86,-0.78,10.04,-0.78
133.002,26.95,-0.18,10.05,-0.79,10.21,-0.79
133.035,26.72,-0.1,10.22,-0.79,10.39,-0.79
133.068,26.74,-0.03,10.39,-0.78,10.56,-0.78
133.107,26.9,-0.14,10.55,-0.77,10.71,-0.77
133.149,27.58,-0.66,10.69,-0.76,10.86,-0.76
133.182,27.43,-0.39,10.84,-0.77,11.01,-0.76
133.218,27.97,0.04,11,-0.77,11.17,-0.76
133.251,27.74,0.13,11.18,-0.77,11.35,-0.76
133.284,26.61,0.03,11.39,-0.76,11.54,-0.75
133.318,27.25,0.11,11.56,-0.75,11.72,-0.74
133.351,27.85,0.41,11.74,-0.74,11.9,-0.73
133.387,26.65,-0.9,11.95,-0.71,12.09,-0.71
133.419,26.51,-1.3,12.15,-0.69,12.3,-0.7
133.453,27.11,0.21,12.32,-0.69,12.47,-0.68
133.488,27.51,-0.2,12.46,-0.69,12.61,-0.68
133.52,27,-0.32,12.61,-0.68,12.76,-0.68
133.554,27.1,-0.05,12.76,-0.69,12.9,-0.68
133.589,27.09,-0.19,12.91,-0.69,13.05,-0.68
133.621,27.09,-0.24,13.05,-0.68,13.19,-0.68
133.654,27.18,-0.15,13.19,-0.67,13.33,-0.67
133.687,27.08,-0.13,13.34,-0.67,13.47,-0.66
133.721,27.07,-0.17,13.48,-0.66,13.61,-0.66
133.754,27.1,-0.16,13.61,-0.66,13.75,-0.65
133.787,27.13,-0.14,13.75,-0.65,13.89,-0.65
133.82,27.17,-0.1,13.89,-0.65,14.02,-0.64
133.856,27.16,-0.09,14.02,-0.64,14.15,-0.63
133.891,27.07,-0.17,14.16,-0.63,14.29,-0.63
133.926,27.13,-0.17,14.29,-0.63,14.42,-0.62
133.959,27.11,-0.13,14.42,-0.62,14.55,-0.62
133.993,27.06,-0.14,14.55,-0.62,14.67,-0.61
134.026,27.08,-0.1,14.67,-0.61,14.8,-0.61
134.059,27.09,-0.05,14.8,-0.61,14.92,-0.6
134.092,27.15,-0.12,14.93,-0.6,15.05,-0.6
134.124,27.16,-0.1,15.05,-0.59,15.17,-0.59
134.158,27.16,-0.08,15.18,-0.59,15.3,-0.58
134.19,27.11,-0.1,15.3,-0.58,15.42,-0.58
134.228,27.06,-0.1,15.42,-0.58,15.53,-0.57
134.267,27.1,-0.15,15.54,-0.57,15.65,-0.57
134.299,27.1,-0.18,15.65,-0.57,15.77,-0.56
134.333,27.09,-0.13,15.77,-0.56,15.88,-0.56
134.368,27.14,-0.16,15.88,-0.56,16,-0.55
134.401,27.17,-0.1,16,-0.55,16.11,-0.55
134.434,27.11,-0.07,16.11,-0.55,16.22,-0.54
134.466,27.09,-0.09,16.22,-0.54,16.33,-0.54
134.499,27.11,-0.11,16.33,-0.54,16.44,-0.53
134.532,27.12,-0.11,16.44,-0.53,16.55,-0.53
134.566,27.11,-0.1,16.55,-0.53,16.66,-0.52
134.599,27.1,-0.08,16.66,-0.52,16.76,-0.52
134.632,27.16,-0.13,16.76,-0.52,16.87,-0.51
134.666,27.19,-0.1,16.87,-0.51,16.97,-0.51
134.7,27.09,-0.13,16.98,-0.51,17.08,-0.5
134.735,27.08,-0.15,17.08,-0.5,17.18,-0.5
134.769,27.13,-0.15,17.18,-0.5,17.28,-0.49
134.803,27.15,-0.15,17.28,-0.49,17.38,-0.49
134.835,27.15,-0.09,17.38,-0.49,17.48,-0.49
134.868,27.1,-0.14,17.48,-0.48,17.58,-0.48
134.901,27.01,-0.16,17.58,-0.48,17.68,-0.48
134.934,27.07,-0.11,17.68,-0.48,17.77,-0.47
134.969,27.12,-0.1,17.78,-0.47,17.87,-0.47
135.001,27.06,-0.11,17.87,-0.47,17.96,-0.47
135.036,27.06,-0.15,17.97,-0.47,18.06,-0.46
135.07,27.11,-0.15,18.06,-0.46,18.15,-0.46
135.102,27.12,-0.11,18.15,-0.46,18.24,-0.46
135.136,27.1,-0.15,18.25,-0.46,18.33,-0.45
135.169,27.12,-0.17,18.33,-0.45,18.42,-0.45
135.202,27.13,-0.15,18.42,-0.45,18.51,-0.44
135.235,27.1,-0.14,18.51,-0.44,18.6,-0.44
135.268,27.14,-0.1,18.6,-0.44,18.69,-0.44
135.301,27.16,-0.1,18.69,-0.44,18.77,-0.43
135.335,27.16,-0.13,18.78,-0.43,18.86,-0.43
135.369,27.19,-0.14,18.86,-0.43,18.95,-0.43
135.402,27.15,-0.12,18.95,-0.43,19.03,-0.42
135.435,27.11,-0.11,19.03,-0.42,19.11,-0.42
135.47,27.1,-0.12,19.12,-0.42,19.19,-0.42
135.503,27.12,-0.12,19.2,-0.42,19.28,-0.41
135.536,27.15,-0.06,19.28,-0.41,19.36,-0.41
135.569,27.1,-0.08,19.36,-0.41,19.43,-0.4
135.603,27.09,-0.13,19.44,-0.4,19.51,-0.4
135.636,27.14,-0.13,19.51,-0.4,19.59,-0.4
135.671,27.14,-0.15,19.59,-0.4,19.67,-0.39
135.706,27.1,-0.07,19.67,-0.39,19.75,-0.39
135.739,27.12,-0.09,19.75,-0.39,19.82,-0.38
135.771,27.14,-0.14,19.82,-0.38,19.89,-0.38
135.806,27.14,-0.1,19.9,-0.38,19.97,-0.38
135.84,27.15,-0.1,19.97,-0.38,20.04,-0.37
135.875,27.11,-0.12,20.04,-0.37,20.11,-0.37
135.909,27.07,-0.15,20.12,-0.37,20.19,-0.37
135.942,27.08,-0.12,20.19,-0.37,20.26,-0.37
135.975,27.06,-0.07,20.26,-0.37,20.33,-0.36
136.008,27.1,-0.13,20.33,-0.36,20.4,-0.36
136.043,27.15,-0.16,20.4,-0.36,20.47,-0.36
136.075,27.16,-0.15,20.47,-0.36,20.54,-0.35
136.108,27.15,-0.12,20.54,-0.35,20.6,-0.35
136.142,27.11,-0.14,20.61,-0.35,20.67,-0.35
136.175,27.1,-0.13,20.67,-0.35,20.74,-0.34
136.211,27.05,-0.07,20.74,-0.34,20.8,-0.34
136.249,27.03,-0.11,20.8,-0.34,20.87,-0.34
136.284,27.1,-0.2,20.87,-0.34,20.93,-0.34
136.319,27.08,-0.22,20.93,-0.34,20.99,-0.34
136.357,27.08,-0.21,21,-0.33,21.06,-0.33
136.391,27.16,-0.15,21.06,-0.33,21.12,-0.33
136.425,27.13,-0.19,21.12,-0.33,21.18,-0.33
136.459,27.04,-0.18,21.18,-0.33,21.24,-0.33
136.493,27.13,-0.15,21.24,-0.33,21.3,-0.32
136.526,27.08,-0.2,21.31,-0.32,21.36,-0.32
136.558,27.04,-0.16,21.37,-0.32,21.42,-0.32
136.592,27.08,-0.11,21.42,-0.32,21.48,-0.32
136.626,27.08,-0.13,21.48,-0.32,21.54,-0.31
136.661,27.14,-0.12,21.54,-0.31,21.6,-0.31
136.695,27.16,-0.16,21.6,-0.31,21.65,-0.31
136.73,27.13,-0.16,21.66,-0.31,21.71,-0.31
136.762,27.06,-0.08,21.71,-0.31,21.77,-0.31
136.796,27.07,-0.07,21.77,-0.31,21.82,-0.3
136.829,27.06,-0.08,21.82,-0.3,21.88,-0.3
136.863,27.07,-0.12,21.88,-0.3,21.93,-0.3
136.897,27.08,-0.12,21.93,-0.3,21.98,-0.29
136.93,27.13,-0.15,21.99,-0.29,22.04,-0.29
136.963,27.16,-0.14,22.04,-0.29,22.09,-0.29
136.996,27.13,-0.16,22.09,-0.29,22.15,-0.29
137.029,27.11,-0.13,22.15,-0.29,22.2,-0.29
137.064,27.05,-0.15,22.2,-0.29,22.25,-0.29
137.096,27.07,-0.19,22.25,-0.28,22.3,-0.28
137.13,27.11,-0.19,22.3,-0.28,22.35,-0.28
137.163,27.1,-0.15,22.35,-0.28,22.4,-0.28
137.198,27.1,-0.12,22.4,-0.28,22.45,-0.28
137.232,27.11,-0.1,22.45,-0.28,22.5,-0.28
137.268,27.11,-0.11,22.5,-0.27,22.54,-0.27
137.302,27.09,-0.12,22.54,-0.27,22.59,-0.27
137.339,27.07,-0.11,22.59,-0.27,22.64,-0.27
137.372,27.09,-0.15,22.64,-0.27,22.68,-0.27
137.404,27.12,-0.15,22.69,-0.27,22.73,-0.27
137.438,27.15,-0.17,22.73,-0.26,22.78,-0.26
137.472,27.13,-0.12,22.78,-0.26,22.82,-0.26
137.504,27.11,-0.09,22.83,-0.26,22.87,-0.26
137.537,27.15,-0.13,22.87,-0.26,22.91,-0.26
137.571,27.07,-0.14,22.92,-0.26,22.96,-0.25
137.603,27.1,-0.14,22.96,-0.25,23,-0.25
137.636,27.1,-0.2,23,-0.25,23.04,-0.25
137.669,27.1,-0.13,23.05,-0.25,23.09,-0.25
137.701,27.08,-0.13,23.09,-0.25,23.13,-0.25
137.735,27.07,-0.12,23.13,-0.25,23.17,-0.25
137.769,27.13,-0.14,23.17,-0.25,23.21,-0.24
137.802,27.15,-0.16,23.21,-0.24,23.25,-0.24
137.837,27.13,-0.14,23.25,-0.24,23.29,-0.24
137.871,27.02,-0.08,23.3,-0.24,23.33,-0.24
137.905,27,-0.1,23.34,-0.24,23.37,-0.24
137.939,27.05,-0.15,23.37,-0.24,23.41,-0.24
137.973,27.08,-0.14,23.41,-0.24,23.45,-0.24
138.006,27.12,-0.15,23.45,-0.24,23.49,-0.24
138.039,27.12,-0.22,23.49,-0.23,23.53,-0.23
138.073,27.16,-0.15,23.53,-0.23,23.56,-0.23
138.106,27.21,-0.1,23.57,-0.23,23.6,-0.23
138.14,27.17,-0.17,23.6,-0.23,23.64,-0.23
138.174,27.18,-0.08,23.64,-0.23,23.68,-0.23
138.208,27.26,-0.05,23.68,-0.23,23.71,-0.23
138.241,26.85,-0.34,23.72,-0.22,23.75,-0.23
138.274,26.9,-0.26,23.75,-0.23,23.78,-0.23
138.309,27.15,-0.08,23.78,-0.23,23.82,-0.22
138.341,27.17,-0.08,23.82,-0.22,23.85,-0.22
138.374,27.16,-0.1,23.86,-0.22,23.89,-0.22
138.407,27.18,-0.15,23.89,-0.22,23.92,-0.22
138.439,27,-0.22,23.92,-0.22,23.95,-0.22
138.472,26.94,-0.18,23.96,-0.22,23.99,-0.22
138.504,27.14,-0.1,23.99,-0.22,24.02,-0.22
138.537,27.15,-0.1,24.02,-0.22,24.06,-0.22
138.572,27.1,-0.19,24.06,-0.21,24.09,-0.21
138.604,27.09,-0.15,24.09,-0.21,24.12,-0.21
138.637,27.15,-0.08,24.12,-0.21,24.15,-0.21
138.671,27.18,-0.12,24.15,-0.21,24.18,-0.21
138.704,27.11,-0.19,24.19,-0.21,24.22,-0.21
138.739,27.11,-0.17,24.22,-0.21,24.25,-0.21
138.773,27.07,-0.08,24.25,-0.21,24.28,-0.2
138.807,27.03,-0.11,24.28,-0.2,24.31,-0.2
138.842,27.13,-0.23,24.31,-0.2,24.34,-0.2
138.875,27.01,-0.04,24.34,-0.2,24.36,-0.2
138.908,27.1,-0.07,24.37,-0.2,24.39,-0.2
138.942,27.11,-0.25,24.4,-0.2,24.42,-0.2
138.977,27.09,0.03,24.43,-0.2,24.45,-0.2
139.009,27.1,-0.36,24.45,-0.2,24.48,-0.2
139.045,27.07,-0.34,24.48,-0.2,24.51,-0.2
139.077,26.93,-0.15,24.51,-0.2,24.53,-0.2
139.111,27.02,-0.29,24.54,-0.19,24.56,-0.2
139.144,27.13,-0.16,24.56,-0.19,24.59,-0.19
139.177,27.13,-0.14,24.59,-0.19,24.62,-0.19
139.21,26.96,-0.22,24.62,-0.19,24.64,-0.19
139.242,26.96,-0.26,24.64,-0.19,24.67,-0.19
139.277,27.04,-0.21,24.67,-0.19,24.69,-0.19
139.309,27.09,-0.13,24.7,-0.19,24.72,-0.19
139.342,27.05,-0.12,24.72,-0.19,24.74,-0.19
139.376,27.14,-0.24,24.75,-0.19,24.77,-0.19
139.409,27.12,-0.17,24.77,-0.19,24.8,-0.19
139.443,27.11,-0.16,24.8,-0.19,24.82,-0.19
139.478,27.17,-0.13,24.82,-0.18,24.85,-0.18
139.519,27.15,-0.28,24.85,-0.18,24.87,-0.18
139.553,27.18,-0.23,24.87,-0.18,24.9,-0.18
139.588,27.06,-0.15,24.9,-0.18,24.92,-0.18
139.622,27.08,-0.24,24.92,-0.18,24.95,-0.18
139.657,27.09,-0.2,24.95,-0.18,24.97,-0.18
139.692,27.06,-0.14,24.97,-0.18,24.99,-0.18
139.728,27.15,-0.12,25,-0.18,25.02,-0.18
139.762,27.19,-0.15,25.02,-0.18,25.04,-0.18
139.796,27.18,-0.15,25.04,-0.18,25.06,-0.18
139.831,27.11,-0.14,25.07,-0.18,25.09,-0.18
139.864,27.03,-0.15,25.09,-0.17,25.11,-0.17
139.897,27.08,-0.12,25.11,-0.17,25.13,-0.17
139.931,27.12,-0.09,25.13,-0.17,25.15,-0.17
139.965,27.08,-0.13,25.15,-0.17,25.17,-0.17
139.999,27.01,-0.15,25.17,-0.17,25.19,-0.17
140.033,27.11,-0.15,25.19,-0.17,25.21,-0.17
140.066,27.11,-0.13,25.22,-0.17,25.23,-0.17
140.101,27.11,-0.06,25.24,-0.17,25.25,-0.17
140.135,27.16,-0.04,25.26,-0.17,25.28,-0.17
140.168,27.08,-0.16,25.28,-0.16,25.3,-0.16
140.201,27.03,-0.17,25.3,-0.16,25.32,-0.16
140.238,27.04,-0.18,25.32,-0.16,25.33,-0.16
140.274,27.09,-0.17,25.34,-0.16,25.35,-0.16
140.308,27.15,-0.14,25.36,-0.16,25.38,-0.16
140.343,27.16,-0.1,25.38,-0.16,25.4,-0.16
140.375,27.06,-0.14,25.4,-0.16,25.42,-0.16
140.409,27.06,-0.16,25.42,-0.16,25.43,-0.16
140.442,27.05,-0.19,25.44,-0.16,25.45,-0.16
140.475,27.11,-0.2,25.46,-0.16,25.47,-0.16
140.509,27.12,-0.19,25.48,-0.16,25.49,-0.16
140.542,27.09,-0.12,25.49,-0.16,25.51,-0.16
140.577,27.1,-0.14,25.51,-0.16,25.53,-0.16
140.61,27.08,-0.18,25.53,-0.16,25.55,-0.16
140.644,27.07,-0.21,25.55,-0.16,25.56,-0.16
140.678,27.09,-0.18,25.57,-0.16,25.58,-0.16
140.712,27.11,-0.13,25.58,-0.16,25.6,-0.16
140.746,27.06,-0.15,25.6,-0.16,25.61,-0.16
140.779,27.06,-0.15,25.62,-0.15,25.63,-0.15
140.814,27.03,-0.13,25.63,-0.15,25.65,-0.15
140.848,27.06,-0.17,25.65,-0.15,25.67,-0.15
140.881,27.16,-0.16,25.67,-0.15,25.68,-0.15
140.916,27.15,-0.1,25.69,-0.15,25.7,-0.15
140.951,27.11,-0.09,25.7,-0.15,25.72,-0.15
140.985,27.1,-0.2,25.72,-0.15,25.73,-0.15
141.018,27.11,-0.22,25.74,-0.15,25.75,-0.15
141.052,27.13,-0.13,25.75,-0.15,25.77,-0.15
141.085,27.17,-0.11,25.77,-0.15,25.78,-0.15
141.12,27.17,-0.15,25.78,-0.15,25.8,-0.15
141.153,27.11,-0.14,25.8,-0.14,25.81,-0.14
141.185,27.07,-0.09,25.81,-0.14,25.83,-0.14
141.222,27.06,-0.15,25.83,-0.14,25.84,-0.14
141.259,27.09,-0.16,25.85,-0.14,25.86,-0.14
141.293,27.12,-0.13,25.86,-0.14,25.87,-0.14
141.328,27.15,-0.09,25.87,-0.14,25.89,-0.14
141.361,27.12,-0.14,25.89,-0.14,25.9,-0.14
141.395,27.11,-0.22,25.9,-0.14,25.92,-0.14
141.428,27.08,-0.19,25.92,-0.14,25.93,-0.14
141.462,27.11,-0.15,25.93,-0.14,25.94,-0.14
141.495,27.11,-0.17,25.95,-0.14,25.96,-0.14
141.529,27.11,-0.19,25.96,-0.14,25.97,-0.14
141.563,27.08,-0.13,25.97,-0.14,25.98,-0.14
141.597,27.07,-0.13,25.99,-0.14,26,-0.14
141.631,27.03,-0.22,26,-0.14,26.01,-0.14
141.663,27.07,-0.2,26.01,-0.14,26.02,-0.14
141.699,27.16,-0.07,26.03,-0.14,26.04,-0.13
141.732,27.18,-0.08,26.04,-0.13,26.05,-0.13
141.766,27.13,-0.07,26.05,-0.13,26.06,-0.13
141.801,27.07,-0.16,26.07,-0.13,26.08,-0.13
141.835,27.11,-0.17,26.08,-0.13,26.09,-0.13
141.869,27.1,-0.18,26.09,-0.13,26.1,-0.13
141.904,27.05,-0.18,26.1,-0.13,26.11,-0.13
141.938,27.14,-0.08,26.11,-0.13,26.12,-0.13
141.972,27.18,-0.05,26.13,-0.13,26.14,-0.13
142.006,27.12,-0.14,26.14,-0.13,26.15,-0.13
142.04,27.1,-0.16,26.15,-0.12,26.16,-0.13
142.072,27.07,-0.08,26.16,-0.12,26.17,-0.12
142.103,27.09,-0.06,26.17,-0.12,26.18,-0.12
142.136,27.13,-0.11,26.18,-0.12,26.19,-0.12
142.17,27.14,-0.14,26.2,-0.12,26.2,-0.12
142.204,27.09,-0.16,26.21,-0.12,26.22,-0.12
142.238,27.07,-0.16,26.22,-0.12,26.23,-0.12
142.272,27.1,-0.19,26.23,-0.12,26.24,-0.12
142.305,27.06,-0.18,26.24,-0.12,26.25,-0.12
142.339,27.07,-0.17,26.25,-0.12,26.26,-0.12
142.373,27.09,-0.1,26.26,-0.12,26.27,-0.12
142.407,27.1,-0.07,26.27,-0.12,26.28,-0.11
142.439,27.05,-0.1,26.28,-0.11,26.29,-0.11
142.472,27.07,-0.13,26.29,-0.11,26.3,-0.11
142.504,27.17,-0.1,26.3,-0.11,26.31,-0.11
142.537,27.21,-0.08,26.31,-0.11,26.32,-0.11
142.57,27.15,-0.15,26.32,-0.11,26.33,-0.11
142.604,27.1,-0.17,26.33,-0.11,26.34,-0.11
142.638,27.07,-0.18,26.34,-0.11,26.35,-0.11
142.672,27.09,-0.15,26.35,-0.11,26.36,-0.11
142.706,27.12,-0.13,26.36,-0.11,26.37,-0.11
142.739,27.13,-0.17,26.37,-0.11,26.38,-0.11
142.773,27.1,-0.19,26.38,-0.11,26.39,-0.11
142.807,27.07,-0.14,26.39,-0.11,26.4,-0.11
142.841,27.06,-0.15,26.4,-0.11,26.4,-0.11
142.875,27.11,-0.09,26.41,-0.11,26.41,-0.11
142.908,27.1,-0.08,26.42,-0.11,26.42,-0.11
142.942,27.08,-0.08,26.43,-0.1,26.43,-0.1
142.975,27.1,-0.11,26.44,-0.1,26.44,-0.1
143.008,27.14,-0.15,26.45,-0.1,26.45,-0.1
143.041,27.14,-0.1,26.45,-0.1,26.46,-0.1
143.074,27.14,-0.16,26.46,-0.1,26.47,-0.1
143.108,27.11,-0.23,26.47,-0.1,26.48,-0.1
143.141,27.08,-0.17,26.48,-0.1,26.49,-0.1
143.173,27.08,-0.17,26.49,-0.1,26.49,-0.1
143.206,27.11,-0.18,26.5,-0.1,26.5,-0.1
143.24,27.13,-0.15,26.51,-0.1,26.51,-0.1
143.274,27.11,-0.11,26.51,-0.1,26.52,-0.1
143.306,27.09,-0.1,26.52,-0.1,26.53,-0.1
143.34,27.07,-0.19,26.53,-0.1,26.54,-0.1
143.373,27.12,-0.17,26.54,-0.1,26.54,-0.1
143.408,27.15,-0.1,26.55,-0.1,26.55,-0.1
143.441,27.07,-0.14,26.55,-0.1,26.56,-0.1
143.474,27.05,-0.19,26.56,-0.1,26.57,-0.1
143.507,27.11,-0.19,26.57,-0.1,26.57,-0.1
143.539,27.08,-0.11,26.58,-0.1,26.58,-0.1
143.573,27.09,-0.1,26.58,-0.1,26.59,-0.1
143.607,27.08,-0.15,26.59,-0.1,26.6,-0.1
143.642,27.11,-0.13,26.6,-0.1,26.6,-0.1
143.673,27.09,-0.13,26.61,-0.1,26.61,-0.1
143.707,27.11,-0.15,26.61,-0.1,26.62,-0.1
143.741,27.12,-0.17,26.62,-0.1,26.63,-0.1
143.774,27.12,-0.17,26.63,-0.1,26.63,-0.1
143.809,27.03,-0.08,26.64,-0.1,26.64,-0.1
143.842,27.06,-0.13,26.64,-0.1,26.65,-0.1
143.875,27.11,-0.17,26.65,-0.1,26.65,-0.1
143.91,27.1,-0.15,26.66,-0.1,26.66,-0.1
143.942,27.1,-0.14,26.66,-0.1,26.67,-0.1
143.976,27.08,-0.12,26.67,-0.1,26.67,-0.1
144.009,27.11,-0.13,26.68,-0.1,26.68,-0.1
144.042,27.04,-0.1,26.68,-0.09,26.69,-0.09
144.077,27.07,-0.15,26.69,-0.09,26.69,-0.09
144.11,27.11,-0.15,26.7,-0.09,26.7,-0.09
144.143,27.09,-0.1,26.7,-0.09,26.71,-0.09
144.177,27.05,-0.09,26.71,-0.09,26.71,-0.09
144.212,27.02,-0.15,26.71,-0.09,26.72,-0.09
144.247,27.1,-0.15,26.72,-0.09,26.72,-0.09
144.281,27.12,-0.12,26.72,-0.09,26.73,-0.09
144.316,27.13,-0.14,26.73,-0.09,26.73,-0.09
144.349,27.11,-0.15,26.74,-0.09,26.74,-0.09
144.395,27.06,-0.17,26.74,-0.09,26.75,-0.09
144.428,27.07,-0.15,26.75,-0.09,26.75,-0.09
144.461,27.07,-0.1,26.76,-0.09,26.76,-0.09
144.494,27.08,-0.15,26.76,-0.09,26.76,-0.09
144.53,27.11,-0.16,26.77,-0.09,26.77,-0.09
144.563,27.09,-0.16,26.77,-0.09,26.77,-0.09
144.595,27.08,-0.13,26.78,-0.09,26.78,-0.09
144.629,27.05,-0.17,26.78,-0.09,26.79,-0.09
144.661,27.05,-0.16,26.79,-0.09,26.79,-0.09
144.693,27.12,-0.14,26.79,-0.09,26.8,-0.09
144.726,27.15,-0.17,26.8,-0.09,26.8,-0.09
144.76,27.12,-0.17,26.8,-0.09,26.81,-0.09
144.795,27.1,-0.13,26.81,-0.09,26.81,-0.09
144.827,27.11,-0.11,26.81,-0.09,26.82,-0.1
144.86,27.09,-0.16,26.82,-0.1,26.82,-0.1
144.893,27.09,-0.13,26.82,-0.09,26.82,-0.1
144.926,27.13,-0.15,26.83,-0.09,26.83,-0.09
144.958,27.12,-0.16,26.83,-0.09,26.83,-0.09
144.992,27.08,-0.15,26.84,-0.09,26.84,-0.09
145.024,27.09,-0.15,26.84,-0.09,26.84,-0.09
145.057,27.13,-0.15,26.84,-0.09,26.85,-0.09
145.09,27.13,-0.15,26.85,-0.09,26.85,-0.09
145.123,27.14,-0.2,26.85,-0.09,26.86,-0.09
145.156,27.21,-0.19,26.86,-0.09,26.86,-0.09
145.191,27.18,-0.15,26.86,-0.09,26.87,-0.09
145.224,27.08,-0.15,26.87,-0.09,26.87,-0.09
145.258,27.06,-0.12,26.87,-0.09,26.87,-0.09
145.292,27.14,-0.13,26.88,-0.09,26.88,-0.09
145.327,27.15,-0.14,26.88,-0.09,26.88,-0.09
145.363,27.06,-0.12,26.88,-0.09,26.89,-0.09
145.397,27.12,-0.18,26.89,-0.09,26.89,-0.09
145.429,27.17,-0.15,26.89,-0.09,26.89,-0.09
145.463,27.16,-0.16,26.9,-0.09,26.9,-0.09
145.5,27.08,-0.15,26.9,-0.09,26.9,-0.09
145.533,27.09,-0.12,26.91,-0.09,26.91,-0.09
145.566,27.14,-0.15,26.91,-0.09,26.91,-0.09
145.599,27.08,-0.11,26.91,-0.09,26.92,-0.09
145.634,27.13,-0.19,26.92,-0.09,26.92,-0.09
145.666,27.14,-0.17,26.92,-0.09,26.93,-0.09
145.699,27.1,-0.15,26.93,-0.09,26.93,-0.09
145.734,27.13,-0.1,26.93,-0.09,26.93,-0.09
145.769,27.17,-0.11,26.94,-0.09,26.94,-0.09
145.801,27.09,-0.1,26.94,-0.09,26.94,-0.09
145.835,27.04,-0.08,26.95,-0.09,26.95,-0.09
145.871,27.11,-0.07,26.95,-0.09,26.95,-0.09
145.904,27.13,-0.11,26.95,-0.09,26.95,-0.09
145.936,27.1,-0.17,26.96,-0.09,26.96,-0.09
145.97,27.08,-0.16,26.96,-0.09,26.96,-0.09
146.013,27.08,-0.1,26.96,-0.09,26.96,-0.09
146.047,27.08,-0.15,26.97,-0.09,26.97,-0.09
146.08,27.1,-0.15,26.97,-0.09,26.97,-0.09
146.114,27.1,-0.12,26.97,-0.09,26.97,-0.09
146.147,27.1,-0.12,26.98,-0.09,26.98,-0.09
146.179,27.15,-0.12,26.98,-0.08,26.98,-0.09
146.212,27.15,-0.12,26.98,-0.08,26.99,-0.08
146.246,27.1,-0.13,26.99,-0.08,26.99,-0.09
146.279,27.07,-0.18,26.99,-0.08,26.99,-0.09
146.313,27.11,-0.21,27,-0.08,27,-0.09
146.346,27.13,-0.16,27,-0.09,27,-0.09
146.381,27.08,-0.17,27,-0.09,27.01,-0.09
146.415,27.08,-0.16,27.01,-0.09,27.01,-0.09
146.448,27.12,-0.16,27.01,-0.09,27.01,-0.09
146.482,27.13,-0.15,27.01,-0.09,27.01,-0.09
146.516,27.12,-0.13,27.02,-0.09,27.02,-0.09
146.549,27.05,-0.17,27.02,-0.09,27.02,-0.09
146.58,27.1,-0.18,27.02,-0.09,27.02,-0.09
146.613,27.14,-0.13,27.03,-0.09,27.03,-0.09
146.647,27.14,-0.14,27.03,-0.09,27.03,-0.09
146.679,27.09,-0.17,27.03,-0.09,27.04,-0.09
146.713,27.07,-0.15,27.04,-0.09,27.04,-0.09
146.748,27.12,-0.16,27.04,-0.09,27.04,-0.09
146.78,27.18,-0.14,27.04,-0.09,27.04,-0.09
146.813,27.18,-0.12,27.04,-0.09,27.05,-0.09
146.847,27.17,-0.15,27.05,-0.09,27.05,-0.09
146.881,27.08,-0.12,27.05,-0.09,27.05,-0.09
146.913,27.08,-0.14,27.05,-0.08,27.05,-0.08
146.948,27.1,-0.15,27.05,-0.08,27.05,-0.08
146.98,27.12,-0.13,27.05,-0.08,27.06,-0.08
147.013,27.09,-0.08,27.06,-0.08,27.06,-0.08
147.046,27.07,-0.12,27.06,-0.08,27.06,-0.08
147.079,27.12,-0.17,27.06,-0.08,27.06,-0.08
147.111,27.16,-0.17,27.07,-0.08,27.07,-0.08
147.143,27.08,-0.13,27.07,-0.08,27.07,-0.08
147.177,27.06,-0.09,27.07,-0.08,27.07,-0.08
147.21,27.12,-0.15,27.07,-0.08,27.07,-0.08
147.244,27.1,-0.22,27.07,-0.08,27.07,-0.08
147.277,27.06,-0.19,27.08,-0.08,27.08,-0.08
147.311,27.08,-0.17,27.08,-0.08,27.08,-0.08
147.344,27.11,-0.14,27.08,-0.08,27.08,-0.08
147.379,27.14,-0.09,27.08,-0.08,27.08,-0.08
147.412,27.04,-0.08,27.08,-0.08,27.08,-0.08
147.444,27.11,-0.17,27.08,-0.08,27.08,-0.08
147.476,27.11,-0.17,27.09,-0.08,27.09,-0.08
147.51,27.11,-0.15,27.09,-0.08,27.09,-0.08
147.544,27.1,-0.12,27.09,-0.08,27.09,-0.08
147.579,27.09,-0.1,27.09,-0.08,27.09,-0.08
147.615,27.12,-0.11,27.09,-0.08,27.09,-0.08
147.653,27.13,-0.13,27.09,-0.08,27.09,-0.08
147.687,27.18,-0.17,27.1,-0.08,27.1,-0.08
147.721,27.12,-0.16,27.1,-0.08,27.1,-0.08
147.754,27.11,-0.13,27.1,-0.08,27.1,-0.08
147.787,27.09,-0.13,27.1,-0.08,27.1,-0.08
147.82,27.09,-0.15,27.11,-0.08,27.11,-0.08
147.854,27.11,-0.18,27.11,-0.08,27.11,-0.08
147.887,27.12,-0.16,27.11,-0.08,27.11,-0.08
147.92,27.13,-0.08,27.11,-0.08,27.11,-0.08
147.958,27.13,-0.09,27.11,-0.08,27.12,-0.08
147.994,27.05,-0.13,27.12,-0.08,27.12,-0.08
148.027,27.05,-0.15,27.12,-0.08,27.12,-0.08
148.06,27.1,-0.2,27.12,-0.08,27.12,-0.08
148.093,27.12,-0.17,27.12,-0.08,27.12,-0.08
148.126,27.14,-0.16,27.12,-0.08,27.12,-0.08
148.159,27.12,-0.21,27.13,-0.08,27.13,-0.08
148.191,27.08,-0.16,27.13,-0.08,27.13,-0.08
148.224,27.07,-0.14,27.13,-0.08,27.13,-0.08
148.259,27.09,-0.15,27.13,-0.08,27.13,-0.08
148.292,27.08,-0.15,27.13,-0.08,27.13,-0.08
148.326,27.03,-0.09,27.13,-0.08,27.13,-0.08
148.358,27.05,-0.13,27.14,-0.08,27.13,-0.08
148.391,27.12,-0.22,27.14,-0.08,27.14,-0.08
148.425,27.09,-0.16,27.14,-0.08,27.14,-0.08
148.459,27.01,-0.02,27.14,-0.09,27.14,-0.08
148.494,27.23,-0.16,27.14,-0.08,27.14,-0.09
148.526,27.36,-0.29,27.14,-0.08,27.14,-0.09
148.559,27.04,-0.14,27.15,-0.09,27.15,-0.09
148.592,26.92,-0.06,27.15,-0.09,27.15,-0.09
148.627,27.14,-0.22,27.15,-0.09,27.15,-0.09
148.661,27.21,-0.21,27.15,-0.09,27.15,-0.09
148.694,27.06,0,27.16,-0.09,27.16,-0.09
148.729,27.04,-0.01,27.16,-0.09,27.16,-0.09
148.761,27.13,-0.13,27.16,-0.08,27.16,-0.08
148.796,27.22,-0.25,27.16,-0.08,27.16,-0.09
148.83,27.11,-0.14,27.16,-0.09,27.16,-0.09
148.863,27.07,-0.01,27.17,-0.09,27.16,-0.09
148.896,27.15,-0.13,27.17,-0.09,27.17,-0.09
148.93,27.17,-0.14,27.17,-0.09,27.17,-0.09
148.962,27.12,-0.03,27.17,-0.09,27.17,-0.09
148.995,27.07,-0.17,27.17,-0.09,27.17,-0.09
149.028,27.09,-0.25,27.17,-0.09,27.17,-0.09
149.061,27.11,-0.06,27.18,-0.09,27.18,-0.09
149.093,27.09,0.02,27.18,-0.09,27.18,-0.09
149.126,27.13,-0.19,27.18,-0.08,27.18,-0.09
149.159,27.17,-0.26,27.18,-0.08,27.18,-0.09
149.194,27.09,-0.17,27.18,-0.08,27.18,-0.08
149.228,27.09,-0.07,27.18,-0.08,27.18,-0.08
149.261,27.11,-0.1,27.18,-0.08,27.18,-0.08
149.295,27.12,-0.15,27.19,-0.08,27.19,-0.08
149.33,27.14,-0.16,27.19,-0.08,27.19,-0.08
149.366,27.1,-0.11,27.19,-0.08,27.19,-0.08
149.4,27.04,-0.18,27.19,-0.08,27.19,-0.08
149.434,27.11,-0.26,27.19,-0.08,27.19,-0.08
149.469,27.11,-0.15,27.19,-0.08,27.19,-0.08
149.503,27.14,-0.03,27.19,-0.08,27.19,-0.08
149.536,27.15,-0.13,27.19,-0.08,27.19,-0.08
149.57,27.1,-0.15,27.2,-0.08,27.2,-0.08
149.603,27.07,-0.11,27.2,-0.08,27.2,-0.08
149.637,27.06,-0.11,27.2,-0.08,27.2,-0.08
149.672,27.07,-0.14,27.2,-0.08,27.2,-0.08
149.704,27.08,-0.15,27.2,-0.08,27.2,-0.08
149.739,27.13,-0.08,27.2,-0.08,27.2,-0.08
149.774,27.1,-0.1,27.2,-0.08,27.2,-0.08
149.808,27.13,-0.19,27.2,-0.07,27.2,-0.08
149.842,27.19,-0.15,27.2,-0.07,27.2,-0.08
149.877,27.2,-0.01,27.2,-0.07,27.2,-0.07
149.911,27.13,-0.07,27.21,-0.07,27.21,-0.07
149.945,27.09,-0.16,27.21,-0.07,27.21,-0.07
149.978,27.14,-0.13,27.21,-0.07,27.21,-0.07
150.011,27.11,-0.08,27.21,-0.07,27.21,-0.07
150.044,26.98,-0.1,27.21,-0.07,27.21,-0.07
150.077,27.03,-0.11,27.21,-0.07,27.21,-0.07
150.112,27.16,-0.07,27.21,-0.07,27.21,-0.07
150.146,27.1,-0.04,27.21,-0.07,27.21,-0.07
150.179,26.94,-0.15,27.21,-0.07,27.21,-0.07
150.213,27.02,-0.15,27.21,-0.07,27.21,-0.07
150.246,27.11,-0.14,27.21,-0.07,27.21,-0.07
150.281,27.06,-0.14,27.21,-0.07,27.21,-0.07
150.315,27.1,-0.14,27.21,-0.07,27.21,-0.07
150.349,27.11,-0.17,27.21,-0.07,27.21,-0.07
150.383,27.13,-0.21,27.22,-0.07,27.22,-0.07
150.416,27.09,-0.15,27.22,-0.07,27.22,-0.07
150.449,27.06,-0.13,27.22,-0.07,27.22,-0.08
150.482,27.14,-0.19,27.22,-0.07,27.22,-0.08
150.515,27.12,-0.15,27.22,-0.07,27.22,-0.08
150.55,27.09,-0.14,27.22,-0.08,27.22,-0.08
150.584,27.09,-0.09,27.22,-0.08,27.22,-0.08
150.618,27.11,-0.06,27.22,-0.08,27.22,-0.08
150.652,27.18,-0.17,27.22,-0.08,27.22,-0.08
150.685,27.17,-0.16,27.23,-0.08,27.22,-0.08
150.719,27.1,-0.13,27.23,-0.08,27.23,-0.08
150.752,27.08,-0.15,27.23,-0.08,27.23,-0.08
150.787,27.08,-0.14,27.23,-0.08,27.23,-0.08
150.821,27.06,-0.15,27.23,-0.08,27.23,-0.08
150.855,27.08,-0.22,27.23,-0.08,27.23,-0.08
150.889,27.11,-0.22,27.23,-0.08,27.23,-0.08
150.926,27.18,-0.14,27.23,-0.08,27.23,-0.08
150.957,27.14,-0.11,27.23,-0.08,27.23,-0.08
150.991,27.06,-0.13,27.23,-0.08,27.23,-0.08
151.025,27.02,-0.16,27.23,-0.08,27.23,-0.08
151.06,27.03,-0.12,27.23,-0.08,27.23,-0.08
151.094,27.07,-0.14,27.23,-0.08,27.23,-0.08
151.129,27.08,-0.11,27.24,-0.08,27.23,-0.08
151.162,27.1,-0.14,27.24,-0.08,27.23,-0.08
151.196,27.11,-0.19,27.24,-0.08,27.23,-0.08
151.229,27.09,-0.18,27.24,-0.08,27.24,-0.08
151.261,27.14,-0.15,27.24,-0.08,27.24,-0.08
151.294,27.15,-0.19,27.24,-0.08,27.24,-0.08
151.326,27.15,-0.19,27.24,-0.08,27.24,-0.08
151.36,27.15,-0.15,27.25,-0.08,27.24,-0.08
151.392,27.12,-0.12,27.25,-0.08,27.24,-0.08
151.426,27.14,-0.15,27.25,-0.08,27.25,-0.08
151.459,27.14,-0.14,27.25,-0.08,27.25,-0.08
151.493,27.17,-0.1,27.25,-0.08,27.25,-0.08
151.525,27.17,-0.13,27.25,-0.08,27.25,-0.08
151.56,27.08,-0.16,27.25,-0.08,27.25,-0.08
151.593,27.07,-0.13,27.25,-0.08,27.25,-0.08
151.627,27.1,-0.11,27.25,-0.08,27.25,-0.08
151.661,27.13,-0.12,27.25,-0.08,27.25,-0.08
151.695,27.24,-0.14,27.25,-0.08,27.25,-0.08
151.728,27.21,-0.13,27.26,-0.08,27.26,-0.08
151.763,27.05,-0.16,27.26,-0.08,27.26,-0.08
151.795,27.01,-0.17,27.26,-0.08,27.26,-0.08
151.828,27.07,-0.18,27.26,-0.08,27.26,-0.08
151.861,27.11,-0.15,27.26,-0.08,27.26,-0.08
151.894,27.18,-0.1,27.26,-0.08,27.26,-0.08
151.928,27.13,-0.12,27.26,-0.08,27.26,-0.08
151.962,27.09,-0.13,27.26,-0.08,27.26,-0.08
151.995,27.04,-0.1,27.26,-0.08,27.26,-0.08
152.03,27.01,-0.12,27.26,-0.08,27.26,-0.08
152.062,27.14,-0.15,27.26,-0.08,27.26,-0.08
152.095,27.22,-0.15,27.26,-0.08,27.26,-0.08
152.128,27.11,-0.1,27.26,-0.08,27.26,-0.08
152.161,27.06,-0.16,27.27,-0.08,27.26,-0.08
152.197,27.07,-0.22,27.26,-0.08,27.26,-0.08
152.23,27.09,-0.15,27.26,-0.08,27.26,-0.08
152.265,27.1,-0.15,27.26,-0.08,27.26,-0.09
152.297,27.13,-0.12,27.27,-0.09,27.26,-0.09
152.33,27.11,-0.11,27.27,-0.08,27.26,-0.08
152.363,27.15,-0.15,27.27,-0.08,27.27,-0.09
152.394,27.11,-0.14,27.27,-0.09,27.27,-0.09
152.428,27.04,-0.13,27.27,-0.09,27.27,-0.09
152.461,27.07,-0.17,27.27,-0.09,27.27,-0.09
152.505,27.2,-0.16,27.27,-0.09,27.27,-0.09
152.538,27.2,-0.15,27.27,-0.09,27.27,-0.09
152.571,27.12,-0.17,27.27,-0.09,27.27,-0.09
152.604,27.07,-0.15,27.27,-0.09,27.27,-0.09
152.639,27.11,-0.14,27.27,-0.09,27.27,-0.09
152.674,27.16,-0.15,27.27,-0.09,27.27,-0.09
152.709,27.13,-0.13,27.27,-0.09,27.27,-0.09
152.743,27.06,-0.12,27.27,-0.09,27.27,-0.09
152.778,27.07,-0.12,27.27,-0.08,27.27,-0.09
152.81,27.12,-0.13,27.27,-0.09,27.27,-0.09
152.844,27.14,-0.12,27.27,-0.09,27.27,-0.09
152.878,27.11,-0.14,27.27,-0.09,27.27,-0.09
152.911,27.14,-0.19,27.27,-0.08,27.27,-0.09
152.945,27.08,-0.15,27.27,-0.09,27.27,-0.09
152.979,27.04,-0.12,27.27,-0.09,27.27,-0.09
153.013,27.1,-0.17,27.27,-0.09,27.27,-0.09
153.048,27.1,-0.16,27.27,-0.09,27.27,-0.09
153.082,27.13,-0.09,27.27,-0.09,27.27,-0.09
153.115,27.14,-0.09,27.27,-0.09,27.27,-0.09
153.148,27.16,-0.17,27.27,-0.09,27.27,-0.09
153.181,27.08,-0.19,27.27,-0.09,27.27,-0.09
153.215,27.06,-0.12,27.27,-0.09,27.27,-0.09
153.249,27.1,-0.12,27.27,-0.09,27.27,-0.09
153.282,27.08,-0.1,27.27,-0.09,27.27,-0.09
153.315,27.05,-0.1,27.27,-0.08,27.27,-0.08
153.348,27.04,-0.11,27.27,-0.08,27.27,-0.08
153.383,27.09,-0.16,27.27,-0.08,27.27,-0.08
153.418,27.13,-0.17,27.27,-0.08,27.27,-0.09
153.451,27.12,-0.17,27.27,-0.09,27.27,-0.09
153.485,27.14,-0.15,27.27,-0.09,27.27,-0.09
153.519,27.16,-0.14,27.27,-0.08,27.27,-0.08
153.554,27.11,-0.17,27.28,-0.08,27.27,-0.08
153.588,27.06,-0.11,27.28,-0.08,27.27,-0.08
153.622,27.12,-0.08,27.28,-0.08,27.28,-0.08
153.656,27.15,-0.08,27.28,-0.08,27.28,-0.08
153.689,27.13,-0.1,27.28,-0.08,27.28,-0.08
153.723,27.02,-0.13,27.28,-0.08,27.28,-0.08
153.756,27.02,-0.15,27.28,-0.08,27.28,-0.08
153.79,27.09,-0.14,27.28,-0.08,27.28,-0.08
153.823,27.1,-0.15,27.28,-0.08,27.28,-0.08
153.86,27.08,-0.12,27.28,-0.08,27.28,-0.08
153.895,27.04,-0.17,27.28,-0.08,27.28,-0.08
153.928,27.07,-0.17,27.28,-0.08,27.28,-0.08
153.961,27.13,-0.15,27.28,-0.08,27.28,-0.08
153.993,27.2,-0.13,27.28,-0.08,27.28,-0.08
154.028,27.2,-0.16,27.28,-0.08,27.28,-0.08
154.062,27.18,-0.19,27.28,-0.08,27.28,-0.08
154.095,27.08,-0.15,27.28,-0.08,27.28,-0.08
154.137,27.07,-0.15,27.28,-0.08,27.28,-0.09
154.171,27.07,-0.19,27.28,-0.09,27.28,-0.09
154.206,27.17,-0.19,27.28,-0.09,27.28,-0.09
154.242,27.06,-0.07,27.28,-0.09,27.28,-0.09
154.278,27.04,-0.13,27.28,-0.09,27.28,-0.09
154.312,27.15,-0.21,27.28,-0.08,27.28,-0.09
154.344,27.13,-0.15,27.28,-0.09,27.28,-0.09
154.378,27.11,-0.13,27.28,-0.09,27.28,-0.09
154.411,27.12,-0.17,27.29,-0.09,27.28,-0.09
154.445,27.16,-0.19,27.29,-0.09,27.29,-0.09
154.479,27.14,-0.17,27.29,-0.09,27.29,-0.09
154.512,27.1,-0.14,27.29,-0.09,27.29,-0.09
154.546,27.1,-0.15,27.29,-0.09,27.29,-0.09
154.58,27.12,-0.14,27.29,-0.09,27.29,-0.09
154.614,27.07,-0.13,27.29,-0.09,27.29,-0.09
154.647,27.06,-0.13,27.29,-0.09,27.29,-0.09
154.681,27.11,-0.16,27.29,-0.09,27.29,-0.09
154.716,27.14,-0.15,27.29,-0.09,27.29,-0.09
154.749,27.11,-0.12,27.29,-0.09,27.29,-0.09
154.783,27.12,-0.11,27.29,-0.09,27.29,-0.09
154.817,27.12,-0.15,27.29,-0.09,27.29,-0.09
154.851,27.11,-0.15,27.29,-0.09,27.29,-0.09
154.885,27.1,-0.14,27.29,-0.09,27.29,-0.09
154.919,27.07,-0.12,27.29,-0.09,27.29,-0.09
154.956,27.07,-0.12,27.29,-0.09,27.29,-0.09
154.992,27.04,-0.1,27.29,-0.09,27.29,-0.09
155.026,27.11,-0.09,27.29,-0.09,27.29,-0.09
155.061,27.14,-0.15,27.29,-0.09,27.29,-0.09
155.096,27.16,-0.17,27.29,-0.09,27.29,-0.09
155.127,27.12,-0.17,27.3,-0.09,27.29,-0.09
155.162,27.05,-0.15,27.3,-0.09,27.29,-0.09
155.196,27.07,-0.18,27.3,-0.09,27.29,-0.09
155.23,27.1,-0.22,27.3,-0.09,27.29,-0.09
155.265,27.13,-0.16,27.29,-0.09,27.29,-0.09
155.299,27.14,-0.14,27.3,-0.09,27.3,-0.09
155.331,27.08,-0.12,27.3,-0.09,27.3,-0.09
155.363,27.06,-0.1,27.3,-0.09,27.3,-0.09
155.397,27.11,-0.12,27.3,-0.09,27.3,-0.09
155.431,27.13,-0.16,27.3,-0.09,27.3,-0.09
155.464,27.06,-0.19,27.3,-0.09,27.3,-0.09
155.498,27.06,-0.17,27.3,-0.09,27.3,-0.09
155.531,27.08,-0.09,27.3,-0.09,27.3,-0.09
155.567,27.09,-0.1,27.3,-0.08,27.3,-0.08
155.6,27.11,-0.1,27.3,-0.08,27.3,-0.08
155.633,27.13,-0.13,27.3,-0.08,27.3,-0.08
155.667,27.15,-0.15,27.3,-0.08,27.3,-0.08
155.701,27.08,-0.13,27.3,-0.08,27.3,-0.08
155.734,27.06,-0.15,27.3,-0.08,27.3,-0.08
155.775,27.09,-0.15,27.3,-0.08,27.3,-0.08
155.81,27.08,-0.12,27.3,-0.08,27.3,-0.08
155.846,27.12,-0.19,27.3,-0.08,27.3,-0.08
155.878,27.11,-0.19,27.3,-0.08,27.3,-0.08
155.911,27.09,-0.16,27.3,-0.08,27.3,-0.09
155.945,27.06,-0.1,27.3,-0.09,27.3,-0.09
155.978,27.06,-0.08,27.3,-0.08,27.3,-0.08
156.013,27.08,-0.1,27.3,-0.08,27.3,-0.08
156.046,27.09,-0.12,27.3,-0.08,27.29,-0.08
156.082,27.01,-0.19,27.3,-0.08,27.29,-0.08
156.115,27.08,-0.21,27.3,-0.08,27.29,-0.08
156.147,27.1,-0.17,27.3,-0.08,27.29,-0.08
156.181,27.07,-0.15,27.3,-0.08,27.29,-0.08
156.213,27.08,-0.1,27.3,-0.08,27.29,-0.08
156.247,27.13,-0.14,27.3,-0.08,27.29,-0.08
156.28,27.08,-0.12,27.3,-0.08,27.29,-0.08
156.314,27.07,-0.13,27.3,-0.08,27.29,-0.08
156.346,27.1,-0.12,27.29,-0.08,27.29,-0.08
156.381,27.11,-0.12,27.29,-0.08,27.29,-0.08
156.414,27.12,-0.18,27.29,-0.08,27.29,-0.08
156.448,27.12,-0.19,27.29,-0.08,27.29,-0.08
156.483,27.13,-0.17,27.29,-0.08,27.29,-0.08
156.515,27.08,-0.12,27.29,-0.08,27.29,-0.08
156.548,27.07,-0.1,27.29,-0.08,27.29,-0.08
156.581,27.09,-0.19,27.29,-0.08,27.29,-0.08
156.614,27.04,-0.18,27.29,-0.08,27.29,-0.08
156.647,27.13,-0.1,27.29,-0.08,27.29,-0.08
156.68,27.15,-0.1,27.29,-0.08,27.29,-0.08
156.713,27.12,-0.17,27.29,-0.08,27.29,-0.08
156.747,27.1,-0.19,27.29,-0.08,27.29,-0.08
156.78,27.06,-0.19,27.3,-0.08,27.29,-0.08
156.814,27.09,-0.17,27.3,-0.08,27.29,-0.08
156.847,27.17,-0.11,27.3,-0.08,27.29,-0.08
156.88,27.13,-0.08,27.29,-0.08,27.29,-0.08
156.915,27.13,-0.14,27.3,-0.08,27.29,-0.08
156.947,27.09,-0.16,27.3,-0.08,27.29,-0.08
156.98,27.13,-0.24,27.3,-0.08,27.29,-0.08
157.014,27.17,-0.21,27.3,-0.08,27.3,-0.08
157.049,27.2,-0.17,27.3,-0.08,27.3,-0.08
157.083,27.1,-0.13,27.3,-0.08,27.3,-0.08
157.117,27.07,-0.13,27.3,-0.08,27.3,-0.08
157.153,27.11,-0.07,27.3,-0.08,27.3,-0.08
157.187,27.13,-0.1,27.3,-0.08,27.3,-0.08
157.219,27.09,-0.16,27.3,-0.08,27.3,-0.08
157.252,27.07,-0.16,27.3,-0.08,27.3,-0.08
157.288,27.13,-0.17,27.3,-0.08,27.3,-0.08
157.322,27.17,-0.15,27.3,-0.08,27.3,-0.08
157.361,27.13,-0.09,27.3,-0.08,27.3,-0.08
157.397,27.09,-0.06,27.3,-0.08,27.3,-0.08
157.429,27.04,-0.16,27.3,-0.08,27.3,-0.08
157.464,27.05,-0.21,27.3,-0.08,27.3,-0.08
157.498,27.14,-0.15,27.3,-0.08,27.3,-0.08
157.531,27.13,-0.13,27.3,-0.08,27.3,-0.08
157.566,27.09,-0.27,27.3,-0.08,27.3,-0.08
157.599,27.13,-0.25,27.3,-0.08,27.3,-0.08
157.631,27.06,0.09,27.3,-0.09,27.3,-0.08
157.664,27,-0.17,27.3,-0.08,27.3,-0.08
157.699,27.08,-0.31,27.3,-0.08,27.3,-0.08
157.734,27.26,-0.19,27.3,-0.08,27.3,-0.08
157.769,27.12,0.02,27.3,-0.08,27.3,-0.08
157.803,27.09,-0.15,27.3,-0.08,27.3,-0.08
157.835,27.1,-0.24,27.3,-0.08,27.3,-0.08
157.867,27.11,-0.24,27.3,-0.08,27.3,-0.08
157.901,27.02,-0.13,27.3,-0.08,27.3,-0.08
157.935,27.1,0,27.3,-0.08,27.3,-0.08
157.967,27.14,-0.07,27.3,-0.08,27.3,-0.08
158.002,27.11,-0.26,27.3,-0.08,27.3,-0.08
158.036,27.09,-0.14,27.3,-0.08,27.3,-0.08
158.068,27.07,-0.15,27.31,-0.08,27.3,-0.08
158.101,27.15,-0.21,27.3,-0.08,27.3,-0.08
158.134,27.19,-0.12,27.3,-0.08,27.3,-0.08
158.168,27.11,-0.03,27.31,-0.08,27.3,-0.08
158.201,27.05,-0.07,27.31,-0.08,27.3,-0.08
158.235,27.13,-0.28,27.3,-0.08,27.3,-0.08
158.267,27.15,-0.22,27.3,-0.08,27.3,-0.08
158.3,27.05,-0.14,27.3,-0.08,27.3,-0.08
158.333,27.01,-0.19,27.3,-0.08,27.3,-0.08
158.366,27.12,-0.19,27.3,-0.08,27.3,-0.08
158.398,27.18,-0.17,27.3,-0.08,27.3,-0.08
158.432,27.05,-0.09,27.3,-0.08,27.3,-0.08
158.468,27.03,-0.08,27.31,-0.08,27.3,-0.08
158.501,27.13,-0.22,27.31,-0.08,27.3,-0.08
158.536,27.17,-0.19,27.3,-0.08,27.3,-0.08
158.568,27.07,-0.09,27.3,-0.08,27.3,-0.08
158.604,27.06,-0.12,27.3,-0.08,27.3,-0.08
158.635,27.13,-0.2,27.3,-0.08,27.3,-0.08
158.668,27.12,-0.19,27.3,-0.08,27.3,-0.08
158.703,27.08,-0.12,27.3,-0.08,27.3,-0.08
158.736,27.07,-0.15,27.3,-0.08,27.3,-0.08
158.768,27.19,-0.17,27.3,-0.08,27.3,-0.08
158.801,27.15,-0.2,27.3,-0.08,27.3,-0.08
158.833,27.09,-0.12,27.3,-0.08,27.3,-0.08
158.867,27.05,-0.16,27.3,-0.08,27.3,-0.08
158.901,27.13,-0.2,27.3,-0.08,27.3,-0.08
158.934,27.16,-0.1,27.3,-0.08,27.3,-0.08
158.968,27.11,-0.11,27.31,-0.08,27.3,-0.08
159.013,27.1,-0.23,27.31,-0.08,27.3,-0.08
159.047,27.1,-0.19,27.31,-0.08,27.3,-0.09
159.081,27.09,-0.09,27.31,-0.09,27.3,-0.09
159.115,27.08,-0.17,27.31,-0.09,27.3,-0.09
159.15,27.18,-0.2,27.3,-0.09,27.3,-0.09
159.183,27.17,-0.17,27.3,-0.09,27.3,-0.09
159.218,27.11,-0.08,27.3,-0.09,27.3,-0.09
159.251,27.08,-0.08,27.3,-0.09,27.3,-0.08
159.284,27.13,-0.15,27.31,-0.08,27.3,-0.08
159.317,27.11,-0.14,27.31,-0.08,27.3,-0.08
159.352,27.06,-0.12,27.31,-0.08,27.3,-0.08
159.384,27.06,-0.18,27.31,-0.08,27.3,-0.08
159.416,27.07,-0.25,27.31,-0.08,27.3,-0.08
159.45,27.1,-0.17,27.31,-0.08,27.3,-0.08
159.484,27.1,-0.1,27.31,-0.08,27.31,-0.08
159.516,27.12,-0.08,27.31,-0.08,27.31,-0.08
159.55,27.12,-0.09,27.31,-0.08,27.31,-0.08
159.582,27.05,-0.07,27.31,-0.08,27.3,-0.08
159.616,26.98,-0.12,27.31,-0.08,27.3,-0.08
159.648,27,-0.24,27.31,-0.08,27.3,-0.08
159.682,27.06,-0.17,27.31,-0.08,27.3,-0.08
159.717,27.15,-0.07,27.3,-0.08,27.3,-0.08
159.75,27.18,-0.04,27.31,-0.08,27.3,-0.08
159.782,27.11,-0.15,27.31,-0.08,27.31,-0.08
159.816,27.13,-0.22,27.31,-0.08,27.31,-0.08
159.851,27.15,-0.13,27.31,-0.08,27.31,-0.08
159.886,27.06,-0.1,27.31,-0.08,27.31,-0.08
159.921,27.06,-0.15,27.31,-0.08,27.31,-0.08
159.953,27.09,-0.12,27.31,-0.08,27.31,-0.08
159.988,27.09,-0.11,27.31,-0.08,27.31,-0.08
160.022,27.08,-0.13,27.31,-0.08,27.3,-0.08
160.055,27.1,-0.14,27.3,-0.08,27.3,-0.08
160.089,27.11,-0.11,27.31,-0.08,27.3,-0.08
160.122,27.12,-0.08,27.31,-0.08,27.3,-0.08
160.153,27.06,-0.12,27.31,-0.08,27.3,-0.08
160.186,27.09,-0.19,27.31,-0.08,27.3,-0.08
160.218,27.08,-0.22,27.31,-0.08,27.3,-0.08
160.251,27.06,-0.15,27.31,-0.08,27.3,-0.08
160.284,27.1,-0.1,27.3,-0.08,27.3,-0.08
160.316,27.1,-0.12,27.3,-0.08,27.3,-0.08
160.35,27.11,-0.19,27.3,-0.08,27.3,-0.08
160.382,27.08,-0.18,27.3,-0.08,27.3,-0.08
160.418,27.04,-0.17,27.3,-0.08,27.3,-0.08
160.453,27.13,-0.16,27.3,-0.08,27.3,-0.08
160.488,27.14,-0.16,27.3,-0.08,27.3,-0.08
160.521,27.12,-0.13,27.3,-0.08,27.3,-0.08
160.554,27.13,-0.13,27.3,-0.08,27.3,-0.08
160.588,27.09,-0.15,27.31,-0.08,27.3,-0.08
160.631,27.08,-0.15,27.31,-0.08,27.3,-0.08
160.666,27.12,-0.11,27.31,-0.08,27.3,-0.08
160.699,27.1,-0.12,27.31,-0.08,27.31,-0.08
160.734,27.08,-0.13,27.31,-0.08,27.3,-0.08
160.768,27.09,-0.17,27.31,-0.08,27.3,-0.08
160.8,27.07,-0.21,27.31,-0.08,27.3,-0.08
160.832,27.15,-0.18,27.31,-0.08,27.3,-0.08
160.866,27.12,-0.18,27.31,-0.08,27.3,-0.08
160.9,27.14,-0.17,27.31,-0.08,27.3,-0.08
160.933,27.13,-0.12,27.31,-0.08,27.3,-0.08
160.969,27.1,-0.13,27.31,-0.08,27.3,-0.08
161.001,27.16,-0.15,27.31,-0.08,27.3,-0.08
161.035,27.12,-0.17,27.31,-0.08,27.31,-0.08
161.068,27.09,-0.14,27.31,-0.08,27.31,-0.08
161.101,27.12,-0.14,27.31,-0.08,27.31,-0.08
161.134,27.11,-0.15,27.31,-0.08,27.31,-0.08
161.168,27.15,-0.19,27.31,-0.08,27.31,-0.08
161.201,27.12,-0.18,27.31,-0.08,27.31,-0.08
161.236,27.12,-0.2,27.31,-0.08,27.31,-0.08
161.269,27.13,-0.2,27.31,-0.08,27.31,-0.08
161.304,27.05,-0.14,27.31,-0.08,27.31,-0.08
161.337,27,-0.09,27.31,-0.08,27.31,-0.08
161.37,27.15,-0.09,27.31,-0.08,27.31,-0.08
161.405,27.16,-0.13,27.31,-0.08,27.31,-0.08
161.437,27.11,-0.14,27.31,-0.08,27.31,-0.08
161.47,27.11,-0.12,27.31,-0.08,27.31,-0.08
161.504,27.14,-0.12,27.31,-0.08,27.31,-0.08
161.537,27.11,-0.13,27.31,-0.08,27.31,-0.08
161.57,27.08,-0.13,27.32,-0.08,27.31,-0.08
161.603,27.04,-0.13,27.32,-0.08,27.31,-0.08
161.637,27.1,-0.12,27.32,-0.08,27.31,-0.08
161.67,27.13,-0.12,27.32,-0.08,27.31,-0.08
161.703,27.06,-0.15,27.32,-0.08,27.31,-0.08
161.737,27.02,-0.13,27.31,-0.08,27.31,-0.08
161.769,27.15,-0.13,27.31,-0.08,27.31,-0.08
161.803,27.16,-0.12,27.31,-0.08,27.31,-0.08
161.837,27.09,-0.12,27.32,-0.08,27.31,-0.08
161.871,27.12,-0.18,27.32,-0.08,27.31,-0.08
161.904,27.12,-0.15,27.32,-0.08,27.31,-0.08
161.938,27.07,-0.12,27.31,-0.08,27.31,-0.08
161.971,27.11,-0.15,27.32,-0.08,27.31,-0.08
162.004,27.12,-0.1,27.32,-0.08,27.31,-0.08
162.04,27.12,-0.12,27.32,-0.08,27.31,-0.08
162.08,27.12,-0.1,27.32,-0.08,27.31,-0.08
162.112,27.1,-0.12,27.32,-0.08,27.31,-0.08
162.146,27.09,-0.15,27.32,-0.08,27.31,-0.08
162.18,27.11,-0.15,27.32,-0.08,27.31,-0.08
162.213,27.12,-0.13,27.32,-0.08,27.31,-0.08
162.251,27.14,-0.18,27.32,-0.08,27.31,-0.08
162.283,27.12,-0.19,27.31,-0.08,27.31,-0.08
162.316,27.05,-0.13,27.31,-0.08,27.31,-0.08
162.351,27.07,-0.13,27.31,-0.08,27.31,-0.08
162.384,27.06,-0.15,27.31,-0.08,27.31,-0.08
162.417,27.07,-0.16,27.31,-0.08,27.31,-0.08
162.451,27.08,-0.19,27.31,-0.08,27.31,-0.08
162.485,27.12,-0.19,27.31,-0.08,27.31,-0.08
162.519,27.08,-0.15,27.32,-0.08,27.31,-0.08
162.552,27.06,-0.07,27.31,-0.08,27.31,-0.08
162.585,27.08,-0.1,27.31,-0.08,27.31,-0.08
162.619,27.12,-0.17,27.31,-0.08,27.31,-0.08
162.653,27.09,-0.15,27.31,-0.08,27.31,-0.08
162.687,27.11,-0.16,27.31,-0.08,27.31,-0.08
162.721,27.13,-0.15,27.31,-0.08,27.31,-0.08
162.755,27.09,-0.11,27.31,-0.08,27.31,-0.08
162.788,27.07,-0.11,27.31,-0.08,27.31,-0.08
162.822,27.07,-0.13,27.31,-0.08,27.31,-0.08
162.855,27.09,-0.12,27.31,-0.08,27.31,-0.08
162.89,27.08,-0.17,27.31,-0.08,27.31,-0.08
162.923,27.13,-0.19,27.31,-0.08,27.31,-0.08
162.957,27.12,-0.15,27.31,-0.08,27.31,-0.08
162.991,27.07,-0.19,27.31,-0.08,27.31,-0.08
163.025,27.13,-0.19,27.31,-0.08,27.31,-0.08
163.059,26.97,-0.08,27.31,-0.08,27.31,-0.08
163.093,27.02,-0.12,27.31,-0.08,27.31,-0.08
163.127,27.12,-0.14,27.31,-0.08,27.31,-0.08
163.161,27.16,-0.22,27.31,-0.08,27.31,-0.08
163.194,27.11,-0.17,27.31,-0.08,27.31,-0.08
163.228,27.04,-0.12,27.31,-0.08,27.31,-0.08
163.262,27.05,-0.17,27.31,-0.08,27.31,-0.08
163.294,27.12,-0.16,27.31,-0.08,27.31,-0.08
163.327,27.13,-0.11,27.31,-0.08,27.31,-0.08
163.361,27.12,-0.11,27.31,-0.08,27.31,-0.08
163.394,27.13,-0.11,27.31,-0.08,27.31,-0.08
163.428,27.09,-0.16,27.31,-0.08,27.31,-0.08
163.462,27.06,-0.18,27.31,-0.08,27.31,-0.08
163.496,26.97,-0.1,27.31,-0.08,27.31,-0.08
163.53,26.97,-0.18,27.31,-0.08,27.31,-0.08
163.563,27.14,-0.2,27.31,-0.08,27.31,-0.08
163.598,27.04,-0.17,27.31,-0.08,27.31,-0.08
163.632,27.12,-0.15,27.31,-0.08,27.3,-0.08
163.666,27.18,-0.13,27.31,-0.08,27.31,-0.08
163.7,27.1,-0.12,27.31,-0.08,27.3,-0.08
163.733,27.06,-0.16,27.31,-0.08,27.31,-0.08
163.767,27.11,-0.17,27.31,-0.08,27.3,-0.08
163.801,27.12,-0.1,27.31,-0.08,27.3,-0.08
163.834,27.08,-0.09,27.31,-0.08,27.3,-0.08
163.875,27.09,-0.14,27.31,-0.08,27.3,-0.08
163.908,27.11,-0.15,27.31,-0.08,27.3,-0.08
163.943,27.14,-0.17,27.31,-0.08,27.3,-0.08
163.977,27.08,-0.15,27.31,-0.08,27.3,-0.08
164.011,27.05,-0.11,27.31,-0.08,27.3,-0.08
164.045,27.06,-0.16,27.31,-0.08,27.3,-0.08
164.078,27.08,-0.16,27.31,-0.08,27.3,-0.08
164.111,26.99,-0.12,27.31,-0.08,27.3,-0.08
164.144,27.09,-0.27,27.31,-0.08,27.3,-0.08
164.178,27.15,-0.19,27.31,-0.08,27.3,-0.08
164.211,27.05,-0.19,27.31,-0.08,27.3,-0.08
164.246,27.16,-0.17,27.31,-0.08,27.3,-0.09
164.279,27.04,-0.15,27.31,-0.09,27.3,-0.09
164.312,27.05,-0.17,27.31,-0.09,27.3,-0.09
164.347,27.11,-0.14,27.31,-0.09,27.31,-0.09
164.38,27.11,-0.17,27.31,-0.09,27.31,-0.09
164.414,27.11,-0.24,27.31,-0.08,27.31,-0.09
164.448,27.08,-0.15,27.31,-0.09,27.31,-0.09
164.482,27.11,-0.07,27.31,-0.08,27.31,-0.08
164.517,27.14,-0.15,27.31,-0.08,27.31,-0.08
164.552,27.11,-0.15,27.31,-0.08,27.31,-0.09
164.586,27.09,-0.12,27.31,-0.09,27.31,-0.09
164.619,27.11,-0.11,27.31,-0.08,27.31,-0.08
164.652,27.17,-0.13,27.31,-0.08,27.31,-0.08
164.687,27.12,-0.15,27.31,-0.08,27.31,-0.08
164.719,27.12,-0.17,27.31,-0.08,27.31,-0.08
164.753,27.1,-0.23,27.31,-0.08,27.31,-0.08
164.787,27.1,-0.17,27.31,-0.08,27.31,-0.08
164.819,27.18,-0.18,27.31,-0.08,27.31,-0.08
164.853,27.2,-0.13,27.31,-0.08,27.31,-0.09
164.887,27.08,-0.1,27.31,-0.09,27.31,-0.09
164.922,27.09,-0.15,27.31,-0.08,27.31,-0.09
164.955,27.13,-0.19,27.31,-0.08,27.31,-0.09
164.989,27.09,-0.17,27.31,-0.08,27.31,-0.09
165.023,27.11,-0.16,27.32,-0.09,27.31,-0.09
165.055,27.14,-0.15,27.32,-0.09,27.32,-0.09
165.088,27.15,-0.19,27.32,-0.09,27.32,-0.09
165.123,27.1,-0.14,27.32,-0.08,27.32,-0.08
165.155,27.1,-0.13,27.32,-0.08,27.32,-0.08
165.189,27.11,-0.23,27.32,-0.08,27.32,-0.09
165.223,27.08,-0.26,27.32,-0.09,27.32,-0.09
165.256,27.17,-0.12,27.32,-0.09,27.32,-0.09
165.29,27.09,-0.09,27.32,-0.09,27.32,-0.09
165.322,27.07,-0.14,27.32,-0.09,27.32,-0.09
165.356,27.13,-0.17,27.32,-0.09,27.32,-0.09
165.388,27.1,-0.15,27.32,-0.09,27.32,-0.09
165.422,27.1,-0.16,27.32,-0.09,27.32,-0.09
165.455,27.21,-0.22,27.32,-0.08,27.32,-0.09
165.49,27.19,-0.15,27.32,-0.08,27.32,-0.08
165.525,27.08,-0.08,27.32,-0.08,27.32,-0.08
165.56,27.07,-0.1,27.32,-0.08,27.32,-0.08
165.593,27.16,-0.22,27.32,-0.08,27.32,-0.08
165.626,27.11,-0.23,27.32,-0.08,27.32,-0.08
165.661,27.08,-0.17,27.32,-0.08,27.32,-0.08
165.696,27.09,-0.13,27.32,-0.08,27.32,-0.08
165.729,27.11,-0.12,27.32,-0.08,27.32,-0.08
165.764,27.05,-0.07,27.32,-0.08,27.32,-0.08
165.798,27.06,-0.1,27.32,-0.08,27.32,-0.08
165.83,27.18,-0.24,27.32,-0.08,27.32,-0.08
165.862,27.19,-0.22,27.32,-0.08,27.32,-0.08
165.896,27.03,-0.11,27.32,-0.08,27.32,-0.08
165.931,27.13,-0.19,27.32,-0.08,27.32,-0.08
165.965,27.11,-0.15,27.32,-0.08,27.32,-0.08
165.999,26.99,-0.19,27.32,-0.08,27.31,-0.08
166.033,27.12,-0.13,27.32,-0.08,27.32,-0.08
166.068,27.12,-0.07,27.32,-0.08,27.31,-0.08
166.102,26.98,-0.13,27.32,-0.08,27.31,-0.08
166.134,27.05,-0.19,27.31,-0.08,27.31,-0.08
166.166,27.07,-0.18,27.31,-0.08,27.31,-0.08
166.2,27.11,-0.09,27.31,-0.08,27.31,-0.08
166.233,27.15,-0.08,27.31,-0.08,27.31,-0.08
166.267,27.11,-0.17,27.31,-0.08,27.31,-0.08
166.301,27.09,-0.19,27.31,-0.08,27.31,-0.08
166.334,27.08,-0.15,27.31,-0.08,27.31,-0.08
166.367,27.05,-0.11,27.31,-0.08,27.31,-0.08
166.401,27.04,-0.15,27.31,-0.08,27.31,-0.08
166.437,27.16,-0.22,27.31,-0.08,27.31,-0.08
166.472,27.21,-0.14,27.31,-0.08,27.31,-0.09
166.507,27.09,-0.14,27.31,-0.08,27.31,-0.08
166.544,27.08,-0.17,27.31,-0.08,27.31,-0.08
166.579,27.19,-0.1,27.31,-0.08,27.31,-0.08
166.612,27.14,-0.1,27.31,-0.08,27.31,-0.08
166.646,27.1,-0.15,27.31,-0.08,27.31,-0.08
166.679,27.1,-0.12,27.31,-0.08,27.31,-0.08
166.714,27.13,-0.19,27.31,-0.08,27.31,-0.08
166.748,27.01,-0.09,27.31,-0.08,27.31,-0.08
166.782,27.04,-0.08,27.31,-0.08,27.31,-0.08
166.816,27.12,-0.14,27.31,-0.08,27.31,-0.08
166.851,27.06,-0.13,27.31,-0.08,27.31,-0.08
166.885,27.08,-0.14,27.31,-0.08,27.31,-0.08
166.92,27.13,-0.11,27.31,-0.08,27.31,-0.08
166.953,27.19,-0.08,27.31,-0.08,27.31,-0.08
166.987,27.11,-0.08,27.31,-0.08,27.31,-0.08
167.021,27.05,-0.12,27.31,-0.08,27.31,-0.08
167.055,27.11,-0.13,27.31,-0.08,27.31,-0.08
167.088,27.12,-0.14,27.31,-0.08,27.31,-0.08
167.135,27.09,-0.19,27.31,-0.08,27.31,-0.08
167.169,27.09,-0.17,27.31,-0.08,27.31,-0.08
167.204,27.1,-0.13,27.31,-0.08,27.31,-0.08
167.238,27.1,-0.12,27.31,-0.08,27.31,-0.08
167.269,27.11,-0.13,27.31,-0.08,27.31,-0.08
167.304,27.14,-0.16,27.31,-0.08,27.31,-0.08
167.337,27.11,-0.19,27.31,-0.08,27.31,-0.08
167.37,27.13,-0.17,27.31,-0.08,27.31,-0.08
167.404,27.12,-0.13,27.31,-0.08,27.31,-0.08
167.438,27.1,-0.13,27.31,-0.09,27.31,-0.09
167.472,27.12,-0.16,27.31,-0.08,27.31,-0.09
167.505,27.15,-0.1,27.31,-0.08,27.31,-0.08
167.538,27.11,-0.13,27.31,-0.08,27.31,-0.08
167.573,27.09,-0.11,27.31,-0.08,27.31,-0.08
167.605,27.13,-0.1,27.31,-0.08,27.31,-0.08
167.639,27.09,-0.1,27.31,-0.08,27.31,-0.08
167.671,27.06,-0.08,27.31,-0.08,27.31,-0.08
167.705,27.06,-0.1,27.31,-0.08,27.31,-0.08
167.742,27.07,-0.21,27.31,-0.08,27.31,-0.08
167.776,27.04,-0.18,27.31,-0.08,27.31,-0.08
167.809,27.13,-0.12,27.31,-0.08,27.31,-0.08
167.843,27.1,-0.11,27.31,-0.08,27.31,-0.08
167.876,27.1,-0.1,27.31,-0.08,27.31,-0.08
167.909,27.12,-0.1,27.31,-0.08,27.31,-0.08
167.941,27.15,-0.19,27.31,-0.08,27.31,-0.08
167.974,27.14,-0.19,27.31,-0.08,27.31,-0.08
168.008,27.1,-0.15,27.31,-0.08,27.31,-0.08
168.041,27.09,-0.15,27.31,-0.08,27.31,-0.08
168.076,27.1,-0.1,27.31,-0.08,27.31,-0.08
168.109,27.12,-0.08,27.31,-0.08,27.31,-0.08
168.143,27.2,-0.12,27.31,-0.08,27.31,-0.08
168.176,27.19,-0.17,27.31,-0.08,27.31,-0.08
168.208,27.02,-0.14,27.31,-0.08,27.31,-0.08
168.241,26.95,-0.09,27.31,-0.08,27.31,-0.08
168.275,26.99,-0.09,27.31,-0.08,27.31,-0.08
168.309,27.1,-0.13,27.31,-0.08,27.31,-0.08
168.341,27.07,-0.15,27.31,-0.08,27.31,-0.08
168.374,27.07,-0.18,27.31,-0.08,27.31,-0.08
168.408,27.1,-0.14,27.31,-0.08,27.31,-0.08
168.44,27.06,-0.06,27.31,-0.08,27.31,-0.08
168.474,27.07,-0.07,27.31,-0.08,27.31,-0.08
168.507,27.12,-0.14,27.31,-0.07,27.31,-0.07
168.543,27.12,-0.17,27.31,-0.07,27.31,-0.08
168.576,27.12,-0.19,27.31,-0.07,27.31,-0.08
168.609,27.09,-0.11,27.31,-0.07,27.31,-0.07
168.642,27.05,-0.1,27.31,-0.07,27.31,-0.07
168.675,27.08,-0.15,27.31,-0.07,27.31,-0.08
168.707,27.05,-0.12,27.31,-0.07,27.3,-0.07
168.751,27.1,-0.19,27.31,-0.07,27.3,-0.08
168.784,27.14,-0.22,27.31,-0.07,27.3,-0.08
168.817,27.15,-0.17,27.31,-0.08,27.3,-0.08
168.851,27.09,-0.11,27.31,-0.08,27.3,-0.08
168.896,27.05,-0.15,27.31,-0.08,27.3,-0.08
168.932,27.12,-0.15,27.31,-0.07,27.3,-0.08
168.968,27.13,-0.16,27.31,-0.07,27.31,-0.08
169.001,27.09,-0.12,27.31,-0.07,27.3,-0.07
169.033,27.12,-0.11,27.31,-0.07,27.3,-0.07
169.067,27.16,-0.12,27.31,-0.07,27.3,-0.07
169.101,27.12,-0.14,27.31,-0.07,27.31,-0.07
169.134,27.04,-0.16,27.31,-0.07,27.31,-0.07
169.169,27.04,-0.13,27.31,-0.07,27.31,-0.07
169.205,27.1,-0.15,27.31,-0.07,27.31,-0.07
169.239,27.13,-0.14,27.31,-0.07,27.31,-0.07
169.275,27.09,-0.15,27.31,-0.07,27.3,-0.07
169.308,27.1,-0.15,27.31,-0.07,27.3,-0.07
169.342,27.12,-0.15,27.31,-0.07,27.3,-0.07
169.375,27.11,-0.17,27.31,-0.07,27.3,-0.07
169.407,27.12,-0.14,27.31,-0.07,27.3,-0.07
169.44,27.07,-0.19,27.31,-0.07,27.3,-0.07
169.472,27.1,-0.15,27.31,-0.07,27.3,-0.07
169.506,27.09,-0.17,27.3,-0.07,27.3,-0.07
169.538,27.08,-0.13,27.31,-0.07,27.3,-0.07
169.57,27.17,-0.13,27.31,-0.07,27.3,-0.07
169.605,27.18,-0.14,27.31,-0.07,27.3,-0.07
169.639,27.17,-0.14,27.31,-0.07,27.31,-0.07
169.672,27.07,-0.08,27.31,-0.07,27.3,-0.07
169.707,27.06,-0.1,27.31,-0.07,27.3,-0.07
169.742,27.11,-0.2,27.31,-0.07,27.3,-0.07
169.777,27.11,-0.18,27.31,-0.07,27.3,-0.07
169.809,27.08,-0.15,27.31,-0.07,27.3,-0.08
169.842,27.12,-0.15,27.31,-0.08,27.3,-0.08
169.876,27.08,-0.13,27.31,-0.08,27.3,-0.08
169.908,27.06,-0.08,27.31,-0.08,27.3,-0.08
169.941,27.08,-0.17,27.31,-0.07,27.3,-0.08
169.975,27.12,-0.2,27.3,-0.07,27.3,-0.08
170.008,27.12,-0.19,27.3,-0.08,27.3,-0.08
170.042,27.09,-0.16,27.31,-0.08,27.3,-0.08
170.075,27.07,-0.13,27.3,-0.07,27.3,-0.08
170.108,27.11,-0.07,27.3,-0.07,27.3,-0.07
170.141,27.06,-0.09,27.3,-0.07,27.3,-0.07
170.178,27.05,-0.11,27.3,-0.07,27.3,-0.07
170.214,27.1,-0.12,27.3,-0.07,27.3,-0.08
170.247,27.09,-0.13,27.3,-0.08,27.3,-0.08
170.28,27.06,-0.12,27.3,-0.07,27.3,-0.08
170.313,27.09,-0.14,27.3,-0.08,27.3,-0.08
170.347,27.09,-0.16,27.3,-0.08,27.3,-0.08
170.385,27.07,-0.2,27.3,-0.08,27.3,-0.08
170.417,27.16,-0.19,27.3,-0.08,27.3,-0.08
170.451,27.13,-0.18,27.3,-0.08,27.3,-0.08
170.488,27.11,-0.19,27.3,-0.08,27.3,-0.08
170.519,27.15,-0.13,27.3,-0.08,27.3,-0.08
170.552,27.08,-0.11,27.3,-0.08,27.3,-0.08
170.585,27.07,-0.2,27.3,-0.08,27.3,-0.08
170.617,27.11,-0.15,27.3,-0.08,27.3,-0.08
170.65,27.12,-0.17,27.3,-0.08,27.3,-0.08
170.684,27.11,-0.17,27.3,-0.08,27.3,-0.08
170.717,27.09,-0.15,27.3,-0.08,27.3,-0.08
170.75,27.09,-0.13,27.3,-0.08,27.3,-0.08
170.781,27.09,-0.14,27.3,-0.08,27.3,-0.08
170.815,27.18,-0.08,27.3,-0.08,27.3,-0.08
170.849,27.05,-0.08,27.3,-0.08,27.3,-0.08
170.881,27.06,-0.12,27.3,-0.08,27.3,-0.08
170.914,27.06,-0.16,27.3,-0.08,27.3,-0.08
170.947,27.01,-0.14,27.3,-0.08,27.3,-0.08
170.98,26.99,-0.15,27.3,-0.08,27.3,-0.08
171.012,27.09,-0.15,27.3,-0.08,27.3,-0.08
171.046,27.12,-0.13,27.3,-0.08,27.3,-0.08
171.078,27.13,-0.13,27.3,-0.08,27.3,-0.08
171.111,27.13,-0.13,27.3,-0.08,27.3,-0.08
171.144,27.07,-0.2,27.3,-0.08,27.3,-0.08
171.176,27.09,-0.19,27.3,-0.08,27.3,-0.08
171.209,27.08,-0.15,27.3,-0.08,27.3,-0.08
171.242,27.01,-0.06,27.3,-0.08,27.3,-0.08
171.275,27.02,-0.15,27.3,-0.08,27.3,-0.08
171.308,27.03,-0.21,27.3,-0.08,27.29,-0.08
171.343,27.08,-0.22,27.3,-0.08,27.3,-0.08
171.376,27.13,-0.15,27.3,-0.08,27.3,-0.08
171.409,27.11,-0.13,27.3,-0.08,27.3,-0.08
171.441,27.12,-0.13,27.3,-0.08,27.3,-0.08
171.475,27.12,-0.08,27.3,-0.08,27.3,-0.08
171.509,27.1,-0.12,27.3,-0.08,27.3,-0.08
171.541,27.11,-0.21,27.3,-0.08,27.3,-0.08
171.574,27.1,-0.17,27.3,-0.08,27.3,-0.08
171.606,27.08,-0.13,27.3,-0.08,27.3,-0.08
171.64,27.12,-0.13,27.3,-0.08,27.3,-0.08
171.674,27.07,-0.13,27.3,-0.08,27.3,-0.08
171.707,27.09,-0.15,27.3,-0.08,27.3,-0.08
171.739,27.15,-0.19,27.3,-0.08,27.3,-0.08
171.772,27.14,-0.18,27.3,-0.08,27.3,-0.08
171.805,27.06,-0.1,27.3,-0.08,27.3,-0.08
171.839,27.07,-0.15,27.3,-0.08,27.3,-0.08
171.872,27.14,-0.09,27.3,-0.08,27.3,-0.08
171.906,27.1,-0.12,27.3,-0.08,27.3,-0.08
171.94,27.12,-0.13,27.3,-0.07,27.3,-0.08
171.973,27.16,-0.13,27.3,-0.07,27.3,-0.07
172.014,27.13,-0.11,27.3,-0.07,27.3,-0.07
172.047,27.1,-0.16,27.3,-0.07,27.3,-0.08
172.082,27.08,-0.19,27.3,-0.08,27.3,-0.08
172.116,27.09,-0.19,27.3,-0.08,27.3,-0.08
172.148,27.11,-0.23,27.3,-0.08,27.3,-0.08
172.18,27.1,-0.19,27.3,-0.08,27.3,-0.08
172.214,27.11,-0.13,27.3,-0.07,27.3,-0.08
172.247,27.14,-0.14,27.3,-0.07,27.3,-0.07
172.279,27.16,-0.15,27.3,-0.07,27.3,-0.07
172.312,27.13,-0.13,27.3,-0.07,27.3,-0.07
172.346,27.11,-0.13,27.3,-0.07,27.3,-0.07
172.378,27.16,-0.12,27.3,-0.07,27.3,-0.07
172.41,27.2,-0.12,27.3,-0.07,27.3,-0.07
172.444,27.17,-0.1,27.31,-0.07,27.3,-0.07
172.476,27.07,-0.11,27.3,-0.07,27.3,-0.07
172.508,27.08,-0.11,27.3,-0.07,27.3,-0.07
172.542,27.05,-0.12,27.3,-0.07,27.3,-0.07
172.575,27.05,-0.17,27.3,-0.07,27.3,-0.07
172.608,27.16,-0.15,27.3,-0.07,27.3,-0.07
172.641,27.15,-0.12,27.3,-0.07,27.3,-0.07
172.675,27.17,-0.15,27.31,-0.07,27.3,-0.07
172.708,27.15,-0.15,27.31,-0.07,27.3,-0.07
172.742,27.09,-0.1,27.31,-0.07,27.31,-0.07
172.775,27.08,-0.11,27.31,-0.07,27.31,-0.07
172.809,27.09,-0.18,27.31,-0.07,27.3,-0.07
172.841,27.08,-0.15,27.31,-0.07,27.3,-0.07
172.876,27.07,-0.11,27.3,-0.07,27.3,-0.07
172.912,27.12,-0.1,27.31,-0.07,27.3,-0.07
172.948,27.14,-0.17,27.31,-0.07,27.3,-0.07
172.982,27.07,-0.17,27.31,-0.07,27.3,-0.07
173.014,27.06,-0.12,27.3,-0.07,27.3,-0.07
173.047,27.09,-0.22,27.3,-0.07,27.3,-0.07
173.081,27.13,-0.23,27.31,-0.07,27.3,-0.07
173.113,27.13,-0.14,27.31,-0.07,27.3,-0.07
173.147,27.06,-0.14,27.31,-0.07,27.31,-0.07
173.181,27.03,-0.12,27.31,-0.07,27.31,-0.07
173.215,27.07,-0.12,27.31,-0.07,27.3,-0.07
173.248,27.07,-0.11,27.31,-0.07,27.3,-0.07
173.28,27.05,-0.1,27.31,-0.07,27.3,-0.07
173.313,27.01,-0.08,27.31,-0.07,27.3,-0.07
173.345,27.05,-0.11,27.31,-0.07,27.3,-0.07
173.377,27.11,-0.13,27.31,-0.07,27.3,-0.07
173.41,27.12,-0.1,27.31,-0.07,27.3,-0.07
173.443,27.12,-0.13,27.31,-0.07,27.3,-0.07
173.475,27.13,-0.17,27.31,-0.07,27.31,-0.07
173.507,27.09,-0.17,27.31,-0.07,27.31,-0.07
173.539,27.13,-0.22,27.31,-0.07,27.31,-0.07
173.572,27.14,-0.21,27.31,-0.07,27.31,-0.07
173.604,27.14,-0.17,27.31,-0.07,27.31,-0.07
173.639,27.1,-0.17,27.31,-0.07,27.31,-0.07
173.672,27.07,-0.17,27.31,-0.07,27.31,-0.07
173.705,27.15,-0.14,27.31,-0.07,27.31,-0.07
173.739,27.17,-0.11,27.31,-0.07,27.31,-0.07
173.771,27.1,-0.11,27.31,-0.07,27.31,-0.07
173.805,27.09,-0.08,27.31,-0.07,27.31,-0.07
173.837,27.09,-0.13,27.31,-0.07,27.31,-0.07
173.872,27.08,-0.19,27.31,-0.07,27.31,-0.07
173.904,27.07,-0.17,27.31,-0.07,27.31,-0.07
173.938,27.1,-0.17,27.31,-0.07,27.31,-0.07
173.972,27.08,-0.19,27.31,-0.07,27.31,-0.07
174.005,27,-0.14,27.31,-0.07,27.31,-0.07
174.038,27.08,-0.12,27.31,-0.07,27.31,-0.07
174.073,27.04,-0.25,27.31,-0.07,27.31,-0.07
174.108,27.11,-0.24,27.31,-0.07,27.3,-0.07
174.142,27.07,-0.1,27.31,-0.07,27.3,-0.07
174.176,27.04,-0.15,27.31,-0.07,27.3,-0.07
174.209,27.11,-0.19,27.31,-0.07,27.3,-0.07
174.241,27.12,-0.19,27.3,-0.07,27.3,-0.07
174.274,27.1,-0.12,27.3,-0.07,27.3,-0.08
174.306,27.1,-0.14,27.3,-0.07,27.3,-0.08
174.34,27.14,-0.17,27.3,-0.07,27.3,-0.08
174.373,27.14,-0.15,27.3,-0.07,27.3,-0.08
174.407,27.14,-0.14,27.3,-0.08,27.3,-0.08
174.44,27.11,-0.09,27.3,-0.08,27.3,-0.08
174.474,27.14,-0.12,27.3,-0.08,27.3,-0.08
174.507,27.15,-0.16,27.3,-0.07,27.3,-0.07
174.541,27.08,-0.13,27.3,-0.07,27.3,-0.07
174.575,27.06,-0.08,27.3,-0.07,27.3,-0.07
174.607,27.09,-0.19,27.3,-0.07,27.3,-0.07
174.64,27.13,-0.14,27.3,-0.07,27.3,-0.07
174.673,27.09,-0.13,27.3,-0.07,27.3,-0.08
174.706,27.11,-0.15,27.3,-0.08,27.3,-0.08
174.739,27.13,-0.15,27.3,-0.08,27.3,-0.08
174.773,27.13,-0.15,27.3,-0.08,27.3,-0.08
174.807,27.1,-0.12,27.3,-0.08,27.3,-0.08
174.839,27.09,-0.12,27.3,-0.08,27.3,-0.08
174.874,27.11,-0.14,27.3,-0.08,27.3,-0.08
174.907,27.09,-0.17,27.3,-0.08,27.3,-0.08
174.941,27.09,-0.13,27.3,-0.08,27.3,-0.08
174.976,27.04,-0.14,27.3,-0.08,27.3,-0.08
175.008,27.12,-0.14,27.3,-0.08,27.3,-0.08
175.041,27.11,-0.06,27.3,-0.08,27.3,-0.08
175.074,27.07,-0.08,27.3,-0.08,27.3,-0.08
175.107,27.15,-0.15,27.3,-0.08,27.3,-0.08
175.141,27.16,-0.15,27.3,-0.08,27.3,-0.08
175.174,27.09,-0.22,27.3,-0.08,27.3,-0.08
175.208,27.08,-0.24,27.3,-0.08,27.3,-0.08
175.243,27.1,-0.19,27.3,-0.08,27.3,-0.08
175.28,27.13,-0.13,27.3,-0.08,27.3,-0.08
175.313,27.17,-0.1,27.3,-0.08,27.3,-0.08
175.346,27.05,-0.09,27.3,-0.08,27.3,-0.08
175.38,26.99,-0.05,27.3,-0.08,27.3,-0.08
175.413,27.05,-0.08,27.3,-0.08,27.3,-0.08
175.446,27.12,-0.1,27.3,-0.08,27.3,-0.08
175.479,27.15,-0.17,27.3,-0.08,27.3,-0.08
175.511,27.11,-0.19,27.3,-0.08,27.3,-0.08
175.545,27.13,-0.12,27.3,-0.08,27.3,-0.08
175.577,27.1,-0.13,27.3,-0.08,27.3,-0.08
175.612,27.09,-0.18,27.3,-0.08,27.3,-0.08
175.646,27.12,-0.17,27.3,-0.08,27.3,-0.08
175.68,27.14,-0.15,27.3,-0.08,27.3,-0.08
175.726,27.08,-0.17,27.3,-0.08,27.3,-0.08
175.761,27.06,-0.1,27.3,-0.08,27.3,-0.08
175.795,27.05,-0.09,27.3,-0.08,27.3,-0.08
175.829,27.06,-0.08,27.3,-0.08,27.3,-0.08
175.861,27.08,-0.07,27.3,-0.08,27.3,-0.08
175.893,27.05,-0.17,27.3,-0.08,27.3,-0.08
175.926,27.05,-0.16,27.3,-0.08,27.3,-0.08
175.96,27.13,-0.15,27.3,-0.08,27.3,-0.08
175.992,27.11,-0.18,27.3,-0.08,27.3,-0.08
176.027,27.06,-0.21,27.3,-0.08,27.3,-0.08
176.061,27.12,-0.19,27.3,-0.08,27.3,-0.08
176.095,27.16,-0.13,27.3,-0.08,27.3,-0.08
176.128,27.16,-0.1,27.3,-0.08,27.3,-0.08
176.163,27.09,-0.17,27.3,-0.08,27.3,-0.08
176.2,27.08,-0.22,27.3,-0.08,27.3,-0.08
176.236,27.14,-0.16,27.3,-0.08,27.3,-0.08
176.269,27.12,-0.12,27.3,-0.08,27.3,-0.08
176.302,27.13,-0.05,27.3,-0.08,27.3,-0.08
176.335,27.13,-0.08,27.3,-0.08,27.3,-0.08
176.37,27.05,-0.15,27.3,-0.08,27.3,-0.08
176.404,27.05,-0.14,27.3,-0.08,27.3,-0.08
176.437,27.07,-0.17,27.3,-0.08,27.3,-0.08
176.469,27.09,-0.12,27.3,-0.08,27.3,-0.08
176.505,27.1,-0.09,27.3,-0.08,27.3,-0.08
176.539,27.08,-0.17,27.3,-0.08,27.3,-0.08
176.574,27.12,-0.19,27.3,-0.08,27.3,-0.08
176.606,27.15,-0.16,27.3,-0.08,27.3,-0.08
176.638,27.13,-0.14,27.3,-0.08,27.3,-0.08
176.671,27.13,-0.13,27.3,-0.08,27.3,-0.08
176.704,27.14,-0.12,27.3,-0.08,27.3,-0.08
176.736,27.12,-0.23,27.3,-0.08,27.3,-0.08
176.77,27.07,-0.15,27.3,-0.08,27.3,-0.08
176.804,27.08,-0.1,27.3,-0.08,27.3,-0.08
176.838,27.16,-0.19,27.3,-0.08,27.3,-0.08
176.873,27.13,-0.2,27.3,-0.08,27.3,-0.08
176.906,27.07,-0.15,27.3,-0.08,27.3,-0.08
176.941,27.11,-0.17,27.3,-0.08,27.3,-0.08
176.977,27.15,-0.19,27.3,-0.08,27.3,-0.08
177.011,27.12,-0.19,27.3,-0.08,27.3,-0.08
177.044,27.12,-0.1,27.3,-0.08,27.3,-0.08
177.077,27.13,-0.12,27.3,-0.08,27.3,-0.08
177.111,27.07,-0.19,27.3,-0.08,27.3,-0.08
177.145,27.11,-0.19,27.3,-0.08,27.3,-0.08
177.177,27.12,-0.17,27.3,-0.08,27.3,-0.08
177.21,27.13,-0.14,27.3,-0.08,27.3,-0.08
177.244,27.14,-0.15,27.3,-0.08,27.3,-0.08
177.279,27.16,-0.22,27.3,-0.08,27.3,-0.08
177.311,27.13,-0.19,27.3,-0.08,27.3,-0.08
177.344,27.13,-0.14,27.3,-0.08,27.3,-0.08
177.377,27.14,-0.19,27.31,-0.08,27.3,-0.08
177.41,27.13,-0.17,27.31,-0.08,27.31,-0.08
177.443,27.08,-0.08,27.31,-0.08,27.31,-0.08
177.476,27.08,-0.08,27.31,-0.08,27.31,-0.08
177.509,27.09,-0.11,27.31,-0.08,27.31,-0.08
177.543,27.09,-0.16,27.31,-0.08,27.31,-0.08
177.578,27.04,-0.21,27.31,-0.08,27.31,-0.08
177.611,27.09,-0.16,27.31,-0.08,27.3,-0.08
177.646,27.13,-0.14,27.31,-0.08,27.3,-0.08
177.679,27.16,-0.14,27.31,-0.08,27.31,-0.08
177.714,27.14,-0.14,27.31,-0.08,27.31,-0.08
177.748,27.15,-0.12,27.31,-0.08,27.31,-0.08
177.782,27.12,-0.14,27.31,-0.08,27.31,-0.08
177.816,27.09,-0.11,27.31,-0.08,27.31,-0.08
177.849,27.12,-0.1,27.31,-0.07,27.31,-0.08
177.882,27.12,-0.16,27.31,-0.08,27.31,-0.08
177.915,27.11,-0.17,27.31,-0.08,27.31,-0.08
177.948,27,-0.12,27.31,-0.08,27.31,-0.08
177.98,27,-0.12,27.31,-0.08,27.31,-0.08
178.014,27.1,-0.15,27.31,-0.08,27.31,-0.08
178.046,27.12,-0.14,27.31,-0.07,27.31,-0.08
178.079,27.11,-0.15,27.31,-0.08,27.3,-0.08
178.112,27.12,-0.12,27.31,-0.08,27.3,-0.08
178.146,27.11,-0.12,27.31,-0.08,27.31,-0.08
178.179,27.07,-0.14,27.31,-0.07,27.31,-0.08
178.213,27.07,-0.15,27.31,-0.07,27.31,-0.08
178.246,27.07,-0.16,27.31,-0.07,27.3,-0.08
178.28,27.1,-0.15,27.31,-0.07,27.3,-0.08
178.314,27.2,-0.13,27.31,-0.07,27.3,-0.07
178.347,27.21,-0.17,27.31,-0.07,27.31,-0.07
178.379,27.13,-0.17,27.31,-0.07,27.31,-0.07
178.412,27.12,-0.13,27.31,-0.07,27.31,-0.08
178.445,27.07,-0.15,27.31,-0.07,27.31,-0.08
178.477,27.1,-0.15,27.31,-0.07,27.31,-0.08
178.512,27.13,-0.14,27.31,-0.07,27.31,-0.07
178.544,27.12,-0.17,27.31,-0.07,27.31,-0.08
178.578,27.15,-0.15,27.31,-0.07,27.31,-0.07
178.612,27.15,-0.12,27.31,-0.07,27.31,-0.08
178.645,27.17,-0.13,27.31,-0.07,27.31,-0.07
178.678,27.15,-0.15,27.31,-0.07,27.31,-0.07
178.711,27.12,-0.13,27.31,-0.07,27.31,-0.07
178.746,27.12,-0.13,27.31,-0.07,27.31,-0.07
178.779,27.15,-0.15,27.31,-0.07,27.31,-0.07
178.813,27.18,-0.12,27.32,-0.07,27.31,-0.07
178.847,27.2,-0.08,27.32,-0.07,27.32,-0.07
178.881,27.15,-0.08,27.32,-0.07,27.32,-0.07
178.915,27.16,-0.08,27.32,-0.07,27.32,-0.07
178.948,27.08,-0.14,27.32,-0.07,27.32,-0.07
178.981,27.08,-0.17,27.32,-0.07,27.32,-0.07
179.015,27.08,-0.15,27.32,-0.07,27.32,-0.07
179.048,27.09,-0.17,27.32,-0.07,27.32,-0.07
179.08,27.11,-0.15,27.32,-0.07,27.32,-0.07
179.114,27.12,-0.11,27.32,-0.07,27.32,-0.07
179.148,27.13,-0.11,27.32,-0.07,27.32,-0.07
179.181,27.1,-0.13,27.32,-0.07,27.32,-0.07
179.216,27.13,-0.12,27.32,-0.07,27.32,-0.07
179.249,27.06,-0.12,27.32,-0.07,27.32,-0.07
179.281,27.06,-0.19,27.32,-0.07,27.31,-0.07
179.313,27.03,-0.19,27.32,-0.07,27.31,-0.07
179.347,27.01,-0.18,27.32,-0.07,27.31,-0.07
179.38,27.05,-0.19,27.32,-0.07,27.31,-0.07
179.413,27.16,-0.1,27.32,-0.07,27.31,-0.07
179.447,27.16,-0.1,27.32,-0.07,27.31,-0.07
179.48,27.09,-0.13,27.32,-0.07,27.32,-0.07
179.512,27.07,-0.17,27.32,-0.07,27.31,-0.07
179.544,27.03,-0.08,27.32,-0.07,27.31,-0.07
179.578,27.05,-0.07,27.32,-0.07,27.31,-0.07
179.613,27.04,-0.16,27.32,-0.07,27.31,-0.07
179.646,27.05,-0.12,27.32,-0.07,27.31,-0.07
179.68,27.08,-0.11,27.32,-0.07,27.31,-0.07
179.714,27.11,-0.15,27.32,-0.07,27.31,-0.07
179.748,27.11,-0.1,27.32,-0.07,27.31,-0.07
179.782,27.14,-0.1,27.31,-0.07,27.31,-0.07
179.814,27.08,-0.15,27.31,-0.07,27.31,-0.07
179.847,27.09,-0.17,27.32,-0.07,27.31,-0.07
179.881,27.12,-0.17,27.32,-0.07,27.31,-0.07
179.915,27.11,-0.15,27.32,-0.07,27.31,-0.07
179.949,27.12,-0.15,27.31,-0.07,27.31,-0.07
179.981,27.12,-0.11,27.32,-0.07,27.31,-0.07
180.015,27.11,-0.09,27.32,-0.07,27.31,-0.07
180.047,27.11,-0.17,27.32,-0.07,27.31,-0.07
180.08,27.06,-0.16,27.32,-0.07,27.31,-0.07
180.113,27.07,-0.09,27.32,-0.07,27.31,-0.07
180.146,27.09,-0.08,27.31,-0.07,27.31,-0.07
180.179,27.1,-0.12,27.31,-0.07,27.31,-0.07
180.215,27.02,-0.12,27.31,-0.07,27.31,-0.07
180.247,27.08,-0.15,27.31,-0.07,27.31,-0.07
180.281,27.1,-0.16,27.31,-0.07,27.31,-0.07
180.315,27.1,-0.15,27.31,-0.07,27.31,-0.07
180.347,27.09,-0.12,27.31,-0.07,27.31,-0.07
180.38,27.11,-0.13,27.31,-0.07,27.31,-0.07
180.412,27.1,-0.15,27.31,-0.07,27.31,-0.07
180.445,27.11,-0.14,27.31,-0.07,27.31,-0.07
180.477,27.1,-0.16,27.31,-0.07,27.31,-0.07
180.51,27.1,-0.08,27.31,-0.07,27.31,-0.07
180.543,27.13,-0.06,27.31,-0.07,27.31,-0.07
180.575,27.13,-0.13,27.32,-0.07,27.31,-0.07
180.608,27.16,-0.17,27.32,-0.07,27.31,-0.07
180.641,27.08,-0.12,27.31,-0.07,27.31,-0.07
180.674,27.04,-0.12,27.31,-0.07,27.31,-0.07
180.706,27.09,-0.17,27.31,-0.07,27.31,-0.07
180.741,27.11,-0.14,27.31,-0.07,27.31,-0.07
180.774,27.08,-0.14,27.31,-0.07,27.31,-0.07
180.808,27.07,-0.15,27.31,-0.07,27.31,-0.07
180.84,27.06,-0.17,27.31,-0.07,27.31,-0.07
180.873,27.09,-0.16,27.31,-0.07,27.31,-0.07
180.906,27.06,-0.16,27.31,-0.07,27.31,-0.07
180.94,27.05,-0.15,27.31,-0.07,27.31,-0.07
180.973,27.08,-0.11,27.31,-0.07,27.31,-0.07
181.007,27.1,-0.08,27.31,-0.07,27.31,-0.07
181.039,27.05,-0.13,27.31,-0.07,27.31,-0.07
181.072,27.07,-0.16,27.31,-0.07,27.31,-0.07
181.104,27.09,-0.15,27.31,-0.07,27.31,-0.07
181.137,27.06,-0.16,27.31,-0.07,27.3,-0.07
181.169,27.07,-0.16,27.3,-0.07,27.3,-0.07
181.203,27.09,-0.16,27.3,-0.07,27.3,-0.07
181.236,27.07,-0.18,27.3,-0.07,27.3,-0.07
181.269,27.1,-0.11,27.3,-0.07,27.3,-0.07
181.302,27.15,-0.09,27.3,-0.07,27.3,-0.07
181.335,27.13,-0.1,27.3,-0.07,27.3,-0.07
181.368,27.07,-0.17,27.31,-0.07,27.3,-0.07
181.403,27.07,-0.17,27.31,-0.07,27.3,-0.07
181.437,27.13,-0.15,27.3,-0.07,27.3,-0.07
181.472,27.12,-0.17,27.3,-0.07,27.3,-0.07
181.503,26.97,-0.13,27.3,-0.07,27.3,-0.07
181.537,27.07,-0.14,27.3,-0.07,27.3,-0.07
181.569,27.15,-0.16,27.3,-0.07,27.3,-0.07
181.601,27.16,-0.15,27.3,-0.07,27.3,-0.07
181.635,27.15,-0.15,27.3,-0.07,27.3,-0.07
181.667,27.11,-0.16,27.3,-0.07,27.3,-0.07
181.7,27.06,-0.17,27.3,-0.07,27.3,-0.07
181.736,27.07,-0.1,27.3,-0.07,27.3,-0.07
181.77,27.15,-0.1,27.3,-0.07,27.3,-0.07
181.802,27.17,-0.11,27.3,-0.07,27.3,-0.07
181.834,27.14,-0.13,27.3,-0.06,27.3,-0.07
181.867,27.04,-0.15,27.3,-0.07,27.3,-0.07
181.9,27.07,-0.13,27.3,-0.07,27.3,-0.07
181.932,27.1,-0.08,27.3,-0.07,27.3,-0.07
181.964,27.09,-0.1,27.3,-0.06,27.3,-0.06
181.998,27.12,-0.12,27.3,-0.06,27.3,-0.06
182.03,27.15,-0.12,27.3,-0.06,27.3,-0.07
182.064,27.09,-0.14,27.3,-0.07,27.3,-0.07
182.098,27.11,-0.15,27.3,-0.06,27.3,-0.07
182.133,27.11,-0.1,27.3,-0.06,27.3,-0.07
182.167,27.08,-0.09,27.3,-0.07,27.3,-0.07
182.2,27.15,-0.13,27.3,-0.07,27.3,-0.07
182.233,27.14,-0.13,27.3,-0.07,27.3,-0.07
182.266,27.1,-0.12,27.3,-0.07,27.3,-0.07
182.299,27.02,-0.17,27.3,-0.07,27.3,-0.07
182.331,27.07,-0.17,27.3,-0.07,27.3,-0.07
182.365,27.13,-0.12,27.3,-0.07,27.3,-0.07
182.399,27.14,-0.09,27.3,-0.07,27.3,-0.07
182.433,27.06,-0.19,27.3,-0.07,27.3,-0.07
182.466,27.06,-0.19,27.3,-0.07,27.3,-0.07
182.499,27.08,-0.15,27.3,-0.07,27.3,-0.07
182.532,27.11,-0.11,27.3,-0.07,27.3,-0.07
182.564,27.15,-0.06,27.3,-0.07,27.3,-0.07
182.598,27.09,-0.12,27.3,-0.07,27.3,-0.07
182.631,27.08,-0.17,27.3,-0.07,27.3,-0.07
182.673,27.11,-0.14,27.3,-0.07,27.3,-0.07
182.709,27.12,-0.08,27.3,-0.07,27.3,-0.07
182.744,27.14,-0.03,27.3,-0.07,27.3,-0.07
182.776,27.14,-0.08,27.3,-0.07,27.3,-0.07
182.809,27.15,-0.12,27.3,-0.06,27.3,-0.07
182.844,27.11,-0.2,27.31,-0.07,27.3,-0.07
182.877,27.13,-0.18,27.31,-0.07,27.3,-0.07
182.91,27.05,-0.12,27.31,-0.07,27.3,-0.07
182.942,27.04,-0.09,27.31,-0.07,27.3,-0.07
182.976,27.08,-0.16,27.3,-0.07,27.3,-0.07
183.009,27.1,-0.15,27.3,-0.07,27.3,-0.07
183.043,27.13,-0.22,27.3,-0.07,27.3,-0.07
183.076,27.07,-0.23,27.3,-0.07,27.3,-0.07
183.11,27.02,-0.17,27.3,-0.07,27.3,-0.07
183.143,27.11,-0.14,27.3,-0.07,27.3,-0.07
183.178,27.15,-0.11,27.3,-0.07,27.3,-0.07
183.211,27.1,-0.14,27.3,-0.07,27.3,-0.07
183.243,27.08,-0.21,27.31,-0.07,27.3,-0.07
183.278,27.11,-0.19,27.3,-0.07,27.3,-0.07
183.312,27.15,-0.12,27.3,-0.07,27.3,-0.07
183.345,27.16,-0.09,27.31,-0.07,27.3,-0.07
183.381,27.08,-0.13,27.31,-0.07,27.3,-0.07
183.414,27.08,-0.17,27.31,-0.07,27.3,-0.07
183.446,27.1,-0.22,27.31,-0.07,27.31,-0.07
183.48,27.15,-0.19,27.31,-0.07,27.31,-0.07
183.513,27.13,-0.15,27.31,-0.07,27.31,-0.07
183.545,27.11,-0.12,27.31,-0.07,27.31,-0.07
183.578,27.08,-0.09,27.31,-0.07,27.3,-0.07
183.613,27.1,-0.13,27.31,-0.07,27.3,-0.07
183.645,27.11,-0.14,27.31,-0.07,27.3,-0.07
183.678,27.08,-0.15,27.31,-0.07,27.31,-0.07
183.711,27.05,-0.16,27.31,-0.07,27.31,-0.07
183.745,27.09,-0.12,27.31,-0.07,27.31,-0.07
183.776,27.12,-0.11,27.31,-0.07,27.31,-0.07
183.811,27.11,-0.16,27.31,-0.07,27.31,-0.07
183.843,27.11,-0.19,27.31,-0.07,27.31,-0.07
183.877,27.02,-0.17,27.31,-0.07,27.3,-0.07
183.912,27.04,-0.11,27.31,-0.07,27.3,-0.07
183.946,27.12,-0.06,27.31,-0.07,27.3,-0.07
183.979,27.15,-0.08,27.31,-0.07,27.3,-0.07
184.014,27.12,-0.12,27.31,-0.07,27.3,-0.07
184.05,27.12,-0.1,27.31,-0.07,27.3,-0.07
184.082,27.15,-0.08,27.31,-0.07,27.3,-0.07
184.115,27.16,-0.14,27.31,-0.07,27.31,-0.07
184.148,27.14,-0.11,27.31,-0.07,27.31,-0.07
184.183,27.06,-0.1,27.31,-0.07,27.3,-0.07
184.216,27.07,-0.16,27.31,-0.07,27.3,-0.07
184.249,27.08,-0.15,27.31,-0.07,27.3,-0.07
184.283,27.1,-0.19,27.3,-0.07,27.3,-0.07
184.317,27.17,-0.12,27.3,-0.07,27.3,-0.07
184.351,27.15,-0.04,27.31,-0.07,27.3,-0.07
184.383,27.08,-0.14,27.31,-0.06,27.3,-0.06
184.416,27.07,-0.15,27.31,-0.06,27.3,-0.07
184.449,27.06,-0.17,27.31,-0.07,27.3,-0.07
184.482,27.07,-0.16,27.31,-0.07,27.3,-0.07
184.515,27.16,-0.14,27.31,-0.07,27.3,-0.07
184.546,27.12,-0.15,27.31,-0.06,27.3,-0.07
184.579,27.11,-0.15,27.31,-0.07,27.3,-0.07
184.613,27.08,-0.15,27.31,-0.07,27.3,-0.07
184.647,27.08,-0.15,27.31,-0.07,27.31,-0.07
184.682,27.12,-0.18,27.31,-0.07,27.31,-0.07
184.716,27.1,-0.18,27.31,-0.07,27.3,-0.07
184.748,27.15,-0.1,27.31,-0.07,27.3,-0.07
184.78,27.11,-0.13,27.31,-0.07,27.3,-0.07
184.814,27.04,-0.18,27.31,-0.07,27.3,-0.07
184.848,27.06,-0.19,27.31,-0.07,27.3,-0.07
184.882,27.07,-0.17,27.31,-0.07,27.3,-0.07
184.915,27.15,-0.1,27.31,-0.07,27.3,-0.07
184.948,27.16,-0.08,27.31,-0.07,27.3,-0.07
184.98,27.1,-0.15,27.3,-0.07,27.3,-0.07
185.015,27.08,-0.17,27.31,-0.07,27.3,-0.07
185.05,27.15,-0.19,27.31,-0.07,27.3,-0.07
185.084,27.16,-0.18,27.31,-0.07,27.3,-0.07
185.119,27.09,-0.15,27.31,-0.07,27.3,-0.07
185.154,27.1,-0.14,27.31,-0.07,27.3,-0.07
185.186,27.09,-0.09,27.31,-0.07,27.31,-0.07
185.218,27.04,-0.06,27.31,-0.07,27.31,-0.07
185.251,27.09,-0.14,27.31,-0.07,27.31,-0.07
185.284,27.14,-0.15,27.31,-0.07,27.31,-0.07
185.315,27.09,-0.11,27.31,-0.07,27.31,-0.07
185.348,27.08,-0.13,27.31,-0.07,27.31,-0.07
185.381,27.11,-0.14,27.31,-0.07,27.31,-0.07
185.415,27.11,-0.13,27.31,-0.07,27.31,-0.07
185.449,27.08,-0.11,27.31,-0.07,27.31,-0.07
185.481,27.12,-0.12,27.31,-0.07,27.31,-0.07
185.515,27.17,-0.14,27.31,-0.07,27.31,-0.07
185.549,27.2,-0.15,27.31,-0.07,27.31,-0.07
185.582,27.13,-0.14,27.31,-0.07,27.31,-0.07
185.616,27.1,-0.14,27.31,-0.07,27.31,-0.07
185.65,27.11,-0.12,27.31,-0.07,27.31,-0.07
185.683,27.11,-0.13,27.31,-0.07,27.31,-0.07
185.717,27.18,-0.17,27.31,-0.07,27.31,-0.07
185.749,27.12,-0.17,27.31,-0.07,27.31,-0.07
185.784,27.04,-0.18,27.31,-0.07,27.31,-0.07
185.816,26.99,-0.13,27.31,-0.07,27.31,-0.07
185.848,27.01,-0.1,27.31,-0.07,27.31,-0.07
185.883,27.1,-0.05,27.31,-0.07,27.31,-0.07
185.916,27.14,-0.1,27.31,-0.07,27.31,-0.07
185.948,27.12,-0.19,27.31,-0.07,27.31,-0.07
185.982,27.08,-0.15,27.31,-0.06,27.31,-0.07
186.016,27.05,-0.11,27.31,-0.06,27.31,-0.07
186.048,27.1,-0.12,27.31,-0.07,27.31,-0.07
186.082,27.13,-0.17,27.31,-0.06,27.3,-0.07
186.116,27.14,-0.15,27.31,-0.06,27.3,-0.07
186.148,27.06,-0.14,27.31,-0.07,27.3,-0.07
186.18,27.03,-0.21,27.31,-0.07,27.3,-0.07
186.214,27.09,-0.24,27.31,-0.07,27.3,-0.07
186.246,27.12,-0.12,27.31,-0.07,27.3,-0.07
186.28,27.11,-0.12,27.31,-0.07,27.3,-0.07
186.314,27.12,-0.11,27.31,-0.07,27.3,-0.07
186.349,27.12,-0.13,27.31,-0.06,27.3,-0.07
186.382,27.06,-0.19,27.31,-0.06,27.3,-0.07
186.417,27.04,-0.12,27.31,-0.06,27.3,-0.07
186.449,27.08,-0.08,27.3,-0.06,27.3,-0.06
186.482,27.15,-0.13,27.3,-0.06,27.3,-0.06
186.515,27.15,-0.15,27.3,-0.06,27.3,-0.06
186.548,27.06,-0.13,27.3,-0.06,27.3,-0.06
186.581,27.03,-0.11,27.3,-0.06,27.3,-0.06
186.614,27.07,-0.13,27.3,-0.06,27.3,-0.06
186.648,27.1,-0.08,27.3,-0.06,27.3,-0.06
186.681,27.12,-0.1,27.3,-0.06,27.3,-0.06
186.715,27.08,-0.12,27.3,-0.06,27.3,-0.06
186.748,27.06,-0.13,27.3,-0.06,27.3,-0.06
186.781,27.09,-0.15,27.3,-0.06,27.3,-0.06
186.814,27.1,-0.13,27.3,-0.06,27.3,-0.06
186.847,27.07,-0.15,27.3,-0.06,27.3,-0.06
186.882,27.09,-0.18,27.3,-0.06,27.3,-0.06
186.914,27.14,-0.16,27.3,-0.06,27.3,-0.06
186.948,27.16,-0.14,27.31,-0.06,27.3,-0.06
186.982,27.1,-0.17,27.31,-0.06,27.3,-0.06
187.014,27.11,-0.19,27.31,-0.06,27.3,-0.06
187.048,27.16,-0.17,27.31,-0.06,27.31,-0.06
187.082,27.17,-0.13,27.31,-0.06,27.31,-0.07
187.116,27.01,-0.17,27.31,-0.07,27.3,-0.07
187.15,27.04,-0.19,27.31,-0.06,27.3,-0.07
187.185,27.12,-0.19,27.31,-0.06,27.31,-0.07
187.22,27.13,-0.12,27.31,-0.06,27.31,-0.06
187.252,27.11,-0.11,27.31,-0.06,27.31,-0.06
187.286,27.16,-0.17,27.31,-0.06,27.31,-0.06
187.319,27.13,-0.15,27.31,-0.06,27.31,-0.07
187.354,27.09,-0.11,27.31,-0.07,27.31,-0.07
187.386,27.09,-0.17,27.31,-0.06,27.31,-0.07
187.418,27.14,-0.15,27.31,-0.06,27.31,-0.07
187.452,27.14,-0.13,27.31,-0.07,27.31,-0.07
187.486,27.1,-0.17,27.31,-0.07,27.31,-0.07
187.52,27.11,-0.19,27.31,-0.06,27.31,-0.07
187.553,27.08,-0.14,27.31,-0.06,27.31,-0.07
187.585,27.11,-0.1,27.31,-0.07,27.31,-0.07
187.618,27.15,-0.14,27.31,-0.07,27.31,-0.07
187.653,27.13,-0.14,27.31,-0.06,27.31,-0.07
187.686,27.01,-0.11,27.31,-0.06,27.31,-0.07
187.72,27.02,-0.13,27.31,-0.06,27.31,-0.07
187.754,27.17,-0.16,27.31,-0.06,27.31,-0.06
187.788,27.15,-0.15,27.31,-0.06,27.31,-0.06
187.82,27.07,-0.15,27.31,-0.06,27.31,-0.06
187.853,27.1,-0.15,27.31,-0.06,27.31,-0.06
187.886,27.14,-0.15,27.31,-0.06,27.31,-0.06
187.918,27.1,-0.17,27.31,-0.06,27.31,-0.06
187.952,27.11,-0.13,27.31,-0.06,27.31,-0.06
187.986,27.15,-0.06,27.31,-0.06,27.31,-0.06
188.02,27.15,-0.1,27.31,-0.06,27.31,-0.06
188.052,27.13,-0.18,27.31,-0.06,27.31,-0.06
188.087,27.14,-0.15,27.31,-0.06,27.31,-0.06
188.12,27.11,-0.08,27.31,-0.06,27.31,-0.06
188.153,27.12,-0.09,27.31,-0.06,27.31,-0.06
188.187,27.12,-0.15,27.31,-0.06,27.31,-0.06
188.221,27.09,-0.14,27.31,-0.06,27.31,-0.06
188.256,27.06,-0.15,27.31,-0.06,27.3,-0.06
188.291,27.05,-0.21,27.31,-0.06,27.3,-0.07
188.325,27.09,-0.21,27.31,-0.07,27.3,-0.07
188.358,27.2,-0.1,27.31,-0.07,27.3,-0.07
188.39,27.17,-0.08,27.31,-0.07,27.3,-0.07
188.424,27.12,-0.1,27.3,-0.06,27.3,-0.07
188.457,27.12,-0.12,27.3,-0.07,27.3,-0.07
188.49,27.04,-0.06,27.3,-0.07,27.3,-0.07
188.523,27.06,-0.03,27.3,-0.06,27.3,-0.06
188.556,27.12,-0.08,27.3,-0.06,27.3,-0.06
188.59,27.2,-0.13,27.3,-0.06,27.3,-0.06
188.624,27.17,-0.16,27.3,-0.06,27.3,-0.07
188.657,27.04,-0.22,27.3,-0.06,27.3,-0.07
188.692,27.1,-0.19,27.3,-0.06,27.3,-0.07
188.724,27.13,-0.08,27.3,-0.06,27.3,-0.06
188.757,27.1,-0.1,27.3,-0.06,27.3,-0.06
188.789,27.1,-0.14,27.3,-0.06,27.3,-0.06
188.823,27.11,-0.14,27.3,-0.06,27.3,-0.06
188.856,27.05,-0.12,27.3,-0.06,27.3,-0.06
188.888,27.09,-0.12,27.3,-0.06,27.3,-0.06
188.922,27.09,-0.12,27.3,-0.06,27.3,-0.06
188.955,27.03,-0.13,27.31,-0.06,27.3,-0.06
188.987,27.05,-0.17,27.3,-0.06,27.3,-0.06
189.021,27.16,-0.19,27.3,-0.06,27.3,-0.06
189.053,27.11,-0.19,27.3,-0.06,27.3,-0.06
189.087,26.98,-0.08,27.3,-0.06,27.3,-0.06
189.12,27.05,-0.08,27.3,-0.06,27.3,-0.06
189.154,27.2,-0.12,27.31,-0.06,27.3,-0.06
189.188,27.19,-0.12,27.31,-0.06,27.31,-0.06
189.222,27.08,-0.13,27.31,-0.06,27.31,-0.06
189.254,27.04,-0.15,27.31,-0.06,27.31,-0.06
189.287,27.06,-0.14,27.31,-0.06,27.31,-0.06
189.321,27.09,-0.13,27.31,-0.06,27.31,-0.06
189.354,27.1,-0.1,27.31,-0.06,27.31,-0.06
189.386,27.07,-0.18,27.31,-0.06,27.31,-0.06
189.42,27.05,-0.2,27.31,-0.06,27.31,-0.06
189.454,27.05,-0.18,27.31,-0.06,27.31,-0.07
189.487,27.1,-0.15,27.31,-0.06,27.31,-0.07
189.519,27.17,-0.12,27.31,-0.06,27.31,-0.06
189.554,27.17,-0.13,27.31,-0.06,27.31,-0.06
189.588,27.1,-0.18,27.31,-0.06,27.31,-0.06
189.623,27.1,-0.19,27.31,-0.06,27.31,-0.06
189.661,27.12,-0.15,27.31,-0.06,27.31,-0.06
189.698,27.1,-0.12,27.31,-0.06,27.31,-0.06
189.731,27.07,-0.08,27.31,-0.06,27.31,-0.06
189.764,27.06,-0.1,27.31,-0.06,27.31,-0.06
189.797,27.08,-0.15,27.31,-0.06,27.31,-0.06
189.831,27.1,-0.2,27.31,-0.06,27.31,-0.06
189.872,27.06,-0.15,27.31,-0.06,27.31,-0.06
189.904,27.13,-0.13,27.31,-0.06,27.31,-0.06
189.939,27.17,-0.17,27.31,-0.06,27.31,-0.06
189.973,27.11,-0.15,27.31,-0.06,27.31,-0.06
190.006,27.05,-0.14,27.31,-0.06,27.31,-0.06
190.039,27.07,-0.15,27.31,-0.06,27.31,-0.06
190.074,27.15,-0.17,27.31,-0.06,27.31,-0.06
190.108,27.12,-0.19,27.31,-0.06,27.31,-0.06
190.141,27.06,-0.11,27.31,-0.06,27.31,-0.06
190.175,27.04,-0.08,27.31,-0.06,27.31,-0.06
190.208,27.14,-0.26,27.31,-0.06,27.31,-0.07
190.241,27.1,-0.24,27.31,-0.06,27.31,-0.07
190.273,27.1,-0.1,27.31,-0.07,27.31,-0.07
190.306,27.13,-0.07,27.31,-0.07,27.31,-0.07
190.337,27.04,-0.13,27.31,-0.07,27.31,-0.07
190.372,26.99,-0.17,27.31,-0.07,27.31,-0.07
190.406,27.08,-0.13,27.31,-0.07,27.31,-0.07
190.44,27.11,-0.17,27.31,-0.07,27.31,-0.07
190.472,27.08,-0.15,27.31,-0.07,27.31,-0.07
190.506,27.07,-0.08,27.31,-0.07,27.31,-0.07
190.538,27.1,-0.1,27.31,-0.07,27.31,-0.07
190.571,27.08,-0.16,27.31,-0.07,27.31,-0.07
190.604,27.06,-0.21,27.31,-0.07,27.31,-0.07
190.636,27.09,-0.22,27.31,-0.07,27.31,-0.07
190.669,27.09,-0.14,27.31,-0.07,27.31,-0.07
190.701,27.06,-0.1,27.31,-0.07,27.31,-0.07
190.734,27.01,-0.16,27.31,-0.07,27.31,-0.07
190.768,27.07,-0.1,27.31,-0.07,27.31,-0.07
190.803,27.09,-0.11,27.31,-0.07,27.31,-0.07
190.835,27.14,-0.17,27.31,-0.07,27.31,-0.07
190.868,27.14,-0.14,27.31,-0.07,27.31,-0.07
190.9,27.06,-0.1,27.31,-0.07,27.31,-0.07
190.933,27.06,-0.1,27.31,-0.07,27.3,-0.07
190.967,27.06,-0.12,27.31,-0.07,27.3,-0.07
191,27.09,-0.16,27.31,-0.07,27.3,-0.07
191.033,27.12,-0.21,27.31,-0.07,27.3,-0.07
191.066,27.1,-0.21,27.31,-0.07,27.3,-0.07
191.101,27.06,-0.17,27.31,-0.07,27.3,-0.07
191.135,27.05,-0.09,27.31,-0.07,27.3,-0.07
191.168,27.11,-0.12,27.3,-0.07,27.3,-0.07
191.2,27.11,-0.19,27.31,-0.07,27.3,-0.07
191.233,27.16,-0.19,27.31,-0.07,27.3,-0.07
191.266,27.16,-0.12,27.31,-0.07,27.31,-0.07
191.299,27.1,-0.13,27.31,-0.07,27.3,-0.07
191.331,27.09,-0.12,27.31,-0.07,27.3,-0.07
191.366,27.08,-0.13,27.31,-0.07,27.3,-0.07
191.399,27.09,-0.15,27.31,-0.07,27.3,-0.07
191.433,27.12,-0.12,27.31,-0.07,27.3,-0.07
191.47,27.15,-0.13,27.31,-0.07,27.3,-0.07
191.504,27.16,-0.15,27.31,-0.07,27.3,-0.07
191.536,27.07,-0.08,27.31,-0.07,27.3,-0.07
191.57,27.08,-0.13,27.31,-0.07,27.3,-0.07
191.603,27.12,-0.19,27.3,-0.07,27.3,-0.07
191.636,27.09,-0.16,27.3,-0.07,27.3,-0.07
191.669,27.06,-0.13,27.3,-0.07,27.3,-0.07
191.702,27.13,-0.14,27.3,-0.07,27.3,-0.07
191.735,27.1,-0.13,27.3,-0.07,27.3,-0.07
191.768,27.1,-0.17,27.3,-0.07,27.3,-0.07
191.802,27.13,-0.15,27.3,-0.07,27.3,-0.07
191.835,27.05,-0.12,27.3,-0.07,27.3,-0.07
191.868,27.09,-0.18,27.3,-0.07,27.3,-0.07
191.903,27.14,-0.17,27.3,-0.07,27.3,-0.07
191.936,27.11,-0.1,27.3,-0.07,27.3,-0.07
191.97,27.06,-0.1,27.3,-0.07,27.3,-0.07
192.003,27.08,-0.15,27.3,-0.07,27.3,-0.07
192.036,27.12,-0.18,27.3,-0.07,27.3,-0.07
192.069,27.11,-0.15,27.3,-0.07,27.3,-0.07
192.102,27.09,-0.13,27.3,-0.07,27.3,-0.07
192.136,27.12,-0.15,27.3,-0.07,27.3,-0.07
192.169,27.07,-0.13,27.3,-0.07,27.3,-0.07
192.201,27,-0.1,27.3,-0.07,27.3,-0.07
192.234,27.05,-0.11,27.3,-0.07,27.3,-0.07
192.268,27.18,-0.19,27.3,-0.07,27.3,-0.07
192.3,27.2,-0.18,27.3,-0.07,27.3,-0.07
192.333,27.05,-0.06,27.3,-0.07,27.3,-0.07
192.366,27.03,-0.08,27.3,-0.07,27.3,-0.07
192.399,27.16,-0.22,27.3,-0.07,27.3,-0.07
192.431,27.15,-0.17,27.31,-0.07,27.3,-0.07
192.465,27.06,-0.04,27.31,-0.07,27.3,-0.07
192.498,27.06,-0.08,27.31,-0.07,27.3,-0.07
192.53,27.12,-0.14,27.3,-0.07,27.3,-0.07
192.563,27.11,-0.17,27.3,-0.07,27.3,-0.07
192.596,27.11,-0.11,27.31,-0.07,27.3,-0.07
192.629,27.14,-0.13,27.31,-0.07,27.3,-0.07
192.662,27.11,-0.17,27.31,-0.07,27.31,-0.07
192.695,27,-0.03,27.31,-0.07,27.31,-0.07
192.728,27.02,-0.06,27.31,-0.07,27.31,-0.07
192.761,27.08,-0.15,27.31,-0.07,27.31,-0.07
192.794,27.12,-0.17,27.31,-0.07,27.31,-0.07
192.828,27.15,-0.19,27.31,-0.07,27.31,-0.07
192.863,27.11,-0.17,27.31,-0.07,27.31,-0.07
192.897,27.12,-0.16,27.31,-0.07,27.31,-0.07
192.929,27.11,-0.16,27.31,-0.07,27.31,-0.07
192.964,27.12,-0.13,27.31,-0.07,27.31,-0.07
192.998,27.15,-0.11,27.31,-0.07,27.31,-0.07
193.031,27.14,-0.1,27.31,-0.07,27.31,-0.07
193.063,27.15,-0.1,27.31,-0.07,27.31,-0.07
193.097,27.09,-0.1,27.31,-0.07,27.31,-0.07
193.13,27.01,-0.1,27.31,-0.07,27.3,-0.07
193.162,27.06,-0.12,27.31,-0.07,27.3,-0.07
193.195,27.1,-0.17,27.31,-0.07,27.3,-0.07
193.23,27.09,-0.18,27.31,-0.07,27.3,-0.07
193.263,27.13,-0.16,27.31,-0.07,27.31,-0.08
193.297,27.11,-0.15,27.31,-0.07,27.31,-0.08
193.331,27.09,-0.17,27.31,-0.07,27.3,-0.08
193.364,27.07,-0.13,27.31,-0.07,27.3,-0.07
193.398,27.11,-0.11,27.31,-0.07,27.31,-0.07
193.432,27.09,-0.09,27.31,-0.07,27.3,-0.07
193.464,27.11,-0.09,27.31,-0.07,27.3,-0.07
193.497,27.12,-0.1,27.31,-0.07,27.3,-0.07
193.531,27.15,-0.15,27.31,-0.07,27.3,-0.07
193.565,27.15,-0.2,27.31,-0.07,27.31,-0.07
193.597,27.09,-0.19,27.31,-0.07,27.3,-0.07
193.629,27.13,-0.15,27.31,-0.07,27.31,-0.08
193.662,27.2,-0.16,27.31,-0.07,27.31,-0.08
193.695,27.1,-0.15,27.31,-0.07,27.31,-0.08
193.728,27.06,-0.15,27.31,-0.08,27.31,-0.08
193.764,27.19,-0.1,27.31,-0.08,27.31,-0.08
193.795,27.2,-0.11,27.31,-0.08,27.31,-0.08
193.828,27.14,-0.15,27.31,-0.08,27.31,-0.08
193.86,27.13,-0.15,27.31,-0.08,27.31,-0.08
193.893,27.11,-0.14,27.31,-0.08,27.31,-0.08
193.926,27.03,-0.18,27.31,-0.08,27.31,-0.08
193.961,27.02,-0.17,27.31,-0.08,27.31,-0.08
193.994,27.14,-0.13,27.31,-0.08,27.31,-0.08
194.026,27.21,-0.15,27.31,-0.08,27.31,-0.08
194.058,27.16,-0.17,27.31,-0.08,27.31,-0.08
194.094,27.13,-0.17,27.32,-0.08,27.31,-0.08
194.128,27.17,-0.15,27.32,-0.08,27.31,-0.08
194.162,27.16,-0.15,27.32,-0.08,27.31,-0.08
194.196,27.12,-0.12,27.32,-0.08,27.31,-0.08
194.228,27.12,-0.12,27.32,-0.08,27.32,-0.08
194.262,27.12,-0.1,27.32,-0.08,27.32,-0.08
194.294,27.16,-0.1,27.32,-0.08,27.32,-0.08
194.328,27.18,-0.12,27.32,-0.08,27.32,-0.08
194.361,27.09,-0.13,27.32,-0.08,27.32,-0.08
194.392,27.1,-0.14,27.32,-0.08,27.31,-0.08
194.425,27.11,-0.13,27.32,-0.07,27.31,-0.08
194.457,27.13,-0.16,27.32,-0.08,27.31,-0.08
194.49,27.13,-0.15,27.32,-0.08,27.31,-0.08
194.524,27.11,-0.13,27.32,-0.08,27.31,-0.08
194.557,27.1,-0.1,27.32,-0.08,27.31,-0.08
194.59,27.08,-0.1,27.32,-0.07,27.31,-0.08
194.623,27.13,-0.12,27.32,-0.07,27.31,-0.07
194.66,27.13,-0.1,27.32,-0.07,27.31,-0.07
194.692,27.11,-0.13,27.32,-0.07,27.31,-0.08
194.725,27.11,-0.09,27.32,-0.08,27.31,-0.08
194.76,27.09,-0.06,27.32,-0.07,27.31,-0.07
194.794,27.08,-0.1,27.31,-0.07,27.31,-0.07
194.827,27.11,-0.19,27.31,-0.07,27.31,-0.08
194.859,27.12,-0.19,27.31,-0.07,27.31,-0.08
194.891,27.12,-0.13,27.31,-0.07,27.31,-0.08
194.924,27.13,-0.14,27.31,-0.08,27.31,-0.08
194.958,27.15,-0.15,27.31,-0.08,27.31,-0.08
194.992,27.15,-0.15,27.32,-0.08,27.31,-0.08
195.024,27.14,-0.12,27.32,-0.08,27.31,-0.08
195.057,27.14,-0.03,27.32,-0.08,27.31,-0.07
195.09,27.15,-0.08,27.32,-0.07,27.32,-0.07
195.122,27.09,-0.22,27.32,-0.07,27.31,-0.08
195.155,27.08,-0.19,27.32,-0.07,27.31,-0.08
195.19,27.08,-0.15,27.32,-0.08,27.31,-0.08
195.226,27.06,-0.1,27.32,-0.07,27.31,-0.08
195.263,27.06,-0.15,27.32,-0.07,27.31,-0.08
195.296,27.09,-0.17,27.31,-0.08,27.31,-0.08
195.33,27.12,-0.15,27.31,-0.08,27.31,-0.08
195.362,27.15,-0.15,27.32,-0.08,27.31,-0.08
195.394,27.13,-0.12,27.32,-0.08,27.31,-0.08
195.426,27.1,-0.1,27.31,-0.08,27.31,-0.08
195.46,27.1,-0.1,27.31,-0.08,27.31,-0.08
195.492,27.11,-0.11,27.31,-0.07,27.31,-0.08
195.525,27.12,-0.13,27.31,-0.07,27.31,-0.07
195.559,27.08,-0.13,27.31,-0.07,27.31,-0.08
195.59,27.04,-0.12,27.32,-0.08,27.31,-0.08
195.624,27.05,-0.12,27.31,-0.08,27.31,-0.08
195.658,27.09,-0.16,27.31,-0.08,27.31,-0.08
195.69,27.14,-0.15,27.31,-0.08,27.31,-0.08
195.724,27.09,-0.16,27.32,-0.08,27.31,-0.08
195.756,27.06,-0.15,27.32,-0.08,27.31,-0.08
195.788,27.14,-0.12,27.32,-0.08,27.31,-0.08
195.82,27.12,-0.13,27.32,-0.08,27.31,-0.08
195.854,27.08,-0.13,27.32,-0.08,27.31,-0.08
195.887,27.08,-0.1,27.32,-0.08,27.31,-0.08
195.919,27.16,-0.12,27.31,-0.07,27.31,-0.08
195.952,27.14,-0.08,27.31,-0.07,27.31,-0.07
195.984,27.07,-0.08,27.32,-0.07,27.31,-0.07
196.017,27.11,-0.16,27.32,-0.07,27.31,-0.07
196.05,27.18,-0.18,27.32,-0.07,27.32,-0.08
196.082,27.09,-0.1,27.32,-0.08,27.31,-0.08
196.114,27.09,-0.07,27.32,-0.08,27.32,-0.08
196.147,27.11,-0.15,27.32,-0.08,27.32,-0.08
196.181,27.14,-0.17,27.32,-0.08,27.32,-0.08
196.213,27.09,-0.15,27.32,-0.08,27.32,-0.08
196.247,27.11,-0.12,27.32,-0.08,27.32,-0.08
196.279,27.19,-0.17,27.32,-0.08,27.32,-0.08
196.313,27.18,-0.18,27.32,-0.08,27.32,-0.08
196.346,27.08,-0.14,27.32,-0.07,27.32,-0.08
196.38,27.08,-0.11,27.32,-0.07,27.32,-0.07
196.412,27.03,-0.1,27.32,-0.07,27.32,-0.07
196.445,27.04,-0.11,27.32,-0.07,27.32,-0.07
196.478,27.15,-0.15,27.32,-0.07,27.32,-0.07
196.512,27.15,-0.16,27.32,-0.07,27.32,-0.07
196.545,27.11,-0.12,27.32,-0.07,27.32,-0.07
196.577,27.08,-0.1,27.32,-0.07,27.32,-0.07
196.611,27.07,-0.13,27.32,-0.07,27.32,-0.07
196.646,27.06,-0.15,27.32,-0.07,27.32,-0.08
196.681,27.04,-0.14,27.32,-0.07,27.32,-0.07
196.717,27.14,-0.12,27.32,-0.07,27.32,-0.07
196.753,27.16,-0.11,27.32,-0.07,27.32,-0.07
196.788,27.09,-0.1,27.32,-0.07,27.32,-0.07
196.821,27.06,-0.12,27.32,-0.07,27.32,-0.07
196.856,27.07,-0.08,27.32,-0.07,27.32,-0.07
196.89,27.06,-0.12,27.32,-0.07,27.32,-0.07
196.925,27.11,-0.19,27.32,-0.07,27.32,-0.07
196.96,27.17,-0.17,27.32,-0.07,27.32,-0.07
196.994,27.19,-0.06,27.32,-0.07,27.32,-0.07
197.029,27.19,-0.12,27.32,-0.07,27.32,-0.07
197.064,27.13,-0.2,27.32,-0.07,27.32,-0.08
197.098,27.09,-0.16,27.32,-0.07,27.32,-0.08
197.129,27.09,-0.11,27.32,-0.07,27.32,-0.08
197.163,27.11,-0.15,27.32,-0.07,27.32,-0.07
197.196,27.08,-0.12,27.32,-0.07,27.32,-0.07
197.228,27.02,-0.11,27.32,-0.07,27.32,-0.07
197.262,27.02,-0.08,27.32,-0.07,27.32,-0.07
197.296,27.1,-0.13,27.32,-0.07,27.32,-0.07
197.329,27.18,-0.22,27.32,-0.07,27.32,-0.07
197.363,27.14,-0.21,27.32,-0.07,27.32,-0.07
197.395,27.06,-0.14,27.32,-0.07,27.32,-0.07
197.427,27.1,-0.14,27.32,-0.07,27.32,-0.07
197.461,27.13,-0.2,27.32,-0.07,27.32,-0.07
197.494,27.13,-0.16,27.32,-0.07,27.32,-0.08
197.528,27.16,-0.15,27.32,-0.07,27.32,-0.08
197.562,27.14,-0.18,27.32,-0.07,27.32,-0.07
197.596,27.11,-0.14,27.32,-0.07,27.32,-0.07
197.63,27.12,-0.07,27.32,-0.07,27.32,-0.07
197.664,27.06,-0.06,27.32,-0.07,27.32,-0.07
197.697,27.04,-0.09,27.32,-0.07,27.32,-0.07
197.729,27.19,-0.15,27.32,-0.07,27.32,-0.07
197.761,27.2,-0.12,27.32,-0.07,27.32,-0.07
197.793,27.08,-0.19,27.32,-0.07,27.32,-0.07
197.827,27.07,-0.23,27.32,-0.07,27.32,-0.07
197.86,27.09,-0.13,27.32,-0.07,27.32,-0.07
197.892,27.04,-0.06,27.32,-0.07,27.32,-0.07
197.926,27.08,-0.13,27.32,-0.07,27.32,-0.07
197.961,27.18,-0.17,27.32,-0.07,27.32,-0.07
197.995,27.11,-0.15,27.32,-0.07,27.32,-0.07
198.03,27.04,-0.13,27.32,-0.07,27.32,-0.07
198.063,27.05,-0.05,27.32,-0.07,27.32,-0.07
198.097,27.07,-0.07,27.32,-0.07,27.32,-0.07
198.132,27.14,-0.13,27.32,-0.07,27.32,-0.07
198.166,27.13,-0.17,27.32,-0.07,27.32,-0.07
198.2,27.14,-0.17,27.32,-0.07,27.32,-0.07
198.235,27.1,-0.17,27.32,-0.07,27.32,-0.07
198.269,27.1,-0.15,27.32,-0.07,27.32,-0.07
198.301,27.13,-0.15,27.32,-0.07,27.32,-0.07
198.335,27.15,-0.15,27.32,-0.07,27.32,-0.07
198.369,27.02,-0.13,27.32,-0.07,27.32,-0.07
198.403,26.98,-0.12,27.32,-0.07,27.32,-0.07
198.437,27.04,-0.17,27.32,-0.07,27.32,-0.07
198.47,27.03,-0.13,27.32,-0.07,27.32,-0.07
198.504,27.07,-0.06,27.32,-0.07,27.32,-0.07
198.538,27.16,-0.13,27.32,-0.07,27.32,-0.07
198.574,27.13,-0.17,27.32,-0.07,27.32,-0.07
198.608,27.08,-0.15,27.32,-0.07,27.32,-0.07
198.643,27.09,-0.14,27.32,-0.07,27.32,-0.07
198.676,27.11,-0.15,27.32,-0.07,27.32,-0.07
198.709,27.13,-0.13,27.32,-0.07,27.32,-0.07
198.741,27.12,-0.06,27.32,-0.07,27.32,-0.07
198.776,27.09,-0.08,27.32,-0.07,27.32,-0.07
198.809,27.02,-0.16,27.32,-0.07,27.32,-0.07
198.841,27.03,-0.19,27.32,-0.07,27.32,-0.07
198.873,27.08,-0.13,27.32,-0.07,27.32,-0.07
198.906,27.1,-0.1,27.32,-0.07,27.32,-0.07
198.938,27.15,-0.12,27.32,-0.07,27.32,-0.07
198.97,27.14,-0.19,27.32,-0.07,27.32,-0.07
199.003,27.07,-0.19,27.32,-0.07,27.32,-0.07
199.036,27.09,-0.19,27.32,-0.07,27.32,-0.07
199.07,27.2,-0.11,27.32,-0.07,27.32,-0.07
199.105,27.16,-0.09,27.32,-0.07,27.32,-0.07
199.138,27.11,-0.1,27.32,-0.07,27.32,-0.07
199.173,27.08,-0.17,27.32,-0.07,27.32,-0.07
199.207,27.07,-0.19,27.33,-0.07,27.32,-0.07
199.239,27.07,-0.15,27.32,-0.07,27.32,-0.07
199.273,27.07,-0.12,27.32,-0.07,27.32,-0.07
199.305,27.13,-0.07,27.32,-0.07,27.32,-0.07
199.337,27.14,-0.09,27.32,-0.07,27.32,-0.07
199.37,27.1,-0.12,27.32,-0.07,27.32,-0.07
199.404,27.08,-0.17,27.32,-0.07,27.32,-0.07
199.437,27.11,-0.19,27.32,-0.07,27.32,-0.07
199.47,27.1,-0.17,27.32,-0.07,27.32,-0.07
199.505,27.16,-0.08,27.32,-0.07,27.32,-0.07
199.539,27.15,-0.1,27.32,-0.07,27.32,-0.07
199.572,27,-0.19,27.32,-0.07,27.32,-0.07
199.606,27,-0.19,27.32,-0.07,27.32,-0.07
199.639,27.11,-0.15,27.32,-0.07,27.32,-0.07
199.673,27.11,-0.1,27.32,-0.07,27.32,-0.07
199.706,27.13,-0.1,27.32,-0.07,27.32,-0.07
199.74,27.13,-0.13,27.32,-0.07,27.32,-0.07
199.774,27.1,-0.22,27.32,-0.07,27.32,-0.07
199.808,27.13,-0.23,27.32,-0.07,27.32,-0.07
199.842,27.15,-0.14,27.32,-0.07,27.32,-0.07
199.877,27.17,-0.16,27.32,-0.07,27.32,-0.07
199.912,27.19,-0.13,27.32,-0.07,27.32,-0.07
199.946,27.13,-0.14,27.32,-0.07,27.32,-0.07
199.98,27.12,-0.15,27.32,-0.07,27.32,-0.07
200.014,27.08,-0.08,27.32,-0.07,27.32,-0.07
200.048,27.08,-0.09,27.32,-0.07,27.32,-0.07
200.081,27.07,-0.13,27.32,-0.07,27.31,-0.07
200.115,27.12,-0.12,27.32,-0.07,27.32,-0.07
200.147,27.11,-0.11,27.32,-0.07,27.32,-0.07
200.18,27.06,-0.1,27.32,-0.07,27.31,-0.07
200.214,27.06,-0.08,27.32,-0.07,27.31,-0.07
200.246,27.12,-0.1,27.32,-0.07,27.31,-0.07
200.279,27.11,-0.13,27.32,-0.07,27.31,-0.07
200.312,27.07,-0.11,27.32,-0.07,27.32,-0.07
200.345,27.05,-0.1,27.32,-0.07,27.32,-0.07
200.378,27.12,-0.1,27.32,-0.06,27.32,-0.06
200.413,27.16,-0.14,27.32,-0.06,27.32,-0.06
200.446,27.11,-0.17,27.32,-0.06,27.32,-0.06
200.479,27.1,-0.13,27.32,-0.06,27.32,-0.06
200.511,27.07,-0.03,27.32,-0.06,27.31,-0.06
200.545,27.1,-0.11,27.32,-0.06,27.31,-0.06
200.579,27.15,-0.22,27.31,-0.06,27.31,-0.06
200.612,27.01,-0.1,27.32,-0.06,27.31,-0.06
200.645,27.1,-0.1,27.32,-0.06,27.31,-0.06
200.678,27.28,-0.24,27.31,-0.06,27.31,-0.06
200.711,26.89,-0.06,27.32,-0.06,27.31,-0.06
200.746,26.94,-0.04,27.32,-0.06,27.31,-0.06
200.78,27.2,-0.23,27.31,-0.06,27.31,-0.06
200.814,27.18,-0.28,27.31,-0.06,27.31,-0.06
200.846,27.1,-0.19,27.31,-0.06,27.31,-0.06
200.88,27.09,-0.1,27.31,-0.06,27.31,-0.06
200.912,27.15,-0.17,27.31,-0.06,27.31,-0.06
200.944,27.05,-0.13,27.31,-0.06,27.31,-0.06
200.977,27.09,-0.09,27.31,-0.06,27.31,-0.06
201.01,27.22,-0.23,27.31,-0.06,27.31,-0.07
201.045,27.12,-0.26,27.32,-0.06,27.31,-0.07
201.079,27.04,-0.23,27.32,-0.07,27.31,-0.07
201.112,27.11,-0.12,27.31,-0.07,27.31,-0.07
201.147,27.08,-0.06,27.31,-0.07,27.31,-0.07
201.182,27.06,-0.14,27.31,-0.06,27.31,-0.07
201.216,27.09,-0.19,27.31,-0.07,27.31,-0.07
201.249,27.14,-0.12,27.31,-0.07,27.31,-0.07
201.281,27.13,-0.06,27.31,-0.07,27.31,-0.07
201.316,27.13,-0.21,27.31,-0.06,27.31,-0.07
201.349,27.12,-0.17,27.31,-0.06,27.31,-0.07
201.383,27.12,-0.06,27.31,-0.06,27.31,-0.06
201.416,27.1,-0.06,27.31,-0.06,27.31,-0.06
201.449,27.14,-0.19,27.31,-0.06,27.31,-0.06
201.481,27.13,-0.2,27.31,-0.06,27.31,-0.06
201.514,27.11,-0.1,27.31,-0.06,27.31,-0.06
201.547,26.97,-0.09,27.31,-0.06,27.31,-0.06
201.579,27.04,-0.17,27.31,-0.06,27.31,-0.06
201.611,27.17,-0.17,27.31,-0.06,27.31,-0.06
201.645,27.12,-0.08,27.31,-0.06,27.31,-0.06
201.677,27.06,-0.14,27.31,-0.06,27.31,-0.06
201.711,27.08,-0.17,27.31,-0.06,27.31,-0.06
201.745,27.08,-0.12,27.31,-0.06,27.31,-0.06
201.779,27.13,-0.12,27.31,-0.06,27.31,-0.06
201.812,27.14,-0.18,27.31,-0.06,27.31,-0.06
201.848,27.1,-0.17,27.31,-0.06,27.31,-0.06
201.881,27.16,-0.1,27.31,-0.06,27.31,-0.06
201.914,27.15,-0.11,27.31,-0.06,27.31,-0.06
201.949,27.07,-0.17,27.31,-0.06,27.31,-0.06
201.982,27.12,-0.17,27.31,-0.06,27.31,-0.06
202.015,27.09,-0.13,27.31,-0.06,27.31,-0.06
202.047,27.06,-0.11,27.31,-0.06,27.31,-0.06
202.08,27.03,-0.15,27.31,-0.06,27.31,-0.06
202.113,27.1,-0.17,27.31,-0.06,27.31,-0.06
202.152,27.09,-0.14,27.31,-0.06,27.31,-0.06
202.185,27.1,-0.1,27.31,-0.06,27.31,-0.06
202.218,27.13,-0.13,27.31,-0.06,27.31,-0.06
202.251,27.16,-0.22,27.31,-0.06,27.31,-0.06
202.284,27.18,-0.21,27.31,-0.06,27.31,-0.06
202.317,27.15,-0.11,27.31,-0.06,27.31,-0.06
202.35,27.12,-0.09,27.31,-0.06,27.31,-0.06
202.383,27.1,-0.15,27.31,-0.06,27.31,-0.06
202.417,27.09,-0.17,27.31,-0.06,27.31,-0.06
202.45,27.1,-0.2,27.32,-0.06,27.31,-0.06
202.483,27.1,-0.22,27.31,-0.06,27.31,-0.06
202.518,27.11,-0.21,27.32,-0.06,27.31,-0.07
202.549,27.11,-0.12,27.32,-0.07,27.31,-0.07
202.581,27.08,-0.1,27.31,-0.07,27.31,-0.07
202.613,27.14,-0.11,27.31,-0.06,27.31,-0.06
202.647,27.17,-0.13,27.31,-0.06,27.31,-0.06
202.681,27.08,-0.13,27.31,-0.06,27.31,-0.06
202.716,27.04,-0.13,27.31,-0.06,27.31,-0.07
202.751,27.05,-0.19,27.31,-0.06,27.31,-0.07
202.783,27.07,-0.17,27.31,-0.07,27.31,-0.07
202.817,27.11,-0.1,27.31,-0.07,27.31,-0.07
202.851,27.13,-0.08,27.31,-0.07,27.31,-0.07
202.885,27.11,-0.09,27.31,-0.06,27.31,-0.06
202.916,27.02,-0.14,27.31,-0.06,27.31,-0.06
202.951,27.11,-0.18,27.31,-0.06,27.31,-0.06
202.984,27.02,-0.17,27.31,-0.06,27.31,-0.06
203.017,27,-0.12,27.31,-0.06,27.31,-0.06
203.051,27.04,-0.17,27.31,-0.06,27.31,-0.07
203.085,27.14,-0.16,27.31,-0.07,27.31,-0.07
203.119,27.12,-0.17,27.31,-0.07,27.31,-0.07
203.154,27.11,-0.13,27.32,-0.07,27.31,-0.07
203.187,27.12,-0.1,27.32,-0.07,27.31,-0.07
203.22,27.14,-0.1,27.32,-0.06,27.31,-0.07
203.253,27.12,-0.15,27.32,-0.06,27.32,-0.07
203.287,27.09,-0.1,27.32,-0.06,27.31,-0.06
203.32,27.03,-0.14,27.32,-0.06,27.31,-0.06
203.354,27.07,-0.15,27.32,-0.06,27.31,-0.06
203.388,27.06,-0.1,27.32,-0.06,27.31,-0.06
203.423,27.07,-0.13,27.31,-0.06,27.31,-0.06
203.455,27.06,-0.21,27.31,-0.06,27.31,-0.06
203.488,27.1,-0.21,27.31,-0.06,27.31,-0.06
203.52,27.16,-0.18,27.31,-0.06,27.31,-0.06
203.553,27.09,-0.15,27.32,-0.06,27.31,-0.06
203.586,27.03,-0.15,27.31,-0.06,27.31,-0.06
203.619,27.11,-0.22,27.31,-0.06,27.31,-0.06
203.651,27.14,-0.22,27.31,-0.06,27.31,-0.06
203.685,27.08,-0.17,27.31,-0.06,27.31,-0.06
203.719,27.08,-0.15,27.31,-0.06,27.31,-0.06
203.755,27.11,-0.15,27.31,-0.06,27.31,-0.06
203.787,27.09,-0.11,27.31,-0.06,27.31,-0.06
203.82,27.06,-0.17,27.31,-0.06,27.31,-0.07
203.854,27.16,-0.17,27.31,-0.06,27.31,-0.07
203.887,27.13,-0.13,27.31,-0.06,27.31,-0.07
203.921,27.08,-0.13,27.31,-0.07,27.31,-0.07
203.954,27.05,-0.08,27.31,-0.07,27.31,-0.07
203.987,27.07,-0.12,27.31,-0.06,27.31,-0.07
204.019,27.12,-0.18,27.31,-0.06,27.31,-0.06
204.052,27.16,-0.15,27.31,-0.06,27.31,-0.06
204.086,27.13,-0.12,27.32,-0.06,27.31,-0.06
204.119,27.09,-0.1,27.31,-0.06,27.31,-0.06
204.152,27.09,-0.06,27.31,-0.06,27.31,-0.06
204.184,27.06,-0.1,27.31,-0.06,27.31,-0.06
204.216,27.07,-0.16,27.31,-0.06,27.31,-0.06
204.251,27.08,-0.15,27.31,-0.06,27.31,-0.06
204.285,27.05,-0.13,27.31,-0.06,27.31,-0.06
204.319,27.02,-0.13,27.31,-0.06,27.31,-0.06
204.36,27.03,-0.13,27.31,-0.06,27.31,-0.06
204.4,27.07,-0.16,27.31,-0.06,27.31,-0.06
204.432,27.06,-0.15,27.31,-0.06,27.31,-0.06
204.468,27.13,-0.15,27.31,-0.06,27.31,-0.06
204.502,27.17,-0.21,27.31,-0.06,27.31,-0.06
204.535,27.1,-0.19,27.31,-0.06,27.31,-0.06
204.568,27.11,-0.15,27.31,-0.06,27.31,-0.06
204.602,27.07,-0.1,27.31,-0.06,27.31,-0.06
204.635,27.06,-0.12,27.31,-0.06,27.31,-0.06
204.666,27.07,-0.11,27.31,-0.06,27.31,-0.06
204.7,27.09,-0.12,27.31,-0.06,27.31,-0.06
204.735,27.12,-0.13,27.31,-0.06,27.3,-0.06
204.768,27.07,-0.12,27.31,-0.06,27.3,-0.06
204.801,27.07,-0.11,27.31,-0.06,27.31,-0.06
204.834,27.06,-0.09,27.31,-0.06,27.31,-0.06
204.866,27.07,-0.12,27.31,-0.06,27.31,-0.06
204.9,27.15,-0.17,27.31,-0.06,27.31,-0.06
204.934,27.11,-0.17,27.31,-0.06,27.31,-0.06
204.966,27.08,-0.11,27.31,-0.06,27.31,-0.06
205,27.13,-0.09,27.31,-0.06,27.31,-0.06
205.035,27.15,-0.1,27.31,-0.06,27.31,-0.06
205.068,27.1,-0.15,27.31,-0.06,27.31,-0.06
205.101,27.02,-0.17,27.31,-0.06,27.31,-0.07
205.137,26.99,-0.18,27.31,-0.06,27.31,-0.07
205.169,27.08,-0.14,27.31,-0.07,27.31,-0.07
205.203,27.13,-0.1,27.31,-0.06,27.31,-0.06
205.236,27.13,-0.1,27.31,-0.06,27.31,-0.06
205.271,27.08,-0.12,27.31,-0.06,27.31,-0.07
205.305,27.11,-0.13,27.31,-0.07,27.31,-0.07
205.339,27.15,-0.19,27.31,-0.07,27.31,-0.07
205.376,27.11,-0.19,27.31,-0.07,27.31,-0.07
205.411,27.03,-0.21,27.31,-0.07,27.31,-0.07
205.448,27.03,-0.19,27.31,-0.07,27.31,-0.07
205.48,27.04,-0.18,27.31,-0.07,27.31,-0.07
205.516,27.07,-0.19,27.31,-0.07,27.31,-0.07
205.549,27.15,-0.15,27.31,-0.07,27.31,-0.07
205.583,27.17,-0.15,27.31,-0.07,27.31,-0.07
205.618,27.09,-0.15,27.31,-0.07,27.31,-0.07
205.652,27.07,-0.1,27.31,-0.07,27.31,-0.07
205.685,27.15,-0.08,27.31,-0.07,27.31,-0.07
205.719,27.16,-0.12,27.31,-0.07,27.31,-0.07
205.752,27.14,-0.14,27.31,-0.07,27.31,-0.07
205.787,27.08,-0.09,27.31,-0.07,27.31,-0.07
205.819,27.06,-0.06,27.31,-0.07,27.31,-0.07
205.853,27.11,-0.12,27.31,-0.06,27.31,-0.07
205.886,27.11,-0.15,27.31,-0.06,27.31,-0.07
205.919,27.11,-0.12,27.31,-0.06,27.31,-0.06
205.952,27.11,-0.1,27.31,-0.07,27.31,-0.07
205.987,27.1,-0.13,27.31,-0.07,27.31,-0.07
206.026,27.14,-0.14,27.31,-0.07,27.31,-0.07
206.059,27.09,-0.15,27.31,-0.07,27.31,-0.07
206.098,27.05,-0.15,27.31,-0.07,27.31,-0.07
206.133,27.15,-0.12,27.31,-0.07,27.31,-0.07
206.168,27.17,-0.17,27.31,-0.07,27.31,-0.07
206.205,27.17,-0.16,27.31,-0.07,27.31,-0.07
206.24,27.12,-0.13,27.31,-0.07,27.31,-0.07
206.276,27.1,-0.16,27.31,-0.07,27.31,-0.07
206.31,27.1,-0.13,27.31,-0.07,27.31,-0.07
206.345,27.11,-0.1,27.31,-0.07,27.31,-0.07
206.38,27.14,-0.13,27.31,-0.07,27.31,-0.07
206.416,27.09,-0.15,27.31,-0.07,27.31,-0.07
206.45,27.04,-0.14,27.31,-0.07,27.31,-0.07
206.485,27.11,-0.1,27.31,-0.07,27.31,-0.07
206.518,27.14,-0.08,27.31,-0.07,27.31,-0.07
206.553,27.15,-0.1,27.31,-0.07,27.31,-0.07
206.586,27.15,-0.14,27.31,-0.07,27.31,-0.07
206.618,27.14,-0.17,27.31,-0.07,27.31,-0.07
206.651,27.08,-0.2,27.31,-0.07,27.31,-0.07
206.686,27.06,-0.17,27.31,-0.07,27.31,-0.07
206.718,27.06,-0.15,27.31,-0.07,27.31,-0.07
206.752,27.12,-0.1,27.31,-0.07,27.31,-0.07
206.788,27.03,-0.1,27.31,-0.07,27.31,-0.07
206.824,27.07,-0.16,27.31,-0.07,27.31,-0.07
206.856,27.09,-0.15,27.31,-0.07,27.31,-0.07
206.892,27.12,-0.12,27.31,-0.07,27.31,-0.07
206.924,27.14,-0.14,27.31,-0.07,27.31,-0.07
206.958,27.11,-0.22,27.31,-0.07,27.31,-0.07
