Time (s),Accel Roll (deg),Accel Pitch (deg),Gyro Roll (deg),Gyro Pitch (deg),Filtered Roll (deg),Filtered Pitch (deg)
0.001,8.66,-1.46,8.87,-1.44,8.86,-1.44
0.015,8.57,-1.47,8.87,-1.44,8.86,-1.44
0.029,8.61,-1.45,8.87,-1.44,8.86,-1.44
0.044,8.73,-1.53,8.87,-1.44,8.86,-1.44
0.057,8.73,-1.53,8.87,-1.44,8.87,-1.44
0.072,8.64,-1.4,8.87,-1.44,8.86,-1.44
0.086,8.65,-1.41,8.87,-1.44,8.87,-1.44
0.1,8.69,-1.42,8.87,-1.44,8.87,-1.44
0.114,8.72,-1.48,8.87,-1.44,8.87,-1.44
0.129,8.71,-1.48,8.87,-1.44,8.87,-1.44
0.143,8.65,-1.42,8.87,-1.44,8.87,-1.44
0.157,8.68,-1.43,8.87,-1.44,8.87,-1.44
0.172,8.7,-1.46,8.87,-1.44,8.87,-1.44
0.187,8.73,-1.46,8.87,-1.44,8.87,-1.44
0.201,8.71,-1.46,8.87,-1.44,8.87,-1.44
0.216,8.73,-1.46,8.87,-1.44,8.87,-1.44
0.23,8.74,-1.43,8.87,-1.44,8.87,-1.44
0.245,8.76,-1.44,8.87,-1.44,8.87,-1.44
0.259,8.7,-1.48,8.87,-1.44,8.87,-1.44
0.274,8.72,-1.45,8.87,-1.44,8.87,-1.44
0.288,8.69,-1.44,8.87,-1.44,8.87,-1.44
0.303,8.64,-1.44,8.87,-1.44,8.87,-1.44
0.317,8.61,-1.45,8.87,-1.44,8.87,-1.44
0.331,8.65,-1.38,8.87,-1.44,8.87,-1.44
0.346,8.68,-1.43,8.87,-1.44,8.87,-1.44
0.361,8.7,-1.47,8.87,-1.44,8.87,-1.44
0.375,8.71,-1.46,8.87,-1.44,8.87,-1.44
0.39,8.69,-1.48,8.87,-1.44,8.87,-1.44
0.404,8.7,-1.48,8.87,-1.44,8.87,-1.45
0.419,8.71,-1.47,8.87,-1.45,8.87,-1.45
0.433,8.71,-1.41,8.87,-1.45,8.87,-1.45
0.447,8.67,-1.39,8.87,-1.45,8.87,-1.44
0.461,8.7,-1.44,8.87,-1.44,8.87,-1.44
0.476,8.65,-1.41,8.87,-1.44,8.87,-1.44
0.49,8.64,-1.41,8.87,-1.44,8.87,-1.44
0.504,8.64,-1.41,8.87,-1.44,8.87,-1.44
0.519,8.7,-1.48,8.87,-1.44,8.87,-1.44
0.533,8.71,-1.48,8.87,-1.44,8.87,-1.44
0.547,8.7,-1.44,8.87,-1.44,8.87,-1.44
0.562,8.71,-1.43,8.87,-1.44,8.87,-1.44
0.576,8.74,-1.42,8.87,-1.44,8.87,-1.44
0.59,8.71,-1.41,8.87,-1.44,8.87,-1.44
0.605,8.66,-1.42,8.87,-1.44,8.87,-1.44
0.619,8.69,-1.41,8.87,-1.44,8.87,-1.44
0.633,8.69,-1.39,8.87,-1.44,8.87,-1.44
0.647,8.66,-1.38,8.87,-1.44,8.87,-1.44
0.662,8.64,-1.38,8.87,-1.44,8.87,-1.44
0.676,8.72,-1.37,8.87,-1.44,8.87,-1.44
0.691,8.71,-1.39,8.87,-1.44,8.87,-1.44
0.705,8.65,-1.48,8.87,-1.44,8.87,-1.44
0.72,8.66,-1.49,8.87,-1.44,8.87,-1.44
0.734,8.73,-1.42,8.87,-1.44,8.87,-1.44
0.749,8.71,-1.45,8.87,-1.44,8.87,-1.44
0.766,8.67,-1.47,8.87,-1.44,8.87,-1.44
0.781,8.65,-1.45,8.88,-1.44,8.87,-1.44
0.796,8.6,-1.54,8.87,-1.44,8.87,-1.44
0.81,8.65,-1.52,8.87,-1.44,8.87,-1.44
0.825,8.69,-1.44,8.87,-1.44,8.87,-1.44
0.84,8.68,-1.43,8.87,-1.44,8.87,-1.44
0.854,8.66,-1.44,8.87,-1.44,8.87,-1.44
0.869,8.68,-1.44,8.87,-1.44,8.87,-1.44
0.883,8.68,-1.46,8.87,-1.44,8.87,-1.44
0.898,8.68,-1.49,8.87,-1.44,8.87,-1.44
0.913,8.74,-1.42,8.87,-1.44,8.87,-1.44
0.927,8.72,-1.38,8.87,-1.44,8.87,-1.44
0.941,8.71,-1.47,8.87,-1.44,8.87,-1.44
0.955,8.71,-1.45,8.88,-1.44,8.87,-1.44
0.969,8.68,-1.43,8.88,-1.44,8.88,-1.44
0.983,8.65,-1.44,8.88,-1.44,8.88,-1.44
0.998,8.7,-1.43,8.88,-1.44,8.88,-1.44
1.012,8.73,-1.42,8.88,-1.44,8.88,-1.44
1.027,8.68,-1.43,8.88,-1.44,8.88,-1.44
1.04,8.66,-1.51,8.88,-1.44,8.88,-1.44
1.055,8.68,-1.51,8.88,-1.44,8.88,-1.44
1.069,8.72,-1.49,8.88,-1.44,8.88,-1.44
1.083,8.71,-1.43,8.88,-1.44,8.88,-1.44
1.097,8.69,-1.41,8.88,-1.44,8.88,-1.44
1.111,8.67,-1.46,8.88,-1.44,8.88,-1.44
1.125,8.67,-1.47,8.88,-1.44,8.88,-1.44
1.14,8.67,-1.45,8.88,-1.44,8.88,-1.44
1.154,8.66,-1.43,8.88,-1.44,8.88,-1.44
1.168,8.7,-1.46,8.88,-1.45,8.88,-1.45
1.183,8.73,-1.47,8.88,-1.45,8.88,-1.45
1.197,8.71,-1.48,8.88,-1.45,8.88,-1.45
1.212,8.66,-1.42,8.88,-1.45,8.88,-1.45
1.227,8.65,-1.46,8.88,-1.45,8.88,-1.45
1.242,8.66,-1.46,8.88,-1.45,8.88,-1.45
1.257,8.65,-1.45,8.88,-1.45,8.88,-1.45
1.271,8.64,-1.41,8.88,-1.45,8.88,-1.45
1.286,8.68,-1.39,8.88,-1.45,8.88,-1.45
1.3,8.7,-1.42,8.88,-1.45,8.88,-1.45
1.315,8.67,-1.44,8.88,-1.45,8.88,-1.45
1.329,8.72,-1.48,8.88,-1.45,8.88,-1.45
1.344,8.69,-1.47,8.88,-1.45,8.88,-1.45
1.359,8.66,-1.39,8.88,-1.45,8.88,-1.45
1.373,8.68,-1.36,8.88,-1.45,8.88,-1.45
1.388,8.65,-1.45,8.88,-1.44,8.88,-1.44
1.403,8.62,-1.46,8.88,-1.44,8.88,-1.44
1.417,8.59,-1.44,8.88,-1.44,8.88,-1.44
1.431,8.64,-1.45,8.88,-1.44,8.88,-1.44
1.445,8.75,-1.43,8.88,-1.44,8.88,-1.44
1.46,8.73,-1.42,8.88,-1.44,8.88,-1.44
1.474,8.69,-1.42,8.88,-1.44,8.88,-1.44
1.488,8.66,-1.44,8.88,-1.44,8.88,-1.44
1.502,8.7,-1.46,8.88,-1.44,8.88,-1.44
1.516,8.7,-1.48,8.88,-1.44,8.88,-1.44
1.531,8.69,-1.41,8.88,-1.44,8.88,-1.44
1.545,8.71,-1.44,8.88,-1.44,8.88,-1.44
1.559,8.71,-1.49,8.88,-1.44,8.88,-1.44
1.573,8.72,-1.47,8.88,-1.44,8.88,-1.44
1.588,8.68,-1.41,8.88,-1.44,8.88,-1.44
1.601,8.68,-1.44,8.88,-1.44,8.88,-1.44
1.62,8.67,-1.42,8.88,-1.44,8.88,-1.44
1.636,8.7,-1.39,8.88,-1.45,8.88,-1.45
1.651,8.7,-1.45,8.88,-1.45,8.88,-1.45
1.665,8.64,-1.5,8.88,-1.45,8.88,-1.45
1.679,8.66,-1.48,8.88,-1.45,8.88,-1.45
1.694,8.69,-1.43,8.88,-1.45,8.88,-1.45
1.709,8.71,-1.44,8.88,-1.45,8.88,-1.45
1.723,8.69,-1.51,8.88,-1.45,8.88,-1.45
1.738,8.69,-1.48,8.88,-1.45,8.88,-1.45
1.752,8.66,-1.46,8.88,-1.45,8.88,-1.45
1.767,8.65,-1.48,8.88,-1.45,8.88,-1.45
1.782,8.65,-1.44,8.88,-1.45,8.88,-1.45
1.797,8.67,-1.43,8.88,-1.45,8.88,-1.45
1.811,8.69,-1.44,8.88,-1.45,8.88,-1.45
1.825,8.69,-1.48,8.88,-1.45,8.88,-1.45
1.84,8.64,-1.45,8.88,-1.45,8.88,-1.45
1.855,8.63,-1.34,8.88,-1.45,8.88,-1.45
1.869,8.67,-1.39,8.88,-1.45,8.88,-1.45
1.884,8.67,-1.46,8.88,-1.44,8.88,-1.44
1.898,8.68,-1.46,8.88,-1.44,8.88,-1.44
1.912,8.67,-1.43,8.88,-1.44,8.88,-1.44
1.927,8.65,-1.45,8.88,-1.44,8.88,-1.44
1.941,8.69,-1.41,8.88,-1.44,8.88,-1.44
1.955,8.7,-1.38,8.88,-1.44,8.88,-1.44
1.97,8.71,-1.35,8.88,-1.44,8.88,-1.44
1.984,8.69,-1.42,8.88,-1.44,8.88,-1.44
1.998,8.7,-1.48,8.88,-1.44,8.88,-1.44
2.013,8.62,-1.46,8.88,-1.44,8.88,-1.44
2.027,8.61,-1.43,8.88,-1.44,8.88,-1.44
2.041,8.7,-1.43,8.88,-1.44,8.88,-1.44
2.056,8.72,-1.42,8.88,-1.44,8.88,-1.44
2.07,8.67,-1.42,8.88,-1.44,8.88,-1.44
2.084,8.67,-1.42,8.88,-1.44,8.88,-1.44
2.099,8.65,-1.46,8.88,-1.44,8.88,-1.44
2.113,8.63,-1.43,8.88,-1.44,8.88,-1.44
2.127,8.64,-1.39,8.88,-1.44,8.88,-1.44
2.141,8.67,-1.48,8.88,-1.44,8.88,-1.44
2.155,8.72,-1.52,8.88,-1.44,8.88,-1.44
2.17,8.73,-1.46,8.88,-1.44,8.88,-1.44
2.184,8.73,-1.41,8.88,-1.44,8.88,-1.44
2.199,8.67,-1.37,8.88,-1.44,8.88,-1.44
2.213,8.69,-1.41,8.88,-1.44,8.88,-1.44
2.228,8.67,-1.52,8.88,-1.44,8.88,-1.44
2.242,8.66,-1.49,8.88,-1.44,8.88,-1.44
2.256,8.67,-1.44,8.88,-1.44,8.88,-1.44
2.271,8.65,-1.46,8.88,-1.44,8.88,-1.44
2.285,8.64,-1.44,8.88,-1.44,8.88,-1.44
2.299,8.68,-1.43,8.88,-1.44,8.88,-1.44
2.314,8.72,-1.45,8.88,-1.44,8.88,-1.44
2.329,8.68,-1.46,8.88,-1.44,8.88,-1.44
2.343,8.68,-1.46,8.88,-1.44,8.88,-1.44
2.358,8.64,-1.44,8.88,-1.44,8.88,-1.44
2.373,8.62,-1.47,8.88,-1.44,8.88,-1.44
2.387,8.66,-1.51,8.88,-1.44,8.88,-1.44
2.402,8.6,-1.46,8.88,-1.44,8.88,-1.44
2.416,8.65,-1.48,8.88,-1.44,8.88,-1.44
2.431,8.68,-1.46,8.88,-1.44,8.88,-1.44
2.445,8.72,-1.43,8.88,-1.44,8.88,-1.44
2.459,8.73,-1.43,8.88,-1.44,8.88,-1.44
2.473,8.72,-1.43,8.88,-1.44,8.88,-1.44
2.488,8.67,-1.4,8.88,-1.44,8.88,-1.44
2.502,8.68,-1.41,8.88,-1.44,8.88,-1.44
2.516,8.64,-1.5,8.88,-1.44,8.88,-1.44
2.53,8.67,-1.49,8.88,-1.44,8.88,-1.44
2.544,8.76,-1.38,8.88,-1.44,8.88,-1.44
2.558,8.72,-1.37,8.88,-1.44,8.88,-1.44
2.573,8.62,-1.44,8.88,-1.44,8.88,-1.44
2.587,8.65,-1.46,8.88,-1.44,8.88,-1.44
2.601,8.69,-1.47,8.88,-1.44,8.88,-1.44
2.615,8.71,-1.44,8.88,-1.45,8.88,-1.45
2.629,8.65,-1.41,8.88,-1.45,8.88,-1.44
2.643,8.64,-1.43,8.88,-1.44,8.88,-1.44
2.658,8.65,-1.39,8.88,-1.44,8.88,-1.44
2.672,8.66,-1.43,8.88,-1.44,8.88,-1.44
2.686,8.66,-1.5,8.88,-1.44,8.88,-1.44
2.7,8.68,-1.53,8.88,-1.44,8.88,-1.44
2.715,8.71,-1.46,8.88,-1.44,8.88,-1.44
2.729,8.71,-1.42,8.88,-1.44,8.88,-1.44
2.744,8.71,-1.38,8.88,-1.44,8.88,-1.44
2.759,8.74,-1.38,8.88,-1.44,8.88,-1.44
2.774,8.7,-1.46,8.88,-1.44,8.88,-1.44
2.788,8.69,-1.44,8.88,-1.44,8.88,-1.44
2.803,8.69,-1.43,8.88,-1.44,8.88,-1.44
2.817,8.72,-1.44,8.88,-1.44,8.88,-1.44
2.832,8.7,-1.51,8.88,-1.44,8.88,-1.44
2.847,8.71,-1.52,8.88,-1.44,8.88,-1.44
2.861,8.72,-1.49,8.88,-1.44,8.88,-1.44
2.876,8.7,-1.49,8.89,-1.44,8.88,-1.44
2.89,8.65,-1.39,8.88,-1.44,8.88,-1.44
2.905,8.65,-1.42,8.88,-1.44,8.88,-1.44
2.919,8.66,-1.46,8.88,-1.44,8.88,-1.44
2.933,8.72,-1.45,8.88,-1.44,8.88,-1.44
2.947,8.75,-1.46,8.88,-1.44,8.88,-1.44
2.961,8.72,-1.41,8.88,-1.44,8.88,-1.44
2.975,8.67,-1.4,8.88,-1.44,8.88,-1.44
2.989,8.66,-1.46,8.88,-1.44,8.88,-1.44
3.004,8.67,-1.49,8.88,-1.44,8.88,-1.44
3.018,8.66,-1.5,8.88,-1.44,8.88,-1.44
3.032,8.67,-1.49,8.88,-1.44,8.88,-1.44
3.046,8.64,-1.47,8.88,-1.44,8.88,-1.44
3.06,8.67,-1.45,8.88,-1.44,8.88,-1.44
3.074,8.68,-1.44,8.88,-1.44,8.88,-1.44
3.089,8.7,-1.42,8.88,-1.44,8.88,-1.44
3.103,8.67,-1.44,8.88,-1.44,8.88,-1.44
3.117,8.64,-1.44,8.88,-1.44,8.88,-1.44
3.131,8.7,-1.42,8.88,-1.44,8.88,-1.44
3.145,8.74,-1.41,8.88,-1.44,8.88,-1.44
3.159,8.65,-1.39,8.88,-1.44,8.88,-1.44
3.174,8.65,-1.37,8.88,-1.44,8.88,-1.44
3.188,8.62,-1.41,8.88,-1.44,8.88,-1.44
3.202,8.61,-1.44,8.88,-1.44,8.87,-1.44
3.217,8.7,-1.41,8.88,-1.44,8.87,-1.44
3.231,8.73,-1.39,8.88,-1.44,8.88,-1.44
3.249,8.69,-1.46,8.88,-1.44,8.88,-1.44
3.263,8.65,-1.45,8.88,-1.44,8.88,-1.44
3.277,8.64,-1.48,8.88,-1.44,8.88,-1.44
3.292,8.67,-1.5,8.88,-1.44,8.88,-1.44
3.306,8.68,-1.45,8.88,-1.44,8.88,-1.44
3.321,8.69,-1.42,8.88,-1.44,8.88,-1.44
3.335,8.65,-1.42,8.88,-1.44,8.88,-1.44
3.35,8.59,-1.41,8.88,-1.44,8.88,-1.44
3.364,8.61,-1.37,8.88,-1.44,8.88,-1.44
3.379,8.7,-1.41,8.88,-1.44,8.88,-1.44
3.394,8.69,-1.48,8.88,-1.44,8.88,-1.44
3.408,8.68,-1.47,8.88,-1.44,8.88,-1.44
3.423,8.68,-1.44,8.88,-1.44,8.88,-1.44
3.437,8.66,-1.43,8.88,-1.44,8.88,-1.44
3.451,8.67,-1.41,8.88,-1.44,8.88,-1.44
3.465,8.67,-1.44,8.88,-1.44,8.88,-1.44
3.48,8.67,-1.43,8.88,-1.44,8.88,-1.44
3.494,8.67,-1.43,8.88,-1.44,8.88,-1.44
3.508,8.68,-1.45,8.88,-1.44,8.88,-1.44
3.523,8.68,-1.48,8.88,-1.44,8.88,-1.44
3.537,8.65,-1.48,8.88,-1.45,8.88,-1.45
3.552,8.66,-1.43,8.88,-1.45,8.88,-1.45
3.568,8.69,-1.39,8.88,-1.45,8.88,-1.45
3.582,8.69,-1.41,8.88,-1.45,8.88,-1.45
3.596,8.72,-1.41,8.88,-1.45,8.88,-1.45
3.611,8.65,-1.43,8.88,-1.45,8.88,-1.45
3.625,8.66,-1.43,8.88,-1.45,8.88,-1.45
3.639,8.71,-1.41,8.88,-1.45,8.88,-1.45
3.653,8.71,-1.49,8.88,-1.45,8.88,-1.45
3.667,8.67,-1.46,8.88,-1.45,8.88,-1.45
3.681,8.58,-1.43,8.88,-1.45,8.88,-1.45
3.695,8.64,-1.39,8.88,-1.45,8.88,-1.45
3.71,8.7,-1.42,8.88,-1.45,8.88,-1.45
3.724,8.64,-1.42,8.88,-1.45,8.88,-1.45
3.739,8.63,-1.44,8.88,-1.45,8.88,-1.45
3.754,8.63,-1.44,8.88,-1.45,8.88,-1.45
3.768,8.6,-1.43,8.88,-1.45,8.87,-1.45
3.783,8.66,-1.48,8.88,-1.44,8.87,-1.45
3.798,8.71,-1.45,8.88,-1.44,8.87,-1.44
3.812,8.66,-1.39,8.88,-1.44,8.87,-1.44
3.827,8.63,-1.4,8.88,-1.44,8.87,-1.44
3.842,8.69,-1.41,8.88,-1.44,8.87,-1.44
3.857,8.66,-1.46,8.88,-1.44,8.87,-1.44
3.871,8.67,-1.47,8.87,-1.44,8.87,-1.44
3.885,8.67,-1.5,8.88,-1.44,8.87,-1.45
3.9,8.64,-1.44,8.88,-1.45,8.87,-1.45
3.915,8.64,-1.42,8.88,-1.45,8.87,-1.44
3.929,8.69,-1.47,8.87,-1.44,8.87,-1.45
3.943,8.69,-1.46,8.88,-1.45,8.87,-1.45
3.957,8.67,-1.47,8.88,-1.45,8.87,-1.45
3.972,8.61,-1.43,8.88,-1.45,8.87,-1.45
3.986,8.6,-1.42,8.88,-1.45,8.87,-1.45
4.0,8.71,-1.43,8.88,-1.45,8.87,-1.44
4.014,8.72,-1.44,8.88,-1.44,8.87,-1.44
4.028,8.65,-1.43,8.88,-1.44,8.87,-1.44
4.043,8.62,-1.44,8.87,-1.44,8.87,-1.44
4.057,8.68,-1.44,8.87,-1.44,8.87,-1.44
4.071,8.72,-1.44,8.87,-1.44,8.87,-1.44
4.085,8.69,-1.48,8.88,-1.44,8.87,-1.44
4.099,8.7,-1.46,8.88,-1.44,8.87,-1.44
4.114,8.71,-1.43,8.88,-1.44,8.87,-1.44
4.128,8.69,-1.45,8.88,-1.44,8.87,-1.44
4.142,8.68,-1.46,8.88,-1.44,8.88,-1.44
4.156,8.71,-1.43,8.88,-1.44,8.88,-1.44
4.171,8.7,-1.41,8.88,-1.44,8.88,-1.44
4.185,8.69,-1.45,8.88,-1.44,8.88,-1.44
4.2,8.66,-1.43,8.88,-1.44,8.88,-1.44
4.214,8.66,-1.46,8.88,-1.44,8.88,-1.45
4.229,8.69,-1.48,8.88,-1.45,8.88,-1.45
4.243,8.71,-1.5,8.88,-1.45,8.88,-1.45
4.257,8.71,-1.47,8.88,-1.45,8.88,-1.45
4.272,8.66,-1.44,8.88,-1.45,8.88,-1.45
4.287,8.64,-1.41,8.88,-1.45,8.88,-1.45
4.301,8.66,-1.45,8.88,-1.45,8.88,-1.45
4.316,8.63,-1.49,8.88,-1.45,8.87,-1.45
4.331,8.63,-1.48,8.88,-1.45,8.87,-1.45
4.345,8.77,-1.46,8.87,-1.45,8.87,-1.45
4.36,8.74,-1.5,8.87,-1.45,8.87,-1.45
4.375,8.7,-1.5,8.87,-1.45,8.87,-1.45
4.389,8.68,-1.46,8.88,-1.45,8.87,-1.45
4.404,8.67,-1.43,8.88,-1.45,8.87,-1.45
4.419,8.65,-1.45,8.88,-1.45,8.88,-1.45
4.433,8.68,-1.44,8.88,-1.45,8.87,-1.45
4.448,8.7,-1.44,8.88,-1.45,8.88,-1.45
4.462,8.65,-1.45,8.88,-1.45,8.88,-1.45
4.476,8.65,-1.43,8.88,-1.45,8.88,-1.45
4.491,8.74,-1.43,8.88,-1.45,8.88,-1.45
4.505,8.79,-1.43,8.88,-1.45,8.88,-1.45
4.519,8.77,-1.44,8.88,-1.45,8.88,-1.45
4.534,8.69,-1.46,8.88,-1.45,8.88,-1.45
4.548,8.7,-1.46,8.88,-1.45,8.88,-1.45
4.562,8.69,-1.43,8.88,-1.45,8.88,-1.45
4.576,8.65,-1.44,8.88,-1.45,8.88,-1.45
4.591,8.7,-1.51,8.88,-1.45,8.88,-1.45
4.605,8.71,-1.53,8.88,-1.45,8.88,-1.45
4.619,8.66,-1.52,8.88,-1.45,8.88,-1.45
4.633,8.66,-1.43,8.88,-1.45,8.88,-1.45
4.647,8.63,-1.4,8.88,-1.45,8.88,-1.45
4.662,8.64,-1.4,8.88,-1.45,8.88,-1.45
4.676,8.69,-1.4,8.88,-1.45,8.88,-1.45
4.69,8.64,-1.51,8.88,-1.45,8.88,-1.45
4.705,8.62,-1.48,8.88,-1.45,8.88,-1.45
4.72,8.68,-1.43,8.88,-1.45,8.88,-1.45
4.734,8.69,-1.47,8.88,-1.45,8.88,-1.45
4.749,8.65,-1.46,8.88,-1.45,8.88,-1.45
4.764,8.66,-1.46,8.88,-1.45,8.88,-1.45
4.779,8.67,-1.44,8.88,-1.45,8.88,-1.45
4.793,8.66,-1.41,8.88,-1.45,8.88,-1.45
4.808,8.64,-1.41,8.88,-1.45,8.88,-1.45
4.823,8.63,-1.39,8.88,-1.45,8.88,-1.45
4.837,8.62,-1.4,8.88,-1.45,8.88,-1.45
4.852,8.61,-1.44,8.88,-1.45,8.88,-1.45
4.871,8.65,-1.44,8.88,-1.45,8.88,-1.45
4.886,8.65,-1.44,8.88,-1.45,8.88,-1.45
4.901,8.69,-1.49,8.88,-1.45,8.88,-1.45
4.915,8.69,-1.45,8.88,-1.45,8.88,-1.45
4.929,8.65,-1.45,8.88,-1.45,8.88,-1.45
4.943,8.62,-1.47,8.88,-1.45,8.88,-1.45
4.958,8.7,-1.5,8.88,-1.45,8.88,-1.45
4.972,8.76,-1.51,8.88,-1.45,8.88,-1.45
4.986,8.73,-1.39,8.88,-1.45,8.88,-1.45
5.001,8.69,-1.37,8.88,-1.45,8.88,-1.45
5.015,8.6,-1.42,8.88,-1.45,8.88,-1.45
5.029,8.65,-1.43,8.88,-1.45,8.88,-1.45
5.044,8.66,-1.44,8.88,-1.45,8.88,-1.45
5.058,8.7,-1.35,8.88,-1.44,8.88,-1.44
5.072,8.73,-1.37,8.88,-1.44,8.88,-1.44
5.086,8.67,-1.48,8.88,-1.44,8.88,-1.44
5.1,8.69,-1.49,8.88,-1.44,8.88,-1.44
5.116,8.68,-1.43,8.88,-1.44,8.88,-1.44
5.13,8.66,-1.39,8.88,-1.44,8.88,-1.44
5.144,8.71,-1.48,8.88,-1.44,8.88,-1.44
5.159,8.67,-1.5,8.88,-1.44,8.88,-1.44
5.173,8.62,-1.45,8.88,-1.45,8.88,-1.45
5.188,8.63,-1.39,8.88,-1.45,8.88,-1.45
5.202,8.67,-1.36,8.88,-1.44,8.88,-1.44
5.216,8.65,-1.37,8.88,-1.44,8.88,-1.44
5.231,8.63,-1.43,8.88,-1.44,8.88,-1.44
5.245,8.65,-1.49,8.88,-1.44,8.88,-1.44
5.26,8.71,-1.47,8.88,-1.44,8.88,-1.44
5.275,8.7,-1.5,8.88,-1.44,8.88,-1.44
5.29,8.69,-1.47,8.88,-1.44,8.88,-1.44
5.305,8.72,-1.41,8.88,-1.44,8.88,-1.44
5.319,8.67,-1.45,8.88,-1.44,8.88,-1.44
5.334,8.56,-1.48,8.88,-1.44,8.88,-1.44
5.349,8.63,-1.44,8.88,-1.44,8.88,-1.44
5.363,8.66,-1.4,8.88,-1.44,8.88,-1.44
5.378,8.66,-1.41,8.88,-1.44,8.88,-1.44
5.393,8.65,-1.45,8.88,-1.44,8.88,-1.44
5.407,8.63,-1.45,8.88,-1.44,8.88,-1.44
5.422,8.64,-1.42,8.88,-1.44,8.88,-1.44
5.437,8.68,-1.44,8.88,-1.44,8.88,-1.44
5.451,8.77,-1.41,8.88,-1.44,8.88,-1.44
5.466,8.75,-1.4,8.88,-1.44,8.88,-1.44
5.48,8.64,-1.5,8.89,-1.44,8.88,-1.44
5.494,8.67,-1.53,8.88,-1.44,8.88,-1.44
5.509,8.7,-1.49,8.88,-1.44,8.88,-1.44
5.523,8.74,-1.4,8.89,-1.44,8.88,-1.44
5.537,8.71,-1.38,8.89,-1.44,8.88,-1.44
5.552,8.7,-1.46,8.89,-1.44,8.88,-1.44
5.566,8.7,-1.48,8.89,-1.44,8.88,-1.44
5.58,8.65,-1.48,8.89,-1.45,8.88,-1.45
5.595,8.6,-1.51,8.88,-1.45,8.88,-1.45
5.609,8.68,-1.45,8.88,-1.45,8.88,-1.45
5.623,8.71,-1.39,8.88,-1.45,8.88,-1.45
5.637,8.7,-1.43,8.88,-1.45,8.88,-1.45
5.651,8.71,-1.5,8.88,-1.45,8.88,-1.45
5.666,8.68,-1.46,8.89,-1.45,8.88,-1.45
5.68,8.65,-1.44,8.89,-1.45,8.88,-1.45
5.694,8.63,-1.44,8.89,-1.45,8.88,-1.45
5.708,8.67,-1.35,8.89,-1.45,8.88,-1.45
5.723,8.7,-1.41,8.89,-1.45,8.88,-1.45
5.738,8.67,-1.45,8.89,-1.45,8.88,-1.45
5.752,8.64,-1.44,8.89,-1.45,8.88,-1.45
5.767,8.6,-1.48,8.89,-1.45,8.88,-1.45
5.782,8.67,-1.46,8.88,-1.45,8.88,-1.45
5.797,8.75,-1.38,8.88,-1.45,8.88,-1.45
5.811,8.73,-1.37,8.89,-1.45,8.88,-1.44
5.825,8.7,-1.42,8.89,-1.44,8.88,-1.44
5.84,8.69,-1.47,8.89,-1.44,8.88,-1.44
5.855,8.68,-1.46,8.89,-1.44,8.88,-1.44
5.869,8.67,-1.4,8.89,-1.44,8.88,-1.44
5.884,8.68,-1.37,8.88,-1.44,8.88,-1.44
5.898,8.66,-1.46,8.88,-1.44,8.88,-1.44
5.913,8.63,-1.53,8.88,-1.44,8.88,-1.44
5.928,8.59,-1.44,8.88,-1.44,8.88,-1.44
5.942,8.63,-1.43,8.88,-1.44,8.88,-1.44
5.956,8.7,-1.43,8.88,-1.44,8.88,-1.44
5.971,8.71,-1.44,8.88,-1.44,8.88,-1.44
5.985,8.59,-1.5,8.88,-1.44,8.88,-1.44
6.0,8.58,-1.51,8.88,-1.44,8.88,-1.44
6.014,8.66,-1.46,8.88,-1.44,8.88,-1.44
6.028,8.65,-1.45,8.88,-1.44,8.88,-1.44
6.042,8.64,-1.41,8.88,-1.44,8.88,-1.44
6.056,8.6,-1.43,8.88,-1.44,8.88,-1.44
6.071,8.65,-1.45,8.88,-1.44,8.87,-1.44
6.085,8.67,-1.48,8.88,-1.44,8.87,-1.44
6.099,8.64,-1.51,8.88,-1.44,8.87,-1.44
6.113,8.74,-1.42,8.88,-1.44,8.87,-1.44
6.128,8.74,-1.4,8.88,-1.44,8.87,-1.44
6.142,8.72,-1.39,8.88,-1.44,8.88,-1.44
6.156,8.73,-1.41,8.88,-1.44,8.88,-1.44
6.17,8.74,-1.44,8.88,-1.44,8.88,-1.44
6.184,8.64,-1.46,8.88,-1.44,8.88,-1.44
6.199,8.65,-1.45,8.88,-1.44,8.88,-1.44
6.214,8.68,-1.42,8.88,-1.44,8.88,-1.44
6.229,8.7,-1.37,8.88,-1.44,8.88,-1.44
6.243,8.71,-1.38,8.88,-1.44,8.87,-1.44
6.257,8.69,-1.4,8.88,-1.44,8.87,-1.44
6.272,8.64,-1.43,8.88,-1.44,8.87,-1.44
6.286,8.63,-1.41,8.88,-1.44,8.87,-1.44
6.301,8.66,-1.43,8.87,-1.44,8.87,-1.44
6.315,8.67,-1.42,8.87,-1.44,8.87,-1.44
6.329,8.67,-1.42,8.87,-1.44,8.87,-1.44
6.344,8.66,-1.42,8.87,-1.44,8.87,-1.44
6.358,8.61,-1.43,8.87,-1.44,8.87,-1.44
6.373,8.65,-1.42,8.87,-1.44,8.87,-1.44
6.388,8.69,-1.42,8.87,-1.44,8.87,-1.44
6.402,8.68,-1.41,8.87,-1.44,8.87,-1.44
6.417,8.66,-1.43,8.87,-1.44,8.87,-1.44
6.431,8.67,-1.45,8.87,-1.43,8.87,-1.43
6.446,8.66,-1.43,8.87,-1.43,8.87,-1.43
6.461,8.67,-1.46,8.87,-1.43,8.87,-1.43
6.475,8.66,-1.46,8.87,-1.44,8.87,-1.44
6.494,8.65,-1.41,8.87,-1.44,8.87,-1.44
6.51,8.71,-1.5,8.87,-1.44,8.87,-1.44
6.524,8.72,-1.45,8.87,-1.44,8.87,-1.44
6.538,8.61,-1.37,8.87,-1.44,8.87,-1.44
6.552,8.65,-1.37,8.87,-1.44,8.87,-1.44
6.567,8.65,-1.41,8.87,-1.44,8.87,-1.44
6.581,8.73,-1.46,8.87,-1.44,8.87,-1.44
6.595,8.7,-1.46,8.87,-1.44,8.87,-1.44
6.609,8.61,-1.47,8.87,-1.44,8.87,-1.44
6.624,8.62,-1.43,8.87,-1.44,8.87,-1.44
6.638,8.68,-1.4,8.87,-1.44,8.87,-1.44
6.652,8.67,-1.44,8.87,-1.44,8.87,-1.44
6.666,8.69,-1.5,8.87,-1.44,8.87,-1.44
6.681,8.65,-1.5,8.87,-1.44,8.87,-1.44
6.695,8.67,-1.47,8.87,-1.44,8.87,-1.44
6.71,8.68,-1.42,8.87,-1.44,8.87,-1.44
6.724,8.65,-1.39,8.87,-1.44,8.87,-1.44
6.738,8.69,-1.4,8.87,-1.44,8.87,-1.44
6.752,8.7,-1.43,8.87,-1.43,8.87,-1.43
6.767,8.63,-1.44,8.87,-1.43,8.87,-1.43
6.782,8.63,-1.44,8.87,-1.43,8.87,-1.43
6.8,8.65,-1.39,8.87,-1.43,8.87,-1.43
6.814,8.62,-1.39,8.87,-1.43,8.87,-1.43
6.829,8.69,-1.47,8.87,-1.43,8.87,-1.43
6.844,8.68,-1.49,8.87,-1.43,8.87,-1.43
6.858,8.67,-1.48,8.87,-1.43,8.87,-1.43
6.873,8.69,-1.5,8.87,-1.43,8.87,-1.43
6.888,8.64,-1.44,8.87,-1.43,8.87,-1.44
6.902,8.66,-1.41,8.87,-1.44,8.87,-1.43
6.916,8.72,-1.42,8.87,-1.43,8.87,-1.43
6.931,8.71,-1.4,8.87,-1.44,8.87,-1.44
6.946,8.65,-1.43,8.88,-1.44,8.87,-1.44
6.96,8.58,-1.42,8.88,-1.43,8.87,-1.43
6.974,8.64,-1.36,8.87,-1.43,8.87,-1.43
6.988,8.69,-1.37,8.87,-1.43,8.87,-1.43
7.003,8.69,-1.44,8.87,-1.43,8.87,-1.43
7.017,8.71,-1.45,8.87,-1.43,8.87,-1.43
7.031,8.73,-1.48,8.88,-1.43,8.87,-1.43
7.045,8.71,-1.47,8.88,-1.43,8.87,-1.43
7.06,8.65,-1.47,8.88,-1.43,8.87,-1.43
7.074,8.71,-1.44,8.88,-1.43,8.88,-1.43
7.088,8.72,-1.45,8.88,-1.43,8.88,-1.43
7.103,8.74,-1.48,8.88,-1.43,8.88,-1.43
7.119,8.74,-1.46,8.88,-1.43,8.88,-1.44
7.133,8.69,-1.39,8.88,-1.44,8.88,-1.43
7.147,8.66,-1.38,8.88,-1.43,8.88,-1.43
7.161,8.68,-1.46,8.88,-1.43,8.88,-1.43
7.175,8.69,-1.44,8.88,-1.43,8.88,-1.43
7.19,8.69,-1.44,8.88,-1.43,8.88,-1.43
7.204,8.71,-1.45,8.88,-1.43,8.88,-1.43
7.219,8.7,-1.45,8.88,-1.43,8.88,-1.43
7.235,8.73,-1.45,8.88,-1.43,8.88,-1.43
7.25,8.7,-1.46,8.88,-1.43,8.88,-1.44
7.264,8.67,-1.45,8.88,-1.44,8.88,-1.44
7.279,8.69,-1.43,8.88,-1.44,8.88,-1.44
7.294,8.71,-1.44,8.88,-1.44,8.88,-1.44
7.308,8.7,-1.45,8.88,-1.44,8.88,-1.44
7.323,8.67,-1.41,8.88,-1.43,8.88,-1.43
7.338,8.66,-1.46,8.88,-1.43,8.88,-1.43
7.353,8.62,-1.46,8.88,-1.43,8.88,-1.43
7.368,8.61,-1.42,8.88,-1.44,8.88,-1.44
7.382,8.63,-1.42,8.88,-1.44,8.88,-1.44
7.397,8.68,-1.43,8.88,-1.44,8.88,-1.44
7.411,8.69,-1.39,8.88,-1.43,8.88,-1.43
7.425,8.64,-1.38,8.88,-1.43,8.88,-1.43
7.44,8.66,-1.38,8.88,-1.43,8.88,-1.43
7.454,8.72,-1.43,8.88,-1.43,8.88,-1.43
7.469,8.66,-1.46,8.88,-1.43,8.88,-1.43
7.483,8.64,-1.46,8.88,-1.43,8.88,-1.43
7.497,8.67,-1.4,8.88,-1.43,8.88,-1.43
7.512,8.65,-1.4,8.88,-1.43,8.88,-1.43
7.526,8.63,-1.41,8.88,-1.43,8.88,-1.43
7.54,8.69,-1.51,8.88,-1.43,8.88,-1.43
7.554,8.73,-1.55,8.88,-1.43,8.88,-1.43
7.569,8.69,-1.5,8.89,-1.43,8.88,-1.43
7.583,8.67,-1.41,8.89,-1.43,8.88,-1.43
7.597,8.65,-1.4,8.89,-1.43,8.88,-1.43
7.611,8.63,-1.45,8.88,-1.43,8.88,-1.43
7.626,8.64,-1.45,8.88,-1.43,8.88,-1.43
7.64,8.67,-1.46,8.88,-1.43,8.88,-1.44
7.654,8.64,-1.47,8.88,-1.44,8.88,-1.44
7.669,8.61,-1.42,8.88,-1.44,8.88,-1.44
7.683,8.63,-1.43,8.88,-1.44,8.88,-1.44
7.697,8.68,-1.48,8.88,-1.44,8.88,-1.44
7.711,8.71,-1.5,8.88,-1.44,8.88,-1.44
7.725,8.73,-1.38,8.88,-1.44,8.88,-1.44
7.74,8.7,-1.34,8.88,-1.44,8.88,-1.44
7.754,8.64,-1.41,8.88,-1.44,8.88,-1.44
7.769,8.62,-1.47,8.88,-1.43,8.88,-1.43
7.783,8.65,-1.49,8.88,-1.43,8.88,-1.43
7.798,8.67,-1.51,8.88,-1.44,8.88,-1.44
7.812,8.68,-1.46,8.88,-1.44,8.88,-1.44
7.827,8.67,-1.42,8.88,-1.44,8.88,-1.44
7.842,8.65,-1.45,8.88,-1.44,8.88,-1.44
7.857,8.61,-1.54,8.88,-1.44,8.88,-1.44
7.872,8.68,-1.5,8.88,-1.44,8.88,-1.44
7.886,8.71,-1.45,8.88,-1.44,8.88,-1.44
7.901,8.71,-1.39,8.89,-1.44,8.88,-1.44
7.916,8.67,-1.31,8.89,-1.44,8.88,-1.44
7.93,8.64,-1.38,8.89,-1.44,8.88,-1.44
7.945,8.58,-1.47,8.89,-1.44,8.88,-1.44
7.96,8.62,-1.46,8.89,-1.44,8.88,-1.44
7.974,8.72,-1.43,8.88,-1.44,8.88,-1.44
7.988,8.71,-1.43,8.89,-1.44,8.88,-1.44
8.003,8.67,-1.41,8.89,-1.44,8.88,-1.44
8.017,8.64,-1.45,8.89,-1.44,8.88,-1.44
8.031,8.66,-1.5,8.89,-1.44,8.88,-1.44
8.046,8.65,-1.46,8.89,-1.44,8.88,-1.44
8.06,8.6,-1.42,8.89,-1.44,8.88,-1.44
8.074,8.65,-1.41,8.88,-1.44,8.88,-1.44
8.089,8.63,-1.4,8.88,-1.44,8.88,-1.44
8.103,8.63,-1.46,8.88,-1.43,8.88,-1.43
8.123,8.69,-1.51,8.88,-1.43,8.88,-1.44
8.137,8.67,-1.5,8.88,-1.44,8.88,-1.44
8.151,8.67,-1.39,8.88,-1.44,8.88,-1.44
8.166,8.68,-1.42,8.88,-1.44,8.88,-1.44
8.18,8.71,-1.46,8.88,-1.44,8.88,-1.44
8.195,8.67,-1.44,8.88,-1.44,8.88,-1.44
8.208,8.63,-1.43,8.88,-1.44,8.88,-1.44
8.223,8.64,-1.43,8.88,-1.44,8.88,-1.44
8.237,8.66,-1.42,8.88,-1.44,8.88,-1.44
8.252,8.66,-1.41,8.88,-1.44,8.88,-1.44
8.267,8.69,-1.4,8.88,-1.44,8.88,-1.44
8.281,8.7,-1.43,8.88,-1.44,8.88,-1.44
8.296,8.66,-1.48,8.88,-1.44,8.88,-1.44
8.31,8.68,-1.48,8.88,-1.44,8.88,-1.44
8.325,8.71,-1.43,8.88,-1.44,8.88,-1.44
8.339,8.72,-1.41,8.88,-1.44,8.88,-1.44
8.354,8.69,-1.43,8.88,-1.44,8.88,-1.44
8.368,8.71,-1.52,8.88,-1.44,8.88,-1.44
8.384,8.7,-1.53,8.88,-1.44,8.88,-1.44
8.399,8.69,-1.42,8.88,-1.44,8.88,-1.44
8.414,8.7,-1.4,8.88,-1.44,8.88,-1.44
8.429,8.73,-1.48,8.88,-1.44,8.88,-1.44
8.444,8.67,-1.47,8.88,-1.44,8.88,-1.44
8.459,8.55,-1.45,8.88,-1.44,8.88,-1.44
8.473,8.6,-1.48,8.88,-1.44,8.88,-1.44
8.487,8.72,-1.41,8.88,-1.44,8.88,-1.44
8.501,8.71,-1.43,8.88,-1.44,8.88,-1.44
8.516,8.69,-1.43,8.88,-1.44,8.88,-1.44
8.532,8.62,-1.43,8.88,-1.44,8.88,-1.44
8.546,8.62,-1.47,8.88,-1.44,8.88,-1.44
8.56,8.67,-1.45,8.88,-1.44,8.88,-1.44
8.574,8.69,-1.46,8.88,-1.44,8.88,-1.44
8.589,8.63,-1.43,8.88,-1.44,8.88,-1.44
8.604,8.63,-1.41,8.88,-1.44,8.88,-1.44
8.618,8.62,-1.44,8.88,-1.44,8.88,-1.44
8.632,8.6,-1.5,8.88,-1.44,8.87,-1.44
8.646,8.68,-1.47,8.88,-1.44,8.87,-1.44
8.661,8.72,-1.41,8.88,-1.44,8.88,-1.44
8.675,8.73,-1.41,8.88,-1.44,8.88,-1.44
8.689,8.7,-1.42,8.88,-1.44,8.88,-1.44
8.703,8.65,-1.45,8.88,-1.44,8.88,-1.44
8.717,8.64,-1.45,8.88,-1.44,8.88,-1.44
8.732,8.65,-1.45,8.88,-1.44,8.88,-1.44
8.746,8.68,-1.41,8.88,-1.44,8.88,-1.44
8.76,8.66,-1.39,8.88,-1.44,8.88,-1.44
8.775,8.69,-1.43,8.88,-1.44,8.88,-1.44
8.79,8.68,-1.48,8.88,-1.44,8.88,-1.44
8.804,8.71,-1.42,8.88,-1.44,8.88,-1.44
8.819,8.72,-1.41,8.88,-1.44,8.88,-1.44
8.834,8.62,-1.43,8.88,-1.44,8.88,-1.44
8.849,8.6,-1.42,8.88,-1.44,8.87,-1.44
8.864,8.65,-1.5,8.88,-1.43,8.87,-1.44
8.879,8.66,-1.53,8.88,-1.44,8.87,-1.44
8.894,8.69,-1.5,8.88,-1.44,8.87,-1.44
8.908,8.68,-1.43,8.88,-1.44,8.87,-1.44
8.922,8.66,-1.42,8.88,-1.44,8.87,-1.44
8.937,8.68,-1.42,8.88,-1.44,8.87,-1.44
8.952,8.66,-1.43,8.88,-1.44,8.87,-1.44
8.967,8.63,-1.42,8.88,-1.44,8.87,-1.44
8.981,8.63,-1.49,8.87,-1.44,8.87,-1.44
8.995,8.61,-1.48,8.87,-1.44,8.87,-1.44
9.009,8.64,-1.45,8.87,-1.44,8.87,-1.44
9.023,8.68,-1.47,8.87,-1.43,8.87,-1.44
9.037,8.71,-1.48,8.87,-1.44,8.87,-1.44
9.051,8.68,-1.45,8.87,-1.44,8.87,-1.44
9.066,8.65,-1.44,8.87,-1.44,8.87,-1.44
9.08,8.68,-1.39,8.87,-1.44,8.87,-1.44
9.094,8.71,-1.39,8.87,-1.44,8.87,-1.43
9.108,8.69,-1.42,8.87,-1.43,8.87,-1.43
9.122,8.65,-1.45,8.87,-1.44,8.87,-1.44
9.137,8.63,-1.48,8.87,-1.44,8.87,-1.44
9.151,8.6,-1.44,8.87,-1.44,8.87,-1.44
9.165,8.62,-1.41,8.87,-1.44,8.87,-1.44
9.18,8.65,-1.42,8.87,-1.44,8.87,-1.44
9.194,8.65,-1.44,8.87,-1.44,8.87,-1.44
9.208,8.66,-1.5,8.87,-1.44,8.87,-1.44
9.222,8.7,-1.53,8.87,-1.44,8.87,-1.44
9.237,8.71,-1.54,8.87,-1.44,8.87,-1.44
9.251,8.65,-1.42,8.87,-1.44,8.87,-1.44
9.266,8.68,-1.39,8.87,-1.44,8.87,-1.44
9.281,8.7,-1.4,8.87,-1.44,8.87,-1.44
9.295,8.67,-1.39,8.87,-1.44,8.87,-1.44
9.31,8.6,-1.43,8.87,-1.44,8.87,-1.44
9.324,8.62,-1.47,8.87,-1.44,8.87,-1.44
9.339,8.65,-1.5,8.88,-1.44,8.87,-1.44
9.353,8.66,-1.41,8.88,-1.44,8.87,-1.44
9.368,8.7,-1.42,8.88,-1.43,8.87,-1.43
9.382,8.66,-1.47,8.88,-1.43,8.87,-1.43
9.397,8.68,-1.45,8.88,-1.43,8.87,-1.43
9.411,8.7,-1.43,8.88,-1.43,8.87,-1.43
9.426,8.69,-1.48,8.87,-1.43,8.87,-1.43
9.44,8.67,-1.48,8.87,-1.43,8.87,-1.43
9.455,8.65,-1.44,8.87,-1.43,8.87,-1.43
9.469,8.6,-1.41,8.87,-1.43,8.87,-1.43
9.484,8.65,-1.45,8.87,-1.43,8.87,-1.43
9.498,8.72,-1.53,8.87,-1.43,8.87,-1.44
9.512,8.71,-1.5,8.87,-1.44,8.87,-1.44
9.526,8.63,-1.37,8.87,-1.44,8.87,-1.44
9.54,8.62,-1.38,8.87,-1.44,8.87,-1.44
9.555,8.66,-1.47,8.87,-1.44,8.87,-1.44
9.569,8.62,-1.44,8.87,-1.44,8.87,-1.44
9.583,8.65,-1.43,8.87,-1.44,8.87,-1.44
9.597,8.71,-1.49,8.87,-1.44,8.87,-1.44
9.611,8.69,-1.47,8.87,-1.44,8.87,-1.44
9.626,8.63,-1.39,8.87,-1.44,8.87,-1.44
9.64,8.63,-1.38,8.87,-1.44,8.87,-1.43
9.654,8.71,-1.49,8.87,-1.43,8.87,-1.43
9.669,8.75,-1.51,8.87,-1.43,8.87,-1.44
9.683,8.72,-1.42,8.87,-1.44,8.87,-1.43
9.697,8.67,-1.44,8.87,-1.43,8.87,-1.44
9.711,8.61,-1.45,8.87,-1.43,8.87,-1.43
9.725,8.62,-1.45,8.87,-1.43,8.87,-1.43
9.74,8.66,-1.46,8.87,-1.43,8.87,-1.43
9.754,8.68,-1.43,8.87,-1.43,8.87,-1.43
9.768,8.67,-1.44,8.87,-1.43,8.87,-1.43
9.783,8.66,-1.39,8.87,-1.43,8.87,-1.43
9.798,8.66,-1.4,8.87,-1.43,8.87,-1.43
9.813,8.67,-1.43,8.87,-1.43,8.87,-1.43
9.827,8.64,-1.43,8.87,-1.43,8.87,-1.43
9.842,8.67,-1.45,8.87,-1.43,8.87,-1.43
9.856,8.72,-1.44,8.87,-1.43,8.87,-1.43
9.871,8.7,-1.43,8.87,-1.43,8.87,-1.43
9.885,8.64,-1.46,8.87,-1.43,8.87,-1.43
9.9,8.61,-1.46,8.87,-1.43,8.87,-1.43
9.914,8.65,-1.45,8.87,-1.43,8.87,-1.43
9.929,8.64,-1.46,8.87,-1.43,8.87,-1.43
9.946,8.7,-1.44,8.87,-1.43,8.87,-1.43
9.96,8.66,-1.48,8.87,-1.43,8.87,-1.43
9.975,8.65,-1.5,8.87,-1.43,8.87,-1.43
9.989,8.67,-1.51,8.87,-1.43,8.87,-1.43
10.003,8.67,-1.48,8.87,-1.43,8.87,-1.43
10.017,8.67,-1.44,8.87,-1.43,8.87,-1.43
10.031,8.76,-1.44,8.87,-1.43,8.87,-1.43
10.046,8.77,-1.42,8.87,-1.43,8.87,-1.43
10.06,8.66,-1.41,8.87,-1.43,8.87,-1.43
10.074,8.67,-1.48,8.87,-1.43,8.87,-1.43
10.088,8.69,-1.49,8.87,-1.43,8.87,-1.43
10.102,8.64,-1.43,8.87,-1.43,8.87,-1.43
10.116,8.63,-1.42,8.87,-1.43,8.87,-1.43
10.13,8.7,-1.43,8.87,-1.43,8.87,-1.43
10.145,8.7,-1.41,8.87,-1.43,8.87,-1.43
10.159,8.68,-1.45,8.87,-1.43,8.87,-1.43
10.173,8.69,-1.44,8.87,-1.43,8.87,-1.43
10.188,8.68,-1.42,8.87,-1.43,8.87,-1.43
10.202,8.69,-1.44,8.87,-1.43,8.87,-1.43
10.216,8.69,-1.46,8.87,-1.43,8.87,-1.43
10.23,8.68,-1.47,8.87,-1.43,8.87,-1.43
10.245,8.67,-1.45,8.87,-1.43,8.87,-1.43
10.259,8.62,-1.41,8.87,-1.43,8.87,-1.43
10.273,8.66,-1.43,8.87,-1.43,8.87,-1.43
10.288,8.69,-1.39,8.87,-1.43,8.87,-1.43
10.303,8.69,-1.41,8.87,-1.43,8.87,-1.43
10.318,8.66,-1.46,8.87,-1.43,8.87,-1.43
10.333,8.66,-1.5,8.87,-1.43,8.87,-1.43
10.348,8.65,-1.45,8.87,-1.43,8.87,-1.43
10.362,8.67,-1.42,8.87,-1.43,8.87,-1.43
10.377,8.66,-1.45,8.87,-1.43,8.87,-1.43
10.392,8.67,-1.44,8.87,-1.43,8.87,-1.43
10.406,8.68,-1.48,8.87,-1.43,8.87,-1.43
10.421,8.68,-1.48,8.87,-1.43,8.87,-1.43
10.436,8.71,-1.43,8.87,-1.43,8.87,-1.43
10.451,8.72,-1.39,8.87,-1.43,8.87,-1.43
10.466,8.72,-1.44,8.87,-1.43,8.87,-1.43
10.481,8.71,-1.46,8.87,-1.43,8.87,-1.43
10.496,8.6,-1.5,8.88,-1.43,8.87,-1.43
10.51,8.61,-1.5,8.87,-1.43,8.87,-1.43
10.524,8.62,-1.44,8.87,-1.43,8.87,-1.43
10.539,8.66,-1.43,8.87,-1.43,8.87,-1.43
10.553,8.71,-1.48,8.87,-1.43,8.87,-1.43
10.567,8.71,-1.54,8.87,-1.43,8.87,-1.44
10.581,8.66,-1.54,8.87,-1.44,8.87,-1.44
10.595,8.61,-1.4,8.87,-1.44,8.87,-1.44
10.609,8.64,-1.39,8.87,-1.44,8.87,-1.44
10.624,8.64,-1.48,8.87,-1.44,8.87,-1.44
10.638,8.63,-1.52,8.87,-1.44,8.87,-1.44
10.652,8.69,-1.51,8.87,-1.44,8.87,-1.44
10.667,8.69,-1.46,8.87,-1.44,8.87,-1.44
10.681,8.71,-1.43,8.87,-1.44,8.87,-1.44
10.695,8.71,-1.47,8.87,-1.44,8.87,-1.44
10.71,8.67,-1.5,8.87,-1.44,8.87,-1.44
10.724,8.67,-1.48,8.87,-1.44,8.87,-1.44
10.738,8.66,-1.46,8.87,-1.44,8.87,-1.44
10.753,8.69,-1.52,8.87,-1.44,8.87,-1.44
10.767,8.73,-1.48,8.87,-1.44,8.87,-1.45
10.781,8.69,-1.37,8.88,-1.45,8.87,-1.45
10.796,8.66,-1.42,8.88,-1.45,8.87,-1.44
10.81,8.69,-1.43,8.88,-1.44,8.87,-1.44
10.824,8.71,-1.41,8.88,-1.44,8.87,-1.44
10.839,8.68,-1.45,8.88,-1.44,8.87,-1.44
10.854,8.62,-1.43,8.88,-1.44,8.87,-1.44
10.868,8.62,-1.43,8.87,-1.44,8.87,-1.44
10.882,8.66,-1.42,8.87,-1.44,8.87,-1.44
10.897,8.64,-1.45,8.87,-1.44,8.87,-1.44
10.911,8.69,-1.44,8.87,-1.44,8.87,-1.44
10.928,8.73,-1.45,8.87,-1.44,8.87,-1.44
10.943,8.69,-1.45,8.88,-1.44,8.87,-1.44
10.957,8.63,-1.45,8.88,-1.44,8.87,-1.44
10.972,8.65,-1.43,8.88,-1.45,8.87,-1.44
10.986,8.67,-1.4,8.88,-1.45,8.87,-1.45
11.001,8.67,-1.45,8.88,-1.45,8.88,-1.45
11.015,8.71,-1.51,8.88,-1.45,8.87,-1.45
11.029,8.67,-1.5,8.88,-1.45,8.87,-1.45
11.043,8.63,-1.47,8.87,-1.45,8.87,-1.45
11.058,8.67,-1.48,8.87,-1.45,8.87,-1.45
11.072,8.71,-1.48,8.87,-1.45,8.87,-1.45
11.086,8.73,-1.47,8.88,-1.45,8.87,-1.45
11.1,8.62,-1.44,8.88,-1.45,8.87,-1.45
11.115,8.63,-1.43,8.88,-1.45,8.87,-1.45
11.129,8.69,-1.43,8.87,-1.45,8.87,-1.45
11.143,8.66,-1.43,8.87,-1.45,8.87,-1.45
11.157,8.7,-1.44,8.87,-1.45,8.87,-1.45
11.171,8.72,-1.48,8.87,-1.45,8.87,-1.45
11.185,8.74,-1.48,8.88,-1.45,8.87,-1.45
11.199,8.69,-1.46,8.88,-1.45,8.87,-1.45
11.214,8.65,-1.44,8.88,-1.45,8.87,-1.45
11.228,8.6,-1.48,8.88,-1.45,8.87,-1.45
11.242,8.61,-1.49,8.87,-1.45,8.87,-1.45
11.256,8.72,-1.55,8.87,-1.45,8.87,-1.45
11.271,8.73,-1.52,8.87,-1.45,8.87,-1.45
11.286,8.67,-1.41,8.87,-1.45,8.87,-1.45
11.3,8.65,-1.37,8.87,-1.45,8.87,-1.45
11.315,8.73,-1.4,8.87,-1.45,8.87,-1.45
11.33,8.74,-1.41,8.88,-1.45,8.87,-1.45
11.344,8.63,-1.47,8.88,-1.45,8.87,-1.45
11.36,8.64,-1.46,8.87,-1.45,8.87,-1.45
11.374,8.68,-1.4,8.87,-1.45,8.87,-1.45
11.389,8.66,-1.44,8.87,-1.45,8.87,-1.45
11.403,8.62,-1.45,8.87,-1.45,8.87,-1.45
11.417,8.68,-1.44,8.87,-1.45,8.87,-1.45
11.432,8.71,-1.42,8.87,-1.45,8.87,-1.44
11.446,8.68,-1.45,8.87,-1.44,8.87,-1.44
11.461,8.67,-1.44,8.87,-1.44,8.87,-1.44
11.475,8.71,-1.48,8.87,-1.44,8.87,-1.44
11.49,8.71,-1.48,8.87,-1.44,8.87,-1.44
11.505,8.67,-1.45,8.87,-1.44,8.87,-1.44
11.52,8.67,-1.44,8.87,-1.44,8.87,-1.44
11.534,8.67,-1.45,8.87,-1.44,8.87,-1.44
11.548,8.65,-1.43,8.88,-1.44,8.87,-1.44
11.563,8.63,-1.41,8.88,-1.44,8.87,-1.44
11.577,8.66,-1.43,8.87,-1.44,8.87,-1.44
11.591,8.71,-1.51,8.87,-1.44,8.87,-1.44
11.605,8.72,-1.48,8.87,-1.44,8.87,-1.44
11.619,8.7,-1.45,8.87,-1.44,8.87,-1.44
11.634,8.7,-1.45,8.87,-1.44,8.87,-1.44
11.648,8.67,-1.43,8.88,-1.44,8.87,-1.44
11.663,8.65,-1.43,8.88,-1.44,8.87,-1.44
11.677,8.68,-1.41,8.88,-1.44,8.87,-1.44
11.691,8.68,-1.39,8.87,-1.44,8.87,-1.44
11.705,8.66,-1.41,8.87,-1.44,8.87,-1.44
11.72,8.66,-1.42,8.87,-1.44,8.87,-1.44
11.733,8.68,-1.46,8.87,-1.44,8.87,-1.44
11.748,8.67,-1.48,8.87,-1.44,8.87,-1.44
11.762,8.67,-1.41,8.87,-1.44,8.87,-1.44
11.776,8.71,-1.41,8.87,-1.44,8.87,-1.44
11.791,8.71,-1.47,8.87,-1.44,8.87,-1.44
11.805,8.7,-1.48,8.87,-1.44,8.87,-1.44
11.82,8.64,-1.46,8.87,-1.44,8.87,-1.44
11.835,8.64,-1.46,8.87,-1.44,8.87,-1.44
11.849,8.73,-1.4,8.87,-1.44,8.87,-1.44
11.864,8.75,-1.46,8.87,-1.44,8.87,-1.44
11.879,8.67,-1.45,8.87,-1.44,8.87,-1.44
11.894,8.62,-1.42,8.87,-1.44,8.87,-1.44
11.908,8.67,-1.46,8.87,-1.44,8.87,-1.44
11.922,8.69,-1.5,8.87,-1.44,8.87,-1.44
11.937,8.66,-1.46,8.87,-1.44,8.87,-1.44
11.952,8.63,-1.46,8.87,-1.44,8.87,-1.44
11.966,8.62,-1.46,8.87,-1.44,8.87,-1.44
11.981,8.63,-1.46,8.87,-1.44,8.87,-1.44
11.995,8.68,-1.47,8.87,-1.44,8.87,-1.44
12.009,8.64,-1.41,8.87,-1.44,8.87,-1.44
12.023,8.64,-1.41,8.87,-1.43,8.87,-1.43
12.038,8.65,-1.49,8.87,-1.43,8.87,-1.43
12.052,8.66,-1.5,8.87,-1.43,8.87,-1.43
12.066,8.69,-1.45,8.87,-1.43,8.87,-1.43
12.081,8.71,-1.42,8.87,-1.43,8.87,-1.43
12.095,8.73,-1.45,8.87,-1.43,8.87,-1.43
12.11,8.68,-1.47,8.87,-1.43,8.87,-1.43
12.124,8.64,-1.48,8.87,-1.43,8.87,-1.43
12.138,8.67,-1.48,8.87,-1.43,8.87,-1.44
12.152,8.71,-1.47,8.87,-1.44,8.87,-1.44
12.166,8.72,-1.41,8.87,-1.44,8.87,-1.44
12.181,8.68,-1.43,8.87,-1.43,8.87,-1.43
12.195,8.64,-1.5,8.87,-1.43,8.87,-1.43
12.209,8.63,-1.48,8.87,-1.43,8.87,-1.43
12.223,8.67,-1.46,8.87,-1.43,8.87,-1.43
12.237,8.69,-1.43,8.87,-1.43,8.87,-1.43
12.251,8.67,-1.45,8.87,-1.43,8.87,-1.43
12.265,8.73,-1.44,8.87,-1.43,8.87,-1.43
12.28,8.72,-1.46,8.87,-1.43,8.87,-1.43
12.294,8.67,-1.45,8.87,-1.43,8.87,-1.43
12.309,8.64,-1.44,8.87,-1.43,8.87,-1.43
12.323,8.74,-1.48,8.87,-1.43,8.87,-1.43
12.338,8.71,-1.46,8.87,-1.43,8.87,-1.43
12.352,8.66,-1.4,8.87,-1.44,8.87,-1.44
12.367,8.67,-1.42,8.87,-1.44,8.87,-1.43
12.381,8.68,-1.46,8.87,-1.43,8.87,-1.44
12.396,8.64,-1.46,8.87,-1.44,8.87,-1.44
12.411,8.62,-1.46,8.87,-1.44,8.87,-1.44
12.425,8.66,-1.45,8.87,-1.44,8.87,-1.44
12.44,8.69,-1.45,8.87,-1.44,8.87,-1.44
12.454,8.71,-1.44,8.87,-1.44,8.87,-1.44
12.469,8.65,-1.44,8.87,-1.44,8.87,-1.44
12.483,8.63,-1.48,8.87,-1.44,8.87,-1.44
12.498,8.64,-1.48,8.87,-1.44,8.87,-1.44
12.512,8.68,-1.44,8.87,-1.44,8.87,-1.44
12.527,8.73,-1.48,8.87,-1.44,8.87,-1.44
12.541,8.73,-1.45,8.87,-1.44,8.87,-1.44
12.555,8.7,-1.43,8.87,-1.44,8.87,-1.44
12.57,8.68,-1.45,8.87,-1.44,8.87,-1.44
12.584,8.64,-1.45,8.87,-1.44,8.87,-1.44
12.598,8.63,-1.42,8.87,-1.44,8.87,-1.44
12.612,8.61,-1.48,8.87,-1.44,8.87,-1.44
12.626,8.64,-1.48,8.87,-1.44,8.87,-1.44
12.641,8.7,-1.46,8.87,-1.44,8.87,-1.44
12.655,8.64,-1.47,8.87,-1.44,8.87,-1.44
12.669,8.69,-1.42,8.87,-1.44,8.87,-1.44
12.683,8.74,-1.39,8.87,-1.44,8.87,-1.44
12.698,8.73,-1.38,8.87,-1.44,8.87,-1.44
12.712,8.68,-1.41,8.87,-1.44,8.87,-1.44
12.726,8.67,-1.43,8.87,-1.44,8.87,-1.44
12.74,8.64,-1.49,8.87,-1.44,8.87,-1.44
12.754,8.65,-1.46,8.87,-1.44,8.87,-1.44
12.768,8.67,-1.44,8.87,-1.44,8.87,-1.44
12.783,8.71,-1.46,8.87,-1.44,8.87,-1.44
12.797,8.74,-1.49,8.87,-1.44,8.87,-1.44
12.812,8.69,-1.48,8.87,-1.44,8.87,-1.44
12.826,8.63,-1.47,8.87,-1.44,8.87,-1.44
12.841,8.6,-1.45,8.87,-1.44,8.87,-1.44
12.855,8.61,-1.44,8.87,-1.44,8.86,-1.44
12.87,8.63,-1.44,8.87,-1.44,8.86,-1.44
12.884,8.69,-1.43,8.86,-1.44,8.86,-1.44
12.898,8.69,-1.48,8.86,-1.43,8.86,-1.44
12.913,8.64,-1.46,8.87,-1.43,8.86,-1.43
12.928,8.68,-1.45,8.87,-1.43,8.86,-1.43
12.942,8.69,-1.43,8.87,-1.44,8.86,-1.44
12.957,8.68,-1.43,8.86,-1.44,8.86,-1.44
12.971,8.7,-1.44,8.86,-1.44,8.86,-1.44
12.986,8.68,-1.48,8.86,-1.44,8.86,-1.44
13.002,8.63,-1.48,8.86,-1.44,8.86,-1.44
13.016,8.67,-1.41,8.86,-1.44,8.86,-1.44
13.03,8.67,-1.39,8.86,-1.44,8.86,-1.43
13.044,8.65,-1.39,8.86,-1.43,8.86,-1.43
13.058,8.65,-1.44,8.86,-1.43,8.86,-1.43
13.073,8.66,-1.46,8.86,-1.43,8.86,-1.43
13.087,8.68,-1.45,8.86,-1.43,8.86,-1.43
13.103,8.68,-1.41,8.86,-1.43,8.86,-1.43
13.117,8.65,-1.43,8.86,-1.43,8.86,-1.43
13.132,8.64,-1.49,8.86,-1.43,8.86,-1.43
13.147,8.69,-1.48,8.86,-1.43,8.86,-1.43
13.161,8.73,-1.44,8.86,-1.43,8.86,-1.43
13.175,8.67,-1.48,8.86,-1.43,8.86,-1.43
13.189,8.67,-1.45,8.86,-1.43,8.86,-1.43
13.204,8.71,-1.43,8.86,-1.43,8.86,-1.43
13.218,8.68,-1.44,8.86,-1.44,8.86,-1.44
13.232,8.66,-1.47,8.86,-1.44,8.86,-1.44
13.246,8.7,-1.47,8.86,-1.44,8.86,-1.44
13.26,8.72,-1.5,8.86,-1.44,8.86,-1.44
13.275,8.65,-1.46,8.86,-1.44,8.86,-1.44
13.289,8.65,-1.43,8.86,-1.44,8.86,-1.44
13.304,8.68,-1.38,8.86,-1.44,8.86,-1.44
13.32,8.7,-1.4,8.86,-1.44,8.86,-1.44
13.335,8.67,-1.5,8.87,-1.44,8.86,-1.44
13.35,8.63,-1.48,8.87,-1.44,8.86,-1.44
13.364,8.64,-1.41,8.87,-1.44,8.86,-1.44
13.379,8.67,-1.41,8.87,-1.44,8.87,-1.44
13.393,8.68,-1.44,8.87,-1.44,8.87,-1.44
13.408,8.67,-1.43,8.87,-1.44,8.87,-1.44
13.422,8.63,-1.41,8.87,-1.44,8.87,-1.44
13.437,8.6,-1.42,8.87,-1.44,8.87,-1.44
13.452,8.65,-1.43,8.87,-1.44,8.87,-1.44
13.466,8.66,-1.37,8.87,-1.44,8.87,-1.44
13.481,8.65,-1.42,8.87,-1.44,8.87,-1.44
13.496,8.68,-1.47,8.87,-1.43,8.87,-1.44
13.51,8.73,-1.47,8.87,-1.43,8.87,-1.43
13.525,8.71,-1.48,8.87,-1.43,8.87,-1.44
13.545,8.67,-1.4,8.87,-1.44,8.87,-1.43
13.558,8.67,-1.43,8.87,-1.43,8.87,-1.43
13.573,8.66,-1.43,8.87,-1.43,8.87,-1.43
13.587,8.65,-1.47,8.87,-1.43,8.87,-1.43
13.601,8.66,-1.46,8.87,-1.43,8.86,-1.43
13.616,8.66,-1.46,8.87,-1.43,8.86,-1.43
13.63,8.68,-1.46,8.86,-1.43,8.86,-1.43
13.644,8.69,-1.45,8.86,-1.43,8.86,-1.43
13.658,8.7,-1.41,8.86,-1.43,8.86,-1.43
13.672,8.67,-1.42,8.86,-1.43,8.86,-1.43
13.686,8.66,-1.45,8.86,-1.43,8.86,-1.43
13.701,8.67,-1.46,8.86,-1.43,8.86,-1.43
13.715,8.71,-1.43,8.86,-1.43,8.86,-1.43
13.729,8.67,-1.42,8.86,-1.43,8.85,-1.43
13.745,8.62,-1.41,8.86,-1.43,8.85,-1.43
13.759,8.7,-1.4,8.86,-1.42,8.85,-1.42
13.773,8.68,-1.42,8.86,-1.42,8.85,-1.42
13.787,8.73,-1.54,8.85,-1.42,8.85,-1.42
13.801,8.76,-1.49,8.85,-1.42,8.85,-1.42
13.816,8.59,-1.36,8.85,-1.42,8.85,-1.42
13.831,8.55,-1.4,8.86,-1.42,8.85,-1.42
13.846,8.81,-1.54,8.85,-1.42,8.85,-1.43
13.863,8.83,-1.5,8.85,-1.43,8.85,-1.43
13.878,8.69,-1.42,8.86,-1.43,8.85,-1.43
13.893,8.64,-1.45,8.86,-1.43,8.85,-1.43
13.907,8.75,-1.47,8.85,-1.43,8.85,-1.43
13.922,8.77,-1.52,8.85,-1.42,8.85,-1.43
13.936,8.62,-1.49,8.86,-1.43,8.85,-1.43
13.951,8.62,-1.42,8.86,-1.43,8.85,-1.43
13.966,8.75,-1.46,8.86,-1.43,8.85,-1.43
13.98,8.74,-1.44,8.86,-1.42,8.86,-1.43
13.995,8.66,-1.42,8.86,-1.43,8.86,-1.42
14.01,8.69,-1.5,8.86,-1.42,8.86,-1.43
14.024,8.74,-1.5,8.86,-1.43,8.86,-1.43
14.039,8.68,-1.41,8.86,-1.43,8.86,-1.43
14.053,8.64,-1.39,8.86,-1.42,8.86,-1.42
14.067,8.61,-1.44,8.86,-1.42,8.86,-1.42
14.081,8.66,-1.45,8.86,-1.43,8.86,-1.43
14.095,8.7,-1.48,8.86,-1.43,8.86,-1.43
14.11,8.67,-1.49,8.86,-1.43,8.86,-1.43
14.124,8.67,-1.44,8.86,-1.43,8.86,-1.43
14.138,8.74,-1.47,8.86,-1.43,8.86,-1.43
14.152,8.72,-1.44,8.86,-1.43,8.86,-1.43
14.167,8.7,-1.43,8.86,-1.43,8.86,-1.43
14.181,8.7,-1.43,8.86,-1.43,8.86,-1.43
14.195,8.71,-1.48,8.86,-1.43,8.86,-1.43
14.209,8.68,-1.48,8.86,-1.43,8.86,-1.43
14.224,8.67,-1.48,8.86,-1.43,8.86,-1.43
14.238,8.66,-1.44,8.87,-1.43,8.86,-1.43
14.252,8.68,-1.44,8.87,-1.43,8.86,-1.43
14.267,8.68,-1.46,8.86,-1.43,8.86,-1.43
14.281,8.69,-1.48,8.86,-1.43,8.86,-1.43
14.295,8.65,-1.49,8.87,-1.43,8.86,-1.43
14.31,8.6,-1.48,8.87,-1.43,8.86,-1.43
14.324,8.66,-1.51,8.86,-1.43,8.86,-1.43
14.339,8.68,-1.48,8.86,-1.43,8.86,-1.43
14.354,8.74,-1.39,8.86,-1.43,8.86,-1.43
14.368,8.77,-1.39,8.86,-1.43,8.86,-1.43
14.382,8.6,-1.44,8.86,-1.43,8.86,-1.43
14.397,8.57,-1.51,8.86,-1.43,8.86,-1.43
14.412,8.67,-1.55,8.86,-1.43,8.86,-1.43
14.426,8.74,-1.46,8.86,-1.43,8.86,-1.43
14.441,8.71,-1.44,8.86,-1.43,8.86,-1.43
14.456,8.71,-1.48,8.86,-1.43,8.86,-1.43
14.47,8.72,-1.46,8.86,-1.43,8.86,-1.43
14.485,8.73,-1.46,8.87,-1.43,8.86,-1.43
14.499,8.68,-1.48,8.87,-1.43,8.86,-1.43
14.514,8.71,-1.47,8.87,-1.43,8.87,-1.43
14.529,8.78,-1.46,8.87,-1.43,8.87,-1.43
14.543,8.78,-1.57,8.87,-1.43,8.87,-1.43
14.557,8.82,-1.67,8.87,-1.43,8.87,-1.44
14.571,8.39,-1.2,8.88,-1.44,8.87,-1.44
14.585,8.52,-1.3,8.87,-1.44,8.87,-1.43
14.6,8.84,-1.61,8.87,-1.43,8.87,-1.43
14.617,8.84,-1.35,8.87,-1.43,8.87,-1.43
14.635,8.56,-1.24,8.87,-1.43,8.87,-1.43
14.65,8.56,-1.52,8.87,-1.43,8.87,-1.43
14.664,8.71,-1.58,8.87,-1.43,8.87,-1.43
14.678,8.81,-1.54,8.87,-1.43,8.87,-1.43
14.692,8.59,-1.36,8.87,-1.44,8.87,-1.43
14.706,8.59,-1.29,8.87,-1.44,8.87,-1.43
14.721,8.76,-1.45,8.87,-1.43,8.87,-1.43
14.735,8.85,-1.58,8.87,-1.43,8.87,-1.43
14.749,8.48,-1.41,8.87,-1.43,8.87,-1.43
14.763,8.47,-1.47,8.87,-1.43,8.87,-1.43
14.777,8.8,-1.59,8.87,-1.43,8.87,-1.44
14.792,8.79,-1.45,8.87,-1.43,8.87,-1.43
14.806,8.57,-1.38,8.88,-1.43,8.87,-1.43
14.82,8.61,-1.5,8.87,-1.43,8.87,-1.43
14.835,8.71,-1.53,8.87,-1.43,8.87,-1.43
14.849,8.76,-1.49,8.87,-1.43,8.87,-1.43
14.864,8.71,-1.47,8.87,-1.43,8.87,-1.43
14.878,8.56,-1.36,8.87,-1.43,8.87,-1.43
14.893,8.65,-1.37,8.87,-1.43,8.87,-1.43
14.908,8.81,-1.49,8.87,-1.43,8.87,-1.43
14.923,8.69,-1.49,8.87,-1.43,8.87,-1.43
14.938,8.61,-1.48,8.87,-1.43,8.87,-1.43
14.952,8.77,-1.51,8.87,-1.43,8.87,-1.43
14.966,8.75,-1.37,8.87,-1.43,8.87,-1.43
14.981,8.68,-1.37,8.87,-1.43,8.87,-1.43
14.995,8.69,-1.52,8.87,-1.43,8.87,-1.43
15.01,8.67,-1.53,8.87,-1.43,8.87,-1.43
15.025,8.71,-1.46,8.87,-1.43,8.87,-1.43
15.039,8.7,-1.46,8.87,-1.43,8.87,-1.43
15.054,8.66,-1.4,8.87,-1.43,8.87,-1.43
15.068,8.67,-1.44,8.87,-1.43,8.87,-1.43
15.082,8.66,-1.52,8.87,-1.43,8.87,-1.43
15.096,8.61,-1.5,8.87,-1.43,8.87,-1.43
15.11,8.59,-1.46,8.87,-1.43,8.87,-1.43
15.125,8.7,-1.48,8.87,-1.43,8.87,-1.43
15.139,8.72,-1.47,8.87,-1.43,8.87,-1.43
15.154,8.67,-1.43,8.87,-1.43,8.87,-1.43
15.169,8.65,-1.45,8.87,-1.43,8.87,-1.43
15.184,8.58,-1.43,8.87,-1.43,8.87,-1.43
15.198,8.6,-1.43,8.87,-1.43,8.87,-1.43
15.212,8.7,-1.41,8.87,-1.43,8.87,-1.43
15.226,8.73,-1.43,8.87,-1.43,8.87,-1.43
15.24,8.71,-1.53,8.87,-1.43,8.87,-1.43
15.255,8.73,-1.55,8.87,-1.43,8.87,-1.44
15.269,8.7,-1.51,8.88,-1.44,8.87,-1.44
15.283,8.73,-1.47,8.88,-1.44,8.87,-1.44
15.297,8.71,-1.4,8.88,-1.44,8.88,-1.44
15.312,8.6,-1.34,8.88,-1.44,8.88,-1.44
15.327,8.67,-1.44,8.88,-1.44,8.87,-1.44
15.341,8.77,-1.51,8.88,-1.44,8.87,-1.44
15.355,8.65,-1.44,8.88,-1.44,8.88,-1.44
15.37,8.63,-1.43,8.88,-1.44,8.88,-1.44
15.392,8.7,-1.55,8.88,-1.44,8.88,-1.44
15.407,8.67,-1.48,8.88,-1.44,8.88,-1.44
15.421,8.63,-1.47,8.89,-1.44,8.88,-1.44
15.436,8.61,-1.47,8.89,-1.44,8.88,-1.44
15.45,8.74,-1.48,8.89,-1.44,8.89,-1.44
15.464,8.77,-1.48,8.89,-1.44,8.89,-1.44
15.479,8.6,-1.35,8.89,-1.44,8.89,-1.44
15.495,8.64,-1.36,8.89,-1.44,8.89,-1.44
15.509,8.8,-1.46,8.89,-1.44,8.89,-1.44
15.524,8.77,-1.43,8.89,-1.44,8.89,-1.44
15.539,8.63,-1.41,8.89,-1.44,8.89,-1.44
15.553,8.67,-1.41,8.89,-1.44,8.89,-1.44
15.568,8.7,-1.39,8.89,-1.44,8.89,-1.44
15.582,8.65,-1.36,8.89,-1.44,8.89,-1.44
15.596,8.6,-1.48,8.89,-1.44,8.89,-1.44
15.611,8.61,-1.48,8.89,-1.44,8.89,-1.44
15.625,8.7,-1.46,8.89,-1.44,8.89,-1.44
15.639,8.78,-1.43,8.89,-1.44,8.89,-1.44
15.653,8.72,-1.4,8.89,-1.44,8.89,-1.44
15.667,8.63,-1.4,8.89,-1.44,8.89,-1.44
15.681,8.64,-1.47,8.89,-1.44,8.89,-1.44
15.696,8.64,-1.46,8.89,-1.44,8.89,-1.44
15.71,8.67,-1.41,8.89,-1.44,8.89,-1.44
15.724,8.7,-1.41,8.89,-1.44,8.89,-1.44
15.738,8.71,-1.44,8.89,-1.44,8.89,-1.44
15.753,8.66,-1.39,8.89,-1.44,8.89,-1.44
15.767,8.68,-1.43,8.89,-1.44,8.89,-1.44
15.781,8.7,-1.44,8.89,-1.44,8.89,-1.44
15.795,8.67,-1.47,8.89,-1.44,8.89,-1.44
15.809,8.68,-1.51,8.89,-1.44,8.89,-1.44
15.823,8.74,-1.5,8.89,-1.44,8.89,-1.45
15.838,8.76,-1.47,8.89,-1.44,8.89,-1.44
15.852,8.72,-1.47,8.89,-1.44,8.89,-1.44
15.867,8.67,-1.43,8.89,-1.45,8.89,-1.45
15.882,8.66,-1.42,8.89,-1.45,8.89,-1.45
15.896,8.67,-1.43,8.89,-1.45,8.89,-1.45
15.911,8.66,-1.44,8.89,-1.44,8.89,-1.44
15.926,8.69,-1.4,8.89,-1.44,8.89,-1.44
15.941,8.64,-1.41,8.89,-1.44,8.89,-1.44
15.955,8.66,-1.46,8.89,-1.44,8.89,-1.44
15.969,8.66,-1.48,8.89,-1.44,8.89,-1.44
15.984,8.71,-1.42,8.89,-1.44,8.89,-1.44
15.998,8.71,-1.41,8.89,-1.44,8.89,-1.44
16.013,8.73,-1.42,8.89,-1.44,8.89,-1.44
16.027,8.72,-1.38,8.9,-1.44,8.89,-1.44
16.042,8.63,-1.42,8.9,-1.44,8.89,-1.44
16.056,8.64,-1.43,8.9,-1.44,8.89,-1.44
16.07,8.68,-1.44,8.89,-1.44,8.89,-1.44
16.085,8.7,-1.43,8.89,-1.44,8.89,-1.44
16.099,8.7,-1.42,8.89,-1.44,8.89,-1.44
16.113,8.65,-1.41,8.89,-1.44,8.89,-1.44
16.127,8.65,-1.4,8.89,-1.44,8.89,-1.44
16.142,8.73,-1.43,8.89,-1.44,8.89,-1.44
16.156,8.72,-1.44,8.89,-1.44,8.89,-1.44
16.17,8.74,-1.46,8.89,-1.44,8.89,-1.44
16.184,8.69,-1.45,8.9,-1.44,8.89,-1.44
16.198,8.63,-1.42,8.89,-1.44,8.89,-1.44
16.213,8.68,-1.42,8.89,-1.44,8.89,-1.44
16.227,8.71,-1.44,8.89,-1.44,8.89,-1.44
16.245,8.68,-1.46,8.89,-1.44,8.89,-1.44
16.26,8.63,-1.44,8.9,-1.44,8.89,-1.44
16.274,8.62,-1.43,8.9,-1.44,8.89,-1.44
16.288,8.65,-1.37,8.89,-1.44,8.89,-1.44
16.302,8.68,-1.41,8.89,-1.44,8.89,-1.43
16.317,8.66,-1.45,8.89,-1.43,8.89,-1.43
16.331,8.64,-1.41,8.89,-1.43,8.89,-1.43
16.346,8.67,-1.39,8.89,-1.43,8.89,-1.43
16.36,8.63,-1.39,8.89,-1.43,8.89,-1.43
16.375,8.64,-1.45,8.89,-1.43,8.89,-1.43
16.389,8.65,-1.43,8.89,-1.43,8.89,-1.43
16.404,8.67,-1.45,8.89,-1.43,8.89,-1.43
16.419,8.7,-1.46,8.89,-1.43,8.89,-1.43
16.433,8.73,-1.41,8.89,-1.43,8.89,-1.43
16.449,8.73,-1.46,8.9,-1.43,8.89,-1.43
16.465,8.73,-1.46,8.9,-1.43,8.89,-1.43
16.479,8.69,-1.44,8.9,-1.43,8.9,-1.43
16.493,8.68,-1.43,8.9,-1.43,8.89,-1.43
16.508,8.72,-1.44,8.9,-1.43,8.89,-1.43
16.523,8.74,-1.44,8.9,-1.43,8.9,-1.43
16.537,8.68,-1.46,8.9,-1.43,8.9,-1.43
16.552,8.64,-1.47,8.9,-1.43,8.9,-1.43
16.567,8.63,-1.43,8.9,-1.43,8.9,-1.43
16.581,8.64,-1.46,8.9,-1.43,8.9,-1.43
16.595,8.67,-1.47,8.9,-1.43,8.9,-1.43
16.609,8.65,-1.42,8.9,-1.43,8.9,-1.43
16.624,8.62,-1.37,8.9,-1.43,8.9,-1.43
16.638,8.62,-1.4,8.9,-1.43,8.89,-1.43
16.652,8.63,-1.44,8.9,-1.43,8.89,-1.43
16.667,8.71,-1.46,8.89,-1.43,8.89,-1.43
16.682,8.75,-1.42,8.89,-1.43,8.89,-1.43
16.695,8.72,-1.43,8.89,-1.43,8.89,-1.43
16.709,8.68,-1.44,8.89,-1.43,8.89,-1.43
16.724,8.64,-1.48,8.89,-1.42,8.89,-1.43
16.738,8.67,-1.46,8.89,-1.42,8.89,-1.42
16.752,8.72,-1.43,8.89,-1.42,8.89,-1.42
16.766,8.74,-1.42,8.89,-1.42,8.88,-1.42
16.78,8.68,-1.42,8.89,-1.42,8.88,-1.42
16.795,8.66,-1.45,8.89,-1.42,8.88,-1.42
16.809,8.66,-1.45,8.89,-1.42,8.88,-1.42
16.823,8.69,-1.41,8.88,-1.42,8.88,-1.42
16.837,8.7,-1.44,8.89,-1.42,8.88,-1.42
16.852,8.68,-1.48,8.89,-1.42,8.88,-1.42
16.867,8.69,-1.46,8.89,-1.42,8.88,-1.42
16.881,8.71,-1.44,8.89,-1.42,8.88,-1.42
16.896,8.66,-1.45,8.89,-1.42,8.88,-1.42
16.91,8.61,-1.44,8.88,-1.42,8.88,-1.42
16.925,8.64,-1.45,8.88,-1.42,8.88,-1.42
16.94,8.74,-1.45,8.88,-1.42,8.88,-1.42
16.955,8.7,-1.44,8.88,-1.42,8.88,-1.42
16.969,8.67,-1.43,8.88,-1.42,8.88,-1.42
16.984,8.67,-1.44,8.88,-1.42,8.88,-1.42
16.999,8.66,-1.45,8.88,-1.42,8.88,-1.42
17.014,8.71,-1.46,8.88,-1.42,8.88,-1.42
17.028,8.73,-1.44,8.88,-1.42,8.88,-1.42
17.043,8.68,-1.46,8.88,-1.42,8.88,-1.42
17.057,8.69,-1.47,8.88,-1.42,8.88,-1.43
17.071,8.68,-1.41,8.88,-1.43,8.88,-1.42
17.086,8.7,-1.41,8.88,-1.42,8.88,-1.42
17.1,8.75,-1.48,8.88,-1.42,8.88,-1.43
17.114,8.74,-1.46,8.88,-1.43,8.88,-1.43
17.128,8.71,-1.44,8.88,-1.43,8.88,-1.43
17.144,8.65,-1.44,8.88,-1.43,8.88,-1.43
17.158,8.62,-1.52,8.88,-1.43,8.88,-1.43
17.173,8.64,-1.46,8.88,-1.43,8.88,-1.43
17.187,8.69,-1.42,8.88,-1.43,8.88,-1.43
17.201,8.73,-1.45,8.88,-1.43,8.88,-1.43
17.216,8.69,-1.47,8.89,-1.43,8.88,-1.43
17.23,8.69,-1.47,8.89,-1.43,8.88,-1.43
17.245,8.64,-1.48,8.89,-1.43,8.88,-1.43
17.259,8.62,-1.48,8.88,-1.43,8.88,-1.43
17.273,8.65,-1.43,8.88,-1.43,8.88,-1.43
17.289,8.73,-1.39,8.88,-1.43,8.88,-1.43
17.303,8.74,-1.43,8.88,-1.43,8.88,-1.43
17.317,8.69,-1.52,8.88,-1.43,8.88,-1.43
17.332,8.67,-1.49,8.88,-1.43,8.88,-1.43
17.346,8.66,-1.51,8.88,-1.43,8.88,-1.44
17.362,8.72,-1.51,8.88,-1.44,8.88,-1.44
17.377,8.66,-1.36,8.88,-1.44,8.88,-1.44
17.391,8.63,-1.35,8.88,-1.44,8.88,-1.43
17.406,8.71,-1.46,8.88,-1.43,8.88,-1.43
17.42,8.72,-1.47,8.88,-1.43,8.88,-1.44
17.435,8.7,-1.42,8.88,-1.44,8.88,-1.44
17.45,8.71,-1.41,8.88,-1.44,8.88,-1.44
17.465,8.7,-1.44,8.89,-1.43,8.88,-1.43
17.479,8.69,-1.45,8.88,-1.43,8.88,-1.43
17.493,8.71,-1.46,8.88,-1.43,8.88,-1.43
17.508,8.69,-1.45,8.88,-1.43,8.88,-1.43
17.522,8.69,-1.43,8.89,-1.43,8.88,-1.43
17.537,8.69,-1.48,8.89,-1.43,8.88,-1.43
17.552,8.69,-1.46,8.89,-1.43,8.88,-1.43
17.566,8.66,-1.39,8.89,-1.43,8.88,-1.43
17.581,8.65,-1.39,8.89,-1.43,8.88,-1.43
17.595,8.73,-1.49,8.89,-1.43,8.88,-1.43
17.61,8.72,-1.48,8.89,-1.43,8.89,-1.43
17.625,8.62,-1.42,8.89,-1.43,8.89,-1.43
17.639,8.66,-1.5,8.89,-1.43,8.89,-1.43
17.653,8.71,-1.48,8.89,-1.43,8.89,-1.43
17.668,8.69,-1.48,8.89,-1.44,8.89,-1.44
17.682,8.65,-1.5,8.89,-1.44,8.89,-1.44
17.697,8.69,-1.42,8.89,-1.44,8.88,-1.44
17.711,8.69,-1.43,8.89,-1.44,8.88,-1.44
17.726,8.7,-1.46,8.89,-1.44,8.88,-1.44
17.74,8.7,-1.46,8.88,-1.44,8.88,-1.44
17.754,8.61,-1.47,8.89,-1.44,8.88,-1.44
17.769,8.65,-1.44,8.88,-1.44,8.88,-1.44
17.783,8.7,-1.41,8.88,-1.44,8.88,-1.44
17.797,8.64,-1.41,8.88,-1.44,8.88,-1.44
17.813,8.68,-1.49,8.88,-1.44,8.88,-1.44
17.827,8.69,-1.5,8.88,-1.44,8.88,-1.44
17.841,8.66,-1.49,8.88,-1.44,8.88,-1.44
17.856,8.66,-1.46,8.88,-1.44,8.88,-1.44
17.871,8.65,-1.46,8.88,-1.44,8.88,-1.44
17.885,8.66,-1.43,8.88,-1.44,8.88,-1.44
17.9,8.66,-1.44,8.88,-1.44,8.88,-1.44
17.914,8.62,-1.47,8.88,-1.44,8.88,-1.44
17.929,8.63,-1.41,8.88,-1.44,8.88,-1.44
17.944,8.63,-1.37,8.88,-1.44,8.87,-1.44
17.958,8.75,-1.3,8.87,-1.44,8.87,-1.44
17.973,8.02,-1.26,8.85,-1.44,8.85,-1.44
17.987,8.63,-1.55,8.83,-1.43,8.83,-1.44
18.002,9.5,-1.75,8.83,-1.42,8.83,-1.43
18.016,9.04,-1.39,8.84,-1.43,8.84,-1.42
18.031,8.44,-1.34,8.86,-1.43,8.85,-1.42
18.046,8.55,-1.43,8.86,-1.42,8.86,-1.42
18.06,8.7,-1.43,8.86,-1.42,8.86,-1.42
18.075,8.71,-1.44,8.86,-1.42,8.86,-1.43
18.09,8.71,-1.51,8.87,-1.43,8.86,-1.43
18.104,8.65,-1.51,8.87,-1.43,8.86,-1.43
18.118,8.73,-1.43,8.87,-1.43,8.86,-1.43
18.134,8.71,-1.41,8.87,-1.43,8.86,-1.43
18.148,8.78,-1.48,8.87,-1.43,8.87,-1.43
18.163,9.14,-1.54,8.87,-1.43,8.87,-1.43
18.177,12.08,-1.82,8.89,-1.43,8.92,-1.43
18.191,11.08,-2.3,9.08,-1.44,9.1,-1.45
18.205,6.71,-2.96,9.37,-1.45,9.34,-1.47
18.219,5.47,-2.58,9.63,-1.47,9.59,-1.48
18.234,5.67,-0.81,9.7,-1.48,9.66,-1.47
18.248,9.32,-0.15,9.66,-1.48,9.65,-1.46
18.262,10.42,0.21,9.64,-1.44,9.64,-1.42
18.276,6.4,0.92,9.72,-1.35,9.69,-1.32
18.29,5.13,0.31,9.81,-1.1,9.76,-1.09
18.305,5.99,-0.89,9.8,-0.79,9.76,-0.79
18.319,9.19,-4.2,9.73,-0.49,9.72,-0.52
18.333,9.77,-4.57,9.71,-0.28,9.71,-0.33
18.348,9.55,-0.64,9.77,-0.13,9.76,-0.13
18.362,7.5,1.43,9.94,-0.03,9.92,-0.01
18.377,7.18,0.25,10.17,0.1,10.14,0.1
18.39,7.77,-1.32,10.43,0.29,10.4,0.28
18.404,4.83,-5.76,10.64,0.42,10.59,0.36
18.419,4.05,-7.64,10.74,0.31,10.67,0.23
18.433,5.56,-10.4,10.75,0.11,10.7,0.0
18.447,5.51,-8.53,10.71,-0.21,10.66,-0.29
18.462,7.33,-2.45,10.6,-0.79,10.56,-0.81
18.476,8.61,0.37,10.49,-1.11,10.47,-1.1
18.491,11.29,2.55,10.37,-1.08,10.38,-1.04
18.505,9.58,-1.22,10.32,-1.01,10.31,-1.01
18.52,7.12,-2.78,10.34,-0.97,10.31,-0.99
18.534,7.94,-3.16,10.33,-0.95,10.31,-0.97
18.549,8.74,-2.43,10.45,-0.88,10.43,-0.9
18.564,8.49,-1.68,10.62,-0.83,10.6,-0.83
18.578,5.22,-2.71,10.93,-0.77,10.88,-0.79
18.592,0.86,-3.1,11.23,-0.72,11.12,-0.74
18.607,3.4,-1.54,11.48,-0.74,11.4,-0.75
18.621,5.95,-1.71,11.67,-0.76,11.61,-0.77
18.635,5.4,-5.28,11.82,-0.79,11.75,-0.83
18.65,4.74,-4.15,11.89,-0.85,11.82,-0.88
18.664,4.16,-1.55,11.93,-0.89,11.86,-0.9
18.678,3.65,-1.67,12.05,-0.9,11.97,-0.91
18.692,3.63,-2.92,12.22,-0.92,12.13,-0.94
18.707,4.53,-3.43,12.42,-0.93,12.34,-0.95
18.721,5.5,-3.06,12.62,-0.94,12.55,-0.96
18.735,4.67,-2.61,12.77,-0.95,12.69,-0.97
18.749,3.48,-2.35,12.91,-0.96,12.82,-0.98
18.763,3.28,-2.04,13.07,-0.97,12.97,-0.99
18.777,2.62,-2.29,13.31,-0.99,13.2,-1.01
18.791,2.9,-5.78,13.56,-1.01,13.46,-1.06
18.806,3.03,-6.59,13.79,-1.11,13.68,-1.17
18.82,3.13,-2.14,14.02,-1.3,13.91,-1.31
18.834,3.1,-0.88,14.15,-1.49,14.04,-1.49
18.848,1.22,-1.12,14.24,-1.62,14.11,-1.62
18.863,-0.3,-3.46,14.29,-1.69,14.15,-1.71
18.877,0.18,-1.19,14.19,-1.81,14.05,-1.8
18.892,0.29,0.77,14.05,-1.97,13.91,-1.94
18.906,1.47,0.26,14.07,-2.02,13.95,-1.99
18.921,3.09,-1.0,14.27,-2.01,14.15,-2.0
18.935,3.04,-1.86,14.46,-1.99,14.34,-1.99
18.95,-1.34,-1.83,14.51,-1.99,14.35,-1.98
18.965,-2.37,-1.16,14.28,-1.97,14.11,-1.96
18.979,-1.82,-1.0,14.02,-1.95,13.86,-1.94
18.994,-2.33,-1.78,13.84,-1.93,13.68,-1.93
19.008,-2.14,-3.53,13.71,-1.94,13.55,-1.95
19.023,-0.17,-3.78,13.6,-1.96,13.46,-1.98
19.038,1.54,-0.4,13.52,-1.99,13.4,-1.97
19.052,-0.42,1.46,13.71,-1.98,13.57,-1.95
19.067,2.2,1.16,14.07,-1.98,13.95,-1.95
19.081,5.11,-2.89,14.53,-1.91,14.44,-1.92
19.095,4.76,-8.49,14.98,-1.85,14.88,-1.92
19.109,-2.63,-2.88,15.37,-1.95,15.19,-1.96
19.124,-4.39,0.8,15.57,-2.29,15.37,-2.25
19.138,-6.53,-7.49,15.59,-2.46,15.37,-2.51
19.152,-6.02,-7.58,15.08,-2.53,14.87,-2.58
19.167,-0.64,-0.19,14.36,-2.61,14.21,-2.59
19.181,2.66,-1.03,13.55,-2.5,13.45,-2.49
19.196,10.17,2.99,12.51,-2.32,12.49,-2.27
19.21,4.78,6.95,11.18,-2.2,11.12,-2.11
19.224,-2.0,6.06,9.92,-2.06,9.8,-1.98
19.238,-2.94,0.39,8.95,-1.98,8.83,-1.96
19.252,0.34,-1.22,8.62,-2.03,8.54,-2.02
19.267,6.36,-6.09,8.32,-2.06,8.3,-2.1
19.281,6.85,-5.34,7.85,-2.04,7.84,-2.08
19.295,8.95,-2.27,7.38,-1.97,7.4,-1.97
19.309,9.91,-1.15,7.04,-1.88,7.07,-1.87
19.324,8.93,0.25,6.76,-1.77,6.78,-1.75
19.338,6.17,1.08,6.57,-1.75,6.56,-1.72
19.352,3.43,-0.76,6.39,-1.81,6.36,-1.8
19.367,-1.31,-5.22,6.31,-1.9,6.23,-1.93
19.382,2.42,-2.49,6.44,-1.96,6.4,-1.97
19.396,8.9,-0.97,6.69,-2.02,6.71,-2.01
19.411,9.29,-1.26,6.94,-2.04,6.97,-2.03
19.426,3.07,-4.0,7.05,-2.0,7.01,-2.02
19.44,-0.96,-2.57,6.83,-2.01,6.75,-2.01
19.457,2.74,-0.8,6.66,-2.02,6.62,-2.01
19.472,3.29,-1.29,6.61,-1.98,6.58,-1.97
19.486,0.59,-0.83,6.63,-1.88,6.57,-1.87
19.5,0.61,0.52,6.78,-1.79,6.72,-1.77
19.515,-0.54,-0.81,7.07,-1.73,6.99,-1.72
19.529,0.13,-1.19,7.29,-1.73,7.22,-1.72
19.544,3.94,-1.11,7.46,-1.75,7.42,-1.75
19.558,5.55,-1.98,7.51,-1.78,7.49,-1.78
19.573,3.83,-2.97,7.46,-1.81,7.43,-1.82
19.588,3.03,-2.87,7.17,-1.85,7.12,-1.86
19.602,3.67,-1.23,6.84,-1.87,6.81,-1.87
19.616,2.68,-2.0,6.6,-1.85,6.56,-1.85
19.63,1.72,-2.43,6.45,-1.83,6.4,-1.84
19.645,1.72,-1.77,6.54,-1.87,6.49,-1.87
19.659,3.05,-3.49,6.76,-1.88,6.72,-1.9
19.673,7.44,-5.14,7.12,-1.86,7.13,-1.89
19.687,13.92,0.11,7.53,-1.79,7.6,-1.77
19.701,5.84,-4.41,7.75,-1.7,7.73,-1.72
19.716,-0.55,-4.66,7.48,-1.78,7.4,-1.81
19.73,3.23,-1.61,7.19,-1.89,7.15,-1.89
19.745,5.04,-1.07,7.18,-1.84,7.15,-1.83
19.759,4.64,-0.08,7.27,-1.76,7.24,-1.74
19.773,4.89,0.24,7.42,-1.7,7.39,-1.68
19.787,4.6,0.87,7.56,-1.67,7.53,-1.65
19.802,8.2,-0.69,7.68,-1.66,7.68,-1.65
19.816,8.26,-1.42,7.79,-1.69,7.8,-1.69
19.83,5.33,-4.36,7.93,-1.82,7.91,-1.85
19.845,3.73,-0.35,8.33,-2.32,8.28,-2.3
19.859,1.22,-1.09,8.97,-2.7,8.89,-2.69
19.873,-1.24,-3.16,9.93,-2.93,9.82,-2.93
19.888,-3.19,-4.4,10.9,-3.14,10.76,-3.16
19.903,-3.59,0.97,11.51,-2.88,11.36,-2.84
19.917,-3.25,3.32,11.73,-2.27,11.58,-2.21
19.932,0.94,-2.64,11.43,-1.99,11.33,-1.99
19.947,-2.05,-6.24,11.32,-2.03,11.19,-2.07
19.961,-2.65,-1.96,11.24,-2.11,11.1,-2.11
19.976,-0.31,-0.76,11.06,-2.1,10.95,-2.09
19.99,-0.29,-1.15,10.9,-2.08,10.78,-2.07
20.005,-0.77,-1.38,10.79,-2.07,10.68,-2.06
20.019,-0.47,-1.62,10.7,-2.06,10.58,-2.05
20.034,-1.49,-1.6,10.63,-2.05,10.51,-2.05
20.049,-2.34,-1.36,10.56,-2.04,10.43,-2.04
20.063,-0.89,-1.24,10.37,-2.04,10.25,-2.03
20.078,-0.62,-1.45,10.17,-2.03,10.06,-2.02
20.093,-0.36,-1.57,10.01,-2.02,9.9,-2.02
20.107,-0.14,-1.39,9.87,-2.02,9.77,-2.01
20.121,-0.3,-1.26,9.78,-2.01,9.68,-2.01
20.135,-1.2,-1.34,9.7,-2.01,9.59,-2.0
20.15,-1.01,-1.34,9.62,-2.0,9.52,-2.0
20.164,-0.76,-1.39,9.54,-2.0,9.43,-1.99
20.179,-0.58,-1.38,9.46,-2.0,9.36,-1.99
20.193,0.25,-1.6,9.39,-1.99,9.3,-1.99
20.208,-2.78,-1.36,9.36,-1.99,9.24,-1.99
20.222,-6.37,-1.04,9.33,-1.99,9.17,-1.98
20.236,2.35,-1.28,9.12,-1.98,9.06,-1.98
20.25,0.21,-1.36,9.0,-1.98,8.91,-1.97
20.265,-0.85,-1.42,8.91,-1.97,8.81,-1.96
20.279,-1.06,-1.41,8.82,-1.96,8.72,-1.96
20.293,-0.69,-1.4,8.72,-1.96,8.63,-1.95
20.307,-1.02,-1.43,8.63,-1.95,8.54,-1.95
20.321,-0.94,-1.42,8.54,-1.95,8.44,-1.94
20.336,-1.08,-1.33,8.45,-1.94,8.35,-1.93
20.351,-1.03,-1.34,8.35,-1.93,8.26,-1.93
20.365,-1.01,-1.38,8.26,-1.93,8.17,-1.92
20.38,-0.93,-1.37,8.17,-1.92,8.08,-1.92
20.395,-1.0,-1.4,8.08,-1.92,7.99,-1.91
20.409,-0.96,-1.43,7.99,-1.91,7.9,-1.91
20.424,-0.99,-1.42,7.9,-1.91,7.81,-1.9
20.438,-1.01,-1.41,7.82,-1.9,7.73,-1.9
20.453,-0.98,-1.33,7.73,-1.9,7.64,-1.89
20.467,-0.96,-1.38,7.65,-1.89,7.56,-1.89
20.482,-1.01,-1.43,7.56,-1.89,7.48,-1.88
20.496,-0.95,-1.37,7.48,-1.88,7.39,-1.88
20.511,-0.98,-1.36,7.4,-1.88,7.31,-1.87
20.526,-0.97,-1.39,7.32,-1.87,7.23,-1.87
20.541,-0.9,-1.42,7.24,-1.87,7.15,-1.86
20.556,-0.92,-1.42,7.16,-1.86,7.08,-1.86
20.571,-1.0,-1.42,7.08,-1.86,7.0,-1.85
20.586,-1.01,-1.38,7.0,-1.85,6.92,-1.85
20.6,-0.98,-1.36,6.92,-1.85,6.84,-1.84
20.614,-0.96,-1.37,6.85,-1.84,6.77,-1.84
20.629,-0.99,-1.38,6.77,-1.84,6.69,-1.83
20.643,-0.94,-1.4,6.69,-1.83,6.62,-1.83
20.657,-0.94,-1.36,6.62,-1.83,6.55,-1.83
20.672,-0.91,-1.36,6.55,-1.83,6.47,-1.82
20.686,-0.95,-1.39,6.48,-1.82,6.4,-1.82
20.701,-0.96,-1.44,6.4,-1.82,6.33,-1.81
20.716,-0.99,-1.43,6.33,-1.81,6.26,-1.81
20.73,-0.95,-1.36,6.26,-1.81,6.19,-1.81
20.745,-0.93,-1.38,6.19,-1.81,6.12,-1.8
20.759,-0.94,-1.4,6.12,-1.8,6.05,-1.8
20.773,-0.96,-1.4,6.05,-1.8,5.98,-1.8
20.788,-1.02,-1.36,5.98,-1.8,5.91,-1.79
20.801,-1.03,-1.36,5.92,-1.79,5.85,-1.79
20.816,-1.03,-1.36,5.85,-1.79,5.78,-1.78
20.831,-0.98,-1.34,5.78,-1.78,5.72,-1.78
20.845,-0.98,-1.3,5.72,-1.78,5.65,-1.77
20.859,-1.01,-1.37,5.65,-1.77,5.59,-1.77
20.874,-1.0,-1.44,5.59,-1.77,5.52,-1.77
20.889,-0.99,-1.41,5.52,-1.77,5.46,-1.76
20.903,-0.98,-1.47,5.46,-1.76,5.4,-1.76
20.918,-0.93,-1.42,5.4,-1.76,5.34,-1.76
20.933,-0.95,-1.38,5.34,-1.76,5.28,-1.75
20.947,-1.0,-1.34,5.28,-1.75,5.22,-1.75
20.962,-0.96,-1.38,5.22,-1.75,5.16,-1.75
20.976,-0.89,-1.42,5.16,-1.75,5.1,-1.74
20.991,-0.87,-1.41,5.1,-1.75,5.04,-1.74
21.005,-0.96,-1.42,5.04,-1.74,4.98,-1.74
21.02,-0.96,-1.39,4.99,-1.74,4.93,-1.74
21.034,-0.98,-1.31,4.93,-1.74,4.87,-1.74
21.049,-1.09,-1.42,4.87,-1.74,4.81,-1.73
21.064,-1.05,-1.49,4.81,-1.73,4.76,-1.73
21.078,-0.93,-1.37,4.76,-1.73,4.7,-1.73
21.096,-0.93,-1.37,4.7,-1.73,4.65,-1.73
21.11,-0.96,-1.42,4.65,-1.73,4.6,-1.72
21.128,-0.86,-1.44,4.6,-1.73,4.54,-1.72
21.142,-0.88,-1.42,4.54,-1.72,4.49,-1.72
21.156,-1.01,-1.39,4.49,-1.72,4.44,-1.72
21.171,-1.02,-1.38,4.44,-1.72,4.38,-1.72
21.185,-0.91,-1.36,4.39,-1.72,4.33,-1.71
21.199,-0.88,-1.38,4.34,-1.71,4.28,-1.71
21.214,-1.05,-1.41,4.29,-1.71,4.23,-1.71
21.228,-1.04,-1.45,4.24,-1.71,4.18,-1.71
21.243,-0.92,-1.42,4.19,-1.71,4.14,-1.7
21.257,-0.89,-1.37,4.14,-1.71,4.09,-1.7
21.271,-0.92,-1.34,4.09,-1.7,4.04,-1.7
21.285,-0.98,-1.36,4.04,-1.7,3.99,-1.7
21.3,-0.98,-1.38,4.0,-1.7,3.95,-1.69
21.314,-1.0,-1.36,3.95,-1.69,3.9,-1.69
21.328,-1.05,-1.36,3.9,-1.69,3.85,-1.69
21.343,-0.99,-1.37,3.85,-1.69,3.8,-1.69
21.358,-0.94,-1.37,3.81,-1.69,3.76,-1.68
21.373,-0.98,-1.4,3.76,-1.68,3.71,-1.68
21.388,-0.99,-1.41,3.71,-1.68,3.67,-1.68
21.403,-1.0,-1.35,3.67,-1.68,3.62,-1.67
21.417,-0.98,-1.36,3.62,-1.67,3.58,-1.67
21.432,-1.03,-1.38,3.58,-1.67,3.53,-1.67
21.447,-1.03,-1.42,3.54,-1.67,3.49,-1.66
21.461,-0.92,-1.4,3.49,-1.66,3.45,-1.66
21.476,-0.93,-1.41,3.45,-1.66,3.41,-1.66
21.491,-1.0,-1.38,3.41,-1.66,3.37,-1.65
21.506,-1.04,-1.36,3.37,-1.65,3.32,-1.65
21.52,-0.92,-1.38,3.33,-1.65,3.28,-1.64
21.534,-0.93,-1.36,3.28,-1.64,3.24,-1.64
21.549,-0.96,-1.35,3.24,-1.64,3.2,-1.64
21.564,-0.98,-1.35,3.2,-1.64,3.16,-1.63
21.579,-0.96,-1.38,3.16,-1.63,3.12,-1.63
21.593,-0.98,-1.39,3.12,-1.63,3.08,-1.62
21.607,-0.98,-1.39,3.08,-1.62,3.04,-1.62
21.621,-0.95,-1.37,3.05,-1.62,3.01,-1.62
21.635,-0.98,-1.39,3.01,-1.62,2.97,-1.62
21.65,-0.99,-1.45,2.97,-1.62,2.93,-1.61
21.664,-0.96,-1.43,2.93,-1.61,2.89,-1.61
21.679,-0.96,-1.32,2.9,-1.61,2.86,-1.61
21.693,-0.97,-1.35,2.86,-1.61,2.82,-1.61
21.707,-0.93,-1.4,2.82,-1.61,2.78,-1.6
21.722,-0.89,-1.4,2.79,-1.6,2.75,-1.6
21.736,-0.89,-1.38,2.75,-1.6,2.72,-1.6
21.75,-0.98,-1.37,2.72,-1.6,2.68,-1.6
21.765,-0.99,-1.39,2.68,-1.6,2.65,-1.59
21.779,-1.0,-1.4,2.65,-1.59,2.61,-1.59
21.793,-0.98,-1.39,2.62,-1.59,2.58,-1.59
21.807,-0.94,-1.38,2.58,-1.59,2.55,-1.59
21.822,-0.96,-1.38,2.55,-1.59,2.51,-1.58
21.836,-1.02,-1.37,2.52,-1.58,2.48,-1.58
21.851,-1.03,-1.39,2.48,-1.58,2.45,-1.58
21.865,-1.01,-1.43,2.45,-1.58,2.42,-1.58
21.879,-1.02,-1.35,2.42,-1.58,2.38,-1.57
21.894,-1.02,-1.36,2.39,-1.57,2.35,-1.57
21.908,-0.94,-1.4,2.36,-1.57,2.32,-1.57
21.923,-0.96,-1.38,2.33,-1.57,2.29,-1.57
21.938,-1.0,-1.34,2.3,-1.57,2.26,-1.57
21.952,-0.99,-1.37,2.27,-1.57,2.23,-1.56
21.967,-1.01,-1.46,2.23,-1.56,2.2,-1.56
21.981,-1.0,-1.45,2.2,-1.56,2.17,-1.56
21.996,-1.0,-1.42,2.18,-1.56,2.14,-1.56
22.01,-0.98,-1.42,2.15,-1.56,2.11,-1.56
22.025,-0.9,-1.44,2.12,-1.56,2.09,-1.56
22.04,-0.95,-1.37,2.09,-1.56,2.06,-1.55
22.054,-1.11,-1.27,2.06,-1.56,2.03,-1.55
22.069,-1.07,-1.37,2.03,-1.55,2.0,-1.55
22.087,-0.86,-1.49,2.0,-1.55,1.97,-1.55
22.101,-0.83,-1.47,1.98,-1.55,1.95,-1.55
22.116,-1.01,-1.32,1.95,-1.55,1.92,-1.55
22.13,-1.09,-1.33,1.93,-1.55,1.9,-1.55
22.144,-0.99,-1.45,1.9,-1.55,1.87,-1.55
22.159,-0.93,-1.43,1.87,-1.55,1.84,-1.55
22.173,-0.97,-1.38,1.85,-1.55,1.82,-1.55
22.188,-1.04,-1.39,1.82,-1.55,1.79,-1.54
22.202,-0.92,-1.32,1.8,-1.54,1.77,-1.54
22.216,-0.88,-1.34,1.77,-1.54,1.74,-1.54
22.231,-0.93,-1.37,1.75,-1.54,1.72,-1.54
22.245,-1.01,-1.38,1.72,-1.54,1.7,-1.54
22.259,-0.97,-1.36,1.7,-1.54,1.67,-1.53
22.274,-0.93,-1.3,1.67,-1.54,1.65,-1.53
22.288,-0.96,-1.28,1.65,-1.53,1.62,-1.53
22.302,-0.99,-1.34,1.63,-1.53,1.6,-1.53
22.316,-1.01,-1.36,1.6,-1.53,1.58,-1.53
22.331,-0.98,-1.4,1.58,-1.53,1.55,-1.53
22.345,-0.97,-1.38,1.56,-1.53,1.53,-1.52
22.36,-0.94,-1.31,1.53,-1.52,1.51,-1.52
22.374,-0.98,-1.31,1.51,-1.52,1.49,-1.52
22.389,-0.99,-1.33,1.49,-1.52,1.46,-1.52
22.404,-1.02,-1.42,1.47,-1.52,1.44,-1.52
22.418,-1.0,-1.44,1.44,-1.52,1.42,-1.51
22.433,-1.0,-1.38,1.42,-1.51,1.4,-1.51
22.448,-1.0,-1.38,1.4,-1.51,1.38,-1.51
22.463,-0.96,-1.41,1.38,-1.51,1.35,-1.51
22.477,-0.96,-1.43,1.36,-1.51,1.33,-1.51
22.492,-1.03,-1.4,1.34,-1.51,1.31,-1.51
22.507,-1.05,-1.41,1.32,-1.51,1.29,-1.51
22.521,-0.98,-1.4,1.29,-1.51,1.27,-1.51
22.536,-0.95,-1.33,1.27,-1.51,1.25,-1.51
22.551,-1.07,-1.33,1.25,-1.51,1.23,-1.51
22.566,-1.04,-1.35,1.23,-1.51,1.21,-1.5
22.581,-0.98,-1.44,1.21,-1.5,1.19,-1.5
22.595,-0.95,-1.45,1.19,-1.5,1.17,-1.5
22.61,-0.99,-1.43,1.17,-1.5,1.15,-1.5
22.624,-0.98,-1.4,1.15,-1.5,1.13,-1.5
22.638,-0.98,-1.35,1.13,-1.5,1.11,-1.5
22.653,-1.0,-1.35,1.11,-1.5,1.09,-1.5
22.667,-0.99,-1.44,1.09,-1.5,1.07,-1.5
22.681,-1.03,-1.41,1.07,-1.5,1.05,-1.5
22.695,-1.02,-1.39,1.05,-1.5,1.03,-1.5
22.71,-0.98,-1.36,1.04,-1.49,1.01,-1.49
22.725,-0.96,-1.34,1.02,-1.49,1.0,-1.49
22.742,-0.98,-1.37,1.0,-1.49,0.98,-1.49
22.757,-0.99,-1.38,0.98,-1.49,0.96,-1.49
22.772,-1.01,-1.34,0.96,-1.49,0.94,-1.49
22.786,-0.94,-1.34,0.95,-1.49,0.93,-1.49
22.801,-0.93,-1.36,0.93,-1.49,0.91,-1.49
22.815,-0.92,-1.42,0.91,-1.49,0.9,-1.49
22.83,-0.96,-1.44,0.9,-1.49,0.88,-1.48
22.844,-0.96,-1.43,0.88,-1.48,0.86,-1.48
22.858,-0.96,-1.39,0.86,-1.48,0.85,-1.48
22.872,-0.94,-1.37,0.85,-1.48,0.83,-1.48
22.887,-0.98,-1.33,0.83,-1.48,0.81,-1.48
22.902,-1.01,-1.34,0.82,-1.48,0.8,-1.48
22.916,-0.97,-1.44,0.8,-1.48,0.78,-1.48
22.931,-0.98,-1.4,0.78,-1.48,0.77,-1.48
22.945,-0.96,-1.32,0.77,-1.48,0.75,-1.48
22.96,-0.97,-1.33,0.75,-1.48,0.74,-1.48
22.974,-1.01,-1.38,0.74,-1.48,0.72,-1.48
22.989,-1.04,-1.38,0.72,-1.48,0.7,-1.47
23.003,-1.03,-1.33,0.71,-1.47,0.69,-1.47
23.018,-1.03,-1.29,0.69,-1.47,0.67,-1.47
23.033,-0.96,-1.34,0.68,-1.47,0.66,-1.47
23.047,-0.97,-1.36,0.66,-1.47,0.64,-1.47
23.063,-1.03,-1.39,0.65,-1.47,0.63,-1.47
23.078,-1.01,-1.41,0.63,-1.47,0.62,-1.47
23.092,-0.93,-1.43,0.62,-1.47,0.6,-1.47
23.107,-0.94,-1.45,0.61,-1.47,0.59,-1.47
23.121,-0.92,-1.38,0.59,-1.47,0.58,-1.47
23.135,-1.19,-1.34,0.58,-1.47,0.56,-1.46
23.15,-1.04,-1.34,0.56,-1.46,0.55,-1.46
23.164,-0.88,-1.42,0.55,-1.46,0.54,-1.46
23.178,-0.96,-1.46,0.54,-1.46,0.52,-1.46
23.193,-1.04,-1.38,0.53,-1.46,0.51,-1.46
23.207,-0.97,-1.34,0.51,-1.46,0.5,-1.46
23.221,-1.01,-1.42,0.5,-1.46,0.48,-1.46
23.236,-1.05,-1.39,0.48,-1.46,0.47,-1.46
23.25,-0.94,-1.36,0.47,-1.46,0.46,-1.46
23.264,-0.83,-1.33,0.46,-1.46,0.45,-1.46
23.279,-0.87,-1.38,0.45,-1.46,0.44,-1.46
23.293,-1.04,-1.4,0.44,-1.46,0.42,-1.46
23.307,-1.04,-1.4,0.42,-1.46,0.41,-1.45
23.321,-1.03,-1.38,0.41,-1.45,0.4,-1.45
23.335,-0.97,-1.39,0.4,-1.45,0.39,-1.45
23.35,-0.85,-1.38,0.39,-1.46,0.37,-1.45
23.364,-0.86,-1.36,0.38,-1.45,0.36,-1.45
23.379,-1.03,-1.39,0.36,-1.45,0.35,-1.45
23.394,-1.07,-1.41,0.35,-1.45,0.34,-1.45
23.409,-1.01,-1.36,0.34,-1.45,0.33,-1.45
23.423,-0.99,-1.4,0.33,-1.45,0.31,-1.45
23.438,-1.0,-1.34,0.32,-1.45,0.3,-1.45
23.453,-0.94,-1.36,0.31,-1.45,0.29,-1.45
23.468,-0.94,-1.4,0.3,-1.45,0.28,-1.45
23.483,-1.07,-1.38,0.29,-1.45,0.27,-1.45
23.497,-1.03,-1.37,0.28,-1.45,0.26,-1.45
23.512,-0.94,-1.4,0.26,-1.45,0.25,-1.45
23.527,-0.92,-1.41,0.25,-1.45,0.24,-1.45
23.541,-0.96,-1.38,0.24,-1.45,0.23,-1.44
23.556,-0.96,-1.38,0.23,-1.44,0.22,-1.44
23.571,-0.92,-1.34,0.22,-1.44,0.21,-1.44
23.585,-0.94,-1.35,0.21,-1.44,0.2,-1.44
23.6,-0.96,-1.39,0.21,-1.44,0.19,-1.44
23.616,-0.93,-1.4,0.2,-1.44,0.18,-1.44
23.63,-0.98,-1.34,0.19,-1.44,0.17,-1.44
23.644,-1.0,-1.29,0.18,-1.44,0.16,-1.44
23.658,-0.97,-1.32,0.17,-1.44,0.15,-1.44
23.673,-1.02,-1.36,0.16,-1.44,0.14,-1.44
23.687,-0.94,-1.38,0.15,-1.44,0.13,-1.44
23.701,-0.91,-1.39,0.14,-1.44,0.13,-1.44
23.715,-0.95,-1.33,0.13,-1.44,0.12,-1.44
23.729,-0.99,-1.34,0.12,-1.44,0.11,-1.44
23.744,-1.0,-1.36,0.11,-1.44,0.1,-1.43
23.758,-0.96,-1.42,0.1,-1.43,0.09,-1.43
23.772,-0.94,-1.4,0.09,-1.43,0.08,-1.43
23.786,-0.97,-1.36,0.09,-1.43,0.08,-1.43
23.801,-0.95,-1.36,0.08,-1.43,0.07,-1.43
23.815,-0.98,-1.38,0.07,-1.43,0.06,-1.43
23.829,-1.01,-1.33,0.06,-1.43,0.05,-1.43
23.844,-1.01,-1.4,0.05,-1.43,0.04,-1.43
23.858,-1.0,-1.45,0.04,-1.43,0.03,-1.43
23.872,-0.98,-1.41,0.03,-1.43,0.02,-1.43
23.887,-0.98,-1.31,0.03,-1.43,0.02,-1.43
23.902,-0.95,-1.34,0.02,-1.43,0.01,-1.43
23.916,-1.03,-1.4,0.01,-1.43,0.0,-1.43
23.931,-1.02,-1.38,0.0,-1.43,-0.01,-1.43
23.946,-1.0,-1.34,-0.0,-1.43,-0.01,-1.43
23.961,-0.99,-1.36,-0.01,-1.43,-0.02,-1.42
23.976,-0.96,-1.38,-0.02,-1.42,-0.03,-1.42
23.99,-0.98,-1.35,-0.03,-1.42,-0.04,-1.42
24.005,-1.02,-1.35,-0.03,-1.42,-0.04,-1.42
24.02,-1.07,-1.36,-0.04,-1.42,-0.05,-1.42
24.035,-0.96,-1.38,-0.05,-1.42,-0.06,-1.42
24.05,-0.93,-1.36,-0.06,-1.42,-0.07,-1.42
24.065,-0.9,-1.34,-0.06,-1.42,-0.07,-1.42
24.08,-0.85,-1.34,-0.07,-1.42,-0.08,-1.42
24.095,-0.94,-1.37,-0.07,-1.42,-0.08,-1.42
24.11,-0.96,-1.34,-0.08,-1.42,-0.09,-1.42
24.124,-0.98,-1.38,-0.09,-1.42,-0.1,-1.42
24.138,-0.97,-1.37,-0.09,-1.42,-0.1,-1.42
24.153,-1.0,-1.36,-0.1,-1.42,-0.11,-1.42
24.168,-1.02,-1.42,-0.11,-1.42,-0.12,-1.42
24.183,-1.01,-1.38,-0.11,-1.42,-0.12,-1.42
24.198,-1.02,-1.35,-0.12,-1.42,-0.13,-1.42
24.212,-1.02,-1.34,-0.13,-1.42,-0.14,-1.42
24.227,-0.98,-1.38,-0.13,-1.42,-0.14,-1.42
24.241,-0.95,-1.39,-0.14,-1.42,-0.15,-1.42
24.256,-0.96,-1.38,-0.15,-1.42,-0.15,-1.42
24.27,-0.94,-1.37,-0.15,-1.42,-0.16,-1.42
24.284,-0.95,-1.36,-0.16,-1.42,-0.16,-1.42
24.299,-0.96,-1.38,-0.16,-1.42,-0.17,-1.42
24.313,-0.96,-1.36,-0.17,-1.42,-0.18,-1.42
24.328,-0.91,-1.38,-0.17,-1.42,-0.18,-1.42
24.342,-0.96,-1.43,-0.18,-1.41,-0.19,-1.41
24.357,-1.02,-1.41,-0.19,-1.41,-0.19,-1.41
24.375,-0.99,-1.38,-0.19,-1.41,-0.2,-1.41
24.39,-1.03,-1.38,-0.2,-1.41,-0.21,-1.41
24.405,-1.01,-1.4,-0.2,-1.41,-0.21,-1.41
24.42,-1.04,-1.45,-0.21,-1.41,-0.22,-1.41
24.435,-1.01,-1.47,-0.22,-1.41,-0.22,-1.41
24.449,-0.91,-1.4,-0.22,-1.41,-0.23,-1.41
24.464,-0.94,-1.35,-0.23,-1.41,-0.23,-1.41
24.479,-1.0,-1.34,-0.23,-1.41,-0.24,-1.41
24.494,-1.01,-1.35,-0.24,-1.41,-0.25,-1.41
24.509,-0.98,-1.38,-0.24,-1.41,-0.25,-1.41
24.524,-0.94,-1.36,-0.25,-1.41,-0.26,-1.41
24.539,-1.03,-1.32,-0.25,-1.41,-0.26,-1.41
24.554,-1.04,-1.34,-0.26,-1.41,-0.27,-1.41
24.569,-1.0,-1.43,-0.26,-1.41,-0.27,-1.41
24.584,-1.0,-1.42,-0.27,-1.41,-0.28,-1.41
24.601,-1.03,-1.4,-0.27,-1.41,-0.28,-1.41
24.616,-1.0,-1.36,-0.28,-1.41,-0.29,-1.41
24.631,-0.99,-1.34,-0.28,-1.41,-0.29,-1.41
24.645,-0.95,-1.34,-0.29,-1.41,-0.3,-1.41
24.659,-0.96,-1.33,-0.29,-1.41,-0.3,-1.41
24.674,-0.99,-1.38,-0.3,-1.41,-0.3,-1.41
24.689,-0.99,-1.39,-0.3,-1.41,-0.31,-1.41
24.703,-0.96,-1.36,-0.31,-1.41,-0.31,-1.41
24.717,-1.03,-1.32,-0.31,-1.41,-0.32,-1.41
24.732,-1.05,-1.33,-0.32,-1.41,-0.32,-1.41
24.747,-1.0,-1.35,-0.32,-1.41,-0.33,-1.4
24.762,-0.94,-1.38,-0.33,-1.4,-0.33,-1.4
24.776,-1.0,-1.38,-0.33,-1.4,-0.34,-1.4
24.791,-1.02,-1.36,-0.34,-1.4,-0.34,-1.4
24.806,-1.0,-1.31,-0.34,-1.4,-0.35,-1.4
24.82,-1.01,-1.31,-0.34,-1.4,-0.35,-1.4
24.835,-0.98,-1.41,-0.35,-1.4,-0.35,-1.4
24.849,-0.94,-1.43,-0.35,-1.4,-0.36,-1.4
24.864,-1.0,-1.39,-0.36,-1.4,-0.36,-1.4
24.878,-1.03,-1.37,-0.36,-1.4,-0.37,-1.4
24.892,-1.05,-1.34,-0.37,-1.4,-0.37,-1.4
24.907,-1.03,-1.4,-0.37,-1.4,-0.38,-1.4
24.925,-0.97,-1.41,-0.37,-1.4,-0.38,-1.4
24.938,-0.97,-1.38,-0.38,-1.4,-0.38,-1.4
24.952,-0.95,-1.38,-0.38,-1.4,-0.39,-1.4
24.968,-0.96,-1.35,-0.39,-1.4,-0.39,-1.4
24.983,-0.96,-1.38,-0.39,-1.4,-0.39,-1.4
24.998,-1.0,-1.41,-0.39,-1.4,-0.4,-1.4
25.012,-1.04,-1.45,-0.4,-1.4,-0.4,-1.4
25.027,-0.99,-1.43,-0.4,-1.4,-0.41,-1.4
25.042,-0.95,-1.4,-0.4,-1.4,-0.41,-1.4
25.056,-0.92,-1.34,-0.41,-1.4,-0.41,-1.4
25.071,-0.95,-1.33,-0.41,-1.4,-0.41,-1.4
25.086,-0.98,-1.36,-0.41,-1.4,-0.42,-1.4
25.101,-1.04,-1.43,-0.42,-1.4,-0.42,-1.4
25.116,-1.03,-1.43,-0.42,-1.4,-0.43,-1.4
25.13,-1.01,-1.41,-0.42,-1.4,-0.43,-1.4
25.147,-0.99,-1.37,-0.43,-1.4,-0.43,-1.4
25.161,-0.96,-1.3,-0.43,-1.4,-0.44,-1.4
25.176,-0.94,-1.34,-0.44,-1.4,-0.44,-1.4
25.191,-0.98,-1.38,-0.44,-1.4,-0.44,-1.4
25.205,-0.98,-1.35,-0.44,-1.4,-0.45,-1.4
25.219,-1.03,-1.32,-0.45,-1.4,-0.45,-1.4
25.234,-0.98,-1.4,-0.45,-1.4,-0.46,-1.4
25.248,-0.97,-1.44,-0.45,-1.4,-0.46,-1.4
25.263,-1.0,-1.4,-0.46,-1.4,-0.46,-1.4
25.277,-1.01,-1.36,-0.46,-1.4,-0.47,-1.4
25.292,-1.01,-1.38,-0.47,-1.4,-0.47,-1.4
25.307,-1.02,-1.35,-0.47,-1.4,-0.47,-1.4
25.321,-0.99,-1.34,-0.47,-1.4,-0.48,-1.4
25.336,-0.95,-1.36,-0.47,-1.4,-0.48,-1.4
25.35,-1.01,-1.45,-0.48,-1.4,-0.48,-1.4
25.364,-1.0,-1.43,-0.48,-1.4,-0.49,-1.4
25.379,-1.0,-1.34,-0.48,-1.4,-0.49,-1.4
25.394,-0.99,-1.32,-0.49,-1.4,-0.49,-1.4
25.409,-0.96,-1.38,-0.49,-1.4,-0.49,-1.4
25.423,-1.0,-1.38,-0.49,-1.4,-0.5,-1.4
25.438,-1.03,-1.42,-0.5,-1.4,-0.5,-1.4
25.453,-1.03,-1.44,-0.5,-1.4,-0.5,-1.4
25.472,-0.88,-1.4,-0.5,-1.4,-0.5,-1.4
25.487,-0.95,-1.42,-0.5,-1.39,-0.51,-1.4
25.501,-0.97,-1.45,-0.5,-1.39,-0.51,-1.39
25.516,-1.0,-1.37,-0.51,-1.39,-0.51,-1.39
25.531,-0.99,-1.35,-0.51,-1.4,-0.51,-1.39
25.546,-0.98,-1.36,-0.51,-1.4,-0.52,-1.4
25.561,-0.96,-1.39,-0.51,-1.4,-0.52,-1.4
25.577,-0.94,-1.43,-0.52,-1.4,-0.52,-1.4
25.591,-0.98,-1.42,-0.52,-1.4,-0.52,-1.4
25.606,-0.96,-1.4,-0.52,-1.4,-0.53,-1.4
25.621,-0.93,-1.37,-0.53,-1.4,-0.53,-1.4
25.636,-0.99,-1.38,-0.53,-1.4,-0.53,-1.4
25.651,-1.01,-1.38,-0.53,-1.4,-0.54,-1.4
25.665,-0.98,-1.35,-0.53,-1.4,-0.54,-1.4
25.68,-0.95,-1.34,-0.54,-1.4,-0.54,-1.4
25.694,-1.01,-1.45,-0.54,-1.4,-0.54,-1.4
25.709,-1.03,-1.42,-0.54,-1.4,-0.54,-1.4
25.723,-0.99,-1.36,-0.54,-1.4,-0.55,-1.4
25.738,-1.01,-1.38,-0.54,-1.4,-0.55,-1.4
25.752,-1.0,-1.41,-0.55,-1.4,-0.55,-1.4
25.767,-0.98,-1.39,-0.55,-1.39,-0.55,-1.39
25.781,-1.07,-1.33,-0.55,-1.39,-0.56,-1.39
25.796,-1.05,-1.29,-0.56,-1.39,-0.56,-1.39
25.81,-1.04,-1.32,-0.56,-1.39,-0.57,-1.39
25.825,-1.02,-1.37,-0.56,-1.39,-0.57,-1.39
25.839,-0.96,-1.38,-0.56,-1.39,-0.57,-1.39
25.854,-1.05,-1.4,-0.57,-1.39,-0.57,-1.39
25.868,-1.03,-1.43,-0.57,-1.39,-0.57,-1.39
25.883,-0.96,-1.4,-0.57,-1.39,-0.57,-1.39
25.897,-0.98,-1.36,-0.57,-1.39,-0.58,-1.39
25.912,-1.01,-1.4,-0.57,-1.39,-0.58,-1.39
25.927,-0.99,-1.46,-0.58,-1.39,-0.58,-1.39
25.942,-0.94,-1.43,-0.58,-1.39,-0.58,-1.39
25.957,-0.94,-1.38,-0.58,-1.39,-0.58,-1.39
25.972,-1.01,-1.29,-0.58,-1.39,-0.59,-1.39
25.991,-1.04,-1.35,-0.58,-1.39,-0.59,-1.39
26.007,-1.01,-1.37,-0.58,-1.39,-0.59,-1.39
26.022,-0.94,-1.43,-0.59,-1.39,-0.59,-1.39
26.037,-0.96,-1.44,-0.59,-1.39,-0.59,-1.39
26.052,-1.05,-1.43,-0.59,-1.39,-0.59,-1.39
26.068,-1.05,-1.41,-0.59,-1.39,-0.6,-1.39
26.082,-1.01,-1.37,-0.59,-1.39,-0.6,-1.39
26.097,-1.07,-1.36,-0.6,-1.39,-0.6,-1.39
26.112,-1.03,-1.38,-0.6,-1.39,-0.6,-1.39
26.127,-0.99,-1.41,-0.6,-1.39,-0.61,-1.39
26.141,-0.92,-1.36,-0.6,-1.39,-0.61,-1.39
26.155,-0.96,-1.38,-0.6,-1.39,-0.61,-1.39
26.17,-1.01,-1.42,-0.61,-1.39,-0.61,-1.39
26.185,-1.01,-1.4,-0.61,-1.39,-0.61,-1.39
26.199,-1.01,-1.43,-0.61,-1.39,-0.61,-1.39
26.214,-0.99,-1.41,-0.61,-1.39,-0.62,-1.39
26.228,-0.96,-1.33,-0.61,-1.39,-0.62,-1.39
26.243,-0.96,-1.27,-0.61,-1.39,-0.62,-1.39
26.257,-0.98,-1.35,-0.62,-1.39,-0.62,-1.39
26.271,-1.02,-1.4,-0.62,-1.39,-0.62,-1.39
26.286,-1.04,-1.44,-0.62,-1.39,-0.62,-1.39
26.3,-1.0,-1.4,-0.62,-1.39,-0.62,-1.39
26.315,-0.99,-1.35,-0.62,-1.39,-0.63,-1.39
26.329,-1.05,-1.33,-0.63,-1.39,-0.63,-1.39
26.343,-1.03,-1.32,-0.63,-1.39,-0.63,-1.39
26.358,-1.02,-1.35,-0.63,-1.39,-0.64,-1.39
26.373,-0.96,-1.36,-0.63,-1.39,-0.64,-1.39
26.387,-0.92,-1.36,-0.64,-1.39,-0.64,-1.39
26.402,-0.99,-1.35,-0.64,-1.39,-0.64,-1.39
26.416,-1.05,-1.38,-0.64,-1.39,-0.64,-1.39
26.431,-0.98,-1.4,-0.64,-1.38,-0.64,-1.38
26.447,-0.97,-1.41,-0.64,-1.38,-0.65,-1.38
26.462,-1.01,-1.39,-0.65,-1.38,-0.65,-1.38
26.477,-1.03,-1.32,-0.65,-1.38,-0.65,-1.38
26.492,-0.93,-1.33,-0.65,-1.38,-0.65,-1.38
26.507,-1.07,-1.37,-0.65,-1.38,-0.66,-1.38
26.522,-1.03,-1.32,-0.66,-1.38,-0.66,-1.38
26.537,-0.96,-1.4,-0.66,-1.38,-0.66,-1.38
26.552,-0.95,-1.44,-0.66,-1.38,-0.66,-1.38
26.567,-0.96,-1.42,-0.66,-1.38,-0.66,-1.38
26.582,-0.94,-1.38,-0.66,-1.38,-0.66,-1.38
26.597,-0.92,-1.27,-0.66,-1.38,-0.66,-1.38
26.612,-1.02,-1.29,-0.66,-1.38,-0.67,-1.38
26.626,-1.08,-1.4,-0.66,-1.38,-0.67,-1.38
26.641,-0.97,-1.47,-0.67,-1.38,-0.67,-1.38
26.656,-1.03,-1.38,-0.67,-1.38,-0.67,-1.38
26.671,-0.99,-1.3,-0.67,-1.38,-0.67,-1.38
26.685,-0.95,-1.36,-0.67,-1.38,-0.67,-1.38
26.7,-0.98,-1.45,-0.67,-1.38,-0.67,-1.38
26.714,-1.06,-1.45,-0.67,-1.38,-0.67,-1.38
26.729,-1.03,-1.41,-0.67,-1.38,-0.67,-1.38
26.743,-0.96,-1.39,-0.67,-1.38,-0.68,-1.38
26.758,-0.91,-1.39,-0.68,-1.38,-0.68,-1.38
26.772,-0.87,-1.38,-0.68,-1.38,-0.68,-1.38
26.786,-0.94,-1.44,-0.67,-1.38,-0.68,-1.38
26.801,-0.98,-1.48,-0.67,-1.38,-0.68,-1.38
26.815,-0.96,-1.45,-0.68,-1.38,-0.68,-1.38
26.83,-1.03,-1.3,-0.68,-1.38,-0.68,-1.38
26.844,-1.07,-1.23,-0.68,-1.38,-0.68,-1.38
26.859,-1.05,-1.25,-0.68,-1.38,-0.69,-1.38
26.874,-1.03,-1.37,-0.68,-1.38,-0.69,-1.38
26.888,-1.06,-1.43,-0.68,-1.38,-0.69,-1.38
26.903,-1.08,-1.42,-0.68,-1.38,-0.69,-1.38
26.917,-1.0,-1.33,-0.69,-1.38,-0.69,-1.38
26.933,-0.87,-1.31,-0.69,-1.38,-0.69,-1.38
26.948,-0.9,-1.34,-0.69,-1.38,-0.69,-1.38
26.962,-0.99,-1.37,-0.69,-1.38,-0.69,-1.38
26.978,-0.97,-1.41,-0.69,-1.38,-0.69,-1.38
26.992,-1.0,-1.44,-0.69,-1.38,-0.69,-1.38
27.007,-1.01,-1.27,-0.69,-1.38,-0.7,-1.38
27.022,-0.97,-1.21,-0.69,-1.38,-0.7,-1.37
27.038,-1.03,-1.39,-0.69,-1.37,-0.7,-1.37
27.052,-1.05,-1.46,-0.7,-1.37,-0.7,-1.38
27.067,-1.0,-1.42,-0.7,-1.37,-0.7,-1.37
27.082,-0.96,-1.34,-0.7,-1.37,-0.7,-1.37
27.097,-0.94,-1.36,-0.7,-1.38,-0.7,-1.38
27.112,-0.94,-1.38,-0.7,-1.38,-0.7,-1.38
27.127,-0.96,-1.4,-0.7,-1.37,-0.71,-1.37
27.142,-0.95,-1.45,-0.7,-1.37,-0.71,-1.37
27.156,-0.94,-1.45,-0.7,-1.37,-0.71,-1.38
27.171,-0.96,-1.39,-0.71,-1.38,-0.71,-1.38
27.185,-0.96,-1.33,-0.71,-1.38,-0.71,-1.38
27.2,-0.98,-1.34,-0.71,-1.38,-0.71,-1.38
27.214,-0.99,-1.37,-0.71,-1.38,-0.71,-1.38
27.229,-1.06,-1.45,-0.71,-1.38,-0.71,-1.38
27.243,-1.05,-1.47,-0.71,-1.38,-0.71,-1.38
27.258,-0.95,-1.31,-0.71,-1.38,-0.71,-1.38
27.272,-0.9,-1.21,-0.71,-1.38,-0.71,-1.37
27.287,-0.96,-1.31,-0.71,-1.37,-0.72,-1.37
27.301,-0.96,-1.4,-0.71,-1.37,-0.72,-1.37
27.316,-0.98,-1.5,-0.71,-1.37,-0.72,-1.37
27.33,-0.99,-1.47,-0.72,-1.37,-0.72,-1.38
27.344,-0.97,-1.27,-0.72,-1.38,-0.72,-1.37
27.359,-0.96,-1.24,-0.72,-1.38,-0.72,-1.37
27.373,-0.95,-1.28,-0.72,-1.37,-0.72,-1.37
27.388,-1.01,-1.47,-0.72,-1.37,-0.72,-1.37
27.402,-1.05,-1.51,-0.72,-1.37,-0.72,-1.38
27.417,-1.05,-1.4,-0.72,-1.38,-0.72,-1.38
27.432,-1.0,-1.32,-0.72,-1.38,-0.72,-1.38
27.447,-1.0,-1.31,-0.72,-1.38,-0.72,-1.37
27.462,-1.05,-1.37,-0.72,-1.37,-0.73,-1.37
27.477,-1.0,-1.42,-0.72,-1.37,-0.73,-1.37
27.492,-1.01,-1.45,-0.72,-1.37,-0.73,-1.38
27.507,-0.92,-1.4,-0.72,-1.37,-0.73,-1.37
27.522,-0.94,-1.3,-0.72,-1.37,-0.73,-1.37
27.536,-0.98,-1.29,-0.72,-1.37,-0.73,-1.37
27.551,-1.05,-1.38,-0.73,-1.37,-0.73,-1.37
27.566,-1.07,-1.42,-0.73,-1.37,-0.73,-1.37
27.581,-1.0,-1.43,-0.73,-1.37,-0.73,-1.37
27.596,-0.98,-1.38,-0.73,-1.37,-0.73,-1.37
27.614,-0.97,-1.32,-0.73,-1.37,-0.73,-1.37
27.632,-1.01,-1.32,-0.73,-1.37,-0.73,-1.37
27.646,-1.03,-1.35,-0.73,-1.37,-0.73,-1.37
27.661,-1.0,-1.45,-0.73,-1.37,-0.73,-1.37
27.676,-0.94,-1.43,-0.73,-1.37,-0.73,-1.37
27.69,-0.92,-1.33,-0.73,-1.37,-0.73,-1.37
27.705,-0.96,-1.31,-0.73,-1.37,-0.73,-1.37
27.719,-0.98,-1.34,-0.73,-1.37,-0.73,-1.37
27.733,-1.0,-1.4,-0.73,-1.37,-0.73,-1.37
27.75,-1.09,-1.38,-0.73,-1.37,-0.73,-1.37
27.764,-1.07,-1.36,-0.73,-1.37,-0.73,-1.37
27.779,-1.01,-1.32,-0.73,-1.37,-0.73,-1.37
27.793,-1.05,-1.31,-0.73,-1.37,-0.74,-1.37
27.808,-1.05,-1.38,-0.73,-1.37,-0.74,-1.37
27.822,-0.96,-1.44,-0.73,-1.37,-0.74,-1.37
27.837,-1.0,-1.45,-0.74,-1.37,-0.74,-1.37
27.851,-1.03,-1.35,-0.74,-1.37,-0.74,-1.37
27.866,-1.0,-1.3,-0.74,-1.37,-0.74,-1.37
27.88,-1.03,-1.3,-0.74,-1.37,-0.74,-1.37
27.895,-1.09,-1.36,-0.74,-1.37,-0.74,-1.37
27.909,-1.05,-1.45,-0.74,-1.37,-0.74,-1.37
27.923,-0.98,-1.46,-0.74,-1.37,-0.74,-1.37
27.938,-0.98,-1.34,-0.74,-1.37,-0.74,-1.37
27.953,-0.99,-1.3,-0.74,-1.37,-0.74,-1.37
27.968,-0.97,-1.34,-0.74,-1.37,-0.74,-1.37
27.983,-1.04,-1.38,-0.74,-1.37,-0.74,-1.37
27.998,-1.03,-1.37,-0.74,-1.37,-0.74,-1.37
28.013,-0.97,-1.36,-0.74,-1.37,-0.74,-1.37
28.028,-0.92,-1.34,-0.74,-1.37,-0.74,-1.37
28.043,-0.9,-1.31,-0.74,-1.37,-0.74,-1.36
28.057,-0.92,-1.37,-0.74,-1.36,-0.74,-1.36
28.073,-0.96,-1.43,-0.74,-1.36,-0.74,-1.37
28.088,-1.07,-1.44,-0.74,-1.37,-0.75,-1.37
28.102,-1.06,-1.42,-0.74,-1.37,-0.75,-1.37
28.118,-0.96,-1.34,-0.75,-1.37,-0.75,-1.37
28.133,-0.96,-1.29,-0.74,-1.37,-0.75,-1.37
28.147,-1.05,-1.4,-0.74,-1.37,-0.75,-1.37
28.161,-1.05,-1.43,-0.74,-1.37,-0.75,-1.37
28.176,-1.03,-1.38,-0.74,-1.37,-0.75,-1.37
28.19,-1.01,-1.38,-0.75,-1.37,-0.75,-1.37
28.205,-1.01,-1.33,-0.75,-1.37,-0.75,-1.37
28.219,-0.98,-1.32,-0.75,-1.37,-0.75,-1.37
28.234,-1.0,-1.41,-0.75,-1.37,-0.75,-1.37
28.248,-1.03,-1.45,-0.75,-1.37,-0.75,-1.37
28.263,-1.05,-1.43,-0.75,-1.37,-0.75,-1.37
28.277,-1.07,-1.39,-0.75,-1.37,-0.75,-1.37
28.292,-1.03,-1.42,-0.75,-1.37,-0.75,-1.37
28.307,-0.89,-1.43,-0.75,-1.37,-0.75,-1.37
28.321,-0.92,-1.38,-0.75,-1.37,-0.75,-1.37
28.336,-1.05,-1.36,-0.75,-1.37,-0.75,-1.37
28.35,-1.03,-1.4,-0.75,-1.37,-0.75,-1.37
28.365,-0.99,-1.32,-0.75,-1.37,-0.75,-1.37
28.38,-0.94,-1.31,-0.75,-1.37,-0.75,-1.37
28.394,-0.9,-1.38,-0.75,-1.37,-0.75,-1.37
28.409,-0.97,-1.4,-0.75,-1.37,-0.75,-1.37
28.424,-1.07,-1.4,-0.75,-1.37,-0.75,-1.37
28.439,-1.04,-1.4,-0.75,-1.37,-0.75,-1.37
28.454,-0.98,-1.34,-0.75,-1.37,-0.75,-1.37
28.468,-1.01,-1.33,-0.75,-1.37,-0.75,-1.37
28.483,-0.98,-1.37,-0.75,-1.37,-0.75,-1.37
28.498,-1.0,-1.41,-0.75,-1.37,-0.75,-1.37
28.513,-1.02,-1.38,-0.75,-1.37,-0.75,-1.37
28.528,-1.08,-1.33,-0.75,-1.37,-0.76,-1.37
28.543,-1.0,-1.27,-0.75,-1.37,-0.76,-1.37
28.558,-0.94,-1.32,-0.75,-1.37,-0.76,-1.37
28.573,-1.0,-1.43,-0.75,-1.37,-0.76,-1.37
28.587,-1.02,-1.46,-0.75,-1.37,-0.76,-1.37
28.602,-0.99,-1.46,-0.75,-1.37,-0.76,-1.37
28.617,-0.92,-1.41,-0.76,-1.37,-0.76,-1.37
28.632,-0.92,-1.29,-0.76,-1.37,-0.76,-1.37
28.647,-0.98,-1.32,-0.75,-1.37,-0.76,-1.37
28.662,-1.07,-1.45,-0.75,-1.37,-0.76,-1.37
28.676,-1.05,-1.45,-0.75,-1.37,-0.76,-1.37
28.691,-0.97,-1.36,-0.75,-1.37,-0.76,-1.37
28.705,-0.94,-1.33,-0.75,-1.37,-0.76,-1.37
28.72,-1.0,-1.33,-0.75,-1.37,-0.76,-1.37
28.734,-1.05,-1.39,-0.75,-1.37,-0.76,-1.37
28.749,-1.01,-1.5,-0.76,-1.37,-0.76,-1.37
28.763,-1.02,-1.48,-0.76,-1.37,-0.76,-1.37
28.777,-0.98,-1.4,-0.76,-1.37,-0.76,-1.37
28.792,-0.94,-1.38,-0.76,-1.37,-0.76,-1.37
28.806,-0.96,-1.37,-0.76,-1.37,-0.76,-1.37
28.821,-0.98,-1.35,-0.76,-1.37,-0.76,-1.37
28.835,-1.01,-1.36,-0.76,-1.37,-0.76,-1.37
28.85,-1.07,-1.39,-0.76,-1.37,-0.76,-1.37
28.864,-1.06,-1.39,-0.76,-1.37,-0.76,-1.37
28.879,-0.94,-1.32,-0.76,-1.37,-0.76,-1.37
28.893,-0.94,-1.31,-0.76,-1.37,-0.76,-1.37
28.908,-1.03,-1.4,-0.76,-1.37,-0.76,-1.37
28.922,-1.03,-1.42,-0.76,-1.37,-0.76,-1.37
28.937,-1.03,-1.39,-0.76,-1.37,-0.77,-1.37
28.952,-1.01,-1.38,-0.76,-1.37,-0.77,-1.37
28.967,-1.01,-1.35,-0.76,-1.37,-0.77,-1.37
28.982,-1.0,-1.35,-0.77,-1.37,-0.77,-1.37
28.997,-0.92,-1.38,-0.77,-1.37,-0.77,-1.37
29.012,-0.99,-1.42,-0.77,-1.37,-0.77,-1.37
29.026,-1.06,-1.39,-0.77,-1.37,-0.77,-1.37
29.041,-1.03,-1.38,-0.77,-1.37,-0.77,-1.37
29.057,-0.96,-1.36,-0.77,-1.37,-0.77,-1.37
29.072,-0.97,-1.35,-0.77,-1.37,-0.77,-1.37
29.086,-1.01,-1.38,-0.76,-1.37,-0.77,-1.37
29.101,-0.95,-1.38,-0.77,-1.37,-0.77,-1.37
29.116,-1.05,-1.4,-0.77,-1.37,-0.77,-1.37
29.131,-1.02,-1.36,-0.77,-1.37,-0.77,-1.37
29.146,-0.95,-1.33,-0.77,-1.37,-0.77,-1.37
29.16,-0.95,-1.33,-0.77,-1.37,-0.77,-1.37
29.174,-0.98,-1.4,-0.77,-1.37,-0.77,-1.37
29.189,-0.99,-1.38,-0.77,-1.37,-0.77,-1.37
29.204,-0.99,-1.39,-0.77,-1.37,-0.77,-1.37
29.218,-1.01,-1.36,-0.77,-1.37,-0.77,-1.37
29.232,-0.98,-1.34,-0.77,-1.37,-0.77,-1.37
29.249,-0.94,-1.39,-0.77,-1.37,-0.77,-1.37
29.263,-0.98,-1.38,-0.77,-1.37,-0.77,-1.37
29.278,-1.03,-1.36,-0.77,-1.37,-0.77,-1.37
29.292,-1.04,-1.36,-0.77,-1.37,-0.77,-1.37
29.307,-1.0,-1.39,-0.77,-1.37,-0.77,-1.37
29.321,-0.99,-1.37,-0.77,-1.37,-0.77,-1.37
29.336,-0.99,-1.32,-0.77,-1.37,-0.77,-1.37
29.35,-1.01,-1.37,-0.77,-1.37,-0.77,-1.37
29.365,-1.03,-1.38,-0.77,-1.37,-0.77,-1.37
29.379,-1.0,-1.36,-0.77,-1.37,-0.77,-1.37
29.393,-0.99,-1.42,-0.77,-1.37,-0.77,-1.37
29.408,-1.01,-1.41,-0.77,-1.37,-0.77,-1.37
29.423,-1.01,-1.31,-0.77,-1.37,-0.77,-1.37
29.438,-1.03,-1.32,-0.77,-1.37,-0.77,-1.37
29.453,-1.05,-1.38,-0.77,-1.37,-0.77,-1.37
29.468,-1.0,-1.41,-0.77,-1.37,-0.77,-1.37
29.483,-1.03,-1.41,-0.77,-1.37,-0.77,-1.37
29.498,-1.05,-1.37,-0.77,-1.37,-0.77,-1.37
29.512,-1.07,-1.31,-0.77,-1.37,-0.77,-1.37
29.528,-1.02,-1.36,-0.77,-1.37,-0.77,-1.37
29.543,-0.97,-1.4,-0.77,-1.37,-0.77,-1.37
29.557,-0.96,-1.4,-0.77,-1.37,-0.77,-1.37
29.572,-0.98,-1.41,-0.77,-1.37,-0.77,-1.37
29.587,-1.02,-1.4,-0.77,-1.37,-0.77,-1.37
29.602,-1.02,-1.4,-0.77,-1.37,-0.77,-1.37
29.617,-1.0,-1.36,-0.77,-1.37,-0.77,-1.37
29.632,-1.03,-1.38,-0.77,-1.37,-0.77,-1.37
29.647,-0.99,-1.36,-0.77,-1.37,-0.77,-1.37
29.662,-0.89,-1.35,-0.77,-1.37,-0.77,-1.37
29.677,-0.92,-1.36,-0.77,-1.37,-0.77,-1.37
29.691,-1.05,-1.45,-0.77,-1.37,-0.77,-1.37
29.709,-1.03,-1.36,-0.77,-1.37,-0.77,-1.37
29.723,-0.97,-1.34,-0.77,-1.37,-0.77,-1.37
29.738,-0.91,-1.38,-0.77,-1.37,-0.77,-1.37
29.752,-0.96,-1.36,-0.77,-1.37,-0.77,-1.37
29.767,-1.0,-1.35,-0.77,-1.37,-0.77,-1.37
29.782,-1.01,-1.36,-0.77,-1.37,-0.77,-1.37
29.796,-1.01,-1.38,-0.77,-1.37,-0.77,-1.37
29.811,-1.04,-1.38,-0.77,-1.37,-0.77,-1.37
29.825,-1.03,-1.38,-0.77,-1.37,-0.77,-1.37
29.839,-1.01,-1.38,-0.77,-1.37,-0.77,-1.37
29.854,-0.94,-1.38,-0.77,-1.37,-0.77,-1.37
29.868,-0.97,-1.4,-0.77,-1.36,-0.77,-1.37
29.883,-1.01,-1.39,-0.77,-1.37,-0.77,-1.37
29.897,-1.0,-1.37,-0.77,-1.37,-0.77,-1.37
29.911,-0.95,-1.35,-0.77,-1.37,-0.77,-1.37
29.926,-1.02,-1.32,-0.77,-1.37,-0.77,-1.36
29.941,-1.07,-1.35,-0.77,-1.36,-0.77,-1.36
29.956,-1.07,-1.38,-0.77,-1.36,-0.77,-1.37
29.97,-1.01,-1.39,-0.77,-1.37,-0.77,-1.37
29.985,-0.99,-1.41,-0.77,-1.37,-0.77,-1.37
30.0,-0.99,-1.41,-0.77,-1.37,-0.78,-1.37
30.015,-0.98,-1.35,-0.77,-1.37,-0.78,-1.36
30.033,-0.98,-1.35,-0.77,-1.36,-0.78,-1.36
30.046,-0.97,-1.33,-0.77,-1.36,-0.78,-1.36
30.06,-0.96,-1.36,-0.77,-1.36,-0.78,-1.36
30.075,-0.99,-1.33,-0.77,-1.36,-0.78,-1.36
30.09,-0.97,-1.34,-0.77,-1.36,-0.77,-1.36
30.105,-0.96,-1.36,-0.77,-1.36,-0.77,-1.36
30.119,-0.95,-1.38,-0.77,-1.36,-0.77,-1.36
30.135,-0.98,-1.4,-0.77,-1.36,-0.77,-1.36
30.15,-0.99,-1.38,-0.77,-1.36,-0.77,-1.36
30.164,-0.93,-1.36,-0.77,-1.36,-0.77,-1.36
30.178,-0.94,-1.39,-0.77,-1.36,-0.77,-1.36
30.193,-0.96,-1.39,-0.77,-1.36,-0.77,-1.36
30.207,-1.0,-1.4,-0.77,-1.36,-0.77,-1.37
30.222,-1.01,-1.39,-0.77,-1.36,-0.77,-1.36
30.237,-0.99,-1.37,-0.77,-1.37,-0.77,-1.37
30.253,-0.95,-1.38,-0.77,-1.37,-0.77,-1.37
30.267,-0.97,-1.36,-0.77,-1.37,-0.77,-1.37
30.282,-0.94,-1.32,-0.77,-1.37,-0.77,-1.37
30.296,-0.97,-1.36,-0.77,-1.37,-0.77,-1.37
30.311,-1.01,-1.38,-0.77,-1.37,-0.77,-1.37
30.325,-1.04,-1.36,-0.77,-1.37,-0.77,-1.37
30.34,-0.96,-1.43,-0.77,-1.37,-0.77,-1.37
30.354,-0.97,-1.4,-0.77,-1.37,-0.77,-1.37
30.369,-1.01,-1.34,-0.77,-1.37,-0.77,-1.37
30.384,-1.03,-1.34,-0.77,-1.37,-0.77,-1.37
30.398,-1.02,-1.38,-0.77,-1.37,-0.77,-1.37
30.413,-1.07,-1.47,-0.77,-1.37,-0.77,-1.37
30.427,-1.07,-1.45,-0.77,-1.37,-0.77,-1.37
30.442,-0.99,-1.36,-0.77,-1.37,-0.77,-1.37
30.457,-0.99,-1.34,-0.77,-1.37,-0.77,-1.37
30.471,-0.89,-1.38,-0.77,-1.37,-0.77,-1.37
30.486,-0.96,-1.42,-0.77,-1.37,-0.77,-1.37
30.502,-1.03,-1.39,-0.77,-1.37,-0.77,-1.37
30.517,-1.02,-1.36,-0.77,-1.37,-0.77,-1.37
30.531,-1.02,-1.39,-0.77,-1.37,-0.77,-1.37
30.546,-1.02,-1.38,-0.77,-1.37,-0.77,-1.37
30.561,-1.03,-1.33,-0.77,-1.37,-0.77,-1.37
30.579,-1.03,-1.34,-0.77,-1.37,-0.77,-1.37
30.593,-1.03,-1.36,-0.77,-1.37,-0.77,-1.37
30.608,-1.03,-1.36,-0.77,-1.37,-0.77,-1.37
30.623,-1.01,-1.32,-0.77,-1.37,-0.77,-1.37
30.638,-0.95,-1.35,-0.77,-1.37,-0.77,-1.37
30.653,-0.97,-1.39,-0.77,-1.37,-0.77,-1.37
30.668,-1.0,-1.43,-0.77,-1.37,-0.77,-1.37
30.682,-0.98,-1.39,-0.77,-1.37,-0.77,-1.37
30.697,-0.94,-1.38,-0.77,-1.37,-0.77,-1.37
30.711,-0.99,-1.4,-0.77,-1.37,-0.77,-1.37
30.726,-1.05,-1.4,-0.77,-1.37,-0.77,-1.37
30.74,-1.04,-1.39,-0.77,-1.37,-0.77,-1.37
30.755,-0.98,-1.36,-0.77,-1.37,-0.77,-1.37
30.769,-0.99,-1.36,-0.77,-1.37,-0.77,-1.37
30.784,-1.04,-1.37,-0.77,-1.37,-0.77,-1.37
30.798,-1.01,-1.42,-0.77,-1.37,-0.77,-1.37
30.813,-0.96,-1.4,-0.77,-1.37,-0.77,-1.38
30.827,-0.94,-1.34,-0.77,-1.38,-0.77,-1.37
30.842,-0.94,-1.38,-0.77,-1.37,-0.77,-1.37
30.856,-0.95,-1.4,-0.77,-1.37,-0.77,-1.37
30.874,-0.98,-1.32,-0.77,-1.37,-0.77,-1.37
30.888,-0.98,-1.31,-0.77,-1.38,-0.77,-1.37
30.903,-1.0,-1.33,-0.76,-1.38,-0.77,-1.38
30.917,-1.05,-1.37,-0.76,-1.38,-0.77,-1.38
30.932,-1.02,-1.38,-0.76,-1.38,-0.77,-1.38
30.947,-1.01,-1.35,-0.76,-1.38,-0.77,-1.38
30.962,-1.02,-1.32,-0.76,-1.38,-0.77,-1.38
30.977,-0.96,-1.43,-0.76,-1.38,-0.77,-1.38
30.992,-0.98,-1.4,-0.76,-1.38,-0.77,-1.38
31.008,-0.92,-1.41,-0.76,-1.38,-0.76,-1.38
31.023,-0.99,-1.41,-0.76,-1.38,-0.76,-1.38
31.038,-0.99,-1.38,-0.76,-1.38,-0.76,-1.38
31.053,-1.02,-1.38,-0.76,-1.38,-0.76,-1.38
31.068,-1.0,-1.38,-0.76,-1.38,-0.76,-1.38
31.083,-1.04,-1.37,-0.76,-1.38,-0.76,-1.38
31.098,-1.0,-1.36,-0.76,-1.38,-0.77,-1.38
31.113,-0.98,-1.34,-0.76,-1.38,-0.77,-1.38
31.128,-0.99,-1.31,-0.76,-1.38,-0.77,-1.38
31.142,-1.01,-1.33,-0.76,-1.38,-0.77,-1.38
31.157,-0.97,-1.36,-0.76,-1.38,-0.77,-1.38
31.172,-0.96,-1.43,-0.76,-1.38,-0.77,-1.38
31.187,-0.98,-1.42,-0.76,-1.38,-0.77,-1.38
31.202,-0.98,-1.39,-0.76,-1.38,-0.77,-1.38
31.216,-0.98,-1.36,-0.77,-1.38,-0.77,-1.38
31.23,-1.07,-1.39,-0.77,-1.38,-0.77,-1.38
31.245,-1.1,-1.41,-0.77,-1.38,-0.77,-1.38
31.259,-1.1,-1.41,-0.77,-1.38,-0.77,-1.38
31.273,-1.03,-1.42,-0.77,-1.38,-0.77,-1.38
31.288,-1.03,-1.38,-0.77,-1.38,-0.77,-1.38
31.302,-0.96,-1.36,-0.77,-1.38,-0.77,-1.38
31.317,-0.96,-1.37,-0.77,-1.38,-0.77,-1.38
31.332,-0.96,-1.38,-0.77,-1.38,-0.77,-1.38
31.346,-0.96,-1.4,-0.77,-1.38,-0.77,-1.38
31.361,-0.96,-1.34,-0.77,-1.38,-0.77,-1.38
31.375,-0.97,-1.31,-0.77,-1.38,-0.77,-1.38
31.39,-1.0,-1.38,-0.77,-1.38,-0.77,-1.38
31.404,-1.01,-1.36,-0.77,-1.38,-0.77,-1.38
31.419,-0.97,-1.42,-0.77,-1.38,-0.77,-1.38
31.433,-0.97,-1.4,-0.77,-1.38,-0.77,-1.38
31.448,-0.94,-1.37,-0.77,-1.38,-0.77,-1.38
31.463,-0.92,-1.36,-0.77,-1.38,-0.77,-1.38
31.478,-0.98,-1.41,-0.77,-1.38,-0.77,-1.38
31.493,-1.03,-1.38,-0.77,-1.38,-0.77,-1.38
31.508,-0.98,-1.38,-0.77,-1.38,-0.77,-1.38
31.523,-0.99,-1.4,-0.77,-1.38,-0.77,-1.38
31.537,-0.96,-1.39,-0.76,-1.38,-0.77,-1.38
31.552,-0.98,-1.4,-0.76,-1.38,-0.77,-1.38
31.567,-1.0,-1.4,-0.77,-1.38,-0.77,-1.38
31.582,-1.01,-1.36,-0.77,-1.38,-0.77,-1.38
31.597,-0.98,-1.33,-0.77,-1.38,-0.77,-1.38
31.611,-0.98,-1.35,-0.76,-1.38,-0.77,-1.38
31.626,-0.97,-1.35,-0.76,-1.38,-0.76,-1.38
31.641,-1.03,-1.34,-0.76,-1.38,-0.77,-1.38
31.656,-0.98,-1.38,-0.76,-1.38,-0.76,-1.38
31.671,-0.97,-1.42,-0.76,-1.38,-0.77,-1.38
31.686,-0.98,-1.38,-0.76,-1.38,-0.77,-1.38
31.7,-0.99,-1.38,-0.76,-1.37,-0.77,-1.37
31.715,-1.03,-1.36,-0.76,-1.37,-0.77,-1.37
31.729,-1.01,-1.38,-0.76,-1.38,-0.77,-1.38
31.743,-0.94,-1.4,-0.76,-1.38,-0.76,-1.38
31.758,-0.99,-1.42,-0.76,-1.38,-0.76,-1.38
31.772,-1.04,-1.42,-0.76,-1.38,-0.76,-1.38
31.787,-0.98,-1.4,-0.76,-1.38,-0.77,-1.38
31.801,-0.95,-1.36,-0.76,-1.38,-0.77,-1.38
31.816,-0.96,-1.34,-0.76,-1.38,-0.77,-1.38
31.83,-1.0,-1.32,-0.76,-1.38,-0.76,-1.38
31.845,-0.96,-1.36,-0.76,-1.38,-0.76,-1.38
31.859,-0.95,-1.38,-0.76,-1.38,-0.76,-1.38
31.874,-0.98,-1.35,-0.76,-1.38,-0.76,-1.38
31.888,-1.01,-1.33,-0.76,-1.38,-0.76,-1.38
31.903,-1.01,-1.35,-0.76,-1.37,-0.76,-1.37
31.917,-0.98,-1.38,-0.76,-1.37,-0.76,-1.37
31.932,-0.96,-1.38,-0.76,-1.37,-0.76,-1.37
31.946,-1.02,-1.36,-0.76,-1.37,-0.76,-1.37
31.961,-1.02,-1.37,-0.76,-1.37,-0.77,-1.37
31.976,-1.01,-1.37,-0.76,-1.37,-0.77,-1.37
31.991,-1.02,-1.34,-0.77,-1.37,-0.77,-1.37
32.005,-1.04,-1.35,-0.77,-1.37,-0.77,-1.37
32.021,-1.0,-1.36,-0.77,-1.37,-0.77,-1.37
32.035,-1.01,-1.4,-0.77,-1.37,-0.77,-1.37
32.05,-0.98,-1.38,-0.77,-1.37,-0.77,-1.37
32.065,-0.98,-1.38,-0.77,-1.37,-0.77,-1.37
32.08,-0.99,-1.38,-0.77,-1.38,-0.77,-1.38
32.095,-1.02,-1.38,-0.77,-1.38,-0.77,-1.38
32.11,-1.02,-1.4,-0.77,-1.38,-0.77,-1.38
32.124,-1.0,-1.41,-0.77,-1.38,-0.77,-1.38
32.139,-1.02,-1.36,-0.76,-1.38,-0.77,-1.38
32.154,-1.02,-1.28,-0.76,-1.38,-0.77,-1.38
32.169,-1.0,-1.32,-0.76,-1.38,-0.77,-1.37
32.183,-0.96,-1.4,-0.77,-1.37,-0.77,-1.37
32.197,-0.97,-1.38,-0.77,-1.37,-0.77,-1.37
32.212,-0.93,-1.4,-0.76,-1.37,-0.77,-1.38
32.226,-0.96,-1.37,-0.76,-1.38,-0.77,-1.38
32.241,-0.98,-1.36,-0.77,-1.37,-0.77,-1.37
32.255,-0.97,-1.4,-0.77,-1.37,-0.77,-1.37
32.27,-0.97,-1.38,-0.77,-1.37,-0.77,-1.37
32.285,-0.99,-1.36,-0.76,-1.37,-0.77,-1.37
32.299,-0.94,-1.35,-0.77,-1.37,-0.77,-1.37
32.313,-0.9,-1.38,-0.77,-1.37,-0.77,-1.37
32.328,-0.94,-1.39,-0.76,-1.37,-0.77,-1.37
32.342,-0.98,-1.38,-0.76,-1.37,-0.77,-1.37
32.357,-1.03,-1.38,-0.76,-1.37,-0.77,-1.37
32.372,-0.98,-1.43,-0.76,-1.37,-0.77,-1.37
32.386,-0.96,-1.42,-0.76,-1.37,-0.77,-1.37
32.401,-0.96,-1.41,-0.77,-1.37,-0.77,-1.37
32.415,-0.96,-1.42,-0.77,-1.38,-0.77,-1.38
32.43,-0.96,-1.37,-0.76,-1.38,-0.77,-1.38
32.444,-1.0,-1.36,-0.76,-1.38,-0.77,-1.38
32.459,-1.03,-1.4,-0.76,-1.38,-0.77,-1.38
32.474,-1.02,-1.4,-0.76,-1.38,-0.77,-1.38
32.493,-1.01,-1.41,-0.76,-1.38,-0.76,-1.38
32.51,-1.0,-1.39,-0.76,-1.38,-0.77,-1.38
32.525,-0.95,-1.38,-0.76,-1.38,-0.77,-1.38
32.54,-0.99,-1.4,-0.76,-1.38,-0.77,-1.38
32.555,-1.02,-1.39,-0.76,-1.38,-0.77,-1.38
32.57,-0.98,-1.34,-0.76,-1.38,-0.77,-1.38
32.585,-1.02,-1.38,-0.76,-1.38,-0.77,-1.38
32.6,-1.03,-1.39,-0.76,-1.38,-0.77,-1.38
32.615,-1.03,-1.42,-0.77,-1.38,-0.77,-1.38
32.629,-1.01,-1.41,-0.77,-1.38,-0.77,-1.38
32.645,-0.98,-1.36,-0.77,-1.38,-0.77,-1.38
32.66,-0.96,-1.38,-0.77,-1.38,-0.77,-1.38
32.674,-1.0,-1.41,-0.77,-1.38,-0.77,-1.38
32.689,-1.04,-1.39,-0.77,-1.38,-0.77,-1.38
32.704,-0.99,-1.34,-0.77,-1.38,-0.77,-1.38
32.719,-0.99,-1.4,-0.77,-1.38,-0.77,-1.38
32.733,-0.94,-1.4,-0.77,-1.38,-0.77,-1.38
32.748,-0.95,-1.38,-0.77,-1.38,-0.77,-1.38
32.762,-0.98,-1.4,-0.77,-1.38,-0.77,-1.38
32.777,-0.97,-1.41,-0.77,-1.38,-0.77,-1.38
32.791,-1.01,-1.42,-0.77,-1.38,-0.77,-1.38
32.806,-1.08,-1.4,-0.77,-1.38,-0.77,-1.38
32.82,-1.07,-1.36,-0.77,-1.38,-0.77,-1.38
32.834,-1.01,-1.35,-0.77,-1.38,-0.77,-1.38
32.849,-1.01,-1.36,-0.77,-1.38,-0.77,-1.38
32.863,-0.99,-1.32,-0.77,-1.38,-0.77,-1.38
32.878,-1.02,-1.34,-0.77,-1.38,-0.77,-1.38
32.892,-0.91,-1.4,-0.77,-1.38,-0.77,-1.38
32.907,-0.89,-1.39,-0.77,-1.38,-0.77,-1.38
32.921,-1.01,-1.34,-0.77,-1.38,-0.77,-1.38
32.936,-1.03,-1.36,-0.77,-1.38,-0.77,-1.38
32.95,-0.98,-1.36,-0.77,-1.38,-0.77,-1.38
32.964,-0.98,-1.34,-0.77,-1.38,-0.77,-1.38
32.979,-1.0,-1.34,-0.77,-1.38,-0.77,-1.38
32.994,-1.05,-1.36,-0.77,-1.38,-0.77,-1.38
33.009,-0.98,-1.4,-0.77,-1.38,-0.77,-1.38
33.024,-1.02,-1.39,-0.77,-1.38,-0.77,-1.38
33.039,-1.05,-1.38,-0.77,-1.38,-0.77,-1.38
33.053,-0.98,-1.4,-0.77,-1.38,-0.77,-1.38
33.068,-0.99,-1.36,-0.77,-1.38,-0.77,-1.38
33.083,-1.0,-1.34,-0.77,-1.38,-0.77,-1.38
33.098,-1.0,-1.36,-0.77,-1.38,-0.77,-1.38
33.113,-0.99,-1.4,-0.77,-1.38,-0.77,-1.38
33.128,-1.03,-1.4,-0.77,-1.38,-0.77,-1.38
33.143,-0.96,-1.35,-0.77,-1.38,-0.77,-1.38
33.157,-0.96,-1.36,-0.77,-1.38,-0.77,-1.38
33.172,-0.97,-1.36,-0.77,-1.38,-0.77,-1.38
33.187,-0.98,-1.38,-0.77,-1.38,-0.77,-1.38
33.202,-0.98,-1.37,-0.77,-1.38,-0.77,-1.38
33.216,-0.97,-1.37,-0.77,-1.38,-0.78,-1.38
33.23,-1.03,-1.38,-0.77,-1.38,-0.78,-1.38
33.245,-1.04,-1.42,-0.77,-1.38,-0.78,-1.38
33.259,-0.99,-1.43,-0.77,-1.38,-0.78,-1.38
33.274,-0.97,-1.41,-0.78,-1.38,-0.78,-1.38
33.288,-0.91,-1.37,-0.78,-1.38,-0.78,-1.38
33.302,-0.94,-1.34,-0.77,-1.38,-0.78,-1.38
33.316,-0.93,-1.35,-0.77,-1.38,-0.78,-1.38
33.331,-0.98,-1.36,-0.77,-1.38,-0.78,-1.38
33.346,-1.01,-1.38,-0.77,-1.38,-0.78,-1.38
33.36,-0.97,-1.37,-0.77,-1.38,-0.78,-1.38
33.374,-0.97,-1.35,-0.78,-1.38,-0.78,-1.38
33.389,-0.94,-1.38,-0.78,-1.38,-0.78,-1.38
33.403,-1.01,-1.41,-0.78,-1.38,-0.78,-1.38
33.417,-0.99,-1.35,-0.78,-1.38,-0.78,-1.38
33.432,-0.98,-1.37,-0.78,-1.38,-0.78,-1.38
33.446,-0.98,-1.42,-0.78,-1.38,-0.78,-1.38
33.461,-0.99,-1.42,-0.78,-1.38,-0.78,-1.38
33.475,-1.0,-1.39,-0.78,-1.38,-0.78,-1.38
33.49,-1.04,-1.39,-0.78,-1.38,-0.78,-1.38
33.506,-1.0,-1.41,-0.78,-1.38,-0.78,-1.38
33.519,-0.94,-1.41,-0.78,-1.38,-0.78,-1.38
33.534,-1.05,-1.36,-0.78,-1.38,-0.78,-1.38
33.549,-1.07,-1.38,-0.78,-1.38,-0.78,-1.38
33.564,-1.01,-1.45,-0.78,-1.38,-0.78,-1.38
33.579,-0.99,-1.43,-0.78,-1.38,-0.78,-1.38
33.594,-1.0,-1.36,-0.78,-1.38,-0.78,-1.38
33.609,-0.98,-1.35,-0.78,-1.38,-0.78,-1.38
33.624,-0.97,-1.38,-0.78,-1.38,-0.78,-1.38
33.639,-0.94,-1.38,-0.78,-1.38,-0.78,-1.38
33.654,-1.0,-1.35,-0.78,-1.38,-0.78,-1.38
33.669,-1.05,-1.34,-0.78,-1.38,-0.78,-1.38
33.684,-0.95,-1.36,-0.78,-1.38,-0.78,-1.38
33.699,-0.97,-1.35,-0.78,-1.38,-0.78,-1.38
33.714,-1.08,-1.39,-0.78,-1.38,-0.78,-1.38
33.728,-1.05,-1.41,-0.78,-1.38,-0.78,-1.38
33.743,-1.01,-1.43,-0.78,-1.38,-0.78,-1.38
33.757,-1.05,-1.4,-0.78,-1.38,-0.78,-1.38
33.771,-1.02,-1.37,-0.78,-1.38,-0.78,-1.38
33.786,-0.96,-1.36,-0.78,-1.39,-0.78,-1.38
33.801,-0.93,-1.36,-0.78,-1.38,-0.78,-1.38
33.815,-0.94,-1.38,-0.78,-1.38,-0.78,-1.38
33.83,-0.91,-1.33,-0.78,-1.38,-0.78,-1.38
33.844,-1.03,-1.37,-0.78,-1.38,-0.78,-1.38
33.86,-1.0,-1.4,-0.78,-1.38,-0.78,-1.38
33.875,-0.99,-1.38,-0.78,-1.38,-0.78,-1.38
33.89,-1.03,-1.37,-0.78,-1.38,-0.78,-1.38
33.904,-1.02,-1.4,-0.78,-1.38,-0.78,-1.38
33.919,-0.98,-1.38,-0.78,-1.38,-0.78,-1.38
33.933,-0.98,-1.38,-0.77,-1.38,-0.78,-1.38
33.949,-0.98,-1.4,-0.77,-1.38,-0.78,-1.38
33.963,-0.99,-1.36,-0.77,-1.38,-0.78,-1.38
33.977,-1.01,-1.41,-0.77,-1.38,-0.78,-1.38
33.992,-0.99,-1.4,-0.77,-1.38,-0.78,-1.38
34.007,-0.97,-1.33,-0.77,-1.38,-0.78,-1.38
34.022,-0.94,-1.34,-0.77,-1.38,-0.78,-1.38
34.037,-0.96,-1.35,-0.77,-1.38,-0.78,-1.38
34.052,-0.97,-1.36,-0.77,-1.38,-0.78,-1.38
34.067,-0.98,-1.33,-0.77,-1.38,-0.78,-1.38
34.082,-0.96,-1.35,-0.78,-1.38,-0.78,-1.38
34.097,-0.96,-1.34,-0.78,-1.38,-0.78,-1.38
34.117,-0.94,-1.33,-0.78,-1.38,-0.78,-1.38
34.133,-1.0,-1.34,-0.78,-1.38,-0.78,-1.38
34.149,-1.01,-1.41,-0.78,-1.38,-0.78,-1.38
34.163,-1.01,-1.42,-0.78,-1.37,-0.78,-1.38
34.178,-0.95,-1.35,-0.78,-1.37,-0.78,-1.37
34.194,-0.96,-1.36,-0.78,-1.37,-0.78,-1.37
34.208,-0.94,-1.36,-0.78,-1.37,-0.78,-1.37
34.222,-0.96,-1.34,-0.78,-1.37,-0.78,-1.37
34.237,-1.05,-1.29,-0.78,-1.37,-0.78,-1.37
34.251,-1.06,-1.31,-0.78,-1.37,-0.78,-1.37
34.266,-0.93,-1.45,-0.78,-1.37,-0.78,-1.37
34.28,-0.99,-1.52,-0.78,-1.37,-0.78,-1.37
34.295,-1.01,-1.5,-0.78,-1.37,-0.78,-1.37
34.309,-0.94,-1.55,-0.78,-1.37,-0.78,-1.37
34.323,-0.86,-1.47,-0.78,-1.37,-0.78,-1.37
34.338,-1.13,-1.2,-0.77,-1.38,-0.78,-1.37
34.353,-1.11,-1.19,-0.77,-1.38,-0.78,-1.37
34.367,-1.07,-1.47,-0.77,-1.37,-0.78,-1.37
34.381,-0.87,-1.47,-0.78,-1.37,-0.78,-1.37
34.396,-0.96,-1.29,-0.77,-1.38,-0.78,-1.37
34.41,-1.09,-1.33,-0.77,-1.38,-0.78,-1.38
34.425,-1.09,-1.4,-0.77,-1.38,-0.78,-1.38
34.44,-0.87,-1.42,-0.78,-1.38,-0.78,-1.38
34.454,-0.99,-1.42,-0.78,-1.38,-0.78,-1.38
34.469,-1.14,-1.35,-0.77,-1.38,-0.78,-1.38
34.484,-1.02,-1.3,-0.77,-1.38,-0.78,-1.38
34.499,-0.94,-1.38,-0.78,-1.38,-0.78,-1.38
34.514,-0.9,-1.37,-0.78,-1.38,-0.78,-1.38
34.529,-1.0,-1.34,-0.77,-1.38,-0.78,-1.38
34.544,-1.07,-1.4,-0.77,-1.38,-0.78,-1.38
34.559,-1.1,-1.4,-0.77,-1.38,-0.78,-1.38
34.574,-0.88,-1.26,-0.78,-1.38,-0.78,-1.38
34.589,-0.94,-1.27,-0.77,-1.38,-0.78,-1.38
34.605,-1.05,-1.31,-0.77,-1.38,-0.77,-1.38
34.62,-0.99,-1.35,-0.77,-1.38,-0.77,-1.38
34.636,-0.96,-1.39,-0.77,-1.38,-0.77,-1.38
34.651,-1.09,-1.36,-0.77,-1.38,-0.77,-1.38
34.666,-0.97,-1.33,-0.77,-1.38,-0.77,-1.38
34.681,-0.92,-1.33,-0.77,-1.38,-0.77,-1.37
34.695,-1.01,-1.41,-0.77,-1.37,-0.77,-1.38
34.71,-1.06,-1.4,-0.77,-1.38,-0.77,-1.38
34.725,-0.97,-1.38,-0.77,-1.38,-0.77,-1.38
34.74,-0.97,-1.38,-0.77,-1.37,-0.77,-1.37
34.754,-1.02,-1.39,-0.77,-1.37,-0.77,-1.37
34.769,-1.02,-1.35,-0.77,-1.37,-0.77,-1.37
34.783,-1.02,-1.32,-0.77,-1.37,-0.77,-1.37
34.798,-1.05,-1.41,-0.77,-1.37,-0.77,-1.37
34.814,-0.92,-1.34,-0.77,-1.37,-0.77,-1.37
34.828,-0.97,-1.27,-0.77,-1.37,-0.77,-1.37
34.842,-1.05,-1.36,-0.77,-1.37,-0.77,-1.37
34.857,-1.0,-1.38,-0.77,-1.37,-0.77,-1.37
34.872,-0.97,-1.38,-0.77,-1.37,-0.77,-1.37
34.886,-0.92,-1.33,-0.77,-1.37,-0.77,-1.37
34.901,-1.03,-1.3,-0.77,-1.37,-0.77,-1.37
34.915,-1.03,-1.3,-0.77,-1.37,-0.77,-1.37
34.929,-0.98,-1.39,-0.77,-1.37,-0.77,-1.37
34.944,-0.98,-1.42,-0.77,-1.37,-0.77,-1.37
34.958,-1.05,-1.4,-0.77,-1.37,-0.78,-1.37
34.973,-0.99,-1.43,-0.77,-1.37,-0.77,-1.37
34.987,-0.97,-1.46,-0.77,-1.37,-0.78,-1.37
35.001,-1.04,-1.36,-0.77,-1.37,-0.78,-1.37
35.017,-1.07,-1.3,-0.77,-1.37,-0.78,-1.37
35.033,-1.0,-1.42,-0.77,-1.37,-0.78,-1.37
35.048,-0.94,-1.36,-0.77,-1.37,-0.78,-1.37
35.062,-0.92,-1.33,-0.78,-1.37,-0.78,-1.37
35.077,-0.92,-1.32,-0.78,-1.37,-0.78,-1.37
35.092,-0.93,-1.34,-0.77,-1.37,-0.78,-1.37
35.107,-0.9,-1.34,-0.77,-1.37,-0.77,-1.37
35.122,-0.9,-1.37,-0.77,-1.37,-0.77,-1.37
35.137,-0.96,-1.4,-0.77,-1.37,-0.77,-1.37
35.152,-0.97,-1.37,-0.77,-1.37,-0.77,-1.37
35.167,-0.98,-1.34,-0.77,-1.37,-0.77,-1.37
35.183,-1.0,-1.32,-0.77,-1.37,-0.77,-1.37
35.198,-1.01,-1.36,-0.77,-1.37,-0.77,-1.37
35.212,-0.98,-1.38,-0.77,-1.37,-0.77,-1.37
35.227,-0.99,-1.37,-0.77,-1.37,-0.77,-1.37
35.241,-1.03,-1.37,-0.77,-1.37,-0.77,-1.37
35.255,-0.97,-1.38,-0.77,-1.37,-0.77,-1.37
35.27,-0.98,-1.37,-0.77,-1.37,-0.77,-1.37
35.284,-1.0,-1.34,-0.77,-1.37,-0.77,-1.37
35.298,-0.99,-1.38,-0.77,-1.37,-0.77,-1.37
35.313,-0.99,-1.43,-0.77,-1.37,-0.77,-1.37
35.327,-1.05,-1.41,-0.77,-1.38,-0.77,-1.38
35.341,-1.01,-1.4,-0.77,-1.37,-0.77,-1.37
35.356,-0.98,-1.38,-0.77,-1.37,-0.77,-1.37
35.37,-0.95,-1.33,-0.77,-1.37,-0.77,-1.37
35.384,-1.01,-1.27,-0.77,-1.37,-0.77,-1.37
35.399,-1.05,-1.32,-0.77,-1.37,-0.78,-1.37
35.414,-1.0,-1.37,-0.77,-1.37,-0.78,-1.37
35.428,-0.94,-1.37,-0.77,-1.37,-0.78,-1.37
35.442,-0.9,-1.36,-0.77,-1.37,-0.77,-1.37
35.457,-1.01,-1.36,-0.77,-1.38,-0.77,-1.38
35.472,-1.01,-1.38,-0.77,-1.38,-0.77,-1.38
35.487,-1.0,-1.38,-0.77,-1.38,-0.77,-1.38
35.501,-0.95,-1.36,-0.77,-1.37,-0.77,-1.37
35.516,-0.91,-1.37,-0.77,-1.37,-0.77,-1.37
35.531,-0.96,-1.36,-0.77,-1.37,-0.77,-1.37
35.546,-0.98,-1.37,-0.77,-1.37,-0.77,-1.37
35.561,-0.93,-1.38,-0.77,-1.37,-0.77,-1.37
35.576,-0.96,-1.38,-0.77,-1.37,-0.77,-1.37
35.591,-0.96,-1.38,-0.77,-1.38,-0.77,-1.38
35.606,-1.04,-1.39,-0.77,-1.37,-0.77,-1.38
35.62,-1.04,-1.38,-0.77,-1.37,-0.77,-1.37
35.635,-0.97,-1.36,-0.77,-1.37,-0.77,-1.37
35.65,-0.95,-1.38,-0.77,-1.37,-0.77,-1.37
35.665,-1.03,-1.42,-0.77,-1.37,-0.77,-1.37
35.687,-0.96,-1.27,-0.77,-1.37,-0.77,-1.37
35.702,-0.98,-1.36,-0.77,-1.37,-0.77,-1.37
35.717,-0.97,-1.39,-0.77,-1.37,-0.77,-1.37
35.732,-1.0,-1.33,-0.77,-1.37,-0.77,-1.37
35.748,-1.0,-1.34,-0.77,-1.37,-0.77,-1.37
35.763,-0.98,-1.37,-0.77,-1.37,-0.77,-1.37
35.778,-0.96,-1.36,-0.77,-1.37,-0.77,-1.37
35.794,-0.92,-1.38,-0.77,-1.37,-0.77,-1.37
35.809,-1.0,-1.37,-0.77,-1.37,-0.77,-1.37
35.823,-1.02,-1.36,-0.77,-1.37,-0.77,-1.37
35.838,-0.98,-1.36,-0.77,-1.37,-0.77,-1.37
35.852,-0.92,-1.33,-0.77,-1.37,-0.77,-1.37
35.867,-0.94,-1.32,-0.77,-1.37,-0.77,-1.37
35.881,-1.0,-1.35,-0.77,-1.37,-0.77,-1.37
35.896,-1.01,-1.37,-0.77,-1.37,-0.77,-1.37
35.91,-1.03,-1.4,-0.77,-1.37,-0.77,-1.37
35.925,-1.03,-1.41,-0.77,-1.37,-0.77,-1.37
35.939,-0.98,-1.41,-0.77,-1.37,-0.77,-1.37
35.954,-0.98,-1.38,-0.77,-1.37,-0.77,-1.37
35.968,-1.01,-1.33,-0.77,-1.37,-0.77,-1.37
35.983,-1.0,-1.34,-0.77,-1.37,-0.77,-1.37
35.997,-0.93,-1.36,-0.77,-1.37,-0.77,-1.37
36.011,-0.96,-1.34,-0.77,-1.37,-0.77,-1.37
36.026,-1.03,-1.39,-0.77,-1.37,-0.77,-1.37
36.041,-0.98,-1.38,-0.77,-1.37,-0.77,-1.37
36.055,-0.98,-1.38,-0.77,-1.37,-0.77,-1.37
36.07,-1.03,-1.38,-0.77,-1.37,-0.77,-1.37
36.085,-1.0,-1.39,-0.77,-1.37,-0.77,-1.37
36.099,-0.96,-1.38,-0.77,-1.37,-0.77,-1.37
36.114,-0.98,-1.31,-0.77,-1.37,-0.78,-1.37
36.129,-1.03,-1.39,-0.77,-1.37,-0.78,-1.37
36.144,-1.09,-1.45,-0.77,-1.37,-0.78,-1.37
36.159,-1.03,-1.45,-0.77,-1.37,-0.78,-1.37
36.174,-1.0,-1.47,-0.77,-1.37,-0.78,-1.37
36.189,-1.0,-1.4,-0.77,-1.37,-0.78,-1.37
36.204,-0.95,-1.36,-0.77,-1.37,-0.78,-1.37
36.218,-0.96,-1.42,-0.77,-1.37,-0.78,-1.37
36.232,-0.98,-1.38,-0.77,-1.37,-0.78,-1.37
36.247,-0.96,-1.36,-0.77,-1.37,-0.78,-1.37
36.261,-0.96,-1.38,-0.77,-1.37,-0.77,-1.37
36.276,-0.98,-1.36,-0.77,-1.37,-0.77,-1.37
36.291,-0.94,-1.38,-0.77,-1.37,-0.78,-1.37
36.305,-0.95,-1.4,-0.77,-1.37,-0.78,-1.37
36.32,-0.95,-1.4,-0.77,-1.38,-0.78,-1.38
36.334,-1.0,-1.36,-0.77,-1.38,-0.77,-1.38
36.349,-1.0,-1.33,-0.77,-1.38,-0.78,-1.38
36.363,-0.98,-1.4,-0.77,-1.38,-0.78,-1.38
36.377,-0.96,-1.4,-0.77,-1.38,-0.78,-1.38
36.392,-0.94,-1.36,-0.77,-1.38,-0.78,-1.38
36.407,-0.97,-1.37,-0.77,-1.38,-0.77,-1.38
36.421,-1.0,-1.37,-0.77,-1.38,-0.77,-1.38
36.435,-1.01,-1.36,-0.77,-1.38,-0.77,-1.38
36.45,-1.03,-1.36,-0.77,-1.38,-0.78,-1.38
36.465,-1.01,-1.3,-0.77,-1.38,-0.78,-1.37
36.479,-0.99,-1.31,-0.77,-1.37,-0.78,-1.37
36.494,-1.0,-1.34,-0.77,-1.37,-0.78,-1.37
36.509,-1.05,-1.37,-0.77,-1.37,-0.78,-1.37
36.524,-0.97,-1.36,-0.78,-1.37,-0.78,-1.37
36.538,-0.95,-1.34,-0.78,-1.37,-0.78,-1.37
36.555,-1.0,-1.32,-0.78,-1.37,-0.78,-1.37
36.57,-0.98,-1.34,-0.78,-1.37,-0.78,-1.37
36.585,-0.96,-1.36,-0.78,-1.37,-0.78,-1.37
36.6,-0.97,-1.39,-0.78,-1.37,-0.78,-1.37
36.615,-1.0,-1.41,-0.78,-1.37,-0.78,-1.37
36.63,-1.04,-1.41,-0.77,-1.37,-0.78,-1.37
36.645,-1.04,-1.4,-0.77,-1.37,-0.78,-1.37
36.66,-1.07,-1.39,-0.77,-1.37,-0.78,-1.37
36.675,-1.05,-1.4,-0.77,-1.37,-0.78,-1.37
36.69,-0.96,-1.36,-0.77,-1.37,-0.78,-1.37
36.705,-0.96,-1.36,-0.77,-1.37,-0.78,-1.37
36.72,-0.94,-1.33,-0.77,-1.37,-0.78,-1.37
36.735,-0.98,-1.4,-0.77,-1.37,-0.78,-1.37
36.749,-1.01,-1.38,-0.78,-1.37,-0.78,-1.37
36.764,-0.99,-1.35,-0.78,-1.37,-0.78,-1.37
36.778,-0.99,-1.41,-0.78,-1.37,-0.78,-1.37
36.792,-0.99,-1.39,-0.78,-1.37,-0.78,-1.37
36.807,-0.96,-1.36,-0.78,-1.37,-0.78,-1.37
36.821,-0.95,-1.33,-0.78,-1.37,-0.78,-1.37
36.836,-0.9,-1.36,-0.78,-1.37,-0.78,-1.37
36.85,-0.92,-1.39,-0.77,-1.37,-0.78,-1.37
36.865,-0.94,-1.37,-0.77,-1.37,-0.77,-1.37
36.879,-0.98,-1.36,-0.77,-1.37,-0.77,-1.37
36.894,-1.04,-1.36,-0.77,-1.37,-0.77,-1.37
36.908,-0.98,-1.43,-0.77,-1.37,-0.77,-1.37
36.923,-0.96,-1.4,-0.77,-1.37,-0.77,-1.37
36.937,-0.9,-1.32,-0.77,-1.37,-0.77,-1.37
36.952,-0.9,-1.32,-0.77,-1.37,-0.77,-1.37
36.966,-0.99,-1.36,-0.77,-1.37,-0.77,-1.37
36.981,-1.0,-1.38,-0.77,-1.36,-0.77,-1.37
36.995,-1.0,-1.4,-0.77,-1.37,-0.77,-1.37
37.01,-0.97,-1.41,-0.77,-1.37,-0.77,-1.37
37.025,-0.94,-1.33,-0.77,-1.37,-0.77,-1.37
37.04,-0.98,-1.31,-0.77,-1.37,-0.77,-1.37
37.055,-1.07,-1.38,-0.77,-1.37,-0.77,-1.37
37.07,-1.07,-1.4,-0.77,-1.37,-0.77,-1.37
37.085,-1.03,-1.43,-0.77,-1.37,-0.77,-1.37
37.1,-0.99,-1.39,-0.77,-1.37,-0.77,-1.37
37.115,-0.99,-1.36,-0.77,-1.37,-0.77,-1.37
37.13,-1.05,-1.36,-0.77,-1.37,-0.78,-1.37
37.145,-1.03,-1.38,-0.77,-1.37,-0.78,-1.37
37.16,-1.03,-1.39,-0.77,-1.37,-0.78,-1.37
37.175,-0.94,-1.38,-0.77,-1.37,-0.77,-1.37
37.19,-0.93,-1.34,-0.77,-1.37,-0.77,-1.37
37.205,-0.98,-1.31,-0.77,-1.37,-0.77,-1.37
37.22,-0.96,-1.34,-0.77,-1.37,-0.77,-1.37
37.234,-0.99,-1.37,-0.77,-1.37,-0.77,-1.37
37.249,-1.05,-1.43,-0.77,-1.37,-0.77,-1.37
37.263,-1.03,-1.38,-0.77,-1.37,-0.77,-1.37
37.277,-0.94,-1.34,-0.77,-1.37,-0.77,-1.37
37.292,-0.95,-1.32,-0.77,-1.37,-0.77,-1.37
37.306,-1.04,-1.34,-0.77,-1.37,-0.77,-1.37
37.321,-1.09,-1.38,-0.77,-1.37,-0.77,-1.37
37.335,-1.05,-1.44,-0.77,-1.37,-0.77,-1.37
37.35,-1.0,-1.43,-0.77,-1.37,-0.77,-1.37
37.365,-0.96,-1.33,-0.77,-1.37,-0.77,-1.37
37.382,-1.02,-1.32,-0.77,-1.37,-0.77,-1.37
37.396,-1.05,-1.39,-0.77,-1.37,-0.77,-1.37
37.411,-0.96,-1.38,-0.77,-1.37,-0.77,-1.37
37.425,-1.03,-1.36,-0.77,-1.37,-0.77,-1.37
37.44,-1.05,-1.38,-0.77,-1.37,-0.77,-1.37
37.455,-0.92,-1.37,-0.77,-1.37,-0.77,-1.37
37.469,-0.94,-1.34,-0.77,-1.37,-0.77,-1.37
37.483,-0.98,-1.39,-0.77,-1.37,-0.77,-1.37
37.498,-0.98,-1.4,-0.77,-1.37,-0.77,-1.37
37.513,-0.97,-1.46,-0.77,-1.37,-0.77,-1.37
37.528,-0.95,-1.44,-0.77,-1.37,-0.77,-1.37
37.543,-0.97,-1.34,-0.77,-1.37,-0.77,-1.37
37.558,-0.98,-1.37,-0.77,-1.37,-0.77,-1.37
37.573,-0.99,-1.4,-0.77,-1.37,-0.77,-1.37
37.588,-1.0,-1.34,-0.77,-1.37,-0.77,-1.37
37.604,-1.01,-1.37,-0.77,-1.37,-0.78,-1.37
37.619,-0.99,-1.45,-0.77,-1.37,-0.78,-1.37
37.638,-0.96,-1.41,-0.77,-1.37,-0.78,-1.37
37.654,-1.0,-1.37,-0.77,-1.37,-0.78,-1.37
37.668,-1.0,-1.39,-0.77,-1.37,-0.77,-1.37
37.683,-0.94,-1.42,-0.77,-1.37,-0.77,-1.37
37.698,-0.9,-1.36,-0.77,-1.37,-0.77,-1.37
37.714,-0.96,-1.34,-0.77,-1.37,-0.77,-1.37
37.729,-1.02,-1.36,-0.77,-1.37,-0.77,-1.37
37.744,-0.99,-1.39,-0.77,-1.37,-0.77,-1.37
37.758,-0.94,-1.38,-0.77,-1.37,-0.77,-1.37
37.773,-0.92,-1.37,-0.77,-1.37,-0.77,-1.37
37.787,-1.03,-1.33,-0.77,-1.37,-0.77,-1.37
37.802,-1.01,-1.33,-0.77,-1.37,-0.77,-1.37
37.816,-1.03,-1.38,-0.77,-1.37,-0.77,-1.37
37.831,-1.0,-1.4,-0.77,-1.37,-0.77,-1.37
37.845,-1.02,-1.46,-0.77,-1.37,-0.77,-1.37
37.86,-1.03,-1.34,-0.77,-1.37,-0.78,-1.37
37.874,-1.01,-1.3,-0.77,-1.37,-0.77,-1.37
37.889,-0.94,-1.34,-0.77,-1.37,-0.77,-1.36
37.904,-0.97,-1.34,-0.77,-1.36,-0.77,-1.36
37.918,-1.03,-1.4,-0.77,-1.36,-0.77,-1.36
37.933,-1.05,-1.41,-0.77,-1.36,-0.78,-1.36
37.947,-1.03,-1.38,-0.77,-1.37,-0.78,-1.37
37.962,-1.01,-1.36,-0.77,-1.37,-0.78,-1.37
37.976,-0.92,-1.37,-0.77,-1.37,-0.78,-1.37
37.991,-0.96,-1.4,-0.77,-1.37,-0.78,-1.37
38.005,-0.96,-1.4,-0.77,-1.37,-0.78,-1.37
38.02,-0.98,-1.36,-0.77,-1.37,-0.78,-1.37
38.035,-0.99,-1.4,-0.77,-1.37,-0.78,-1.37
38.051,-0.93,-1.37,-0.77,-1.37,-0.78,-1.37
38.066,-0.94,-1.32,-0.77,-1.37,-0.77,-1.37
38.081,-0.99,-1.37,-0.77,-1.37,-0.77,-1.37
38.096,-0.95,-1.41,-0.77,-1.37,-0.77,-1.37
38.111,-0.92,-1.37,-0.77,-1.37,-0.77,-1.37
38.125,-1.02,-1.32,-0.77,-1.37,-0.77,-1.37
38.14,-1.01,-1.35,-0.77,-1.36,-0.77,-1.36
38.155,-0.96,-1.31,-0.77,-1.36,-0.77,-1.36
38.171,-1.0,-1.33,-0.77,-1.36,-0.77,-1.36
38.185,-0.96,-1.4,-0.77,-1.36,-0.77,-1.36
38.2,-0.96,-1.36,-0.77,-1.36,-0.77,-1.36
38.215,-1.02,-1.33,-0.77,-1.36,-0.77,-1.36
38.23,-0.98,-1.38,-0.77,-1.36,-0.77,-1.36
38.245,-0.9,-1.44,-0.77,-1.36,-0.77,-1.36
38.259,-0.92,-1.41,-0.77,-1.36,-0.77,-1.36
38.273,-1.05,-1.38,-0.77,-1.36,-0.77,-1.36
38.288,-1.07,-1.38,-0.77,-1.36,-0.77,-1.36
38.302,-0.9,-1.42,-0.77,-1.36,-0.77,-1.37
38.317,-0.98,-1.38,-0.77,-1.37,-0.77,-1.37
38.331,-0.98,-1.36,-0.77,-1.36,-0.77,-1.36
38.345,-1.04,-1.4,-0.77,-1.36,-0.77,-1.36
38.36,-0.96,-1.38,-0.77,-1.36,-0.77,-1.36
38.374,-1.01,-1.36,-0.77,-1.37,-0.77,-1.37
38.388,-1.01,-1.35,-0.77,-1.37,-0.77,-1.37
38.403,-0.98,-1.37,-0.77,-1.37,-0.77,-1.37
38.417,-0.98,-1.37,-0.77,-1.37,-0.77,-1.37
38.432,-1.07,-1.38,-0.77,-1.37,-0.77,-1.37
38.446,-1.05,-1.39,-0.77,-1.37,-0.77,-1.37
38.461,-0.94,-1.4,-0.77,-1.37,-0.77,-1.37
38.475,-0.92,-1.4,-0.77,-1.37,-0.77,-1.37
38.489,-0.92,-1.39,-0.77,-1.36,-0.77,-1.37
38.504,-0.91,-1.36,-0.77,-1.36,-0.77,-1.36
38.519,-1.03,-1.34,-0.77,-1.36,-0.77,-1.36
38.534,-1.07,-1.35,-0.77,-1.36,-0.77,-1.36
38.549,-0.98,-1.38,-0.77,-1.36,-0.77,-1.36
38.564,-0.97,-1.38,-0.77,-1.36,-0.77,-1.36
38.579,-0.94,-1.39,-0.77,-1.36,-0.77,-1.36
38.594,-0.89,-1.39,-0.77,-1.36,-0.77,-1.36
38.609,-0.95,-1.36,-0.77,-1.36,-0.77,-1.36
38.624,-1.0,-1.36,-0.77,-1.36,-0.77,-1.36
38.639,-0.99,-1.3,-0.77,-1.36,-0.77,-1.36
38.654,-1.01,-1.32,-0.77,-1.36,-0.77,-1.36
38.669,-0.98,-1.4,-0.77,-1.36,-0.77,-1.36
38.684,-0.95,-1.38,-0.77,-1.36,-0.77,-1.36
38.699,-1.02,-1.32,-0.77,-1.36,-0.77,-1.36
38.713,-1.05,-1.34,-0.77,-1.36,-0.77,-1.36
38.729,-1.06,-1.41,-0.77,-1.36,-0.77,-1.36
38.743,-1.01,-1.41,-0.77,-1.36,-0.78,-1.36
38.758,-0.9,-1.42,-0.77,-1.36,-0.78,-1.36
38.772,-0.86,-1.37,-0.77,-1.36,-0.77,-1.36
38.787,-1.04,-1.33,-0.77,-1.36,-0.78,-1.36
38.802,-1.08,-1.33,-0.77,-1.36,-0.78,-1.36
38.817,-0.92,-1.38,-0.77,-1.37,-0.77,-1.37
38.831,-0.91,-1.38,-0.77,-1.37,-0.77,-1.37
38.845,-0.94,-1.37,-0.77,-1.37,-0.77,-1.37
38.86,-0.94,-1.36,-0.77,-1.37,-0.77,-1.37
38.875,-0.96,-1.32,-0.77,-1.37,-0.77,-1.37
38.889,-0.98,-1.34,-0.77,-1.37,-0.77,-1.37
38.904,-0.98,-1.42,-0.77,-1.37,-0.77,-1.37
38.919,-1.02,-1.4,-0.77,-1.37,-0.77,-1.37
38.933,-1.0,-1.38,-0.77,-1.37,-0.77,-1.37
38.947,-1.01,-1.38,-0.77,-1.37,-0.77,-1.37
38.962,-0.98,-1.33,-0.77,-1.37,-0.77,-1.37
38.976,-0.96,-1.37,-0.77,-1.37,-0.77,-1.37
38.992,-0.98,-1.38,-0.77,-1.37,-0.77,-1.37
39.009,-0.98,-1.34,-0.77,-1.37,-0.77,-1.37
39.024,-1.01,-1.36,-0.77,-1.37,-0.77,-1.37
39.04,-1.0,-1.3,-0.77,-1.37,-0.77,-1.37
39.055,-0.97,-1.34,-0.77,-1.37,-0.77,-1.37
39.069,-0.98,-1.38,-0.77,-1.37,-0.77,-1.37
39.084,-1.03,-1.49,-0.76,-1.37,-0.77,-1.37
39.099,-1.04,-1.44,-0.76,-1.37,-0.77,-1.37
39.114,-1.01,-1.34,-0.76,-1.37,-0.77,-1.37
39.129,-0.98,-1.33,-0.76,-1.37,-0.77,-1.37
39.143,-0.95,-1.38,-0.76,-1.37,-0.77,-1.37
39.158,-0.98,-1.4,-0.76,-1.37,-0.77,-1.37
39.174,-1.05,-1.45,-0.76,-1.37,-0.77,-1.37
39.188,-1.0,-1.42,-0.77,-1.37,-0.77,-1.37
39.203,-0.96,-1.29,-0.76,-1.37,-0.77,-1.37
39.218,-0.94,-1.35,-0.76,-1.37,-0.77,-1.37
39.232,-0.96,-1.44,-0.76,-1.37,-0.76,-1.37
39.247,-0.97,-1.42,-0.76,-1.37,-0.76,-1.37
39.261,-1.05,-1.36,-0.76,-1.37,-0.76,-1.37
39.276,-1.04,-1.33,-0.76,-1.37,-0.77,-1.37
39.29,-0.95,-1.34,-0.76,-1.37,-0.77,-1.37
39.305,-0.97,-1.38,-0.76,-1.36,-0.76,-1.36
39.319,-1.0,-1.38,-0.76,-1.36,-0.77,-1.36
39.334,-1.05,-1.38,-0.76,-1.36,-0.77,-1.36
39.349,-1.09,-1.37,-0.76,-1.36,-0.77,-1.36
39.363,-0.94,-1.35,-0.77,-1.36,-0.77,-1.36
39.377,-0.91,-1.35,-0.77,-1.36,-0.77,-1.36
39.392,-1.03,-1.32,-0.76,-1.36,-0.77,-1.36
39.406,-1.04,-1.34,-0.76,-1.36,-0.77,-1.36
39.421,-0.96,-1.46,-0.76,-1.36,-0.77,-1.36
39.436,-0.96,-1.46,-0.76,-1.36,-0.77,-1.36
39.45,-0.98,-1.38,-0.77,-1.36,-0.77,-1.36
39.464,-0.98,-1.37,-0.77,-1.36,-0.77,-1.36
39.479,-0.98,-1.38,-0.76,-1.36,-0.77,-1.36
39.493,-1.0,-1.38,-0.77,-1.36,-0.77,-1.36
39.508,-0.98,-1.38,-0.77,-1.36,-0.77,-1.36
39.523,-0.96,-1.36,-0.77,-1.36,-0.77,-1.36
39.538,-0.99,-1.38,-0.77,-1.36,-0.77,-1.36
39.553,-0.98,-1.35,-0.77,-1.36,-0.77,-1.36
39.568,-1.04,-1.35,-0.77,-1.37,-0.77,-1.37
39.583,-1.05,-1.35,-0.77,-1.37,-0.77,-1.37
39.598,-1.02,-1.36,-0.77,-1.37,-0.77,-1.37
39.613,-1.01,-1.36,-0.77,-1.37,-0.77,-1.37
39.628,-0.96,-1.39,-0.77,-1.37,-0.77,-1.37
39.643,-0.97,-1.36,-0.77,-1.37,-0.77,-1.37
39.658,-1.06,-1.37,-0.77,-1.37,-0.77,-1.37
39.673,-1.01,-1.38,-0.77,-1.37,-0.77,-1.37
39.688,-0.98,-1.37,-0.77,-1.37,-0.77,-1.37
39.702,-1.01,-1.36,-0.77,-1.36,-0.77,-1.36
39.717,-0.98,-1.35,-0.77,-1.36,-0.77,-1.36
39.732,-0.98,-1.35,-0.77,-1.36,-0.77,-1.36
39.747,-0.96,-1.36,-0.77,-1.36,-0.77,-1.36
39.761,-0.97,-1.41,-0.77,-1.36,-0.77,-1.36
39.776,-0.98,-1.35,-0.77,-1.36,-0.77,-1.36
39.79,-0.96,-1.33,-0.77,-1.36,-0.77,-1.36
39.805,-1.0,-1.36,-0.77,-1.36,-0.77,-1.36
39.819,-1.01,-1.4,-0.77,-1.36,-0.77,-1.36
39.834,-1.02,-1.39,-0.77,-1.36,-0.77,-1.36
39.848,-0.98,-1.35,-0.77,-1.36,-0.77,-1.36
39.863,-0.97,-1.36,-0.77,-1.36,-0.77,-1.36
39.878,-0.97,-1.36,-0.77,-1.36,-0.77,-1.36
39.892,-1.01,-1.36,-0.77,-1.36,-0.77,-1.36
39.91,-1.02,-1.41,-0.77,-1.36,-0.77,-1.36
39.925,-0.98,-1.4,-0.77,-1.36,-0.77,-1.37
39.939,-0.99,-1.41,-0.77,-1.36,-0.77,-1.36
39.954,-1.02,-1.39,-0.77,-1.36,-0.77,-1.36
39.968,-0.99,-1.38,-0.77,-1.37,-0.77,-1.37
39.983,-1.0,-1.38,-0.77,-1.37,-0.77,-1.37
39.997,-1.05,-1.36,-0.77,-1.37,-0.77,-1.37
40.011,-1.02,-1.34,-0.77,-1.37,-0.77,-1.37
40.026,-1.01,-1.32,-0.77,-1.37,-0.77,-1.37
40.041,-0.96,-1.29,-0.77,-1.37,-0.77,-1.36
40.056,-0.97,-1.4,-0.77,-1.36,-0.77,-1.37
40.071,-0.94,-1.45,-0.77,-1.37,-0.77,-1.37
40.086,-0.97,-1.41,-0.77,-1.37,-0.77,-1.37
40.101,-0.97,-1.32,-0.77,-1.37,-0.77,-1.37
40.116,-0.96,-1.29,-0.77,-1.37,-0.77,-1.37
40.131,-0.96,-1.33,-0.77,-1.37,-0.77,-1.36
40.146,-1.0,-1.35,-0.77,-1.36,-0.77,-1.36
40.161,-1.01,-1.37,-0.77,-1.36,-0.77,-1.36
40.176,-0.98,-1.38,-0.77,-1.36,-0.77,-1.36
40.19,-0.99,-1.35,-0.77,-1.36,-0.78,-1.36
40.205,-1.05,-1.32,-0.77,-1.36,-0.78,-1.36
40.22,-1.05,-1.35,-0.78,-1.36,-0.78,-1.36
40.235,-1.03,-1.37,-0.78,-1.36,-0.78,-1.36
40.249,-1.02,-1.39,-0.78,-1.36,-0.78,-1.36
40.264,-0.99,-1.4,-0.78,-1.36,-0.78,-1.36
40.278,-1.0,-1.34,-0.78,-1.36,-0.78,-1.36
40.293,-1.01,-1.35,-0.78,-1.36,-0.78,-1.36
40.307,-1.03,-1.36,-0.78,-1.36,-0.78,-1.36
40.322,-1.0,-1.34,-0.78,-1.36,-0.78,-1.36
40.337,-0.99,-1.39,-0.78,-1.36,-0.78,-1.36
40.351,-1.02,-1.43,-0.78,-1.36,-0.78,-1.36
40.365,-1.07,-1.41,-0.78,-1.36,-0.78,-1.36
40.38,-1.04,-1.32,-0.78,-1.36,-0.78,-1.36
40.395,-0.95,-1.33,-0.78,-1.36,-0.78,-1.36
40.409,-0.94,-1.42,-0.78,-1.36,-0.78,-1.36
40.424,-0.95,-1.41,-0.78,-1.36,-0.78,-1.36
40.438,-0.96,-1.36,-0.78,-1.36,-0.78,-1.36
40.453,-1.0,-1.4,-0.78,-1.36,-0.78,-1.36
40.467,-1.0,-1.39,-0.78,-1.36,-0.78,-1.36
40.481,-0.99,-1.38,-0.78,-1.36,-0.78,-1.36
40.496,-0.99,-1.4,-0.77,-1.36,-0.78,-1.36
40.511,-0.97,-1.39,-0.77,-1.36,-0.78,-1.36
40.526,-0.95,-1.36,-0.78,-1.36,-0.78,-1.36
40.54,-1.0,-1.35,-0.77,-1.36,-0.78,-1.36
40.556,-1.03,-1.32,-0.77,-1.36,-0.78,-1.36
40.57,-0.96,-1.29,-0.77,-1.36,-0.78,-1.36
40.585,-0.91,-1.39,-0.77,-1.36,-0.77,-1.36
40.6,-0.95,-1.4,-0.77,-1.36,-0.77,-1.36
40.62,-1.05,-1.33,-0.77,-1.36,-0.78,-1.36
40.635,-1.08,-1.33,-0.77,-1.36,-0.78,-1.36
40.65,-1.05,-1.35,-0.77,-1.36,-0.78,-1.36
40.665,-0.99,-1.41,-0.77,-1.36,-0.78,-1.36
40.68,-0.96,-1.36,-0.77,-1.36,-0.78,-1.36
40.695,-0.93,-1.34,-0.77,-1.36,-0.78,-1.36
40.71,-0.96,-1.35,-0.77,-1.36,-0.77,-1.36
40.725,-1.02,-1.34,-0.77,-1.36,-0.77,-1.36
40.74,-0.99,-1.34,-0.77,-1.36,-0.77,-1.36
40.755,-1.03,-1.34,-0.77,-1.36,-0.77,-1.36
40.77,-1.01,-1.35,-0.77,-1.36,-0.77,-1.36
40.785,-1.0,-1.36,-0.77,-1.36,-0.77,-1.36
40.799,-1.02,-1.34,-0.77,-1.36,-0.77,-1.36
40.813,-1.06,-1.35,-0.77,-1.36,-0.77,-1.36
40.827,-1.05,-1.36,-0.77,-1.36,-0.77,-1.36
40.842,-0.98,-1.36,-0.77,-1.36,-0.77,-1.36
40.857,-0.98,-1.35,-0.77,-1.36,-0.77,-1.36
40.871,-0.98,-1.38,-0.77,-1.36,-0.77,-1.36
40.885,-1.05,-1.43,-0.77,-1.36,-0.77,-1.36
40.9,-1.03,-1.43,-0.77,-1.36,-0.77,-1.36
40.915,-1.04,-1.36,-0.77,-1.36,-0.77,-1.36
40.929,-1.03,-1.37,-0.77,-1.36,-0.77,-1.36
40.944,-1.03,-1.43,-0.77,-1.36,-0.77,-1.37
40.958,-1.02,-1.42,-0.77,-1.37,-0.78,-1.37
40.973,-1.06,-1.38,-0.77,-1.37,-0.78,-1.37
40.987,-1.07,-1.34,-0.77,-1.37,-0.78,-1.37
41.002,-1.04,-1.38,-0.77,-1.37,-0.78,-1.37
41.016,-1.01,-1.37,-0.78,-1.37,-0.78,-1.37
41.031,-0.93,-1.36,-0.78,-1.37,-0.78,-1.37
41.046,-0.92,-1.36,-0.78,-1.37,-0.78,-1.37
41.06,-1.01,-1.36,-0.77,-1.37,-0.78,-1.37
41.075,-1.03,-1.34,-0.78,-1.37,-0.78,-1.37
41.09,-1.01,-1.34,-0.78,-1.37,-0.78,-1.37
41.105,-1.01,-1.36,-0.78,-1.37,-0.78,-1.37
41.12,-1.01,-1.4,-0.78,-1.37,-0.78,-1.37
41.135,-1.02,-1.41,-0.78,-1.37,-0.78,-1.37
41.15,-1.05,-1.35,-0.78,-1.37,-0.78,-1.37
41.165,-1.03,-1.36,-0.78,-1.37,-0.78,-1.37
41.18,-1.04,-1.37,-0.78,-1.37,-0.78,-1.37
41.195,-1.03,-1.41,-0.78,-1.37,-0.78,-1.37
41.21,-0.9,-1.42,-0.78,-1.37,-0.78,-1.37
41.225,-0.89,-1.36,-0.78,-1.37,-0.78,-1.37
41.24,-1.0,-1.38,-0.78,-1.37,-0.78,-1.37
41.254,-0.99,-1.38,-0.78,-1.37,-0.78,-1.37
41.269,-0.96,-1.35,-0.78,-1.37,-0.78,-1.37
41.284,-0.98,-1.37,-0.78,-1.37,-0.78,-1.37
41.299,-0.99,-1.41,-0.77,-1.37,-0.78,-1.37
41.314,-0.99,-1.41,-0.77,-1.37,-0.78,-1.37
41.328,-1.06,-1.39,-0.78,-1.37,-0.78,-1.37
41.343,-1.03,-1.36,-0.77,-1.37,-0.78,-1.37
41.357,-0.99,-1.31,-0.77,-1.37,-0.78,-1.37
41.372,-1.01,-1.33,-0.77,-1.37,-0.78,-1.37
41.386,-0.97,-1.4,-0.78,-1.37,-0.78,-1.37
41.401,-0.95,-1.4,-0.77,-1.37,-0.78,-1.37
41.416,-1.06,-1.39,-0.77,-1.37,-0.78,-1.37
41.43,-1.03,-1.4,-0.77,-1.37,-0.78,-1.37
41.444,-0.97,-1.4,-0.78,-1.37,-0.78,-1.37
41.459,-1.0,-1.37,-0.78,-1.37,-0.78,-1.37
41.473,-0.98,-1.36,-0.78,-1.37,-0.78,-1.37
41.487,-0.92,-1.37,-0.78,-1.37,-0.78,-1.37
41.502,-0.94,-1.4,-0.78,-1.37,-0.78,-1.37
41.516,-0.99,-1.45,-0.78,-1.37,-0.78,-1.37
41.531,-0.99,-1.44,-0.77,-1.37,-0.78,-1.37
41.546,-1.04,-1.35,-0.77,-1.37,-0.78,-1.37
41.561,-0.98,-1.34,-0.78,-1.37,-0.78,-1.37
41.576,-0.94,-1.38,-0.78,-1.37,-0.78,-1.37
41.591,-0.97,-1.37,-0.77,-1.37,-0.78,-1.37
41.606,-0.99,-1.36,-0.77,-1.37,-0.78,-1.37
41.621,-0.99,-1.35,-0.77,-1.37,-0.78,-1.37
41.636,-0.96,-1.37,-0.77,-1.37,-0.78,-1.37
41.65,-0.96,-1.38,-0.77,-1.37,-0.78,-1.37
41.665,-0.98,-1.42,-0.77,-1.37,-0.78,-1.37
41.68,-1.01,-1.39,-0.77,-1.37,-0.78,-1.37
41.695,-1.03,-1.31,-0.77,-1.37,-0.77,-1.37
41.71,-1.05,-1.32,-0.77,-1.37,-0.77,-1.37
41.725,-1.05,-1.35,-0.77,-1.37,-0.78,-1.37
41.739,-1.06,-1.34,-0.77,-1.37,-0.78,-1.37
41.754,-1.01,-1.4,-0.78,-1.37,-0.78,-1.37
41.769,-1.0,-1.43,-0.78,-1.37,-0.78,-1.37
41.784,-0.98,-1.38,-0.78,-1.37,-0.78,-1.37
41.798,-1.0,-1.35,-0.78,-1.37,-0.78,-1.37
41.813,-0.96,-1.36,-0.78,-1.37,-0.78,-1.37
41.827,-0.97,-1.36,-0.78,-1.37,-0.78,-1.37
41.842,-0.99,-1.36,-0.78,-1.37,-0.78,-1.37
41.856,-0.98,-1.36,-0.78,-1.37,-0.78,-1.37
41.871,-1.01,-1.35,-0.78,-1.37,-0.78,-1.37
41.885,-1.02,-1.35,-0.77,-1.37,-0.78,-1.37
41.9,-1.02,-1.36,-0.77,-1.37,-0.78,-1.37
41.914,-0.98,-1.36,-0.77,-1.38,-0.78,-1.37
41.929,-1.0,-1.33,-0.77,-1.37,-0.77,-1.37
41.944,-1.07,-1.32,-0.77,-1.37,-0.78,-1.37
41.958,-1.05,-1.32,-0.77,-1.37,-0.78,-1.37
41.973,-1.01,-1.39,-0.77,-1.37,-0.78,-1.37
41.988,-1.03,-1.4,-0.77,-1.37,-0.78,-1.37
42.003,-0.9,-1.38,-0.78,-1.37,-0.78,-1.37
42.018,-0.94,-1.39,-0.77,-1.37,-0.77,-1.37
42.032,-1.05,-1.43,-0.77,-1.38,-0.78,-1.38
42.047,-1.01,-1.38,-0.77,-1.38,-0.78,-1.38
42.061,-1.03,-1.34,-0.78,-1.38,-0.78,-1.38
42.077,-1.07,-1.37,-0.78,-1.38,-0.78,-1.38
42.092,-1.07,-1.39,-0.78,-1.38,-0.78,-1.38
42.107,-1.04,-1.4,-0.78,-1.38,-0.78,-1.38
42.122,-0.98,-1.39,-0.78,-1.38,-0.78,-1.38
42.137,-1.0,-1.38,-0.78,-1.38,-0.78,-1.38
42.152,-0.96,-1.38,-0.78,-1.38,-0.78,-1.38
42.166,-0.96,-1.35,-0.77,-1.38,-0.78,-1.38
42.181,-0.92,-1.35,-0.77,-1.38,-0.77,-1.38
42.197,-0.98,-1.33,-0.77,-1.38,-0.77,-1.38
42.211,-1.01,-1.33,-0.77,-1.37,-0.77,-1.37
42.226,-1.0,-1.33,-0.77,-1.37,-0.77,-1.37
42.241,-1.01,-1.35,-0.77,-1.37,-0.78,-1.37
42.256,-0.99,-1.36,-0.77,-1.37,-0.77,-1.37
42.27,-1.05,-1.36,-0.77,-1.37,-0.78,-1.37
42.285,-1.05,-1.36,-0.77,-1.37,-0.78,-1.37
42.299,-1.01,-1.39,-0.77,-1.37,-0.78,-1.37
42.314,-0.98,-1.4,-0.78,-1.37,-0.78,-1.37
42.328,-0.93,-1.36,-0.78,-1.37,-0.78,-1.37
42.343,-0.96,-1.37,-0.78,-1.37,-0.78,-1.37
42.357,-0.96,-1.4,-0.78,-1.37,-0.78,-1.37
42.372,-0.98,-1.4,-0.78,-1.37,-0.78,-1.37
42.386,-0.96,-1.4,-0.78,-1.37,-0.78,-1.37
42.401,-0.95,-1.35,-0.77,-1.37,-0.78,-1.37
42.415,-0.98,-1.34,-0.77,-1.37,-0.78,-1.37
42.43,-1.03,-1.38,-0.77,-1.37,-0.78,-1.37
42.444,-0.98,-1.39,-0.77,-1.37,-0.78,-1.37
42.459,-0.98,-1.42,-0.78,-1.37,-0.78,-1.37
42.474,-0.96,-1.34,-0.78,-1.37,-0.78,-1.37
42.489,-0.97,-1.32,-0.78,-1.37,-0.78,-1.37
42.504,-0.94,-1.35,-0.77,-1.37,-0.78,-1.37
42.518,-0.92,-1.36,-0.77,-1.37,-0.78,-1.37
42.533,-0.94,-1.39,-0.77,-1.37,-0.78,-1.37
42.547,-1.01,-1.37,-0.77,-1.37,-0.78,-1.37
42.562,-1.0,-1.34,-0.77,-1.37,-0.78,-1.37
42.577,-1.05,-1.35,-0.77,-1.37,-0.78,-1.37
42.593,-0.96,-1.38,-0.78,-1.37,-0.78,-1.37
42.608,-0.94,-1.4,-0.78,-1.37,-0.78,-1.37
42.623,-1.01,-1.41,-0.77,-1.37,-0.78,-1.37
42.637,-1.03,-1.43,-0.77,-1.37,-0.78,-1.37
42.652,-0.92,-1.35,-0.77,-1.37,-0.78,-1.37
42.667,-0.93,-1.34,-0.77,-1.37,-0.77,-1.37
42.682,-1.01,-1.36,-0.77,-1.37,-0.78,-1.37
42.697,-0.98,-1.35,-0.77,-1.37,-0.78,-1.37
42.712,-0.95,-1.4,-0.77,-1.37,-0.78,-1.37
42.727,-0.97,-1.43,-0.77,-1.37,-0.78,-1.37
42.743,-1.0,-1.35,-0.77,-1.37,-0.78,-1.37
42.757,-1.04,-1.35,-0.77,-1.37,-0.78,-1.37
42.772,-0.99,-1.38,-0.78,-1.37,-0.78,-1.37
42.787,-0.97,-1.38,-0.77,-1.37,-0.78,-1.37
42.802,-0.98,-1.36,-0.77,-1.37,-0.78,-1.37
42.816,-0.97,-1.34,-0.77,-1.37,-0.78,-1.37
42.831,-0.94,-1.33,-0.77,-1.37,-0.78,-1.37
42.846,-0.94,-1.37,-0.77,-1.37,-0.78,-1.37
42.86,-1.01,-1.41,-0.77,-1.37,-0.78,-1.37
42.875,-1.02,-1.41,-0.78,-1.37,-0.78,-1.37
42.889,-0.97,-1.31,-0.78,-1.37,-0.78,-1.37
42.904,-0.97,-1.3,-0.78,-1.37,-0.78,-1.37
42.918,-0.95,-1.32,-0.78,-1.37,-0.78,-1.37
42.932,-0.96,-1.4,-0.78,-1.37,-0.78,-1.37
42.947,-0.96,-1.42,-0.78,-1.37,-0.78,-1.37
42.964,-0.96,-1.31,-0.78,-1.37,-0.78,-1.37
42.979,-0.95,-1.4,-0.77,-1.37,-0.78,-1.37
42.993,-0.98,-1.45,-0.78,-1.37,-0.78,-1.37
43.007,-1.02,-1.4,-0.78,-1.37,-0.78,-1.37
43.022,-0.99,-1.29,-0.78,-1.37,-0.78,-1.37
43.036,-1.02,-1.34,-0.78,-1.37,-0.78,-1.37
43.051,-0.96,-1.38,-0.78,-1.37,-0.78,-1.37
43.066,-0.94,-1.37,-0.78,-1.37,-0.78,-1.37
43.081,-0.94,-1.32,-0.78,-1.37,-0.78,-1.37
43.097,-0.96,-1.39,-0.77,-1.37,-0.78,-1.37
43.112,-0.97,-1.41,-0.77,-1.37,-0.78,-1.37
43.127,-1.0,-1.37,-0.77,-1.37,-0.78,-1.37
43.141,-1.03,-1.4,-0.77,-1.37,-0.78,-1.37
43.156,-1.01,-1.46,-0.77,-1.37,-0.78,-1.37
43.171,-1.0,-1.4,-0.77,-1.37,-0.77,-1.37
43.186,-1.0,-1.34,-0.77,-1.37,-0.77,-1.37
43.201,-1.03,-1.36,-0.77,-1.37,-0.78,-1.37
43.216,-0.98,-1.4,-0.77,-1.37,-0.78,-1.37
43.231,-0.96,-1.42,-0.77,-1.37,-0.78,-1.37
43.246,-0.98,-1.3,-0.77,-1.37,-0.78,-1.37
43.261,-0.97,-1.27,-0.77,-1.37,-0.78,-1.37
43.275,-0.92,-1.34,-0.77,-1.37,-0.78,-1.37
43.29,-0.99,-1.4,-0.77,-1.37,-0.78,-1.37
43.306,-1.04,-1.39,-0.78,-1.37,-0.78,-1.37
43.32,-1.03,-1.38,-0.78,-1.37,-0.78,-1.37
43.335,-0.92,-1.39,-0.78,-1.37,-0.78,-1.37
43.35,-0.94,-1.37,-0.77,-1.37,-0.78,-1.37
43.364,-1.06,-1.37,-0.77,-1.37,-0.78,-1.37
43.379,-1.05,-1.37,-0.78,-1.37,-0.78,-1.37
43.393,-0.99,-1.34,-0.78,-1.37,-0.78,-1.37
43.408,-1.0,-1.35,-0.77,-1.37,-0.78,-1.37
43.422,-1.0,-1.37,-0.77,-1.37,-0.78,-1.37
43.437,-1.02,-1.37,-0.77,-1.37,-0.78,-1.37
43.451,-0.98,-1.34,-0.78,-1.37,-0.78,-1.37
43.466,-1.01,-1.32,-0.78,-1.37,-0.78,-1.37
43.48,-0.99,-1.38,-0.78,-1.37,-0.78,-1.37
43.495,-0.96,-1.43,-0.77,-1.37,-0.78,-1.37
43.509,-0.98,-1.4,-0.77,-1.37,-0.78,-1.37
43.524,-0.96,-1.38,-0.77,-1.37,-0.78,-1.37
43.538,-0.98,-1.35,-0.77,-1.37,-0.77,-1.37
43.553,-0.96,-1.38,-0.77,-1.37,-0.77,-1.37
43.568,-0.9,-1.41,-0.77,-1.37,-0.77,-1.37
43.583,-0.96,-1.36,-0.77,-1.37,-0.77,-1.37
43.598,-0.98,-1.33,-0.77,-1.37,-0.77,-1.37
43.612,-0.97,-1.34,-0.77,-1.37,-0.77,-1.37
43.63,-0.98,-1.36,-0.77,-1.37,-0.77,-1.37
43.645,-1.07,-1.37,-0.77,-1.37,-0.77,-1.37
43.66,-1.05,-1.41,-0.77,-1.37,-0.77,-1.37
43.675,-1.01,-1.41,-0.77,-1.37,-0.77,-1.37
43.69,-1.02,-1.34,-0.77,-1.37,-0.77,-1.37
43.705,-1.04,-1.36,-0.77,-1.37,-0.77,-1.37
43.72,-0.97,-1.42,-0.77,-1.37,-0.77,-1.37
43.735,-0.98,-1.38,-0.77,-1.37,-0.77,-1.37
43.751,-0.95,-1.36,-0.77,-1.37,-0.77,-1.37
43.767,-0.94,-1.37,-0.77,-1.37,-0.77,-1.37
43.781,-0.98,-1.43,-0.77,-1.37,-0.77,-1.37
43.796,-0.96,-1.4,-0.77,-1.37,-0.77,-1.37
43.811,-0.97,-1.32,-0.77,-1.37,-0.77,-1.37
43.825,-1.01,-1.36,-0.77,-1.37,-0.77,-1.37
43.84,-0.94,-1.41,-0.77,-1.37,-0.77,-1.37
43.854,-0.9,-1.39,-0.77,-1.38,-0.77,-1.38
43.871,-0.9,-1.39,-0.76,-1.38,-0.77,-1.38
43.885,-0.98,-1.4,-0.77,-1.38,-0.77,-1.38
43.899,-1.05,-1.35,-0.77,-1.38,-0.77,-1.38
43.914,-0.98,-1.37,-0.77,-1.38,-0.77,-1.38
43.929,-0.96,-1.37,-0.77,-1.38,-0.77,-1.38
43.943,-0.98,-1.36,-0.77,-1.38,-0.77,-1.38
43.958,-1.0,-1.45,-0.77,-1.38,-0.77,-1.38
43.972,-0.96,-1.43,-0.77,-1.38,-0.77,-1.38
43.987,-0.98,-1.33,-0.77,-1.38,-0.77,-1.38
44.002,-1.01,-1.34,-0.77,-1.38,-0.77,-1.37
44.016,-1.04,-1.42,-0.77,-1.37,-0.77,-1.38
44.031,-1.03,-1.42,-0.77,-1.38,-0.77,-1.38
44.045,-1.01,-1.37,-0.77,-1.38,-0.77,-1.38
44.06,-1.0,-1.36,-0.77,-1.37,-0.77,-1.37
44.075,-0.99,-1.31,-0.77,-1.37,-0.77,-1.37
44.09,-1.01,-1.34,-0.77,-1.37,-0.77,-1.37
44.105,-1.01,-1.38,-0.77,-1.37,-0.77,-1.37
44.119,-1.01,-1.41,-0.77,-1.37,-0.77,-1.37
44.134,-0.98,-1.4,-0.77,-1.38,-0.77,-1.38
44.149,-0.94,-1.36,-0.77,-1.38,-0.77,-1.38
44.164,-0.94,-1.34,-0.77,-1.38,-0.77,-1.38
44.179,-0.96,-1.39,-0.77,-1.37,-0.77,-1.37
44.194,-1.04,-1.35,-0.77,-1.37,-0.77,-1.37
44.209,-1.05,-1.37,-0.77,-1.37,-0.77,-1.37
44.224,-1.03,-1.36,-0.77,-1.37,-0.77,-1.37
44.239,-1.01,-1.36,-0.77,-1.37,-0.77,-1.37
44.254,-0.96,-1.38,-0.77,-1.37,-0.77,-1.37
44.269,-0.99,-1.4,-0.77,-1.38,-0.77,-1.38
44.284,-1.04,-1.4,-0.77,-1.38,-0.77,-1.38
44.299,-1.02,-1.4,-0.77,-1.38,-0.77,-1.38
44.313,-0.96,-1.35,-0.77,-1.38,-0.77,-1.38
44.328,-1.0,-1.33,-0.77,-1.38,-0.77,-1.38
44.342,-1.04,-1.33,-0.77,-1.38,-0.77,-1.37
44.357,-1.01,-1.36,-0.77,-1.37,-0.77,-1.37
44.371,-1.02,-1.4,-0.77,-1.37,-0.77,-1.37
44.386,-0.97,-1.41,-0.77,-1.37,-0.77,-1.38
44.4,-0.96,-1.41,-0.77,-1.37,-0.77,-1.37
44.415,-0.97,-1.4,-0.77,-1.37,-0.77,-1.37
44.429,-0.97,-1.34,-0.77,-1.37,-0.77,-1.37
44.443,-0.95,-1.32,-0.77,-1.37,-0.77,-1.37
44.458,-0.93,-1.35,-0.77,-1.37,-0.77,-1.37
44.472,-1.03,-1.42,-0.77,-1.37,-0.77,-1.37
44.487,-1.05,-1.43,-0.77,-1.37,-0.77,-1.37
44.501,-0.97,-1.39,-0.77,-1.38,-0.77,-1.38
44.516,-0.96,-1.38,-0.77,-1.37,-0.77,-1.38
44.531,-0.96,-1.36,-0.77,-1.37,-0.77,-1.37
44.545,-0.96,-1.4,-0.77,-1.37,-0.77,-1.37
44.56,-0.97,-1.42,-0.77,-1.37,-0.77,-1.37
44.575,-0.96,-1.4,-0.77,-1.37,-0.77,-1.37
44.59,-0.97,-1.4,-0.77,-1.37,-0.77,-1.37
44.605,-1.03,-1.4,-0.77,-1.37,-0.77,-1.37
44.619,-0.94,-1.37,-0.77,-1.37,-0.77,-1.37
44.634,-0.94,-1.38,-0.77,-1.37,-0.77,-1.37
44.649,-1.03,-1.34,-0.77,-1.37,-0.77,-1.37
44.664,-1.02,-1.34,-0.77,-1.37,-0.77,-1.37
44.679,-1.02,-1.41,-0.77,-1.37,-0.78,-1.37
44.693,-1.0,-1.42,-0.77,-1.37,-0.78,-1.37
44.708,-0.96,-1.37,-0.78,-1.38,-0.78,-1.38
44.723,-0.95,-1.38,-0.78,-1.38,-0.78,-1.38
44.738,-1.01,-1.38,-0.78,-1.38,-0.78,-1.38
44.753,-1.05,-1.42,-0.78,-1.38,-0.78,-1.38
44.768,-1.03,-1.34,-0.78,-1.38,-0.78,-1.38
44.782,-0.94,-1.27,-0.78,-1.38,-0.78,-1.37
44.798,-0.92,-1.32,-0.78,-1.37,-0.78,-1.37
44.813,-0.96,-1.4,-0.77,-1.37,-0.78,-1.37
44.827,-1.03,-1.46,-0.77,-1.37,-0.78,-1.37
44.842,-1.01,-1.4,-0.77,-1.37,-0.78,-1.37
44.856,-0.98,-1.35,-0.77,-1.37,-0.78,-1.37
44.87,-0.9,-1.31,-0.77,-1.37,-0.77,-1.37
44.885,-0.9,-1.36,-0.77,-1.37,-0.77,-1.37
44.899,-1.02,-1.46,-0.77,-1.37,-0.78,-1.37
44.914,-0.98,-1.43,-0.77,-1.37,-0.78,-1.37
44.928,-1.0,-1.38,-0.77,-1.37,-0.78,-1.37
44.943,-1.05,-1.38,-0.78,-1.37,-0.78,-1.37
44.957,-1.07,-1.38,-0.78,-1.37,-0.78,-1.37
44.972,-1.02,-1.35,-0.78,-1.37,-0.78,-1.37
44.986,-0.99,-1.36,-0.78,-1.37,-0.78,-1.37
45.0,-1.03,-1.4,-0.78,-1.37,-0.78,-1.37
45.016,-1.06,-1.33,-0.78,-1.37,-0.78,-1.37
45.031,-1.04,-1.32,-0.78,-1.37,-0.78,-1.37
45.046,-0.94,-1.37,-0.78,-1.37,-0.78,-1.37
45.061,-0.94,-1.38,-0.78,-1.37,-0.78,-1.37
45.075,-0.99,-1.33,-0.78,-1.37,-0.78,-1.37
45.09,-0.98,-1.32,-0.78,-1.37,-0.78,-1.37
45.104,-0.98,-1.36,-0.78,-1.37,-0.78,-1.37
45.12,-0.93,-1.33,-0.78,-1.37,-0.78,-1.37
45.135,-0.93,-1.31,-0.78,-1.37,-0.78,-1.37
45.15,-0.99,-1.29,-0.78,-1.37,-0.78,-1.37
45.164,-0.99,-1.34,-0.78,-1.37,-0.78,-1.37
45.18,-0.96,-1.37,-0.78,-1.37,-0.78,-1.37
45.194,-0.99,-1.41,-0.78,-1.37,-0.78,-1.37
45.209,-0.97,-1.38,-0.78,-1.37,-0.78,-1.37
45.224,-0.92,-1.34,-0.78,-1.37,-0.78,-1.37
45.238,-0.91,-1.32,-0.78,-1.37,-0.78,-1.37
45.253,-1.0,-1.29,-0.77,-1.37,-0.78,-1.37
45.268,-1.04,-1.33,-0.77,-1.37,-0.78,-1.37
45.283,-0.97,-1.36,-0.78,-1.37,-0.78,-1.37
45.298,-0.99,-1.35,-0.78,-1.37,-0.78,-1.37
45.313,-1.05,-1.36,-0.77,-1.37,-0.78,-1.37
45.327,-1.01,-1.38,-0.77,-1.37,-0.78,-1.37
45.341,-0.95,-1.41,-0.77,-1.37,-0.78,-1.37
45.357,-1.02,-1.38,-0.77,-1.37,-0.78,-1.37
45.373,-1.05,-1.34,-0.77,-1.37,-0.78,-1.37
45.39,-1.01,-1.36,-0.78,-1.37,-0.78,-1.37
45.404,-0.9,-1.32,-0.78,-1.37,-0.78,-1.37
45.418,-1.0,-1.36,-0.78,-1.37,-0.78,-1.37
45.433,-1.04,-1.43,-0.77,-1.37,-0.78,-1.37
45.448,-1.02,-1.43,-0.77,-1.37,-0.78,-1.37
45.462,-1.01,-1.36,-0.77,-1.37,-0.78,-1.37
45.477,-1.0,-1.36,-0.77,-1.37,-0.78,-1.37
45.492,-1.0,-1.33,-0.78,-1.37,-0.78,-1.37
45.506,-1.01,-1.34,-0.77,-1.37,-0.78,-1.37
45.521,-1.01,-1.34,-0.78,-1.37,-0.78,-1.37
45.535,-0.98,-1.36,-0.78,-1.37,-0.78,-1.37
45.55,-0.99,-1.36,-0.78,-1.37,-0.78,-1.37
45.564,-1.03,-1.32,-0.78,-1.37,-0.78,-1.37
45.579,-0.95,-1.32,-0.78,-1.37,-0.78,-1.36
45.594,-0.94,-1.38,-0.78,-1.36,-0.78,-1.36
45.609,-0.95,-1.41,-0.78,-1.36,-0.78,-1.37
45.624,-0.99,-1.38,-0.78,-1.37,-0.78,-1.37
45.639,-1.07,-1.3,-0.78,-1.37,-0.78,-1.36
45.654,-1.05,-1.29,-0.78,-1.36,-0.78,-1.36
45.669,-1.01,-1.38,-0.78,-1.36,-0.78,-1.36
45.684,-0.97,-1.39,-0.78,-1.36,-0.78,-1.36
45.699,-0.96,-1.41,-0.78,-1.36,-0.78,-1.36
45.714,-1.02,-1.44,-0.78,-1.36,-0.78,-1.36
45.728,-0.99,-1.37,-0.78,-1.36,-0.78,-1.36
45.744,-1.0,-1.36,-0.78,-1.36,-0.78,-1.36
45.759,-1.0,-1.37,-0.78,-1.36,-0.78,-1.36
45.774,-1.02,-1.33,-0.78,-1.36,-0.78,-1.36
45.788,-0.98,-1.35,-0.78,-1.36,-0.78,-1.36
45.806,-0.92,-1.37,-0.78,-1.36,-0.78,-1.36
45.821,-0.92,-1.4,-0.78,-1.36,-0.78,-1.36
45.835,-1.0,-1.39,-0.78,-1.36,-0.78,-1.36
45.849,-0.93,-1.33,-0.78,-1.36,-0.78,-1.36
45.864,-0.93,-1.36,-0.78,-1.36,-0.78,-1.36
45.878,-1.03,-1.41,-0.78,-1.36,-0.78,-1.36
45.893,-1.03,-1.41,-0.78,-1.36,-0.78,-1.36
45.907,-0.94,-1.36,-0.78,-1.36,-0.78,-1.36
45.922,-0.96,-1.39,-0.78,-1.36,-0.78,-1.36
45.937,-1.0,-1.42,-0.78,-1.36,-0.78,-1.36
45.951,-1.06,-1.45,-0.78,-1.36,-0.78,-1.37
45.966,-1.01,-1.43,-0.78,-1.37,-0.78,-1.37
45.981,-1.0,-1.4,-0.78,-1.37,-0.78,-1.37
45.995,-0.99,-1.42,-0.78,-1.37,-0.78,-1.37
46.009,-0.95,-1.4,-0.78,-1.37,-0.78,-1.37
46.024,-0.98,-1.33,-0.78,-1.37,-0.78,-1.36
46.038,-1.02,-1.34,-0.78,-1.36,-0.78,-1.36
46.053,-1.05,-1.37,-0.78,-1.36,-0.78,-1.36
46.068,-1.04,-1.36,-0.78,-1.36,-0.78,-1.36
46.082,-1.02,-1.34,-0.78,-1.36,-0.78,-1.36
46.097,-0.95,-1.39,-0.78,-1.36,-0.78,-1.36
46.112,-0.91,-1.41,-0.78,-1.36,-0.78,-1.37
46.128,-0.95,-1.38,-0.78,-1.36,-0.78,-1.36
46.143,-1.01,-1.4,-0.78,-1.36,-0.78,-1.36
46.158,-1.02,-1.35,-0.78,-1.36,-0.78,-1.36
46.173,-1.07,-1.31,-0.78,-1.36,-0.78,-1.36
46.188,-1.01,-1.29,-0.78,-1.36,-0.78,-1.36
46.202,-1.01,-1.37,-0.78,-1.36,-0.78,-1.36
46.217,-1.05,-1.4,-0.78,-1.36,-0.78,-1.36
46.232,-1.04,-1.38,-0.78,-1.36,-0.78,-1.36
46.247,-1.03,-1.38,-0.78,-1.36,-0.78,-1.36
46.263,-0.98,-1.36,-0.78,-1.36,-0.78,-1.36
46.278,-0.99,-1.36,-0.78,-1.36,-0.78,-1.36
46.293,-0.94,-1.35,-0.78,-1.36,-0.78,-1.36
46.308,-0.94,-1.3,-0.78,-1.36,-0.78,-1.36
46.322,-0.99,-1.38,-0.78,-1.36,-0.78,-1.36
46.337,-1.0,-1.37,-0.78,-1.36,-0.79,-1.36
46.351,-0.97,-1.4,-0.78,-1.36,-0.79,-1.36
46.365,-0.97,-1.38,-0.78,-1.36,-0.78,-1.36
46.38,-1.01,-1.35,-0.78,-1.36,-0.78,-1.36
46.394,-0.99,-1.4,-0.78,-1.36,-0.78,-1.36
46.409,-0.96,-1.46,-0.78,-1.36,-0.78,-1.36
46.423,-0.92,-1.42,-0.78,-1.36,-0.78,-1.36
46.438,-0.92,-1.38,-0.78,-1.36,-0.78,-1.36
46.452,-0.97,-1.36,-0.78,-1.37,-0.78,-1.37
46.467,-0.98,-1.38,-0.78,-1.37,-0.78,-1.37
46.482,-1.02,-1.39,-0.78,-1.36,-0.78,-1.36
46.496,-0.98,-1.36,-0.78,-1.36,-0.78,-1.36
46.511,-0.97,-1.32,-0.78,-1.37,-0.78,-1.37
46.525,-0.95,-1.29,-0.78,-1.36,-0.78,-1.36
46.54,-1.04,-1.33,-0.78,-1.36,-0.78,-1.36
46.554,-1.03,-1.38,-0.78,-1.36,-0.78,-1.36
46.569,-1.04,-1.43,-0.78,-1.36,-0.78,-1.36
46.585,-1.03,-1.45,-0.78,-1.36,-0.78,-1.36
46.599,-1.01,-1.42,-0.78,-1.36,-0.78,-1.36
46.614,-0.99,-1.38,-0.78,-1.36,-0.78,-1.36
46.629,-0.98,-1.34,-0.78,-1.36,-0.78,-1.36
46.644,-0.98,-1.36,-0.78,-1.36,-0.78,-1.36
46.66,-1.0,-1.39,-0.78,-1.36,-0.78,-1.36
46.674,-1.0,-1.36,-0.78,-1.36,-0.78,-1.36
46.69,-1.05,-1.34,-0.78,-1.36,-0.78,-1.36
46.704,-1.1,-1.32,-0.78,-1.36,-0.79,-1.36
46.719,-0.98,-1.36,-0.78,-1.36,-0.78,-1.36
46.734,-0.92,-1.38,-0.78,-1.36,-0.78,-1.36
46.748,-0.93,-1.36,-0.78,-1.37,-0.78,-1.37
46.763,-0.92,-1.34,-0.78,-1.37,-0.78,-1.36
46.778,-0.98,-1.37,-0.78,-1.36,-0.78,-1.36
46.793,-1.0,-1.39,-0.78,-1.37,-0.78,-1.37
46.808,-0.98,-1.36,-0.78,-1.37,-0.78,-1.37
46.823,-0.97,-1.37,-0.78,-1.37,-0.78,-1.37
46.837,-0.96,-1.34,-0.78,-1.36,-0.78,-1.36
46.852,-0.98,-1.31,-0.78,-1.36,-0.78,-1.36
46.866,-1.03,-1.33,-0.77,-1.36,-0.78,-1.36
46.881,-1.0,-1.36,-0.77,-1.36,-0.78,-1.36
46.895,-1.04,-1.38,-0.77,-1.36,-0.78,-1.36
46.909,-1.05,-1.4,-0.77,-1.36,-0.78,-1.36
46.924,-1.0,-1.38,-0.78,-1.36,-0.78,-1.36
46.938,-0.97,-1.39,-0.78,-1.36,-0.78,-1.36
46.953,-0.97,-1.36,-0.77,-1.37,-0.78,-1.37
46.967,-1.01,-1.41,-0.77,-1.37,-0.78,-1.37
46.982,-1.03,-1.43,-0.77,-1.37,-0.78,-1.37
47.0,-0.95,-1.34,-0.77,-1.37,-0.77,-1.37
47.014,-0.98,-1.4,-0.77,-1.37,-0.78,-1.37
47.029,-1.0,-1.42,-0.77,-1.37,-0.78,-1.37
47.043,-0.95,-1.38,-0.78,-1.37,-0.78,-1.37
47.058,-0.94,-1.36,-0.78,-1.37,-0.78,-1.37
47.073,-0.98,-1.35,-0.78,-1.37,-0.78,-1.37
47.087,-0.94,-1.33,-0.78,-1.36,-0.78,-1.36
47.102,-0.97,-1.33,-0.78,-1.36,-0.78,-1.36
47.117,-0.96,-1.35,-0.78,-1.36,-0.78,-1.36
47.132,-1.0,-1.35,-0.78,-1.36,-0.78,-1.36
47.147,-1.05,-1.35,-0.78,-1.36,-0.78,-1.36
47.162,-1.0,-1.36,-0.78,-1.36,-0.78,-1.36
47.177,-0.97,-1.34,-0.78,-1.36,-0.78,-1.36
47.192,-0.94,-1.35,-0.78,-1.36,-0.78,-1.36
47.207,-0.93,-1.36,-0.78,-1.36,-0.78,-1.36
47.227,-0.95,-1.4,-0.78,-1.36,-0.78,-1.36
47.242,-0.98,-1.4,-0.78,-1.36,-0.78,-1.36
47.257,-1.01,-1.44,-0.78,-1.36,-0.78,-1.36
47.272,-0.95,-1.38,-0.78,-1.36,-0.78,-1.36
47.287,-0.97,-1.39,-0.78,-1.36,-0.78,-1.36
47.301,-0.99,-1.38,-0.78,-1.36,-0.78,-1.36
47.316,-0.98,-1.35,-0.78,-1.36,-0.78,-1.36
47.331,-0.93,-1.37,-0.78,-1.36,-0.78,-1.36
47.345,-0.95,-1.38,-0.78,-1.36,-0.78,-1.36
47.359,-0.94,-1.35,-0.78,-1.36,-0.78,-1.36
47.374,-0.94,-1.36,-0.78,-1.36,-0.78,-1.36
47.388,-0.91,-1.36,-0.78,-1.36,-0.78,-1.36
47.403,-0.91,-1.4,-0.78,-1.36,-0.78,-1.36
47.417,-0.95,-1.42,-0.78,-1.36,-0.78,-1.36
47.433,-1.01,-1.36,-0.78,-1.36,-0.78,-1.36
47.446,-1.04,-1.38,-0.78,-1.36,-0.78,-1.36
47.461,-0.99,-1.4,-0.78,-1.36,-0.78,-1.36
47.475,-1.01,-1.37,-0.78,-1.36,-0.78,-1.36
47.49,-1.0,-1.4,-0.78,-1.36,-0.78,-1.36
47.504,-0.95,-1.4,-0.78,-1.36,-0.78,-1.36
47.519,-0.96,-1.34,-0.78,-1.36,-0.78,-1.36
47.534,-0.95,-1.33,-0.78,-1.36,-0.78,-1.36
47.548,-1.03,-1.43,-0.78,-1.36,-0.78,-1.36
47.562,-0.98,-1.41,-0.78,-1.36,-0.78,-1.36
47.577,-0.95,-1.36,-0.78,-1.36,-0.78,-1.36
47.592,-0.96,-1.36,-0.78,-1.36,-0.78,-1.36
47.606,-0.93,-1.41,-0.78,-1.36,-0.78,-1.36
47.621,-0.96,-1.4,-0.78,-1.36,-0.78,-1.36
47.636,-1.01,-1.43,-0.78,-1.36,-0.78,-1.36
47.652,-1.01,-1.4,-0.78,-1.37,-0.78,-1.37
47.667,-0.96,-1.4,-0.78,-1.37,-0.78,-1.37
47.681,-0.96,-1.4,-0.78,-1.37,-0.78,-1.37
47.697,-0.92,-1.36,-0.78,-1.37,-0.78,-1.37
47.711,-0.94,-1.38,-0.78,-1.37,-0.78,-1.37
47.726,-1.03,-1.43,-0.77,-1.37,-0.78,-1.37
47.742,-1.04,-1.4,-0.78,-1.37,-0.78,-1.37
47.757,-0.94,-1.35,-0.78,-1.37,-0.78,-1.37
47.772,-0.96,-1.3,-0.77,-1.37,-0.78,-1.37
47.787,-1.0,-1.38,-0.77,-1.37,-0.78,-1.37
47.801,-0.98,-1.4,-0.77,-1.37,-0.78,-1.37
47.816,-0.98,-1.38,-0.77,-1.37,-0.78,-1.37
47.831,-0.99,-1.38,-0.77,-1.37,-0.77,-1.37
47.846,-0.95,-1.38,-0.77,-1.37,-0.77,-1.37
47.861,-0.96,-1.4,-0.77,-1.37,-0.77,-1.37
47.875,-0.99,-1.43,-0.77,-1.37,-0.77,-1.37
47.89,-0.97,-1.41,-0.77,-1.37,-0.77,-1.37
47.905,-0.96,-1.34,-0.77,-1.37,-0.77,-1.37
47.919,-0.98,-1.34,-0.77,-1.37,-0.77,-1.37
47.934,-0.96,-1.38,-0.77,-1.37,-0.77,-1.37
47.949,-0.9,-1.4,-0.77,-1.37,-0.77,-1.37
47.963,-0.92,-1.36,-0.77,-1.37,-0.77,-1.37
47.978,-0.98,-1.38,-0.77,-1.37,-0.77,-1.37
47.992,-0.98,-1.43,-0.77,-1.37,-0.77,-1.37
48.007,-0.96,-1.38,-0.77,-1.37,-0.77,-1.37
48.021,-0.93,-1.39,-0.77,-1.37,-0.77,-1.37
48.035,-0.93,-1.41,-0.77,-1.37,-0.77,-1.37
48.05,-0.98,-1.34,-0.77,-1.37,-0.77,-1.37
48.065,-1.02,-1.33,-0.77,-1.37,-0.77,-1.37
48.079,-1.01,-1.38,-0.77,-1.37,-0.77,-1.37
48.094,-0.99,-1.4,-0.77,-1.37,-0.77,-1.37
48.108,-1.0,-1.38,-0.77,-1.37,-0.77,-1.37
48.123,-0.95,-1.37,-0.77,-1.37,-0.77,-1.37
48.138,-0.92,-1.42,-0.77,-1.37,-0.77,-1.37
48.152,-0.97,-1.43,-0.77,-1.37,-0.77,-1.37
48.167,-0.98,-1.38,-0.77,-1.37,-0.77,-1.37
48.181,-0.99,-1.32,-0.77,-1.37,-0.77,-1.37
48.196,-0.98,-1.32,-0.77,-1.37,-0.77,-1.37
48.214,-0.98,-1.41,-0.77,-1.37,-0.77,-1.37
48.229,-0.96,-1.36,-0.77,-1.37,-0.77,-1.37
48.244,-0.96,-1.35,-0.77,-1.37,-0.77,-1.37
48.258,-1.01,-1.34,-0.77,-1.37,-0.77,-1.37
48.273,-1.01,-1.34,-0.77,-1.37,-0.77,-1.37
48.288,-0.92,-1.41,-0.77,-1.36,-0.77,-1.37
48.303,-0.91,-1.43,-0.77,-1.37,-0.77,-1.37
48.322,-0.97,-1.41,-0.77,-1.37,-0.77,-1.37
48.336,-1.0,-1.39,-0.77,-1.37,-0.77,-1.37
48.351,-0.96,-1.39,-0.77,-1.37,-0.77,-1.37
48.365,-0.96,-1.4,-0.77,-1.37,-0.77,-1.37
48.379,-0.96,-1.38,-0.77,-1.37,-0.77,-1.37
48.394,-0.97,-1.35,-0.77,-1.37,-0.77,-1.37
48.408,-0.95,-1.36,-0.77,-1.37,-0.77,-1.37
48.423,-1.01,-1.34,-0.77,-1.37,-0.77,-1.37
48.437,-0.94,-1.42,-0.77,-1.37,-0.77,-1.37
48.452,-0.95,-1.4,-0.77,-1.37,-0.77,-1.37
48.466,-1.02,-1.37,-0.77,-1.37,-0.77,-1.37
48.481,-1.01,-1.38,-0.77,-1.37,-0.77,-1.37
48.495,-0.98,-1.38,-0.77,-1.37,-0.77,-1.37
48.51,-1.01,-1.36,-0.77,-1.37,-0.77,-1.37
48.524,-1.01,-1.31,-0.77,-1.37,-0.77,-1.37
48.539,-1.0,-1.35,-0.77,-1.37,-0.77,-1.37
48.553,-0.97,-1.4,-0.77,-1.37,-0.77,-1.37
48.568,-0.92,-1.47,-0.77,-1.37,-0.77,-1.37
48.582,-0.98,-1.41,-0.77,-1.37,-0.77,-1.37
48.597,-1.0,-1.43,-0.77,-1.37,-0.77,-1.37
48.614,-0.98,-1.4,-0.77,-1.37,-0.77,-1.37
48.632,-1.05,-1.38,-0.77,-1.37,-0.77,-1.37
48.648,-0.92,-1.39,-0.77,-1.37,-0.77,-1.37
48.663,-1.02,-1.37,-0.77,-1.37,-0.77,-1.37
48.678,-0.89,-1.41,-0.77,-1.37,-0.77,-1.37
48.693,-0.96,-1.45,-0.77,-1.37,-0.77,-1.37
48.708,-0.87,-1.43,-0.77,-1.37,-0.77,-1.37
48.723,-1.08,-1.37,-0.76,-1.37,-0.76,-1.37
48.738,-1.15,-1.39,-0.76,-1.37,-0.76,-1.37
48.752,-0.85,-1.42,-0.76,-1.37,-0.77,-1.37
48.767,-0.89,-1.4,-0.76,-1.37,-0.77,-1.37
48.782,-1.05,-1.36,-0.76,-1.37,-0.76,-1.37
48.797,-1.03,-1.39,-0.76,-1.37,-0.77,-1.37
48.812,-1.07,-1.37,-0.77,-1.37,-0.77,-1.37
48.827,-0.92,-1.36,-0.78,-1.37,-0.78,-1.37
48.842,-0.45,-1.35,-0.78,-1.37,-0.78,-1.37
48.858,0.5,-1.34,-0.76,-1.37,-0.75,-1.37
48.873,-0.91,-1.41,-0.69,-1.37,-0.69,-1.37
48.887,-2.57,-1.45,-0.49,-1.38,-0.52,-1.38
48.902,-0.65,-1.34,-0.35,-1.38,-0.35,-1.38
48.916,-1.41,-1.31,-0.15,-1.38,-0.16,-1.38
48.93,-2.88,-1.35,0.05,-1.39,0.02,-1.39
48.945,-3.23,-1.37,0.18,-1.39,0.15,-1.39
48.959,-2.72,-1.2,0.15,-1.39,0.12,-1.39
48.974,-3.74,2.36,0.08,-1.39,0.04,-1.35
48.988,-2.15,0.52,-0.16,-1.34,-0.18,-1.32
49.003,2.22,-1.78,-0.43,-1.31,-0.4,-1.32
49.017,0.43,2.72,-0.4,-1.33,-0.39,-1.29
49.032,-2.86,-1.0,-0.26,-1.32,-0.28,-1.31
49.046,-2.07,-3.99,-0.15,-1.34,-0.17,-1.36
49.06,-2.75,-3.41,-0.13,-1.36,-0.15,-1.39
49.075,-2.39,-2.67,-0.29,-1.35,-0.31,-1.36
49.089,-1.91,-1.33,-0.48,-1.31,-0.49,-1.32
49.104,-0.62,-2.3,-0.6,-1.36,-0.6,-1.36
49.118,0.84,-3.7,-0.65,-1.48,-0.64,-1.5
49.133,-0.61,-2.78,-0.65,-1.59,-0.65,-1.6
49.148,-1.15,-1.99,-0.64,-1.64,-0.64,-1.64
49.163,-1.01,-1.62,-0.59,-1.64,-0.6,-1.64
49.178,-0.8,-1.22,-0.51,-1.62,-0.51,-1.62
49.193,-0.23,-0.51,-0.34,-1.58,-0.34,-1.57
49.208,-1.81,0.85,-0.15,-1.53,-0.17,-1.51
49.223,-2.84,0.13,0.04,-1.44,0.01,-1.42
49.238,-3.49,-0.3,0.18,-1.33,0.14,-1.32
49.252,-3.29,-1.0,0.19,-1.23,0.15,-1.23
49.267,-2.64,-1.88,0.14,-1.13,0.11,-1.14
49.282,-1.95,-1.19,0.03,-1.11,0.01,-1.11
49.296,-2.63,-1.02,-0.09,-1.09,-0.12,-1.09
49.311,-5.13,0.11,-0.19,-1.1,-0.24,-1.08
49.325,-4.35,0.21,-0.23,-1.12,-0.27,-1.11
49.34,-4.74,-2.63,-0.24,-1.14,-0.29,-1.15
49.354,-2.71,-4.21,-0.24,-1.22,-0.27,-1.25
49.368,2.02,-6.13,-0.22,-1.25,-0.2,-1.3
49.382,0.49,-6.51,-0.27,-1.1,-0.27,-1.16
49.397,-4.49,0.43,-0.48,-1.07,-0.52,-1.06
49.411,-6.02,1.19,-0.81,-1.15,-0.86,-1.13
49.425,-7.64,-1.17,-1.05,-1.19,-1.12,-1.19
49.44,-4.76,-1.9,-0.97,-1.16,-1.01,-1.16
49.454,-0.92,-2.02,-0.84,-1.22,-0.84,-1.23
49.469,2.42,-2.24,-0.86,-1.32,-0.82,-1.33
49.484,1.23,-1.51,-0.93,-1.35,-0.91,-1.35
49.498,-2.88,-0.94,-1.08,-1.32,-1.1,-1.32
49.513,-4.32,-0.89,-1.16,-1.2,-1.2,-1.19
49.527,-1.35,-0.47,-1.13,-0.98,-1.13,-0.98
49.541,0.95,-0.48,-0.99,-0.87,-0.97,-0.87
49.556,2.39,-1.63,-0.89,-0.87,-0.86,-0.88
49.571,2.48,-1.65,-0.96,-0.95,-0.93,-0.95
49.585,1.23,-2.12,-1.08,-1.0,-1.06,-1.01
49.6,1.57,-1.95,-1.35,-1.05,-1.33,-1.06
49.615,-0.88,-2.89,-1.72,-1.16,-1.71,-1.18
49.63,-1.95,-3.16,-2.17,-1.24,-2.16,-1.26
49.645,-2.26,-1.18,-2.48,-1.31,-2.48,-1.31
49.66,-2.84,-1.19,-2.53,-1.38,-2.54,-1.38
49.675,-1.59,-0.97,-2.48,-1.43,-2.47,-1.43
49.69,1.4,0.28,-2.24,-1.42,-2.2,-1.41
49.704,5.61,-0.84,-2.02,-1.4,-1.94,-1.4
49.719,2.02,-3.17,-2.01,-1.29,-1.97,-1.3
49.736,-4.78,-1.25,-2.24,-1.22,-2.27,-1.22
49.751,-4.47,-0.23,-2.48,-1.2,-2.5,-1.19
49.766,1.42,-1.3,-2.57,-1.15,-2.53,-1.15
49.781,3.5,-0.8,-2.6,-1.13,-2.54,-1.13
49.796,2.94,-0.71,-2.75,-1.13,-2.7,-1.13
49.811,1.42,-1.55,-2.95,-1.12,-2.9,-1.12
49.825,-2.72,-2.23,-3.08,-1.15,-3.08,-1.16
49.84,-3.55,-1.93,-3.21,-1.19,-3.21,-1.2
49.855,-1.63,-1.08,-3.12,-1.23,-3.1,-1.23
49.87,0.89,-0.75,-2.92,-1.27,-2.88,-1.27
49.884,3.8,1.89,-2.72,-1.37,-2.66,-1.34
49.899,4.55,2.01,-2.58,-1.36,-2.51,-1.33
49.914,3.35,-5.8,-2.64,-1.08,-2.58,-1.13
49.929,4.99,-6.31,-2.85,-0.97,-2.77,-1.02
49.943,2.38,-2.64,-3.19,-0.97,-3.14,-0.99
49.957,1.68,-2.52,-3.54,-0.98,-3.49,-1.0
49.972,1.3,-2.48,-3.83,-0.99,-3.78,-1.01
49.986,0.62,-2.78,-4.06,-1.01,-4.01,-1.03
50.001,0.43,-1.69,-4.23,-1.03,-4.18,-1.04
50.015,1.65,-1.75,-4.32,-1.03,-4.26,-1.04
50.03,1.64,-2.0,-4.39,-1.02,-4.33,-1.03
50.044,2.94,-2.69,-4.6,-1.01,-4.52,-1.03
50.059,6.86,-1.89,-4.94,-1.05,-4.82,-1.06
50.073,4.87,-1.58,-5.34,-1.1,-5.24,-1.1
50.087,4.06,-1.75,-5.74,-1.12,-5.64,-1.13
50.102,5.27,-2.1,-6.08,-1.13,-5.97,-1.14
50.116,5.32,-2.23,-6.36,-1.14,-6.25,-1.15
50.13,6.68,-2.09,-6.65,-1.16,-6.52,-1.17
50.145,7.56,-1.74,-6.96,-1.22,-6.82,-1.22
50.16,6.14,-0.65,-7.2,-1.27,-7.07,-1.26
50.176,5.58,-0.98,-7.37,-1.26,-7.24,-1.26
50.191,6.41,-1.04,-7.63,-1.21,-7.49,-1.21
50.206,6.53,-0.55,-7.9,-1.14,-7.76,-1.13
50.221,5.47,-1.74,-8.11,-1.02,-7.97,-1.03
50.238,8.56,-5.93,-8.37,-0.93,-8.2,-0.98
50.255,10.79,-3.2,-8.69,-1.1,-8.5,-1.12
50.269,12.53,-0.65,-9.05,-1.25,-8.83,-1.24
50.284,10.55,-3.4,-9.35,-1.25,-9.15,-1.27
50.299,6.67,-3.0,-9.52,-1.25,-9.36,-1.27
50.314,8.46,-1.06,-9.64,-1.27,-9.46,-1.27
50.328,10.47,-0.42,-9.72,-1.27,-9.52,-1.26
50.343,10.14,-0.47,-9.75,-1.26,-9.55,-1.25
50.357,6.09,1.39,-9.77,-1.3,-9.61,-1.27
50.371,7.49,2.14,-9.71,-1.3,-9.54,-1.26
50.386,11.22,-2.4,-9.55,-1.2,-9.34,-1.21
50.4,12.81,0.89,-9.17,-1.23,-8.95,-1.21
50.414,13.28,-3.87,-8.87,-1.22,-8.64,-1.24
50.428,16.62,-7.03,-8.83,-1.09,-8.57,-1.15
50.443,19.19,-6.06,-8.95,-1.06,-8.66,-1.11
50.457,13.08,-3.84,-9.16,-1.06,-8.93,-1.09
50.471,12.02,-2.31,-9.41,-1.06,-9.19,-1.08
50.486,12.72,-1.79,-9.63,-1.06,-9.4,-1.07
50.5,12.37,-2.36,-9.75,-1.06,-9.53,-1.07
50.514,10.3,-2.56,-9.9,-1.07,-9.7,-1.08
50.529,10.42,-1.15,-10.02,-1.08,-9.82,-1.08
50.543,11.7,-3.27,-10.0,-1.04,-9.79,-1.06
50.558,19.9,-1.8,-9.95,-1.04,-9.65,-1.05
50.572,23.35,-1.77,-9.98,-1.16,-9.65,-1.16
50.586,15.59,-1.75,-10.02,-1.26,-9.76,-1.26
50.6,14.52,-0.56,-9.99,-1.26,-9.74,-1.26
50.615,15.25,-0.57,-9.9,-1.24,-9.65,-1.23
50.63,15.29,-2.03,-9.81,-1.19,-9.55,-1.2
50.645,17.19,-2.87,-9.72,-1.15,-9.46,-1.17
50.659,17.39,-2.39,-9.51,-1.15,-9.24,-1.16
50.674,17.17,-1.9,-9.26,-1.14,-8.99,-1.14
50.689,18.15,-0.79,-9.0,-1.11,-8.73,-1.1
50.704,13.81,-0.78,-8.61,-1.06,-8.39,-1.06
50.718,12.47,-3.41,-8.03,-1.01,-7.83,-1.04
50.733,14.57,-5.27,-7.58,-1.0,-7.36,-1.05
50.748,16.4,-4.34,-7.5,-1.02,-7.27,-1.05
50.763,15.94,-2.87,-7.48,-1.0,-7.25,-1.02
50.778,16.07,-2.27,-7.22,-0.99,-6.99,-1.01
50.792,15.53,-1.96,-6.81,-0.99,-6.59,-1.0
50.807,13.55,-2.16,-6.39,-0.97,-6.19,-0.99
50.822,12.87,-1.3,-6.1,-0.95,-5.91,-0.95
50.837,14.65,-1.42,-5.93,-0.94,-5.72,-0.94
50.851,14.04,-1.68,-5.73,-0.93,-5.53,-0.94
50.866,12.97,-1.93,-5.55,-0.91,-5.37,-0.92
50.881,14.52,-3.12,-5.41,-0.9,-5.21,-0.92
50.895,15.63,-5.14,-5.31,-0.9,-5.1,-0.94
50.91,14.93,-5.75,-5.22,-0.93,-5.02,-0.98
50.924,15.86,-3.74,-5.15,-1.0,-4.94,-1.02
50.938,15.49,-0.65,-5.08,-1.04,-4.87,-1.04
50.953,14.58,-1.94,-5.16,-0.97,-4.96,-0.98
50.968,16.35,-2.71,-5.28,-0.9,-5.07,-0.92
50.982,16.21,-0.97,-5.27,-0.92,-5.06,-0.92
50.997,13.36,0.38,-5.14,-1.03,-4.96,-1.02
51.011,12.09,2.64,-4.95,-1.15,-4.78,-1.11
51.026,15.69,-1.54,-4.86,-0.98,-4.65,-0.99
51.04,19.14,-6.61,-4.79,-0.83,-4.55,-0.88
51.055,17.53,-3.19,-4.69,-0.93,-4.47,-0.95
51.069,18.57,2.13,-4.67,-1.1,-4.44,-1.07
51.083,19.47,-1.27,-4.65,-1.06,-4.41,-1.06
51.098,17.83,-4.03,-4.55,-0.98,-4.33,-1.01
51.112,17.77,-4.21,-4.47,-0.96,-4.24,-0.99
51.127,16.73,-3.2,-4.43,-0.95,-4.22,-0.97
51.142,16.59,-2.37,-4.45,-0.94,-4.24,-0.95
51.157,17.46,-4.1,-4.46,-0.93,-4.25,-0.96
51.171,18.2,-5.38,-4.5,-0.95,-4.28,-1.0
51.186,18.78,-5.57,-4.48,-1.05,-4.25,-1.1
51.2,19.17,-5.12,-4.58,-1.15,-4.34,-1.19
51.215,16.65,4.0,-4.75,-1.21,-4.54,-1.16
51.23,16.85,4.82,-4.84,-1.15,-4.62,-1.1
51.244,18.82,3.17,-4.88,-1.09,-4.65,-1.05
51.259,20.35,-2.26,-4.84,-1.04,-4.59,-1.05
51.275,20.3,-2.91,-4.79,-1.05,-4.54,-1.07
51.29,20.97,-2.14,-4.79,-1.07,-4.53,-1.08
51.305,19.99,-1.72,-4.78,-1.1,-4.53,-1.11
51.32,19.62,-2.5,-4.81,-1.12,-4.57,-1.14
51.335,18.21,-3.08,-4.86,-1.14,-4.63,-1.16
51.349,19.82,-2.15,-5.03,-1.18,-4.78,-1.19
51.364,22.41,-1.89,-5.35,-1.19,-5.08,-1.2
51.379,22.99,-1.55,-5.82,-1.14,-5.53,-1.14
51.393,29.34,-1.09,-6.44,-1.08,-6.08,-1.08
51.408,33.14,-3.58,-7.08,-0.89,-6.67,-0.92
51.422,36.73,-9.17,-7.7,-0.48,-7.25,-0.57
51.436,22.8,-6.37,-8.08,0.06,-7.77,-0.0
51.451,25.38,3.13,-8.84,-0.18,-8.49,-0.15
51.465,26.52,4.88,-9.61,-1.0,-9.24,-0.94
51.479,23.51,3.71,-9.48,-1.44,-9.15,-1.38
51.495,28.76,-5.93,-9.11,-1.51,-8.74,-1.56
51.51,28.89,-8.52,-8.66,-1.34,-8.28,-1.41
51.525,30.95,-4.16,-8.26,-1.28,-7.86,-1.31
51.539,30.38,-2.76,-7.88,-1.28,-7.49,-1.3
51.553,28.21,-1.24,-7.51,-1.29,-7.15,-1.29
51.568,28.44,-1.47,-7.19,-1.28,-6.83,-1.29
51.582,28.71,-2.06,-6.84,-1.28,-6.48,-1.29
51.597,28.98,-2.42,-6.44,-1.29,-6.09,-1.3
51.611,26.22,-4.31,-6.03,-1.3,-5.71,-1.33
51.626,27.49,-4.97,-5.74,-1.33,-5.41,-1.37
51.641,29.28,-2.39,-5.5,-1.36,-5.15,-1.37
51.656,28.65,1.19,-5.19,-1.32,-4.85,-1.29
51.671,28.47,2.16,-4.88,-1.24,-4.55,-1.21
51.685,28.81,-0.84,-4.56,-1.21,-4.22,-1.2
51.7,28.51,-1.3,-4.21,-1.21,-3.88,-1.21
51.714,28.27,-3.3,-3.86,-1.2,-3.53,-1.22
51.729,27.86,-4.08,-3.52,-1.21,-3.2,-1.24
51.744,28.23,-2.09,-3.21,-1.24,-2.89,-1.25
51.758,28.47,-1.83,-2.9,-1.26,-2.58,-1.26
51.773,28.67,-0.62,-2.58,-1.26,-2.27,-1.26
51.788,28.99,-1.02,-2.25,-1.26,-1.94,-1.26
51.803,27.88,-2.05,-1.86,-1.26,-1.56,-1.27
51.819,27.18,-2.3,-1.47,-1.27,-1.18,-1.28
51.834,28.43,-2.01,-1.19,-1.28,-0.89,-1.29
51.848,28.56,-1.66,-0.92,-1.29,-0.62,-1.29
51.868,28.09,-1.77,-0.62,-1.29,-0.33,-1.3
51.884,28.07,-1.82,-0.32,-1.3,-0.04,-1.3
51.899,28.28,-1.7,-0.04,-1.3,0.25,-1.31
51.913,28.29,-1.7,0.25,-1.31,0.53,-1.31
51.927,28.21,-1.83,0.53,-1.31,0.81,-1.32
51.941,28.19,-1.84,0.81,-1.32,1.08,-1.32
51.956,28.16,-1.86,1.08,-1.32,1.35,-1.33
51.97,28.12,-1.85,1.35,-1.33,1.62,-1.33
51.984,28.13,-1.83,1.63,-1.33,1.89,-1.34
51.998,28.21,-1.81,1.89,-1.34,2.16,-1.34
52.012,28.22,-1.83,2.16,-1.34,2.42,-1.35
52.026,28.27,-1.84,2.42,-1.35,2.68,-1.35
52.04,28.25,-1.81,2.68,-1.35,2.94,-1.36
52.055,28.23,-1.8,2.94,-1.36,3.19,-1.36
52.069,28.19,-1.77,3.19,-1.36,3.44,-1.36
52.083,28.23,-1.79,3.44,-1.36,3.69,-1.37
52.097,28.27,-1.87,3.69,-1.37,3.94,-1.37
52.112,28.22,-1.87,3.94,-1.37,4.18,-1.38
52.126,28.17,-1.85,4.19,-1.38,4.43,-1.38
52.14,28.15,-1.81,4.43,-1.38,4.67,-1.39
52.158,28.2,-1.78,4.67,-1.39,4.9,-1.39
52.172,28.18,-1.78,4.91,-1.39,5.14,-1.39
52.187,28.23,-1.84,5.14,-1.39,5.37,-1.4
52.201,28.23,-1.85,5.38,-1.4,5.6,-1.4
52.216,28.24,-1.83,5.61,-1.4,5.83,-1.4
52.231,28.22,-1.79,5.83,-1.4,6.06,-1.41
52.245,28.19,-1.78,6.06,-1.41,6.28,-1.41
52.26,28.21,-1.79,6.28,-1.41,6.5,-1.42
52.275,28.22,-1.82,6.51,-1.41,6.72,-1.42
52.289,28.19,-1.82,6.73,-1.42,6.94,-1.42
52.304,28.19,-1.85,6.94,-1.42,7.16,-1.43
52.319,28.19,-1.87,7.16,-1.43,7.37,-1.43
52.333,28.2,-1.89,7.37,-1.43,7.58,-1.44
52.348,28.18,-1.85,7.58,-1.44,7.79,-1.44
52.362,28.23,-1.74,7.79,-1.44,7.99,-1.44
52.376,28.23,-1.79,8.0,-1.44,8.2,-1.45
52.391,28.23,-1.84,8.2,-1.45,8.4,-1.45
52.405,28.22,-1.79,8.4,-1.45,8.6,-1.45
52.419,28.23,-1.79,8.6,-1.45,8.8,-1.46
52.433,28.22,-1.81,8.8,-1.46,9.0,-1.46
52.447,28.24,-1.81,9.0,-1.46,9.19,-1.46
52.461,28.15,-1.79,9.19,-1.46,9.38,-1.47
52.476,28.15,-1.78,9.38,-1.47,9.57,-1.47
52.49,28.19,-1.77,9.57,-1.47,9.76,-1.47
52.504,28.15,-1.83,9.76,-1.47,9.95,-1.48
52.518,28.14,-1.85,9.95,-1.48,10.13,-1.48
52.532,28.14,-1.8,10.13,-1.48,10.31,-1.48
52.546,28.17,-1.77,10.31,-1.48,10.49,-1.49
52.561,28.26,-1.79,10.5,-1.49,10.67,-1.49
52.575,28.24,-1.8,10.68,-1.49,10.85,-1.49
52.589,28.24,-1.81,10.85,-1.49,11.03,-1.5
52.603,28.22,-1.88,11.03,-1.5,11.2,-1.5
52.617,28.19,-1.85,11.2,-1.5,11.37,-1.5
52.631,28.15,-1.74,11.38,-1.5,11.54,-1.51
52.646,28.2,-1.76,11.55,-1.5,11.71,-1.51
52.66,28.29,-1.82,11.71,-1.51,11.88,-1.51
52.675,28.26,-1.84,11.88,-1.51,12.05,-1.51
52.689,28.24,-1.79,12.05,-1.51,12.21,-1.52
52.704,28.2,-1.79,12.21,-1.52,12.37,-1.52
52.719,28.18,-1.84,12.38,-1.52,12.53,-1.52
52.733,28.21,-1.81,12.54,-1.52,12.69,-1.52
52.748,28.2,-1.82,12.7,-1.52,12.85,-1.53
52.762,28.23,-1.82,12.85,-1.53,13.01,-1.53
52.776,28.24,-1.85,13.01,-1.53,13.16,-1.53
52.791,28.2,-1.86,13.16,-1.53,13.31,-1.54
52.806,28.25,-1.85,13.32,-1.54,13.46,-1.54
52.82,28.17,-1.7,13.47,-1.54,13.61,-1.54
52.835,28.11,-1.71,13.62,-1.54,13.76,-1.54
52.849,28.23,-1.95,13.76,-1.54,13.91,-1.55
52.864,28.44,-2.13,13.91,-1.55,14.05,-1.55
52.879,27.89,-1.4,14.06,-1.56,14.2,-1.55
52.893,27.83,-1.58,14.2,-1.55,14.34,-1.55
52.907,28.18,-2.04,14.34,-1.55,14.48,-1.56
52.922,28.47,-2.08,14.48,-1.56,14.62,-1.56
52.936,28.22,-1.71,14.62,-1.56,14.76,-1.56
52.95,28.08,-1.67,14.76,-1.57,14.89,-1.57
52.964,28.1,-1.68,14.9,-1.57,15.03,-1.57
52.978,28.38,-1.87,15.03,-1.57,15.17,-1.57
52.992,28.46,-1.91,15.17,-1.57,15.3,-1.58
53.006,28.05,-1.76,15.31,-1.58,15.43,-1.58
53.02,28.02,-1.73,15.44,-1.58,15.57,-1.58
53.034,28.1,-1.76,15.57,-1.59,15.69,-1.59
53.048,28.27,-1.83,15.69,-1.59,15.82,-1.59
53.062,28.14,-1.8,15.82,-1.59,15.95,-1.59
53.077,28.13,-1.78,15.95,-1.59,16.07,-1.59
53.091,28.19,-1.84,16.07,-1.59,16.19,-1.59
53.105,28.26,-1.79,16.2,-1.59,16.32,-1.6
53.119,28.25,-1.8,16.32,-1.6,16.44,-1.6
53.133,28.25,-1.82,16.44,-1.6,16.56,-1.6
53.148,28.15,-1.78,16.56,-1.6,16.68,-1.6
53.162,28.14,-1.8,16.68,-1.6,16.8,-1.6
53.177,28.24,-1.85,16.8,-1.6,16.91,-1.61
53.191,28.26,-1.83,16.92,-1.61,17.03,-1.61
53.206,28.24,-1.77,17.03,-1.61,17.15,-1.61
53.221,28.19,-1.77,17.15,-1.61,17.26,-1.61
53.237,28.13,-1.85,17.26,-1.61,17.37,-1.61
53.251,28.17,-1.82,17.37,-1.61,17.48,-1.62
53.266,28.18,-1.76,17.48,-1.62,17.59,-1.62
53.281,28.19,-1.75,17.59,-1.62,17.7,-1.62
53.295,28.19,-1.8,17.7,-1.62,17.8,-1.62
53.31,28.2,-1.81,17.8,-1.62,17.91,-1.62
53.325,28.17,-1.83,17.91,-1.62,18.01,-1.62
53.339,28.15,-1.79,18.02,-1.62,18.12,-1.63
53.354,28.25,-1.82,18.12,-1.62,18.22,-1.63
53.368,28.29,-1.78,18.22,-1.63,18.32,-1.63
53.382,28.15,-1.76,18.32,-1.63,18.42,-1.63
53.397,28.11,-1.78,18.42,-1.63,18.52,-1.63
53.411,28.13,-1.84,18.52,-1.63,18.62,-1.63
53.425,28.18,-1.83,18.62,-1.63,18.71,-1.63
53.439,28.2,-1.79,18.72,-1.63,18.81,-1.63
53.453,28.2,-1.7,18.81,-1.64,18.91,-1.64
53.467,28.21,-1.66,18.91,-1.64,19.0,-1.64
53.481,28.2,-1.81,19.01,-1.64,19.1,-1.64
53.499,28.15,-1.93,19.1,-1.64,19.19,-1.64
53.514,28.18,-1.9,19.19,-1.64,19.28,-1.64
53.528,28.21,-1.8,19.28,-1.64,19.37,-1.65
53.542,28.31,-1.63,19.37,-1.65,19.46,-1.65
53.557,28.3,-1.67,19.47,-1.65,19.55,-1.65
53.571,28.18,-1.88,19.56,-1.65,19.64,-1.65
53.585,28.13,-1.92,19.65,-1.65,19.73,-1.65
53.6,28.21,-1.78,19.73,-1.65,19.82,-1.65
53.614,28.2,-1.72,19.82,-1.65,19.9,-1.65
53.628,28.18,-1.69,19.9,-1.65,19.99,-1.65
53.642,28.12,-1.73,19.99,-1.65,20.07,-1.65
53.657,28.15,-1.82,20.07,-1.66,20.15,-1.66
53.671,28.11,-1.86,20.16,-1.66,20.24,-1.66
53.686,28.12,-1.77,20.24,-1.66,20.32,-1.66
53.7,28.22,-1.69,20.32,-1.66,20.4,-1.66
53.715,28.23,-1.74,20.4,-1.66,20.48,-1.66
53.729,28.18,-1.91,20.48,-1.66,20.56,-1.66
53.744,28.14,-1.89,20.56,-1.66,20.64,-1.67
53.758,28.15,-1.8,20.64,-1.67,20.71,-1.67
53.773,28.13,-1.76,20.72,-1.67,20.79,-1.67
53.787,28.23,-1.65,20.79,-1.67,20.87,-1.67
53.802,28.3,-1.68,20.87,-1.67,20.95,-1.67
53.817,28.14,-1.81,20.95,-1.67,21.02,-1.67
53.831,28.12,-1.87,21.02,-1.67,21.09,-1.67
53.846,28.21,-1.81,21.09,-1.67,21.17,-1.67
53.86,28.23,-1.76,21.17,-1.67,21.24,-1.67
53.874,28.21,-1.69,21.24,-1.67,21.31,-1.67
53.889,28.2,-1.78,21.31,-1.67,21.38,-1.68
53.903,28.23,-1.79,21.38,-1.68,21.45,-1.68
53.917,28.21,-1.91,21.45,-1.68,21.52,-1.68
53.931,28.2,-1.89,21.52,-1.68,21.59,-1.68
53.945,28.19,-1.71,21.59,-1.68,21.66,-1.68
53.959,28.13,-1.67,21.66,-1.68,21.73,-1.68
53.974,28.11,-1.67,21.73,-1.68,21.79,-1.68
53.988,28.16,-1.84,21.79,-1.68,21.86,-1.68
54.003,28.16,-1.85,21.86,-1.68,21.92,-1.68
54.017,28.16,-1.81,21.92,-1.68,21.99,-1.68
54.031,28.2,-1.74,21.99,-1.68,22.05,-1.68
54.045,28.19,-1.7,22.05,-1.68,22.12,-1.68
54.059,28.2,-1.75,22.12,-1.68,22.18,-1.68
54.073,28.19,-1.88,22.18,-1.68,22.24,-1.69
54.087,28.22,-1.89,22.24,-1.69,22.3,-1.69
54.101,28.24,-1.86,22.3,-1.69,22.36,-1.69
54.116,28.2,-1.81,22.37,-1.69,22.42,-1.69
54.13,28.2,-1.78,22.43,-1.69,22.48,-1.69
54.144,28.23,-1.67,22.49,-1.69,22.54,-1.69
54.158,28.22,-1.69,22.55,-1.69,22.6,-1.69
54.173,28.16,-1.8,22.6,-1.69,22.66,-1.69
54.187,28.17,-1.83,22.66,-1.69,22.72,-1.69
54.202,28.16,-1.79,22.72,-1.69,22.77,-1.69
54.216,28.16,-1.77,22.78,-1.69,22.83,-1.69
54.23,28.19,-1.76,22.83,-1.69,22.88,-1.69
54.245,28.21,-1.85,22.89,-1.69,22.94,-1.69
54.26,28.23,-1.9,22.94,-1.69,22.99,-1.7
54.274,28.18,-1.8,22.99,-1.7,23.05,-1.7
54.289,28.16,-1.78,23.05,-1.7,23.1,-1.7
54.303,28.2,-1.69,23.1,-1.7,23.15,-1.7
54.318,28.21,-1.72,23.16,-1.7,23.21,-1.7
54.332,28.26,-1.78,23.21,-1.7,23.26,-1.7
54.346,28.17,-1.82,23.26,-1.7,23.31,-1.7
54.361,28.11,-1.83,23.31,-1.7,23.36,-1.7
54.375,28.17,-1.78,23.37,-1.7,23.41,-1.7
54.39,28.19,-1.74,23.42,-1.7,23.46,-1.7
54.404,28.21,-1.76,23.46,-1.7,23.51,-1.7
54.418,28.26,-1.75,23.51,-1.7,23.56,-1.7
54.432,28.15,-1.85,23.56,-1.7,23.61,-1.7
54.446,28.12,-1.91,23.61,-1.7,23.66,-1.71
54.46,28.22,-1.8,23.66,-1.71,23.71,-1.71
54.474,28.23,-1.7,23.71,-1.71,23.75,-1.71
54.488,28.25,-1.7,23.76,-1.71,23.8,-1.71
54.502,28.23,-1.78,23.8,-1.71,23.85,-1.71
54.517,28.18,-1.83,23.85,-1.71,23.89,-1.71
54.531,28.21,-1.76,23.89,-1.71,23.94,-1.71
54.548,28.14,-1.77,23.94,-1.71,23.98,-1.71
54.562,28.11,-1.79,23.98,-1.71,24.02,-1.71
54.577,28.17,-1.81,24.03,-1.71,24.07,-1.71
54.591,28.25,-1.88,24.07,-1.71,24.11,-1.72
54.605,28.23,-1.88,24.11,-1.71,24.15,-1.72
54.619,28.18,-1.78,24.16,-1.72,24.2,-1.72
54.633,28.2,-1.77,24.2,-1.72,24.24,-1.72
54.647,28.18,-1.75,24.24,-1.72,24.28,-1.72
54.661,28.21,-1.78,24.28,-1.72,24.32,-1.72
54.676,28.23,-1.81,24.32,-1.72,24.36,-1.72
54.69,28.23,-1.81,24.36,-1.72,24.4,-1.72
54.705,28.24,-1.8,24.41,-1.72,24.44,-1.72
54.719,28.15,-1.76,24.45,-1.72,24.48,-1.72
54.734,28.13,-1.76,24.49,-1.72,24.52,-1.72
54.749,28.22,-1.84,24.52,-1.72,24.56,-1.72
54.763,28.21,-1.85,24.56,-1.72,24.6,-1.72
54.778,28.2,-1.81,24.6,-1.72,24.64,-1.72
54.792,28.19,-1.8,24.64,-1.72,24.67,-1.72
54.807,28.23,-1.77,24.68,-1.72,24.71,-1.72
54.821,28.26,-1.74,24.71,-1.72,24.75,-1.72
54.836,28.24,-1.78,24.75,-1.72,24.79,-1.72
54.851,28.24,-1.83,24.79,-1.72,24.82,-1.73
54.865,28.19,-1.78,24.83,-1.73,24.86,-1.73
54.879,28.18,-1.76,24.86,-1.73,24.9,-1.73
54.894,28.11,-1.75,24.9,-1.73,24.93,-1.73
54.909,28.11,-1.75,24.93,-1.73,24.96,-1.73
54.923,28.15,-1.77,24.97,-1.73,25.0,-1.73
54.937,28.24,-1.84,25.0,-1.73,25.03,-1.73
54.951,28.25,-1.82,25.03,-1.73,25.07,-1.73
54.965,28.16,-1.78,25.07,-1.73,25.1,-1.73
54.979,28.2,-1.74,25.1,-1.73,25.13,-1.73
54.993,28.24,-1.76,25.13,-1.73,25.17,-1.73
55.008,28.23,-1.76,25.17,-1.73,25.2,-1.73
55.022,28.19,-1.74,25.2,-1.73,25.23,-1.73
55.036,28.22,-1.77,25.23,-1.73,25.26,-1.73
55.05,28.22,-1.76,25.26,-1.73,25.29,-1.73
55.064,28.15,-1.73,25.3,-1.73,25.33,-1.73
55.079,28.16,-1.72,25.33,-1.73,25.36,-1.73
55.093,28.23,-1.76,25.36,-1.73,25.39,-1.73
55.107,28.28,-1.83,25.39,-1.73,25.42,-1.73
55.123,28.23,-1.85,25.42,-1.73,25.45,-1.74
55.137,28.26,-1.8,25.45,-1.74,25.48,-1.74
55.152,28.18,-1.77,25.48,-1.74,25.51,-1.74
55.166,28.14,-1.79,25.51,-1.74,25.53,-1.74
55.18,28.15,-1.79,25.54,-1.74,25.56,-1.74
55.195,28.2,-1.8,25.57,-1.74,25.59,-1.74
55.21,28.26,-1.81,25.6,-1.74,25.62,-1.74
55.224,28.18,-1.79,25.62,-1.74,25.65,-1.74
55.238,28.12,-1.72,25.65,-1.74,25.68,-1.74
55.253,28.16,-1.78,25.68,-1.74,25.7,-1.74
55.268,28.2,-1.78,25.71,-1.74,25.73,-1.74
55.282,28.24,-1.85,25.73,-1.74,25.76,-1.74
55.296,28.26,-1.85,25.76,-1.74,25.78,-1.74
55.311,28.19,-1.74,25.79,-1.74,25.81,-1.74
55.326,28.14,-1.73,25.81,-1.74,25.84,-1.74
55.34,28.18,-1.81,25.84,-1.74,25.86,-1.74
55.355,28.18,-1.83,25.86,-1.74,25.88,-1.74
55.37,28.16,-1.78,25.89,-1.74,25.91,-1.74
55.384,28.13,-1.8,25.91,-1.74,25.93,-1.74
55.398,28.19,-1.83,25.94,-1.74,25.96,-1.75
55.413,28.17,-1.77,25.96,-1.75,25.98,-1.75
55.427,28.16,-1.72,25.99,-1.75,26.01,-1.74
55.441,28.23,-1.81,26.01,-1.75,26.03,-1.75
55.455,28.26,-1.81,26.03,-1.75,26.06,-1.75
55.469,28.21,-1.8,26.06,-1.75,26.08,-1.75
55.483,28.17,-1.81,26.08,-1.75,26.1,-1.75
55.498,28.16,-1.8,26.11,-1.75,26.13,-1.75
55.512,28.17,-1.81,26.13,-1.75,26.15,-1.75
55.527,28.12,-1.82,26.15,-1.75,26.17,-1.75
55.541,28.13,-1.78,26.17,-1.75,26.19,-1.75
55.555,28.16,-1.77,26.2,-1.75,26.21,-1.75
55.569,28.15,-1.76,26.22,-1.75,26.24,-1.75
55.583,28.16,-1.77,26.24,-1.75,26.26,-1.75
55.597,28.17,-1.81,26.26,-1.75,26.28,-1.75
55.611,28.13,-1.8,26.28,-1.75,26.3,-1.75
55.625,28.17,-1.75,26.3,-1.75,26.32,-1.75
55.643,28.26,-1.77,26.32,-1.75,26.34,-1.75
55.657,28.21,-1.74,26.34,-1.75,26.36,-1.75
55.672,28.15,-1.72,26.36,-1.75,26.38,-1.75
55.687,28.13,-1.79,26.39,-1.75,26.4,-1.75
55.701,28.15,-1.86,26.4,-1.75,26.42,-1.75
55.715,28.2,-1.8,26.42,-1.75,26.44,-1.75
55.729,28.2,-1.73,26.44,-1.75,26.46,-1.75
55.743,28.19,-1.71,26.46,-1.75,26.48,-1.75
55.758,28.16,-1.81,26.48,-1.75,26.5,-1.75
55.772,28.17,-1.82,26.5,-1.75,26.52,-1.76
55.787,28.15,-1.81,26.52,-1.76,26.54,-1.76
55.801,28.16,-1.79,26.54,-1.76,26.56,-1.76
55.816,28.21,-1.79,26.56,-1.76,26.58,-1.76
55.83,28.24,-1.77,26.58,-1.76,26.6,-1.76
55.845,28.23,-1.84,26.6,-1.76,26.61,-1.76
55.86,28.18,-1.84,26.62,-1.76,26.63,-1.76
55.874,28.14,-1.79,26.63,-1.76,26.65,-1.76
55.889,28.22,-1.83,26.65,-1.76,26.67,-1.76
55.904,28.22,-1.82,26.67,-1.76,26.68,-1.76
55.919,28.21,-1.78,26.68,-1.76,26.7,-1.76
55.934,28.35,-1.75,26.7,-1.76,26.72,-1.76
55.948,28.31,-1.85,26.72,-1.76,26.73,-1.76
55.962,28.01,-1.82,26.74,-1.76,26.75,-1.76
55.977,28.03,-1.73,26.75,-1.76,26.76,-1.76
55.991,28.33,-1.78,26.77,-1.76,26.78,-1.76
56.006,28.27,-1.78,26.78,-1.76,26.8,-1.76
56.02,28.08,-1.78,26.8,-1.76,26.81,-1.76
56.035,28.19,-1.78,26.81,-1.76,26.83,-1.76
56.05,28.25,-1.81,26.83,-1.76,26.84,-1.76
56.064,28.1,-1.78,26.85,-1.76,26.86,-1.76
56.078,28.1,-1.73,26.86,-1.76,26.87,-1.76
56.092,28.31,-1.8,26.88,-1.76,26.89,-1.76
56.107,28.24,-1.87,26.89,-1.76,26.91,-1.76
56.121,28.16,-1.72,26.91,-1.76,26.92,-1.76
56.135,28.17,-1.69,26.92,-1.76,26.94,-1.76
56.15,28.19,-1.8,26.94,-1.76,26.95,-1.76
56.164,28.21,-1.83,26.95,-1.76,26.97,-1.76
56.179,28.22,-1.82,26.97,-1.76,26.98,-1.76
56.193,28.16,-1.81,26.98,-1.76,26.99,-1.76
56.208,28.13,-1.83,27.0,-1.76,27.01,-1.76
56.223,28.21,-1.83,27.01,-1.76,27.02,-1.76
56.238,28.2,-1.74,27.02,-1.76,27.03,-1.76
56.252,28.1,-1.71,27.04,-1.76,27.05,-1.76
56.267,28.13,-1.74,27.05,-1.76,27.06,-1.76
56.281,28.27,-1.81,27.06,-1.76,27.07,-1.76
56.302,28.13,-1.78,27.08,-1.76,27.09,-1.76
56.317,28.11,-1.8,27.09,-1.76,27.1,-1.76
56.331,28.2,-1.78,27.1,-1.76,27.11,-1.76
56.346,28.25,-1.78,27.11,-1.76,27.13,-1.76
56.361,28.22,-1.72,27.13,-1.76,27.14,-1.76
56.376,28.21,-1.76,27.14,-1.76,27.15,-1.76
56.39,28.24,-1.83,27.15,-1.76,27.17,-1.76
56.405,28.18,-1.84,27.17,-1.76,27.18,-1.76
56.419,28.11,-1.77,27.18,-1.76,27.19,-1.76
56.433,28.15,-1.76,27.19,-1.76,27.2,-1.76
56.448,28.19,-1.87,27.2,-1.76,27.21,-1.76
56.462,28.16,-1.87,27.21,-1.76,27.22,-1.76
56.476,28.12,-1.78,27.22,-1.76,27.23,-1.76
56.491,28.11,-1.78,27.24,-1.76,27.24,-1.76
56.505,28.11,-1.78,27.25,-1.76,27.25,-1.77
56.522,28.27,-1.78,27.26,-1.77,27.27,-1.77
56.536,28.17,-1.82,27.27,-1.77,27.28,-1.77
56.551,28.18,-1.84,27.28,-1.77,27.29,-1.77
56.565,28.24,-1.74,27.29,-1.77,27.3,-1.77
56.579,28.18,-1.71,27.3,-1.77,27.31,-1.77
56.594,28.15,-1.73,27.31,-1.77,27.32,-1.77
56.608,28.22,-1.73,27.32,-1.77,27.33,-1.76
56.623,28.19,-1.72,27.33,-1.76,27.34,-1.76
56.637,28.15,-1.76,27.34,-1.76,27.35,-1.76
56.651,28.12,-1.81,27.35,-1.76,27.36,-1.76
56.666,28.11,-1.83,27.36,-1.76,27.37,-1.76
56.68,28.16,-1.76,27.37,-1.76,27.38,-1.76
56.695,28.21,-1.69,27.38,-1.76,27.39,-1.76
56.709,28.22,-1.72,27.39,-1.76,27.4,-1.76
56.724,28.14,-1.77,27.4,-1.76,27.41,-1.76
56.744,28.14,-1.78,27.41,-1.76,27.42,-1.76
56.761,28.14,-1.77,27.42,-1.76,27.43,-1.76
56.775,28.18,-1.72,27.43,-1.76,27.44,-1.76
56.79,28.19,-1.73,27.44,-1.76,27.45,-1.76
56.805,28.16,-1.85,27.45,-1.76,27.46,-1.76
56.82,28.14,-1.85,27.46,-1.76,27.47,-1.76
56.835,28.17,-1.73,27.47,-1.76,27.48,-1.76
56.849,28.18,-1.76,27.48,-1.76,27.48,-1.76
56.864,28.14,-1.87,27.49,-1.76,27.49,-1.76
56.879,28.14,-1.85,27.49,-1.76,27.5,-1.76
56.894,28.2,-1.78,27.5,-1.76,27.51,-1.76
56.909,28.22,-1.76,27.51,-1.76,27.52,-1.76
56.924,28.21,-1.83,27.52,-1.76,27.53,-1.76
56.938,28.19,-1.81,27.53,-1.77,27.54,-1.77
56.953,28.19,-1.71,27.54,-1.77,27.54,-1.76
56.968,28.18,-1.71,27.55,-1.76,27.55,-1.76
56.983,28.14,-1.8,27.55,-1.76,27.56,-1.76
56.997,28.14,-1.81,27.56,-1.77,27.57,-1.77
57.011,28.2,-1.81,27.57,-1.77,27.58,-1.77
57.026,28.21,-1.81,27.58,-1.76,27.59,-1.77
57.04,28.22,-1.7,27.59,-1.76,27.59,-1.76
57.055,28.21,-1.71,27.6,-1.76,27.6,-1.76
57.069,28.21,-1.77,27.61,-1.76,27.61,-1.76
57.083,28.19,-1.84,27.61,-1.76,27.62,-1.76
57.097,28.2,-1.79,27.62,-1.76,27.63,-1.77
57.111,28.22,-1.77,27.63,-1.77,27.63,-1.77
57.126,28.22,-1.83,27.63,-1.76,27.64,-1.76
57.14,28.18,-1.86,27.64,-1.76,27.65,-1.77
57.154,28.23,-1.82,27.65,-1.77,27.66,-1.77
57.172,28.28,-1.75,27.66,-1.77,27.67,-1.77
57.187,28.24,-1.75,27.67,-1.77,27.67,-1.77
57.202,28.18,-1.81,27.67,-1.77,27.68,-1.77
57.216,28.15,-1.79,27.68,-1.77,27.69,-1.77
57.231,28.16,-1.77,27.69,-1.77,27.69,-1.77
57.245,28.19,-1.8,27.69,-1.77,27.7,-1.77
57.26,28.23,-1.79,27.7,-1.77,27.71,-1.77
57.274,28.26,-1.77,27.71,-1.77,27.71,-1.77
57.289,28.24,-1.79,27.72,-1.77,27.72,-1.77
57.303,28.18,-1.77,27.72,-1.77,27.73,-1.77
57.318,28.15,-1.74,27.73,-1.77,27.73,-1.77
57.332,28.16,-1.78,27.74,-1.77,27.74,-1.77
57.346,28.17,-1.8,27.74,-1.77,27.75,-1.77
57.361,28.19,-1.78,27.75,-1.77,27.75,-1.77
57.376,28.18,-1.82,27.76,-1.77,27.76,-1.77
57.39,28.19,-1.82,27.76,-1.77,27.77,-1.77
57.405,28.21,-1.79,27.77,-1.77,27.77,-1.77
57.419,28.21,-1.77,27.78,-1.77,27.78,-1.77
57.434,28.17,-1.77,27.78,-1.77,27.79,-1.77
57.449,28.15,-1.77,27.79,-1.77,27.79,-1.77
57.463,28.18,-1.77,27.8,-1.77,27.8,-1.77
57.477,28.17,-1.74,27.8,-1.77,27.81,-1.77
57.491,28.18,-1.76,27.81,-1.77,27.81,-1.77
57.505,28.15,-1.79,27.81,-1.77,27.82,-1.77
57.52,28.2,-1.78,27.82,-1.77,27.82,-1.77
57.534,28.26,-1.74,27.82,-1.77,27.83,-1.77
57.548,28.22,-1.73,27.83,-1.77,27.83,-1.77
57.562,28.19,-1.75,27.84,-1.77,27.84,-1.77
57.576,28.2,-1.82,27.84,-1.77,27.84,-1.77
57.591,28.2,-1.84,27.85,-1.77,27.85,-1.77
57.606,28.18,-1.79,27.85,-1.77,27.85,-1.77
57.621,28.16,-1.83,27.86,-1.76,27.86,-1.77
57.635,28.16,-1.8,27.86,-1.77,27.86,-1.77
57.649,28.18,-1.76,27.87,-1.76,27.87,-1.76
57.663,28.18,-1.8,27.87,-1.76,27.87,-1.76
57.678,28.21,-1.83,27.88,-1.76,27.88,-1.76
57.693,28.22,-1.8,27.88,-1.77,27.88,-1.77
57.707,28.24,-1.78,27.89,-1.77,27.89,-1.77
57.722,28.18,-1.74,27.89,-1.77,27.9,-1.77
57.736,28.19,-1.77,27.9,-1.77,27.9,-1.77
57.751,28.22,-1.82,27.9,-1.77,27.91,-1.77
57.766,28.23,-1.81,27.91,-1.77,27.91,-1.77
57.78,28.23,-1.78,27.91,-1.77,27.92,-1.77
57.795,28.21,-1.75,27.92,-1.77,27.92,-1.77
57.81,28.2,-1.75,27.92,-1.77,27.93,-1.77
57.825,28.16,-1.81,27.93,-1.77,27.93,-1.77
57.84,28.19,-1.81,27.93,-1.77,27.93,-1.77
57.855,28.21,-1.8,27.94,-1.77,27.94,-1.77
57.869,28.18,-1.78,27.94,-1.77,27.94,-1.77
57.884,28.17,-1.76,27.95,-1.77,27.95,-1.77
57.898,28.19,-1.78,27.95,-1.77,27.95,-1.77
57.913,28.2,-1.82,27.96,-1.77,27.96,-1.77
57.928,28.17,-1.81,27.96,-1.77,27.96,-1.77
57.942,28.23,-1.75,27.96,-1.77,27.97,-1.77
57.956,28.24,-1.72,27.97,-1.77,27.97,-1.77
57.97,28.18,-1.76,27.97,-1.77,27.97,-1.77
57.984,28.16,-1.77,27.98,-1.77,27.98,-1.77
57.999,28.13,-1.8,27.98,-1.77,27.98,-1.77
58.013,28.19,-1.79,27.98,-1.77,27.98,-1.77
58.027,28.23,-1.79,27.99,-1.77,27.99,-1.77
58.042,28.24,-1.82,27.99,-1.77,27.99,-1.77
58.056,28.25,-1.83,27.99,-1.77,28.0,-1.77
58.07,28.22,-1.77,28.0,-1.77,28.0,-1.77
58.084,28.19,-1.77,28.0,-1.77,28.0,-1.77
58.098,28.24,-1.79,28.01,-1.77,28.01,-1.77
58.113,28.2,-1.74,28.01,-1.77,28.01,-1.77
58.127,28.18,-1.72,28.02,-1.77,28.02,-1.77
58.141,28.19,-1.79,28.02,-1.77,28.02,-1.77
58.155,28.21,-1.81,28.02,-1.77,28.02,-1.77
58.169,28.24,-1.85,28.03,-1.77,28.03,-1.77
58.183,28.26,-1.78,28.03,-1.77,28.03,-1.77
58.198,28.24,-1.76,28.03,-1.77,28.04,-1.77
58.212,28.22,-1.8,28.04,-1.77,28.04,-1.77
58.227,28.22,-1.82,28.04,-1.77,28.04,-1.77
58.241,28.19,-1.81,28.05,-1.77,28.05,-1.77
58.256,28.16,-1.81,28.05,-1.77,28.05,-1.77
58.27,28.24,-1.8,28.05,-1.77,28.05,-1.77
58.285,28.21,-1.78,28.06,-1.77,28.06,-1.77
58.299,28.2,-1.74,28.06,-1.77,28.06,-1.77
58.314,28.23,-1.77,28.06,-1.77,28.07,-1.77
58.329,28.22,-1.82,28.07,-1.77,28.07,-1.77
58.343,28.17,-1.78,28.07,-1.77,28.07,-1.77
58.358,28.25,-1.83,28.07,-1.77,28.07,-1.77
58.375,28.24,-1.75,28.08,-1.77,28.08,-1.77
58.39,28.16,-1.72,28.08,-1.77,28.08,-1.77
58.404,28.15,-1.75,28.08,-1.77,28.08,-1.77
58.418,28.23,-1.77,28.09,-1.77,28.09,-1.77
58.432,28.21,-1.78,28.09,-1.77,28.09,-1.77
58.446,28.15,-1.74,28.09,-1.77,28.09,-1.77
58.461,28.14,-1.74,28.1,-1.77,28.1,-1.77
58.475,28.17,-1.8,28.1,-1.77,28.1,-1.77
58.489,28.2,-1.82,28.1,-1.77,28.1,-1.77
58.503,28.23,-1.78,28.1,-1.77,28.11,-1.77
58.518,28.2,-1.79,28.11,-1.77,28.11,-1.77
58.532,28.18,-1.78,28.11,-1.77,28.11,-1.77
58.546,28.17,-1.76,28.11,-1.77,28.11,-1.77
58.56,28.19,-1.78,28.11,-1.77,28.12,-1.77
58.575,28.29,-1.73,28.12,-1.77,28.12,-1.77
58.589,28.26,-1.74,28.12,-1.77,28.12,-1.77
58.603,28.21,-1.8,28.12,-1.77,28.12,-1.77
58.617,28.18,-1.78,28.13,-1.77,28.13,-1.77
58.631,28.18,-1.77,28.13,-1.77,28.13,-1.77
58.646,28.21,-1.77,28.13,-1.77,28.13,-1.77
58.66,28.21,-1.77,28.14,-1.77,28.14,-1.77
58.675,28.2,-1.8,28.14,-1.77,28.14,-1.77
58.689,28.2,-1.78,28.14,-1.77,28.14,-1.77
58.704,28.18,-1.79,28.14,-1.77,28.14,-1.77
58.718,28.2,-1.79,28.15,-1.77,28.15,-1.77
58.733,28.21,-1.78,28.15,-1.77,28.15,-1.77
58.748,28.23,-1.78,28.15,-1.77,28.15,-1.77
58.763,28.22,-1.81,28.15,-1.77,28.15,-1.77
58.777,28.2,-1.81,28.16,-1.77,28.16,-1.77
58.792,28.16,-1.79,28.16,-1.77,28.16,-1.77
58.806,28.2,-1.78,28.16,-1.77,28.16,-1.77
58.82,28.22,-1.81,28.16,-1.77,28.16,-1.77
58.835,28.21,-1.81,28.16,-1.77,28.16,-1.77
58.849,28.16,-1.82,28.17,-1.77,28.17,-1.77
58.864,28.14,-1.81,28.17,-1.77,28.17,-1.77
58.879,28.19,-1.78,28.17,-1.77,28.17,-1.77
58.893,28.22,-1.78,28.17,-1.77,28.17,-1.77
58.908,28.17,-1.8,28.18,-1.77,28.18,-1.77
58.922,28.17,-1.81,28.18,-1.77,28.18,-1.77
58.937,28.19,-1.81,28.18,-1.77,28.18,-1.77
58.951,28.18,-1.79,28.18,-1.77,28.18,-1.78
58.965,28.11,-1.76,28.19,-1.78,28.19,-1.77
58.98,28.14,-1.76,28.19,-1.77,28.19,-1.77
58.994,28.2,-1.8,28.19,-1.77,28.19,-1.77
59.008,28.21,-1.81,28.19,-1.77,28.19,-1.77
59.022,28.18,-1.76,28.19,-1.77,28.19,-1.77
59.037,28.17,-1.74,28.2,-1.77,28.2,-1.77
59.051,28.25,-1.77,28.2,-1.77,28.2,-1.77
59.066,28.27,-1.76,28.2,-1.77,28.2,-1.77
59.08,28.2,-1.72,28.2,-1.77,28.2,-1.77
59.094,28.2,-1.76,28.21,-1.77,28.21,-1.77
59.109,28.24,-1.77,28.21,-1.77,28.21,-1.77
59.123,28.23,-1.76,28.21,-1.77,28.21,-1.77
59.137,28.13,-1.79,28.21,-1.77,28.21,-1.77
59.151,28.12,-1.79,28.21,-1.77,28.21,-1.77
59.166,28.21,-1.81,28.21,-1.77,28.21,-1.77
59.18,28.24,-1.81,28.21,-1.77,28.21,-1.77
59.194,28.22,-1.8,28.22,-1.77,28.22,-1.77
59.208,28.19,-1.81,28.22,-1.77,28.22,-1.77
59.223,28.2,-1.83,28.22,-1.77,28.22,-1.77
59.237,28.22,-1.77,28.22,-1.77,28.22,-1.77
59.252,28.18,-1.76,28.23,-1.77,28.22,-1.77
59.266,28.17,-1.74,28.23,-1.77,28.23,-1.77
59.281,28.2,-1.72,28.23,-1.77,28.23,-1.76
59.295,28.21,-1.78,28.23,-1.76,28.23,-1.76
59.31,28.19,-1.84,28.23,-1.77,28.23,-1.77
59.324,28.15,-1.81,28.23,-1.77,28.23,-1.77
59.339,28.15,-1.76,28.23,-1.77,28.23,-1.77
59.353,28.19,-1.73,28.24,-1.77,28.24,-1.77
59.368,28.2,-1.78,28.24,-1.77,28.24,-1.77
59.383,28.19,-1.82,28.24,-1.77,28.24,-1.77
59.398,28.23,-1.79,28.24,-1.77,28.24,-1.77
59.412,28.21,-1.75,28.25,-1.77,28.24,-1.77
59.427,28.15,-1.69,28.25,-1.77,28.25,-1.77
59.441,28.18,-1.76,28.25,-1.77,28.25,-1.77
59.455,28.14,-1.87,28.25,-1.77,28.25,-1.77
59.469,28.15,-1.84,28.25,-1.77,28.25,-1.77
59.483,28.17,-1.74,28.25,-1.77,28.25,-1.77
59.498,28.18,-1.78,28.25,-1.77,28.25,-1.77
59.512,28.18,-1.83,28.25,-1.77,28.25,-1.77
59.526,28.16,-1.78,28.26,-1.77,28.26,-1.77
59.54,28.19,-1.77,28.26,-1.77,28.26,-1.77
59.554,28.2,-1.84,28.26,-1.77,28.26,-1.77
59.57,28.22,-1.83,28.26,-1.77,28.26,-1.77
59.584,28.2,-1.74,28.26,-1.77,28.26,-1.77
59.598,28.21,-1.74,28.26,-1.77,28.26,-1.77
59.612,28.22,-1.81,28.26,-1.77,28.26,-1.77
59.627,28.22,-1.83,28.27,-1.77,28.26,-1.77
59.641,28.19,-1.8,28.27,-1.77,28.27,-1.77
59.655,28.15,-1.79,28.27,-1.77,28.27,-1.77
59.669,28.11,-1.8,28.27,-1.77,28.27,-1.77
59.683,28.12,-1.81,28.27,-1.77,28.27,-1.77
59.697,28.12,-1.8,28.27,-1.77,28.27,-1.77
59.712,28.22,-1.85,28.27,-1.77,28.27,-1.77
59.726,28.28,-1.81,28.27,-1.77,28.27,-1.77
59.74,28.2,-1.7,28.28,-1.77,28.28,-1.77
59.755,28.16,-1.69,28.28,-1.77,28.28,-1.77
59.769,28.2,-1.76,28.28,-1.77,28.28,-1.77
59.784,28.22,-1.82,28.28,-1.77,28.28,-1.77
59.798,28.22,-1.82,28.28,-1.77,28.28,-1.77
59.812,28.16,-1.8,28.28,-1.77,28.28,-1.77
59.827,28.15,-1.83,28.28,-1.77,28.28,-1.77
59.841,28.19,-1.79,28.28,-1.77,28.28,-1.77
59.855,28.19,-1.79,28.28,-1.77,28.28,-1.77
59.87,28.16,-1.78,28.29,-1.77,28.28,-1.77
59.885,28.16,-1.78,28.29,-1.77,28.28,-1.77
59.9,28.23,-1.81,28.29,-1.77,28.29,-1.77
59.914,28.22,-1.81,28.29,-1.77,28.29,-1.77
59.929,28.18,-1.77,28.29,-1.77,28.29,-1.77
59.943,28.17,-1.77,28.29,-1.77,28.29,-1.77
59.958,28.19,-1.81,28.29,-1.77,28.29,-1.77
59.972,28.18,-1.8,28.29,-1.77,28.29,-1.77
59.988,28.19,-1.77,28.29,-1.77,28.29,-1.77
