Time (s),Accel Roll (deg),Accel Pitch (deg),Gyro Roll (deg),Gyro Pitch (deg),Filtered Roll (deg),Filtered Pitch (deg)
0.0,27.97,-1.69,28.18,-1.68,28.18,-1.68
0.014,27.98,-1.7,28.18,-1.68,28.18,-1.68
0.028,27.98,-1.66,28.18,-1.68,28.18,-1.68
0.042,27.99,-1.66,28.18,-1.68,28.18,-1.68
0.056,28.03,-1.69,28.18,-1.68,28.18,-1.68
0.071,28.03,-1.76,28.18,-1.68,28.18,-1.68
0.085,28.02,-1.74,28.18,-1.68,28.18,-1.68
0.099,28.0,-1.65,28.18,-1.68,28.18,-1.68
0.114,27.99,-1.69,28.18,-1.68,28.18,-1.68
0.128,28.03,-1.67,28.19,-1.68,28.18,-1.68
0.142,28.02,-1.63,28.19,-1.68,28.18,-1.68
0.157,27.97,-1.66,28.19,-1.68,28.18,-1.68
0.171,27.98,-1.71,28.19,-1.68,28.18,-1.68
0.185,27.91,-1.75,28.18,-1.68,28.18,-1.68
0.199,27.87,-1.72,28.18,-1.68,28.18,-1.68
0.214,27.9,-1.69,28.18,-1.68,28.18,-1.68
0.228,27.98,-1.7,28.18,-1.68,28.18,-1.68
0.243,27.96,-1.72,28.18,-1.68,28.18,-1.68
0.257,28.0,-1.68,28.18,-1.68,28.17,-1.68
0.271,28.02,-1.67,28.18,-1.68,28.17,-1.68
0.285,28.01,-1.7,28.18,-1.68,28.18,-1.68
0.3,27.97,-1.69,28.18,-1.68,28.18,-1.68
0.315,27.94,-1.69,28.18,-1.68,28.17,-1.68
0.329,27.98,-1.69,28.18,-1.68,28.17,-1.68
0.343,28.02,-1.71,28.18,-1.68,28.18,-1.68
0.357,27.98,-1.7,28.18,-1.68,28.18,-1.68
0.371,27.99,-1.69,28.18,-1.68,28.18,-1.68
0.386,28.04,-1.69,28.18,-1.68,28.18,-1.68
0.4,28.04,-1.7,28.18,-1.68,28.18,-1.68
0.414,28.0,-1.66,28.18,-1.68,28.18,-1.68
0.428,28.03,-1.7,28.18,-1.67,28.18,-1.67
0.442,27.94,-1.74,28.18,-1.67,28.17,-1.68
0.457,27.97,-1.69,28.18,-1.68,28.17,-1.68
0.471,28.01,-1.66,28.17,-1.68,28.17,-1.68
0.485,27.98,-1.67,28.17,-1.68,28.17,-1.68
0.499,27.98,-1.67,28.17,-1.68,28.17,-1.68
0.514,27.99,-1.7,28.17,-1.68,28.17,-1.68
0.528,27.94,-1.73,28.17,-1.68,28.17,-1.68
0.542,27.95,-1.76,28.17,-1.68,28.17,-1.68
0.556,27.95,-1.75,28.17,-1.68,28.17,-1.68
0.57,27.94,-1.73,28.17,-1.68,28.17,-1.68
0.584,27.98,-1.73,28.18,-1.68,28.17,-1.68
0.599,28.0,-1.7,28.17,-1.68,28.17,-1.68
0.613,27.96,-1.68,28.17,-1.68,28.17,-1.68
0.627,27.93,-1.65,28.17,-1.68,28.17,-1.68
0.641,28.01,-1.7,28.17,-1.68,28.17,-1.68
0.655,27.99,-1.73,28.17,-1.68,28.17,-1.68
0.67,28.02,-1.74,28.17,-1.68,28.17,-1.68
0.684,27.99,-1.71,28.17,-1.68,28.17,-1.68
0.698,27.96,-1.72,28.18,-1.68,28.17,-1.68
0.712,27.97,-1.72,28.18,-1.68,28.17,-1.68
0.727,27.96,-1.71,28.17,-1.68,28.17,-1.68
0.741,27.95,-1.7,28.18,-1.68,28.17,-1.68
0.755,27.97,-1.73,28.18,-1.68,28.17,-1.68
0.769,28.01,-1.74,28.18,-1.68,28.17,-1.68
0.783,28.0,-1.72,28.18,-1.68,28.17,-1.68
0.798,27.98,-1.69,28.18,-1.68,28.17,-1.68
0.812,27.97,-1.66,28.18,-1.68,28.17,-1.68
0.826,27.95,-1.65,28.18,-1.68,28.17,-1.68
0.841,27.96,-1.72,28.18,-1.68,28.17,-1.68
0.855,27.98,-1.71,28.18,-1.68,28.17,-1.68
0.869,28.01,-1.69,28.18,-1.68,28.17,-1.68
0.883,28.05,-1.72,28.18,-1.68,28.18,-1.68
0.898,27.97,-1.67,28.18,-1.68,28.18,-1.68
0.912,27.93,-1.64,28.18,-1.68,28.18,-1.68
0.926,27.95,-1.67,28.18,-1.68,28.18,-1.68
0.941,28.03,-1.73,28.18,-1.68,28.18,-1.68
0.955,28.05,-1.69,28.18,-1.68,28.18,-1.68
0.969,28.02,-1.68,28.18,-1.68,28.18,-1.68
0.983,27.99,-1.7,28.18,-1.68,28.18,-1.68
0.997,27.96,-1.68,28.18,-1.68,28.18,-1.68
1.012,27.96,-1.65,28.18,-1.68,28.18,-1.68
1.026,27.96,-1.73,28.18,-1.68,28.18,-1.68
1.04,28.0,-1.74,28.18,-1.68,28.18,-1.68
1.054,28.02,-1.71,28.18,-1.68,28.18,-1.68
1.069,28.01,-1.72,28.18,-1.68,28.18,-1.68
1.083,27.98,-1.72,28.18,-1.68,28.18,-1.68
1.097,27.92,-1.67,28.18,-1.68,28.18,-1.68
1.112,27.95,-1.68,28.18,-1.68,28.18,-1.68
1.126,27.99,-1.66,28.18,-1.68,28.18,-1.68
1.14,28.0,-1.66,28.18,-1.68,28.18,-1.67
1.155,27.99,-1.74,28.18,-1.67,28.18,-1.67
1.169,27.98,-1.75,28.18,-1.67,28.18,-1.67
1.183,27.98,-1.74,28.18,-1.67,28.18,-1.68
1.197,28.03,-1.67,28.18,-1.67,28.18,-1.67
1.211,28.02,-1.65,28.18,-1.67,28.18,-1.67
1.225,27.95,-1.72,28.18,-1.67,28.18,-1.67
1.239,27.95,-1.71,28.18,-1.67,28.18,-1.67
1.254,28.01,-1.69,28.18,-1.67,28.18,-1.67
1.268,28.04,-1.72,28.18,-1.67,28.18,-1.67
1.282,28.03,-1.75,28.18,-1.67,28.18,-1.67
1.296,28.02,-1.72,28.18,-1.67,28.18,-1.67
1.31,28.0,-1.66,28.18,-1.67,28.18,-1.67
1.325,28.04,-1.61,28.18,-1.67,28.18,-1.67
1.339,28.02,-1.64,28.18,-1.67,28.18,-1.67
1.353,27.95,-1.64,28.18,-1.67,28.18,-1.67
1.367,27.96,-1.68,28.18,-1.67,28.18,-1.67
1.382,27.98,-1.69,28.18,-1.67,28.18,-1.67
1.396,28.04,-1.66,28.18,-1.67,28.18,-1.67
1.41,28.07,-1.65,28.18,-1.67,28.18,-1.67
1.424,27.98,-1.64,28.18,-1.67,28.18,-1.67
1.438,27.99,-1.65,28.18,-1.67,28.18,-1.67
1.452,28.0,-1.71,28.18,-1.67,28.18,-1.67
1.467,28.01,-1.69,28.18,-1.67,28.18,-1.67
1.481,27.99,-1.67,28.18,-1.67,28.18,-1.67
1.495,27.99,-1.7,28.18,-1.67,28.18,-1.67
1.509,27.97,-1.72,28.18,-1.67,28.18,-1.67
1.523,27.94,-1.69,28.18,-1.67,28.18,-1.67
1.538,27.95,-1.69,28.18,-1.67,28.18,-1.67
1.552,28.01,-1.7,28.18,-1.67,28.18,-1.67
1.566,28.02,-1.69,28.18,-1.67,28.18,-1.67
1.581,27.98,-1.67,28.18,-1.67,28.18,-1.67
1.595,27.98,-1.64,28.18,-1.68,28.18,-1.67
1.609,27.99,-1.71,28.18,-1.68,28.18,-1.68
1.624,27.99,-1.75,28.18,-1.68,28.18,-1.68
1.638,27.99,-1.77,28.18,-1.68,28.18,-1.68
1.653,27.97,-1.69,28.18,-1.68,28.18,-1.68
1.667,28.04,-1.64,28.18,-1.68,28.18,-1.68
1.681,28.02,-1.66,28.18,-1.68,28.18,-1.68
1.695,27.99,-1.68,28.18,-1.68,28.18,-1.68
1.71,27.96,-1.73,28.18,-1.68,28.18,-1.68
1.725,27.98,-1.68,28.18,-1.68,28.18,-1.68
1.739,28.02,-1.65,28.18,-1.68,28.18,-1.68
1.754,28.0,-1.65,28.18,-1.68,28.18,-1.68
1.768,27.98,-1.64,28.18,-1.68,28.18,-1.68
1.782,27.96,-1.65,28.18,-1.68,28.18,-1.67
1.796,27.96,-1.65,28.18,-1.67,28.18,-1.67
1.811,28.02,-1.68,28.18,-1.67,28.18,-1.67
1.824,27.99,-1.69,28.18,-1.67,28.18,-1.67
1.841,27.95,-1.68,28.18,-1.67,28.18,-1.67
1.855,27.97,-1.67,28.18,-1.67,28.18,-1.67
1.869,27.93,-1.71,28.18,-1.67,28.18,-1.68
1.883,27.94,-1.71,28.18,-1.68,28.17,-1.68
1.898,27.99,-1.71,28.18,-1.68,28.17,-1.68
1.912,28.02,-1.7,28.18,-1.68,28.17,-1.68
1.926,28.0,-1.69,28.18,-1.67,28.17,-1.67
1.94,28.02,-1.69,28.18,-1.67,28.17,-1.67
1.954,28.03,-1.69,28.18,-1.67,28.17,-1.67
1.968,27.98,-1.68,28.18,-1.67,28.17,-1.67
1.983,27.99,-1.68,28.18,-1.67,28.17,-1.67
1.997,27.97,-1.72,28.18,-1.67,28.18,-1.68
2.011,27.99,-1.68,28.18,-1.68,28.18,-1.68
2.026,28.01,-1.67,28.18,-1.68,28.18,-1.68
2.04,28.0,-1.7,28.18,-1.68,28.18,-1.68
2.054,28.04,-1.72,28.18,-1.68,28.18,-1.68
2.068,28.06,-1.7,28.18,-1.68,28.18,-1.68
2.082,28.06,-1.69,28.18,-1.68,28.18,-1.68
2.097,27.94,-1.72,28.18,-1.68,28.18,-1.68
2.112,27.93,-1.7,28.18,-1.68,28.18,-1.68
2.126,27.97,-1.67,28.18,-1.68,28.17,-1.68
2.14,28.01,-1.67,28.18,-1.68,28.17,-1.68
2.154,27.99,-1.69,28.18,-1.68,28.17,-1.68
2.169,27.98,-1.7,28.18,-1.68,28.17,-1.68
2.183,28.01,-1.69,28.18,-1.68,28.17,-1.68
2.198,27.97,-1.67,28.18,-1.68,28.17,-1.68
2.212,27.95,-1.65,28.18,-1.68,28.17,-1.68
2.226,27.98,-1.64,28.18,-1.68,28.17,-1.68
2.24,27.99,-1.66,28.17,-1.67,28.17,-1.67
2.255,28.03,-1.72,28.17,-1.67,28.17,-1.67
2.269,28.0,-1.69,28.18,-1.67,28.17,-1.67
2.283,27.91,-1.73,28.18,-1.67,28.17,-1.68
2.298,27.97,-1.71,28.18,-1.68,28.17,-1.68
2.312,27.96,-1.73,28.18,-1.68,28.17,-1.68
2.327,27.92,-1.73,28.18,-1.68,28.17,-1.68
2.341,28.02,-1.7,28.17,-1.68,28.17,-1.68
2.355,28.05,-1.7,28.17,-1.68,28.17,-1.68
2.369,28.04,-1.68,28.17,-1.68,28.17,-1.68
2.384,28.0,-1.69,28.17,-1.68,28.17,-1.68
2.398,27.95,-1.71,28.18,-1.68,28.17,-1.68
2.412,27.98,-1.69,28.18,-1.68,28.17,-1.68
2.426,28.01,-1.67,28.17,-1.68,28.17,-1.68
2.44,28.02,-1.68,28.18,-1.68,28.17,-1.68
2.455,27.98,-1.72,28.18,-1.68,28.17,-1.68
2.469,27.96,-1.71,28.18,-1.68,28.18,-1.68
2.483,27.98,-1.66,28.18,-1.68,28.18,-1.68
2.497,28.0,-1.65,28.18,-1.68,28.18,-1.68
2.511,28.03,-1.69,28.18,-1.68,28.18,-1.68
2.526,28.02,-1.69,28.18,-1.68,28.18,-1.68
2.54,27.98,-1.72,28.18,-1.68,28.18,-1.68
2.554,27.96,-1.73,28.18,-1.68,28.18,-1.68
2.568,27.96,-1.74,28.18,-1.68,28.17,-1.68
2.583,27.97,-1.74,28.18,-1.68,28.17,-1.68
2.597,27.98,-1.69,28.18,-1.68,28.17,-1.68
2.611,28.04,-1.6,28.18,-1.68,28.17,-1.68
2.625,28.02,-1.65,28.18,-1.68,28.18,-1.68
2.64,27.96,-1.69,28.18,-1.68,28.18,-1.68
2.654,28.0,-1.69,28.18,-1.68,28.17,-1.68
2.668,27.99,-1.68,28.18,-1.68,28.17,-1.68
2.683,28.0,-1.7,28.18,-1.68,28.17,-1.68
2.697,28.01,-1.64,28.18,-1.68,28.17,-1.68
2.711,27.99,-1.63,28.17,-1.68,28.17,-1.68
2.725,27.98,-1.66,28.17,-1.68,28.17,-1.68
2.74,28.02,-1.74,28.17,-1.68,28.17,-1.68
2.754,28.01,-1.72,28.17,-1.68,28.17,-1.68
2.768,27.99,-1.69,28.17,-1.68,28.17,-1.68
2.782,27.98,-1.69,28.17,-1.68,28.17,-1.68
2.797,28.03,-1.76,28.17,-1.68,28.17,-1.68
2.812,28.05,-1.72,28.17,-1.68,28.17,-1.68
2.829,28.03,-1.71,28.17,-1.68,28.17,-1.68
2.841,27.99,-1.72,28.17,-1.68,28.17,-1.68
2.856,27.99,-1.67,28.17,-1.68,28.17,-1.68
2.87,27.99,-1.68,28.17,-1.68,28.17,-1.68
2.884,28.0,-1.71,28.17,-1.68,28.17,-1.68
2.898,27.98,-1.66,28.17,-1.68,28.17,-1.68
2.913,27.92,-1.71,28.17,-1.68,28.17,-1.68
2.928,28.02,-1.71,28.17,-1.68,28.17,-1.68
2.941,28.04,-1.67,28.17,-1.68,28.17,-1.68
2.956,27.98,-1.7,28.18,-1.68,28.17,-1.68
2.97,28.03,-1.74,28.18,-1.68,28.17,-1.68
2.984,28.0,-1.72,28.18,-1.68,28.18,-1.68
2.998,27.93,-1.67,28.18,-1.69,28.17,-1.69
3.013,27.91,-1.66,28.18,-1.69,28.17,-1.69
3.027,27.99,-1.72,28.17,-1.69,28.17,-1.69
3.041,27.99,-1.72,28.18,-1.69,28.17,-1.69
3.055,27.99,-1.71,28.18,-1.69,28.17,-1.69
3.069,28.0,-1.73,28.18,-1.69,28.17,-1.69
3.084,27.93,-1.7,28.18,-1.69,28.17,-1.69
3.098,27.94,-1.69,28.18,-1.68,28.17,-1.68
3.112,28.03,-1.69,28.18,-1.68,28.17,-1.68
3.126,28.01,-1.69,28.18,-1.68,28.17,-1.68
3.142,28.0,-1.74,28.18,-1.69,28.17,-1.69
3.156,28.02,-1.72,28.18,-1.69,28.17,-1.69
3.17,28.03,-1.69,28.18,-1.69,28.17,-1.69
3.185,28.01,-1.73,28.18,-1.69,28.17,-1.69
3.199,27.97,-1.76,28.18,-1.69,28.18,-1.69
3.213,27.97,-1.69,28.18,-1.69,28.18,-1.69
3.227,27.98,-1.69,28.18,-1.69,28.18,-1.69
3.242,28.03,-1.72,28.18,-1.69,28.18,-1.69
3.256,28.05,-1.68,28.18,-1.69,28.18,-1.69
3.27,28.03,-1.65,28.18,-1.69,28.18,-1.69
3.284,27.98,-1.67,28.18,-1.69,28.18,-1.69
3.299,27.97,-1.66,28.18,-1.69,28.18,-1.69
3.313,27.99,-1.63,28.18,-1.69,28.18,-1.69
3.327,28.01,-1.66,28.18,-1.69,28.18,-1.69
3.341,27.98,-1.71,28.18,-1.69,28.17,-1.69
3.355,27.97,-1.68,28.18,-1.69,28.17,-1.69
3.369,27.97,-1.66,28.18,-1.69,28.17,-1.69
3.387,27.95,-1.67,28.18,-1.69,28.17,-1.69
3.401,27.99,-1.64,28.18,-1.69,28.17,-1.69
3.415,27.98,-1.68,28.18,-1.69,28.17,-1.69
3.429,27.94,-1.71,28.18,-1.69,28.17,-1.69
3.443,27.94,-1.7,28.17,-1.69,28.17,-1.69
3.457,27.95,-1.7,28.17,-1.69,28.17,-1.69
3.471,27.93,-1.76,28.17,-1.69,28.17,-1.69
3.486,27.93,-1.74,28.17,-1.69,28.17,-1.69
3.501,27.98,-1.72,28.17,-1.69,28.17,-1.69
3.515,28.01,-1.71,28.17,-1.69,28.17,-1.69
3.529,27.98,-1.63,28.17,-1.69,28.17,-1.69
3.543,27.98,-1.62,28.17,-1.69,28.17,-1.69
3.557,27.99,-1.7,28.17,-1.69,28.17,-1.69
3.572,27.97,-1.74,28.17,-1.69,28.17,-1.69
3.586,27.98,-1.77,28.17,-1.69,28.17,-1.69
3.6,28.01,-1.76,28.17,-1.69,28.17,-1.69
3.615,27.97,-1.68,28.18,-1.69,28.17,-1.69
3.629,27.92,-1.6,28.18,-1.69,28.17,-1.69
3.643,27.98,-1.63,28.18,-1.69,28.17,-1.69
3.658,27.99,-1.68,28.18,-1.69,28.17,-1.69
3.672,27.98,-1.7,28.18,-1.69,28.18,-1.69
3.686,27.98,-1.72,28.18,-1.69,28.17,-1.69
3.7,28.0,-1.74,28.18,-1.69,28.17,-1.69
3.714,27.96,-1.74,28.18,-1.69,28.17,-1.69
3.729,27.9,-1.72,28.18,-1.69,28.17,-1.69
3.744,27.92,-1.72,28.18,-1.69,28.17,-1.69
3.758,27.98,-1.64,28.17,-1.69,28.17,-1.69
3.772,27.98,-1.66,28.17,-1.69,28.17,-1.69
3.786,28.0,-1.69,28.18,-1.69,28.17,-1.69
3.801,27.98,-1.68,28.17,-1.69,28.17,-1.69
3.815,27.95,-1.67,28.17,-1.69,28.17,-1.69
3.829,27.97,-1.65,28.17,-1.69,28.17,-1.69
3.843,28.03,-1.63,28.17,-1.69,28.17,-1.69
3.857,28.0,-1.66,28.17,-1.69,28.17,-1.69
3.871,27.96,-1.69,28.17,-1.69,28.17,-1.69
3.886,27.95,-1.73,28.17,-1.69,28.17,-1.69
3.9,27.98,-1.69,28.17,-1.69,28.17,-1.69
3.914,27.95,-1.65,28.17,-1.69,28.17,-1.69
3.928,27.96,-1.65,28.17,-1.69,28.17,-1.69
3.942,28.01,-1.66,28.17,-1.69,28.17,-1.69
3.956,28.05,-1.67,28.17,-1.69,28.17,-1.69
3.97,28.03,-1.66,28.17,-1.69,28.17,-1.69
3.985,27.99,-1.65,28.17,-1.69,28.17,-1.69
3.999,27.96,-1.69,28.17,-1.69,28.17,-1.69
4.013,27.99,-1.66,28.17,-1.69,28.17,-1.69
4.027,28.02,-1.69,28.17,-1.69,28.17,-1.69
4.043,28.02,-1.74,28.17,-1.69,28.17,-1.69
4.057,28.0,-1.73,28.17,-1.69,28.17,-1.69
4.071,27.98,-1.67,28.17,-1.69,28.17,-1.69
4.085,28.02,-1.7,28.17,-1.69,28.17,-1.69
4.1,28.01,-1.7,28.17,-1.69,28.17,-1.69
4.114,28.0,-1.62,28.18,-1.69,28.17,-1.69
4.128,28.0,-1.63,28.18,-1.69,28.17,-1.69
4.143,28.0,-1.69,28.18,-1.69,28.18,-1.69
4.157,28.0,-1.71,28.18,-1.69,28.17,-1.69
4.171,27.96,-1.69,28.18,-1.69,28.17,-1.69
4.186,27.95,-1.68,28.17,-1.69,28.17,-1.69
4.2,28.01,-1.72,28.17,-1.69,28.17,-1.69
4.214,28.03,-1.76,28.18,-1.69,28.17,-1.69
4.228,27.98,-1.74,28.18,-1.69,28.18,-1.69
4.242,27.95,-1.68,28.18,-1.69,28.18,-1.69
4.256,27.93,-1.63,28.18,-1.69,28.17,-1.69
4.271,27.95,-1.64,28.17,-1.69,28.17,-1.69
4.285,28.01,-1.67,28.17,-1.69,28.17,-1.69
4.299,28.0,-1.72,28.18,-1.69,28.17,-1.69
4.314,28.01,-1.72,28.18,-1.69,28.17,-1.69
4.328,28.01,-1.69,28.17,-1.69,28.17,-1.69
4.342,27.95,-1.67,28.17,-1.69,28.17,-1.69
4.357,27.96,-1.67,28.17,-1.69,28.17,-1.69
4.37,28.0,-1.69,28.17,-1.69,28.17,-1.69
4.385,28.0,-1.68,28.17,-1.69,28.17,-1.69
4.399,27.95,-1.64,28.18,-1.69,28.17,-1.69
4.413,27.94,-1.67,28.17,-1.69,28.17,-1.69
4.428,27.98,-1.78,28.17,-1.69,28.17,-1.69
4.442,28.02,-1.76,28.17,-1.69,28.17,-1.69
4.456,28.01,-1.69,28.17,-1.69,28.17,-1.69
4.47,27.98,-1.7,28.17,-1.69,28.17,-1.69
4.485,27.98,-1.7,28.18,-1.69,28.17,-1.69
4.499,28.02,-1.65,28.18,-1.69,28.17,-1.69
4.514,28.01,-1.67,28.18,-1.69,28.18,-1.69
4.528,27.93,-1.72,28.18,-1.69,28.18,-1.69
4.542,27.96,-1.71,28.18,-1.69,28.17,-1.69
4.557,28.02,-1.69,28.18,-1.69,28.18,-1.69
4.571,27.96,-1.68,28.18,-1.69,28.18,-1.69
4.586,27.98,-1.68,28.18,-1.69,28.18,-1.69
4.6,28.02,-1.67,28.18,-1.69,28.18,-1.69
4.615,27.95,-1.64,28.18,-1.69,28.18,-1.69
4.629,27.94,-1.66,28.18,-1.69,28.17,-1.69
4.643,27.96,-1.67,28.18,-1.69,28.17,-1.69
4.658,27.98,-1.68,28.17,-1.69,28.17,-1.69
4.672,27.97,-1.68,28.17,-1.69,28.17,-1.69
4.687,27.98,-1.67,28.18,-1.68,28.17,-1.68
4.702,27.95,-1.69,28.18,-1.68,28.17,-1.68
4.716,27.97,-1.73,28.17,-1.68,28.17,-1.68
4.73,28.0,-1.74,28.17,-1.68,28.17,-1.68
4.745,27.98,-1.67,28.18,-1.68,28.17,-1.68
4.759,28.0,-1.67,28.18,-1.68,28.17,-1.68
4.773,28.02,-1.69,28.17,-1.68,28.17,-1.68
4.787,28.02,-1.68,28.17,-1.68,28.17,-1.68
4.801,28.05,-1.67,28.17,-1.68,28.17,-1.68
4.815,27.97,-1.66,28.17,-1.68,28.17,-1.68
4.829,28.0,-1.65,28.17,-1.68,28.17,-1.68
4.844,27.97,-1.69,28.17,-1.68,28.17,-1.68
4.858,27.92,-1.69,28.17,-1.68,28.17,-1.68
4.872,27.96,-1.65,28.17,-1.68,28.17,-1.68
4.886,28.04,-1.73,28.17,-1.68,28.17,-1.68
4.9,27.98,-1.78,28.17,-1.68,28.17,-1.68
4.914,27.97,-1.65,28.17,-1.68,28.17,-1.68
4.928,27.99,-1.6,28.17,-1.68,28.17,-1.68
4.943,27.99,-1.68,28.17,-1.68,28.17,-1.68
4.957,27.95,-1.66,28.17,-1.68,28.17,-1.68
4.971,28.05,-1.67,28.17,-1.68,28.17,-1.68
4.986,28.08,-1.74,28.17,-1.68,28.17,-1.68
5.0,28.01,-1.74,28.17,-1.68,28.17,-1.68
5.014,27.96,-1.61,28.17,-1.68,28.17,-1.68
5.029,28.04,-1.59,28.17,-1.68,28.17,-1.68
5.043,27.95,-1.75,28.17,-1.68,28.17,-1.68
5.057,27.9,-1.76,28.17,-1.68,28.17,-1.68
5.072,28.05,-1.67,28.17,-1.68,28.17,-1.68
5.086,28.03,-1.65,28.17,-1.68,28.17,-1.68
5.1,28.0,-1.73,28.17,-1.68,28.17,-1.68
5.114,28.07,-1.72,28.17,-1.68,28.17,-1.68
5.128,28.07,-1.68,28.17,-1.68,28.17,-1.68
5.144,27.92,-1.69,28.17,-1.68,28.17,-1.68
5.157,27.97,-1.69,28.17,-1.68,28.17,-1.68
5.171,27.99,-1.7,28.17,-1.68,28.17,-1.68
5.185,27.96,-1.7,28.17,-1.68,28.17,-1.68
5.199,27.92,-1.72,28.17,-1.68,28.17,-1.68
5.213,27.96,-1.65,28.17,-1.68,28.17,-1.68
5.228,28.01,-1.6,28.17,-1.68,28.17,-1.68
5.242,28.02,-1.66,28.17,-1.68,28.17,-1.68
5.256,28.05,-1.68,28.17,-1.68,28.17,-1.68
5.271,28.05,-1.72,28.17,-1.68,28.17,-1.68
5.285,28.03,-1.68,28.17,-1.68,28.17,-1.68
5.3,27.97,-1.57,28.17,-1.68,28.17,-1.67
5.314,28.01,-1.59,28.17,-1.67,28.17,-1.67
5.328,28.03,-1.65,28.17,-1.67,28.17,-1.67
5.342,28.03,-1.67,28.17,-1.67,28.17,-1.67
5.357,28.01,-1.71,28.17,-1.67,28.17,-1.67
5.371,28.0,-1.69,28.18,-1.67,28.17,-1.67
5.385,27.97,-1.67,28.18,-1.67,28.17,-1.67
5.399,27.96,-1.69,28.18,-1.67,28.17,-1.67
5.414,27.98,-1.66,28.18,-1.67,28.17,-1.67
5.428,28.05,-1.64,28.18,-1.67,28.17,-1.67
5.443,28.02,-1.66,28.18,-1.67,28.17,-1.67
5.457,28.0,-1.67,28.18,-1.67,28.18,-1.67
5.471,27.97,-1.67,28.18,-1.67,28.18,-1.67
5.485,27.92,-1.69,28.18,-1.67,28.18,-1.67
5.499,27.96,-1.71,28.18,-1.67,28.18,-1.67
5.514,28.04,-1.7,28.18,-1.67,28.18,-1.67
5.528,28.01,-1.72,28.18,-1.67,28.18,-1.67
5.543,27.98,-1.69,28.18,-1.67,28.18,-1.67
5.557,28.0,-1.68,28.18,-1.67,28.18,-1.67
5.571,27.96,-1.67,28.18,-1.67,28.18,-1.67
5.585,28.03,-1.69,28.18,-1.67,28.18,-1.67
5.599,28.04,-1.69,28.18,-1.67,28.18,-1.67
5.614,28.0,-1.73,28.18,-1.67,28.18,-1.67
5.628,28.01,-1.71,28.18,-1.67,28.18,-1.67
5.642,27.98,-1.68,28.18,-1.67,28.18,-1.67
5.657,27.94,-1.65,28.19,-1.67,28.18,-1.67
5.67,27.95,-1.69,28.18,-1.67,28.18,-1.67
5.685,28.05,-1.7,28.19,-1.67,28.18,-1.67
5.699,28.05,-1.67,28.19,-1.67,28.18,-1.67
5.713,27.97,-1.71,28.19,-1.67,28.18,-1.67
5.727,27.98,-1.73,28.19,-1.67,28.18,-1.67
5.742,27.97,-1.73,28.18,-1.67,28.18,-1.67
5.756,27.98,-1.68,28.18,-1.67,28.18,-1.67
5.77,27.99,-1.67,28.18,-1.67,28.18,-1.67
5.784,27.99,-1.69,28.18,-1.67,28.18,-1.67
5.799,28.03,-1.69,28.18,-1.67,28.18,-1.67
5.813,28.02,-1.72,28.19,-1.67,28.18,-1.67
5.827,27.98,-1.74,28.19,-1.67,28.18,-1.67
5.842,27.99,-1.68,28.19,-1.67,28.19,-1.67
5.856,28.02,-1.67,28.19,-1.67,28.19,-1.67
5.871,28.04,-1.71,28.19,-1.67,28.19,-1.67
5.885,28.03,-1.72,28.19,-1.67,28.19,-1.67
5.9,28.03,-1.69,28.19,-1.67,28.19,-1.67
5.914,27.99,-1.71,28.19,-1.67,28.19,-1.67
5.928,27.97,-1.7,28.19,-1.67,28.19,-1.67
5.942,27.99,-1.69,28.19,-1.67,28.19,-1.67
5.956,28.01,-1.69,28.19,-1.67,28.19,-1.67
5.971,27.95,-1.72,28.19,-1.67,28.19,-1.67
5.985,27.86,-1.69,28.19,-1.67,28.19,-1.67
5.999,27.83,-1.64,28.19,-1.67,28.19,-1.67
6.014,28.04,-1.67,28.19,-1.67,28.19,-1.67
6.027,28.07,-1.72,28.19,-1.67,28.19,-1.67
6.042,28.0,-1.82,28.19,-1.67,28.19,-1.67
6.056,27.99,-1.81,28.19,-1.67,28.19,-1.67
6.07,27.97,-1.66,28.19,-1.67,28.19,-1.67
6.085,27.95,-1.65,28.19,-1.67,28.19,-1.67
6.099,27.98,-1.67,28.19,-1.67,28.19,-1.67
6.113,28.02,-1.67,28.19,-1.67,28.19,-1.67
6.128,27.98,-1.71,28.19,-1.67,28.19,-1.67
6.143,27.99,-1.67,28.19,-1.67,28.19,-1.67
6.157,28.01,-1.64,28.19,-1.67,28.19,-1.67
6.171,27.96,-1.72,28.19,-1.67,28.19,-1.67
6.185,27.92,-1.73,28.19,-1.67,28.19,-1.67
6.199,27.99,-1.65,28.19,-1.67,28.19,-1.67
6.213,28.04,-1.65,28.19,-1.67,28.19,-1.67
6.228,27.97,-1.72,28.19,-1.67,28.19,-1.67
6.242,27.97,-1.73,28.19,-1.67,28.19,-1.67
6.256,27.99,-1.71,28.19,-1.67,28.19,-1.67
6.27,28.01,-1.62,28.19,-1.67,28.19,-1.67
6.285,28.01,-1.66,28.19,-1.67,28.19,-1.67
6.299,28.04,-1.68,28.19,-1.67,28.19,-1.67
6.313,28.04,-1.67,28.19,-1.67,28.19,-1.67
6.327,27.99,-1.74,28.19,-1.67,28.19,-1.67
6.342,27.97,-1.74,28.19,-1.67,28.19,-1.67
6.356,28.02,-1.73,28.19,-1.67,28.19,-1.67
6.37,28.0,-1.7,28.19,-1.67,28.19,-1.67
6.385,28.02,-1.67,28.19,-1.67,28.19,-1.67
6.399,28.01,-1.74,28.19,-1.67,28.19,-1.67
6.413,27.96,-1.73,28.19,-1.67,28.19,-1.67
6.427,27.94,-1.76,28.19,-1.67,28.19,-1.68
6.441,27.98,-1.77,28.19,-1.68,28.19,-1.68
6.456,27.99,-1.67,28.19,-1.68,28.19,-1.68
6.47,28.03,-1.67,28.19,-1.68,28.19,-1.68
6.484,28.07,-1.7,28.19,-1.68,28.19,-1.68
6.499,27.98,-1.72,28.19,-1.67,28.19,-1.68
6.513,27.91,-1.76,28.19,-1.67,28.19,-1.68
6.527,27.98,-1.71,28.19,-1.67,28.19,-1.67
6.541,28.02,-1.67,28.19,-1.67,28.19,-1.67
6.556,28.03,-1.72,28.19,-1.67,28.19,-1.68
6.57,27.95,-1.72,28.19,-1.67,28.19,-1.67
6.584,27.91,-1.7,28.19,-1.67,28.19,-1.67
6.598,27.93,-1.7,28.19,-1.67,28.19,-1.68
6.612,28.0,-1.72,28.19,-1.67,28.19,-1.67
6.627,28.04,-1.69,28.19,-1.67,28.19,-1.67
6.641,28.02,-1.67,28.19,-1.67,28.19,-1.67
6.655,27.96,-1.73,28.19,-1.67,28.19,-1.67
6.669,27.99,-1.73,28.19,-1.67,28.19,-1.67
6.683,27.97,-1.69,28.19,-1.67,28.19,-1.67
6.698,27.98,-1.69,28.19,-1.67,28.19,-1.67
6.712,27.94,-1.73,28.19,-1.67,28.19,-1.67
6.726,27.97,-1.75,28.19,-1.67,28.19,-1.68
6.741,28.02,-1.72,28.19,-1.68,28.19,-1.68
6.755,28.02,-1.67,28.19,-1.67,28.19,-1.67
6.769,27.98,-1.69,28.19,-1.67,28.19,-1.67
6.783,27.94,-1.74,28.19,-1.68,28.19,-1.68
6.797,27.97,-1.74,28.19,-1.68,28.19,-1.68
6.812,28.0,-1.7,28.19,-1.68,28.19,-1.68
6.826,28.0,-1.74,28.19,-1.68,28.19,-1.68
6.84,28.0,-1.74,28.19,-1.68,28.19,-1.68
6.854,27.95,-1.7,28.19,-1.68,28.19,-1.68
6.869,27.96,-1.7,28.19,-1.68,28.18,-1.68
6.883,28.0,-1.69,28.19,-1.68,28.18,-1.68
6.897,28.0,-1.7,28.19,-1.68,28.18,-1.68
6.912,27.97,-1.74,28.19,-1.68,28.18,-1.68
6.926,28.01,-1.71,28.19,-1.68,28.18,-1.68
6.94,27.95,-1.72,28.19,-1.68,28.18,-1.68
6.954,27.93,-1.69,28.19,-1.68,28.18,-1.68
6.969,27.98,-1.67,28.19,-1.68,28.18,-1.68
6.983,28.05,-1.67,28.19,-1.68,28.18,-1.68
6.997,28.05,-1.68,28.18,-1.68,28.18,-1.68
7.011,28.04,-1.69,28.18,-1.68,28.18,-1.68
7.026,28.04,-1.67,28.18,-1.68,28.18,-1.68
7.04,27.99,-1.67,28.19,-1.68,28.18,-1.68
7.054,27.97,-1.67,28.19,-1.68,28.18,-1.68
7.068,27.97,-1.66,28.19,-1.68,28.18,-1.68
7.082,28.01,-1.65,28.18,-1.68,28.18,-1.68
7.097,28.03,-1.69,28.18,-1.68,28.18,-1.68
7.111,28.02,-1.72,28.18,-1.68,28.18,-1.68
7.125,27.97,-1.71,28.18,-1.68,28.18,-1.68
7.139,27.92,-1.75,28.18,-1.68,28.18,-1.68
7.153,27.97,-1.74,28.18,-1.68,28.18,-1.68
7.167,28.06,-1.68,28.18,-1.68,28.18,-1.68
7.181,28.03,-1.66,28.18,-1.68,28.18,-1.68
7.196,28.04,-1.65,28.18,-1.68,28.18,-1.68
7.21,28.0,-1.67,28.19,-1.68,28.18,-1.68
7.224,27.91,-1.67,28.19,-1.68,28.18,-1.68
7.238,28.0,-1.74,28.19,-1.68,28.18,-1.68
7.253,28.06,-1.72,28.19,-1.68,28.18,-1.68
7.267,27.96,-1.67,28.19,-1.68,28.18,-1.68
7.281,27.98,-1.62,28.19,-1.68,28.18,-1.68
7.295,28.01,-1.71,28.19,-1.68,28.19,-1.68
7.309,27.98,-1.74,28.19,-1.68,28.19,-1.68
7.323,27.96,-1.75,28.19,-1.68,28.19,-1.68
7.339,28.01,-1.74,28.19,-1.68,28.19,-1.68
7.353,28.0,-1.71,28.19,-1.68,28.19,-1.68
7.367,28.03,-1.64,28.19,-1.68,28.19,-1.68
7.381,28.07,-1.63,28.19,-1.68,28.19,-1.68
7.396,27.98,-1.72,28.19,-1.68,28.19,-1.68
7.41,27.9,-1.76,28.19,-1.68,28.19,-1.68
7.424,28.0,-1.65,28.19,-1.68,28.19,-1.68
7.438,28.07,-1.68,28.19,-1.68,28.19,-1.68
7.452,28.04,-1.73,28.19,-1.68,28.19,-1.68
7.467,27.9,-1.78,28.19,-1.68,28.19,-1.68
7.481,27.94,-1.74,28.19,-1.68,28.19,-1.68
7.496,27.99,-1.66,28.19,-1.68,28.19,-1.68
7.51,27.9,-1.69,28.19,-1.68,28.19,-1.68
7.524,28.02,-1.64,28.19,-1.68,28.19,-1.68
7.538,28.06,-1.65,28.19,-1.68,28.18,-1.68
7.553,28.03,-1.67,28.19,-1.68,28.19,-1.68
7.567,27.99,-1.65,28.19,-1.68,28.18,-1.68
7.581,27.97,-1.67,28.19,-1.68,28.18,-1.68
7.595,27.97,-1.74,28.19,-1.68,28.18,-1.68
7.61,28.02,-1.71,28.19,-1.68,28.18,-1.68
7.624,27.98,-1.66,28.19,-1.68,28.18,-1.68
7.638,28.0,-1.7,28.19,-1.68,28.18,-1.68
7.653,28.03,-1.77,28.19,-1.68,28.18,-1.68
7.667,28.03,-1.73,28.19,-1.68,28.18,-1.68
7.681,27.97,-1.71,28.19,-1.68,28.18,-1.68
7.695,28.0,-1.69,28.19,-1.68,28.18,-1.68
7.71,27.97,-1.68,28.19,-1.68,28.18,-1.68
7.724,27.99,-1.65,28.19,-1.68,28.18,-1.68
7.738,28.03,-1.66,28.19,-1.68,28.18,-1.68
7.752,28.02,-1.65,28.19,-1.68,28.18,-1.68
7.766,27.95,-1.7,28.19,-1.68,28.18,-1.68
7.78,27.95,-1.69,28.19,-1.68,28.18,-1.68
7.794,27.98,-1.66,28.19,-1.68,28.18,-1.68
7.808,27.98,-1.65,28.18,-1.68,28.18,-1.68
7.823,27.99,-1.75,28.18,-1.68,28.18,-1.68
7.837,27.97,-1.74,28.18,-1.68,28.18,-1.68
7.851,27.95,-1.67,28.18,-1.68,28.18,-1.68
7.865,27.94,-1.64,28.18,-1.68,28.18,-1.68
7.88,27.97,-1.63,28.18,-1.68,28.18,-1.68
7.894,27.99,-1.59,28.18,-1.68,28.18,-1.68
7.908,28.02,-1.68,28.18,-1.68,28.18,-1.68
7.922,27.99,-1.71,28.18,-1.68,28.18,-1.68
7.936,27.96,-1.69,28.18,-1.68,28.18,-1.68
7.951,28.0,-1.7,28.18,-1.68,28.18,-1.68
7.965,28.07,-1.69,28.18,-1.68,28.18,-1.68
7.979,28.07,-1.72,28.18,-1.68,28.18,-1.68
7.993,27.99,-1.72,28.18,-1.68,28.18,-1.68
8.007,27.9,-1.68,28.18,-1.68,28.18,-1.68
8.022,27.96,-1.65,28.18,-1.68,28.18,-1.68
8.036,27.97,-1.65,28.18,-1.68,28.18,-1.68
8.05,28.03,-1.66,28.18,-1.68,28.18,-1.68
8.065,28.06,-1.69,28.18,-1.68,28.18,-1.68
8.079,27.97,-1.7,28.19,-1.68,28.18,-1.68
8.093,27.92,-1.72,28.19,-1.68,28.18,-1.68
8.108,27.9,-1.65,28.19,-1.68,28.18,-1.68
8.122,27.9,-1.67,28.19,-1.68,28.18,-1.68
8.136,28.03,-1.7,28.19,-1.68,28.18,-1.68
8.15,28.06,-1.73,28.18,-1.68,28.18,-1.68
8.164,28.03,-1.74,28.18,-1.68,28.18,-1.68
8.179,27.96,-1.72,28.19,-1.68,28.18,-1.68
8.193,27.94,-1.69,28.18,-1.68,28.18,-1.68
8.207,27.98,-1.64,28.18,-1.68,28.18,-1.68
8.221,28.0,-1.69,28.18,-1.68,28.18,-1.68
8.235,27.98,-1.72,28.18,-1.68,28.18,-1.68
8.25,28.0,-1.77,28.18,-1.68,28.18,-1.68
8.264,27.95,-1.72,28.18,-1.68,28.18,-1.68
8.278,27.96,-1.7,28.18,-1.68,28.18,-1.68
8.293,27.95,-1.7,28.18,-1.68,28.18,-1.68
8.307,27.89,-1.73,28.18,-1.68,28.18,-1.68
8.321,27.93,-1.73,28.18,-1.68,28.18,-1.68
8.335,28.09,-1.72,28.18,-1.68,28.18,-1.68
8.349,28.05,-1.71,28.18,-1.68,28.18,-1.68
8.364,27.98,-1.65,28.18,-1.68,28.18,-1.68
8.378,27.96,-1.67,28.18,-1.68,28.18,-1.68
8.392,27.97,-1.7,28.18,-1.68,28.18,-1.68
8.406,28.01,-1.68,28.18,-1.68,28.18,-1.68
8.42,27.99,-1.64,28.18,-1.68,28.18,-1.68
8.435,27.95,-1.67,28.18,-1.68,28.18,-1.68
8.449,27.94,-1.68,28.19,-1.68,28.18,-1.68
8.463,27.86,-1.69,28.19,-1.68,28.18,-1.68
8.477,27.89,-1.71,28.19,-1.68,28.18,-1.68
8.491,28.04,-1.7,28.18,-1.68,28.18,-1.68
8.506,28.06,-1.67,28.18,-1.68,28.18,-1.68
8.52,28.03,-1.69,28.19,-1.68,28.18,-1.68
8.534,27.94,-1.7,28.19,-1.68,28.18,-1.68
8.549,27.96,-1.69,28.19,-1.68,28.18,-1.68
8.563,27.94,-1.69,28.19,-1.68,28.18,-1.68
8.578,27.96,-1.67,28.19,-1.68,28.18,-1.68
8.592,27.99,-1.71,28.19,-1.68,28.18,-1.68
8.606,28.0,-1.71,28.19,-1.68,28.18,-1.68
8.621,28.06,-1.65,28.19,-1.68,28.18,-1.68
8.635,27.98,-1.67,28.19,-1.68,28.18,-1.68
8.649,27.94,-1.71,28.19,-1.68,28.18,-1.68
8.663,28.05,-1.66,28.19,-1.68,28.19,-1.68
8.677,28.03,-1.67,28.19,-1.68,28.19,-1.68
8.692,28.03,-1.71,28.19,-1.68,28.19,-1.68
8.706,28.02,-1.69,28.19,-1.68,28.19,-1.68
8.72,28.06,-1.68,28.19,-1.68,28.19,-1.68
8.734,28.05,-1.69,28.19,-1.68,28.19,-1.68
8.749,27.95,-1.67,28.19,-1.68,28.19,-1.68
8.763,27.95,-1.7,28.19,-1.68,28.19,-1.68
8.777,28.0,-1.71,28.19,-1.68,28.19,-1.68
8.792,28.01,-1.67,28.19,-1.68,28.19,-1.68
8.806,27.96,-1.69,28.19,-1.68,28.19,-1.68
8.82,27.9,-1.7,28.19,-1.68,28.19,-1.68
8.834,27.93,-1.72,28.19,-1.68,28.18,-1.68
8.848,28.01,-1.76,28.19,-1.68,28.18,-1.68
8.863,28.05,-1.75,28.19,-1.68,28.19,-1.68
8.876,28.06,-1.72,28.19,-1.68,28.19,-1.68
8.891,28.01,-1.67,28.19,-1.68,28.19,-1.68
8.905,28.01,-1.68,28.19,-1.68,28.19,-1.68
8.919,28.02,-1.65,28.19,-1.68,28.19,-1.68
8.933,28.03,-1.68,28.19,-1.68,28.19,-1.68
8.947,28.01,-1.69,28.19,-1.68,28.19,-1.68
8.962,27.99,-1.71,28.19,-1.68,28.19,-1.68
8.976,27.97,-1.7,28.19,-1.68,28.19,-1.68
8.99,27.99,-1.71,28.19,-1.68,28.19,-1.68
9.005,28.02,-1.72,28.19,-1.68,28.19,-1.68
9.019,28.02,-1.73,28.19,-1.68,28.19,-1.68
9.034,28.0,-1.76,28.19,-1.68,28.19,-1.68
9.048,27.95,-1.71,28.19,-1.68,28.19,-1.68
9.062,27.92,-1.73,28.19,-1.68,28.19,-1.68
9.077,27.98,-1.72,28.19,-1.68,28.19,-1.68
9.091,28.0,-1.69,28.19,-1.68,28.19,-1.68
9.105,28.03,-1.65,28.19,-1.68,28.19,-1.68
9.119,28.03,-1.71,28.2,-1.68,28.19,-1.68
9.133,28.0,-1.74,28.2,-1.68,28.2,-1.68
9.147,27.98,-1.74,28.2,-1.68,28.2,-1.68
9.162,27.98,-1.76,28.2,-1.68,28.2,-1.68
9.176,27.92,-1.71,28.2,-1.68,28.19,-1.68
9.19,27.94,-1.67,28.2,-1.68,28.19,-1.68
9.204,27.98,-1.69,28.2,-1.68,28.19,-1.68
9.218,27.98,-1.7,28.2,-1.68,28.19,-1.68
9.233,27.99,-1.7,28.2,-1.68,28.19,-1.68
9.247,27.96,-1.73,28.2,-1.68,28.19,-1.68
9.261,27.95,-1.73,28.19,-1.68,28.19,-1.68
9.275,28.04,-1.7,28.19,-1.68,28.19,-1.68
9.29,28.07,-1.71,28.19,-1.68,28.19,-1.68
9.304,27.97,-1.71,28.19,-1.68,28.19,-1.68
9.32,27.96,-1.74,28.19,-1.68,28.19,-1.68
9.334,27.93,-1.66,28.19,-1.68,28.19,-1.68
9.348,27.9,-1.62,28.19,-1.68,28.19,-1.68
9.363,27.96,-1.67,28.19,-1.68,28.19,-1.68
9.377,27.96,-1.69,28.19,-1.67,28.19,-1.68
9.391,27.97,-1.71,28.19,-1.68,28.19,-1.68
9.405,28.0,-1.75,28.19,-1.68,28.19,-1.68
9.42,28.04,-1.72,28.19,-1.68,28.19,-1.68
9.434,28.04,-1.68,28.19,-1.68,28.19,-1.68
9.449,28.04,-1.67,28.19,-1.68,28.19,-1.68
9.463,27.98,-1.71,28.19,-1.68,28.19,-1.68
9.477,27.98,-1.76,28.19,-1.68,28.19,-1.68
9.491,28.01,-1.73,28.19,-1.68,28.19,-1.68
9.506,27.99,-1.67,28.19,-1.68,28.19,-1.68
9.52,27.97,-1.67,28.19,-1.68,28.19,-1.68
9.534,27.98,-1.68,28.19,-1.68,28.19,-1.68
9.549,27.98,-1.7,28.19,-1.68,28.19,-1.68
9.563,28.04,-1.72,28.19,-1.67,28.19,-1.68
9.577,28.02,-1.7,28.19,-1.68,28.19,-1.68
9.591,27.95,-1.65,28.19,-1.68,28.19,-1.68
9.605,27.98,-1.66,28.19,-1.67,28.19,-1.67
9.619,27.99,-1.73,28.19,-1.67,28.19,-1.67
9.633,27.99,-1.71,28.19,-1.67,28.19,-1.68
9.648,28.01,-1.69,28.19,-1.68,28.19,-1.68
9.662,27.99,-1.74,28.19,-1.68,28.19,-1.68
9.676,27.99,-1.75,28.19,-1.68,28.19,-1.68
9.691,27.97,-1.67,28.19,-1.68,28.19,-1.68
9.705,27.98,-1.69,28.19,-1.68,28.19,-1.68
9.719,27.96,-1.72,28.19,-1.68,28.19,-1.68
9.733,27.97,-1.69,28.19,-1.68,28.19,-1.68
9.747,27.98,-1.62,28.19,-1.68,28.19,-1.68
9.762,27.94,-1.64,28.19,-1.68,28.19,-1.68
9.777,27.93,-1.66,28.19,-1.68,28.19,-1.68
9.791,28.04,-1.68,28.19,-1.68,28.19,-1.68
9.805,28.08,-1.72,28.19,-1.68,28.19,-1.68
9.82,27.96,-1.73,28.19,-1.68,28.19,-1.68
9.834,27.94,-1.69,28.19,-1.68,28.19,-1.68
9.848,28.01,-1.66,28.19,-1.68,28.19,-1.68
9.862,28.04,-1.64,28.19,-1.68,28.19,-1.68
9.877,27.93,-1.63,28.19,-1.68,28.19,-1.68
9.891,27.91,-1.69,28.19,-1.68,28.19,-1.68
9.905,27.93,-1.75,28.19,-1.68,28.18,-1.68
9.919,28.07,-1.75,28.19,-1.68,28.18,-1.68
9.934,28.04,-1.73,28.19,-1.68,28.19,-1.68
9.948,28.01,-1.66,28.19,-1.68,28.19,-1.68
9.962,28.03,-1.65,28.19,-1.68,28.19,-1.68
9.976,28.06,-1.65,28.19,-1.68,28.19,-1.68
9.99,27.99,-1.69,28.19,-1.68,28.19,-1.68
10.005,27.99,-1.69,28.19,-1.68,28.19,-1.68
10.019,28.02,-1.65,28.19,-1.68,28.19,-1.68
10.033,28.03,-1.63,28.19,-1.67,28.19,-1.67
10.048,28.04,-1.72,28.19,-1.67,28.19,-1.67
10.062,28.01,-1.73,28.19,-1.67,28.19,-1.67
10.076,27.97,-1.67,28.19,-1.67,28.19,-1.67
10.09,28.03,-1.67,28.19,-1.67,28.19,-1.67
10.104,28.03,-1.73,28.19,-1.67,28.19,-1.68
10.118,28.03,-1.72,28.19,-1.68,28.19,-1.68
10.133,28.01,-1.7,28.19,-1.68,28.19,-1.68
10.147,28.07,-1.71,28.19,-1.68,28.19,-1.68
10.161,28.11,-1.72,28.2,-1.68,28.2,-1.68
10.175,28.0,-1.63,28.2,-1.68,28.2,-1.68
10.19,27.98,-1.64,28.2,-1.68,28.19,-1.68
10.204,28.0,-1.74,28.2,-1.68,28.19,-1.68
10.218,28.06,-1.77,28.2,-1.68,28.19,-1.68
10.233,28.0,-1.69,28.2,-1.68,28.19,-1.68
10.247,27.97,-1.62,28.2,-1.68,28.19,-1.68
10.261,27.99,-1.6,28.19,-1.68,28.19,-1.68
10.275,27.99,-1.72,28.19,-1.68,28.19,-1.68
10.29,27.98,-1.76,28.19,-1.68,28.19,-1.68
10.304,27.98,-1.74,28.19,-1.68,28.19,-1.68
10.318,27.99,-1.66,28.19,-1.68,28.19,-1.68
10.332,28.02,-1.56,28.19,-1.68,28.19,-1.68
10.347,27.97,-1.61,28.19,-1.68,28.19,-1.68
10.361,28.0,-1.75,28.19,-1.68,28.19,-1.68
10.375,28.0,-1.78,28.19,-1.68,28.19,-1.68
10.389,28.02,-1.75,28.19,-1.68,28.19,-1.68
10.403,28.0,-1.66,28.19,-1.68,28.19,-1.68
10.417,27.97,-1.62,28.19,-1.68,28.19,-1.68
10.431,27.88,-1.65,28.19,-1.68,28.19,-1.68
10.446,27.92,-1.72,28.19,-1.68,28.19,-1.68
10.46,28.03,-1.76,28.19,-1.68,28.19,-1.68
10.474,28.02,-1.73,28.19,-1.68,28.19,-1.68
10.489,27.97,-1.68,28.19,-1.68,28.19,-1.68
10.503,27.9,-1.63,28.19,-1.68,28.19,-1.68
10.517,27.89,-1.65,28.19,-1.68,28.19,-1.68
10.532,27.98,-1.8,28.19,-1.68,28.18,-1.68
10.546,27.97,-1.81,28.19,-1.68,28.18,-1.68
10.56,28.02,-1.63,28.19,-1.68,28.19,-1.68
10.575,28.05,-1.59,28.19,-1.68,28.19,-1.68
10.589,27.96,-1.72,28.19,-1.68,28.19,-1.68
10.603,27.98,-1.8,28.19,-1.68,28.19,-1.68
10.618,27.94,-1.74,28.19,-1.68,28.19,-1.68
10.634,27.93,-1.71,28.19,-1.68,28.19,-1.68
10.647,27.97,-1.68,28.19,-1.68,28.19,-1.68
10.661,28.0,-1.65,28.19,-1.68,28.19,-1.68
10.675,27.99,-1.65,28.19,-1.68,28.19,-1.68
10.689,27.97,-1.75,28.19,-1.68,28.19,-1.68
10.703,28.0,-1.78,28.19,-1.68,28.19,-1.68
10.717,28.01,-1.64,28.19,-1.68,28.19,-1.68
10.732,27.95,-1.61,28.19,-1.68,28.19,-1.68
10.746,27.99,-1.67,28.19,-1.68,28.19,-1.68
10.76,28.02,-1.74,28.19,-1.68,28.19,-1.68
10.775,28.0,-1.75,28.19,-1.68,28.19,-1.68
10.789,27.95,-1.66,28.19,-1.68,28.19,-1.68
10.803,27.96,-1.65,28.19,-1.68,28.19,-1.68
10.817,28.03,-1.67,28.19,-1.68,28.19,-1.68
10.831,28.01,-1.67,28.19,-1.68,28.19,-1.68
10.846,28.0,-1.78,28.19,-1.68,28.19,-1.68
10.861,27.99,-1.76,28.19,-1.68,28.19,-1.68
10.875,27.99,-1.67,28.19,-1.68,28.19,-1.68
10.889,27.96,-1.67,28.19,-1.68,28.19,-1.68
10.903,27.99,-1.65,28.19,-1.68,28.19,-1.68
10.918,28.0,-1.64,28.19,-1.68,28.19,-1.68
10.932,27.99,-1.66,28.19,-1.68,28.19,-1.68
10.946,27.95,-1.74,28.19,-1.68,28.19,-1.68
10.96,27.94,-1.72,28.19,-1.68,28.19,-1.68
10.974,27.97,-1.66,28.19,-1.68,28.19,-1.68
10.989,27.99,-1.62,28.19,-1.68,28.19,-1.68
11.003,27.99,-1.64,28.19,-1.68,28.19,-1.68
11.017,27.98,-1.71,28.19,-1.68,28.19,-1.68
11.031,27.96,-1.73,28.19,-1.68,28.19,-1.68
11.045,28.03,-1.76,28.19,-1.68,28.19,-1.68
11.061,28.02,-1.74,28.19,-1.68,28.19,-1.68
11.075,27.98,-1.68,28.19,-1.68,28.19,-1.68
11.089,27.99,-1.64,28.19,-1.68,28.19,-1.68
11.104,28.0,-1.65,28.19,-1.67,28.19,-1.67
11.118,27.97,-1.69,28.19,-1.67,28.19,-1.67
11.132,28.0,-1.73,28.19,-1.68,28.19,-1.68
11.146,28.07,-1.7,28.19,-1.68,28.19,-1.68
11.16,28.08,-1.64,28.19,-1.68,28.19,-1.68
11.174,27.99,-1.6,28.19,-1.68,28.19,-1.68
11.188,27.94,-1.65,28.19,-1.68,28.19,-1.68
11.203,27.97,-1.81,28.19,-1.68,28.19,-1.68
11.217,27.99,-1.81,28.19,-1.68,28.19,-1.68
11.231,27.98,-1.65,28.19,-1.68,28.19,-1.68
11.245,28.04,-1.6,28.19,-1.68,28.19,-1.68
11.26,28.05,-1.61,28.19,-1.68,28.19,-1.68
11.274,27.96,-1.73,28.19,-1.68,28.19,-1.68
11.288,27.95,-1.78,28.19,-1.68,28.19,-1.68
11.302,28.0,-1.73,28.19,-1.68,28.19,-1.68
11.316,28.01,-1.64,28.19,-1.68,28.19,-1.68
11.331,28.04,-1.52,28.19,-1.68,28.19,-1.68
11.345,28.03,-1.6,28.19,-1.68,28.19,-1.68
11.359,27.98,-1.71,28.19,-1.68,28.19,-1.68
11.373,27.97,-1.76,28.19,-1.68,28.19,-1.68
11.387,27.93,-1.74,28.19,-1.68,28.19,-1.68
11.401,27.99,-1.66,28.19,-1.68,28.19,-1.68
11.416,28.04,-1.66,28.19,-1.68,28.19,-1.68
11.43,28.03,-1.69,28.19,-1.68,28.19,-1.68
11.444,28.04,-1.73,28.19,-1.68,28.19,-1.68
11.458,28.01,-1.81,28.19,-1.68,28.19,-1.68
11.472,28.0,-1.8,28.19,-1.68,28.19,-1.68
11.487,27.98,-1.72,28.19,-1.68,28.19,-1.68
11.501,28.0,-1.6,28.19,-1.68,28.19,-1.68
11.515,27.96,-1.58,28.19,-1.68,28.19,-1.68
11.529,27.93,-1.69,28.19,-1.68,28.19,-1.68
11.543,27.96,-1.76,28.19,-1.68,28.19,-1.68
11.557,27.96,-1.68,28.19,-1.68,28.19,-1.68
11.572,27.96,-1.64,28.19,-1.68,28.19,-1.68
11.586,28.0,-1.61,28.19,-1.68,28.19,-1.68
11.6,28.02,-1.67,28.19,-1.68,28.19,-1.68
11.614,28.03,-1.71,28.19,-1.67,28.19,-1.68
11.629,27.98,-1.77,28.19,-1.67,28.19,-1.68
11.643,28.01,-1.76,28.19,-1.68,28.19,-1.68
11.657,28.06,-1.67,28.19,-1.68,28.19,-1.68
11.671,28.03,-1.67,28.19,-1.68,28.19,-1.68
11.686,28.01,-1.7,28.19,-1.68,28.19,-1.68
11.7,27.98,-1.69,28.19,-1.68,28.19,-1.68
11.714,27.92,-1.68,28.19,-1.68,28.19,-1.68
11.728,27.9,-1.69,28.19,-1.68,28.19,-1.68
11.742,27.95,-1.72,28.19,-1.67,28.19,-1.68
11.757,27.97,-1.73,28.19,-1.68,28.19,-1.68
11.77,27.97,-1.7,28.19,-1.68,28.19,-1.68
11.785,27.99,-1.74,28.19,-1.68,28.19,-1.68
11.799,28.0,-1.76,28.19,-1.68,28.19,-1.68
11.813,28.0,-1.74,28.19,-1.68,28.19,-1.68
11.827,28.0,-1.67,28.19,-1.68,28.19,-1.68
11.841,28.01,-1.65,28.19,-1.68,28.19,-1.68
11.855,28.0,-1.64,28.19,-1.68,28.19,-1.68
11.87,27.93,-1.71,28.19,-1.68,28.18,-1.68
11.884,27.94,-1.72,28.19,-1.68,28.18,-1.68
11.898,27.97,-1.69,28.19,-1.68,28.18,-1.68
11.912,28.01,-1.69,28.19,-1.68,28.18,-1.68
11.926,27.98,-1.67,28.19,-1.68,28.18,-1.68
11.94,27.99,-1.6,28.19,-1.68,28.18,-1.68
11.955,27.98,-1.72,28.19,-1.68,28.18,-1.68
11.969,28.0,-1.76,28.19,-1.68,28.18,-1.68
11.983,28.02,-1.72,28.19,-1.68,28.19,-1.68
11.998,28.01,-1.7,28.19,-1.68,28.19,-1.68
12.012,28.02,-1.68,28.19,-1.68,28.19,-1.68
12.026,28.01,-1.65,28.19,-1.68,28.19,-1.68
12.04,28.02,-1.65,28.19,-1.68,28.19,-1.68
12.054,27.98,-1.73,28.19,-1.68,28.19,-1.68
12.069,27.98,-1.71,28.19,-1.68,28.18,-1.68
12.083,27.96,-1.61,28.19,-1.68,28.18,-1.68
12.097,27.92,-1.64,28.18,-1.68,28.18,-1.68
12.113,27.99,-1.73,28.18,-1.68,28.18,-1.68
12.127,27.99,-1.72,28.18,-1.68,28.18,-1.68
12.141,27.97,-1.71,28.19,-1.68,28.18,-1.68
12.159,27.97,-1.7,28.19,-1.68,28.18,-1.68
12.173,28.01,-1.67,28.18,-1.68,28.18,-1.68
12.187,28.03,-1.67,28.18,-1.67,28.18,-1.67
12.202,27.95,-1.73,28.18,-1.67,28.18,-1.68
12.216,27.94,-1.74,28.18,-1.68,28.18,-1.68
12.23,27.95,-1.7,28.18,-1.68,28.18,-1.68
12.244,27.98,-1.67,28.18,-1.68,28.18,-1.68
12.258,28.01,-1.63,28.18,-1.68,28.18,-1.68
12.272,27.99,-1.68,28.18,-1.67,28.18,-1.67
12.286,27.95,-1.73,28.18,-1.67,28.18,-1.67
12.301,27.92,-1.74,28.18,-1.67,28.18,-1.67
12.315,27.97,-1.72,28.18,-1.67,28.18,-1.67
12.329,28.07,-1.66,28.18,-1.67,28.18,-1.67
12.343,28.04,-1.69,28.18,-1.67,28.18,-1.67
12.357,28.02,-1.72,28.18,-1.67,28.18,-1.67
12.371,28.04,-1.69,28.18,-1.67,28.18,-1.67
12.385,28.04,-1.69,28.19,-1.67,28.18,-1.67
12.4,28.02,-1.66,28.19,-1.68,28.18,-1.68
12.414,27.99,-1.67,28.19,-1.68,28.18,-1.68
12.428,27.99,-1.71,28.19,-1.68,28.18,-1.68
12.443,27.99,-1.73,28.19,-1.68,28.18,-1.68
12.457,27.96,-1.68,28.19,-1.68,28.18,-1.68
12.472,27.95,-1.68,28.19,-1.68,28.18,-1.68
12.486,27.98,-1.67,28.19,-1.68,28.19,-1.68
12.5,27.96,-1.74,28.19,-1.68,28.19,-1.68
12.514,27.98,-1.74,28.19,-1.68,28.19,-1.68
12.528,28.02,-1.69,28.19,-1.68,28.19,-1.68
12.542,28.0,-1.7,28.19,-1.68,28.19,-1.68
12.556,28.02,-1.68,28.19,-1.68,28.19,-1.68
12.571,27.97,-1.68,28.19,-1.68,28.19,-1.68
12.585,27.93,-1.7,28.19,-1.68,28.19,-1.68
12.599,27.98,-1.74,28.19,-1.68,28.19,-1.68
12.614,27.97,-1.74,28.19,-1.68,28.19,-1.68
12.628,27.95,-1.7,28.19,-1.68,28.19,-1.68
12.642,27.94,-1.67,28.19,-1.68,28.19,-1.68
12.656,27.94,-1.69,28.19,-1.68,28.19,-1.68
12.671,27.97,-1.69,28.19,-1.68,28.19,-1.68
12.685,28.02,-1.71,28.19,-1.68,28.19,-1.68
12.699,28.01,-1.65,28.19,-1.68,28.19,-1.68
12.713,27.98,-1.59,28.19,-1.68,28.19,-1.68
12.727,27.99,-1.62,28.19,-1.68,28.19,-1.68
12.741,27.98,-1.66,28.19,-1.68,28.19,-1.68
12.755,28.03,-1.71,28.19,-1.68,28.19,-1.68
12.769,27.99,-1.74,28.19,-1.68,28.19,-1.68
12.784,27.93,-1.71,28.19,-1.68,28.18,-1.68
12.798,27.94,-1.66,28.19,-1.68,28.18,-1.68
12.812,27.98,-1.67,28.19,-1.68,28.18,-1.68
12.826,28.01,-1.76,28.19,-1.68,28.18,-1.68
12.84,28.0,-1.74,28.19,-1.68,28.18,-1.68
12.855,27.96,-1.66,28.19,-1.68,28.19,-1.68
12.869,27.97,-1.65,28.19,-1.68,28.18,-1.68
12.883,28.02,-1.69,28.19,-1.68,28.18,-1.68
12.897,28.02,-1.71,28.19,-1.68,28.18,-1.68
12.911,28.01,-1.68,28.19,-1.68,28.18,-1.68
12.925,27.94,-1.7,28.18,-1.68,28.18,-1.68
12.939,27.95,-1.74,28.18,-1.68,28.18,-1.68
12.954,28.01,-1.7,28.18,-1.68,28.18,-1.68
12.968,28.01,-1.67,28.18,-1.68,28.18,-1.68
12.982,27.96,-1.66,28.18,-1.68,28.18,-1.68
12.996,27.96,-1.7,28.18,-1.68,28.18,-1.68
13.011,27.98,-1.7,28.18,-1.68,28.18,-1.68
13.025,27.96,-1.67,28.18,-1.68,28.18,-1.68
13.039,27.95,-1.64,28.18,-1.68,28.18,-1.68
13.053,28.02,-1.7,28.18,-1.68,28.18,-1.68
13.067,28.01,-1.74,28.18,-1.68,28.18,-1.68
13.082,27.97,-1.73,28.18,-1.68,28.18,-1.68
13.096,27.98,-1.7,28.18,-1.68,28.18,-1.68
13.11,28.0,-1.69,28.18,-1.68,28.18,-1.68
13.125,28.0,-1.71,28.18,-1.68,28.18,-1.68
13.139,27.97,-1.74,28.18,-1.68,28.18,-1.68
13.153,27.99,-1.71,28.18,-1.68,28.18,-1.68
13.167,28.01,-1.68,28.18,-1.68,28.18,-1.68
13.181,27.99,-1.64,28.18,-1.68,28.18,-1.68
13.196,27.96,-1.71,28.18,-1.68,28.18,-1.68
13.21,27.96,-1.71,28.18,-1.68,28.18,-1.68
13.224,27.94,-1.69,28.18,-1.68,28.18,-1.68
13.238,27.94,-1.66,28.18,-1.68,28.18,-1.68
13.252,28.0,-1.68,28.18,-1.68,28.18,-1.68
13.266,28.03,-1.67,28.18,-1.68,28.18,-1.68
13.281,27.98,-1.67,28.18,-1.68,28.18,-1.68
13.295,27.97,-1.71,28.18,-1.68,28.18,-1.68
13.309,27.99,-1.71,28.18,-1.68,28.18,-1.68
13.323,28.01,-1.69,28.18,-1.68,28.18,-1.68
13.337,27.99,-1.68,28.18,-1.68,28.18,-1.68
13.351,28.01,-1.68,28.18,-1.68,28.18,-1.68
13.366,27.99,-1.68,28.18,-1.68,28.18,-1.68
13.381,28.04,-1.68,28.18,-1.68,28.18,-1.68
13.395,28.03,-1.72,28.18,-1.68,28.18,-1.68
13.41,27.96,-1.73,28.18,-1.68,28.18,-1.68
13.424,27.97,-1.7,28.18,-1.68,28.18,-1.68
13.438,27.99,-1.68,28.18,-1.68,28.18,-1.68
13.452,27.98,-1.68,28.18,-1.68,28.18,-1.68
13.466,28.01,-1.73,28.18,-1.68,28.18,-1.68
13.481,27.99,-1.73,28.18,-1.68,28.18,-1.68
13.495,27.97,-1.71,28.18,-1.68,28.18,-1.69
13.509,27.98,-1.67,28.18,-1.69,28.18,-1.68
13.523,28.0,-1.65,28.18,-1.68,28.18,-1.68
13.537,27.97,-1.71,28.18,-1.68,28.18,-1.68
13.552,27.95,-1.74,28.18,-1.68,28.18,-1.69
13.566,28.01,-1.73,28.18,-1.69,28.18,-1.69
13.581,28.03,-1.7,28.18,-1.69,28.18,-1.69
13.595,27.98,-1.72,28.18,-1.69,28.18,-1.69
13.609,27.96,-1.75,28.18,-1.69,28.18,-1.69
13.624,27.99,-1.72,28.18,-1.69,28.18,-1.69
13.638,28.02,-1.72,28.18,-1.69,28.18,-1.69
13.652,28.03,-1.72,28.18,-1.69,28.18,-1.69
13.666,27.97,-1.71,28.18,-1.69,28.18,-1.69
13.68,27.96,-1.69,28.18,-1.69,28.18,-1.69
13.695,27.96,-1.67,28.18,-1.69,28.18,-1.69
13.709,27.97,-1.67,28.18,-1.69,28.18,-1.69
13.723,28.0,-1.74,28.18,-1.69,28.18,-1.69
13.737,28.02,-1.74,28.18,-1.69,28.18,-1.69
13.751,28.03,-1.73,28.18,-1.69,28.18,-1.69
13.766,28.0,-1.67,28.18,-1.69,28.18,-1.69
13.78,27.98,-1.65,28.18,-1.68,28.18,-1.68
13.794,27.99,-1.68,28.18,-1.68,28.18,-1.68
13.808,27.96,-1.73,28.18,-1.68,28.18,-1.68
13.822,27.93,-1.73,28.18,-1.68,28.18,-1.69
13.836,27.93,-1.71,28.18,-1.68,28.18,-1.68
13.851,27.96,-1.69,28.18,-1.68,28.18,-1.68
13.865,27.97,-1.67,28.18,-1.68,28.18,-1.68
13.879,28.03,-1.71,28.18,-1.68,28.18,-1.68
13.893,28.01,-1.71,28.18,-1.68,28.18,-1.68
13.907,28.02,-1.69,28.18,-1.68,28.18,-1.68
13.921,28.04,-1.67,28.18,-1.68,28.18,-1.68
13.935,28.04,-1.65,28.18,-1.68,28.18,-1.68
13.95,28.03,-1.66,28.18,-1.68,28.18,-1.68
13.964,28.02,-1.69,28.18,-1.68,28.18,-1.68
13.978,27.98,-1.69,28.18,-1.68,28.18,-1.68
13.992,27.95,-1.72,28.18,-1.68,28.18,-1.68
14.006,27.96,-1.74,28.18,-1.68,28.18,-1.68
14.02,28.0,-1.76,28.18,-1.68,28.18,-1.68
14.034,28.08,-1.73,28.18,-1.68,28.18,-1.68
14.049,28.08,-1.7,28.18,-1.68,28.18,-1.68
14.063,28.0,-1.66,28.18,-1.68,28.18,-1.68
14.077,28.0,-1.66,28.18,-1.68,28.18,-1.68
14.091,27.95,-1.73,28.19,-1.68,28.18,-1.68
14.106,27.96,-1.74,28.18,-1.68,28.18,-1.68
14.12,28.0,-1.68,28.18,-1.68,28.18,-1.68
14.134,28.01,-1.67,28.18,-1.68,28.18,-1.68
14.148,27.96,-1.69,28.18,-1.68,28.18,-1.68
14.163,27.95,-1.7,28.18,-1.68,28.18,-1.68
14.177,27.95,-1.67,28.19,-1.68,28.18,-1.68
14.191,28.0,-1.65,28.19,-1.68,28.18,-1.68
14.206,27.99,-1.65,28.19,-1.68,28.18,-1.68
14.22,27.99,-1.69,28.19,-1.68,28.18,-1.68
14.234,27.98,-1.67,28.19,-1.68,28.18,-1.68
14.248,27.9,-1.68,28.19,-1.68,28.18,-1.68
14.262,27.95,-1.71,28.19,-1.68,28.18,-1.68
14.277,28.02,-1.76,28.19,-1.68,28.18,-1.68
14.291,27.99,-1.76,28.19,-1.68,28.18,-1.68
14.305,28.01,-1.71,28.19,-1.68,28.18,-1.68
14.319,27.95,-1.64,28.19,-1.68,28.18,-1.68
14.334,27.93,-1.67,28.19,-1.68,28.18,-1.68
14.348,27.95,-1.66,28.19,-1.68,28.18,-1.68
14.362,27.97,-1.62,28.19,-1.68,28.18,-1.68
14.376,27.97,-1.62,28.19,-1.68,28.18,-1.68
14.39,27.92,-1.66,28.18,-1.68,28.18,-1.68
14.405,27.93,-1.69,28.18,-1.68,28.18,-1.68
14.419,27.99,-1.68,28.18,-1.68,28.18,-1.68
14.433,27.99,-1.66,28.18,-1.68,28.18,-1.68
14.447,27.99,-1.66,28.18,-1.68,28.18,-1.68
14.461,28.01,-1.65,28.18,-1.68,28.18,-1.68
14.476,28.05,-1.72,28.18,-1.68,28.18,-1.68
14.49,28.03,-1.73,28.19,-1.68,28.18,-1.68
14.504,27.97,-1.73,28.19,-1.68,28.18,-1.68
14.519,27.98,-1.73,28.19,-1.68,28.18,-1.68
14.533,28.0,-1.69,28.19,-1.68,28.18,-1.68
14.547,28.01,-1.69,28.19,-1.68,28.18,-1.68
14.562,28.03,-1.69,28.19,-1.68,28.18,-1.68
14.577,27.99,-1.72,28.19,-1.68,28.18,-1.68
14.591,27.94,-1.71,28.19,-1.68,28.18,-1.68
14.605,27.94,-1.68,28.19,-1.68,28.18,-1.68
14.619,27.97,-1.7,28.19,-1.68,28.18,-1.68
14.634,28.02,-1.67,28.19,-1.68,28.19,-1.68
14.648,28.03,-1.69,28.19,-1.68,28.19,-1.68
14.662,27.99,-1.75,28.19,-1.68,28.19,-1.68
14.677,27.96,-1.72,28.19,-1.68,28.19,-1.68
14.691,27.95,-1.68,28.19,-1.68,28.19,-1.68
14.705,27.99,-1.7,28.19,-1.68,28.19,-1.68
14.719,28.05,-1.69,28.19,-1.68,28.19,-1.68
14.733,28.07,-1.71,28.19,-1.68,28.19,-1.68
14.748,28.06,-1.72,28.19,-1.68,28.19,-1.68
14.762,27.97,-1.68,28.19,-1.68,28.19,-1.68
14.776,27.95,-1.69,28.19,-1.68,28.19,-1.68
14.791,27.99,-1.65,28.19,-1.68,28.19,-1.68
14.805,28.02,-1.64,28.19,-1.68,28.19,-1.68
14.819,28.04,-1.69,28.19,-1.68,28.19,-1.68
14.834,27.97,-1.72,28.19,-1.68,28.19,-1.68
14.848,27.97,-1.7,28.19,-1.68,28.19,-1.68
14.862,27.99,-1.69,28.19,-1.68,28.19,-1.68
14.876,27.97,-1.67,28.19,-1.68,28.19,-1.68
14.89,27.99,-1.68,28.19,-1.68,28.19,-1.68
14.904,27.99,-1.72,28.19,-1.68,28.19,-1.68
14.919,27.98,-1.73,28.19,-1.68,28.19,-1.68
14.933,27.92,-1.71,28.19,-1.68,28.19,-1.68
14.947,27.92,-1.72,28.19,-1.68,28.19,-1.68
14.961,28.02,-1.78,28.19,-1.68,28.19,-1.68
14.975,28.03,-1.78,28.19,-1.68,28.19,-1.69
14.989,27.97,-1.76,28.19,-1.69,28.19,-1.69
15.003,27.94,-1.72,28.19,-1.69,28.19,-1.69
15.018,27.96,-1.69,28.19,-1.69,28.19,-1.69
15.032,28.03,-1.71,28.19,-1.69,28.19,-1.69
15.046,27.98,-1.72,28.19,-1.69,28.19,-1.69
15.06,27.98,-1.66,28.19,-1.69,28.19,-1.69
15.074,27.99,-1.69,28.19,-1.69,28.19,-1.69
15.088,27.99,-1.73,28.19,-1.69,28.19,-1.69
15.103,27.98,-1.73,28.19,-1.69,28.19,-1.69
15.117,27.96,-1.73,28.19,-1.69,28.19,-1.69
15.131,27.97,-1.72,28.19,-1.69,28.19,-1.69
15.145,27.98,-1.67,28.19,-1.69,28.19,-1.69
15.159,27.99,-1.69,28.19,-1.69,28.19,-1.69
15.173,27.93,-1.72,28.19,-1.69,28.19,-1.69
15.187,27.93,-1.71,28.19,-1.69,28.19,-1.69
15.202,27.98,-1.71,28.19,-1.69,28.19,-1.69
15.216,27.95,-1.72,28.19,-1.69,28.19,-1.69
15.23,27.94,-1.72,28.19,-1.69,28.19,-1.69
15.244,27.97,-1.69,28.19,-1.69,28.18,-1.69
15.258,28.0,-1.71,28.19,-1.68,28.18,-1.68
15.272,28.01,-1.68,28.18,-1.68,28.18,-1.68
15.286,28.0,-1.6,28.18,-1.68,28.18,-1.68
15.3,28.0,-1.61,28.18,-1.68,28.18,-1.68
15.315,28.05,-1.66,28.18,-1.68,28.18,-1.68
15.329,28.09,-1.64,28.18,-1.68,28.18,-1.68
15.343,28.1,-1.65,28.18,-1.68,28.18,-1.68
15.357,28.01,-1.73,28.18,-1.68,28.18,-1.68
15.371,28.01,-1.69,28.18,-1.67,28.18,-1.67
15.385,28.05,-1.65,28.18,-1.67,28.18,-1.67
15.399,28.03,-1.63,28.18,-1.67,28.18,-1.67
15.414,28.04,-1.72,28.18,-1.67,28.18,-1.67
15.428,28.02,-1.76,28.18,-1.67,28.18,-1.67
15.442,28.03,-1.78,28.18,-1.67,28.18,-1.67
15.456,27.91,-1.75,28.18,-1.67,28.18,-1.67
15.471,27.9,-1.72,28.18,-1.67,28.18,-1.67
15.485,28.08,-1.63,28.18,-1.67,28.18,-1.67
15.499,28.08,-1.62,28.18,-1.67,28.18,-1.67
15.513,27.97,-1.65,28.18,-1.67,28.18,-1.67
15.527,27.97,-1.69,28.18,-1.67,28.18,-1.67
15.542,27.94,-1.69,28.18,-1.67,28.18,-1.67
15.556,27.98,-1.73,28.18,-1.67,28.18,-1.67
15.57,28.01,-1.72,28.18,-1.67,28.18,-1.67
15.584,28.0,-1.64,28.18,-1.67,28.18,-1.67
15.599,28.04,-1.66,28.18,-1.67,28.18,-1.67
15.613,27.96,-1.65,28.18,-1.67,28.18,-1.67
15.627,27.95,-1.69,28.18,-1.67,28.18,-1.67
15.641,27.94,-1.75,28.18,-1.67,28.18,-1.67
15.655,28.01,-1.75,28.18,-1.67,28.18,-1.67
15.669,28.05,-1.73,28.18,-1.67,28.18,-1.67
15.684,28.07,-1.62,28.18,-1.67,28.18,-1.67
15.698,28.03,-1.6,28.18,-1.67,28.18,-1.67
15.712,28.02,-1.67,28.18,-1.67,28.18,-1.67
15.726,28.0,-1.72,28.18,-1.67,28.18,-1.67
15.741,27.99,-1.76,28.18,-1.67,28.18,-1.67
15.755,27.97,-1.73,28.18,-1.67,28.18,-1.67
15.769,27.99,-1.7,28.18,-1.67,28.18,-1.67
15.783,28.04,-1.7,28.18,-1.67,28.18,-1.67
15.798,28.02,-1.75,28.18,-1.67,28.18,-1.67
15.812,27.99,-1.72,28.18,-1.67,28.18,-1.67
15.826,28.03,-1.68,28.19,-1.67,28.18,-1.67
15.84,28.08,-1.67,28.19,-1.67,28.19,-1.67
15.855,28.03,-1.69,28.19,-1.67,28.19,-1.67
15.869,27.92,-1.7,28.19,-1.67,28.18,-1.67
15.885,27.9,-1.71,28.19,-1.67,28.18,-1.67
15.899,27.95,-1.75,28.19,-1.67,28.18,-1.67
15.914,28.01,-1.72,28.19,-1.67,28.18,-1.67
15.928,28.03,-1.67,28.18,-1.67,28.18,-1.67
15.942,27.99,-1.69,28.18,-1.67,28.18,-1.67
15.956,27.99,-1.74,28.18,-1.67,28.18,-1.67
15.97,28.03,-1.78,28.18,-1.67,28.18,-1.67
15.984,28.0,-1.76,28.18,-1.67,28.18,-1.67
15.999,27.98,-1.7,28.18,-1.67,28.18,-1.67
16.013,27.99,-1.69,28.18,-1.67,28.18,-1.67
16.027,28.02,-1.71,28.18,-1.67,28.18,-1.67
16.041,28.0,-1.69,28.18,-1.67,28.18,-1.67
16.055,28.0,-1.68,28.18,-1.67,28.18,-1.67
16.07,28.02,-1.72,28.18,-1.67,28.18,-1.67
16.084,28.03,-1.73,28.18,-1.67,28.18,-1.67
16.098,28.03,-1.75,28.18,-1.67,28.18,-1.67
16.112,28.0,-1.73,28.18,-1.67,28.18,-1.67
16.127,27.98,-1.73,28.18,-1.67,28.18,-1.67
16.141,28.02,-1.76,28.18,-1.67,28.18,-1.67
16.155,28.05,-1.7,28.18,-1.67,28.18,-1.67
16.169,28.0,-1.64,28.18,-1.67,28.18,-1.67
16.184,28.0,-1.64,28.18,-1.67,28.18,-1.67
16.198,28.03,-1.68,28.18,-1.67,28.18,-1.67
16.212,28.04,-1.71,28.18,-1.67,28.18,-1.67
16.226,28.04,-1.77,28.18,-1.67,28.18,-1.67
16.241,28.08,-1.75,28.18,-1.67,28.18,-1.68
16.255,27.99,-1.68,28.18,-1.68,28.18,-1.68
16.269,27.94,-1.67,28.18,-1.67,28.18,-1.67
16.283,27.94,-1.68,28.18,-1.67,28.18,-1.67
16.297,28.01,-1.78,28.18,-1.67,28.18,-1.67
16.311,27.98,-1.78,28.18,-1.67,28.18,-1.68
16.326,27.97,-1.73,28.18,-1.67,28.18,-1.67
16.34,27.97,-1.71,28.18,-1.67,28.18,-1.68
16.354,28.02,-1.76,28.18,-1.68,28.18,-1.68
16.368,28.0,-1.72,28.18,-1.68,28.18,-1.68
16.382,27.98,-1.67,28.18,-1.68,28.18,-1.68
16.397,27.98,-1.74,28.19,-1.68,28.18,-1.68
16.414,28.07,-1.76,28.19,-1.68,28.18,-1.68
16.428,28.03,-1.73,28.19,-1.68,28.18,-1.68
16.442,28.0,-1.71,28.19,-1.68,28.18,-1.68
16.456,27.97,-1.69,28.19,-1.68,28.18,-1.68
16.471,27.96,-1.7,28.19,-1.68,28.18,-1.68
16.485,28.05,-1.72,28.19,-1.68,28.18,-1.68
16.499,28.09,-1.71,28.19,-1.68,28.19,-1.68
16.513,28.03,-1.7,28.19,-1.68,28.19,-1.68
16.528,28.07,-1.7,28.19,-1.68,28.19,-1.68
16.542,28.07,-1.68,28.19,-1.68,28.19,-1.68
16.556,28.05,-1.68,28.19,-1.68,28.19,-1.68
16.57,28.0,-1.69,28.19,-1.68,28.19,-1.68
16.584,27.96,-1.72,28.19,-1.68,28.18,-1.68
16.598,28.0,-1.71,28.19,-1.68,28.18,-1.68
16.613,28.01,-1.66,28.19,-1.68,28.19,-1.68
16.627,27.96,-1.69,28.19,-1.68,28.18,-1.68
16.641,28.01,-1.75,28.19,-1.68,28.18,-1.68
16.655,28.04,-1.72,28.19,-1.68,28.19,-1.68
16.669,27.98,-1.7,28.19,-1.68,28.19,-1.68
16.683,27.91,-1.71,28.19,-1.68,28.19,-1.68
16.698,28.01,-1.7,28.19,-1.68,28.18,-1.68
16.712,28.05,-1.74,28.18,-1.68,28.18,-1.68
16.727,28.0,-1.72,28.19,-1.68,28.18,-1.68
16.741,28.06,-1.7,28.19,-1.68,28.19,-1.68
16.755,28.08,-1.72,28.19,-1.68,28.19,-1.68
16.769,28.01,-1.72,28.19,-1.68,28.19,-1.68
16.783,27.99,-1.69,28.19,-1.68,28.19,-1.68
16.798,27.96,-1.67,28.19,-1.68,28.19,-1.68
16.812,27.97,-1.72,28.19,-1.68,28.19,-1.68
16.826,28.06,-1.72,28.19,-1.68,28.19,-1.68
16.84,28.06,-1.69,28.19,-1.68,28.19,-1.68
16.855,27.99,-1.69,28.19,-1.68,28.19,-1.68
16.869,28.03,-1.69,28.19,-1.68,28.19,-1.68
16.883,28.0,-1.68,28.19,-1.68,28.19,-1.68
16.897,27.92,-1.72,28.19,-1.68,28.19,-1.68
16.911,27.98,-1.74,28.19,-1.68,28.19,-1.68
16.925,28.06,-1.75,28.19,-1.68,28.19,-1.69
16.94,27.97,-1.74,28.19,-1.69,28.19,-1.69
16.954,27.95,-1.69,28.19,-1.69,28.19,-1.69
16.971,27.97,-1.64,28.19,-1.69,28.19,-1.69
16.985,27.96,-1.66,28.19,-1.69,28.19,-1.69
17.0,27.86,-1.72,28.19,-1.69,28.19,-1.69
17.014,27.99,-1.73,28.19,-1.68,28.19,-1.69
17.028,28.07,-1.73,28.19,-1.69,28.19,-1.69
17.042,28.04,-1.69,28.19,-1.69,28.19,-1.69
17.056,28.0,-1.68,28.19,-1.69,28.19,-1.69
17.07,27.95,-1.72,28.2,-1.69,28.19,-1.69
17.085,27.96,-1.72,28.2,-1.69,28.19,-1.69
17.099,28.03,-1.74,28.2,-1.69,28.2,-1.69
17.113,28.04,-1.71,28.2,-1.69,28.2,-1.69
17.127,27.99,-1.71,28.2,-1.69,28.2,-1.69
17.141,28.02,-1.76,28.2,-1.69,28.2,-1.69
17.155,27.99,-1.76,28.2,-1.69,28.19,-1.69
17.169,27.94,-1.69,28.19,-1.69,28.19,-1.69
17.184,27.99,-1.68,28.19,-1.69,28.18,-1.69
17.198,28.06,-1.68,28.18,-1.69,28.18,-1.69
17.212,28.06,-1.69,28.18,-1.69,28.18,-1.69
17.226,28.01,-1.73,28.19,-1.69,28.18,-1.69
17.24,28.0,-1.69,28.19,-1.69,28.19,-1.69
17.255,27.99,-1.65,28.19,-1.69,28.19,-1.69
17.269,27.98,-1.7,28.19,-1.69,28.19,-1.69
17.283,28.07,-1.78,28.19,-1.69,28.19,-1.69
17.297,28.01,-1.72,28.19,-1.69,28.19,-1.69
17.311,27.94,-1.69,28.19,-1.69,28.19,-1.69
17.325,28.05,-1.67,28.19,-1.69,28.19,-1.69
17.34,28.04,-1.64,28.19,-1.69,28.19,-1.69
17.354,27.97,-1.67,28.19,-1.69,28.19,-1.69
17.368,28.01,-1.68,28.19,-1.69,28.19,-1.69
17.382,27.92,-1.7,28.2,-1.69,28.19,-1.69
17.396,27.96,-1.72,28.19,-1.69,28.19,-1.69
17.411,28.09,-1.74,28.19,-1.69,28.19,-1.69
17.425,28.04,-1.72,28.2,-1.69,28.2,-1.69
17.439,27.95,-1.69,28.21,-1.69,28.21,-1.69
17.453,27.71,-1.68,28.22,-1.69,28.22,-1.69
17.467,27.83,-1.67,28.22,-1.69,28.22,-1.69
17.481,27.92,-1.67,28.22,-1.69,28.22,-1.69
17.495,28.01,-1.71,28.21,-1.69,28.21,-1.69
17.51,28.06,-1.76,28.21,-1.69,28.21,-1.69
17.524,27.92,-1.71,28.21,-1.69,28.21,-1.69
17.538,27.93,-1.71,28.21,-1.69,28.21,-1.69
17.552,27.97,-1.74,28.21,-1.69,28.21,-1.69
17.566,27.94,-1.74,28.21,-1.69,28.21,-1.69
17.58,27.97,-1.72,28.21,-1.69,28.21,-1.69
17.594,27.99,-1.76,28.21,-1.69,28.21,-1.69
17.609,27.99,-1.75,28.21,-1.69,28.2,-1.69
17.623,27.91,-1.65,28.21,-1.69,28.2,-1.69
17.637,27.9,-1.67,28.2,-1.69,28.2,-1.69
17.651,27.92,-1.71,28.2,-1.69,28.2,-1.69
17.665,28.03,-1.71,28.19,-1.69,28.19,-1.69
17.679,28.07,-1.77,28.18,-1.69,28.18,-1.69
17.693,27.98,-1.78,28.18,-1.69,28.18,-1.69
17.708,28.01,-1.68,28.18,-1.69,28.18,-1.69
17.722,28.01,-1.67,28.18,-1.69,28.18,-1.69
17.736,27.99,-1.72,28.18,-1.69,28.18,-1.69
17.752,27.98,-1.73,28.18,-1.69,28.18,-1.69
17.766,28.01,-1.74,28.18,-1.69,28.18,-1.69
17.78,27.97,-1.78,28.18,-1.69,28.18,-1.69
17.795,27.94,-1.76,28.18,-1.69,28.18,-1.69
17.809,28.0,-1.7,28.18,-1.69,28.18,-1.69
17.823,28.03,-1.66,28.17,-1.69,28.17,-1.69
17.837,28.05,-1.63,28.17,-1.69,28.17,-1.69
17.851,28.05,-1.67,28.17,-1.69,28.17,-1.69
17.866,28.01,-1.69,28.17,-1.69,28.17,-1.69
17.88,27.96,-1.66,28.17,-1.69,28.17,-1.69
17.894,27.98,-1.69,28.17,-1.69,28.17,-1.69
17.908,28.03,-1.68,28.17,-1.69,28.17,-1.69
17.922,28.1,-1.62,28.17,-1.69,28.17,-1.69
17.937,28.2,-1.72,28.17,-1.69,28.17,-1.69
17.951,28.12,-1.77,28.18,-1.69,28.18,-1.69
17.965,27.91,-1.78,28.2,-1.69,28.2,-1.69
17.979,28.23,-0.97,28.21,-1.69,28.22,-1.69
17.994,28.05,0.49,28.25,-1.68,28.25,-1.66
18.008,27.31,-1.26,28.32,-1.65,28.31,-1.64
18.022,27.76,-3.05,28.42,-1.61,28.41,-1.63
18.036,28.33,-1.91,28.47,-1.61,28.47,-1.62
18.05,28.01,-1.86,28.44,-1.63,28.44,-1.63
18.065,27.04,-2.7,28.41,-1.65,28.4,-1.66
18.078,26.96,-2.2,28.37,-1.67,28.36,-1.67
18.093,27.74,-1.76,28.33,-1.67,28.32,-1.67
18.107,26.75,-1.77,28.3,-1.67,28.28,-1.67
18.121,26.51,-2.13,28.24,-1.67,28.22,-1.68
18.135,29.43,-2.97,28.11,-1.68,28.13,-1.69
18.15,28.93,-2.67,28.07,-1.69,28.08,-1.7
18.164,28.26,-0.75,28.06,-1.7,28.06,-1.69
18.178,28.24,-0.67,28.07,-1.7,28.07,-1.69
18.192,28.48,-1.59,28.08,-1.69,28.08,-1.69
18.207,28.23,-0.96,28.12,-1.69,28.12,-1.68
18.221,28.05,-1.02,28.18,-1.68,28.18,-1.67
18.235,27.27,-1.49,28.24,-1.67,28.23,-1.67
18.249,27.21,-1.7,28.28,-1.67,28.27,-1.67
18.263,27.95,-1.73,28.29,-1.67,28.29,-1.67
18.278,27.87,-1.66,28.3,-1.68,28.29,-1.68
18.292,27.76,-1.64,28.31,-1.68,28.31,-1.68
18.306,27.58,-1.69,28.32,-1.68,28.31,-1.68
18.32,27.49,-1.86,28.32,-1.68,28.31,-1.68
18.334,28.39,-1.87,28.29,-1.68,28.29,-1.69
18.348,28.12,-1.54,28.25,-1.71,28.25,-1.71
18.362,27.56,-1.58,28.23,-1.72,28.22,-1.72
18.376,27.75,-1.69,28.23,-1.72,28.22,-1.72
18.391,28.0,-1.74,28.23,-1.72,28.23,-1.72
18.405,27.99,-1.75,28.23,-1.72,28.23,-1.72
18.419,27.97,-1.79,28.23,-1.72,28.23,-1.72
18.433,27.69,-1.62,28.23,-1.73,28.23,-1.73
18.447,27.64,-1.66,28.23,-1.73,28.22,-1.73
18.462,27.66,-1.76,28.22,-1.73,28.21,-1.73
18.476,28.2,-1.54,28.19,-1.72,28.19,-1.72
18.49,28.22,-1.65,28.16,-1.72,28.16,-1.72
18.504,28.19,-1.76,28.16,-1.72,28.16,-1.72
18.519,28.07,-1.42,28.17,-1.72,28.17,-1.72
18.533,28.05,-1.13,28.17,-1.72,28.17,-1.71
18.547,28.1,-1.08,28.18,-1.71,28.18,-1.7
18.561,27.25,-1.65,28.19,-1.69,28.18,-1.69
18.576,27.63,-2.28,28.18,-1.68,28.17,-1.69
18.59,28.09,-2.81,28.17,-1.68,28.17,-1.69
18.604,27.99,-2.03,28.18,-1.7,28.18,-1.7
18.618,28.04,-1.69,28.19,-1.71,28.19,-1.71
18.632,27.6,-1.66,28.25,-1.72,28.24,-1.72
18.647,27.47,-1.71,28.29,-1.72,28.28,-1.72
18.661,27.84,-1.78,28.29,-1.73,28.29,-1.73
18.675,27.86,-1.6,28.27,-1.74,28.27,-1.73
18.689,28.4,-2.02,28.27,-1.74,28.27,-1.74
18.704,28.38,-1.86,28.32,-1.75,28.32,-1.75
18.718,26.84,-1.44,28.43,-1.76,28.42,-1.76
18.732,27.52,-1.74,28.52,-1.74,28.51,-1.74
18.746,28.31,-3.66,28.57,-1.72,28.56,-1.74
18.76,28.24,-4.7,28.57,-1.77,28.57,-1.8
18.775,28.65,-4.55,28.58,-1.84,28.58,-1.87
18.789,27.41,-1.38,28.66,-1.91,28.65,-1.91
18.803,26.8,-0.04,28.83,-1.9,28.81,-1.88
18.817,27.68,-2.43,28.94,-1.88,28.93,-1.89
18.832,27.45,-1.86,28.95,-1.92,28.93,-1.92
18.846,24.3,0.41,28.94,-1.95,28.89,-1.92
18.86,24.35,0.11,28.89,-1.75,28.85,-1.73
18.873,25.62,-0.54,28.83,-1.45,28.79,-1.44
18.888,27.88,-2.65,28.77,-1.09,28.76,-1.11
18.902,28.74,-4.3,28.76,-0.84,28.76,-0.87
18.916,27.88,-4.08,28.78,-0.71,28.77,-0.75
18.93,27.31,-3.4,28.8,-0.79,28.79,-0.82
18.945,26.74,-4.02,28.83,-0.86,28.81,-0.89
18.96,26.08,-3.7,28.92,-0.95,28.89,-0.98
18.974,25.45,-2.05,29.01,-1.02,28.97,-1.03
18.989,27.28,-2.47,29.08,-0.97,29.06,-0.98
19.003,29.79,-4.15,29.16,-0.86,29.17,-0.89
19.017,33.05,-9.22,29.26,-0.68,29.3,-0.77
19.031,31.12,-11.06,29.37,-0.31,29.38,-0.42
19.045,16.28,-1.76,29.46,0.02,29.32,-0.0
19.06,19.59,3.23,29.42,-0.32,29.33,-0.28
19.073,24.92,-2.07,29.44,-0.71,29.39,-0.72
19.088,25.02,-3.34,29.49,-0.99,29.44,-1.02
19.102,24.47,-2.8,29.45,-1.19,29.4,-1.21
19.116,24.41,-0.2,29.21,-1.27,29.16,-1.26
19.13,24.67,0.32,28.91,-1.33,28.87,-1.31
19.145,24.96,-0.85,28.68,-1.41,28.64,-1.4
19.159,25.89,-2.21,28.6,-1.62,28.57,-1.63
19.173,30.85,-5.65,28.61,-1.94,28.63,-1.98
19.187,32.57,-7.27,28.81,-2.47,28.85,-2.51
19.201,27.84,-4.25,29.13,-2.88,29.12,-2.9
19.215,25.62,-0.19,29.33,-2.83,29.29,-2.81
19.229,24.63,0.52,29.38,-2.74,29.33,-2.71
19.244,23.64,-3.91,29.34,-2.69,29.28,-2.71
19.257,24.42,-3.43,29.19,-2.72,29.15,-2.73
19.271,27.0,-0.97,29.07,-2.73,29.05,-2.71
19.285,27.38,-1.4,29.04,-2.7,29.02,-2.69
19.299,27.68,-1.7,29.02,-2.69,29.0,-2.68
19.314,27.31,-1.14,28.99,-2.68,28.97,-2.67
19.328,27.58,-0.38,28.92,-2.66,28.91,-2.64
19.342,25.83,-0.61,28.85,-2.64,28.82,-2.62
19.356,24.19,-0.96,28.82,-2.6,28.77,-2.59
19.37,24.03,-0.2,28.83,-2.56,28.78,-2.54
19.384,24.04,-2.4,28.81,-2.54,28.76,-2.54
19.399,27.35,-0.18,28.7,-2.54,28.69,-2.51
19.413,29.5,0.0,28.46,-2.5,28.47,-2.47
19.427,29.64,-0.72,28.22,-2.44,28.23,-2.42
19.441,28.82,-2.18,28.03,-2.36,28.04,-2.36
19.456,28.7,-2.57,27.94,-2.22,27.95,-2.23
19.47,28.17,-1.25,27.88,-2.06,27.88,-2.06
19.484,28.46,-0.71,27.81,-2.0,27.81,-1.99
19.498,28.63,-2.99,27.77,-1.99,27.78,-2.0
19.512,29.14,-3.76,27.91,-1.93,27.92,-1.95
19.527,29.23,-3.99,28.14,-1.85,28.15,-1.87
19.541,24.08,-4.33,28.42,-1.75,28.38,-1.77
19.555,21.21,-5.11,28.56,-1.74,28.48,-1.78
19.569,25.39,-2.42,28.55,-1.8,28.52,-1.81
19.584,26.99,-2.54,28.41,-1.86,28.4,-1.87
19.598,25.74,-2.64,28.3,-1.9,28.28,-1.91
19.612,22.64,-1.42,28.28,-1.9,28.22,-1.89
19.626,20.41,1.01,28.29,-1.96,28.21,-1.93
19.64,24.12,0.5,28.35,-2.11,28.31,-2.08
19.654,26.16,-0.94,28.51,-2.18,28.48,-2.17
19.668,26.47,-2.52,28.7,-2.23,28.68,-2.23
19.682,26.47,-2.4,28.87,-2.38,28.85,-2.38
19.696,26.96,-2.06,29.03,-2.57,29.01,-2.57
19.71,25.74,-0.4,29.16,-2.78,29.12,-2.75
19.724,23.84,0.82,29.26,-2.92,29.21,-2.88
19.738,23.78,-0.4,29.35,-2.99,29.3,-2.96
19.752,22.82,-0.53,29.51,-3.05,29.45,-3.03
19.766,23.17,-3.46,29.6,-3.09,29.54,-3.09
19.781,24.88,-2.75,29.48,-3.05,29.44,-3.05
19.794,25.17,0.2,29.38,-2.97,29.33,-2.94
19.808,25.12,-0.7,29.33,-2.84,29.29,-2.82
19.822,25.21,-1.33,29.29,-2.7,29.25,-2.68
19.836,25.5,-1.34,29.24,-2.56,29.2,-2.55
19.85,25.29,-0.34,29.19,-2.41,29.15,-2.39
19.865,25.04,1.1,29.15,-2.3,29.1,-2.27
19.879,25.73,-1.29,29.11,-2.28,29.07,-2.27
19.893,25.62,-0.75,29.1,-2.28,29.07,-2.26
19.907,25.31,-0.11,29.19,-2.27,29.15,-2.25
19.922,25.26,0.26,29.29,-2.25,29.25,-2.22
19.936,25.03,1.05,29.41,-2.23,29.37,-2.2
19.95,25.32,0.88,29.6,-2.21,29.56,-2.18
19.964,28.11,-1.55,29.83,-2.19,29.81,-2.19
19.978,26.73,-5.57,30.37,-2.21,30.34,-2.24
19.992,24.18,-5.58,31.04,-2.27,30.98,-2.3
20.006,29.93,-4.89,31.75,-2.34,31.74,-2.36
20.02,32.82,-11.38,32.89,-2.52,32.89,-2.61
20.034,35.29,21.31,34.16,-3.0,34.17,-2.76
20.048,41.17,31.28,35.08,-2.77,35.14,-2.43
20.062,25.38,-6.41,35.75,-1.62,35.64,-1.66
20.076,13.81,-6.69,36.25,-1.42,36.02,-1.48
20.091,10.01,-4.06,36.52,-1.57,36.26,-1.59
20.105,16.64,-1.27,36.44,-1.73,36.24,-1.73
20.119,17.29,-2.7,36.2,-1.73,36.01,-1.74
20.133,16.02,-3.51,35.99,-1.72,35.79,-1.73
20.147,15.05,-2.06,35.79,-1.75,35.58,-1.75
20.161,15.34,-1.03,35.57,-1.77,35.37,-1.76
20.175,15.57,-1.15,35.34,-1.77,35.14,-1.76
20.189,16.25,-1.77,35.05,-1.77,34.87,-1.77
20.203,18.39,-1.98,34.7,-1.78,34.54,-1.78
20.218,18.46,-1.7,34.39,-1.79,34.23,-1.79
20.232,16.64,-1.57,34.13,-1.79,33.96,-1.79
20.246,18.16,-1.64,33.86,-1.79,33.7,-1.79
20.26,23.5,-1.71,33.59,-1.79,33.48,-1.79
20.275,21.21,-1.43,33.63,-1.79,33.51,-1.78
20.289,12.84,-1.45,33.82,-1.78,33.61,-1.78
20.303,15.62,-1.74,33.72,-1.76,33.54,-1.76
20.317,17.32,-1.85,33.54,-1.76,33.38,-1.76
20.331,17.54,-1.81,33.34,-1.76,33.18,-1.76
20.345,17.52,-1.65,33.16,-1.76,33.0,-1.76
20.359,17.58,-1.52,32.99,-1.76,32.83,-1.76
20.373,17.12,-1.54,32.82,-1.76,32.66,-1.75
20.387,16.67,-1.58,32.64,-1.75,32.48,-1.75
20.401,16.07,-1.7,32.43,-1.75,32.26,-1.75
20.416,14.4,-2.11,32.1,-1.75,31.92,-1.76
20.43,21.87,-0.87,31.64,-1.77,31.54,-1.76
20.444,25.43,-1.58,31.19,-1.75,31.14,-1.75
20.458,18.03,-1.78,31.02,-1.75,30.89,-1.75
20.472,17.82,-1.89,30.95,-1.75,30.81,-1.76
20.486,18.62,-1.75,30.85,-1.76,30.72,-1.76
20.501,17.87,-1.47,30.75,-1.77,30.62,-1.77
20.515,18.32,-1.52,30.61,-1.77,30.49,-1.77
20.529,18.65,-1.61,30.48,-1.77,30.36,-1.77
20.543,18.44,-1.58,30.36,-1.77,30.24,-1.76
20.557,18.43,-1.65,30.25,-1.76,30.13,-1.76
20.572,18.56,-1.63,30.13,-1.76,30.01,-1.76
20.586,18.47,-1.54,30.02,-1.76,29.9,-1.76
20.6,18.41,-1.57,29.9,-1.76,29.79,-1.76
20.614,18.43,-1.64,29.79,-1.76,29.68,-1.76
20.628,18.47,-1.62,29.68,-1.76,29.57,-1.76
20.642,18.41,-1.65,29.57,-1.76,29.46,-1.75
20.656,18.37,-1.66,29.46,-1.75,29.35,-1.75
20.67,18.42,-1.59,29.35,-1.75,29.24,-1.75
20.684,18.48,-1.58,29.24,-1.75,29.14,-1.75
20.698,18.46,-1.58,29.14,-1.75,29.03,-1.75
20.713,18.47,-1.56,29.03,-1.75,28.93,-1.75
20.727,18.5,-1.6,28.93,-1.75,28.82,-1.74
20.741,18.48,-1.67,28.83,-1.74,28.72,-1.74
20.755,18.49,-1.61,28.72,-1.74,28.62,-1.74
20.769,18.52,-1.56,28.62,-1.74,28.52,-1.74
20.783,18.44,-1.59,28.52,-1.74,28.42,-1.74
20.798,18.41,-1.61,28.42,-1.74,28.32,-1.74
20.812,18.42,-1.63,28.33,-1.74,28.23,-1.74
20.826,18.45,-1.69,28.23,-1.74,28.13,-1.74
20.84,18.45,-1.65,28.13,-1.74,28.04,-1.73
20.854,18.4,-1.56,28.04,-1.74,27.94,-1.73
20.868,18.44,-1.56,27.94,-1.73,27.85,-1.73
20.883,18.49,-1.63,27.85,-1.73,27.76,-1.73
20.897,18.48,-1.67,27.76,-1.73,27.67,-1.73
20.911,18.48,-1.68,27.67,-1.73,27.57,-1.73
20.925,18.45,-1.56,27.58,-1.73,27.49,-1.73
20.939,18.45,-1.6,27.49,-1.73,27.4,-1.73
20.953,18.5,-1.64,27.4,-1.73,27.31,-1.72
20.967,18.47,-1.61,27.31,-1.72,27.22,-1.72
20.982,18.5,-1.66,27.22,-1.72,27.14,-1.72
20.996,18.49,-1.65,27.14,-1.72,27.05,-1.72
21.01,18.45,-1.66,27.05,-1.72,26.97,-1.72
21.028,18.4,-1.67,26.97,-1.72,26.88,-1.72
21.042,18.49,-1.62,26.89,-1.72,26.8,-1.72
21.056,18.52,-1.66,26.8,-1.72,26.72,-1.72
21.071,18.46,-1.68,26.72,-1.72,26.64,-1.72
21.085,18.45,-1.63,26.64,-1.72,26.56,-1.72
21.099,18.45,-1.62,26.56,-1.71,26.48,-1.71
21.113,18.43,-1.63,26.48,-1.71,26.4,-1.71
21.127,18.43,-1.61,26.41,-1.71,26.33,-1.71
21.141,18.51,-1.61,26.33,-1.71,26.25,-1.71
21.156,18.54,-1.61,26.25,-1.71,26.17,-1.71
21.17,18.46,-1.6,26.18,-1.71,26.1,-1.71
21.184,18.4,-1.6,26.1,-1.71,26.02,-1.7
21.199,18.49,-1.56,26.03,-1.7,25.95,-1.7
21.213,18.47,-1.56,25.95,-1.7,25.88,-1.7
21.227,18.44,-1.6,25.88,-1.7,25.8,-1.7
21.241,18.49,-1.66,25.81,-1.7,25.73,-1.7
21.255,18.46,-1.66,25.74,-1.7,25.66,-1.7
21.269,18.44,-1.59,25.67,-1.7,25.59,-1.7
21.283,18.42,-1.6,25.6,-1.7,25.52,-1.7
21.298,18.45,-1.58,25.53,-1.7,25.45,-1.7
21.312,18.54,-1.57,25.46,-1.7,25.39,-1.69
21.326,18.68,-1.68,25.39,-1.69,25.32,-1.69
21.34,18.56,-1.61,25.33,-1.7,25.26,-1.7
21.355,18.06,-1.17,25.27,-1.7,25.19,-1.69
21.369,18.25,-1.61,25.2,-1.7,25.13,-1.69
21.383,18.47,-2.0,25.13,-1.69,25.06,-1.7
21.397,18.7,-1.72,25.06,-1.7,25.0,-1.7
21.411,18.53,-1.44,25.0,-1.7,24.94,-1.7
21.425,18.32,-1.27,24.94,-1.7,24.88,-1.69
21.44,18.3,-1.6,24.88,-1.7,24.82,-1.69
21.454,18.59,-1.74,24.82,-1.69,24.76,-1.7
21.468,18.67,-1.77,24.76,-1.7,24.7,-1.7
21.482,18.23,-1.64,24.7,-1.7,24.64,-1.7
21.497,18.34,-1.51,24.64,-1.7,24.58,-1.7
21.511,18.71,-1.56,24.58,-1.7,24.52,-1.69
21.525,18.55,-1.61,24.52,-1.69,24.46,-1.69
21.539,18.28,-1.6,24.46,-1.69,24.4,-1.69
21.553,18.3,-1.63,24.41,-1.69,24.34,-1.69
21.568,18.52,-1.63,24.34,-1.69,24.29,-1.69
21.581,18.51,-1.48,24.29,-1.69,24.23,-1.69
21.596,18.31,-1.52,24.23,-1.69,24.17,-1.69
21.61,18.37,-1.61,24.17,-1.69,24.12,-1.69
21.624,18.5,-1.72,24.12,-1.69,24.06,-1.69
21.638,18.53,-1.74,24.06,-1.69,24.01,-1.69
21.653,18.51,-1.65,24.01,-1.69,23.96,-1.69
21.667,18.41,-1.46,23.96,-1.69,23.9,-1.69
21.681,18.46,-1.49,23.91,-1.69,23.85,-1.69
21.695,18.43,-1.67,23.85,-1.69,23.8,-1.69
21.709,18.4,-1.67,23.8,-1.69,23.74,-1.69
21.724,18.44,-1.56,23.75,-1.69,23.69,-1.69
21.738,18.47,-1.54,23.7,-1.68,23.64,-1.68
21.752,18.42,-1.59,23.65,-1.68,23.59,-1.68
21.766,18.39,-1.63,23.6,-1.68,23.54,-1.68
21.781,18.35,-1.67,23.55,-1.68,23.49,-1.68
21.795,18.43,-1.63,23.5,-1.68,23.45,-1.68
21.809,18.52,-1.59,23.45,-1.68,23.4,-1.68
21.823,18.51,-1.55,23.4,-1.68,23.35,-1.68
21.838,18.44,-1.58,23.35,-1.68,23.3,-1.68
21.852,18.36,-1.6,23.3,-1.68,23.26,-1.68
21.866,18.41,-1.69,23.26,-1.68,23.21,-1.68
21.881,18.45,-1.71,23.21,-1.68,23.16,-1.68
21.895,18.5,-1.5,23.17,-1.68,23.12,-1.67
21.909,18.5,-1.47,23.12,-1.67,23.08,-1.67
21.923,18.41,-1.62,23.08,-1.67,23.03,-1.67
21.937,18.38,-1.67,23.03,-1.67,22.99,-1.67
21.951,18.45,-1.63,22.99,-1.67,22.94,-1.67
21.966,18.42,-1.62,22.95,-1.67,22.9,-1.67
21.98,18.38,-1.56,22.9,-1.67,22.86,-1.67
21.994,18.42,-1.58,22.86,-1.67,22.81,-1.67
22.008,18.48,-1.59,22.82,-1.67,22.77,-1.67
22.022,18.47,-1.65,22.77,-1.67,22.73,-1.67
22.036,18.4,-1.69,22.73,-1.67,22.69,-1.67
22.051,18.45,-1.58,22.69,-1.67,22.65,-1.66
22.065,18.52,-1.51,22.65,-1.66,22.61,-1.66
22.079,18.48,-1.51,22.61,-1.66,22.57,-1.66
22.093,18.42,-1.56,22.57,-1.66,22.53,-1.66
22.107,18.36,-1.65,22.53,-1.66,22.49,-1.66
22.122,18.39,-1.71,22.49,-1.66,22.45,-1.66
22.136,18.42,-1.67,22.45,-1.66,22.41,-1.66
22.15,18.5,-1.56,22.41,-1.66,22.37,-1.66
22.164,18.53,-1.52,22.37,-1.66,22.34,-1.66
22.178,18.46,-1.58,22.34,-1.66,22.3,-1.66
22.193,18.47,-1.61,22.3,-1.66,22.26,-1.66
22.207,18.47,-1.63,22.27,-1.66,22.23,-1.66
22.221,18.41,-1.6,22.23,-1.66,22.19,-1.65
22.236,18.45,-1.58,22.19,-1.65,22.16,-1.65
22.25,18.49,-1.51,22.16,-1.65,22.12,-1.65
22.264,18.47,-1.57,22.12,-1.65,22.09,-1.65
22.278,18.45,-1.65,22.09,-1.65,22.05,-1.65
22.293,18.45,-1.7,22.05,-1.65,22.02,-1.65
22.307,18.45,-1.64,22.02,-1.65,21.98,-1.65
22.321,18.46,-1.58,21.99,-1.65,21.95,-1.65
22.335,18.49,-1.57,21.95,-1.65,21.92,-1.65
22.35,18.47,-1.53,21.92,-1.65,21.88,-1.65
22.364,18.46,-1.57,21.89,-1.65,21.85,-1.65
22.379,18.38,-1.64,21.86,-1.65,21.82,-1.65
22.393,18.42,-1.63,21.82,-1.65,21.79,-1.65
22.407,18.48,-1.57,21.79,-1.65,21.76,-1.65
22.422,18.48,-1.54,21.76,-1.65,21.73,-1.65
22.435,18.44,-1.64,21.73,-1.65,21.7,-1.65
22.45,18.4,-1.67,21.7,-1.65,21.66,-1.65
22.463,18.37,-1.68,21.67,-1.64,21.63,-1.65
22.478,18.42,-1.66,21.63,-1.64,21.6,-1.64
22.492,18.49,-1.62,21.6,-1.64,21.57,-1.64
22.506,18.5,-1.53,21.57,-1.64,21.54,-1.64
22.52,18.46,-1.56,21.54,-1.64,21.51,-1.64
22.535,18.37,-1.62,21.51,-1.64,21.48,-1.64
22.549,18.39,-1.6,21.48,-1.64,21.45,-1.64
22.564,18.47,-1.57,21.46,-1.64,21.43,-1.64
22.578,18.47,-1.58,21.43,-1.64,21.4,-1.64
22.592,18.48,-1.6,21.4,-1.64,21.37,-1.64
22.606,18.51,-1.64,21.37,-1.64,21.34,-1.64
22.621,18.43,-1.7,21.34,-1.64,21.32,-1.64
22.635,18.31,-1.71,21.32,-1.64,21.29,-1.64
22.649,18.31,-1.62,21.29,-1.64,21.26,-1.64
22.663,18.44,-1.58,21.26,-1.64,21.23,-1.64
22.678,18.49,-1.58,21.24,-1.64,21.21,-1.64
22.692,18.44,-1.57,21.21,-1.64,21.18,-1.64
22.706,18.42,-1.65,21.18,-1.64,21.16,-1.64
22.72,18.45,-1.66,21.16,-1.64,21.13,-1.64
22.734,18.46,-1.57,21.13,-1.64,21.11,-1.64
22.748,18.5,-1.58,21.11,-1.64,21.08,-1.64
22.763,18.45,-1.61,21.09,-1.64,21.06,-1.64
22.777,18.43,-1.63,21.06,-1.64,21.03,-1.64
22.791,18.45,-1.7,21.04,-1.64,21.01,-1.64
22.805,18.48,-1.65,21.01,-1.64,20.99,-1.64
22.819,18.47,-1.59,20.99,-1.64,20.96,-1.64
22.834,18.5,-1.63,20.96,-1.64,20.94,-1.64
22.848,18.51,-1.62,20.94,-1.64,20.92,-1.64
22.862,18.29,-1.6,20.92,-1.64,20.89,-1.64
22.877,18.35,-1.68,20.89,-1.63,20.87,-1.63
22.891,18.45,-1.58,20.87,-1.63,20.85,-1.63
22.906,18.4,-1.56,20.85,-1.63,20.82,-1.63
22.92,18.47,-1.66,20.83,-1.63,20.8,-1.63
22.935,18.49,-1.58,20.8,-1.63,20.78,-1.63
22.949,18.45,-1.61,20.78,-1.63,20.76,-1.63
22.963,18.49,-1.7,20.76,-1.63,20.74,-1.63
22.977,18.49,-1.67,20.74,-1.63,20.72,-1.63
22.991,18.38,-1.52,20.72,-1.63,20.7,-1.63
23.007,18.43,-1.61,20.7,-1.63,20.67,-1.63
23.021,18.38,-1.56,20.68,-1.63,20.65,-1.63
23.035,18.4,-1.51,20.65,-1.63,20.63,-1.63
23.05,18.49,-1.69,20.63,-1.63,20.61,-1.63
23.064,18.4,-1.61,20.61,-1.63,20.59,-1.63
23.078,18.4,-1.58,20.59,-1.63,20.57,-1.63
23.092,18.55,-1.65,20.57,-1.63,20.55,-1.63
23.107,18.62,-1.64,20.55,-1.63,20.53,-1.63
23.121,18.43,-1.58,20.54,-1.63,20.52,-1.62
23.135,18.39,-1.63,20.52,-1.62,20.5,-1.62
23.152,18.51,-1.63,20.5,-1.62,20.48,-1.62
23.166,18.51,-1.56,20.48,-1.62,20.46,-1.62
23.18,18.47,-1.56,20.46,-1.62,20.44,-1.62
23.194,18.45,-1.58,20.44,-1.62,20.42,-1.62
23.208,18.48,-1.67,20.43,-1.62,20.41,-1.62
23.222,18.51,-1.77,20.41,-1.62,20.39,-1.62
23.236,18.43,-1.64,20.39,-1.62,20.37,-1.62
23.25,18.43,-1.55,20.37,-1.62,20.35,-1.62
23.265,18.52,-1.59,20.36,-1.62,20.34,-1.62
23.279,18.57,-1.59,20.34,-1.62,20.32,-1.62
23.293,18.45,-1.57,20.32,-1.62,20.31,-1.62
23.307,18.36,-1.7,20.31,-1.62,20.29,-1.62
23.321,18.39,-1.63,20.29,-1.62,20.27,-1.62
23.335,18.5,-1.5,20.28,-1.63,20.26,-1.62
23.35,18.46,-1.55,20.26,-1.62,20.24,-1.62
23.364,18.43,-1.61,20.24,-1.62,20.23,-1.62
23.378,18.42,-1.63,20.23,-1.62,20.21,-1.62
23.392,18.5,-1.67,20.21,-1.62,20.19,-1.62
23.406,18.47,-1.69,20.2,-1.62,20.18,-1.62
23.421,18.42,-1.6,20.18,-1.62,20.16,-1.62
23.436,18.49,-1.68,20.16,-1.62,20.15,-1.62
23.45,18.51,-1.7,20.15,-1.62,20.13,-1.62
23.465,18.4,-1.58,20.14,-1.62,20.12,-1.62
23.479,18.41,-1.63,20.12,-1.63,20.1,-1.63
23.493,18.46,-1.63,20.11,-1.63,20.09,-1.63
23.508,18.45,-1.61,20.09,-1.62,20.08,-1.62
23.522,18.45,-1.61,20.08,-1.62,20.06,-1.62
23.536,18.49,-1.67,20.06,-1.62,20.05,-1.62
23.551,18.42,-1.65,20.05,-1.63,20.03,-1.63
23.565,18.4,-1.54,20.04,-1.63,20.02,-1.63
23.579,18.35,-1.47,20.02,-1.63,20.01,-1.63
23.593,18.47,-1.6,20.01,-1.63,20.0,-1.63
23.607,18.57,-1.63,20.0,-1.63,19.98,-1.63
23.621,18.51,-1.6,19.98,-1.63,19.97,-1.63
23.636,18.39,-1.58,19.97,-1.63,19.96,-1.63
23.65,18.32,-1.6,19.96,-1.63,19.94,-1.63
23.664,18.43,-1.64,19.95,-1.63,19.93,-1.63
23.678,18.46,-1.61,19.93,-1.63,19.92,-1.63
23.693,18.43,-1.61,19.92,-1.63,19.91,-1.63
23.707,18.4,-1.63,19.91,-1.63,19.89,-1.63
23.721,18.45,-1.59,19.9,-1.63,19.88,-1.63
23.735,18.48,-1.63,19.88,-1.63,19.87,-1.63
23.749,18.5,-1.64,19.87,-1.63,19.86,-1.63
23.764,18.37,-1.55,19.86,-1.63,19.85,-1.63
23.778,18.39,-1.56,19.85,-1.63,19.83,-1.63
23.792,18.45,-1.67,19.84,-1.63,19.82,-1.63
23.806,18.45,-1.62,19.82,-1.63,19.81,-1.63
23.82,18.41,-1.6,19.81,-1.63,19.8,-1.63
23.834,18.43,-1.63,19.8,-1.63,19.79,-1.63
23.849,18.47,-1.56,19.79,-1.63,19.78,-1.63
23.863,18.46,-1.55,19.78,-1.63,19.77,-1.63
23.878,18.44,-1.59,19.77,-1.63,19.75,-1.63
23.892,18.41,-1.61,19.76,-1.63,19.74,-1.63
23.906,18.42,-1.62,19.74,-1.63,19.73,-1.63
23.921,18.5,-1.59,19.73,-1.63,19.72,-1.63
23.935,18.46,-1.55,19.72,-1.63,19.71,-1.63
23.949,18.43,-1.56,19.71,-1.63,19.7,-1.63
23.963,18.45,-1.62,19.7,-1.63,19.69,-1.63
23.978,18.46,-1.63,19.69,-1.63,19.68,-1.63
23.992,18.43,-1.61,19.68,-1.63,19.67,-1.63
24.007,18.42,-1.55,19.67,-1.63,19.66,-1.63
24.021,18.41,-1.51,19.66,-1.63,19.65,-1.62
24.035,18.46,-1.55,19.65,-1.62,19.64,-1.62
24.05,18.53,-1.61,19.64,-1.62,19.63,-1.62
24.064,18.46,-1.61,19.63,-1.62,19.62,-1.62
24.078,18.38,-1.58,19.62,-1.62,19.61,-1.62
24.092,18.38,-1.58,19.61,-1.62,19.6,-1.62
24.107,18.39,-1.59,19.6,-1.62,19.59,-1.62
24.121,18.41,-1.61,19.59,-1.62,19.58,-1.62
24.135,18.42,-1.67,19.58,-1.62,19.57,-1.62
24.149,18.45,-1.64,19.57,-1.63,19.56,-1.63
24.163,18.45,-1.58,19.56,-1.63,19.55,-1.63
24.178,18.48,-1.59,19.56,-1.63,19.55,-1.62
24.192,18.44,-1.62,19.55,-1.62,19.54,-1.62
24.206,18.45,-1.59,19.54,-1.62,19.53,-1.62
24.221,18.45,-1.6,19.53,-1.63,19.52,-1.62
24.235,18.42,-1.58,19.52,-1.62,19.51,-1.62
24.249,18.46,-1.58,19.51,-1.62,19.5,-1.62
24.263,18.51,-1.63,19.51,-1.62,19.5,-1.63
24.277,18.45,-1.59,19.5,-1.63,19.49,-1.63
24.291,18.41,-1.57,19.49,-1.63,19.48,-1.62
24.306,18.44,-1.6,19.48,-1.62,19.47,-1.62
24.32,18.45,-1.6,19.47,-1.62,19.46,-1.62
24.334,18.47,-1.59,19.46,-1.62,19.45,-1.62
24.348,18.47,-1.61,19.46,-1.62,19.45,-1.62
24.363,18.43,-1.6,19.45,-1.62,19.44,-1.62
24.377,18.36,-1.62,19.44,-1.62,19.43,-1.62
24.391,18.41,-1.62,19.43,-1.62,19.42,-1.62
24.405,18.45,-1.54,19.42,-1.62,19.41,-1.62
24.419,18.45,-1.52,19.41,-1.62,19.4,-1.62
24.433,18.45,-1.58,19.4,-1.62,19.39,-1.62
24.447,18.43,-1.58,19.4,-1.62,19.39,-1.62
24.462,18.4,-1.58,19.39,-1.62,19.38,-1.62
24.476,18.39,-1.6,19.38,-1.62,19.37,-1.62
24.49,18.44,-1.61,19.37,-1.62,19.36,-1.62
24.504,18.46,-1.63,19.37,-1.62,19.36,-1.62
24.518,18.42,-1.57,19.36,-1.62,19.35,-1.62
24.532,18.38,-1.56,19.35,-1.62,19.34,-1.62
24.546,18.37,-1.53,19.34,-1.62,19.33,-1.62
24.561,18.43,-1.59,19.34,-1.62,19.33,-1.62
24.575,18.42,-1.61,19.33,-1.62,19.32,-1.62
24.589,18.37,-1.62,19.32,-1.62,19.31,-1.62
24.603,18.42,-1.6,19.31,-1.62,19.3,-1.62
24.617,18.46,-1.6,19.31,-1.62,19.3,-1.62
24.631,18.42,-1.57,19.3,-1.62,19.29,-1.62
24.645,18.43,-1.61,19.29,-1.62,19.29,-1.62
24.659,18.45,-1.63,19.29,-1.61,19.28,-1.61
24.674,18.51,-1.59,19.28,-1.61,19.27,-1.61
24.689,18.49,-1.56,19.27,-1.61,19.27,-1.61
24.703,18.41,-1.57,19.27,-1.61,19.26,-1.61
24.717,18.42,-1.61,19.26,-1.61,19.25,-1.61
24.731,18.42,-1.59,19.25,-1.61,19.25,-1.61
24.746,18.41,-1.57,19.25,-1.61,19.24,-1.61
24.76,18.49,-1.58,19.24,-1.61,19.24,-1.61
24.774,18.48,-1.6,19.24,-1.61,19.23,-1.61
24.788,18.49,-1.55,19.23,-1.61,19.22,-1.61
24.802,18.45,-1.57,19.23,-1.61,19.22,-1.61
24.817,18.38,-1.62,19.22,-1.61,19.21,-1.61
24.831,18.44,-1.67,19.22,-1.61,19.21,-1.61
24.845,18.46,-1.65,19.21,-1.61,19.2,-1.61
24.859,18.48,-1.59,19.21,-1.61,19.2,-1.61
24.873,18.47,-1.6,19.2,-1.61,19.19,-1.61
24.887,18.44,-1.6,19.2,-1.61,19.19,-1.61
24.901,18.44,-1.58,19.19,-1.61,19.18,-1.61
24.916,18.43,-1.55,19.18,-1.61,19.18,-1.61
24.93,18.39,-1.61,19.18,-1.61,19.17,-1.61
24.944,18.4,-1.63,19.17,-1.61,19.16,-1.61
24.959,18.44,-1.61,19.17,-1.61,19.16,-1.61
24.973,18.48,-1.65,19.16,-1.61,19.15,-1.61
24.987,18.42,-1.62,19.16,-1.61,19.15,-1.61
25.002,18.38,-1.57,19.15,-1.61,19.14,-1.61
25.016,18.39,-1.6,19.15,-1.61,19.14,-1.61
25.03,18.41,-1.65,19.14,-1.61,19.13,-1.61
25.044,18.4,-1.66,19.14,-1.61,19.13,-1.61
25.058,18.52,-1.63,19.13,-1.61,19.12,-1.61
25.073,18.51,-1.61,19.13,-1.61,19.12,-1.61
25.087,18.45,-1.54,19.12,-1.61,19.11,-1.61
25.102,18.42,-1.55,19.12,-1.61,19.11,-1.61
25.116,18.41,-1.56,19.11,-1.61,19.11,-1.61
25.13,18.46,-1.54,19.11,-1.61,19.1,-1.61
25.145,18.45,-1.59,19.1,-1.61,19.1,-1.61
25.159,18.46,-1.61,19.1,-1.61,19.09,-1.61
25.173,18.47,-1.57,19.09,-1.61,19.09,-1.61
25.187,18.48,-1.56,19.09,-1.61,19.08,-1.61
25.201,18.44,-1.57,19.09,-1.61,19.08,-1.61
25.215,18.47,-1.6,19.08,-1.61,19.08,-1.61
25.23,18.49,-1.62,19.08,-1.61,19.07,-1.61
25.244,18.42,-1.59,19.08,-1.61,19.07,-1.61
25.258,18.41,-1.59,19.07,-1.61,19.06,-1.61
25.272,18.42,-1.6,19.07,-1.61,19.06,-1.61
25.287,18.45,-1.57,19.06,-1.61,19.06,-1.61
25.301,18.45,-1.6,19.06,-1.61,19.05,-1.61
25.315,18.43,-1.6,19.05,-1.61,19.05,-1.61
25.329,18.44,-1.55,19.05,-1.61,19.04,-1.61
25.343,18.42,-1.54,19.05,-1.61,19.04,-1.61
25.357,18.49,-1.56,19.04,-1.61,19.04,-1.61
25.372,18.48,-1.63,19.04,-1.61,19.03,-1.61
25.386,18.47,-1.65,19.04,-1.61,19.03,-1.61
25.4,18.49,-1.67,19.03,-1.61,19.03,-1.61
25.414,18.42,-1.59,19.03,-1.61,19.02,-1.61
25.428,18.42,-1.57,19.03,-1.61,19.02,-1.61
25.443,18.42,-1.56,19.02,-1.61,19.02,-1.61
25.456,18.41,-1.56,19.02,-1.61,19.01,-1.61
25.471,18.46,-1.62,19.01,-1.61,19.01,-1.61
25.485,18.46,-1.6,19.01,-1.61,19.01,-1.61
25.499,18.46,-1.6,19.01,-1.61,19.0,-1.61
25.513,18.4,-1.64,19.0,-1.61,19.0,-1.61
25.527,18.4,-1.64,19.0,-1.61,18.99,-1.61
25.541,18.49,-1.58,19.0,-1.61,18.99,-1.61
25.555,18.48,-1.56,18.99,-1.61,18.99,-1.61
25.569,18.41,-1.56,18.99,-1.61,18.98,-1.61
25.584,18.4,-1.56,18.99,-1.61,18.98,-1.61
25.598,18.41,-1.58,18.98,-1.61,18.98,-1.61
25.612,18.36,-1.56,18.98,-1.61,18.97,-1.61
25.626,18.38,-1.58,18.98,-1.61,18.97,-1.61
25.641,18.44,-1.63,18.97,-1.6,18.97,-1.6
25.655,18.47,-1.61,18.97,-1.6,18.97,-1.6
25.669,18.42,-1.56,18.97,-1.6,18.96,-1.6
25.683,18.39,-1.52,18.96,-1.6,18.96,-1.6
25.697,18.42,-1.53,18.96,-1.6,18.95,-1.6
25.711,18.51,-1.59,18.96,-1.6,18.95,-1.6
25.725,18.52,-1.61,18.95,-1.6,18.95,-1.6
25.74,18.4,-1.56,18.95,-1.6,18.94,-1.6
25.754,18.41,-1.56,18.95,-1.6,18.94,-1.6
25.768,18.39,-1.55,18.94,-1.6,18.94,-1.6
25.782,18.41,-1.56,18.94,-1.6,18.93,-1.6
25.797,18.46,-1.59,18.94,-1.6,18.93,-1.6
25.811,18.48,-1.64,18.93,-1.6,18.93,-1.6
25.825,18.4,-1.63,18.93,-1.6,18.93,-1.6
25.839,18.4,-1.59,18.93,-1.6,18.92,-1.6
25.854,18.42,-1.59,18.92,-1.6,18.92,-1.6
25.868,18.47,-1.6,18.92,-1.6,18.92,-1.6
25.882,18.47,-1.61,18.92,-1.6,18.91,-1.6
25.896,18.4,-1.62,18.91,-1.6,18.91,-1.6
25.911,18.41,-1.58,18.91,-1.6,18.91,-1.6
25.925,18.41,-1.56,18.91,-1.6,18.9,-1.6
25.939,18.47,-1.59,18.9,-1.6,18.9,-1.6
25.954,18.49,-1.57,18.9,-1.6,18.9,-1.6
25.968,18.48,-1.58,18.9,-1.6,18.9,-1.6
25.982,18.44,-1.6,18.9,-1.6,18.89,-1.6
25.996,18.47,-1.6,18.9,-1.59,18.89,-1.59
26.01,18.46,-1.56,18.89,-1.6,18.89,-1.6
26.025,18.45,-1.57,18.89,-1.6,18.89,-1.6
26.039,18.38,-1.54,18.89,-1.6,18.88,-1.6
26.053,18.39,-1.55,18.89,-1.6,18.88,-1.6
26.067,18.53,-1.6,18.88,-1.59,18.88,-1.59
26.082,18.53,-1.63,18.88,-1.59,18.88,-1.6
26.096,18.43,-1.59,18.88,-1.6,18.88,-1.6
26.11,18.39,-1.58,18.88,-1.6,18.87,-1.6
26.125,18.44,-1.61,18.88,-1.6,18.87,-1.6
26.139,18.45,-1.62,18.87,-1.6,18.87,-1.6
26.153,18.41,-1.53,18.87,-1.6,18.87,-1.59
26.167,18.4,-1.56,18.87,-1.59,18.86,-1.59
26.181,18.39,-1.6,18.87,-1.59,18.86,-1.59
26.196,18.41,-1.6,18.86,-1.59,18.86,-1.59
26.21,18.44,-1.56,18.86,-1.59,18.86,-1.59
26.224,18.4,-1.58,18.86,-1.59,18.85,-1.59
26.238,18.38,-1.62,18.86,-1.59,18.85,-1.59
26.253,18.38,-1.6,18.85,-1.59,18.85,-1.59
26.267,18.37,-1.63,18.85,-1.59,18.84,-1.59
26.281,18.38,-1.67,18.85,-1.59,18.84,-1.59
26.295,18.43,-1.58,18.84,-1.59,18.84,-1.59
26.31,18.45,-1.53,18.84,-1.59,18.84,-1.59
26.324,18.42,-1.61,18.84,-1.59,18.84,-1.59
26.338,18.38,-1.62,18.84,-1.59,18.84,-1.59
26.352,18.39,-1.56,18.84,-1.59,18.83,-1.59
26.367,18.4,-1.57,18.84,-1.59,18.83,-1.59
26.381,18.43,-1.56,18.83,-1.59,18.83,-1.59
26.395,18.42,-1.56,18.83,-1.59,18.83,-1.59
26.41,18.41,-1.56,18.83,-1.59,18.83,-1.59
26.425,18.43,-1.64,18.83,-1.59,18.82,-1.59
26.439,18.43,-1.69,18.83,-1.59,18.82,-1.59
26.453,18.46,-1.66,18.82,-1.59,18.82,-1.59
26.468,18.45,-1.6,18.82,-1.59,18.82,-1.59
26.482,18.43,-1.56,18.82,-1.59,18.82,-1.59
26.496,18.44,-1.58,18.82,-1.59,18.82,-1.59
26.51,18.41,-1.61,18.82,-1.59,18.81,-1.59
26.525,18.42,-1.6,18.82,-1.59,18.81,-1.59
26.539,18.44,-1.58,18.81,-1.59,18.81,-1.59
26.553,18.43,-1.55,18.81,-1.59,18.81,-1.59
26.567,18.42,-1.52,18.81,-1.59,18.81,-1.59
26.582,18.45,-1.61,18.81,-1.59,18.8,-1.59
26.596,18.46,-1.59,18.8,-1.59,18.8,-1.59
26.61,18.42,-1.59,18.8,-1.59,18.8,-1.59
26.624,18.42,-1.58,18.8,-1.59,18.8,-1.59
26.638,18.43,-1.61,18.8,-1.59,18.8,-1.59
26.652,18.44,-1.58,18.8,-1.59,18.8,-1.59
26.666,18.47,-1.55,18.8,-1.59,18.8,-1.59
26.68,18.49,-1.56,18.8,-1.59,18.79,-1.59
26.694,18.49,-1.58,18.8,-1.59,18.79,-1.59
26.709,18.42,-1.58,18.8,-1.59,18.79,-1.59
26.723,18.42,-1.54,18.79,-1.59,18.79,-1.58
26.737,18.41,-1.57,18.79,-1.58,18.79,-1.58
26.751,18.38,-1.62,18.79,-1.58,18.78,-1.58
26.765,18.4,-1.64,18.79,-1.58,18.78,-1.58
26.779,18.4,-1.56,18.78,-1.59,18.78,-1.59
26.793,18.39,-1.56,18.78,-1.59,18.78,-1.59
26.807,18.47,-1.62,18.78,-1.59,18.78,-1.59
26.822,18.52,-1.58,18.78,-1.59,18.78,-1.59
26.836,18.45,-1.57,18.78,-1.58,18.78,-1.58
26.85,18.4,-1.64,18.78,-1.58,18.77,-1.58
26.864,18.38,-1.67,18.78,-1.58,18.77,-1.59
26.879,18.39,-1.61,18.77,-1.59,18.77,-1.59
26.893,18.41,-1.59,18.77,-1.58,18.77,-1.58
26.907,18.45,-1.57,18.77,-1.58,18.77,-1.58
26.921,18.45,-1.55,18.77,-1.58,18.77,-1.58
26.936,18.38,-1.54,18.77,-1.58,18.76,-1.58
26.95,18.36,-1.58,18.76,-1.58,18.76,-1.58
26.964,18.4,-1.62,18.76,-1.58,18.76,-1.58
26.978,18.43,-1.6,18.76,-1.58,18.76,-1.58
26.992,18.45,-1.57,18.76,-1.58,18.76,-1.58
27.007,18.45,-1.59,18.76,-1.58,18.75,-1.58
27.021,18.45,-1.62,18.76,-1.58,18.75,-1.58
27.035,18.48,-1.63,18.76,-1.58,18.75,-1.58
27.049,18.49,-1.65,18.76,-1.58,18.75,-1.58
27.064,18.43,-1.61,18.75,-1.58,18.75,-1.58
27.078,18.4,-1.58,18.75,-1.58,18.75,-1.58
27.092,18.4,-1.6,18.75,-1.58,18.75,-1.58
27.106,18.42,-1.59,18.75,-1.58,18.75,-1.58
27.12,18.44,-1.54,18.75,-1.58,18.74,-1.58
27.134,18.39,-1.55,18.74,-1.58,18.74,-1.58
27.149,18.34,-1.61,18.74,-1.58,18.74,-1.58
27.163,18.44,-1.62,18.74,-1.58,18.74,-1.58
27.177,18.43,-1.59,18.74,-1.58,18.73,-1.58
27.191,18.42,-1.59,18.74,-1.58,18.73,-1.58
27.206,18.47,-1.57,18.74,-1.58,18.73,-1.58
27.22,18.48,-1.56,18.73,-1.58,18.73,-1.58
27.235,18.5,-1.52,18.73,-1.58,18.73,-1.58
27.249,18.49,-1.57,18.73,-1.58,18.73,-1.58
27.264,18.46,-1.64,18.73,-1.58,18.73,-1.58
27.278,18.48,-1.6,18.73,-1.58,18.73,-1.58
27.292,18.49,-1.59,18.73,-1.58,18.73,-1.58
27.306,18.47,-1.6,18.73,-1.58,18.73,-1.58
27.32,18.42,-1.6,18.73,-1.58,18.73,-1.58
27.335,18.4,-1.61,18.73,-1.58,18.73,-1.58
27.349,18.43,-1.59,18.73,-1.58,18.72,-1.58
27.363,18.45,-1.61,18.73,-1.58,18.72,-1.58
27.378,18.45,-1.61,18.73,-1.58,18.72,-1.58
27.392,18.41,-1.62,18.73,-1.58,18.72,-1.58
27.406,18.44,-1.6,18.73,-1.58,18.72,-1.58
27.421,18.49,-1.63,18.72,-1.58,18.72,-1.58
27.435,18.49,-1.64,18.72,-1.58,18.72,-1.58
27.449,18.44,-1.6,18.72,-1.58,18.72,-1.58
27.463,18.42,-1.6,18.72,-1.58,18.72,-1.58
27.477,18.42,-1.64,18.72,-1.58,18.72,-1.58
27.491,18.49,-1.66,18.72,-1.58,18.72,-1.58
27.505,18.48,-1.59,18.72,-1.58,18.72,-1.58
27.519,18.45,-1.54,18.72,-1.58,18.72,-1.58
27.534,18.46,-1.56,18.72,-1.58,18.72,-1.58
27.548,18.4,-1.58,18.72,-1.58,18.72,-1.58
27.562,18.42,-1.59,18.72,-1.58,18.72,-1.58
27.576,18.48,-1.59,18.72,-1.58,18.72,-1.58
27.591,18.41,-1.58,18.72,-1.58,18.71,-1.58
27.605,18.4,-1.61,18.72,-1.58,18.71,-1.58
27.619,18.46,-1.61,18.72,-1.58,18.71,-1.58
27.633,18.47,-1.59,18.72,-1.58,18.71,-1.58
27.65,18.45,-1.58,18.72,-1.58,18.71,-1.58
27.665,18.43,-1.59,18.71,-1.58,18.71,-1.58
27.678,18.41,-1.54,18.71,-1.58,18.71,-1.58
27.693,18.43,-1.56,18.71,-1.58,18.71,-1.58
27.707,18.46,-1.56,18.71,-1.58,18.71,-1.58
27.721,18.43,-1.55,18.71,-1.58,18.71,-1.58
27.736,18.48,-1.54,18.71,-1.58,18.71,-1.58
27.75,18.44,-1.54,18.71,-1.58,18.7,-1.58
27.764,18.39,-1.54,18.71,-1.58,18.7,-1.58
27.778,18.48,-1.63,18.71,-1.58,18.7,-1.58
27.793,18.51,-1.61,18.71,-1.58,18.7,-1.58
27.807,18.51,-1.61,18.71,-1.58,18.7,-1.58
27.821,18.44,-1.63,18.71,-1.58,18.7,-1.58
27.835,18.44,-1.62,18.7,-1.58,18.7,-1.58
27.85,18.47,-1.6,18.7,-1.58,18.7,-1.58
27.864,18.45,-1.57,18.7,-1.58,18.7,-1.58
27.878,18.48,-1.57,18.7,-1.58,18.7,-1.58
27.892,18.45,-1.61,18.7,-1.58,18.7,-1.58
27.907,18.42,-1.6,18.7,-1.58,18.7,-1.58
27.921,18.42,-1.56,18.7,-1.58,18.7,-1.58
27.935,18.38,-1.58,18.7,-1.58,18.7,-1.58
27.949,18.38,-1.63,18.7,-1.58,18.7,-1.58
27.964,18.48,-1.58,18.7,-1.58,18.7,-1.58
27.978,18.52,-1.56,18.7,-1.58,18.7,-1.58
27.992,18.49,-1.57,18.7,-1.58,18.7,-1.58
28.006,18.41,-1.62,18.7,-1.58,18.7,-1.58
28.02,18.44,-1.62,18.7,-1.58,18.69,-1.58
28.034,18.43,-1.57,18.7,-1.58,18.69,-1.58
28.049,18.41,-1.56,18.7,-1.58,18.69,-1.58
28.063,18.42,-1.56,18.7,-1.58,18.69,-1.58
28.077,18.46,-1.55,18.69,-1.58,18.69,-1.58
28.091,18.45,-1.59,18.7,-1.58,18.69,-1.58
28.106,18.45,-1.58,18.7,-1.58,18.69,-1.58
28.12,18.44,-1.6,18.7,-1.58,18.69,-1.58
28.134,18.44,-1.56,18.7,-1.58,18.69,-1.58
28.148,18.5,-1.58,18.7,-1.58,18.69,-1.58
28.162,18.52,-1.63,18.7,-1.58,18.69,-1.58
28.176,18.47,-1.61,18.69,-1.58,18.69,-1.58
28.19,18.45,-1.56,18.69,-1.58,18.69,-1.58
28.205,18.49,-1.54,18.69,-1.58,18.69,-1.58
28.219,18.47,-1.55,18.69,-1.58,18.69,-1.58
28.233,18.47,-1.62,18.69,-1.58,18.69,-1.58
28.247,18.42,-1.64,18.69,-1.58,18.69,-1.58
28.261,18.37,-1.64,18.69,-1.58,18.69,-1.58
28.275,18.37,-1.65,18.69,-1.58,18.69,-1.58
28.29,18.39,-1.56,18.69,-1.58,18.69,-1.58
28.304,18.41,-1.54,18.69,-1.58,18.69,-1.58
28.318,18.44,-1.53,18.69,-1.58,18.68,-1.58
28.332,18.45,-1.58,18.69,-1.58,18.68,-1.58
28.346,18.45,-1.63,18.68,-1.58,18.68,-1.58
28.36,18.48,-1.7,18.68,-1.58,18.68,-1.58
28.375,18.5,-1.63,18.68,-1.58,18.68,-1.58
28.388,18.47,-1.54,18.69,-1.58,18.68,-1.58
28.403,18.44,-1.51,18.68,-1.58,18.68,-1.58
28.417,18.43,-1.51,18.68,-1.58,18.68,-1.58
28.431,18.46,-1.58,18.68,-1.58,18.68,-1.58
28.445,18.45,-1.59,18.68,-1.58,18.68,-1.58
28.46,18.42,-1.58,18.68,-1.58,18.68,-1.58
28.474,18.45,-1.58,18.68,-1.58,18.68,-1.58
28.488,18.46,-1.61,18.68,-1.57,18.68,-1.58
28.502,18.44,-1.61,18.68,-1.57,18.68,-1.57
28.517,18.46,-1.6,18.68,-1.57,18.68,-1.57
28.531,18.47,-1.59,18.68,-1.57,18.68,-1.57
28.545,18.46,-1.57,18.68,-1.57,18.68,-1.57
28.559,18.4,-1.59,18.68,-1.57,18.68,-1.57
28.573,18.41,-1.63,18.68,-1.57,18.68,-1.58
28.587,18.51,-1.65,18.68,-1.58,18.68,-1.58
28.602,18.51,-1.65,18.68,-1.58,18.68,-1.58
28.616,18.42,-1.62,18.68,-1.58,18.68,-1.58
28.63,18.4,-1.61,18.68,-1.58,18.68,-1.58
28.644,18.42,-1.6,18.68,-1.58,18.68,-1.58
28.658,18.42,-1.62,18.68,-1.58,18.67,-1.58
28.672,18.38,-1.61,18.67,-1.58,18.67,-1.58
28.686,18.45,-1.64,18.67,-1.58,18.67,-1.58
28.701,18.48,-1.65,18.67,-1.58,18.67,-1.58
28.715,18.44,-1.62,18.67,-1.58,18.67,-1.58
28.729,18.41,-1.59,18.67,-1.58,18.67,-1.58
28.743,18.42,-1.58,18.67,-1.58,18.67,-1.58
28.757,18.48,-1.6,18.67,-1.58,18.67,-1.58
28.772,18.5,-1.63,18.67,-1.58,18.67,-1.58
28.786,18.4,-1.62,18.67,-1.58,18.67,-1.58
28.801,18.43,-1.61,18.67,-1.58,18.67,-1.58
28.814,18.46,-1.64,18.67,-1.58,18.67,-1.58
28.828,18.43,-1.6,18.67,-1.58,18.67,-1.58
28.843,18.43,-1.53,18.67,-1.58,18.67,-1.58
28.857,18.44,-1.59,18.67,-1.58,18.67,-1.58
28.871,18.44,-1.66,18.67,-1.58,18.67,-1.58
28.885,18.47,-1.6,18.67,-1.58,18.67,-1.58
28.899,18.48,-1.52,18.67,-1.58,18.67,-1.58
28.914,18.44,-1.63,18.67,-1.58,18.67,-1.58
28.928,18.43,-1.68,18.67,-1.58,18.67,-1.58
28.942,18.43,-1.54,18.67,-1.58,18.67,-1.58
28.956,18.44,-1.52,18.67,-1.58,18.67,-1.58
28.971,18.45,-1.58,18.67,-1.58,18.67,-1.58
28.985,18.47,-1.62,18.67,-1.58,18.67,-1.58
28.999,18.45,-1.62,18.67,-1.58,18.67,-1.58
29.013,18.39,-1.64,18.67,-1.58,18.67,-1.58
29.027,18.45,-1.6,18.67,-1.58,18.67,-1.58
29.041,18.51,-1.64,18.67,-1.58,18.67,-1.58
29.055,18.49,-1.64,18.67,-1.58,18.67,-1.58
29.069,18.43,-1.61,18.67,-1.58,18.67,-1.58
29.084,18.4,-1.6,18.67,-1.58,18.67,-1.58
29.098,18.44,-1.62,18.67,-1.58,18.67,-1.58
29.112,18.45,-1.61,18.67,-1.58,18.66,-1.58
29.126,18.46,-1.63,18.67,-1.58,18.66,-1.58
29.141,18.45,-1.6,18.67,-1.58,18.66,-1.58
29.155,18.44,-1.57,18.67,-1.58,18.66,-1.58
29.169,18.49,-1.53,18.67,-1.58,18.66,-1.58
29.183,18.46,-1.55,18.67,-1.58,18.66,-1.58
29.197,18.41,-1.6,18.67,-1.58,18.66,-1.58
29.211,18.44,-1.66,18.66,-1.58,18.66,-1.58
29.226,18.46,-1.61,18.66,-1.58,18.66,-1.58
29.24,18.4,-1.58,18.66,-1.58,18.66,-1.58
29.254,18.44,-1.57,18.66,-1.58,18.66,-1.58
29.268,18.44,-1.55,18.66,-1.58,18.66,-1.58
29.282,18.42,-1.54,18.66,-1.58,18.66,-1.58
29.296,18.43,-1.58,18.66,-1.58,18.66,-1.58
29.31,18.49,-1.65,18.66,-1.58,18.66,-1.58
29.325,18.48,-1.61,18.66,-1.58,18.66,-1.58
29.339,18.48,-1.59,18.66,-1.58,18.66,-1.58
29.353,18.41,-1.61,18.66,-1.58,18.65,-1.58
29.368,18.45,-1.61,18.66,-1.58,18.65,-1.58
29.382,18.5,-1.6,18.66,-1.58,18.66,-1.58
29.396,18.48,-1.59,18.66,-1.58,18.66,-1.58
29.41,18.45,-1.56,18.66,-1.58,18.66,-1.58
29.425,18.43,-1.52,18.66,-1.58,18.66,-1.58
29.439,18.4,-1.56,18.66,-1.58,18.66,-1.58
29.453,18.43,-1.64,18.66,-1.58,18.66,-1.58
29.468,18.47,-1.63,18.66,-1.58,18.66,-1.58
29.482,18.47,-1.63,18.66,-1.58,18.66,-1.58
29.496,18.48,-1.58,18.66,-1.58,18.66,-1.58
29.511,18.52,-1.58,18.66,-1.58,18.66,-1.58
29.525,18.52,-1.63,18.66,-1.58,18.66,-1.58
29.539,18.41,-1.66,18.66,-1.58,18.66,-1.58
29.553,18.38,-1.6,18.66,-1.58,18.66,-1.58
29.567,18.46,-1.53,18.66,-1.58,18.66,-1.58
29.582,18.46,-1.53,18.66,-1.58,18.66,-1.58
29.596,18.45,-1.6,18.66,-1.58,18.66,-1.58
29.61,18.46,-1.6,18.66,-1.58,18.66,-1.58
29.624,18.46,-1.6,18.66,-1.58,18.66,-1.58
29.638,18.45,-1.63,18.66,-1.58,18.66,-1.58
29.653,18.44,-1.62,18.66,-1.58,18.66,-1.58
29.667,18.46,-1.56,18.66,-1.58,18.66,-1.58
29.681,18.46,-1.54,18.66,-1.58,18.66,-1.58
29.695,18.42,-1.63,18.66,-1.58,18.66,-1.58
29.709,18.43,-1.63,18.66,-1.58,18.66,-1.58
29.724,18.43,-1.6,18.66,-1.59,18.66,-1.59
29.738,18.42,-1.6,18.66,-1.59,18.66,-1.59
29.752,18.42,-1.58,18.66,-1.59,18.66,-1.59
29.766,18.49,-1.58,18.66,-1.59,18.66,-1.59
29.78,18.5,-1.61,18.66,-1.58,18.66,-1.58
29.794,18.42,-1.63,18.67,-1.58,18.66,-1.59
29.809,18.4,-1.67,18.66,-1.59,18.66,-1.59
29.823,18.41,-1.67,18.66,-1.59,18.66,-1.59
29.837,18.45,-1.61,18.66,-1.59,18.66,-1.59
29.851,18.49,-1.58,18.66,-1.59,18.66,-1.59
29.865,18.52,-1.61,18.66,-1.59,18.66,-1.59
29.88,18.48,-1.64,18.66,-1.59,18.66,-1.59
29.894,18.48,-1.66,18.67,-1.59,18.66,-1.59
29.909,18.52,-1.63,18.67,-1.59,18.66,-1.59
29.922,18.43,-1.53,18.67,-1.59,18.66,-1.59
29.937,18.45,-1.54,18.67,-1.59,18.66,-1.59
29.951,18.45,-1.62,18.66,-1.59,18.66,-1.59
29.965,18.42,-1.68,18.66,-1.59,18.66,-1.59
29.98,18.4,-1.68,18.66,-1.59,18.66,-1.59
29.994,18.45,-1.61,18.66,-1.59,18.66,-1.59
30.008,18.4,-1.6,18.66,-1.59,18.66,-1.59
30.022,18.46,-1.58,18.66,-1.59,18.66,-1.59
30.036,18.55,-1.58,18.66,-1.59,18.66,-1.59
30.05,18.44,-1.66,18.66,-1.59,18.66,-1.59
30.064,18.37,-1.66,18.66,-1.59,18.66,-1.59
30.078,18.4,-1.61,18.66,-1.59,18.66,-1.59
30.092,18.46,-1.52,18.66,-1.59,18.66,-1.59
30.107,18.46,-1.54,18.66,-1.59,18.66,-1.59
30.121,18.45,-1.62,18.66,-1.59,18.66,-1.59
30.135,18.44,-1.65,18.66,-1.59,18.66,-1.59
30.149,18.42,-1.67,18.66,-1.59,18.66,-1.59
30.163,18.41,-1.68,18.66,-1.59,18.66,-1.59
30.177,18.41,-1.6,18.66,-1.59,18.66,-1.59
30.192,18.44,-1.59,18.66,-1.59,18.66,-1.59
30.206,18.42,-1.61,18.66,-1.59,18.66,-1.59
30.221,18.41,-1.68,18.66,-1.59,18.66,-1.6
30.235,18.46,-1.65,18.66,-1.6,18.66,-1.6
30.249,18.47,-1.58,18.66,-1.6,18.66,-1.6
30.263,18.42,-1.54,18.66,-1.6,18.66,-1.6
30.277,18.42,-1.55,18.66,-1.6,18.65,-1.6
30.292,18.45,-1.6,18.66,-1.6,18.65,-1.6
30.306,18.47,-1.62,18.66,-1.6,18.65,-1.6
30.321,18.46,-1.63,18.66,-1.6,18.65,-1.6
30.335,18.47,-1.65,18.66,-1.6,18.65,-1.6
30.349,18.43,-1.56,18.66,-1.6,18.65,-1.6
30.363,18.44,-1.56,18.65,-1.6,18.65,-1.59
30.377,18.46,-1.66,18.65,-1.59,18.65,-1.59
30.391,18.44,-1.69,18.65,-1.59,18.65,-1.6
30.406,18.47,-1.57,18.65,-1.6,18.65,-1.6
30.42,18.48,-1.51,18.65,-1.59,18.65,-1.59
30.435,18.41,-1.58,18.65,-1.59,18.65,-1.59
30.449,18.38,-1.59,18.65,-1.59,18.65,-1.59
30.463,18.39,-1.6,18.65,-1.59,18.65,-1.59
30.477,18.42,-1.65,18.65,-1.59,18.65,-1.59
30.492,18.4,-1.65,18.65,-1.59,18.65,-1.59
30.506,18.46,-1.56,18.65,-1.59,18.65,-1.59
30.52,18.46,-1.5,18.65,-1.59,18.65,-1.59
30.535,18.47,-1.61,18.65,-1.59,18.65,-1.59
30.549,18.46,-1.66,18.65,-1.59,18.64,-1.59
30.563,18.39,-1.6,18.65,-1.59,18.64,-1.59
30.578,18.42,-1.58,18.64,-1.59,18.64,-1.59
30.592,18.43,-1.56,18.64,-1.59,18.64,-1.59
30.606,18.45,-1.59,18.64,-1.59,18.64,-1.59
30.621,18.46,-1.6,18.64,-1.59,18.64,-1.59
30.635,18.48,-1.62,18.64,-1.59,18.64,-1.59
30.649,18.42,-1.61,18.64,-1.59,18.64,-1.59
30.663,18.43,-1.66,18.64,-1.59,18.64,-1.59
30.678,18.44,-1.62,18.64,-1.59,18.64,-1.59
30.692,18.43,-1.56,18.64,-1.59,18.64,-1.59
30.707,18.38,-1.62,18.64,-1.59,18.64,-1.59
30.721,18.41,-1.63,18.64,-1.59,18.64,-1.59
30.736,18.5,-1.58,18.64,-1.59,18.64,-1.59
30.75,18.49,-1.6,18.64,-1.59,18.64,-1.59
30.765,18.43,-1.59,18.64,-1.59,18.64,-1.59
30.779,18.41,-1.6,18.64,-1.59,18.64,-1.59
30.793,18.42,-1.58,18.64,-1.59,18.64,-1.59
30.807,18.43,-1.58,18.64,-1.59,18.64,-1.59
30.822,18.4,-1.58,18.64,-1.59,18.64,-1.59
30.836,18.42,-1.57,18.64,-1.59,18.64,-1.59
30.85,18.51,-1.56,18.64,-1.59,18.64,-1.59
30.864,18.51,-1.6,18.64,-1.59,18.64,-1.59
30.879,18.46,-1.62,18.64,-1.59,18.64,-1.59
30.893,18.46,-1.62,18.64,-1.59,18.64,-1.59
30.907,18.51,-1.59,18.64,-1.59,18.64,-1.59
30.921,18.47,-1.65,18.64,-1.59,18.64,-1.59
30.935,18.5,-1.66,18.64,-1.59,18.64,-1.59
30.95,18.52,-1.56,18.64,-1.59,18.64,-1.59
30.964,18.46,-1.55,18.64,-1.59,18.64,-1.59
30.978,18.41,-1.55,18.64,-1.59,18.64,-1.59
30.992,18.41,-1.56,18.64,-1.59,18.64,-1.59
31.006,18.41,-1.63,18.64,-1.59,18.64,-1.59
31.02,18.42,-1.66,18.64,-1.59,18.64,-1.59
31.035,18.41,-1.61,18.64,-1.59,18.64,-1.59
31.049,18.44,-1.56,18.64,-1.6,18.64,-1.6
31.063,18.45,-1.62,18.64,-1.6,18.64,-1.6
31.077,18.45,-1.65,18.64,-1.6,18.64,-1.6
31.091,18.43,-1.61,18.64,-1.6,18.64,-1.6
31.105,18.45,-1.59,18.64,-1.6,18.64,-1.6
31.119,18.45,-1.63,18.64,-1.6,18.64,-1.6
31.134,18.45,-1.66,18.64,-1.6,18.64,-1.6
31.148,18.46,-1.59,18.64,-1.6,18.64,-1.6
31.162,18.46,-1.6,18.64,-1.6,18.64,-1.6
31.176,18.42,-1.58,18.64,-1.6,18.64,-1.6
31.19,18.45,-1.54,18.64,-1.6,18.64,-1.59
31.205,18.5,-1.54,18.64,-1.59,18.64,-1.59
31.219,18.47,-1.6,18.64,-1.59,18.64,-1.59
31.234,18.45,-1.64,18.64,-1.59,18.64,-1.59
31.248,18.43,-1.66,18.64,-1.59,18.64,-1.59
31.262,18.45,-1.62,18.64,-1.59,18.64,-1.59
31.277,18.38,-1.56,18.64,-1.59,18.64,-1.59
31.291,18.36,-1.59,18.64,-1.59,18.64,-1.59
31.305,18.43,-1.55,18.64,-1.59,18.64,-1.59
31.319,18.45,-1.57,18.64,-1.59,18.64,-1.59
31.333,18.46,-1.63,18.64,-1.59,18.64,-1.59
31.348,18.49,-1.56,18.64,-1.59,18.64,-1.59
31.362,18.47,-1.55,18.64,-1.59,18.64,-1.59
31.376,18.41,-1.55,18.64,-1.59,18.64,-1.59
31.39,18.44,-1.58,18.64,-1.59,18.64,-1.59
31.404,18.49,-1.63,18.64,-1.59,18.64,-1.59
31.419,18.49,-1.64,18.64,-1.59,18.64,-1.59
31.433,18.49,-1.62,18.64,-1.59,18.64,-1.59
31.447,18.47,-1.59,18.64,-1.59,18.64,-1.59
31.461,18.41,-1.57,18.64,-1.59,18.64,-1.59
31.475,18.42,-1.6,18.64,-1.59,18.64,-1.59
31.49,18.47,-1.63,18.64,-1.59,18.64,-1.59
31.504,18.45,-1.59,18.64,-1.59,18.64,-1.59
31.518,18.43,-1.61,18.64,-1.59,18.64,-1.59
31.533,18.44,-1.58,18.64,-1.59,18.64,-1.59
31.547,18.44,-1.56,18.64,-1.59,18.64,-1.59
31.561,18.45,-1.61,18.64,-1.59,18.64,-1.59
31.575,18.41,-1.62,18.64,-1.59,18.64,-1.59
31.59,18.47,-1.63,18.64,-1.59,18.64,-1.59
31.604,18.45,-1.62,18.64,-1.59,18.64,-1.59
31.618,18.44,-1.63,18.64,-1.59,18.64,-1.59
31.633,18.48,-1.65,18.64,-1.59,18.64,-1.59
31.647,18.49,-1.64,18.64,-1.59,18.64,-1.59
31.661,18.42,-1.6,18.64,-1.59,18.64,-1.59
31.676,18.43,-1.59,18.64,-1.59,18.64,-1.59
31.69,18.47,-1.6,18.64,-1.59,18.64,-1.59
31.704,18.53,-1.58,18.64,-1.59,18.64,-1.59
31.718,18.51,-1.6,18.64,-1.59,18.64,-1.59
31.732,18.41,-1.55,18.64,-1.59,18.64,-1.59
31.746,18.39,-1.56,18.64,-1.59,18.64,-1.59
31.761,18.49,-1.58,18.64,-1.59,18.64,-1.59
31.775,18.5,-1.59,18.64,-1.59,18.64,-1.59
31.79,18.46,-1.56,18.64,-1.59,18.64,-1.59
31.804,18.45,-1.59,18.64,-1.59,18.64,-1.59
31.818,18.44,-1.62,18.64,-1.59,18.64,-1.59
31.834,18.42,-1.63,18.64,-1.59,18.64,-1.59
31.848,18.43,-1.61,18.64,-1.59,18.64,-1.59
31.862,18.45,-1.55,18.64,-1.59,18.64,-1.59
31.876,18.44,-1.54,18.64,-1.59,18.64,-1.59
31.891,18.48,-1.57,18.64,-1.59,18.64,-1.59
31.905,18.47,-1.61,18.64,-1.59,18.64,-1.59
31.919,18.43,-1.6,18.64,-1.59,18.64,-1.59
31.933,18.43,-1.58,18.64,-1.59,18.64,-1.59
31.947,18.42,-1.58,18.64,-1.59,18.64,-1.59
31.962,18.45,-1.64,18.64,-1.59,18.64,-1.59
31.976,18.53,-1.64,18.64,-1.59,18.64,-1.59
31.99,18.49,-1.63,18.64,-1.59,18.64,-1.59
32.004,18.45,-1.57,18.64,-1.59,18.64,-1.59
32.019,18.46,-1.56,18.64,-1.59,18.64,-1.59
32.033,18.46,-1.58,18.64,-1.59,18.64,-1.59
32.048,18.45,-1.52,18.64,-1.59,18.64,-1.59
32.063,18.47,-1.51,18.64,-1.59,18.64,-1.59
32.077,18.44,-1.6,18.65,-1.59,18.64,-1.59
32.091,18.43,-1.61,18.64,-1.59,18.64,-1.59
32.105,18.43,-1.58,18.64,-1.59,18.64,-1.59
32.12,18.45,-1.58,18.64,-1.59,18.64,-1.59
32.134,18.44,-1.58,18.64,-1.59,18.64,-1.59
32.149,18.49,-1.61,18.64,-1.59,18.64,-1.59
32.163,18.43,-1.61,18.64,-1.59,18.64,-1.59
32.177,18.38,-1.64,18.64,-1.59,18.64,-1.59
32.191,18.39,-1.63,18.64,-1.59,18.64,-1.59
32.205,18.45,-1.63,18.64,-1.59,18.64,-1.59
32.22,18.46,-1.61,18.64,-1.59,18.64,-1.59
32.234,18.44,-1.59,18.64,-1.59,18.64,-1.59
32.248,18.47,-1.53,18.64,-1.59,18.64,-1.59
32.262,18.46,-1.52,18.64,-1.59,18.64,-1.59
32.276,18.42,-1.61,18.64,-1.59,18.64,-1.59
32.291,18.41,-1.64,18.64,-1.59,18.64,-1.59
32.305,18.43,-1.63,18.64,-1.59,18.64,-1.59
32.319,18.43,-1.63,18.64,-1.59,18.64,-1.59
32.333,18.47,-1.67,18.64,-1.59,18.64,-1.59
32.347,18.45,-1.65,18.64,-1.59,18.64,-1.59
32.362,18.44,-1.63,18.64,-1.59,18.64,-1.59
32.377,18.46,-1.61,18.64,-1.59,18.64,-1.59
32.391,18.51,-1.62,18.64,-1.59,18.64,-1.59
32.405,18.47,-1.61,18.64,-1.59,18.64,-1.59
32.419,18.44,-1.59,18.65,-1.59,18.64,-1.59
32.434,18.45,-1.57,18.65,-1.59,18.64,-1.59
32.448,18.44,-1.6,18.65,-1.59,18.64,-1.59
32.463,18.44,-1.62,18.65,-1.59,18.64,-1.59
32.477,18.42,-1.6,18.65,-1.59,18.64,-1.59
32.491,18.43,-1.59,18.65,-1.59,18.64,-1.59
32.505,18.42,-1.66,18.65,-1.59,18.64,-1.59
32.52,18.38,-1.63,18.65,-1.59,18.64,-1.59
32.534,18.47,-1.6,18.64,-1.59,18.64,-1.59
32.548,18.51,-1.59,18.64,-1.59,18.64,-1.59
32.562,18.44,-1.65,18.64,-1.59,18.64,-1.59
32.576,18.44,-1.64,18.64,-1.59,18.64,-1.59
32.59,18.45,-1.58,18.64,-1.59,18.64,-1.59
32.605,18.43,-1.56,18.64,-1.59,18.64,-1.59
32.619,18.42,-1.58,18.64,-1.59,18.64,-1.59
32.633,18.46,-1.62,18.64,-1.59,18.64,-1.59
32.648,18.44,-1.63,18.64,-1.59,18.64,-1.59
32.662,18.43,-1.61,18.64,-1.59,18.64,-1.59
32.676,18.41,-1.57,18.64,-1.59,18.64,-1.59
32.69,18.46,-1.56,18.64,-1.59,18.64,-1.59
32.705,18.46,-1.56,18.64,-1.59,18.64,-1.59
32.719,18.45,-1.57,18.64,-1.59,18.64,-1.59
32.733,18.43,-1.62,18.64,-1.59,18.64,-1.59
32.747,18.4,-1.62,18.64,-1.59,18.64,-1.59
32.762,18.46,-1.56,18.64,-1.59,18.64,-1.59
32.776,18.47,-1.6,18.64,-1.59,18.64,-1.59
32.79,18.49,-1.67,18.64,-1.59,18.64,-1.59
32.804,18.47,-1.67,18.64,-1.59,18.64,-1.59
32.818,18.46,-1.55,18.64,-1.59,18.64,-1.59
32.833,18.47,-1.58,18.64,-1.59,18.64,-1.59
32.847,18.45,-1.61,18.64,-1.59,18.64,-1.59
32.861,18.47,-1.56,18.64,-1.59,18.64,-1.59
32.875,18.47,-1.57,18.64,-1.59,18.64,-1.59
32.889,18.45,-1.67,18.64,-1.59,18.64,-1.59
32.904,18.47,-1.63,18.64,-1.59,18.64,-1.59
32.919,18.5,-1.58,18.64,-1.59,18.64,-1.59
32.933,18.5,-1.53,18.64,-1.59,18.64,-1.59
32.947,18.47,-1.56,18.64,-1.59,18.64,-1.59
32.961,18.45,-1.6,18.64,-1.59,18.64,-1.59
32.976,18.42,-1.65,18.64,-1.59,18.64,-1.59
32.99,18.46,-1.62,18.64,-1.59,18.64,-1.59
33.004,18.48,-1.59,18.64,-1.59,18.64,-1.59
33.019,18.45,-1.58,18.64,-1.59,18.64,-1.59
33.033,18.44,-1.6,18.64,-1.59,18.64,-1.59
33.047,18.38,-1.59,18.64,-1.6,18.64,-1.6
33.062,18.39,-1.58,18.64,-1.6,18.64,-1.59
33.076,18.47,-1.56,18.64,-1.59,18.64,-1.59
33.09,18.45,-1.52,18.64,-1.59,18.64,-1.59
33.104,18.43,-1.53,18.64,-1.59,18.64,-1.59
33.118,18.43,-1.62,18.64,-1.59,18.64,-1.59
33.133,18.45,-1.62,18.64,-1.59,18.64,-1.59
33.147,18.41,-1.63,18.64,-1.59,18.64,-1.59
33.161,18.42,-1.63,18.64,-1.59,18.64,-1.59
33.175,18.47,-1.61,18.64,-1.59,18.64,-1.59
33.189,18.47,-1.57,18.64,-1.59,18.64,-1.59
33.204,18.45,-1.58,18.64,-1.59,18.64,-1.59
33.218,18.45,-1.63,18.64,-1.59,18.64,-1.59
33.232,18.46,-1.7,18.64,-1.59,18.64,-1.59
33.247,18.45,-1.61,18.64,-1.59,18.64,-1.59
33.261,18.45,-1.54,18.64,-1.6,18.64,-1.59
33.275,18.47,-1.49,18.64,-1.6,18.64,-1.59
33.289,18.46,-1.54,18.64,-1.59,18.64,-1.59
33.303,18.42,-1.56,18.64,-1.59,18.64,-1.59
33.318,18.43,-1.58,18.64,-1.59,18.64,-1.59
33.332,18.5,-1.57,18.64,-1.59,18.64,-1.59
33.346,18.49,-1.58,18.64,-1.59,18.64,-1.59
33.36,18.47,-1.57,18.64,-1.59,18.64,-1.59
33.374,18.42,-1.58,18.64,-1.59,18.64,-1.59
33.388,18.42,-1.58,18.64,-1.6,18.64,-1.6
33.403,18.44,-1.61,18.64,-1.6,18.64,-1.6
33.417,18.43,-1.61,18.64,-1.59,18.63,-1.59
33.432,18.43,-1.63,18.64,-1.59,18.63,-1.59
33.446,18.43,-1.65,18.64,-1.59,18.63,-1.59
33.46,18.43,-1.63,18.64,-1.6,18.63,-1.6
33.474,18.49,-1.58,18.64,-1.6,18.64,-1.6
33.488,18.46,-1.59,18.64,-1.6,18.64,-1.6
33.503,18.38,-1.67,18.64,-1.6,18.63,-1.6
33.517,18.41,-1.68,18.64,-1.6,18.64,-1.6
33.531,18.41,-1.62,18.64,-1.6,18.64,-1.6
33.545,18.41,-1.62,18.64,-1.6,18.63,-1.6
33.559,18.38,-1.62,18.64,-1.6,18.63,-1.6
33.574,18.38,-1.6,18.64,-1.6,18.63,-1.6
33.588,18.36,-1.59,18.64,-1.6,18.63,-1.6
33.602,18.44,-1.57,18.64,-1.6,18.63,-1.6
33.617,18.45,-1.58,18.64,-1.6,18.63,-1.6
33.631,18.41,-1.62,18.64,-1.6,18.63,-1.6
33.645,18.41,-1.64,18.63,-1.6,18.63,-1.6
33.659,18.47,-1.59,18.63,-1.6,18.63,-1.6
33.673,18.47,-1.59,18.63,-1.6,18.63,-1.6
33.687,18.47,-1.59,18.64,-1.6,18.63,-1.6
33.702,18.42,-1.63,18.64,-1.6,18.63,-1.6
33.716,18.43,-1.6,18.63,-1.6,18.63,-1.6
33.73,18.46,-1.59,18.63,-1.6,18.63,-1.6
33.744,18.46,-1.58,18.63,-1.6,18.63,-1.6
33.759,18.46,-1.62,18.63,-1.6,18.63,-1.6
33.773,18.47,-1.56,18.64,-1.6,18.63,-1.6
33.787,18.45,-1.51,18.64,-1.6,18.63,-1.6
33.802,18.49,-1.59,18.64,-1.6,18.64,-1.6
33.816,18.48,-1.66,18.64,-1.6,18.64,-1.6
33.83,18.46,-1.63,18.64,-1.6,18.64,-1.6
33.844,18.43,-1.62,18.64,-1.6,18.64,-1.6
33.858,18.42,-1.58,18.64,-1.6,18.64,-1.6
33.873,18.43,-1.6,18.64,-1.6,18.63,-1.6
33.887,18.45,-1.69,18.64,-1.6,18.64,-1.6
33.901,18.45,-1.66,18.64,-1.6,18.64,-1.6
33.915,18.47,-1.63,18.64,-1.6,18.64,-1.6
33.929,18.49,-1.59,18.64,-1.6,18.64,-1.6
33.943,18.46,-1.57,18.64,-1.6,18.64,-1.6
33.958,18.38,-1.62,18.64,-1.6,18.63,-1.6
33.972,18.4,-1.64,18.64,-1.6,18.63,-1.6
33.986,18.5,-1.62,18.64,-1.6,18.63,-1.6
34.0,18.48,-1.6,18.64,-1.6,18.63,-1.6
34.014,18.35,-1.59,18.64,-1.6,18.63,-1.6
34.029,18.4,-1.57,18.64,-1.6,18.63,-1.6
34.043,18.47,-1.58,18.64,-1.6,18.63,-1.6
34.058,18.45,-1.64,18.64,-1.6,18.63,-1.6
34.072,18.44,-1.64,18.64,-1.6,18.63,-1.6
34.086,18.43,-1.58,18.64,-1.6,18.63,-1.6
34.1,18.41,-1.59,18.64,-1.6,18.63,-1.6
34.115,18.45,-1.56,18.64,-1.6,18.63,-1.6
34.129,18.46,-1.61,18.64,-1.6,18.63,-1.6
34.143,18.46,-1.68,18.64,-1.6,18.63,-1.6
34.157,18.46,-1.67,18.64,-1.6,18.63,-1.6
34.171,18.44,-1.66,18.64,-1.6,18.63,-1.6
34.185,18.41,-1.57,18.64,-1.6,18.63,-1.6
34.199,18.38,-1.57,18.64,-1.6,18.63,-1.6
34.214,18.43,-1.64,18.63,-1.6,18.63,-1.6
34.228,18.42,-1.67,18.63,-1.6,18.63,-1.6
34.242,18.43,-1.66,18.63,-1.6,18.63,-1.6
34.256,18.41,-1.66,18.63,-1.61,18.63,-1.61
34.27,18.42,-1.65,18.63,-1.61,18.63,-1.61
34.284,18.46,-1.55,18.63,-1.61,18.63,-1.6
34.299,18.43,-1.56,18.63,-1.6,18.63,-1.6
34.313,18.38,-1.61,18.63,-1.6,18.63,-1.6
34.327,18.44,-1.6,18.63,-1.6,18.63,-1.6
34.341,18.52,-1.57,18.63,-1.6,18.63,-1.6
34.356,18.49,-1.56,18.63,-1.6,18.63,-1.6
34.37,18.48,-1.58,18.63,-1.6,18.63,-1.6
34.384,18.43,-1.64,18.63,-1.6,18.63,-1.6
34.398,18.38,-1.63,18.63,-1.6,18.63,-1.6
34.412,18.43,-1.61,18.63,-1.6,18.63,-1.6
34.426,18.43,-1.59,18.63,-1.6,18.63,-1.6
34.441,18.42,-1.58,18.63,-1.6,18.63,-1.6
34.455,18.4,-1.61,18.63,-1.6,18.63,-1.6
34.469,18.42,-1.63,18.63,-1.6,18.63,-1.6
34.484,18.43,-1.61,18.63,-1.61,18.63,-1.61
34.498,18.44,-1.64,18.63,-1.61,18.63,-1.61
34.512,18.47,-1.63,18.63,-1.61,18.63,-1.61
34.526,18.48,-1.61,18.63,-1.61,18.63,-1.61
34.54,18.47,-1.63,18.64,-1.61,18.63,-1.61
34.554,18.41,-1.61,18.63,-1.61,18.63,-1.61
34.569,18.36,-1.6,18.63,-1.61,18.63,-1.61
34.583,18.37,-1.63,18.63,-1.6,18.63,-1.61
34.597,18.41,-1.63,18.63,-1.6,18.63,-1.6
34.611,18.45,-1.63,18.63,-1.6,18.63,-1.6
34.625,18.42,-1.66,18.63,-1.6,18.63,-1.6
34.64,18.44,-1.58,18.63,-1.6,18.63,-1.6
34.654,18.45,-1.56,18.63,-1.6,18.63,-1.6
34.669,18.47,-1.6,18.63,-1.61,18.63,-1.61
34.683,18.49,-1.6,18.63,-1.61,18.63,-1.61
34.697,18.52,-1.63,18.63,-1.61,18.63,-1.61
34.711,18.51,-1.62,18.63,-1.61,18.63,-1.61
34.726,18.46,-1.61,18.63,-1.61,18.63,-1.61
34.74,18.38,-1.57,18.63,-1.61,18.63,-1.61
34.755,18.4,-1.58,18.63,-1.61,18.63,-1.61
34.769,18.46,-1.59,18.63,-1.61,18.63,-1.6
34.783,18.48,-1.63,18.63,-1.6,18.63,-1.61
34.797,18.45,-1.6,18.63,-1.61,18.63,-1.61
34.811,18.44,-1.52,18.63,-1.61,18.63,-1.61
34.826,18.36,-1.69,18.63,-1.61,18.63,-1.61
34.84,18.42,-1.68,18.63,-1.61,18.63,-1.61
34.854,18.45,-1.66,18.63,-1.61,18.63,-1.61
34.868,18.45,-1.69,18.63,-1.61,18.63,-1.61
34.883,18.44,-1.66,18.63,-1.61,18.63,-1.61
34.897,18.49,-1.57,18.63,-1.61,18.63,-1.61
34.911,18.5,-1.58,18.63,-1.61,18.63,-1.61
34.926,18.5,-1.6,18.63,-1.61,18.63,-1.61
34.94,18.48,-1.59,18.64,-1.61,18.63,-1.61
34.954,18.47,-1.56,18.64,-1.61,18.63,-1.61
34.969,18.44,-1.58,18.64,-1.61,18.63,-1.61
34.983,18.4,-1.61,18.64,-1.61,18.63,-1.61
34.997,18.38,-1.59,18.64,-1.6,18.63,-1.6
35.011,18.37,-1.56,18.64,-1.6,18.63,-1.6
35.025,18.47,-1.58,18.63,-1.6,18.63,-1.6
35.04,18.5,-1.61,18.63,-1.6,18.63,-1.6
35.054,18.46,-1.61,18.63,-1.6,18.63,-1.6
35.068,18.45,-1.59,18.63,-1.6,18.63,-1.6
35.083,18.44,-1.6,18.63,-1.6,18.63,-1.6
35.097,18.48,-1.61,18.64,-1.6,18.63,-1.6
35.111,18.46,-1.63,18.64,-1.6,18.63,-1.6
35.126,18.45,-1.6,18.64,-1.6,18.64,-1.6
35.14,18.48,-1.56,18.64,-1.6,18.64,-1.6
35.154,18.43,-1.61,18.64,-1.6,18.64,-1.6
35.168,18.43,-1.61,18.64,-1.6,18.63,-1.6
35.183,18.42,-1.61,18.64,-1.6,18.63,-1.6
35.197,18.44,-1.59,18.64,-1.6,18.63,-1.6
35.211,18.48,-1.62,18.64,-1.6,18.63,-1.6
35.225,18.51,-1.65,18.64,-1.6,18.64,-1.6
35.24,18.49,-1.64,18.64,-1.6,18.64,-1.6
35.254,18.45,-1.59,18.64,-1.6,18.64,-1.6
35.268,18.4,-1.6,18.64,-1.6,18.64,-1.6
35.282,18.44,-1.61,18.64,-1.6,18.64,-1.6
35.296,18.48,-1.59,18.64,-1.6,18.64,-1.6
35.311,18.52,-1.69,18.64,-1.6,18.64,-1.6
35.325,18.48,-1.67,18.64,-1.6,18.64,-1.6
35.339,18.4,-1.62,18.64,-1.6,18.64,-1.6
35.353,18.41,-1.6,18.64,-1.6,18.64,-1.6
35.368,18.43,-1.6,18.64,-1.6,18.64,-1.6
35.382,18.5,-1.62,18.64,-1.6,18.64,-1.6
35.396,18.52,-1.64,18.64,-1.6,18.64,-1.6
35.41,18.45,-1.63,18.64,-1.6,18.64,-1.6
35.424,18.41,-1.58,18.64,-1.6,18.64,-1.6
35.439,18.45,-1.56,18.64,-1.6,18.64,-1.6
35.453,18.45,-1.61,18.64,-1.6,18.64,-1.6
35.467,18.47,-1.65,18.64,-1.6,18.64,-1.6
35.481,18.5,-1.65,18.64,-1.6,18.64,-1.6
35.495,18.46,-1.6,18.64,-1.6,18.64,-1.6
35.51,18.36,-1.54,18.64,-1.6,18.64,-1.6
35.524,18.33,-1.58,18.64,-1.6,18.64,-1.6
35.538,18.4,-1.7,18.64,-1.6,18.64,-1.6
35.553,18.46,-1.65,18.64,-1.6,18.64,-1.61
35.567,18.53,-1.61,18.64,-1.61,18.64,-1.61
35.581,18.5,-1.63,18.64,-1.61,18.64,-1.61
35.595,18.45,-1.6,18.64,-1.61,18.64,-1.61
35.61,18.39,-1.57,18.64,-1.61,18.64,-1.61
35.624,18.4,-1.62,18.64,-1.61,18.64,-1.61
35.638,18.41,-1.65,18.64,-1.61,18.64,-1.61
35.653,18.43,-1.63,18.64,-1.61,18.64,-1.61
35.667,18.5,-1.55,18.64,-1.61,18.64,-1.61
35.681,18.45,-1.57,18.64,-1.61,18.64,-1.61
35.695,18.4,-1.63,18.64,-1.61,18.64,-1.61
35.71,18.44,-1.63,18.64,-1.61,18.64,-1.61
35.724,18.43,-1.63,18.64,-1.6,18.64,-1.6
35.738,18.47,-1.6,18.64,-1.6,18.64,-1.6
35.752,18.49,-1.62,18.64,-1.6,18.64,-1.6
35.766,18.45,-1.64,18.64,-1.6,18.64,-1.6
35.781,18.41,-1.64,18.64,-1.6,18.64,-1.6
35.795,18.46,-1.62,18.64,-1.6,18.64,-1.6
35.809,18.49,-1.6,18.64,-1.6,18.64,-1.6
35.823,18.47,-1.58,18.64,-1.6,18.64,-1.6
35.837,18.46,-1.65,18.65,-1.6,18.64,-1.61
35.851,18.48,-1.65,18.64,-1.61,18.64,-1.61
35.866,18.42,-1.58,18.64,-1.61,18.64,-1.61
35.88,18.43,-1.6,18.64,-1.61,18.64,-1.61
35.894,18.37,-1.63,18.64,-1.6,18.64,-1.6
35.908,18.38,-1.61,18.64,-1.6,18.64,-1.6
35.922,18.44,-1.61,18.64,-1.6,18.64,-1.6
35.937,18.49,-1.58,18.64,-1.6,18.64,-1.6
35.951,18.49,-1.59,18.64,-1.6,18.64,-1.6
35.965,18.4,-1.61,18.64,-1.6,18.64,-1.6
35.98,18.42,-1.61,18.64,-1.6,18.64,-1.6
35.994,18.44,-1.63,18.64,-1.6,18.64,-1.6
36.008,18.4,-1.61,18.64,-1.61,18.64,-1.61
36.022,18.49,-1.63,18.64,-1.61,18.64,-1.61
36.036,18.49,-1.67,18.64,-1.61,18.64,-1.61
36.05,18.46,-1.67,18.64,-1.61,18.64,-1.61
36.065,18.41,-1.59,18.64,-1.61,18.64,-1.61
36.079,18.42,-1.56,18.64,-1.61,18.64,-1.61
36.093,18.43,-1.58,18.64,-1.61,18.64,-1.61
36.107,18.41,-1.58,18.64,-1.61,18.64,-1.61
36.122,18.4,-1.56,18.64,-1.61,18.64,-1.61
36.136,18.44,-1.58,18.64,-1.61,18.64,-1.61
36.15,18.48,-1.63,18.64,-1.61,18.64,-1.61
36.164,18.45,-1.67,18.64,-1.61,18.64,-1.61
36.178,18.5,-1.58,18.64,-1.61,18.64,-1.61
36.192,18.47,-1.57,18.64,-1.61,18.64,-1.61
36.207,18.44,-1.61,18.64,-1.61,18.64,-1.61
36.221,18.44,-1.6,18.64,-1.6,18.64,-1.6
36.235,18.43,-1.6,18.64,-1.6,18.64,-1.6
36.249,18.45,-1.65,18.64,-1.61,18.64,-1.61
36.264,18.46,-1.6,18.65,-1.61,18.64,-1.61
36.278,18.47,-1.58,18.65,-1.61,18.64,-1.61
36.292,18.48,-1.58,18.65,-1.61,18.64,-1.61
36.306,18.48,-1.6,18.65,-1.61,18.64,-1.61
36.321,18.42,-1.61,18.65,-1.61,18.64,-1.61
36.335,18.43,-1.6,18.65,-1.61,18.64,-1.61
36.35,18.41,-1.61,18.65,-1.61,18.65,-1.61
36.364,18.38,-1.59,18.65,-1.61,18.65,-1.61
36.379,18.46,-1.58,18.65,-1.61,18.65,-1.61
36.393,18.49,-1.58,18.65,-1.61,18.65,-1.61
36.407,18.49,-1.57,18.65,-1.61,18.65,-1.61
36.421,18.44,-1.56,18.65,-1.61,18.65,-1.61
36.436,18.42,-1.58,18.65,-1.61,18.65,-1.61
36.449,18.44,-1.59,18.65,-1.61,18.65,-1.61
36.464,18.44,-1.58,18.65,-1.61,18.65,-1.61
36.478,18.4,-1.61,18.65,-1.6,18.64,-1.6
36.492,18.36,-1.6,18.64,-1.6,18.64,-1.6
36.506,18.38,-1.63,18.64,-1.6,18.64,-1.6
36.52,18.43,-1.59,18.64,-1.6,18.64,-1.6
36.534,18.46,-1.56,18.64,-1.6,18.64,-1.6
36.549,18.4,-1.64,18.64,-1.6,18.64,-1.6
36.563,18.46,-1.63,18.64,-1.6,18.64,-1.6
36.577,18.46,-1.63,18.64,-1.6,18.64,-1.6
36.591,18.46,-1.62,18.64,-1.6,18.64,-1.6
36.605,18.47,-1.6,18.64,-1.6,18.64,-1.6
36.62,18.51,-1.6,18.64,-1.6,18.64,-1.6
36.633,18.52,-1.59,18.64,-1.6,18.64,-1.6
36.647,18.47,-1.6,18.64,-1.6,18.64,-1.6
36.662,18.45,-1.61,18.64,-1.6,18.64,-1.6
36.676,18.46,-1.6,18.64,-1.6,18.64,-1.6
36.691,18.48,-1.59,18.64,-1.6,18.63,-1.6
36.705,18.5,-1.57,18.64,-1.6,18.63,-1.6
36.719,18.51,-1.59,18.64,-1.6,18.63,-1.6
36.734,18.41,-1.62,18.64,-1.59,18.63,-1.59
36.748,18.37,-1.58,18.64,-1.59,18.63,-1.59
36.762,18.37,-1.58,18.63,-1.59,18.63,-1.59
36.776,18.47,-1.63,18.63,-1.59,18.63,-1.59
36.79,18.5,-1.65,18.63,-1.59,18.63,-1.59
36.804,18.47,-1.64,18.63,-1.59,18.63,-1.59
36.819,18.49,-1.66,18.63,-1.59,18.63,-1.59
36.833,18.45,-1.58,18.63,-1.59,18.63,-1.59
36.847,18.47,-1.58,18.63,-1.59,18.63,-1.59
36.861,18.45,-1.61,18.63,-1.59,18.63,-1.59
36.875,18.45,-1.62,18.63,-1.59,18.63,-1.59
36.889,18.42,-1.59,18.63,-1.59,18.63,-1.59
36.904,18.46,-1.59,18.63,-1.59,18.63,-1.59
36.918,18.48,-1.61,18.63,-1.59,18.63,-1.59
36.932,18.44,-1.6,18.63,-1.59,18.63,-1.59
36.946,18.43,-1.61,18.63,-1.59,18.63,-1.59
36.96,18.46,-1.6,18.63,-1.59,18.63,-1.59
36.975,18.5,-1.6,18.63,-1.59,18.63,-1.59
36.991,18.5,-1.63,18.63,-1.59,18.63,-1.59
37.005,18.48,-1.6,18.63,-1.59,18.63,-1.59
37.019,18.44,-1.58,18.63,-1.59,18.63,-1.59
37.034,18.48,-1.62,18.63,-1.59,18.63,-1.59
37.048,18.49,-1.62,18.63,-1.59,18.63,-1.59
37.062,18.48,-1.62,18.63,-1.59,18.63,-1.59
37.076,18.45,-1.64,18.63,-1.59,18.63,-1.59
37.091,18.41,-1.62,18.64,-1.59,18.63,-1.59
37.105,18.46,-1.61,18.63,-1.59,18.63,-1.59
37.119,18.51,-1.62,18.63,-1.59,18.63,-1.59
37.133,18.5,-1.59,18.64,-1.59,18.63,-1.59
37.147,18.5,-1.6,18.64,-1.6,18.63,-1.6
37.161,18.54,-1.67,18.64,-1.6,18.64,-1.6
37.176,18.54,-1.64,18.64,-1.6,18.64,-1.6
37.19,18.46,-1.64,18.64,-1.6,18.64,-1.6
37.204,18.42,-1.6,18.64,-1.6,18.64,-1.6
37.218,18.5,-1.57,18.64,-1.6,18.64,-1.6
37.233,18.51,-1.58,18.64,-1.6,18.64,-1.6
37.247,18.48,-1.64,18.64,-1.6,18.64,-1.6
37.262,18.4,-1.65,18.64,-1.6,18.63,-1.6
37.276,18.45,-1.58,18.64,-1.6,18.63,-1.6
37.29,18.5,-1.57,18.64,-1.6,18.64,-1.6
37.304,18.48,-1.55,18.64,-1.6,18.64,-1.6
37.319,18.47,-1.6,18.64,-1.6,18.64,-1.6
37.333,18.48,-1.63,18.64,-1.6,18.64,-1.6
37.347,18.46,-1.62,18.64,-1.6,18.64,-1.6
37.361,18.43,-1.6,18.64,-1.6,18.64,-1.6
37.376,18.43,-1.61,18.64,-1.6,18.64,-1.6
37.39,18.43,-1.64,18.64,-1.6,18.64,-1.6
37.404,18.47,-1.61,18.64,-1.6,18.64,-1.6
37.418,18.49,-1.6,18.64,-1.6,18.64,-1.6
37.432,18.49,-1.62,18.64,-1.6,18.64,-1.6
37.447,18.51,-1.58,18.64,-1.6,18.64,-1.6
37.461,18.45,-1.58,18.64,-1.6,18.64,-1.6
37.475,18.43,-1.61,18.64,-1.6,18.64,-1.6
37.489,18.45,-1.59,18.64,-1.6,18.64,-1.6
37.504,18.46,-1.61,18.65,-1.6,18.64,-1.6
37.518,18.43,-1.58,18.65,-1.6,18.64,-1.6
37.532,18.43,-1.5,18.65,-1.6,18.64,-1.6
37.546,18.52,-1.61,18.64,-1.6,18.64,-1.6
37.56,18.55,-1.64,18.64,-1.6,18.64,-1.6
37.575,18.46,-1.59,18.64,-1.6,18.64,-1.6
37.589,18.4,-1.63,18.65,-1.6,18.64,-1.6
37.603,18.38,-1.65,18.65,-1.6,18.65,-1.6
37.617,18.5,-1.67,18.65,-1.6,18.65,-1.6
37.631,18.53,-1.67,18.65,-1.6,18.65,-1.6
37.646,18.4,-1.62,18.65,-1.6,18.65,-1.6
37.66,18.4,-1.62,18.65,-1.6,18.65,-1.6
37.674,18.54,-1.61,18.65,-1.6,18.65,-1.6
37.688,18.54,-1.56,18.65,-1.6,18.65,-1.6
37.702,18.48,-1.59,18.65,-1.6,18.65,-1.6
37.717,18.44,-1.69,18.65,-1.6,18.65,-1.6
37.731,18.49,-1.68,18.65,-1.6,18.65,-1.6
37.745,18.43,-1.63,18.65,-1.6,18.65,-1.6
37.759,18.4,-1.6,18.65,-1.6,18.65,-1.6
37.773,18.48,-1.58,18.65,-1.6,18.65,-1.6
37.787,18.5,-1.62,18.65,-1.6,18.65,-1.6
37.802,18.47,-1.63,18.65,-1.6,18.65,-1.6
37.816,18.42,-1.62,18.65,-1.6,18.65,-1.6
37.83,18.42,-1.62,18.65,-1.6,18.65,-1.6
37.844,18.43,-1.61,18.65,-1.6,18.65,-1.6
37.859,18.47,-1.59,18.65,-1.6,18.65,-1.6
37.873,18.49,-1.57,18.65,-1.6,18.65,-1.6
37.887,18.46,-1.56,18.65,-1.6,18.65,-1.6
37.901,18.44,-1.63,18.65,-1.6,18.65,-1.6
37.915,18.45,-1.65,18.65,-1.6,18.65,-1.6
37.93,18.47,-1.62,18.65,-1.6,18.64,-1.6
37.944,18.47,-1.65,18.65,-1.6,18.65,-1.6
37.958,18.47,-1.62,18.65,-1.6,18.64,-1.6
37.972,18.45,-1.63,18.65,-1.6,18.64,-1.6
37.987,18.45,-1.63,18.65,-1.6,18.64,-1.61
38.001,18.44,-1.65,18.65,-1.61,18.64,-1.61
38.015,18.41,-1.66,18.65,-1.61,18.64,-1.61
38.029,18.42,-1.64,18.65,-1.61,18.64,-1.61
38.044,18.46,-1.62,18.65,-1.61,18.64,-1.61
38.058,18.5,-1.62,18.65,-1.61,18.64,-1.61
38.072,18.49,-1.64,18.65,-1.61,18.64,-1.61
38.086,18.47,-1.63,18.65,-1.61,18.64,-1.61
38.101,18.42,-1.59,18.65,-1.61,18.64,-1.61
38.114,18.4,-1.58,18.65,-1.61,18.64,-1.61
38.129,18.45,-1.52,18.65,-1.61,18.64,-1.61
38.143,18.48,-1.59,18.65,-1.61,18.64,-1.61
38.157,18.46,-1.63,18.65,-1.61,18.64,-1.61
38.172,18.38,-1.63,18.65,-1.61,18.64,-1.61
38.186,18.39,-1.62,18.64,-1.61,18.64,-1.61
38.2,18.46,-1.55,18.64,-1.61,18.64,-1.61
38.214,18.46,-1.54,18.64,-1.61,18.64,-1.61
38.228,18.42,-1.58,18.64,-1.61,18.64,-1.61
38.243,18.46,-1.57,18.64,-1.61,18.64,-1.61
38.257,18.5,-1.64,18.64,-1.61,18.64,-1.61
38.271,18.46,-1.65,18.64,-1.61,18.64,-1.61
38.285,18.44,-1.62,18.64,-1.61,18.64,-1.61
38.3,18.48,-1.55,18.64,-1.61,18.64,-1.61
38.314,18.47,-1.55,18.65,-1.61,18.64,-1.6
38.328,18.44,-1.62,18.65,-1.6,18.64,-1.6
38.342,18.41,-1.62,18.64,-1.6,18.64,-1.6
38.357,18.39,-1.64,18.64,-1.6,18.64,-1.6
38.371,18.43,-1.6,18.64,-1.6,18.64,-1.6
38.385,18.4,-1.57,18.64,-1.6,18.64,-1.6
38.4,18.4,-1.59,18.64,-1.6,18.64,-1.6
38.414,18.4,-1.59,18.64,-1.6,18.64,-1.6
38.428,18.4,-1.68,18.64,-1.6,18.64,-1.61
38.442,18.43,-1.67,18.64,-1.61,18.64,-1.61
38.457,18.51,-1.61,18.64,-1.61,18.64,-1.61
38.471,18.47,-1.6,18.64,-1.61,18.64,-1.61
38.485,18.43,-1.6,18.64,-1.61,18.64,-1.6
38.499,18.45,-1.63,18.64,-1.61,18.64,-1.61
38.514,18.47,-1.65,18.64,-1.61,18.64,-1.61
38.528,18.38,-1.6,18.64,-1.61,18.64,-1.61
38.542,18.4,-1.62,18.64,-1.61,18.64,-1.61
38.556,18.48,-1.62,18.64,-1.61,18.64,-1.61
38.57,18.45,-1.6,18.64,-1.61,18.64,-1.61
38.585,18.5,-1.64,18.64,-1.6,18.64,-1.61
38.599,18.47,-1.63,18.64,-1.6,18.64,-1.6
38.613,18.38,-1.65,18.64,-1.6,18.64,-1.6
38.627,18.41,-1.64,18.64,-1.6,18.64,-1.6
38.641,18.43,-1.64,18.64,-1.6,18.64,-1.6
38.656,18.47,-1.62,18.64,-1.6,18.64,-1.6
38.67,18.52,-1.63,18.64,-1.6,18.64,-1.6
38.684,18.49,-1.58,18.64,-1.6,18.64,-1.6
38.698,18.45,-1.57,18.65,-1.6,18.64,-1.6
38.713,18.44,-1.63,18.65,-1.6,18.64,-1.6
38.727,18.47,-1.65,18.64,-1.6,18.64,-1.6
38.741,18.48,-1.65,18.64,-1.6,18.64,-1.6
38.757,18.45,-1.67,18.64,-1.6,18.64,-1.6
38.771,18.46,-1.67,18.64,-1.6,18.64,-1.6
38.785,18.45,-1.65,18.65,-1.6,18.64,-1.6
38.799,18.45,-1.6,18.65,-1.61,18.64,-1.61
38.813,18.46,-1.52,18.65,-1.61,18.65,-1.6
38.827,18.47,-1.54,18.65,-1.6,18.65,-1.6
38.842,18.45,-1.64,18.65,-1.6,18.65,-1.6
38.856,18.47,-1.65,18.65,-1.6,18.65,-1.6
38.87,18.44,-1.6,18.65,-1.6,18.65,-1.6
38.884,18.42,-1.58,18.65,-1.6,18.65,-1.6
38.899,18.45,-1.61,18.65,-1.6,18.65,-1.6
38.913,18.48,-1.65,18.65,-1.6,18.65,-1.6
38.927,18.43,-1.64,18.65,-1.6,18.65,-1.61
38.942,18.45,-1.65,18.65,-1.61,18.65,-1.61
38.956,18.5,-1.62,18.65,-1.61,18.65,-1.61
38.971,18.34,-1.6,18.65,-1.61,18.65,-1.61
38.985,18.43,-1.61,18.65,-1.61,18.65,-1.61
38.999,18.39,-1.63,18.65,-1.61,18.65,-1.61
39.013,18.36,-1.7,18.65,-1.61,18.65,-1.61
39.028,18.44,-1.73,18.65,-1.61,18.65,-1.61
39.042,18.31,-1.6,18.65,-1.61,18.65,-1.61
39.056,18.23,-1.54,18.65,-1.61,18.64,-1.61
39.071,18.62,-1.61,18.64,-1.61,18.64,-1.61
39.085,18.53,-1.6,18.64,-1.61,18.64,-1.61
39.099,18.28,-1.61,18.64,-1.61,18.64,-1.61
39.113,18.38,-1.64,18.64,-1.61,18.64,-1.61
39.127,18.54,-1.65,18.64,-1.61,18.64,-1.61
39.142,18.51,-1.65,18.64,-1.61,18.64,-1.61
39.156,18.45,-1.64,18.64,-1.61,18.64,-1.61
39.17,18.41,-1.61,18.64,-1.61,18.64,-1.61
39.184,18.51,-1.65,18.64,-1.61,18.64,-1.61
39.198,18.54,-1.7,18.64,-1.61,18.64,-1.61
39.213,18.45,-1.66,18.64,-1.61,18.64,-1.61
39.228,18.44,-1.63,18.64,-1.61,18.64,-1.61
39.242,18.44,-1.6,18.64,-1.61,18.64,-1.61
39.256,18.44,-1.61,18.64,-1.61,18.64,-1.61
39.271,18.45,-1.62,18.64,-1.61,18.64,-1.61
39.286,18.44,-1.62,18.64,-1.61,18.64,-1.61
39.3,18.42,-1.66,18.64,-1.61,18.64,-1.61
39.314,18.42,-1.68,18.64,-1.61,18.64,-1.61
39.328,18.44,-1.66,18.64,-1.61,18.64,-1.61
39.343,18.48,-1.64,18.64,-1.61,18.64,-1.61
39.357,18.44,-1.63,18.64,-1.61,18.64,-1.61
39.371,18.41,-1.61,18.64,-1.61,18.64,-1.61
39.385,18.47,-1.59,18.64,-1.61,18.64,-1.61
39.4,18.46,-1.55,18.64,-1.61,18.64,-1.61
39.414,18.88,-1.57,18.64,-1.61,18.64,-1.61
39.428,18.38,-1.49,18.65,-1.61,18.65,-1.61
39.443,18.09,-1.43,18.67,-1.61,18.66,-1.61
39.457,18.4,0.84,18.7,-1.6,18.69,-1.58
39.471,16.43,-0.61,18.87,-1.56,18.85,-1.55
39.485,20.9,-3.61,19.03,-1.52,19.05,-1.54
39.5,21.03,-2.36,19.16,-1.52,19.18,-1.53
39.516,18.77,-1.49,19.4,-1.52,19.39,-1.52
39.53,17.7,-1.65,19.67,-1.52,19.65,-1.52
39.544,14.78,-1.1,19.97,-1.52,19.92,-1.52
39.559,12.49,-1.64,20.27,-1.55,20.2,-1.55
39.573,17.11,-3.76,20.49,-1.59,20.46,-1.61
39.587,17.45,-2.86,20.5,-1.75,20.47,-1.76
39.601,17.34,-0.78,20.48,-1.96,20.45,-1.95
39.616,14.13,-0.95,20.5,-2.13,20.44,-2.12
39.63,14.02,-0.78,20.47,-2.31,20.41,-2.29
39.644,16.28,-1.45,20.42,-2.49,20.38,-2.48
39.659,15.86,-1.35,20.36,-2.7,20.31,-2.68
39.673,15.94,1.22,20.27,-2.92,20.23,-2.88
39.687,16.23,0.32,20.19,-3.0,20.15,-2.97
39.701,17.01,0.39,20.14,-3.03,20.11,-2.99
39.715,16.67,1.48,20.21,-2.9,20.18,-2.85
39.729,16.98,2.83,20.36,-2.67,20.33,-2.61
39.743,18.24,0.92,20.58,-2.29,20.56,-2.26
39.758,20.41,-1.45,20.67,-1.74,20.66,-1.73
39.773,16.43,-18.45,20.73,-1.3,20.69,-1.47
39.787,9.8,-10.7,21.3,-1.41,21.19,-1.5
39.801,14.11,1.73,21.79,-1.51,21.71,-1.48
39.815,17.1,-0.21,21.84,-1.49,21.79,-1.48
39.829,21.32,-4.44,21.77,-1.51,21.76,-1.54
39.844,21.03,-2.31,21.62,-1.58,21.62,-1.58
39.858,18.67,0.55,21.43,-1.58,21.41,-1.56
39.872,15.02,2.09,21.24,-1.55,21.18,-1.51
39.886,13.34,0.48,21.24,-1.52,21.16,-1.5
39.9,13.25,-1.19,21.33,-1.51,21.25,-1.51
39.914,14.45,-0.94,21.54,-1.52,21.47,-1.51
39.929,16.48,0.09,21.81,-1.52,21.75,-1.5
39.943,17.36,-0.54,22.02,-1.52,21.97,-1.51
39.957,17.09,-2.32,22.15,-1.54,22.1,-1.55
39.971,10.98,-4.87,22.19,-1.63,22.08,-1.66
39.985,9.66,-3.84,22.0,-1.78,21.88,-1.8
40.0,6.95,-2.74,21.79,-1.86,21.64,-1.87
40.014,8.06,-0.27,21.77,-1.82,21.64,-1.81
40.028,14.16,2.8,21.83,-1.83,21.76,-1.78
40.042,15.76,-0.5,22.07,-1.78,22.01,-1.76
40.057,13.2,-2.07,22.45,-1.7,22.36,-1.7
40.071,12.31,-1.99,22.94,-1.65,22.83,-1.65
40.085,12.56,-2.98,23.29,-1.62,23.18,-1.64
40.099,14.68,-4.42,23.49,-1.68,23.4,-1.71
40.114,15.73,-3.3,23.4,-2.03,23.33,-2.04
40.128,11.19,-0.7,23.3,-2.36,23.18,-2.34
40.142,11.41,-3.26,23.52,-2.25,23.4,-2.26
40.156,4.97,0.4,23.97,-2.07,23.78,-2.05
40.17,8.76,4.14,24.31,-2.34,24.16,-2.28
40.184,11.34,1.17,24.61,-2.58,24.47,-2.55
40.198,5.97,-0.59,24.93,-2.69,24.74,-2.66
40.213,5.37,5.46,25.13,-2.48,24.94,-2.4
40.227,6.83,-4.65,25.26,-1.87,25.08,-1.9
40.241,6.88,-4.34,25.13,-1.6,24.94,-1.63
40.255,7.72,-1.27,24.94,-1.63,24.77,-1.63
40.269,8.44,-0.95,24.77,-1.68,24.61,-1.67
40.283,8.85,-1.24,24.6,-1.68,24.45,-1.68
40.297,8.96,-1.64,24.44,-1.66,24.29,-1.66
40.311,8.02,-1.74,24.29,-1.66,24.13,-1.66
40.325,9.14,-1.26,24.12,-1.67,23.97,-1.66
40.34,9.08,-1.13,23.94,-1.66,23.8,-1.65
40.354,8.52,-1.55,23.78,-1.65,23.63,-1.65
40.368,8.59,-1.63,23.62,-1.65,23.47,-1.65
40.382,8.84,-1.79,23.45,-1.64,23.3,-1.64
40.397,8.92,-1.58,23.28,-1.64,23.14,-1.64
40.411,8.38,-1.45,23.13,-1.64,22.98,-1.64
40.425,8.86,-1.48,22.97,-1.64,22.83,-1.63
40.439,9.61,-1.52,22.79,-1.63,22.66,-1.63
40.454,9.04,-1.5,22.64,-1.63,22.5,-1.62
40.468,8.95,-1.53,22.51,-1.62,22.38,-1.62
40.482,8.7,-1.59,22.39,-1.62,22.25,-1.62
40.496,8.52,-1.52,22.26,-1.62,22.13,-1.62
40.51,8.55,-1.51,22.13,-1.62,21.99,-1.62
40.525,8.86,-1.56,21.98,-1.62,21.85,-1.62
40.539,8.94,-1.57,21.83,-1.62,21.7,-1.62
40.553,9.14,-1.49,21.69,-1.62,21.56,-1.62
40.568,9.01,-1.47,21.56,-1.62,21.43,-1.62
40.582,9.06,-1.57,21.44,-1.62,21.31,-1.62
40.597,9.17,-1.5,21.33,-1.62,21.21,-1.62
40.611,8.61,-1.54,21.23,-1.62,21.1,-1.62
40.625,8.73,-1.56,21.14,-1.62,21.01,-1.62
40.639,9.34,-1.51,21.04,-1.63,20.92,-1.62
40.653,8.11,-1.49,20.96,-1.63,20.84,-1.63
40.667,9.56,-1.18,20.87,-1.63,20.76,-1.63
40.682,7.4,-1.74,20.8,-1.63,20.66,-1.63
40.696,8.31,-1.71,20.69,-1.63,20.56,-1.63
40.71,8.72,-1.46,20.56,-1.63,20.44,-1.63
40.725,8.54,-1.48,20.44,-1.63,20.32,-1.63
40.739,8.8,-1.49,20.33,-1.63,20.21,-1.63
40.753,8.56,-1.52,20.21,-1.63,20.1,-1.63
40.767,8.49,-1.52,20.1,-1.63,19.98,-1.63
40.781,8.8,-1.41,19.99,-1.63,19.87,-1.62
40.796,8.73,-1.46,19.88,-1.63,19.76,-1.62
40.81,8.72,-1.5,19.77,-1.62,19.66,-1.62
40.825,8.76,-1.48,19.66,-1.62,19.55,-1.62
40.841,8.65,-1.48,19.55,-1.62,19.44,-1.62
40.855,8.66,-1.47,19.45,-1.62,19.34,-1.62
40.87,8.66,-1.47,19.34,-1.62,19.23,-1.62
40.884,8.68,-1.47,19.23,-1.62,19.13,-1.62
40.898,8.71,-1.52,19.13,-1.62,19.03,-1.61
40.912,8.67,-1.52,19.03,-1.61,18.93,-1.61
40.926,8.64,-1.52,18.93,-1.61,18.83,-1.61
40.94,8.77,-1.44,18.83,-1.61,18.73,-1.61
40.954,8.74,-1.43,18.73,-1.61,18.63,-1.61
40.969,8.59,-1.57,18.63,-1.61,18.53,-1.61
40.983,8.62,-1.55,18.53,-1.61,18.44,-1.61
40.997,8.67,-1.54,18.44,-1.61,18.34,-1.61
41.011,8.65,-1.57,18.34,-1.61,18.24,-1.61
41.026,8.7,-1.5,18.25,-1.61,18.15,-1.6
41.04,8.69,-1.5,18.15,-1.6,18.06,-1.6
41.054,8.66,-1.53,18.06,-1.6,17.97,-1.6
41.068,8.66,-1.44,17.97,-1.6,17.87,-1.6
41.083,8.73,-1.44,17.88,-1.6,17.78,-1.6
41.097,8.7,-1.45,17.79,-1.6,17.7,-1.6
41.111,8.71,-1.45,17.7,-1.6,17.61,-1.6
41.125,8.71,-1.54,17.61,-1.59,17.52,-1.59
41.139,8.69,-1.54,17.52,-1.59,17.43,-1.59
41.153,8.66,-1.52,17.44,-1.59,17.35,-1.59
41.167,8.66,-1.49,17.35,-1.59,17.26,-1.59
41.182,8.67,-1.49,17.27,-1.59,17.18,-1.59
41.195,8.69,-1.52,17.18,-1.59,17.1,-1.59
41.209,8.68,-1.5,17.1,-1.59,17.02,-1.59
41.224,8.6,-1.5,17.02,-1.58,16.93,-1.58
41.238,8.61,-1.51,16.94,-1.58,16.85,-1.58
41.252,8.64,-1.55,16.85,-1.58,16.77,-1.58
41.267,8.65,-1.48,16.77,-1.58,16.69,-1.58
41.281,8.63,-1.43,16.69,-1.58,16.61,-1.58
41.295,8.61,-1.54,16.62,-1.58,16.54,-1.58
41.309,8.62,-1.54,16.54,-1.58,16.46,-1.58
41.323,8.66,-1.52,16.46,-1.58,16.38,-1.58
41.337,8.68,-1.52,16.39,-1.58,16.31,-1.58
41.352,8.66,-1.48,16.31,-1.58,16.23,-1.58
41.366,8.65,-1.5,16.24,-1.58,16.16,-1.58
41.38,8.68,-1.54,16.16,-1.58,16.09,-1.58
41.394,8.68,-1.5,16.09,-1.57,16.02,-1.57
41.409,8.65,-1.5,16.02,-1.57,15.94,-1.57
41.423,8.61,-1.53,15.95,-1.57,15.87,-1.57
41.437,8.65,-1.48,15.88,-1.57,15.8,-1.57
41.451,8.69,-1.5,15.81,-1.57,15.74,-1.57
41.466,8.65,-1.54,15.74,-1.57,15.67,-1.57
41.48,8.66,-1.58,15.67,-1.57,15.6,-1.57
41.494,8.64,-1.56,15.6,-1.57,15.53,-1.57
41.508,8.6,-1.53,15.53,-1.57,15.47,-1.57
41.523,8.68,-1.51,15.47,-1.57,15.4,-1.57
41.537,8.73,-1.48,15.4,-1.57,15.34,-1.57
41.551,8.7,-1.48,15.34,-1.57,15.27,-1.57
41.565,8.64,-1.48,15.27,-1.57,15.21,-1.57
41.58,8.6,-1.46,15.21,-1.57,15.14,-1.57
41.594,8.65,-1.38,15.14,-1.57,15.08,-1.57
41.608,8.72,-1.36,15.08,-1.57,15.02,-1.56
41.622,8.72,-1.51,15.02,-1.56,14.96,-1.56
41.636,8.69,-1.57,14.96,-1.56,14.9,-1.56
41.651,8.67,-1.52,14.9,-1.56,14.84,-1.56
41.665,8.64,-1.53,14.84,-1.56,14.78,-1.56
41.679,8.6,-1.5,14.78,-1.56,14.72,-1.56
41.694,8.61,-1.49,14.72,-1.56,14.66,-1.56
41.708,8.66,-1.56,14.66,-1.56,14.6,-1.56
41.722,8.69,-1.59,14.6,-1.56,14.54,-1.56
41.736,8.7,-1.59,14.55,-1.56,14.49,-1.56
41.751,8.65,-1.51,14.49,-1.56,14.43,-1.56
41.765,8.6,-1.45,14.43,-1.56,14.37,-1.56
41.779,8.64,-1.41,14.37,-1.56,14.32,-1.56
41.793,8.67,-1.42,14.32,-1.56,14.26,-1.56
41.807,8.71,-1.54,14.27,-1.56,14.21,-1.56
41.821,8.7,-1.54,14.21,-1.56,14.16,-1.56
41.836,8.69,-1.53,14.16,-1.56,14.1,-1.56
41.85,8.71,-1.43,14.11,-1.56,14.05,-1.56
41.864,8.71,-1.41,14.06,-1.56,14.0,-1.55
41.878,8.69,-1.53,14.0,-1.55,13.95,-1.55
41.892,8.75,-1.56,13.95,-1.55,13.9,-1.55
41.907,8.69,-1.52,13.9,-1.55,13.85,-1.55
41.922,8.66,-1.51,13.85,-1.55,13.8,-1.55
41.936,8.69,-1.49,13.8,-1.55,13.75,-1.55
41.95,8.68,-1.45,13.75,-1.55,13.7,-1.55
41.964,8.66,-1.43,13.7,-1.55,13.65,-1.55
41.978,8.67,-1.55,13.66,-1.55,13.61,-1.55
41.993,8.69,-1.53,13.61,-1.55,13.56,-1.55
42.007,8.66,-1.53,13.56,-1.55,13.51,-1.55
42.022,8.67,-1.54,13.51,-1.55,13.46,-1.55
42.035,8.69,-1.45,13.47,-1.55,13.42,-1.54
42.05,8.68,-1.46,13.42,-1.54,13.37,-1.54
42.064,8.72,-1.47,13.37,-1.54,13.33,-1.54
42.078,8.72,-1.48,13.33,-1.54,13.28,-1.54
42.093,8.7,-1.54,13.29,-1.54,13.24,-1.54
42.107,8.68,-1.5,13.25,-1.54,13.2,-1.54
42.121,8.64,-1.44,13.2,-1.54,13.16,-1.54
42.135,8.64,-1.38,13.16,-1.54,13.11,-1.54
42.15,8.71,-1.45,13.11,-1.54,13.07,-1.54
42.164,8.63,-1.57,13.07,-1.54,13.03,-1.54
42.178,8.57,-1.58,13.03,-1.54,12.98,-1.54
42.192,8.7,-1.52,12.99,-1.54,12.94,-1.54
42.206,8.75,-1.51,12.94,-1.54,12.9,-1.54
42.22,8.73,-1.5,12.9,-1.54,12.86,-1.54
42.235,8.7,-1.53,12.87,-1.54,12.82,-1.54
42.249,8.69,-1.54,12.83,-1.54,12.78,-1.54
42.263,8.77,-1.53,12.79,-1.53,12.75,-1.53
42.277,8.7,-1.53,12.75,-1.53,12.71,-1.53
42.292,8.62,-1.38,12.71,-1.53,12.67,-1.53
42.306,8.62,-1.37,12.67,-1.53,12.63,-1.53
42.32,8.57,-1.43,12.63,-1.53,12.59,-1.53
42.334,8.71,-1.57,12.59,-1.53,12.55,-1.53
42.349,8.73,-1.54,12.56,-1.53,12.52,-1.53
42.363,8.59,-1.53,12.52,-1.53,12.48,-1.53
42.377,8.57,-1.52,12.48,-1.53,12.44,-1.53
42.391,8.68,-1.48,12.45,-1.53,12.41,-1.53
42.406,8.68,-1.45,12.41,-1.53,12.37,-1.53
42.42,8.73,-1.46,12.37,-1.53,12.34,-1.53
42.434,8.73,-1.5,12.34,-1.53,12.3,-1.53
42.448,8.69,-1.55,12.31,-1.53,12.27,-1.53
42.463,8.62,-1.46,12.27,-1.53,12.23,-1.53
42.477,8.59,-1.44,12.23,-1.53,12.2,-1.53
42.491,8.68,-1.54,12.2,-1.53,12.16,-1.53
42.506,8.73,-1.55,12.16,-1.52,12.13,-1.53
42.521,8.73,-1.5,12.13,-1.52,12.1,-1.52
42.535,8.69,-1.48,12.1,-1.52,12.07,-1.52
42.549,8.67,-1.53,12.07,-1.52,12.03,-1.52
42.564,8.67,-1.51,12.03,-1.52,12.0,-1.52
42.578,8.65,-1.47,12.0,-1.52,11.97,-1.52
42.592,8.68,-1.48,11.97,-1.52,11.94,-1.52
42.606,8.69,-1.54,11.94,-1.52,11.91,-1.52
42.621,8.75,-1.55,11.91,-1.52,11.88,-1.52
42.635,8.72,-1.49,11.88,-1.52,11.85,-1.52
42.649,8.62,-1.46,11.85,-1.52,11.82,-1.52
42.663,8.66,-1.46,11.82,-1.52,11.79,-1.52
42.678,8.69,-1.55,11.79,-1.52,11.76,-1.52
42.692,8.66,-1.52,11.77,-1.52,11.74,-1.52
42.706,8.64,-1.48,11.74,-1.52,11.71,-1.52
42.72,8.7,-1.48,11.71,-1.52,11.68,-1.52
42.735,8.73,-1.5,11.68,-1.52,11.65,-1.52
42.749,8.69,-1.53,11.65,-1.52,11.62,-1.52
42.764,8.66,-1.54,11.63,-1.52,11.6,-1.52
42.778,8.72,-1.49,11.6,-1.52,11.57,-1.52
42.792,8.75,-1.5,11.57,-1.52,11.54,-1.52
42.806,8.61,-1.53,11.54,-1.51,11.52,-1.51
42.821,8.62,-1.51,11.52,-1.52,11.49,-1.52
42.835,8.68,-1.48,11.49,-1.52,11.46,-1.52
42.849,8.68,-1.5,11.47,-1.52,11.44,-1.52
42.863,8.67,-1.54,11.44,-1.52,11.41,-1.52
42.877,8.6,-1.52,11.41,-1.52,11.39,-1.52
42.892,8.61,-1.48,11.39,-1.52,11.36,-1.52
42.906,8.65,-1.48,11.36,-1.52,11.33,-1.52
42.92,8.63,-1.48,11.33,-1.52,11.31,-1.51
42.935,8.63,-1.52,11.31,-1.51,11.28,-1.51
42.949,8.66,-1.48,11.29,-1.51,11.26,-1.51
42.964,8.66,-1.51,11.26,-1.51,11.24,-1.51
42.978,8.63,-1.52,11.24,-1.51,11.21,-1.51
42.992,8.62,-1.49,11.22,-1.51,11.19,-1.51
43.006,8.66,-1.49,11.19,-1.51,11.17,-1.51
43.022,8.64,-1.48,11.17,-1.51,11.14,-1.51
43.036,8.64,-1.47,11.15,-1.51,11.12,-1.51
43.05,8.65,-1.47,11.12,-1.51,11.1,-1.51
43.065,8.65,-1.48,11.1,-1.51,11.08,-1.51
43.079,8.64,-1.5,11.08,-1.51,11.05,-1.51
43.093,8.64,-1.47,11.05,-1.51,11.03,-1.51
43.107,8.64,-1.45,11.03,-1.51,11.01,-1.51
43.122,8.67,-1.47,11.01,-1.51,10.99,-1.51
43.136,8.73,-1.51,10.99,-1.51,10.96,-1.51
43.15,8.72,-1.46,10.97,-1.51,10.94,-1.51
43.165,8.7,-1.49,10.95,-1.51,10.92,-1.51
43.179,8.73,-1.51,10.93,-1.51,10.9,-1.51
43.193,8.64,-1.52,10.91,-1.51,10.88,-1.51
43.207,8.61,-1.52,10.88,-1.51,10.86,-1.51
43.222,8.64,-1.48,10.86,-1.51,10.84,-1.51
43.236,8.68,-1.49,10.84,-1.51,10.82,-1.51
43.25,8.68,-1.49,10.82,-1.51,10.8,-1.51
43.264,8.64,-1.48,10.8,-1.51,10.78,-1.51
43.278,8.68,-1.5,10.78,-1.51,10.76,-1.51
43.293,8.68,-1.5,10.76,-1.51,10.74,-1.51
43.307,8.72,-1.46,10.74,-1.51,10.72,-1.51
43.321,8.67,-1.52,10.72,-1.51,10.7,-1.51
43.335,8.65,-1.52,10.71,-1.51,10.69,-1.51
43.349,8.68,-1.56,10.69,-1.51,10.67,-1.51
43.364,8.68,-1.57,10.67,-1.51,10.65,-1.51
43.378,8.65,-1.54,10.65,-1.51,10.63,-1.51
43.392,8.65,-1.43,10.64,-1.51,10.62,-1.51
43.406,8.7,-1.39,10.62,-1.51,10.6,-1.51
43.42,8.71,-1.49,10.6,-1.51,10.58,-1.51
43.435,8.68,-1.5,10.58,-1.51,10.57,-1.51
43.449,8.63,-1.52,10.57,-1.51,10.55,-1.51
43.463,8.62,-1.54,10.55,-1.51,10.53,-1.51
43.478,8.68,-1.43,10.53,-1.51,10.51,-1.51
43.492,8.72,-1.41,10.52,-1.51,10.5,-1.51
43.506,8.74,-1.41,10.5,-1.51,10.48,-1.51
43.52,8.69,-1.5,10.49,-1.51,10.47,-1.51
43.535,8.66,-1.46,10.47,-1.51,10.45,-1.51
43.549,8.68,-1.46,10.46,-1.51,10.44,-1.5
43.563,8.7,-1.49,10.44,-1.51,10.42,-1.51
43.577,8.72,-1.53,10.42,-1.51,10.41,-1.51
43.592,8.72,-1.52,10.41,-1.51,10.39,-1.51
43.606,8.71,-1.51,10.39,-1.51,10.38,-1.51
43.62,8.67,-1.48,10.38,-1.51,10.36,-1.51
43.634,8.66,-1.48,10.36,-1.51,10.35,-1.51
43.648,8.75,-1.49,10.35,-1.51,10.33,-1.51
43.662,8.74,-1.46,10.33,-1.51,10.32,-1.5
43.676,8.65,-1.46,10.32,-1.5,10.3,-1.5
43.691,8.65,-1.5,10.31,-1.5,10.29,-1.5
43.705,8.67,-1.52,10.29,-1.5,10.27,-1.5
43.719,8.66,-1.55,10.28,-1.5,10.26,-1.5
43.733,8.68,-1.52,10.26,-1.5,10.25,-1.5
43.748,8.72,-1.48,10.25,-1.5,10.23,-1.5
43.762,8.69,-1.48,10.24,-1.5,10.22,-1.5
43.776,8.65,-1.52,10.22,-1.5,10.21,-1.5
43.79,8.62,-1.55,10.21,-1.5,10.19,-1.5
43.804,8.67,-1.52,10.2,-1.5,10.18,-1.5
43.818,8.69,-1.5,10.18,-1.5,10.17,-1.5
43.833,8.67,-1.5,10.17,-1.5,10.16,-1.5
43.847,8.69,-1.54,10.16,-1.5,10.14,-1.5
43.861,8.67,-1.55,10.14,-1.5,10.13,-1.5
43.876,8.65,-1.51,10.13,-1.5,10.12,-1.5
43.89,8.67,-1.48,10.12,-1.5,10.1,-1.5
43.904,8.76,-1.55,10.11,-1.5,10.09,-1.5
43.919,8.73,-1.55,10.1,-1.5,10.08,-1.5
43.933,8.68,-1.53,10.08,-1.5,10.07,-1.5
43.947,8.67,-1.45,10.07,-1.5,10.06,-1.5
43.961,8.66,-1.49,10.06,-1.5,10.04,-1.5
43.975,8.65,-1.47,10.05,-1.5,10.03,-1.5
43.989,8.66,-1.46,10.04,-1.5,10.02,-1.5
44.003,8.6,-1.45,10.02,-1.5,10.01,-1.5
44.018,8.65,-1.47,10.01,-1.5,10.0,-1.5
44.032,8.72,-1.54,10.0,-1.5,9.99,-1.5
44.046,8.67,-1.53,9.99,-1.5,9.98,-1.5
44.06,8.66,-1.52,9.98,-1.5,9.96,-1.5
44.075,8.69,-1.48,9.97,-1.5,9.95,-1.5
44.089,8.64,-1.46,9.96,-1.5,9.94,-1.5
44.103,8.65,-1.51,9.94,-1.5,9.93,-1.5
44.117,8.67,-1.52,9.93,-1.5,9.92,-1.5
44.132,8.67,-1.56,9.92,-1.5,9.91,-1.5
44.146,8.65,-1.56,9.91,-1.5,9.9,-1.5
44.16,8.65,-1.54,9.9,-1.5,9.89,-1.5
44.174,8.66,-1.44,9.89,-1.5,9.88,-1.5
44.188,8.72,-1.46,9.88,-1.5,9.87,-1.5
44.203,8.71,-1.53,9.87,-1.5,9.86,-1.5
44.217,8.68,-1.54,9.86,-1.5,9.85,-1.5
44.231,8.73,-1.52,9.85,-1.5,9.84,-1.5
44.245,8.73,-1.54,9.84,-1.5,9.83,-1.5
44.26,8.72,-1.46,9.83,-1.5,9.82,-1.5
44.274,8.69,-1.48,9.82,-1.5,9.81,-1.5
44.288,8.65,-1.53,9.81,-1.5,9.8,-1.5
44.302,8.72,-1.57,9.8,-1.5,9.79,-1.5
44.317,8.74,-1.57,9.79,-1.5,9.78,-1.5
44.331,8.67,-1.48,9.79,-1.5,9.77,-1.5
44.345,8.63,-1.5,9.77,-1.5,9.76,-1.5
44.359,8.72,-1.53,9.76,-1.5,9.75,-1.5
44.374,8.76,-1.49,9.76,-1.5,9.75,-1.5
44.388,8.67,-1.48,9.75,-1.5,9.74,-1.5
44.403,8.63,-1.48,9.74,-1.5,9.73,-1.5
44.417,8.65,-1.5,9.73,-1.5,9.72,-1.5
44.431,8.66,-1.46,9.72,-1.5,9.71,-1.5
44.445,8.69,-1.44,9.71,-1.5,9.7,-1.5
44.459,8.76,-1.47,9.7,-1.5,9.69,-1.5
44.474,8.72,-1.44,9.69,-1.5,9.68,-1.5
44.488,8.65,-1.5,9.69,-1.5,9.68,-1.5
44.502,8.69,-1.54,9.68,-1.5,9.67,-1.5
44.517,8.69,-1.43,9.67,-1.5,9.66,-1.5
44.531,8.69,-1.41,9.66,-1.5,9.65,-1.5
44.545,8.7,-1.43,9.65,-1.5,9.64,-1.5
44.559,8.72,-1.51,9.65,-1.5,9.64,-1.5
44.574,8.71,-1.53,9.64,-1.5,9.63,-1.5
44.588,8.68,-1.52,9.63,-1.5,9.62,-1.5
44.602,8.68,-1.5,9.62,-1.5,9.61,-1.5
44.616,8.65,-1.52,9.62,-1.5,9.61,-1.5
44.631,8.65,-1.54,9.61,-1.5,9.6,-1.5
44.645,8.66,-1.48,9.6,-1.5,9.59,-1.5
44.659,8.68,-1.49,9.59,-1.5,9.58,-1.5
44.673,8.67,-1.48,9.59,-1.5,9.58,-1.5
44.687,8.67,-1.46,9.58,-1.5,9.57,-1.5
44.701,8.64,-1.43,9.57,-1.5,9.56,-1.49
44.716,8.67,-1.56,9.57,-1.5,9.56,-1.5
44.73,8.67,-1.56,9.56,-1.5,9.55,-1.5
44.744,8.62,-1.53,9.55,-1.5,9.54,-1.5
44.758,8.64,-1.54,9.54,-1.5,9.54,-1.5
44.772,8.69,-1.52,9.54,-1.5,9.53,-1.5
44.787,8.73,-1.48,9.53,-1.5,9.52,-1.5
44.801,8.67,-1.44,9.52,-1.5,9.52,-1.5
44.815,8.64,-1.48,9.52,-1.5,9.51,-1.5
44.83,8.67,-1.55,9.51,-1.5,9.5,-1.5
44.844,8.64,-1.49,9.5,-1.5,9.5,-1.5
44.858,8.68,-1.4,9.5,-1.5,9.49,-1.5
44.872,8.66,-1.43,9.49,-1.5,9.48,-1.5
44.886,8.66,-1.48,9.49,-1.5,9.48,-1.5
44.901,8.68,-1.48,9.48,-1.5,9.47,-1.5
44.915,8.66,-1.48,9.47,-1.5,9.46,-1.5
44.929,8.61,-1.51,9.47,-1.5,9.46,-1.5
44.943,8.71,-1.49,9.46,-1.5,9.45,-1.5
44.958,8.72,-1.49,9.45,-1.5,9.45,-1.5
44.972,8.66,-1.52,9.45,-1.5,9.44,-1.5
44.986,8.66,-1.54,9.44,-1.5,9.44,-1.5
45.0,8.69,-1.54,9.44,-1.5,9.43,-1.5
45.014,8.69,-1.53,9.43,-1.5,9.43,-1.5
45.029,8.67,-1.49,9.43,-1.5,9.42,-1.5
45.043,8.68,-1.5,9.42,-1.5,9.42,-1.5
45.057,8.67,-1.55,9.42,-1.5,9.41,-1.5
45.071,8.59,-1.57,9.41,-1.5,9.4,-1.5
45.085,8.64,-1.54,9.4,-1.5,9.4,-1.5
45.1,8.68,-1.46,9.4,-1.5,9.39,-1.5
45.114,8.67,-1.46,9.39,-1.5,9.39,-1.5
45.128,8.66,-1.48,9.39,-1.5,9.38,-1.5
45.142,8.66,-1.45,9.38,-1.5,9.37,-1.5
45.157,8.66,-1.47,9.38,-1.5,9.37,-1.5
45.171,8.64,-1.54,9.37,-1.5,9.36,-1.5
45.185,8.63,-1.58,9.36,-1.5,9.36,-1.5
45.199,8.68,-1.45,9.36,-1.5,9.35,-1.5
45.213,8.68,-1.43,9.35,-1.5,9.35,-1.5
45.228,8.67,-1.47,9.35,-1.5,9.34,-1.5
45.242,8.64,-1.55,9.34,-1.5,9.34,-1.5
45.256,8.66,-1.55,9.34,-1.5,9.33,-1.5
45.27,8.68,-1.48,9.33,-1.5,9.32,-1.5
45.284,8.66,-1.41,9.33,-1.5,9.32,-1.5
45.298,8.73,-1.48,9.32,-1.5,9.32,-1.5
45.312,8.69,-1.51,9.32,-1.5,9.31,-1.5
45.326,8.66,-1.52,9.31,-1.5,9.31,-1.5
45.341,8.63,-1.57,9.31,-1.5,9.3,-1.5
45.355,8.66,-1.59,9.3,-1.5,9.3,-1.5
45.369,8.74,-1.47,9.3,-1.5,9.29,-1.5
45.383,8.71,-1.41,9.3,-1.5,9.29,-1.5
45.397,8.61,-1.55,9.29,-1.5,9.28,-1.5
45.411,8.67,-1.57,9.29,-1.5,9.28,-1.5
45.426,8.68,-1.54,9.28,-1.5,9.28,-1.5
45.44,8.69,-1.55,9.28,-1.5,9.27,-1.5
45.454,8.7,-1.53,9.28,-1.5,9.27,-1.5
45.469,8.65,-1.44,9.27,-1.5,9.27,-1.5
45.483,8.64,-1.46,9.27,-1.5,9.26,-1.5
45.497,8.63,-1.57,9.26,-1.5,9.26,-1.5
45.512,8.64,-1.56,9.26,-1.5,9.25,-1.5
45.526,8.7,-1.43,9.25,-1.5,9.25,-1.5
45.54,8.7,-1.44,9.25,-1.5,9.25,-1.5
45.555,8.63,-1.43,9.25,-1.5,9.24,-1.5
45.569,8.59,-1.48,9.24,-1.5,9.24,-1.5
45.583,8.63,-1.53,9.24,-1.5,9.23,-1.5
45.597,8.65,-1.56,9.23,-1.5,9.23,-1.5
45.612,8.66,-1.55,9.23,-1.5,9.22,-1.5
45.626,8.68,-1.48,9.23,-1.5,9.22,-1.5
45.64,8.69,-1.49,9.22,-1.5,9.22,-1.5
45.654,8.63,-1.49,9.22,-1.5,9.21,-1.5
45.668,8.65,-1.54,9.22,-1.5,9.21,-1.5
45.683,8.69,-1.59,9.21,-1.5,9.21,-1.5
45.697,8.7,-1.53,9.21,-1.51,9.2,-1.51
45.711,8.67,-1.49,9.21,-1.51,9.2,-1.51
45.725,8.65,-1.49,9.2,-1.51,9.2,-1.51
45.739,8.6,-1.46,9.2,-1.51,9.19,-1.5
45.754,8.62,-1.52,9.19,-1.5,9.19,-1.5
45.768,8.62,-1.56,9.19,-1.5,9.19,-1.5
45.782,8.66,-1.52,9.19,-1.5,9.18,-1.5
45.797,8.7,-1.47,9.18,-1.5,9.18,-1.5
45.811,8.71,-1.43,9.18,-1.5,9.18,-1.5
45.825,8.64,-1.52,9.18,-1.5,9.17,-1.5
45.839,8.64,-1.52,9.17,-1.5,9.17,-1.5
45.854,8.64,-1.51,9.17,-1.5,9.17,-1.5
45.868,8.68,-1.49,9.17,-1.5,9.16,-1.5
45.882,8.69,-1.41,9.16,-1.51,9.16,-1.5
45.897,8.68,-1.41,9.16,-1.5,9.16,-1.5
45.911,8.67,-1.5,9.16,-1.5,9.15,-1.5
45.925,8.67,-1.52,9.15,-1.5,9.15,-1.5
45.939,8.69,-1.5,9.15,-1.5,9.15,-1.5
45.953,8.68,-1.45,9.15,-1.5,9.14,-1.5
45.968,8.65,-1.49,9.14,-1.5,9.14,-1.5
45.982,8.62,-1.47,9.14,-1.5,9.14,-1.5
45.996,8.69,-1.46,9.14,-1.5,9.13,-1.5
46.011,8.69,-1.53,9.14,-1.5,9.13,-1.5
46.025,8.68,-1.52,9.13,-1.5,9.13,-1.5
46.039,8.69,-1.49,9.13,-1.5,9.12,-1.5
46.053,8.7,-1.46,9.13,-1.5,9.12,-1.5
46.067,8.7,-1.47,9.13,-1.5,9.12,-1.5
46.081,8.73,-1.51,9.12,-1.5,9.12,-1.5
46.095,8.7,-1.5,9.12,-1.5,9.12,-1.5
46.11,8.64,-1.47,9.12,-1.5,9.11,-1.5
46.124,8.64,-1.46,9.12,-1.51,9.11,-1.5
46.138,8.61,-1.52,9.11,-1.51,9.11,-1.51
46.153,8.64,-1.52,9.11,-1.51,9.11,-1.51
46.167,8.65,-1.5,9.11,-1.51,9.1,-1.51
46.181,8.62,-1.52,9.1,-1.51,9.1,-1.51
46.196,8.59,-1.53,9.1,-1.51,9.1,-1.51
46.211,8.69,-1.49,9.1,-1.51,9.1,-1.51
46.225,8.69,-1.49,9.1,-1.51,9.09,-1.51
46.239,8.68,-1.51,9.09,-1.51,9.09,-1.51
46.253,8.69,-1.52,9.09,-1.5,9.09,-1.51
46.268,8.71,-1.51,9.09,-1.5,9.09,-1.5
46.282,8.71,-1.51,9.09,-1.5,9.08,-1.5
46.296,8.73,-1.52,9.09,-1.5,9.08,-1.5
46.31,8.72,-1.47,9.08,-1.5,9.08,-1.5
46.324,8.66,-1.46,9.08,-1.5,9.08,-1.5
46.339,8.68,-1.48,9.08,-1.5,9.07,-1.5
46.353,8.67,-1.49,9.08,-1.5,9.07,-1.5
46.367,8.63,-1.5,9.07,-1.5,9.07,-1.5
46.381,8.67,-1.5,9.07,-1.5,9.07,-1.5
46.395,8.7,-1.42,9.07,-1.5,9.07,-1.5
46.409,8.63,-1.4,9.07,-1.5,9.06,-1.5
46.423,8.6,-1.43,9.07,-1.5,9.06,-1.5
46.438,8.61,-1.51,9.07,-1.5,9.06,-1.5
46.452,8.65,-1.5,9.06,-1.5,9.06,-1.5
46.466,8.68,-1.46,9.06,-1.5,9.06,-1.5
46.481,8.69,-1.46,9.06,-1.5,9.06,-1.5
46.495,8.66,-1.5,9.06,-1.5,9.05,-1.5
46.509,8.68,-1.49,9.05,-1.5,9.05,-1.5
46.523,8.63,-1.5,9.05,-1.5,9.05,-1.5
46.537,8.62,-1.48,9.05,-1.5,9.05,-1.5
46.552,8.68,-1.46,9.05,-1.5,9.04,-1.5
46.566,8.77,-1.46,9.05,-1.5,9.04,-1.5
46.58,8.7,-1.48,9.04,-1.5,9.04,-1.5
46.594,8.64,-1.55,9.04,-1.5,9.04,-1.5
46.609,8.64,-1.55,9.04,-1.5,9.04,-1.5
46.623,8.65,-1.48,9.04,-1.5,9.03,-1.5
46.637,8.68,-1.46,9.04,-1.5,9.03,-1.5
46.651,8.69,-1.48,9.04,-1.5,9.03,-1.5
46.665,8.73,-1.49,9.04,-1.5,9.03,-1.5
46.68,8.73,-1.47,9.04,-1.5,9.03,-1.5
46.694,8.64,-1.46,9.04,-1.49,9.03,-1.49
46.708,8.57,-1.51,9.03,-1.49,9.03,-1.49
46.722,8.61,-1.53,9.03,-1.49,9.03,-1.49
46.736,8.66,-1.53,9.03,-1.49,9.02,-1.5
46.752,8.71,-1.46,9.03,-1.5,9.02,-1.49
46.766,8.69,-1.46,9.03,-1.49,9.02,-1.49
46.781,8.67,-1.5,9.02,-1.49,9.02,-1.49
46.795,8.66,-1.54,9.02,-1.49,9.02,-1.49
46.809,8.65,-1.52,9.02,-1.49,9.02,-1.49
46.823,8.63,-1.49,9.02,-1.49,9.01,-1.49
46.838,8.58,-1.5,9.02,-1.49,9.01,-1.49
46.852,8.69,-1.47,9.01,-1.49,9.01,-1.49
46.866,8.73,-1.47,9.01,-1.49,9.01,-1.49
46.88,8.66,-1.48,9.01,-1.49,9.01,-1.49
46.895,8.67,-1.44,9.01,-1.49,9.01,-1.49
46.909,8.66,-1.45,9.01,-1.49,9.0,-1.49
46.923,8.7,-1.5,9.01,-1.49,9.0,-1.49
46.937,8.65,-1.5,9.01,-1.49,9.0,-1.49
46.951,8.62,-1.48,9.01,-1.49,9.0,-1.49
46.966,8.69,-1.48,9.0,-1.49,9.0,-1.49
46.98,8.67,-1.46,9.0,-1.5,9.0,-1.49
46.994,8.65,-1.44,9.0,-1.5,9.0,-1.5
47.009,8.7,-1.48,9.0,-1.5,9.0,-1.5
47.023,8.71,-1.5,9.0,-1.5,9.0,-1.5
47.037,8.69,-1.48,9.0,-1.5,9.0,-1.5
47.051,8.66,-1.5,9.0,-1.5,9.0,-1.5
47.065,8.68,-1.5,9.0,-1.5,8.99,-1.5
47.08,8.67,-1.46,8.99,-1.5,8.99,-1.49
47.094,8.69,-1.47,8.99,-1.49,8.99,-1.49
47.108,8.69,-1.52,8.99,-1.49,8.99,-1.49
47.122,8.67,-1.55,8.99,-1.49,8.99,-1.5
47.136,8.64,-1.54,8.99,-1.5,8.99,-1.5
47.151,8.65,-1.51,8.99,-1.5,8.99,-1.5
47.165,8.65,-1.5,8.99,-1.5,8.98,-1.5
47.179,8.69,-1.5,8.99,-1.5,8.98,-1.5
47.193,8.71,-1.51,8.99,-1.49,8.98,-1.49
47.207,8.63,-1.57,8.98,-1.49,8.98,-1.49
47.221,8.67,-1.57,8.98,-1.49,8.98,-1.5
47.235,8.72,-1.49,8.98,-1.5,8.98,-1.5
47.25,8.75,-1.47,8.98,-1.49,8.98,-1.49
47.264,8.75,-1.45,8.98,-1.49,8.98,-1.49
47.278,8.7,-1.48,8.98,-1.49,8.98,-1.49
47.293,8.68,-1.48,8.98,-1.49,8.98,-1.49
47.307,8.69,-1.53,8.98,-1.49,8.98,-1.49
47.321,8.66,-1.5,8.98,-1.49,8.97,-1.49
47.335,8.6,-1.4,8.98,-1.49,8.97,-1.49
47.35,8.62,-1.39,8.98,-1.49,8.97,-1.49
47.364,8.65,-1.43,8.97,-1.49,8.97,-1.49
47.378,8.67,-1.52,8.97,-1.49,8.97,-1.49
47.393,8.62,-1.52,8.97,-1.49,8.97,-1.49
47.407,8.64,-1.43,8.97,-1.49,8.97,-1.49
47.421,8.66,-1.42,8.97,-1.49,8.97,-1.49
47.435,8.66,-1.43,8.97,-1.49,8.97,-1.49
47.449,8.67,-1.49,8.97,-1.49,8.97,-1.49
47.464,8.72,-1.55,8.97,-1.49,8.97,-1.49
47.478,8.73,-1.53,8.97,-1.49,8.97,-1.49
47.492,8.73,-1.49,8.97,-1.49,8.97,-1.49
47.507,8.69,-1.52,8.97,-1.49,8.96,-1.49
47.521,8.68,-1.53,8.97,-1.49,8.96,-1.49
47.535,8.63,-1.52,8.96,-1.49,8.96,-1.49
47.549,8.63,-1.54,8.96,-1.49,8.96,-1.49
47.563,8.65,-1.54,8.96,-1.49,8.96,-1.49
47.578,8.68,-1.5,8.96,-1.49,8.96,-1.49
47.592,8.67,-1.45,8.96,-1.49,8.96,-1.49
47.606,8.63,-1.45,8.96,-1.49,8.95,-1.49
47.62,8.62,-1.49,8.96,-1.49,8.95,-1.49
47.634,8.66,-1.53,8.96,-1.49,8.95,-1.49
47.649,8.7,-1.53,8.95,-1.49,8.95,-1.49
47.663,8.66,-1.45,8.95,-1.49,8.95,-1.49
47.678,8.66,-1.46,8.95,-1.49,8.95,-1.49
47.691,8.69,-1.45,8.95,-1.49,8.95,-1.49
47.706,8.64,-1.46,8.95,-1.49,8.95,-1.49
47.72,8.67,-1.53,8.95,-1.49,8.95,-1.49
47.734,8.73,-1.52,8.95,-1.49,8.95,-1.49
47.749,8.73,-1.5,8.95,-1.49,8.95,-1.49
47.763,8.67,-1.48,8.95,-1.49,8.95,-1.49
47.777,8.69,-1.47,8.95,-1.49,8.95,-1.49
47.792,8.63,-1.47,8.95,-1.49,8.95,-1.49
47.806,8.64,-1.46,8.95,-1.49,8.94,-1.49
47.82,8.65,-1.51,8.94,-1.49,8.94,-1.49
47.835,8.67,-1.53,8.94,-1.49,8.94,-1.49
47.849,8.68,-1.49,8.94,-1.49,8.94,-1.49
47.863,8.67,-1.48,8.94,-1.49,8.94,-1.49
47.877,8.66,-1.5,8.94,-1.48,8.94,-1.49
47.891,8.7,-1.47,8.94,-1.48,8.94,-1.48
47.905,8.68,-1.5,8.94,-1.48,8.94,-1.48
47.92,8.66,-1.5,8.94,-1.48,8.94,-1.48
47.934,8.71,-1.49,8.94,-1.48,8.94,-1.48
47.949,8.67,-1.51,8.94,-1.48,8.94,-1.48
47.964,8.67,-1.52,8.94,-1.48,8.94,-1.48
47.978,8.64,-1.52,8.94,-1.48,8.94,-1.48
47.992,8.66,-1.55,8.94,-1.48,8.94,-1.48
48.006,8.66,-1.56,8.94,-1.48,8.93,-1.48
48.021,8.67,-1.51,8.94,-1.48,8.93,-1.48
48.035,8.69,-1.52,8.94,-1.48,8.93,-1.48
48.05,8.62,-1.49,8.94,-1.48,8.93,-1.48
48.063,8.6,-1.49,8.93,-1.48,8.93,-1.48
48.077,8.66,-1.53,8.93,-1.48,8.93,-1.48
48.092,8.71,-1.54,8.93,-1.48,8.93,-1.48
48.106,8.67,-1.48,8.93,-1.48,8.93,-1.48
48.12,8.61,-1.48,8.93,-1.48,8.93,-1.48
48.135,8.56,-1.52,8.93,-1.48,8.93,-1.48
48.149,8.64,-1.52,8.93,-1.49,8.92,-1.49
48.163,8.69,-1.48,8.93,-1.49,8.92,-1.49
48.177,8.68,-1.48,8.93,-1.49,8.92,-1.49
48.191,8.7,-1.5,8.93,-1.49,8.92,-1.49
48.206,8.73,-1.53,8.92,-1.49,8.92,-1.49
48.22,8.69,-1.56,8.92,-1.49,8.92,-1.49
48.234,8.69,-1.5,8.92,-1.49,8.92,-1.49
48.249,8.68,-1.5,8.92,-1.49,8.92,-1.49
48.263,8.66,-1.51,8.92,-1.48,8.92,-1.49
48.277,8.67,-1.5,8.92,-1.48,8.92,-1.48
48.291,8.66,-1.5,8.92,-1.48,8.92,-1.48
48.305,8.61,-1.53,8.92,-1.48,8.92,-1.49
48.32,8.59,-1.53,8.92,-1.48,8.92,-1.48
48.334,8.72,-1.48,8.92,-1.48,8.92,-1.48
48.348,8.73,-1.49,8.92,-1.48,8.92,-1.48
48.362,8.7,-1.52,8.92,-1.48,8.92,-1.48
48.377,8.63,-1.55,8.92,-1.48,8.92,-1.48
48.391,8.66,-1.55,8.92,-1.48,8.92,-1.48
48.405,8.64,-1.51,8.92,-1.48,8.91,-1.48
48.419,8.69,-1.46,8.92,-1.48,8.91,-1.48
48.434,8.71,-1.47,8.92,-1.48,8.92,-1.48
48.448,8.68,-1.5,8.92,-1.48,8.92,-1.48
48.462,8.73,-1.51,8.92,-1.48,8.92,-1.48
48.476,8.71,-1.48,8.92,-1.48,8.92,-1.48
48.491,8.67,-1.51,8.92,-1.48,8.91,-1.48
48.505,8.65,-1.49,8.92,-1.48,8.91,-1.48
48.519,8.67,-1.49,8.92,-1.49,8.91,-1.49
48.533,8.67,-1.5,8.92,-1.49,8.91,-1.49
48.548,8.68,-1.49,8.92,-1.49,8.91,-1.49
48.562,8.68,-1.52,8.92,-1.49,8.91,-1.49
48.576,8.7,-1.5,8.92,-1.49,8.91,-1.49
48.59,8.63,-1.48,8.92,-1.49,8.91,-1.49
48.605,8.64,-1.47,8.92,-1.49,8.91,-1.49
48.619,8.65,-1.45,8.91,-1.49,8.91,-1.49
48.633,8.64,-1.51,8.91,-1.48,8.91,-1.49
48.647,8.67,-1.51,8.91,-1.48,8.91,-1.48
48.661,8.63,-1.43,8.91,-1.48,8.91,-1.48
48.676,8.63,-1.45,8.91,-1.48,8.91,-1.48
48.69,8.68,-1.54,8.91,-1.48,8.91,-1.48
48.704,8.69,-1.54,8.91,-1.48,8.91,-1.48
48.719,8.64,-1.51,8.91,-1.48,8.91,-1.48
48.733,8.63,-1.51,8.91,-1.48,8.91,-1.48
48.747,8.67,-1.53,8.91,-1.48,8.91,-1.48
48.761,8.73,-1.52,8.91,-1.48,8.91,-1.48
48.776,8.74,-1.52,8.91,-1.48,8.91,-1.48
48.79,8.67,-1.5,8.91,-1.48,8.91,-1.48
48.804,8.64,-1.51,8.91,-1.48,8.91,-1.48
48.818,8.67,-1.54,8.91,-1.48,8.91,-1.48
48.833,8.72,-1.52,8.91,-1.48,8.91,-1.48
48.847,8.73,-1.46,8.91,-1.48,8.91,-1.48
48.861,8.75,-1.47,8.91,-1.48,8.91,-1.48
48.875,8.74,-1.51,8.91,-1.49,8.91,-1.49
48.89,8.6,-1.5,8.91,-1.49,8.91,-1.49
48.904,8.56,-1.5,8.91,-1.49,8.91,-1.49
48.918,8.66,-1.54,8.91,-1.48,8.91,-1.48
48.932,8.71,-1.51,8.91,-1.48,8.91,-1.49
48.947,8.65,-1.49,8.91,-1.49,8.91,-1.49
48.961,8.6,-1.54,8.91,-1.49,8.9,-1.49
48.975,8.63,-1.56,8.9,-1.49,8.9,-1.49
48.989,8.72,-1.52,8.9,-1.49,8.9,-1.49
49.003,8.67,-1.47,8.9,-1.49,8.9,-1.49
49.018,8.66,-1.45,8.9,-1.49,8.9,-1.49
49.032,8.67,-1.5,8.9,-1.49,8.9,-1.49
49.046,8.63,-1.52,8.9,-1.49,8.9,-1.49
49.06,8.61,-1.5,8.9,-1.49,8.9,-1.49
49.074,8.54,-1.48,8.9,-1.49,8.9,-1.49
49.089,8.59,-1.43,8.9,-1.48,8.89,-1.48
49.103,8.7,-1.47,8.9,-1.48,8.89,-1.48
49.117,8.72,-1.5,8.9,-1.48,8.89,-1.48
49.132,8.73,-1.53,8.9,-1.48,8.89,-1.48
49.146,8.66,-1.51,8.9,-1.48,8.89,-1.48
49.16,8.64,-1.51,8.9,-1.48,8.89,-1.48
49.174,8.68,-1.48,8.9,-1.48,8.89,-1.48
49.188,8.71,-1.49,8.89,-1.48,8.89,-1.48
49.202,8.65,-1.53,8.89,-1.48,8.89,-1.48
49.217,8.6,-1.58,8.89,-1.49,8.89,-1.49
49.231,8.63,-1.58,8.89,-1.49,8.89,-1.49
49.246,8.66,-1.49,8.89,-1.49,8.89,-1.49
49.26,8.72,-1.44,8.89,-1.49,8.89,-1.49
49.274,8.71,-1.55,8.89,-1.49,8.89,-1.49
49.288,8.69,-1.57,8.89,-1.49,8.89,-1.49
49.303,8.7,-1.51,8.9,-1.49,8.89,-1.49
49.317,8.68,-1.5,8.89,-1.49,8.89,-1.49
49.331,8.68,-1.48,8.9,-1.49,8.89,-1.49
49.345,8.65,-1.46,8.9,-1.49,8.89,-1.49
49.36,8.63,-1.44,8.9,-1.49,8.89,-1.49
49.374,8.7,-1.51,8.89,-1.49,8.89,-1.49
49.388,8.66,-1.52,8.89,-1.49,8.89,-1.49
49.402,8.63,-1.49,8.89,-1.49,8.89,-1.49
49.416,8.66,-1.48,8.89,-1.49,8.89,-1.49
49.431,8.65,-1.46,8.89,-1.49,8.89,-1.49
49.445,8.67,-1.46,8.89,-1.49,8.89,-1.48
49.459,8.68,-1.5,8.89,-1.49,8.89,-1.49
49.473,8.69,-1.48,8.89,-1.49,8.89,-1.49
49.489,8.68,-1.46,8.89,-1.48,8.89,-1.48
49.503,8.67,-1.52,8.89,-1.48,8.89,-1.48
49.517,8.66,-1.51,8.89,-1.48,8.89,-1.48
49.532,8.73,-1.49,8.89,-1.48,8.89,-1.48
49.546,8.74,-1.5,8.89,-1.48,8.89,-1.48
49.56,8.7,-1.48,8.89,-1.48,8.89,-1.48
49.574,8.72,-1.51,8.89,-1.48,8.89,-1.48
49.589,8.68,-1.54,8.89,-1.48,8.89,-1.48
49.603,8.57,-1.48,8.89,-1.48,8.88,-1.48
49.617,8.64,-1.46,8.89,-1.48,8.88,-1.48
49.631,8.71,-1.52,8.89,-1.48,8.88,-1.48
49.645,8.69,-1.5,8.89,-1.48,8.88,-1.48
49.66,8.64,-1.5,8.89,-1.48,8.88,-1.48
49.674,8.62,-1.48,8.88,-1.48,8.88,-1.48
49.688,8.61,-1.47,8.88,-1.48,8.88,-1.48
49.702,8.59,-1.5,8.88,-1.48,8.88,-1.48
49.716,8.63,-1.52,8.88,-1.48,8.88,-1.48
49.731,8.7,-1.53,8.88,-1.48,8.88,-1.48
49.745,8.72,-1.56,8.88,-1.48,8.88,-1.48
49.759,8.69,-1.52,8.88,-1.48,8.88,-1.48
49.774,8.67,-1.49,8.88,-1.48,8.88,-1.48
49.788,8.69,-1.5,8.88,-1.48,8.88,-1.48
49.802,8.71,-1.5,8.88,-1.48,8.88,-1.48
49.816,8.66,-1.49,8.88,-1.48,8.88,-1.48
49.83,8.65,-1.51,8.88,-1.48,8.88,-1.48
49.845,8.68,-1.54,8.88,-1.48,8.88,-1.48
49.859,8.64,-1.52,8.88,-1.48,8.88,-1.48
49.873,8.65,-1.51,8.88,-1.48,8.88,-1.48
49.887,8.7,-1.52,8.88,-1.48,8.88,-1.48
49.901,8.7,-1.53,8.88,-1.48,8.88,-1.48
49.916,8.66,-1.49,8.88,-1.48,8.88,-1.48
49.93,8.64,-1.47,8.88,-1.48,8.88,-1.48
49.944,8.65,-1.43,8.88,-1.48,8.88,-1.48
49.958,8.74,-1.43,8.88,-1.48,8.88,-1.48
49.972,8.66,-1.5,8.88,-1.48,8.88,-1.48
49.986,8.7,-1.54,8.88,-1.48,8.88,-1.48
50.001,8.7,-1.52,8.88,-1.48,8.88,-1.48
50.015,8.67,-1.5,8.88,-1.48,8.88,-1.48
50.029,8.67,-1.48,8.88,-1.48,8.88,-1.48
50.043,8.67,-1.45,8.88,-1.48,8.88,-1.48
50.058,8.68,-1.5,8.88,-1.48,8.88,-1.48
50.072,8.7,-1.54,8.88,-1.48,8.88,-1.48
50.086,8.71,-1.52,8.88,-1.48,8.88,-1.49
50.101,8.71,-1.49,8.88,-1.49,8.88,-1.49
50.115,8.63,-1.54,8.88,-1.49,8.88,-1.49
50.129,8.61,-1.54,8.88,-1.49,8.88,-1.49
50.143,8.66,-1.46,8.88,-1.49,8.88,-1.49
50.157,8.64,-1.48,8.88,-1.49,8.88,-1.49
50.171,8.65,-1.53,8.88,-1.49,8.88,-1.49
50.186,8.62,-1.49,8.88,-1.49,8.88,-1.49
50.2,8.64,-1.47,8.88,-1.49,8.88,-1.49
50.214,8.72,-1.47,8.88,-1.49,8.88,-1.49
50.228,8.72,-1.48,8.88,-1.49,8.88,-1.49
50.242,8.7,-1.55,8.88,-1.49,8.88,-1.49
50.257,8.72,-1.57,8.88,-1.49,8.88,-1.49
50.271,8.72,-1.53,8.88,-1.49,8.88,-1.49
50.285,8.72,-1.47,8.88,-1.49,8.88,-1.49
50.302,8.61,-1.46,8.88,-1.49,8.88,-1.49
50.316,8.62,-1.48,8.88,-1.49,8.88,-1.49
50.33,8.63,-1.49,8.88,-1.49,8.88,-1.49
50.344,8.69,-1.53,8.88,-1.49,8.88,-1.49
50.359,8.71,-1.55,8.88,-1.49,8.88,-1.49
50.373,8.69,-1.46,8.88,-1.49,8.88,-1.49
50.387,8.69,-1.42,8.88,-1.49,8.88,-1.49
50.401,8.73,-1.47,8.88,-1.49,8.88,-1.49
50.415,8.7,-1.54,8.88,-1.49,8.88,-1.49
50.429,8.68,-1.56,8.88,-1.49,8.88,-1.49
50.445,8.7,-1.47,8.88,-1.49,8.88,-1.49
50.459,8.73,-1.46,8.88,-1.49,8.88,-1.49
50.473,8.68,-1.54,8.88,-1.49,8.88,-1.49
50.488,8.7,-1.57,8.88,-1.49,8.88,-1.49
50.502,8.71,-1.5,8.88,-1.49,8.88,-1.49
50.516,8.68,-1.5,8.88,-1.49,8.88,-1.49
50.531,8.71,-1.46,8.88,-1.49,8.88,-1.49
50.545,8.72,-1.45,8.88,-1.49,8.88,-1.49
50.559,8.71,-1.47,8.88,-1.49,8.88,-1.49
50.573,8.69,-1.44,8.88,-1.49,8.88,-1.49
50.587,8.69,-1.46,8.88,-1.49,8.88,-1.49
50.602,8.65,-1.48,8.88,-1.49,8.88,-1.49
50.616,8.66,-1.49,8.88,-1.49,8.88,-1.49
50.63,8.72,-1.47,8.88,-1.49,8.88,-1.49
50.644,8.74,-1.45,8.88,-1.49,8.88,-1.49
50.658,8.72,-1.52,8.88,-1.49,8.88,-1.49
50.672,8.7,-1.54,8.88,-1.49,8.88,-1.49
50.686,8.68,-1.53,8.88,-1.49,8.88,-1.49
50.701,8.71,-1.5,8.88,-1.49,8.88,-1.49
50.715,8.69,-1.51,8.88,-1.49,8.88,-1.49
50.729,8.69,-1.51,8.88,-1.5,8.88,-1.5
50.743,8.69,-1.51,8.89,-1.5,8.88,-1.5
50.757,8.64,-1.5,8.89,-1.5,8.88,-1.5
50.771,8.6,-1.5,8.89,-1.5,8.88,-1.5
50.786,8.63,-1.51,8.89,-1.5,8.88,-1.5
50.8,8.64,-1.52,8.88,-1.5,8.88,-1.5
50.814,8.66,-1.52,8.88,-1.5,8.88,-1.5
50.828,8.69,-1.52,8.88,-1.5,8.88,-1.5
50.842,8.7,-1.5,8.88,-1.5,8.88,-1.5
50.857,8.71,-1.47,8.88,-1.5,8.88,-1.5
50.871,8.72,-1.51,8.88,-1.5,8.88,-1.5
50.885,8.73,-1.48,8.88,-1.5,8.88,-1.5
50.899,8.71,-1.47,8.88,-1.5,8.88,-1.5
50.914,8.71,-1.46,8.89,-1.5,8.88,-1.5
50.928,8.69,-1.5,8.89,-1.5,8.88,-1.5
50.942,8.66,-1.47,8.89,-1.5,8.88,-1.5
50.956,8.71,-1.46,8.89,-1.5,8.88,-1.5
50.97,8.75,-1.48,8.89,-1.5,8.88,-1.5
50.984,8.7,-1.48,8.89,-1.5,8.88,-1.5
50.999,8.63,-1.5,8.89,-1.5,8.88,-1.5
51.013,8.61,-1.52,8.88,-1.5,8.88,-1.5
51.027,8.63,-1.49,8.88,-1.5,8.88,-1.5
51.041,8.66,-1.48,8.88,-1.5,8.88,-1.5
51.056,8.68,-1.48,8.88,-1.5,8.88,-1.49
51.07,8.69,-1.48,8.88,-1.49,8.88,-1.49
51.084,8.72,-1.48,8.88,-1.5,8.88,-1.5
51.098,8.71,-1.52,8.88,-1.5,8.88,-1.5
51.112,8.62,-1.55,8.88,-1.5,8.88,-1.5
51.127,8.66,-1.55,8.88,-1.5,8.88,-1.5
51.141,8.74,-1.55,8.88,-1.5,8.88,-1.5
51.156,8.74,-1.52,8.88,-1.5,8.88,-1.5
51.17,8.73,-1.55,8.88,-1.5,8.88,-1.5
51.184,8.73,-1.52,8.88,-1.5,8.88,-1.5
51.198,8.74,-1.52,8.88,-1.5,8.88,-1.5
51.212,8.64,-1.46,8.89,-1.5,8.88,-1.5
51.226,8.59,-1.45,8.89,-1.5,8.88,-1.5
51.24,8.58,-1.48,8.88,-1.5,8.88,-1.5
51.255,8.7,-1.43,8.88,-1.5,8.88,-1.5
51.269,8.71,-1.44,8.88,-1.5,8.88,-1.5
51.285,8.65,-1.49,8.88,-1.5,8.88,-1.5
51.3,8.64,-1.5,8.88,-1.49,8.88,-1.49
51.314,8.64,-1.52,8.88,-1.49,8.88,-1.49
51.328,8.64,-1.46,8.88,-1.49,8.88,-1.49
51.342,8.72,-1.48,8.88,-1.49,8.88,-1.49
51.356,8.75,-1.51,8.88,-1.49,8.88,-1.49
51.371,8.65,-1.5,8.88,-1.49,8.88,-1.49
51.385,8.63,-1.52,8.88,-1.49,8.88,-1.49
51.399,8.67,-1.53,8.88,-1.49,8.88,-1.49
51.413,8.69,-1.48,8.88,-1.49,8.88,-1.49
51.428,8.68,-1.46,8.88,-1.49,8.88,-1.49
51.442,8.66,-1.49,8.88,-1.49,8.88,-1.49
51.456,8.68,-1.51,8.88,-1.49,8.88,-1.49
51.471,8.7,-1.5,8.88,-1.49,8.88,-1.49
51.485,8.69,-1.49,8.88,-1.49,8.88,-1.49
51.499,8.62,-1.5,8.88,-1.49,8.88,-1.49
51.513,8.6,-1.54,8.88,-1.49,8.88,-1.49
51.528,8.66,-1.56,8.88,-1.49,8.88,-1.49
51.542,8.69,-1.5,8.88,-1.49,8.88,-1.49
51.556,8.7,-1.48,8.88,-1.49,8.88,-1.49
51.57,8.7,-1.55,8.88,-1.49,8.88,-1.49
51.584,8.73,-1.54,8.88,-1.49,8.88,-1.49
51.598,8.69,-1.5,8.88,-1.49,8.88,-1.49
51.612,8.67,-1.5,8.88,-1.49,8.88,-1.49
51.627,8.63,-1.5,8.88,-1.49,8.88,-1.49
51.641,8.65,-1.53,8.88,-1.49,8.88,-1.49
51.655,8.66,-1.52,8.88,-1.49,8.88,-1.49
51.67,8.69,-1.49,8.88,-1.49,8.88,-1.49
51.684,8.66,-1.52,8.88,-1.49,8.88,-1.49
51.698,8.69,-1.5,8.88,-1.49,8.88,-1.49
51.713,8.68,-1.46,8.88,-1.49,8.88,-1.49
51.728,8.64,-1.5,8.88,-1.49,8.88,-1.49
51.742,8.64,-1.5,8.88,-1.49,8.88,-1.49
51.757,8.66,-1.43,8.88,-1.49,8.88,-1.49
51.771,8.69,-1.47,8.88,-1.49,8.88,-1.49
51.786,8.7,-1.52,8.88,-1.49,8.88,-1.49
51.8,8.65,-1.54,8.88,-1.49,8.88,-1.49
51.814,8.69,-1.52,8.88,-1.49,8.88,-1.49
51.828,8.68,-1.5,8.88,-1.49,8.88,-1.49
51.842,8.69,-1.5,8.88,-1.49,8.88,-1.49
51.857,8.63,-1.5,8.88,-1.49,8.88,-1.49
51.871,8.62,-1.45,8.88,-1.49,8.88,-1.49
51.885,8.67,-1.49,8.88,-1.49,8.88,-1.49
51.9,8.67,-1.48,8.88,-1.49,8.88,-1.49
51.914,8.66,-1.45,8.88,-1.49,8.87,-1.49
51.928,8.67,-1.43,8.88,-1.49,8.87,-1.49
51.945,8.66,-1.49,8.88,-1.48,8.87,-1.48
51.959,8.67,-1.5,8.88,-1.48,8.87,-1.48
51.974,8.67,-1.49,8.87,-1.49,8.87,-1.49
51.988,8.68,-1.54,8.87,-1.49,8.87,-1.49
52.002,8.7,-1.51,8.87,-1.49,8.87,-1.49
52.016,8.68,-1.47,8.87,-1.49,8.87,-1.49
52.03,8.66,-1.49,8.88,-1.49,8.87,-1.49
52.045,8.65,-1.52,8.87,-1.49,8.87,-1.49
52.059,8.66,-1.46,8.87,-1.49,8.87,-1.49
52.073,8.71,-1.49,8.87,-1.49,8.87,-1.49
52.087,8.68,-1.51,8.88,-1.49,8.87,-1.49
52.102,8.64,-1.44,8.88,-1.49,8.87,-1.49
52.116,8.62,-1.43,8.88,-1.49,8.87,-1.49
52.13,8.61,-1.46,8.88,-1.49,8.87,-1.49
52.144,8.7,-1.5,8.88,-1.49,8.87,-1.49
52.158,8.69,-1.49,8.88,-1.49,8.87,-1.49
52.173,8.67,-1.54,8.88,-1.49,8.87,-1.49
52.187,8.66,-1.52,8.88,-1.49,8.87,-1.49
52.201,8.66,-1.46,8.88,-1.49,8.87,-1.49
52.215,8.69,-1.5,8.88,-1.49,8.87,-1.49
52.23,8.73,-1.51,8.87,-1.49,8.87,-1.49
52.244,8.71,-1.5,8.87,-1.49,8.87,-1.49
52.258,8.69,-1.49,8.87,-1.49,8.87,-1.49
52.273,8.69,-1.51,8.88,-1.49,8.87,-1.49
52.287,8.69,-1.48,8.88,-1.49,8.87,-1.49
52.301,8.59,-1.48,8.88,-1.49,8.87,-1.49
52.316,8.65,-1.5,8.88,-1.49,8.87,-1.49
52.33,8.68,-1.55,8.88,-1.49,8.87,-1.49
52.344,8.67,-1.59,8.88,-1.49,8.87,-1.49
52.358,8.62,-1.5,8.88,-1.49,8.87,-1.49
52.372,8.65,-1.5,8.88,-1.49,8.87,-1.49
52.387,8.69,-1.49,8.88,-1.49,8.87,-1.49
52.401,8.64,-1.53,8.88,-1.49,8.87,-1.49
52.415,8.61,-1.54,8.87,-1.49,8.87,-1.49
52.429,8.69,-1.48,8.87,-1.49,8.87,-1.49
52.444,8.71,-1.47,8.87,-1.49,8.87,-1.49
52.458,8.68,-1.5,8.87,-1.49,8.87,-1.49
52.472,8.69,-1.52,8.87,-1.49,8.87,-1.49
52.486,8.7,-1.47,8.87,-1.49,8.87,-1.49
52.5,8.71,-1.48,8.87,-1.49,8.87,-1.49
52.515,8.71,-1.48,8.87,-1.49,8.87,-1.49
52.529,8.65,-1.46,8.87,-1.49,8.87,-1.49
52.543,8.64,-1.46,8.87,-1.49,8.87,-1.49
52.557,8.66,-1.47,8.87,-1.49,8.87,-1.49
52.571,8.65,-1.5,8.87,-1.49,8.87,-1.49
52.586,8.65,-1.55,8.87,-1.49,8.87,-1.49
52.6,8.68,-1.55,8.87,-1.49,8.87,-1.49
52.614,8.69,-1.52,8.87,-1.49,8.87,-1.49
52.628,8.68,-1.44,8.87,-1.49,8.87,-1.49
52.643,8.7,-1.43,8.87,-1.49,8.87,-1.49
52.657,8.71,-1.51,8.87,-1.49,8.87,-1.49
52.671,8.72,-1.55,8.87,-1.49,8.87,-1.49
52.685,8.71,-1.5,8.87,-1.49,8.87,-1.49
52.7,8.7,-1.5,8.87,-1.49,8.87,-1.49
52.714,8.65,-1.5,8.87,-1.49,8.87,-1.49
52.728,8.65,-1.45,8.87,-1.49,8.87,-1.49
52.742,8.65,-1.47,8.87,-1.49,8.87,-1.49
52.756,8.64,-1.52,8.87,-1.49,8.87,-1.49
52.77,8.64,-1.53,8.87,-1.49,8.87,-1.49
52.785,8.73,-1.49,8.87,-1.49,8.87,-1.49
52.799,8.73,-1.5,8.87,-1.49,8.87,-1.49
52.813,8.69,-1.48,8.87,-1.49,8.87,-1.49
52.827,8.63,-1.53,8.87,-1.49,8.87,-1.49
52.841,8.62,-1.57,8.87,-1.49,8.87,-1.49
52.855,8.64,-1.54,8.87,-1.49,8.87,-1.49
52.87,8.65,-1.52,8.87,-1.49,8.87,-1.49
52.884,8.66,-1.47,8.87,-1.49,8.87,-1.49
52.898,8.64,-1.46,8.87,-1.49,8.87,-1.49
52.913,8.7,-1.48,8.87,-1.49,8.87,-1.49
52.927,8.66,-1.49,8.87,-1.49,8.87,-1.49
52.941,8.65,-1.51,8.87,-1.49,8.87,-1.49
52.955,8.72,-1.49,8.87,-1.49,8.87,-1.49
52.969,8.74,-1.49,8.87,-1.49,8.87,-1.49
52.983,8.69,-1.48,8.87,-1.49,8.86,-1.49
52.998,8.63,-1.5,8.87,-1.49,8.86,-1.49
53.012,8.64,-1.45,8.86,-1.49,8.86,-1.49
53.026,8.69,-1.46,8.86,-1.49,8.86,-1.49
53.04,8.64,-1.48,8.86,-1.49,8.86,-1.48
53.054,8.66,-1.46,8.86,-1.48,8.86,-1.48
53.069,8.67,-1.48,8.86,-1.48,8.86,-1.48
53.083,8.67,-1.52,8.86,-1.48,8.86,-1.49
53.097,8.67,-1.53,8.86,-1.49,8.86,-1.49
53.111,8.64,-1.46,8.86,-1.49,8.86,-1.49
53.126,8.65,-1.52,8.86,-1.49,8.86,-1.49
53.14,8.76,-1.53,8.86,-1.49,8.86,-1.49
53.154,8.77,-1.5,8.86,-1.49,8.86,-1.49
53.168,8.74,-1.5,8.86,-1.49,8.86,-1.49
53.182,8.64,-1.5,8.87,-1.49,8.86,-1.49
53.196,8.64,-1.5,8.86,-1.49,8.86,-1.49
53.211,8.65,-1.5,8.87,-1.49,8.86,-1.49
53.225,8.62,-1.5,8.87,-1.49,8.86,-1.49
53.24,8.75,-1.52,8.86,-1.49,8.86,-1.49
53.254,8.75,-1.58,8.87,-1.49,8.87,-1.49
53.268,8.49,-1.56,8.87,-1.49,8.87,-1.49
53.282,8.54,-1.56,8.87,-1.49,8.87,-1.49
53.297,8.48,-1.51,8.87,-1.49,8.87,-1.49
53.311,10.15,-1.51,8.87,-1.49,8.88,-1.49
53.325,12.75,-1.86,8.94,-1.49,8.98,-1.49
53.34,7.45,-2.98,9.16,-1.5,9.14,-1.51
53.354,4.38,-2.58,9.58,-1.52,9.53,-1.53
53.368,5.7,-1.18,9.92,-1.54,9.88,-1.54
53.382,6.61,-1.02,10.09,-1.6,10.06,-1.6
53.396,8.34,-1.76,10.17,-1.71,10.15,-1.71
53.41,7.21,0.46,10.23,-2.02,10.2,-1.99
53.425,5.74,2.59,10.32,-2.43,10.28,-2.38
53.439,5.3,3.19,10.38,-2.93,10.33,-2.87
53.453,6.22,3.55,10.37,-3.45,10.33,-3.38
53.467,8.08,0.07,10.38,-3.88,10.35,-3.84
53.481,12.59,0.4,10.56,-3.9,10.58,-3.86
53.498,9.21,1.16,11.09,-3.31,11.07,-3.26
53.512,6.67,-2.2,11.75,-2.1,11.7,-2.1
53.526,0.49,-6.55,12.29,-1.1,12.17,-1.16
53.541,4.3,-2.47,12.64,-1.13,12.56,-1.14
53.555,7.29,-0.46,12.98,-1.26,12.92,-1.25
53.569,5.81,-1.63,13.35,-1.22,13.28,-1.23
53.583,4.12,-4.66,13.66,-1.18,13.56,-1.21
53.598,4.92,-7.54,13.91,-1.22,13.82,-1.28
53.612,6.68,-6.54,14.15,-1.47,14.07,-1.52
53.626,4.74,5.54,14.32,-1.78,14.23,-1.71
53.64,4.54,5.54,14.73,-1.7,14.62,-1.63
53.655,2.28,0.05,15.38,-1.5,15.25,-1.48
53.669,4.48,-0.84,15.82,-1.5,15.7,-1.5
53.683,7.74,-4.66,15.99,-1.56,15.91,-1.59
53.697,0.31,-3.32,15.46,-1.65,15.31,-1.66
53.711,-2.33,-1.15,14.71,-1.7,14.54,-1.69
53.728,-2.79,-2.0,13.96,-1.82,13.79,-1.82
53.741,-1.26,2.0,13.22,-2.27,13.08,-2.23
53.755,-4.43,4.53,12.58,-2.59,12.41,-2.52
53.769,-0.43,0.68,12.49,-2.44,12.36,-2.41
53.783,0.2,-6.4,12.75,-2.14,12.62,-2.18
53.797,-0.72,-2.6,13.2,-2.1,13.06,-2.11
53.812,-0.49,1.42,13.52,-2.27,13.38,-2.23
53.826,-0.08,0.23,13.64,-2.59,13.5,-2.57
53.84,0.66,2.53,13.71,-2.94,13.58,-2.88
53.854,3.83,-4.46,13.8,-3.1,13.7,-3.12
53.868,2.62,-4.37,14.07,-2.92,13.96,-2.93
53.882,-1.05,8.43,14.38,-3.05,14.23,-2.94
53.897,0.15,2.66,14.46,-2.99,14.32,-2.93
53.911,-1.42,-3.79,14.5,-2.72,14.34,-2.73
53.926,-2.17,-3.95,14.51,-2.4,14.34,-2.42
53.94,-2.18,-2.88,14.47,-2.13,14.3,-2.14
53.954,-0.19,-1.77,14.4,-1.96,14.25,-1.96
53.969,0.59,-1.52,14.38,-1.74,14.24,-1.74
53.983,-0.74,-1.28,14.37,-1.43,14.22,-1.43
53.997,-0.32,3.87,14.25,-1.12,14.11,-1.07
54.011,-1.46,-0.05,14.12,-1.0,13.97,-0.99
54.026,-1.09,-1.95,13.97,-1.03,13.82,-1.04
54.04,-0.13,-1.88,13.81,-1.05,13.67,-1.06
54.054,0.2,-1.4,13.67,-1.05,13.54,-1.05
54.068,-0.57,-1.12,13.54,-1.05,13.4,-1.05
54.083,-2.74,-1.35,13.4,-1.05,13.24,-1.05
54.097,-2.55,-1.46,13.2,-1.05,13.04,-1.06
54.111,-0.56,-1.66,12.96,-1.06,12.82,-1.06
54.125,0.13,-1.76,12.7,-1.06,12.57,-1.07
54.14,0.79,-0.8,12.48,-1.07,12.37,-1.07
54.154,0.58,-0.89,12.36,-1.07,12.24,-1.07
54.168,-0.13,-1.58,12.27,-1.07,12.15,-1.08
54.182,-1.08,-1.54,12.21,-1.08,12.08,-1.08
54.196,0.54,-1.71,12.15,-1.08,12.04,-1.09
54.211,-2.68,-1.01,12.12,-1.09,11.97,-1.09
54.225,-2.5,-0.87,12.07,-1.1,11.92,-1.1
54.239,-0.63,-1.55,11.95,-1.09,11.83,-1.1
54.253,-0.33,-1.31,11.83,-1.1,11.71,-1.1
54.268,-1.4,-1.58,11.74,-1.11,11.61,-1.11
54.282,-1.56,-1.43,11.64,-1.12,11.51,-1.12
54.296,-0.78,-1.34,11.52,-1.13,11.39,-1.13
54.31,-0.99,-1.36,11.39,-1.13,11.27,-1.13
54.324,-0.89,-1.33,11.27,-1.13,11.15,-1.13
54.339,-1.05,-1.31,11.15,-1.13,11.03,-1.13
54.353,-0.98,-1.33,11.03,-1.13,10.91,-1.13
54.367,-1.07,-1.37,10.92,-1.13,10.8,-1.14
54.382,-1.0,-1.36,10.8,-1.14,10.68,-1.14
54.398,-0.95,-1.35,10.68,-1.14,10.57,-1.14
54.412,-0.96,-1.35,10.57,-1.14,10.46,-1.14
54.426,-0.93,-1.35,10.46,-1.14,10.34,-1.15
54.441,-1.04,-1.34,10.35,-1.14,10.23,-1.15
54.455,-1.01,-1.35,10.23,-1.15,10.12,-1.15
54.469,-1.01,-1.37,10.12,-1.15,10.01,-1.15
54.483,-0.96,-1.38,10.02,-1.15,9.91,-1.15
54.497,-0.93,-1.34,9.91,-1.15,9.8,-1.15
54.512,-0.9,-1.33,9.8,-1.15,9.7,-1.15
54.526,-0.93,-1.35,9.7,-1.15,9.59,-1.16
54.54,-0.98,-1.38,9.59,-1.16,9.49,-1.16
54.555,-0.98,-1.38,9.49,-1.16,9.38,-1.16
54.569,-0.96,-1.36,9.39,-1.16,9.28,-1.16
54.584,-0.98,-1.33,9.28,-1.16,9.18,-1.17
54.598,-0.97,-1.32,9.18,-1.17,9.08,-1.17
54.613,-0.92,-1.39,9.09,-1.17,8.99,-1.17
54.628,-0.96,-1.43,8.99,-1.17,8.89,-1.17
54.642,-0.95,-1.37,8.89,-1.17,8.79,-1.17
54.656,-0.9,-1.3,8.8,-1.17,8.7,-1.17
54.67,-0.95,-1.32,8.7,-1.17,8.6,-1.18
54.685,-0.91,-1.33,8.61,-1.18,8.51,-1.18
54.699,-0.91,-1.35,8.51,-1.18,8.42,-1.18
54.713,-0.9,-1.37,8.42,-1.18,8.33,-1.18
54.728,-1.0,-1.3,8.33,-1.18,8.24,-1.18
54.742,-1.07,-1.29,8.24,-1.18,8.15,-1.18
54.756,-0.99,-1.34,8.15,-1.18,8.06,-1.18
54.77,-0.96,-1.36,8.06,-1.18,7.97,-1.18
54.785,-1.02,-1.34,7.97,-1.18,7.88,-1.19
54.799,-1.01,-1.34,7.88,-1.19,7.8,-1.19
54.813,-0.97,-1.34,7.8,-1.19,7.71,-1.19
54.827,-0.98,-1.34,7.71,-1.19,7.62,-1.19
54.842,-0.96,-1.3,7.62,-1.19,7.54,-1.19
54.856,-0.98,-1.3,7.54,-1.19,7.46,-1.19
54.87,-0.98,-1.39,7.46,-1.19,7.37,-1.19
54.885,-0.94,-1.36,7.38,-1.19,7.3,-1.2
54.899,-0.98,-1.33,7.3,-1.19,7.22,-1.2
54.913,-0.98,-1.35,7.22,-1.2,7.13,-1.2
54.927,-0.94,-1.38,7.14,-1.2,7.06,-1.2
54.942,-0.94,-1.34,7.06,-1.2,6.98,-1.2
54.956,-0.96,-1.29,6.98,-1.2,6.9,-1.2
54.97,-1.01,-1.33,6.9,-1.2,6.83,-1.2
54.984,-0.97,-1.36,6.83,-1.2,6.75,-1.21
54.999,-0.97,-1.33,6.75,-1.21,6.67,-1.21
55.013,-0.97,-1.33,6.68,-1.21,6.6,-1.21
55.027,-0.98,-1.34,6.6,-1.21,6.52,-1.21
55.042,-1.04,-1.42,6.53,-1.21,6.45,-1.21
55.056,-1.01,-1.43,6.45,-1.21,6.38,-1.21
55.07,-0.9,-1.29,6.38,-1.21,6.31,-1.21
55.084,-0.92,-1.25,6.31,-1.21,6.24,-1.21
55.098,-0.91,-1.31,6.24,-1.21,6.17,-1.21
55.113,-0.94,-1.33,6.17,-1.22,6.1,-1.22
55.127,-0.98,-1.44,6.1,-1.22,6.03,-1.22
55.141,-0.98,-1.47,6.03,-1.22,5.96,-1.22
55.156,-0.96,-1.44,5.96,-1.22,5.89,-1.23
55.17,-0.87,-1.32,5.9,-1.23,5.83,-1.23
55.184,-0.88,-1.32,5.83,-1.23,5.76,-1.23
55.199,-0.99,-1.36,5.77,-1.23,5.7,-1.23
55.213,-1.03,-1.37,5.7,-1.23,5.63,-1.23
55.227,-1.01,-1.32,5.64,-1.23,5.57,-1.23
55.241,-0.99,-1.3,5.57,-1.23,5.51,-1.23
55.255,-0.98,-1.31,5.51,-1.23,5.44,-1.24
55.269,-0.94,-1.31,5.45,-1.23,5.38,-1.24
55.284,-0.92,-1.3,5.38,-1.23,5.32,-1.24
55.298,-0.98,-1.36,5.32,-1.24,5.26,-1.24
55.312,-0.97,-1.38,5.26,-1.24,5.2,-1.24
55.326,-0.87,-1.34,5.2,-1.24,5.14,-1.24
55.34,-0.87,-1.34,5.14,-1.24,5.08,-1.24
55.355,-0.81,-1.32,5.08,-1.24,5.03,-1.24
55.369,-0.86,-1.31,5.03,-1.24,4.97,-1.24
55.383,-0.94,-1.35,4.97,-1.24,4.91,-1.24
55.398,-0.96,-1.38,4.91,-1.24,4.86,-1.24
55.412,-0.96,-1.38,4.86,-1.24,4.8,-1.24
55.426,-1.0,-1.31,4.8,-1.25,4.74,-1.25
55.44,-1.0,-1.31,4.75,-1.25,4.69,-1.25
55.455,-0.91,-1.39,4.69,-1.25,4.63,-1.25
55.469,-0.9,-1.4,4.64,-1.25,4.58,-1.25
55.483,-1.09,-1.38,4.58,-1.25,4.53,-1.25
55.498,-1.15,-1.4,4.53,-1.25,4.47,-1.25
55.512,-1.11,-1.4,4.48,-1.25,4.42,-1.25
55.526,-0.98,-1.39,4.42,-1.25,4.37,-1.26
55.541,-0.93,-1.42,4.37,-1.26,4.32,-1.26
55.555,-0.89,-1.41,4.32,-1.26,4.27,-1.26
55.569,-0.94,-1.38,4.27,-1.26,4.22,-1.26
55.583,-1.0,-1.32,4.22,-1.26,4.17,-1.26
55.598,-1.0,-1.3,4.17,-1.26,4.12,-1.26
55.611,-1.0,-1.38,4.12,-1.26,4.07,-1.26
55.626,-1.05,-1.43,4.07,-1.26,4.02,-1.26
55.64,-1.09,-1.44,4.02,-1.26,3.97,-1.26
55.654,-0.96,-1.4,3.97,-1.26,3.92,-1.26
55.668,-0.92,-1.38,3.93,-1.26,3.88,-1.26
55.682,-0.96,-1.27,3.88,-1.26,3.83,-1.26
55.697,-0.97,-1.29,3.83,-1.26,3.79,-1.26
55.711,-0.92,-1.38,3.79,-1.26,3.74,-1.27
55.725,-0.91,-1.36,3.74,-1.27,3.7,-1.27
55.74,-0.92,-1.33,3.7,-1.27,3.65,-1.27
55.754,-0.86,-1.29,3.65,-1.27,3.61,-1.27
55.768,-0.89,-1.29,3.61,-1.27,3.56,-1.27
55.782,-0.93,-1.29,3.57,-1.27,3.52,-1.27
55.796,-0.99,-1.34,3.52,-1.27,3.48,-1.27
55.811,-0.96,-1.44,3.48,-1.27,3.43,-1.27
55.825,-0.93,-1.44,3.44,-1.27,3.39,-1.27
55.839,-0.96,-1.33,3.4,-1.27,3.35,-1.27
55.854,-0.96,-1.33,3.36,-1.27,3.31,-1.27
55.868,-0.94,-1.34,3.31,-1.27,3.27,-1.27
55.882,-0.96,-1.39,3.27,-1.27,3.23,-1.27
55.897,-0.98,-1.39,3.23,-1.27,3.19,-1.27
55.911,-0.93,-1.32,3.19,-1.27,3.15,-1.27
55.925,-0.89,-1.3,3.15,-1.27,3.11,-1.27
55.94,-0.96,-1.29,3.12,-1.27,3.08,-1.27
55.954,-0.98,-1.33,3.08,-1.27,3.04,-1.27
55.968,-0.95,-1.35,3.04,-1.27,3.0,-1.28
55.983,-0.96,-1.38,3.0,-1.28,2.96,-1.28
55.997,-0.96,-1.4,2.96,-1.28,2.93,-1.28
56.011,-0.92,-1.36,2.93,-1.28,2.89,-1.28
56.026,-0.9,-1.32,2.89,-1.28,2.85,-1.28
56.04,-0.95,-1.36,2.86,-1.28,2.82,-1.28
56.054,-0.96,-1.34,2.82,-1.28,2.78,-1.28
56.069,-1.0,-1.36,2.78,-1.28,2.75,-1.28
56.083,-0.98,-1.38,2.75,-1.28,2.71,-1.28
56.098,-0.9,-1.31,2.71,-1.28,2.68,-1.28
56.112,-0.92,-1.32,2.68,-1.28,2.64,-1.28
56.126,-0.96,-1.33,2.65,-1.28,2.61,-1.28
56.141,-1.02,-1.37,2.61,-1.28,2.58,-1.28
56.155,-1.02,-1.38,2.58,-1.28,2.54,-1.28
56.169,-0.92,-1.4,2.54,-1.28,2.51,-1.29
56.183,-0.93,-1.37,2.51,-1.29,2.48,-1.29
56.197,-0.95,-1.32,2.48,-1.29,2.45,-1.29
56.212,-0.94,-1.38,2.45,-1.29,2.41,-1.29
56.226,-0.95,-1.4,2.42,-1.29,2.38,-1.29
56.241,-1.0,-1.36,2.38,-1.29,2.35,-1.29
56.255,-0.96,-1.32,2.35,-1.29,2.32,-1.29
56.27,-0.94,-1.31,2.32,-1.29,2.29,-1.29
56.284,-0.85,-1.3,2.29,-1.29,2.26,-1.29
56.298,-0.88,-1.33,2.26,-1.28,2.23,-1.29
56.312,-0.97,-1.35,2.23,-1.29,2.2,-1.29
56.327,-1.05,-1.4,2.2,-1.29,2.17,-1.29
56.341,-1.03,-1.39,2.17,-1.29,2.14,-1.29
56.355,-0.88,-1.31,2.14,-1.29,2.11,-1.29
56.37,-0.93,-1.31,2.12,-1.29,2.09,-1.29
56.385,-1.02,-1.34,2.09,-1.29,2.06,-1.29
56.399,-1.0,-1.39,2.06,-1.29,2.03,-1.29
56.414,-0.99,-1.38,2.03,-1.29,2.0,-1.29
56.428,-0.98,-1.35,2.0,-1.29,1.97,-1.29
56.442,-0.92,-1.33,1.98,-1.29,1.95,-1.29
56.457,-0.91,-1.36,1.95,-1.29,1.92,-1.29
56.471,-0.95,-1.36,1.92,-1.29,1.89,-1.29
56.485,-1.03,-1.34,1.9,-1.29,1.87,-1.29
56.5,-1.01,-1.36,1.87,-1.29,1.84,-1.29
56.514,-0.93,-1.39,1.84,-1.29,1.82,-1.29
56.528,-0.98,-1.39,1.82,-1.29,1.79,-1.3
56.543,-1.01,-1.39,1.79,-1.29,1.77,-1.3
56.557,-0.96,-1.4,1.77,-1.3,1.74,-1.3
56.572,-1.01,-1.45,1.74,-1.3,1.71,-1.3
56.586,-1.01,-1.39,1.72,-1.3,1.69,-1.3
56.6,-0.94,-1.33,1.69,-1.3,1.67,-1.3
56.615,-0.94,-1.31,1.67,-1.3,1.64,-1.3
56.629,-0.97,-1.29,1.64,-1.3,1.62,-1.3
56.643,-0.92,-1.32,1.62,-1.3,1.59,-1.3
56.658,-0.93,-1.36,1.6,-1.3,1.57,-1.3
56.672,-0.97,-1.41,1.57,-1.3,1.55,-1.3
56.686,-1.0,-1.4,1.55,-1.3,1.53,-1.3
56.7,-0.94,-1.31,1.53,-1.3,1.5,-1.3
56.715,-0.88,-1.28,1.5,-1.3,1.48,-1.3
56.729,-0.98,-1.35,1.48,-1.3,1.46,-1.3
56.743,-1.0,-1.34,1.46,-1.3,1.44,-1.3
56.758,-1.0,-1.36,1.44,-1.3,1.41,-1.3
56.772,-1.0,-1.38,1.41,-1.3,1.39,-1.3
56.787,-0.99,-1.37,1.39,-1.3,1.37,-1.3
56.801,-0.92,-1.36,1.37,-1.3,1.35,-1.3
56.815,-0.92,-1.4,1.35,-1.3,1.33,-1.3
56.83,-0.95,-1.36,1.33,-1.3,1.31,-1.3
56.844,-0.91,-1.33,1.31,-1.3,1.29,-1.3
56.858,-0.99,-1.36,1.29,-1.3,1.27,-1.3
56.872,-0.99,-1.34,1.27,-1.3,1.25,-1.3
56.886,-0.98,-1.35,1.25,-1.3,1.23,-1.3
56.9,-0.93,-1.4,1.23,-1.3,1.21,-1.31
56.915,-0.94,-1.37,1.21,-1.31,1.19,-1.31
56.929,-1.05,-1.32,1.19,-1.31,1.17,-1.31
56.943,-1.05,-1.34,1.17,-1.31,1.14,-1.31
56.957,-1.01,-1.27,1.15,-1.31,1.12,-1.31
56.972,-0.99,-1.27,1.13,-1.31,1.1,-1.3
56.986,-0.98,-1.32,1.11,-1.3,1.09,-1.3
57.0,-0.98,-1.4,1.09,-1.3,1.07,-1.3
57.015,-0.96,-1.38,1.07,-1.3,1.05,-1.31
57.029,-0.98,-1.39,1.05,-1.31,1.03,-1.31
57.044,-1.0,-1.4,1.03,-1.31,1.01,-1.31
57.058,-1.03,-1.31,1.01,-1.31,0.99,-1.31
57.072,-0.96,-1.29,1.0,-1.31,0.98,-1.31
57.087,-0.99,-1.38,0.98,-1.31,0.96,-1.31
57.101,-1.06,-1.39,0.96,-1.31,0.94,-1.31
57.115,-0.96,-1.36,0.94,-1.31,0.92,-1.31
57.129,-0.9,-1.36,0.93,-1.31,0.91,-1.31
57.143,-0.94,-1.38,0.91,-1.31,0.89,-1.31
57.158,-0.98,-1.35,0.89,-1.31,0.87,-1.31
57.172,-0.92,-1.34,0.88,-1.31,0.86,-1.31
57.187,-0.91,-1.4,0.86,-1.31,0.84,-1.31
57.201,-0.94,-1.38,0.85,-1.31,0.83,-1.31
57.215,-1.07,-1.35,0.83,-1.31,0.81,-1.31
57.23,-1.06,-1.36,0.81,-1.31,0.79,-1.32
57.244,-0.98,-1.34,0.8,-1.32,0.78,-1.32
57.258,-0.9,-1.35,0.78,-1.32,0.76,-1.32
57.273,-0.95,-1.4,0.77,-1.31,0.75,-1.32
57.287,-0.98,-1.38,0.75,-1.32,0.73,-1.32
57.301,-0.95,-1.36,0.73,-1.32,0.72,-1.32
57.316,-0.92,-1.36,0.72,-1.32,0.7,-1.32
57.33,-0.94,-1.34,0.7,-1.32,0.69,-1.32
57.344,-0.98,-1.37,0.69,-1.32,0.67,-1.32
57.358,-0.96,-1.38,0.68,-1.32,0.66,-1.32
57.373,-0.96,-1.4,0.66,-1.32,0.65,-1.32
57.387,-0.99,-1.37,0.65,-1.32,0.63,-1.32
57.401,-0.94,-1.34,0.63,-1.32,0.62,-1.32
57.416,-0.94,-1.32,0.62,-1.32,0.6,-1.32
57.43,-0.97,-1.34,0.61,-1.32,0.59,-1.32
57.444,-0.96,-1.38,0.59,-1.32,0.58,-1.32
57.458,-0.94,-1.37,0.58,-1.32,0.56,-1.32
57.473,-0.96,-1.39,0.56,-1.32,0.55,-1.32
57.487,-0.97,-1.36,0.55,-1.32,0.53,-1.32
57.501,-0.9,-1.36,0.54,-1.33,0.52,-1.33
57.515,-0.89,-1.4,0.52,-1.33,0.51,-1.33
57.53,-0.89,-1.4,0.51,-1.33,0.5,-1.33
57.544,-0.97,-1.36,0.5,-1.33,0.48,-1.33
57.558,-0.98,-1.33,0.49,-1.33,0.47,-1.33
57.572,-0.95,-1.33,0.47,-1.33,0.46,-1.33
57.587,-0.99,-1.38,0.46,-1.33,0.45,-1.33
57.601,-1.0,-1.41,0.45,-1.33,0.43,-1.33
57.615,-0.98,-1.37,0.44,-1.33,0.42,-1.33
57.63,-1.0,-1.34,0.42,-1.33,0.41,-1.33
57.644,-0.97,-1.37,0.41,-1.33,0.4,-1.33
57.658,-0.96,-1.38,0.4,-1.33,0.39,-1.33
57.673,-1.01,-1.38,0.39,-1.33,0.37,-1.33
57.687,-1.05,-1.34,0.38,-1.33,0.36,-1.33
57.701,-0.96,-1.33,0.36,-1.33,0.35,-1.33
57.715,-0.96,-1.36,0.35,-1.32,0.34,-1.33
57.73,-0.96,-1.38,0.34,-1.32,0.33,-1.32
57.744,-0.98,-1.39,0.33,-1.32,0.32,-1.33
57.758,-0.98,-1.36,0.32,-1.33,0.31,-1.33
57.773,-0.99,-1.33,0.31,-1.33,0.29,-1.33
57.787,-0.94,-1.38,0.3,-1.32,0.28,-1.32
57.801,-0.91,-1.4,0.29,-1.32,0.27,-1.32
57.816,-0.93,-1.38,0.28,-1.32,0.26,-1.32
57.83,-0.99,-1.31,0.27,-1.32,0.25,-1.32
57.844,-1.0,-1.33,0.26,-1.33,0.24,-1.33
57.859,-0.92,-1.39,0.24,-1.33,0.23,-1.33
57.873,-0.94,-1.41,0.23,-1.33,0.22,-1.33
57.887,-1.0,-1.38,0.22,-1.33,0.21,-1.33
57.902,-0.99,-1.33,0.21,-1.32,0.2,-1.32
57.916,-0.89,-1.33,0.2,-1.32,0.19,-1.32
57.93,-0.86,-1.31,0.19,-1.32,0.18,-1.32
57.944,-0.85,-1.32,0.18,-1.32,0.17,-1.32
57.959,-0.97,-1.41,0.18,-1.32,0.16,-1.33
57.973,-0.94,-1.38,0.17,-1.32,0.15,-1.33
57.987,-0.88,-1.18,0.16,-1.33,0.15,-1.32
58.002,-0.96,-1.29,0.15,-1.32,0.14,-1.32
58.016,-1.09,-1.64,0.14,-1.32,0.13,-1.33
58.03,-0.98,-1.51,0.13,-1.33,0.12,-1.33
58.045,-0.9,-1.3,0.12,-1.33,0.11,-1.33
58.059,-0.97,-1.38,0.11,-1.33,0.1,-1.33
58.073,-0.98,-1.4,0.1,-1.33,0.09,-1.33
58.087,-0.85,-1.25,0.1,-1.33,0.09,-1.33
58.101,-0.92,-1.29,0.09,-1.33,0.08,-1.33
58.116,-1.04,-1.43,0.08,-1.33,0.07,-1.33
58.131,-1.02,-1.4,0.07,-1.33,0.06,-1.33
58.145,-0.96,-1.32,0.06,-1.33,0.05,-1.33
58.16,-0.94,-1.37,0.05,-1.32,0.04,-1.33
58.174,-0.85,-1.29,0.05,-1.33,0.04,-1.32
58.188,-0.87,-1.23,0.04,-1.32,0.03,-1.32
58.203,-0.94,-1.35,0.03,-1.32,0.02,-1.32
58.217,-0.99,-1.47,0.02,-1.32,0.01,-1.32
58.232,-1.05,-1.54,0.01,-1.32,0.0,-1.33
58.245,-1.12,-1.45,0.0,-1.33,-0.01,-1.33
58.26,-1.02,-1.4,-0.01,-1.33,-0.02,-1.33
58.275,-0.89,-1.37,-0.01,-1.33,-0.02,-1.33
58.289,-0.95,-1.35,-0.02,-1.33,-0.03,-1.33
58.303,-0.96,-1.28,-0.03,-1.33,-0.04,-1.33
58.318,-0.89,-1.26,-0.04,-1.33,-0.05,-1.33
58.332,-0.83,-1.36,-0.05,-1.33,-0.05,-1.33
58.347,-0.89,-1.36,-0.05,-1.33,-0.06,-1.33
58.361,-0.99,-1.4,-0.06,-1.33,-0.07,-1.33
58.376,-0.96,-1.38,-0.06,-1.33,-0.07,-1.33
58.39,-0.97,-1.34,-0.07,-1.33,-0.08,-1.33
58.405,-0.94,-1.33,-0.08,-1.33,-0.09,-1.33
58.419,-0.92,-1.29,-0.09,-1.32,-0.09,-1.32
58.434,-0.9,-1.4,-0.09,-1.32,-0.1,-1.32
58.448,-0.9,-1.46,-0.1,-1.32,-0.11,-1.33
58.465,-0.95,-1.35,-0.1,-1.32,-0.11,-1.32
58.479,-1.03,-1.35,-0.11,-1.32,-0.12,-1.32
58.494,-0.98,-1.35,-0.12,-1.32,-0.12,-1.32
58.508,-0.96,-1.32,-0.12,-1.32,-0.13,-1.32
58.523,-0.88,-1.21,-0.13,-1.32,-0.14,-1.32
58.537,-0.89,-1.24,-0.13,-1.32,-0.14,-1.32
58.552,-0.97,-1.4,-0.14,-1.32,-0.15,-1.32
58.566,-0.98,-1.34,-0.15,-1.32,-0.15,-1.32
58.58,-0.89,-1.36,-0.15,-1.32,-0.16,-1.32
58.595,-0.87,-1.38,-0.16,-1.32,-0.16,-1.32
58.61,-0.98,-1.38,-0.16,-1.32,-0.17,-1.32
58.624,-1.01,-1.39,-0.17,-1.32,-0.18,-1.32
58.639,-1.03,-1.4,-0.18,-1.32,-0.18,-1.32
58.654,-1.01,-1.34,-0.18,-1.32,-0.19,-1.32
58.668,-0.93,-1.25,-0.19,-1.32,-0.2,-1.32
58.683,-0.94,-1.25,-0.19,-1.32,-0.2,-1.32
58.697,-0.94,-1.36,-0.2,-1.32,-0.21,-1.32
58.712,-0.96,-1.39,-0.2,-1.32,-0.21,-1.32
58.726,-0.97,-1.4,-0.21,-1.32,-0.22,-1.32
58.741,-0.98,-1.35,-0.21,-1.32,-0.22,-1.32
58.755,-0.94,-1.31,-0.22,-1.32,-0.23,-1.32
58.77,-0.95,-1.27,-0.23,-1.32,-0.23,-1.32
58.784,-0.97,-1.27,-0.23,-1.32,-0.24,-1.32
58.798,-0.94,-1.35,-0.24,-1.32,-0.25,-1.32
58.813,-0.98,-1.35,-0.24,-1.32,-0.25,-1.32
58.827,-0.96,-1.36,-0.25,-1.32,-0.26,-1.32
58.842,-1.0,-1.34,-0.25,-1.32,-0.26,-1.32
58.856,-0.98,-1.29,-0.26,-1.32,-0.27,-1.32
58.871,-0.98,-1.32,-0.26,-1.32,-0.27,-1.32
58.885,-0.94,-1.41,-0.27,-1.32,-0.28,-1.32
58.899,-0.94,-1.4,-0.27,-1.32,-0.28,-1.32
58.914,-0.96,-1.34,-0.28,-1.32,-0.28,-1.32
58.928,-0.91,-1.28,-0.28,-1.32,-0.29,-1.32
58.943,-0.81,-1.27,-0.29,-1.32,-0.29,-1.32
58.957,-0.89,-1.38,-0.29,-1.32,-0.3,-1.32
58.972,-0.98,-1.46,-0.3,-1.32,-0.3,-1.32
58.986,-1.03,-1.4,-0.3,-1.32,-0.31,-1.32
59.0,-1.01,-1.31,-0.3,-1.32,-0.31,-1.32
59.015,-0.91,-1.18,-0.31,-1.32,-0.32,-1.32
59.029,-0.86,-1.16,-0.31,-1.32,-0.32,-1.32
59.044,-0.98,-1.36,-0.32,-1.32,-0.32,-1.32
59.058,-1.01,-1.43,-0.32,-1.32,-0.33,-1.32
59.072,-1.04,-1.5,-0.33,-1.32,-0.33,-1.32
59.087,-0.98,-1.41,-0.33,-1.32,-0.34,-1.32
59.101,-0.94,-1.31,-0.33,-1.32,-0.34,-1.32
59.116,-0.87,-1.23,-0.34,-1.32,-0.34,-1.32
59.13,-0.89,-1.33,-0.34,-1.32,-0.35,-1.32
59.144,-1.02,-1.5,-0.34,-1.32,-0.35,-1.32
59.159,-0.94,-1.46,-0.35,-1.32,-0.35,-1.33
59.173,-0.87,-1.2,-0.35,-1.33,-0.36,-1.33
59.187,-0.89,-1.14,-0.36,-1.33,-0.36,-1.32
59.202,-0.99,-1.31,-0.36,-1.32,-0.37,-1.32
59.216,-1.02,-1.46,-0.36,-1.32,-0.37,-1.32
59.231,-1.0,-1.56,-0.37,-1.32,-0.37,-1.33
59.245,-0.92,-1.43,-0.37,-1.33,-0.38,-1.33
59.259,-0.84,-1.28,-0.38,-1.33,-0.38,-1.33
59.274,-0.86,-1.12,-0.38,-1.33,-0.39,-1.32
59.288,-0.89,-1.2,-0.38,-1.32,-0.39,-1.32
59.303,-1.0,-1.55,-0.39,-1.32,-0.39,-1.33
59.317,-1.02,-1.62,-0.39,-1.32,-0.4,-1.33
59.331,-0.9,-1.38,-0.39,-1.33,-0.4,-1.33
59.346,-0.78,-1.2,-0.4,-1.33,-0.4,-1.33
59.36,-0.87,-1.01,-0.4,-1.33,-0.4,-1.32
59.375,-0.99,-1.08,-0.4,-1.32,-0.41,-1.32
59.389,-1.16,-1.47,-0.41,-1.32,-0.42,-1.32
59.403,-1.09,-1.57,-0.41,-1.32,-0.42,-1.32
59.418,-0.96,-1.51,-0.42,-1.32,-0.43,-1.33
59.433,-0.9,-1.24,-0.42,-1.33,-0.43,-1.32
59.447,-0.9,-1.19,-0.43,-1.32,-0.43,-1.32
59.462,-1.02,-1.37,-0.43,-1.32,-0.43,-1.32
59.476,-1.05,-1.48,-0.43,-1.32,-0.44,-1.32
59.491,-0.93,-1.44,-0.44,-1.32,-0.44,-1.32
59.505,-0.84,-1.32,-0.44,-1.32,-0.44,-1.32
59.52,-0.88,-1.14,-0.44,-1.32,-0.45,-1.32
59.534,-0.93,-1.21,-0.44,-1.32,-0.45,-1.32
59.549,-0.99,-1.51,-0.45,-1.32,-0.45,-1.32
59.564,-1.02,-1.62,-0.45,-1.32,-0.46,-1.32
59.578,-1.0,-1.5,-0.45,-1.33,-0.46,-1.33
59.592,-0.94,-1.27,-0.46,-1.33,-0.46,-1.33
59.607,-0.9,-1.12,-0.46,-1.33,-0.47,-1.33
59.621,-0.96,-1.24,-0.46,-1.33,-0.47,-1.33
59.636,-0.98,-1.36,-0.47,-1.33,-0.47,-1.33
59.65,-1.01,-1.48,-0.47,-1.33,-0.48,-1.33
59.665,-0.95,-1.47,-0.47,-1.33,-0.48,-1.33
59.679,-0.91,-1.31,-0.48,-1.33,-0.48,-1.33
59.694,-0.92,-1.2,-0.48,-1.33,-0.48,-1.33
59.708,-0.93,-1.32,-0.48,-1.33,-0.48,-1.33
59.722,-0.91,-1.4,-0.48,-1.33,-0.49,-1.33
59.737,-1.0,-1.49,-0.49,-1.33,-0.49,-1.33
59.751,-0.99,-1.4,-0.49,-1.33,-0.49,-1.33
59.765,-0.87,-1.19,-0.49,-1.33,-0.5,-1.33
59.782,-0.83,-1.21,-0.5,-1.33,-0.5,-1.33
59.796,-1.0,-1.41,-0.5,-1.33,-0.5,-1.33
59.811,-1.11,-1.51,-0.5,-1.33,-0.5,-1.33
59.825,-1.07,-1.56,-0.5,-1.33,-0.51,-1.33
59.84,-0.99,-1.41,-0.51,-1.33,-0.51,-1.33
59.854,-0.85,-1.01,-0.51,-1.33,-0.51,-1.33
59.868,-0.87,-0.99,-0.51,-1.33,-0.51,-1.33
59.883,-0.94,-1.16,-0.51,-1.33,-0.52,-1.32
59.897,-1.03,-1.65,-0.51,-1.32,-0.52,-1.33
59.911,-1.07,-1.68,-0.52,-1.33,-0.52,-1.33
59.926,-0.94,-1.43,-0.52,-1.33,-0.53,-1.33
59.94,-0.88,-1.26,-0.52,-1.33,-0.53,-1.33
59.955,-0.92,-1.16,-0.53,-1.33,-0.53,-1.33
59.969,-0.97,-1.28,-0.53,-1.33,-0.53,-1.33
59.984,-1.09,-1.55,-0.53,-1.33,-0.54,-1.33
59.998,-1.03,-1.58,-0.53,-1.33,-0.54,-1.33
