Time (s),Accel Roll (deg),Accel Pitch (deg),Gyro Roll (deg),Gyro Pitch (deg),Filtered Roll (deg),Filtered Pitch (deg)
0.001,-0.96,-1.34,-0.8,-1.24,-0.8,-1.24
0.014,-1.04,-1.23,-0.8,-1.24,-0.8,-1.24
0.028,-1.07,-1.18,-0.8,-1.24,-0.8,-1.24
0.043,-0.98,-1.28,-0.8,-1.24,-0.8,-1.24
0.057,-0.98,-1.3,-0.8,-1.24,-0.8,-1.24
0.072,-1.04,-1.24,-0.8,-1.24,-0.8,-1.24
0.087,-1.02,-1.25,-0.8,-1.24,-0.8,-1.24
0.101,-0.92,-1.27,-0.8,-1.24,-0.8,-1.24
0.115,-0.97,-1.23,-0.8,-1.24,-0.8,-1.24
0.13,-1.03,-1.23,-0.8,-1.24,-0.8,-1.24
0.145,-1.03,-1.34,-0.8,-1.24,-0.8,-1.24
0.159,-1.0,-1.32,-0.8,-1.24,-0.8,-1.24
0.174,-0.96,-1.23,-0.8,-1.24,-0.8,-1.24
0.188,-1.06,-1.23,-0.79,-1.25,-0.8,-1.25
0.203,-1.1,-1.25,-0.8,-1.25,-0.8,-1.25
0.217,-1.06,-1.29,-0.8,-1.25,-0.8,-1.25
0.232,-0.97,-1.22,-0.8,-1.25,-0.8,-1.25
0.246,-1.08,-1.24,-0.8,-1.24,-0.8,-1.24
0.261,-1.01,-1.28,-0.8,-1.24,-0.8,-1.24
0.275,-0.99,-1.25,-0.8,-1.24,-0.8,-1.24
0.29,-1.03,-1.17,-0.8,-1.24,-0.8,-1.24
0.304,-1.07,-1.2,-0.8,-1.24,-0.8,-1.24
0.318,-1.04,-1.26,-0.8,-1.24,-0.8,-1.24
0.333,-0.95,-1.27,-0.8,-1.24,-0.8,-1.24
0.347,-0.9,-1.22,-0.8,-1.24,-0.8,-1.24
0.362,-1.02,-1.18,-0.8,-1.24,-0.8,-1.24
0.377,-1.04,-1.26,-0.8,-1.24,-0.8,-1.24
0.391,-1.01,-1.28,-0.8,-1.24,-0.8,-1.24
0.405,-0.99,-1.23,-0.8,-1.24,-0.8,-1.24
0.42,-1.07,-1.2,-0.8,-1.24,-0.8,-1.24
0.434,-1.06,-1.22,-0.8,-1.24,-0.81,-1.24
0.449,-1.02,-1.23,-0.8,-1.24,-0.81,-1.24
0.463,-0.94,-1.21,-0.81,-1.24,-0.81,-1.24
0.478,-0.92,-1.24,-0.81,-1.24,-0.81,-1.24
0.492,-0.98,-1.31,-0.81,-1.24,-0.81,-1.24
0.506,-0.97,-1.31,-0.81,-1.24,-0.81,-1.24
0.521,-0.95,-1.32,-0.81,-1.24,-0.81,-1.24
0.536,-0.97,-1.27,-0.81,-1.24,-0.81,-1.24
0.55,-1.0,-1.33,-0.81,-1.24,-0.81,-1.24
0.565,-1.0,-1.31,-0.8,-1.24,-0.81,-1.24
0.58,-1.04,-1.16,-0.8,-1.24,-0.81,-1.24
0.594,-1.09,-1.18,-0.8,-1.24,-0.81,-1.24
0.609,-0.97,-1.28,-0.81,-1.24,-0.81,-1.24
0.623,-0.98,-1.28,-0.81,-1.24,-0.81,-1.24
0.638,-1.03,-1.25,-0.81,-1.24,-0.81,-1.24
0.652,-1.03,-1.23,-0.81,-1.24,-0.81,-1.24
0.667,-1.05,-1.2,-0.81,-1.24,-0.81,-1.24
0.681,-1.05,-1.19,-0.81,-1.24,-0.81,-1.24
0.696,-0.96,-1.21,-0.81,-1.24,-0.81,-1.24
0.71,-0.93,-1.25,-0.81,-1.24,-0.81,-1.24
0.725,-0.89,-1.28,-0.81,-1.24,-0.81,-1.24
0.74,-0.92,-1.31,-0.81,-1.24,-0.81,-1.24
0.754,-0.97,-1.27,-0.81,-1.24,-0.81,-1.24
0.768,-1.0,-1.26,-0.8,-1.24,-0.81,-1.24
0.783,-1.03,-1.23,-0.8,-1.24,-0.81,-1.24
0.797,-1.05,-1.21,-0.81,-1.24,-0.81,-1.24
0.812,-1.04,-1.23,-0.81,-1.24,-0.81,-1.24
0.826,-1.05,-1.23,-0.81,-1.24,-0.81,-1.24
0.84,-1.05,-1.24,-0.81,-1.24,-0.81,-1.24
0.855,-1.02,-1.25,-0.81,-1.24,-0.81,-1.24
0.87,-1.01,-1.25,-0.81,-1.24,-0.81,-1.24
0.884,-0.98,-1.31,-0.81,-1.24,-0.81,-1.24
0.899,-0.94,-1.31,-0.81,-1.24,-0.81,-1.24
0.913,-0.98,-1.31,-0.81,-1.24,-0.81,-1.24
0.928,-0.93,-1.3,-0.81,-1.24,-0.81,-1.24
0.942,-0.86,-1.24,-0.81,-1.24,-0.81,-1.24
0.957,-0.97,-1.27,-0.8,-1.24,-0.8,-1.24
0.971,-1.01,-1.29,-0.8,-1.24,-0.8,-1.24
0.986,-1.08,-1.25,-0.8,-1.24,-0.8,-1.24
1.0,-1.1,-1.22,-0.8,-1.24,-0.81,-1.24
1.015,-0.99,-1.2,-0.8,-1.24,-0.81,-1.24
1.029,-1.0,-1.2,-0.8,-1.24,-0.81,-1.24
1.044,-1.04,-1.27,-0.8,-1.24,-0.81,-1.24
1.058,-1.07,-1.3,-0.8,-1.24,-0.81,-1.24
1.073,-1.02,-1.26,-0.81,-1.24,-0.81,-1.24
1.087,-0.98,-1.27,-0.81,-1.24,-0.81,-1.24
1.102,-1.02,-1.22,-0.81,-1.24,-0.81,-1.24
1.116,-1.0,-1.21,-0.81,-1.24,-0.81,-1.24
1.13,-0.98,-1.24,-0.8,-1.24,-0.81,-1.24
1.145,-0.98,-1.24,-0.81,-1.24,-0.81,-1.24
1.16,-0.97,-1.23,-0.81,-1.24,-0.81,-1.24
1.174,-0.97,-1.22,-0.8,-1.24,-0.81,-1.24
1.189,-0.96,-1.23,-0.8,-1.24,-0.8,-1.24
1.203,-1.03,-1.25,-0.8,-1.24,-0.8,-1.24
1.217,-1.02,-1.23,-0.8,-1.24,-0.81,-1.24
1.232,-1.0,-1.18,-0.8,-1.24,-0.81,-1.24
1.246,-1.0,-1.26,-0.8,-1.24,-0.81,-1.24
1.261,-1.03,-1.28,-0.8,-1.24,-0.81,-1.24
1.275,-1.07,-1.2,-0.8,-1.24,-0.81,-1.24
1.29,-1.01,-1.22,-0.81,-1.24,-0.81,-1.24
1.304,-1.02,-1.25,-0.81,-1.24,-0.81,-1.24
1.319,-0.96,-1.31,-0.81,-1.24,-0.81,-1.24
1.333,-0.94,-1.26,-0.8,-1.24,-0.81,-1.24
1.348,-0.98,-1.21,-0.8,-1.24,-0.8,-1.24
1.362,-0.98,-1.18,-0.8,-1.24,-0.8,-1.24
1.377,-0.98,-1.22,-0.8,-1.24,-0.8,-1.24
1.391,-1.03,-1.29,-0.8,-1.24,-0.8,-1.24
1.406,-1.09,-1.29,-0.8,-1.24,-0.8,-1.24
1.42,-1.05,-1.23,-0.8,-1.24,-0.81,-1.24
1.434,-1.01,-1.21,-0.8,-1.24,-0.81,-1.24
1.449,-0.99,-1.19,-0.81,-1.24,-0.81,-1.24
1.463,-1.03,-1.18,-0.81,-1.24,-0.81,-1.24
1.477,-0.94,-1.22,-0.81,-1.24,-0.81,-1.24
1.492,-0.94,-1.27,-0.81,-1.24,-0.81,-1.24
1.506,-1.07,-1.2,-0.8,-1.24,-0.81,-1.24
1.521,-1.11,-1.19,-0.81,-1.24,-0.81,-1.24
1.536,-1.08,-1.21,-0.81,-1.24,-0.81,-1.24
1.55,-1.03,-1.24,-0.81,-1.24,-0.81,-1.24
1.564,-1.05,-1.23,-0.81,-1.24,-0.81,-1.24
1.579,-1.05,-1.18,-0.81,-1.24,-0.81,-1.24
1.593,-1.04,-1.17,-0.81,-1.24,-0.81,-1.23
1.608,-1.03,-1.2,-0.81,-1.24,-0.81,-1.24
1.622,-1.05,-1.2,-0.81,-1.24,-0.81,-1.24
1.636,-1.01,-1.22,-0.81,-1.24,-0.81,-1.23
1.651,-0.94,-1.27,-0.81,-1.23,-0.81,-1.24
1.665,-0.94,-1.25,-0.81,-1.24,-0.81,-1.24
1.68,-1.01,-1.2,-0.81,-1.24,-0.81,-1.24
1.694,-1.06,-1.19,-0.81,-1.24,-0.81,-1.23
1.709,-1.02,-1.22,-0.81,-1.23,-0.81,-1.23
1.723,-1.02,-1.26,-0.81,-1.23,-0.81,-1.23
1.738,-1.03,-1.27,-0.81,-1.23,-0.81,-1.23
1.752,-0.98,-1.28,-0.81,-1.23,-0.81,-1.23
1.767,-0.98,-1.31,-0.81,-1.23,-0.81,-1.23
1.781,-1.01,-1.29,-0.81,-1.23,-0.81,-1.24
1.796,-0.98,-1.22,-0.81,-1.24,-0.81,-1.24
1.81,-0.96,-1.23,-0.81,-1.23,-0.81,-1.23
1.825,-0.95,-1.24,-0.81,-1.23,-0.81,-1.23
1.839,-0.98,-1.25,-0.81,-1.23,-0.81,-1.23
1.854,-1.01,-1.25,-0.81,-1.23,-0.81,-1.23
1.868,-0.95,-1.23,-0.81,-1.23,-0.81,-1.23
1.882,-1.05,-1.24,-0.81,-1.23,-0.81,-1.23
1.897,-1.07,-1.25,-0.81,-1.23,-0.81,-1.23
1.911,-1.05,-1.25,-0.81,-1.23,-0.81,-1.23
1.926,-0.98,-1.3,-0.81,-1.23,-0.81,-1.23
1.941,-0.98,-1.29,-0.81,-1.23,-0.81,-1.24
1.956,-1.04,-1.26,-0.81,-1.24,-0.81,-1.24
1.97,-1.01,-1.25,-0.8,-1.24,-0.81,-1.24
1.985,-0.98,-1.25,-0.8,-1.24,-0.81,-1.24
1.999,-0.99,-1.25,-0.8,-1.24,-0.81,-1.24
2.014,-0.95,-1.25,-0.81,-1.24,-0.81,-1.24
2.028,-0.94,-1.23,-0.8,-1.24,-0.81,-1.24
2.043,-1.0,-1.2,-0.8,-1.24,-0.81,-1.24
2.057,-1.01,-1.16,-0.8,-1.24,-0.81,-1.23
2.071,-1.1,-1.13,-0.8,-1.23,-0.81,-1.23
2.086,-1.12,-1.22,-0.8,-1.23,-0.81,-1.23
2.1,-1.05,-1.28,-0.81,-1.23,-0.81,-1.24
2.115,-1.03,-1.24,-0.81,-1.24,-0.81,-1.24
2.13,-0.98,-1.17,-0.81,-1.24,-0.81,-1.23
2.144,-1.02,-1.2,-0.8,-1.23,-0.81,-1.23
2.159,-1.02,-1.28,-0.8,-1.23,-0.81,-1.23
2.174,-0.99,-1.28,-0.8,-1.23,-0.81,-1.23
2.188,-1.0,-1.25,-0.8,-1.23,-0.81,-1.23
2.203,-1.02,-1.22,-0.81,-1.23,-0.81,-1.23
2.217,-0.98,-1.23,-0.81,-1.23,-0.81,-1.23
2.232,-0.98,-1.29,-0.8,-1.23,-0.81,-1.23
2.246,-1.02,-1.3,-0.81,-1.23,-0.81,-1.23
2.26,-1.04,-1.29,-0.81,-1.23,-0.81,-1.23
2.275,-1.01,-1.29,-0.81,-1.23,-0.81,-1.23
2.289,-0.99,-1.23,-0.81,-1.23,-0.81,-1.23
2.304,-1.0,-1.23,-0.81,-1.23,-0.81,-1.23
2.318,-1.0,-1.2,-0.81,-1.23,-0.81,-1.23
2.332,-0.98,-1.19,-0.81,-1.23,-0.81,-1.23
2.347,-0.99,-1.19,-0.81,-1.23,-0.81,-1.23
2.361,-0.96,-1.23,-0.81,-1.23,-0.81,-1.23
2.376,-0.94,-1.27,-0.81,-1.23,-0.81,-1.23
2.39,-0.98,-1.27,-0.81,-1.23,-0.81,-1.23
2.405,-1.04,-1.26,-0.81,-1.23,-0.81,-1.23
2.419,-1.08,-1.26,-0.81,-1.23,-0.81,-1.23
2.434,-1.07,-1.28,-0.81,-1.23,-0.81,-1.23
2.448,-1.03,-1.26,-0.81,-1.23,-0.81,-1.23
2.466,-0.95,-1.19,-0.81,-1.23,-0.81,-1.23
2.48,-0.97,-1.2,-0.81,-1.23,-0.81,-1.23
2.495,-1.0,-1.22,-0.81,-1.23,-0.81,-1.23
2.509,-1.09,-1.31,-0.81,-1.23,-0.81,-1.23
2.524,-1.05,-1.32,-0.81,-1.23,-0.81,-1.23
2.538,-0.97,-1.23,-0.81,-1.23,-0.81,-1.23
2.553,-0.94,-1.23,-0.81,-1.23,-0.81,-1.23
2.569,-1.03,-1.27,-0.81,-1.23,-0.81,-1.23
2.583,-1.09,-1.27,-0.81,-1.23,-0.81,-1.23
2.598,-1.06,-1.27,-0.81,-1.23,-0.81,-1.23
2.612,-1.03,-1.27,-0.81,-1.23,-0.81,-1.23
2.626,-1.01,-1.24,-0.81,-1.23,-0.81,-1.23
2.641,-1.01,-1.21,-0.81,-1.23,-0.81,-1.23
2.655,-1.03,-1.25,-0.81,-1.23,-0.81,-1.23
2.67,-1.06,-1.29,-0.81,-1.23,-0.81,-1.23
2.684,-1.07,-1.27,-0.81,-1.23,-0.81,-1.23
2.699,-1.04,-1.24,-0.81,-1.23,-0.81,-1.23
2.713,-0.94,-1.21,-0.81,-1.23,-0.81,-1.23
2.727,-0.92,-1.23,-0.81,-1.23,-0.81,-1.23
2.742,-0.92,-1.25,-0.81,-1.23,-0.81,-1.23
2.756,-0.98,-1.28,-0.81,-1.23,-0.81,-1.23
2.771,-1.0,-1.29,-0.81,-1.23,-0.81,-1.23
2.786,-1.02,-1.24,-0.81,-1.23,-0.81,-1.23
2.8,-1.03,-1.26,-0.81,-1.23,-0.81,-1.23
2.815,-0.96,-1.25,-0.81,-1.23,-0.81,-1.23
2.829,-0.92,-1.23,-0.81,-1.23,-0.81,-1.23
2.844,-1.03,-1.24,-0.81,-1.23,-0.81,-1.23
2.858,-1.06,-1.22,-0.81,-1.23,-0.81,-1.23
2.872,-0.97,-1.21,-0.81,-1.23,-0.81,-1.23
2.887,-0.89,-1.23,-0.81,-1.23,-0.81,-1.23
2.901,-0.92,-1.31,-0.81,-1.23,-0.81,-1.23
2.916,-0.98,-1.31,-0.81,-1.23,-0.81,-1.23
2.93,-1.04,-1.3,-0.81,-1.23,-0.81,-1.23
2.945,-1.02,-1.31,-0.81,-1.23,-0.81,-1.23
2.959,-1.01,-1.29,-0.81,-1.23,-0.81,-1.23
2.973,-0.94,-1.23,-0.81,-1.23,-0.81,-1.23
2.988,-0.96,-1.21,-0.81,-1.23,-0.81,-1.23
3.002,-1.0,-1.29,-0.81,-1.23,-0.81,-1.23
3.017,-1.03,-1.3,-0.81,-1.23,-0.81,-1.23
3.031,-1.09,-1.23,-0.81,-1.23,-0.81,-1.23
3.045,-1.07,-1.25,-0.81,-1.23,-0.81,-1.23
3.06,-0.91,-1.29,-0.81,-1.23,-0.81,-1.23
3.074,-0.87,-1.29,-0.81,-1.23,-0.81,-1.23
3.089,-0.95,-1.3,-0.81,-1.23,-0.81,-1.23
3.103,-1.03,-1.3,-0.81,-1.23,-0.81,-1.23
3.118,-1.08,-1.22,-0.81,-1.23,-0.81,-1.23
3.133,-1.02,-1.2,-0.81,-1.23,-0.81,-1.23
3.147,-0.98,-1.22,-0.81,-1.23,-0.81,-1.23
3.162,-1.03,-1.25,-0.81,-1.23,-0.81,-1.23
3.177,-1.03,-1.24,-0.81,-1.23,-0.81,-1.23
3.191,-1.03,-1.29,-0.81,-1.23,-0.81,-1.23
3.205,-1.03,-1.29,-0.81,-1.23,-0.81,-1.23
3.22,-1.04,-1.25,-0.81,-1.23,-0.81,-1.23
3.234,-1.01,-1.26,-0.81,-1.23,-0.81,-1.23
3.249,-0.9,-1.27,-0.81,-1.23,-0.81,-1.23
3.263,-0.92,-1.27,-0.81,-1.23,-0.81,-1.23
3.278,-1.03,-1.26,-0.81,-1.23,-0.81,-1.23
3.293,-1.03,-1.23,-0.81,-1.23,-0.81,-1.23
3.307,-1.01,-1.26,-0.81,-1.23,-0.81,-1.23
3.321,-1.03,-1.25,-0.81,-1.23,-0.81,-1.23
3.336,-1.0,-1.3,-0.81,-1.23,-0.81,-1.23
3.35,-0.95,-1.28,-0.81,-1.23,-0.81,-1.23
3.365,-1.0,-1.27,-0.81,-1.23,-0.81,-1.23
3.379,-1.04,-1.27,-0.8,-1.23,-0.81,-1.23
3.394,-0.97,-1.26,-0.8,-1.23,-0.81,-1.23
3.408,-0.96,-1.23,-0.8,-1.23,-0.81,-1.23
3.423,-1.01,-1.24,-0.8,-1.23,-0.81,-1.23
3.437,-0.96,-1.3,-0.8,-1.23,-0.81,-1.23
3.452,-0.98,-1.31,-0.8,-1.23,-0.81,-1.23
3.466,-0.95,-1.24,-0.8,-1.23,-0.81,-1.23
3.48,-0.95,-1.25,-0.8,-1.23,-0.81,-1.23
3.495,-0.99,-1.23,-0.81,-1.23,-0.81,-1.23
3.509,-1.0,-1.24,-0.81,-1.23,-0.81,-1.23
3.524,-1.05,-1.27,-0.81,-1.23,-0.81,-1.23
3.538,-1.11,-1.28,-0.81,-1.23,-0.81,-1.23
3.56,-1.11,-1.21,-0.81,-1.23,-0.81,-1.23
3.574,-1.01,-1.24,-0.81,-1.23,-0.81,-1.23
3.589,-0.99,-1.25,-0.81,-1.23,-0.81,-1.23
3.603,-1.03,-1.25,-0.81,-1.23,-0.81,-1.23
3.618,-0.98,-1.24,-0.81,-1.23,-0.81,-1.23
3.632,-0.93,-1.23,-0.81,-1.23,-0.81,-1.23
3.647,-0.98,-1.28,-0.81,-1.23,-0.81,-1.23
3.661,-0.98,-1.3,-0.81,-1.23,-0.81,-1.23
3.676,-0.96,-1.3,-0.8,-1.23,-0.81,-1.23
3.69,-0.98,-1.25,-0.8,-1.23,-0.81,-1.23
3.704,-1.02,-1.19,-0.8,-1.23,-0.81,-1.23
3.719,-1.02,-1.16,-0.8,-1.23,-0.81,-1.23
3.733,-1.01,-1.25,-0.8,-1.23,-0.81,-1.23
3.748,-1.01,-1.27,-0.8,-1.23,-0.81,-1.23
3.762,-1.01,-1.25,-0.8,-1.23,-0.81,-1.23
3.777,-1.01,-1.23,-0.8,-1.23,-0.81,-1.23
3.792,-0.97,-1.27,-0.8,-1.23,-0.81,-1.23
3.806,-0.98,-1.29,-0.8,-1.23,-0.8,-1.23
3.821,-1.04,-1.26,-0.8,-1.23,-0.81,-1.23
3.836,-1.03,-1.26,-0.8,-1.23,-0.8,-1.23
3.85,-1.01,-1.23,-0.8,-1.23,-0.81,-1.23
3.865,-0.96,-1.2,-0.8,-1.23,-0.81,-1.23
3.879,-0.94,-1.22,-0.8,-1.23,-0.8,-1.23
3.893,-1.02,-1.29,-0.8,-1.23,-0.8,-1.23
3.908,-1.04,-1.27,-0.8,-1.23,-0.81,-1.23
3.922,-1.07,-1.29,-0.8,-1.23,-0.81,-1.23
3.937,-1.08,-1.23,-0.8,-1.23,-0.81,-1.23
3.951,-1.05,-1.25,-0.8,-1.23,-0.81,-1.23
3.965,-1.01,-1.27,-0.8,-1.23,-0.81,-1.23
3.98,-0.96,-1.24,-0.81,-1.23,-0.81,-1.23
3.994,-0.98,-1.22,-0.8,-1.23,-0.81,-1.23
4.009,-1.0,-1.3,-0.8,-1.23,-0.81,-1.23
4.023,-1.03,-1.33,-0.81,-1.23,-0.81,-1.23
4.038,-0.99,-1.28,-0.81,-1.23,-0.81,-1.23
4.052,-0.95,-1.19,-0.81,-1.23,-0.81,-1.23
4.067,-0.93,-1.17,-0.8,-1.23,-0.81,-1.23
4.082,-1.01,-1.25,-0.8,-1.23,-0.81,-1.23
4.099,-1.03,-1.21,-0.8,-1.23,-0.81,-1.23
4.114,-0.99,-1.2,-0.8,-1.23,-0.81,-1.23
4.128,-0.95,-1.25,-0.8,-1.23,-0.8,-1.23
4.143,-1.03,-1.25,-0.8,-1.23,-0.8,-1.23
4.157,-1.03,-1.27,-0.8,-1.23,-0.8,-1.23
4.172,-0.99,-1.25,-0.8,-1.23,-0.81,-1.23
4.186,-0.97,-1.24,-0.8,-1.23,-0.8,-1.23
4.202,-1.0,-1.26,-0.8,-1.23,-0.81,-1.23
4.216,-0.97,-1.24,-0.8,-1.23,-0.81,-1.23
4.23,-0.94,-1.22,-0.81,-1.24,-0.81,-1.24
4.245,-0.94,-1.22,-0.81,-1.24,-0.81,-1.24
4.259,-1.01,-1.26,-0.8,-1.24,-0.81,-1.24
4.274,-1.01,-1.25,-0.8,-1.24,-0.81,-1.24
4.289,-1.0,-1.23,-0.8,-1.24,-0.8,-1.24
4.303,-1.02,-1.25,-0.8,-1.24,-0.81,-1.24
4.318,-1.03,-1.24,-0.8,-1.24,-0.81,-1.24
4.332,-0.99,-1.26,-0.8,-1.24,-0.81,-1.24
4.347,-1.01,-1.32,-0.8,-1.24,-0.81,-1.24
4.361,-1.03,-1.31,-0.8,-1.24,-0.81,-1.24
4.376,-0.98,-1.19,-0.8,-1.24,-0.8,-1.24
4.39,-0.98,-1.2,-0.8,-1.24,-0.8,-1.24
4.405,-1.02,-1.27,-0.8,-1.24,-0.81,-1.24
4.419,-1.05,-1.21,-0.8,-1.24,-0.81,-1.24
4.434,-1.05,-1.22,-0.8,-1.23,-0.81,-1.23
4.448,-1.0,-1.22,-0.81,-1.23,-0.81,-1.23
4.463,-1.0,-1.24,-0.81,-1.23,-0.81,-1.23
4.477,-1.03,-1.25,-0.81,-1.23,-0.81,-1.23
4.491,-1.0,-1.25,-0.81,-1.23,-0.81,-1.23
4.506,-1.01,-1.29,-0.81,-1.23,-0.81,-1.23
4.52,-0.96,-1.29,-0.81,-1.23,-0.81,-1.23
4.535,-1.01,-1.29,-0.81,-1.24,-0.81,-1.24
4.549,-1.01,-1.25,-0.81,-1.24,-0.81,-1.24
4.563,-1.0,-1.2,-0.81,-1.24,-0.81,-1.24
4.578,-0.93,-1.21,-0.81,-1.24,-0.81,-1.24
4.592,-0.99,-1.21,-0.81,-1.24,-0.81,-1.24
4.606,-0.98,-1.25,-0.81,-1.24,-0.81,-1.24
4.621,-0.98,-1.26,-0.81,-1.24,-0.81,-1.24
4.638,-0.99,-1.25,-0.81,-1.24,-0.81,-1.24
4.652,-0.98,-1.18,-0.81,-1.24,-0.81,-1.24
4.667,-0.97,-1.3,-0.81,-1.24,-0.81,-1.24
4.681,-1.07,-1.14,-0.81,-1.24,-0.81,-1.24
4.696,-1.12,-1.18,-0.81,-1.23,-0.81,-1.23
4.71,-0.85,-1.24,-0.81,-1.23,-0.81,-1.23
4.725,-0.94,-1.31,-0.81,-1.23,-0.81,-1.23
4.739,-1.0,-1.29,-0.81,-1.23,-0.81,-1.23
4.753,-1.0,-1.2,-0.81,-1.23,-0.81,-1.23
4.768,-1.0,-1.18,-0.81,-1.23,-0.81,-1.23
4.782,-1.01,-1.25,-0.81,-1.23,-0.81,-1.23
4.797,-1.01,-1.29,-0.81,-1.23,-0.81,-1.23
4.811,-1.0,-1.24,-0.81,-1.23,-0.81,-1.23
4.825,-1.05,-1.2,-0.81,-1.23,-0.81,-1.23
4.84,-0.9,-1.25,-0.81,-1.23,-0.81,-1.23
4.854,-0.96,-1.26,-0.8,-1.23,-0.81,-1.23
4.868,-1.09,-1.25,-0.8,-1.23,-0.81,-1.23
4.883,-1.04,-1.23,-0.8,-1.23,-0.81,-1.23
4.897,-0.94,-1.24,-0.81,-1.23,-0.81,-1.23
4.912,-0.99,-1.23,-0.81,-1.23,-0.81,-1.23
4.926,-1.01,-1.2,-0.81,-1.23,-0.81,-1.23
4.941,-0.98,-1.27,-0.8,-1.23,-0.81,-1.23
4.956,-0.94,-1.26,-0.8,-1.23,-0.81,-1.23
4.97,-1.01,-1.21,-0.8,-1.23,-0.81,-1.23
4.984,-0.98,-1.26,-0.8,-1.23,-0.81,-1.23
4.999,-1.03,-1.36,-0.8,-1.23,-0.81,-1.23
5.013,-0.95,-1.28,-0.8,-1.23,-0.81,-1.23
5.028,-1.01,-1.22,-0.8,-1.23,-0.81,-1.23
5.042,-1.07,-1.23,-0.8,-1.23,-0.81,-1.23
5.057,-0.85,-1.29,-0.8,-1.23,-0.81,-1.23
5.071,-1.0,-1.25,-0.8,-1.23,-0.81,-1.23
5.086,-1.12,-1.21,-0.8,-1.23,-0.81,-1.23
5.1,-1.07,-1.2,-0.8,-1.23,-0.81,-1.23
5.114,-1.02,-1.3,-0.8,-1.23,-0.81,-1.23
5.129,-1.03,-1.35,-0.8,-1.23,-0.81,-1.23
5.143,-0.97,-1.27,-0.8,-1.23,-0.81,-1.23
5.158,-0.91,-1.11,-0.8,-1.23,-0.81,-1.23
5.172,-0.92,-1.14,-0.8,-1.23,-0.81,-1.23
5.186,-0.99,-1.24,-0.8,-1.23,-0.81,-1.23
5.201,-1.02,-1.29,-0.8,-1.23,-0.81,-1.23
5.215,-1.0,-1.28,-0.8,-1.23,-0.81,-1.23
5.23,-0.96,-1.21,-0.8,-1.23,-0.81,-1.23
5.244,-1.02,-1.19,-0.8,-1.23,-0.81,-1.23
5.259,-1.03,-1.22,-0.8,-1.23,-0.81,-1.23
5.273,-0.98,-1.26,-0.81,-1.23,-0.81,-1.23
5.288,-1.03,-1.31,-0.81,-1.23,-0.81,-1.23
5.302,-1.02,-1.26,-0.81,-1.23,-0.81,-1.23
5.317,-1.02,-1.17,-0.81,-1.23,-0.81,-1.23
5.331,-1.01,-1.25,-0.81,-1.23,-0.81,-1.23
5.346,-0.96,-1.3,-0.81,-1.23,-0.81,-1.23
5.36,-1.05,-1.27,-0.81,-1.23,-0.81,-1.23
5.375,-1.07,-1.27,-0.81,-1.23,-0.81,-1.23
5.389,-0.98,-1.29,-0.81,-1.23,-0.81,-1.23
5.404,-1.01,-1.24,-0.81,-1.23,-0.81,-1.23
5.418,-1.03,-1.2,-0.81,-1.23,-0.81,-1.23
5.433,-1.01,-1.24,-0.81,-1.23,-0.81,-1.23
5.447,-0.97,-1.21,-0.81,-1.23,-0.81,-1.23
5.461,-1.0,-1.23,-0.81,-1.23,-0.81,-1.23
5.476,-1.07,-1.31,-0.81,-1.23,-0.81,-1.23
5.49,-1.03,-1.3,-0.81,-1.23,-0.81,-1.23
5.508,-0.9,-1.24,-0.81,-1.23,-0.81,-1.23
5.523,-0.95,-1.24,-0.81,-1.23,-0.81,-1.23
5.538,-0.96,-1.25,-0.81,-1.23,-0.81,-1.23
5.552,-0.92,-1.31,-0.81,-1.23,-0.81,-1.23
5.566,-0.92,-1.27,-0.81,-1.23,-0.81,-1.23
5.581,-0.99,-1.16,-0.81,-1.23,-0.81,-1.23
5.595,-1.03,-1.22,-0.81,-1.23,-0.81,-1.23
5.61,-1.03,-1.29,-0.81,-1.23,-0.81,-1.23
5.626,-0.96,-1.24,-0.81,-1.23,-0.81,-1.23
5.64,-1.02,-1.18,-0.81,-1.23,-0.81,-1.23
5.655,-1.06,-1.22,-0.81,-1.23,-0.81,-1.23
5.669,-1.04,-1.23,-0.81,-1.23,-0.81,-1.23
5.683,-1.0,-1.24,-0.81,-1.23,-0.81,-1.23
5.698,-0.99,-1.22,-0.81,-1.23,-0.81,-1.23
5.712,-0.94,-1.24,-0.81,-1.23,-0.81,-1.23
5.727,-0.98,-1.28,-0.81,-1.23,-0.81,-1.23
5.741,-0.95,-1.22,-0.81,-1.23,-0.81,-1.23
5.756,-0.96,-1.21,-0.81,-1.23,-0.81,-1.23
5.77,-0.97,-1.24,-0.81,-1.23,-0.81,-1.23
5.785,-0.98,-1.22,-0.81,-1.23,-0.81,-1.23
5.8,-1.0,-1.24,-0.81,-1.23,-0.81,-1.23
5.815,-1.03,-1.25,-0.81,-1.23,-0.81,-1.23
5.83,-1.06,-1.22,-0.81,-1.23,-0.81,-1.23
5.844,-1.02,-1.22,-0.81,-1.23,-0.81,-1.23
5.859,-0.96,-1.24,-0.81,-1.23,-0.81,-1.23
5.874,-0.96,-1.25,-0.81,-1.23,-0.81,-1.23
5.888,-1.08,-1.28,-0.81,-1.23,-0.81,-1.23
5.903,-1.08,-1.28,-0.81,-1.23,-0.81,-1.23
5.917,-0.93,-1.25,-0.81,-1.23,-0.81,-1.23
5.932,-0.88,-1.25,-0.81,-1.24,-0.81,-1.24
5.946,-1.01,-1.28,-0.81,-1.24,-0.81,-1.24
5.961,-0.99,-1.26,-0.81,-1.24,-0.81,-1.24
5.975,-0.96,-1.29,-0.81,-1.24,-0.81,-1.24
5.99,-1.01,-1.24,-0.81,-1.24,-0.81,-1.24
6.004,-1.02,-1.22,-0.81,-1.24,-0.81,-1.24
6.018,-0.8,-1.32,-0.81,-1.24,-0.81,-1.24
6.033,-0.9,-1.33,-0.8,-1.24,-0.81,-1.24
6.047,-1.1,-1.23,-0.8,-1.24,-0.8,-1.24
6.062,-1.08,-1.23,-0.8,-1.24,-0.81,-1.24
6.076,-0.82,-1.28,-0.8,-1.24,-0.81,-1.24
6.091,-0.9,-1.26,-0.8,-1.24,-0.8,-1.24
6.105,-0.97,-1.27,-0.8,-1.24,-0.8,-1.24
6.12,-0.99,-1.26,-0.8,-1.24,-0.8,-1.24
6.134,-1.0,-1.2,-0.8,-1.24,-0.8,-1.24
6.149,-1.17,-1.12,-0.8,-1.24,-0.8,-1.24
6.163,-1.23,-1.08,-0.8,-1.24,-0.8,-1.24
6.179,-0.97,-1.25,-0.8,-1.24,-0.8,-1.24
6.193,-0.84,-1.31,-0.8,-1.24,-0.8,-1.24
6.207,-1.05,-1.25,-0.8,-1.24,-0.8,-1.24
6.222,-1.22,-1.18,-0.8,-1.24,-0.81,-1.24
6.236,-1.04,-1.2,-0.8,-1.24,-0.81,-1.24
6.251,-0.93,-1.19,-0.8,-1.24,-0.81,-1.24
6.265,-0.97,-1.14,-0.8,-1.24,-0.81,-1.23
6.28,-0.98,-1.2,-0.8,-1.23,-0.81,-1.23
6.294,-0.9,-1.4,-0.8,-1.23,-0.81,-1.24
6.309,-0.92,-1.34,-0.8,-1.24,-0.8,-1.24
6.323,-1.08,-1.11,-0.8,-1.24,-0.8,-1.24
6.338,-1.12,-1.12,-0.8,-1.24,-0.8,-1.23
6.352,-1.04,-1.3,-0.8,-1.23,-0.81,-1.24
6.367,-0.95,-1.35,-0.81,-1.24,-0.81,-1.24
6.381,-0.92,-1.28,-0.8,-1.24,-0.81,-1.24
6.398,-1.08,-1.15,-0.8,-1.24,-0.81,-1.24
6.412,-1.07,-1.23,-0.8,-1.23,-0.81,-1.23
6.427,-1.04,-1.26,-0.81,-1.24,-0.81,-1.24
6.441,-0.99,-1.26,-0.81,-1.24,-0.81,-1.24
6.456,-0.98,-1.36,-0.81,-1.23,-0.81,-1.24
6.47,-0.9,-1.38,-0.81,-1.23,-0.81,-1.24
6.485,-0.91,-1.22,-0.81,-1.24,-0.81,-1.24
6.499,-0.98,-1.18,-0.81,-1.24,-0.81,-1.24
6.513,-1.04,-1.17,-0.81,-1.24,-0.81,-1.24
6.528,-1.02,-1.2,-0.81,-1.23,-0.81,-1.23
6.542,-0.94,-1.24,-0.81,-1.23,-0.81,-1.23
6.556,-0.98,-1.22,-0.81,-1.23,-0.81,-1.23
6.571,-1.06,-1.19,-0.8,-1.23,-0.81,-1.23
6.585,-1.03,-1.22,-0.81,-1.23,-0.81,-1.23
6.599,-0.94,-1.26,-0.81,-1.23,-0.81,-1.23
6.615,-0.87,-1.24,-0.8,-1.23,-0.8,-1.23
6.63,-0.96,-1.22,-0.8,-1.23,-0.8,-1.23
6.644,-0.94,-1.23,-0.8,-1.23,-0.8,-1.23
6.659,-1.01,-1.24,-0.8,-1.23,-0.8,-1.23
6.673,-1.03,-1.22,-0.8,-1.23,-0.81,-1.23
6.688,-1.05,-1.21,-0.8,-1.23,-0.81,-1.23
6.702,-1.03,-1.2,-0.8,-1.23,-0.81,-1.23
6.717,-1.02,-1.23,-0.8,-1.23,-0.81,-1.23
6.731,-1.06,-1.27,-0.8,-1.23,-0.81,-1.23
6.746,-1.15,-1.21,-0.8,-1.23,-0.81,-1.23
6.761,-1.03,-1.18,-0.81,-1.23,-0.81,-1.23
6.775,-0.96,-1.25,-0.81,-1.23,-0.81,-1.23
6.79,-0.98,-1.25,-0.81,-1.23,-0.81,-1.23
6.804,-1.01,-1.25,-0.8,-1.23,-0.81,-1.23
6.819,-0.92,-1.31,-0.8,-1.23,-0.81,-1.23
6.833,-0.92,-1.3,-0.8,-1.23,-0.8,-1.23
6.848,-1.07,-1.15,-0.8,-1.23,-0.8,-1.23
6.862,-1.11,-1.17,-0.8,-1.23,-0.8,-1.23
6.877,-0.99,-1.31,-0.8,-1.23,-0.8,-1.23
6.891,-0.98,-1.3,-0.8,-1.23,-0.8,-1.23
6.906,-1.07,-1.18,-0.8,-1.23,-0.8,-1.23
6.92,-1.08,-1.15,-0.8,-1.23,-0.8,-1.23
6.934,-1.06,-1.16,-0.8,-1.23,-0.8,-1.23
6.949,-1.01,-1.27,-0.8,-1.23,-0.8,-1.23
6.963,-0.98,-1.26,-0.8,-1.23,-0.8,-1.23
6.978,-0.88,-1.29,-0.8,-1.23,-0.8,-1.23
6.992,-0.92,-1.3,-0.8,-1.23,-0.8,-1.23
7.007,-0.98,-1.25,-0.8,-1.23,-0.8,-1.23
7.021,-0.99,-1.24,-0.8,-1.23,-0.8,-1.23
7.036,-0.98,-1.23,-0.79,-1.23,-0.8,-1.23
7.05,-0.97,-1.32,-0.79,-1.23,-0.8,-1.23
7.064,-0.96,-1.32,-0.79,-1.23,-0.8,-1.23
7.079,-0.99,-1.27,-0.79,-1.23,-0.8,-1.23
7.093,-1.07,-1.23,-0.79,-1.23,-0.8,-1.23
7.108,-1.1,-1.21,-0.8,-1.23,-0.8,-1.23
7.122,-1.13,-1.2,-0.8,-1.23,-0.8,-1.23
7.137,-1.03,-1.27,-0.8,-1.23,-0.8,-1.23
7.151,-0.96,-1.28,-0.8,-1.23,-0.8,-1.23
7.166,-0.9,-1.34,-0.8,-1.23,-0.8,-1.23
7.18,-0.87,-1.33,-0.8,-1.23,-0.8,-1.23
7.195,-0.93,-1.24,-0.8,-1.23,-0.8,-1.23
7.209,-0.97,-1.25,-0.8,-1.23,-0.8,-1.23
7.224,-0.96,-1.27,-0.8,-1.23,-0.8,-1.23
7.238,-0.99,-1.27,-0.79,-1.23,-0.8,-1.23
7.253,-1.01,-1.29,-0.8,-1.23,-0.8,-1.23
7.269,-1.02,-1.22,-0.79,-1.23,-0.8,-1.23
7.283,-1.04,-1.27,-0.79,-1.23,-0.8,-1.23
7.298,-1.07,-1.28,-0.79,-1.23,-0.8,-1.23
7.312,-1.05,-1.21,-0.79,-1.23,-0.8,-1.23
7.327,-1.0,-1.21,-0.8,-1.23,-0.8,-1.23
7.341,-0.93,-1.28,-0.8,-1.23,-0.8,-1.23
7.356,-0.87,-1.27,-0.8,-1.23,-0.8,-1.23
7.37,-0.88,-1.25,-0.79,-1.23,-0.8,-1.23
7.385,-0.96,-1.23,-0.79,-1.23,-0.8,-1.23
7.399,-0.99,-1.23,-0.79,-1.23,-0.8,-1.23
7.413,-1.02,-1.27,-0.79,-1.23,-0.79,-1.23
7.428,-1.0,-1.27,-0.79,-1.23,-0.8,-1.23
7.442,-1.08,-1.2,-0.79,-1.23,-0.8,-1.23
7.457,-1.07,-1.21,-0.79,-1.23,-0.8,-1.23
7.472,-1.01,-1.23,-0.79,-1.23,-0.79,-1.23
7.486,-0.99,-1.22,-0.79,-1.23,-0.8,-1.23
7.5,-1.05,-1.25,-0.8,-1.23,-0.8,-1.23
7.515,-0.98,-1.28,-0.8,-1.23,-0.8,-1.23
7.529,-0.96,-1.27,-0.79,-1.23,-0.8,-1.23
7.544,-0.96,-1.25,-0.79,-1.23,-0.8,-1.23
7.558,-0.94,-1.25,-0.79,-1.23,-0.79,-1.23
7.572,-0.96,-1.27,-0.79,-1.23,-0.79,-1.23
7.587,-0.99,-1.29,-0.79,-1.23,-0.79,-1.23
7.602,-1.03,-1.23,-0.79,-1.23,-0.79,-1.23
7.616,-0.98,-1.25,-0.79,-1.23,-0.79,-1.23
7.631,-1.0,-1.25,-0.79,-1.23,-0.79,-1.23
7.645,-1.03,-1.25,-0.79,-1.23,-0.79,-1.23
7.66,-1.0,-1.24,-0.79,-1.23,-0.79,-1.23
7.674,-0.99,-1.24,-0.79,-1.23,-0.79,-1.23
7.689,-1.0,-1.26,-0.79,-1.23,-0.79,-1.23
7.703,-1.0,-1.21,-0.79,-1.23,-0.79,-1.23
7.717,-0.94,-1.18,-0.79,-1.23,-0.79,-1.23
7.732,-0.94,-1.22,-0.79,-1.23,-0.79,-1.23
7.746,-1.01,-1.24,-0.79,-1.23,-0.79,-1.23
7.761,-1.05,-1.24,-0.79,-1.23,-0.79,-1.23
7.775,-1.05,-1.26,-0.79,-1.23,-0.8,-1.23
7.79,-1.0,-1.26,-0.79,-1.23,-0.8,-1.23
7.805,-0.97,-1.21,-0.79,-1.23,-0.8,-1.23
7.819,-1.03,-1.2,-0.8,-1.23,-0.8,-1.23
7.834,-1.04,-1.25,-0.8,-1.23,-0.8,-1.23
7.848,-0.99,-1.24,-0.8,-1.23,-0.8,-1.23
7.863,-1.0,-1.27,-0.8,-1.23,-0.8,-1.23
7.877,-1.03,-1.25,-0.8,-1.23,-0.8,-1.23
7.891,-0.98,-1.21,-0.8,-1.23,-0.8,-1.23
7.906,-0.94,-1.28,-0.79,-1.23,-0.8,-1.23
7.92,-0.96,-1.31,-0.79,-1.22,-0.8,-1.23
7.935,-1.03,-1.23,-0.79,-1.22,-0.8,-1.22
7.949,-1.08,-1.21,-0.79,-1.22,-0.8,-1.22
7.964,-1.05,-1.23,-0.8,-1.22,-0.8,-1.22
7.978,-0.96,-1.22,-0.8,-1.22,-0.8,-1.22
7.993,-0.96,-1.23,-0.8,-1.22,-0.8,-1.22
8.007,-1.01,-1.28,-0.8,-1.22,-0.8,-1.22
8.022,-1.01,-1.27,-0.8,-1.22,-0.8,-1.22
8.036,-1.04,-1.22,-0.8,-1.22,-0.8,-1.22
8.051,-1.04,-1.23,-0.8,-1.22,-0.8,-1.22
8.066,-0.91,-1.26,-0.8,-1.22,-0.8,-1.22
8.08,-0.9,-1.25,-0.8,-1.22,-0.8,-1.22
8.095,-0.96,-1.31,-0.8,-1.22,-0.8,-1.22
8.109,-0.98,-1.28,-0.8,-1.22,-0.8,-1.22
8.124,-0.94,-1.25,-0.8,-1.22,-0.8,-1.22
8.138,-0.89,-1.26,-0.8,-1.22,-0.8,-1.22
8.153,-1.0,-1.22,-0.79,-1.22,-0.8,-1.22
8.167,-1.11,-1.22,-0.79,-1.22,-0.8,-1.22
8.181,-1.06,-1.29,-0.79,-1.22,-0.8,-1.22
8.196,-0.99,-1.25,-0.79,-1.22,-0.8,-1.22
8.21,-0.99,-1.22,-0.79,-1.22,-0.8,-1.22
8.225,-1.05,-1.29,-0.79,-1.22,-0.8,-1.22
8.239,-1.0,-1.26,-0.79,-1.22,-0.8,-1.22
8.254,-0.93,-1.18,-0.8,-1.22,-0.8,-1.22
8.268,-0.94,-1.24,-0.79,-1.22,-0.8,-1.22
8.282,-1.0,-1.26,-0.79,-1.22,-0.8,-1.22
8.297,-1.03,-1.2,-0.79,-1.22,-0.8,-1.22
8.311,-1.06,-1.22,-0.79,-1.22,-0.8,-1.22
8.326,-1.01,-1.31,-0.79,-1.22,-0.8,-1.22
8.34,-0.96,-1.3,-0.79,-1.22,-0.8,-1.22
8.355,-1.07,-1.19,-0.79,-1.22,-0.8,-1.22
8.369,-1.09,-1.2,-0.79,-1.22,-0.8,-1.22
8.384,-1.06,-1.23,-0.79,-1.22,-0.8,-1.22
8.398,-1.03,-1.25,-0.8,-1.22,-0.8,-1.22
8.412,-0.89,-1.29,-0.8,-1.22,-0.8,-1.22
8.427,-0.91,-1.24,-0.79,-1.22,-0.8,-1.22
8.441,-0.89,-1.2,-0.79,-1.22,-0.79,-1.22
8.456,-0.92,-1.2,-0.79,-1.22,-0.79,-1.22
8.47,-1.05,-1.29,-0.79,-1.22,-0.79,-1.22
8.485,-1.09,-1.3,-0.79,-1.22,-0.79,-1.22
8.499,-0.94,-1.31,-0.79,-1.22,-0.79,-1.22
8.513,-0.93,-1.27,-0.79,-1.22,-0.79,-1.22
8.528,-1.05,-1.19,-0.79,-1.22,-0.79,-1.22
8.543,-1.03,-1.18,-0.79,-1.22,-0.79,-1.22
8.557,-1.02,-1.2,-0.79,-1.22,-0.8,-1.22
8.571,-1.07,-1.26,-0.79,-1.22,-0.8,-1.22
8.586,-1.05,-1.27,-0.79,-1.22,-0.8,-1.22
8.6,-0.94,-1.24,-0.79,-1.22,-0.8,-1.22
8.615,-0.89,-1.28,-0.8,-1.22,-0.8,-1.22
8.629,-0.89,-1.24,-0.8,-1.22,-0.8,-1.22
8.643,-0.98,-1.21,-0.79,-1.22,-0.8,-1.22
8.658,-0.99,-1.25,-0.79,-1.22,-0.8,-1.22
8.672,-0.95,-1.23,-0.79,-1.22,-0.79,-1.22
8.687,-1.04,-1.22,-0.79,-1.22,-0.79,-1.22
8.701,-1.08,-1.25,-0.79,-1.22,-0.79,-1.22
8.716,-1.03,-1.32,-0.79,-1.22,-0.79,-1.22
8.731,-0.99,-1.28,-0.79,-1.22,-0.79,-1.22
8.746,-1.03,-1.18,-0.79,-1.22,-0.8,-1.22
8.76,-1.03,-1.2,-0.79,-1.22,-0.8,-1.22
8.774,-1.0,-1.25,-0.79,-1.22,-0.8,-1.22
8.789,-0.96,-1.29,-0.79,-1.22,-0.8,-1.22
8.803,-0.98,-1.27,-0.79,-1.22,-0.8,-1.22
8.817,-0.97,-1.24,-0.79,-1.22,-0.8,-1.22
8.832,-0.98,-1.25,-0.79,-1.22,-0.79,-1.22
8.846,-0.96,-1.29,-0.79,-1.22,-0.79,-1.22
8.861,-0.94,-1.3,-0.79,-1.22,-0.79,-1.22
8.875,-1.0,-1.22,-0.79,-1.22,-0.79,-1.22
8.89,-1.0,-1.19,-0.79,-1.22,-0.79,-1.22
8.905,-0.95,-1.21,-0.79,-1.22,-0.79,-1.22
8.919,-0.97,-1.23,-0.79,-1.22,-0.79,-1.22
8.934,-0.99,-1.29,-0.79,-1.22,-0.79,-1.22
8.948,-0.99,-1.29,-0.79,-1.22,-0.79,-1.22
8.963,-0.95,-1.25,-0.79,-1.22,-0.79,-1.22
8.977,-0.96,-1.23,-0.79,-1.22,-0.79,-1.22
8.992,-0.98,-1.24,-0.79,-1.22,-0.79,-1.22
9.006,-0.99,-1.29,-0.79,-1.22,-0.79,-1.22
9.02,-1.02,-1.27,-0.79,-1.22,-0.79,-1.22
9.035,-1.03,-1.29,-0.79,-1.22,-0.79,-1.22
9.05,-1.04,-1.25,-0.79,-1.22,-0.79,-1.22
9.064,-1.01,-1.23,-0.79,-1.22,-0.79,-1.22
9.078,-0.98,-1.27,-0.79,-1.22,-0.79,-1.22
9.093,-1.0,-1.26,-0.79,-1.22,-0.79,-1.22
9.107,-1.01,-1.25,-0.79,-1.22,-0.79,-1.22
9.122,-0.97,-1.23,-0.79,-1.22,-0.79,-1.22
9.136,-0.97,-1.21,-0.79,-1.22,-0.79,-1.22
9.151,-1.03,-1.25,-0.79,-1.22,-0.8,-1.22
9.165,-1.01,-1.3,-0.79,-1.22,-0.8,-1.22
9.18,-0.98,-1.29,-0.79,-1.22,-0.79,-1.22
9.195,-0.98,-1.28,-0.79,-1.22,-0.8,-1.22
9.209,-1.0,-1.29,-0.79,-1.22,-0.8,-1.22
9.224,-1.05,-1.2,-0.79,-1.22,-0.8,-1.22
9.239,-1.07,-1.2,-0.8,-1.22,-0.8,-1.22
9.253,-0.99,-1.35,-0.8,-1.22,-0.8,-1.22
9.268,-0.96,-1.34,-0.8,-1.22,-0.8,-1.22
9.282,-1.0,-1.2,-0.8,-1.22,-0.8,-1.22
9.297,-1.04,-1.2,-0.8,-1.22,-0.8,-1.22
9.311,-1.02,-1.18,-0.8,-1.22,-0.8,-1.22
9.326,-1.02,-1.23,-0.8,-1.22,-0.8,-1.22
9.34,-1.01,-1.32,-0.8,-1.22,-0.8,-1.22
9.354,-1.02,-1.25,-0.8,-1.22,-0.8,-1.22
9.369,-0.96,-1.18,-0.8,-1.22,-0.8,-1.22
9.383,-0.98,-1.24,-0.8,-1.22,-0.8,-1.22
9.398,-1.07,-1.3,-0.8,-1.22,-0.8,-1.22
9.412,-1.0,-1.33,-0.8,-1.22,-0.8,-1.22
9.427,-0.98,-1.26,-0.8,-1.22,-0.8,-1.22
9.441,-0.95,-1.23,-0.8,-1.22,-0.8,-1.22
9.455,-0.98,-1.23,-0.8,-1.22,-0.8,-1.22
9.47,-1.02,-1.22,-0.79,-1.22,-0.8,-1.22
9.484,-1.09,-1.25,-0.8,-1.22,-0.8,-1.22
9.499,-1.06,-1.24,-0.8,-1.22,-0.8,-1.22
9.513,-0.92,-1.24,-0.8,-1.22,-0.8,-1.22
9.528,-0.99,-1.24,-0.8,-1.22,-0.8,-1.22
9.542,-1.01,-1.22,-0.8,-1.22,-0.8,-1.22
9.557,-1.01,-1.18,-0.8,-1.22,-0.8,-1.22
9.571,-1.05,-1.19,-0.8,-1.22,-0.8,-1.22
9.586,-0.98,-1.18,-0.8,-1.22,-0.8,-1.22
9.6,-0.93,-1.2,-0.8,-1.22,-0.8,-1.22
9.615,-0.93,-1.22,-0.8,-1.22,-0.8,-1.22
9.629,-0.99,-1.29,-0.8,-1.22,-0.8,-1.22
9.644,-1.02,-1.31,-0.8,-1.22,-0.8,-1.22
9.658,-1.0,-1.26,-0.8,-1.22,-0.8,-1.22
9.673,-0.98,-1.24,-0.8,-1.22,-0.8,-1.22
9.687,-0.99,-1.21,-0.8,-1.22,-0.8,-1.22
9.702,-0.99,-1.2,-0.8,-1.22,-0.8,-1.22
9.717,-0.98,-1.27,-0.8,-1.22,-0.8,-1.22
9.731,-0.96,-1.3,-0.8,-1.22,-0.8,-1.22
9.746,-1.0,-1.22,-0.8,-1.22,-0.8,-1.22
9.761,-1.01,-1.23,-0.8,-1.22,-0.8,-1.22
9.775,-0.99,-1.28,-0.8,-1.22,-0.8,-1.22
9.79,-0.99,-1.28,-0.8,-1.22,-0.8,-1.22
9.805,-0.92,-1.31,-0.8,-1.22,-0.8,-1.22
9.819,-0.93,-1.31,-0.8,-1.22,-0.8,-1.22
9.834,-1.06,-1.29,-0.8,-1.22,-0.8,-1.22
9.85,-1.09,-1.25,-0.8,-1.22,-0.8,-1.22
9.864,-0.98,-1.2,-0.8,-1.22,-0.8,-1.22
9.878,-1.0,-1.22,-0.8,-1.22,-0.8,-1.22
9.893,-0.99,-1.31,-0.8,-1.22,-0.8,-1.22
9.907,-0.95,-1.32,-0.8,-1.22,-0.8,-1.22
9.922,-1.01,-1.21,-0.8,-1.22,-0.8,-1.22
9.936,-1.05,-1.18,-0.8,-1.22,-0.8,-1.22
9.951,-1.06,-1.17,-0.8,-1.22,-0.8,-1.22
9.965,-0.96,-1.22,-0.8,-1.22,-0.8,-1.22
9.98,-0.92,-1.29,-0.8,-1.22,-0.8,-1.22
9.994,-0.92,-1.33,-0.8,-1.22,-0.8,-1.22
10.008,-0.94,-1.29,-0.8,-1.22,-0.8,-1.22
10.022,-0.99,-1.24,-0.8,-1.22,-0.8,-1.22
10.037,-0.98,-1.24,-0.8,-1.22,-0.8,-1.23
10.051,-1.07,-1.3,-0.8,-1.23,-0.8,-1.23
10.066,-1.06,-1.29,-0.8,-1.23,-0.8,-1.23
10.08,-1.03,-1.27,-0.8,-1.23,-0.8,-1.23
10.094,-1.07,-1.26,-0.8,-1.23,-0.8,-1.23
10.109,-1.08,-1.23,-0.8,-1.23,-0.8,-1.23
10.123,-1.06,-1.2,-0.8,-1.23,-0.8,-1.23
10.138,-1.03,-1.19,-0.8,-1.23,-0.8,-1.23
10.152,-1.01,-1.26,-0.8,-1.23,-0.8,-1.23
10.167,-1.02,-1.31,-0.8,-1.23,-0.8,-1.23
10.181,-0.96,-1.27,-0.8,-1.23,-0.8,-1.23
10.196,-1.0,-1.25,-0.8,-1.23,-0.8,-1.23
10.21,-1.01,-1.24,-0.8,-1.23,-0.8,-1.23
10.225,-1.0,-1.26,-0.8,-1.23,-0.8,-1.23
10.239,-1.01,-1.36,-0.8,-1.23,-0.8,-1.23
10.254,-0.98,-1.36,-0.8,-1.23,-0.8,-1.23
10.269,-1.02,-1.2,-0.8,-1.23,-0.8,-1.23
10.283,-1.06,-1.21,-0.8,-1.23,-0.8,-1.23
10.298,-1.04,-1.23,-0.8,-1.23,-0.8,-1.23
10.313,-1.02,-1.23,-0.8,-1.23,-0.8,-1.23
10.327,-0.92,-1.28,-0.8,-1.23,-0.8,-1.23
10.342,-0.92,-1.29,-0.8,-1.23,-0.8,-1.23
10.357,-0.96,-1.27,-0.8,-1.23,-0.8,-1.23
10.371,-1.06,-1.25,-0.8,-1.23,-0.8,-1.23
10.385,-1.05,-1.21,-0.8,-1.23,-0.8,-1.23
10.4,-1.02,-1.2,-0.8,-1.23,-0.8,-1.23
10.414,-0.99,-1.22,-0.8,-1.23,-0.8,-1.23
10.429,-0.97,-1.27,-0.8,-1.23,-0.8,-1.23
10.443,-1.0,-1.27,-0.8,-1.23,-0.8,-1.23
10.458,-1.0,-1.22,-0.8,-1.24,-0.8,-1.24
10.472,-1.03,-1.2,-0.8,-1.23,-0.8,-1.23
10.487,-1.02,-1.24,-0.8,-1.23,-0.8,-1.23
10.501,-0.99,-1.29,-0.8,-1.23,-0.8,-1.23
10.516,-1.04,-1.29,-0.8,-1.23,-0.8,-1.24
10.53,-0.99,-1.26,-0.8,-1.24,-0.8,-1.24
10.545,-0.96,-1.24,-0.8,-1.24,-0.8,-1.24
10.559,-0.98,-1.23,-0.8,-1.24,-0.8,-1.24
10.574,-1.0,-1.23,-0.8,-1.24,-0.8,-1.24
10.589,-1.03,-1.24,-0.8,-1.24,-0.8,-1.24
10.603,-1.03,-1.24,-0.8,-1.24,-0.8,-1.24
10.618,-0.95,-1.24,-0.8,-1.23,-0.8,-1.23
10.632,-0.98,-1.27,-0.8,-1.23,-0.8,-1.24
10.647,-1.05,-1.27,-0.8,-1.24,-0.8,-1.24
10.661,-1.04,-1.25,-0.8,-1.23,-0.8,-1.23
10.676,-1.03,-1.23,-0.8,-1.23,-0.8,-1.23
10.691,-1.05,-1.25,-0.8,-1.24,-0.8,-1.24
10.705,-1.0,-1.27,-0.8,-1.24,-0.8,-1.24
10.719,-0.99,-1.23,-0.8,-1.24,-0.8,-1.24
10.734,-0.96,-1.24,-0.8,-1.23,-0.8,-1.23
10.749,-0.94,-1.22,-0.8,-1.24,-0.8,-1.23
10.763,-1.03,-1.21,-0.8,-1.24,-0.8,-1.24
10.778,-1.03,-1.2,-0.8,-1.24,-0.8,-1.24
10.792,-1.03,-1.23,-0.8,-1.24,-0.8,-1.24
10.807,-1.03,-1.25,-0.8,-1.24,-0.8,-1.24
10.821,-0.98,-1.21,-0.8,-1.24,-0.8,-1.24
10.836,-0.96,-1.25,-0.8,-1.24,-0.8,-1.24
10.85,-0.98,-1.29,-0.8,-1.24,-0.8,-1.24
10.865,-1.03,-1.26,-0.8,-1.23,-0.8,-1.24
10.879,-1.01,-1.23,-0.8,-1.23,-0.8,-1.23
10.894,-1.01,-1.25,-0.8,-1.23,-0.8,-1.23
10.908,-0.96,-1.28,-0.8,-1.23,-0.8,-1.23
10.923,-0.9,-1.27,-0.8,-1.23,-0.8,-1.23
10.937,-0.98,-1.27,-0.8,-1.23,-0.8,-1.23
10.952,-1.03,-1.28,-0.8,-1.23,-0.8,-1.23
10.966,-0.99,-1.24,-0.8,-1.23,-0.8,-1.23
10.981,-0.96,-1.29,-0.8,-1.23,-0.8,-1.23
10.995,-1.0,-1.3,-0.8,-1.23,-0.8,-1.23
11.01,-1.0,-1.25,-0.8,-1.23,-0.8,-1.23
11.024,-0.96,-1.23,-0.8,-1.23,-0.8,-1.23
11.038,-0.97,-1.23,-0.8,-1.24,-0.8,-1.24
11.053,-0.96,-1.21,-0.8,-1.24,-0.8,-1.24
11.067,-0.94,-1.21,-0.79,-1.24,-0.8,-1.23
11.082,-1.03,-1.27,-0.79,-1.24,-0.8,-1.24
11.096,-1.0,-1.27,-0.79,-1.24,-0.8,-1.24
11.111,-0.98,-1.27,-0.79,-1.24,-0.8,-1.24
11.125,-0.98,-1.28,-0.79,-1.24,-0.79,-1.24
11.14,-0.96,-1.3,-0.79,-1.24,-0.79,-1.24
11.154,-0.98,-1.27,-0.79,-1.24,-0.79,-1.24
11.169,-1.07,-1.22,-0.79,-1.24,-0.8,-1.24
11.183,-1.01,-1.24,-0.79,-1.24,-0.8,-1.24
11.197,-0.9,-1.25,-0.79,-1.24,-0.79,-1.24
11.214,-0.97,-1.24,-0.79,-1.24,-0.79,-1.24
11.228,-1.05,-1.21,-0.79,-1.24,-0.79,-1.24
11.243,-1.02,-1.2,-0.79,-1.24,-0.79,-1.24
11.257,-0.9,-1.24,-0.79,-1.24,-0.79,-1.24
11.272,-0.91,-1.25,-0.79,-1.24,-0.79,-1.24
11.286,-0.96,-1.24,-0.79,-1.24,-0.79,-1.24
11.301,-0.98,-1.24,-0.79,-1.24,-0.79,-1.24
11.315,-1.0,-1.28,-0.79,-1.24,-0.79,-1.24
11.329,-0.97,-1.32,-0.79,-1.24,-0.79,-1.24
11.344,-1.0,-1.26,-0.79,-1.24,-0.79,-1.24
11.358,-1.01,-1.17,-0.79,-1.24,-0.79,-1.24
11.373,-0.94,-1.17,-0.79,-1.24,-0.79,-1.24
11.388,-0.97,-1.26,-0.79,-1.24,-0.79,-1.24
11.402,-1.0,-1.28,-0.79,-1.24,-0.79,-1.24
11.416,-1.0,-1.25,-0.79,-1.24,-0.79,-1.24
11.431,-0.99,-1.23,-0.79,-1.24,-0.79,-1.24
11.445,-0.98,-1.25,-0.79,-1.24,-0.79,-1.24
11.459,-1.01,-1.25,-0.79,-1.24,-0.79,-1.24
11.474,-0.99,-1.23,-0.79,-1.24,-0.79,-1.24
11.489,-1.01,-1.27,-0.79,-1.24,-0.79,-1.24
11.503,-0.95,-1.22,-0.79,-1.24,-0.79,-1.24
11.518,-0.98,-1.18,-0.79,-1.24,-0.79,-1.24
11.532,-1.0,-1.23,-0.79,-1.24,-0.8,-1.24
11.546,-1.04,-1.31,-0.79,-1.24,-0.8,-1.24
11.561,-1.08,-1.28,-0.79,-1.24,-0.8,-1.24
11.575,-1.05,-1.23,-0.79,-1.24,-0.8,-1.24
11.59,-1.02,-1.22,-0.79,-1.24,-0.8,-1.24
11.604,-1.0,-1.27,-0.8,-1.24,-0.8,-1.24
11.619,-1.01,-1.26,-0.8,-1.24,-0.8,-1.24
11.633,-0.98,-1.26,-0.8,-1.24,-0.8,-1.24
11.648,-0.97,-1.25,-0.8,-1.24,-0.8,-1.24
11.662,-0.98,-1.23,-0.8,-1.24,-0.8,-1.24
11.677,-1.03,-1.22,-0.8,-1.23,-0.8,-1.23
11.691,-1.0,-1.24,-0.8,-1.23,-0.8,-1.23
11.706,-0.94,-1.23,-0.8,-1.24,-0.8,-1.24
11.72,-0.99,-1.25,-0.79,-1.24,-0.8,-1.24
11.735,-1.05,-1.28,-0.79,-1.24,-0.8,-1.24
11.749,-1.03,-1.27,-0.79,-1.24,-0.8,-1.24
11.763,-0.96,-1.26,-0.79,-1.24,-0.8,-1.24
11.778,-0.96,-1.22,-0.79,-1.24,-0.79,-1.24
11.792,-0.98,-1.27,-0.79,-1.24,-0.79,-1.24
11.807,-1.0,-1.29,-0.79,-1.24,-0.8,-1.24
11.821,-1.03,-1.25,-0.79,-1.24,-0.8,-1.24
11.836,-1.01,-1.29,-0.8,-1.24,-0.8,-1.24
11.85,-0.99,-1.21,-0.8,-1.24,-0.8,-1.24
11.865,-1.0,-1.14,-0.8,-1.24,-0.8,-1.24
11.88,-1.01,-1.21,-0.8,-1.24,-0.8,-1.23
11.894,-1.01,-1.19,-0.8,-1.23,-0.8,-1.23
11.909,-1.02,-1.17,-0.8,-1.23,-0.8,-1.23
11.923,-1.0,-1.29,-0.8,-1.23,-0.8,-1.23
11.938,-0.98,-1.33,-0.8,-1.23,-0.8,-1.24
11.952,-0.96,-1.27,-0.8,-1.24,-0.8,-1.24
11.967,-1.01,-1.25,-0.8,-1.24,-0.8,-1.24
11.981,-1.05,-1.21,-0.8,-1.24,-0.8,-1.24
11.996,-0.98,-1.24,-0.8,-1.24,-0.8,-1.24
12.01,-1.0,-1.27,-0.8,-1.24,-0.8,-1.24
12.025,-0.96,-1.25,-0.79,-1.24,-0.8,-1.24
12.039,-0.94,-1.26,-0.79,-1.23,-0.8,-1.23
12.054,-0.96,-1.29,-0.79,-1.24,-0.8,-1.24
12.068,-1.01,-1.27,-0.79,-1.24,-0.8,-1.24
12.083,-1.01,-1.22,-0.79,-1.24,-0.79,-1.24
12.097,-0.96,-1.16,-0.79,-1.24,-0.79,-1.24
12.112,-0.94,-1.21,-0.79,-1.24,-0.79,-1.24
12.126,-0.93,-1.26,-0.79,-1.24,-0.79,-1.24
12.141,-0.94,-1.32,-0.79,-1.23,-0.79,-1.24
12.155,-0.98,-1.29,-0.79,-1.24,-0.79,-1.24
12.17,-1.0,-1.2,-0.79,-1.24,-0.79,-1.24
12.184,-1.0,-1.23,-0.79,-1.24,-0.79,-1.24
12.199,-1.0,-1.31,-0.79,-1.24,-0.79,-1.24
12.213,-1.03,-1.3,-0.79,-1.24,-0.79,-1.24
12.227,-1.0,-1.24,-0.79,-1.24,-0.79,-1.24
12.242,-1.02,-1.2,-0.79,-1.24,-0.79,-1.24
12.257,-1.03,-1.23,-0.79,-1.23,-0.8,-1.23
12.271,-1.0,-1.25,-0.79,-1.23,-0.8,-1.23
12.286,-1.02,-1.25,-0.79,-1.23,-0.8,-1.23
12.3,-1.05,-1.23,-0.79,-1.24,-0.8,-1.24
12.315,-1.04,-1.2,-0.79,-1.24,-0.8,-1.24
12.329,-0.95,-1.22,-0.79,-1.24,-0.8,-1.24
12.344,-0.94,-1.22,-0.79,-1.24,-0.79,-1.24
12.358,-1.02,-1.21,-0.79,-1.24,-0.79,-1.24
12.373,-1.03,-1.2,-0.79,-1.24,-0.79,-1.24
12.387,-0.99,-1.27,-0.79,-1.24,-0.79,-1.24
12.402,-1.01,-1.27,-0.79,-1.24,-0.79,-1.24
12.416,-1.03,-1.25,-0.79,-1.24,-0.79,-1.24
12.431,-1.0,-1.24,-0.79,-1.24,-0.79,-1.24
12.445,-0.99,-1.22,-0.79,-1.24,-0.79,-1.24
12.46,-1.01,-1.23,-0.79,-1.24,-0.8,-1.24
12.474,-0.98,-1.23,-0.79,-1.24,-0.8,-1.24
12.489,-1.02,-1.22,-0.79,-1.23,-0.8,-1.23
12.503,-1.0,-1.27,-0.79,-1.23,-0.8,-1.23
12.52,-0.98,-1.25,-0.79,-1.23,-0.8,-1.23
12.535,-1.0,-1.23,-0.79,-1.23,-0.8,-1.23
12.549,-0.98,-1.25,-0.8,-1.23,-0.8,-1.23
12.564,-0.98,-1.23,-0.8,-1.23,-0.8,-1.23
12.578,-1.01,-1.23,-0.79,-1.23,-0.8,-1.23
12.593,-1.05,-1.24,-0.79,-1.23,-0.79,-1.23
12.608,-1.0,-1.28,-0.79,-1.23,-0.8,-1.23
12.624,-0.96,-1.31,-0.79,-1.23,-0.79,-1.23
12.636,-0.98,-1.28,-0.79,-1.23,-0.79,-1.23
12.651,-0.98,-1.25,-0.79,-1.23,-0.79,-1.23
12.665,-0.96,-1.27,-0.79,-1.23,-0.79,-1.23
12.68,-0.99,-1.29,-0.79,-1.23,-0.79,-1.24
12.695,-1.02,-1.21,-0.79,-1.24,-0.79,-1.24
12.709,-0.99,-1.19,-0.79,-1.24,-0.79,-1.23
12.724,-0.98,-1.27,-0.79,-1.23,-0.79,-1.23
12.741,-0.98,-1.31,-0.79,-1.23,-0.79,-1.23
12.755,-0.99,-1.27,-0.79,-1.23,-0.79,-1.23
12.77,-0.98,-1.23,-0.79,-1.23,-0.79,-1.23
12.784,-0.99,-1.24,-0.79,-1.23,-0.79,-1.23
12.799,-0.98,-1.23,-0.79,-1.23,-0.79,-1.23
12.813,-1.04,-1.23,-0.79,-1.23,-0.79,-1.23
12.828,-1.01,-1.23,-0.79,-1.23,-0.79,-1.23
12.844,-1.01,-1.25,-0.79,-1.23,-0.79,-1.23
12.859,-0.96,-1.24,-0.79,-1.23,-0.79,-1.23
12.873,-0.93,-1.23,-0.79,-1.23,-0.79,-1.23
12.888,-0.94,-1.27,-0.79,-1.23,-0.79,-1.23
12.902,-0.93,-1.23,-0.79,-1.23,-0.79,-1.23
12.917,-0.94,-1.23,-0.79,-1.23,-0.79,-1.23
12.931,-0.98,-1.23,-0.79,-1.23,-0.79,-1.23
12.946,-1.0,-1.24,-0.79,-1.23,-0.79,-1.23
12.961,-1.01,-1.24,-0.79,-1.23,-0.79,-1.23
12.975,-1.01,-1.25,-0.79,-1.23,-0.79,-1.23
12.99,-1.06,-1.2,-0.79,-1.23,-0.79,-1.23
13.004,-1.04,-1.23,-0.79,-1.23,-0.79,-1.23
13.019,-0.92,-1.19,-0.79,-1.23,-0.79,-1.23
13.033,-0.95,-1.21,-0.78,-1.23,-0.79,-1.23
13.048,-1.07,-1.27,-0.78,-1.23,-0.79,-1.23
13.064,-1.02,-1.3,-0.78,-1.23,-0.79,-1.23
13.078,-1.0,-1.27,-0.78,-1.23,-0.78,-1.23
13.093,-0.97,-1.26,-0.78,-1.23,-0.78,-1.23
13.107,-1.02,-1.27,-0.78,-1.23,-0.78,-1.23
13.122,-1.03,-1.29,-0.78,-1.23,-0.78,-1.23
13.137,-0.96,-1.27,-0.78,-1.23,-0.78,-1.23
13.151,-0.94,-1.26,-0.78,-1.23,-0.78,-1.23
13.166,-1.02,-1.19,-0.78,-1.23,-0.78,-1.23
13.18,-1.04,-1.23,-0.78,-1.23,-0.78,-1.23
13.195,-1.01,-1.32,-0.78,-1.23,-0.78,-1.23
13.209,-1.05,-1.32,-0.78,-1.23,-0.78,-1.24
13.224,-1.05,-1.3,-0.78,-1.24,-0.78,-1.24
13.239,-0.98,-1.25,-0.78,-1.24,-0.79,-1.24
13.253,-1.0,-1.26,-0.79,-1.24,-0.79,-1.24
13.268,-1.03,-1.23,-0.79,-1.24,-0.79,-1.24
13.282,-1.04,-1.23,-0.79,-1.24,-0.79,-1.24
13.297,-1.0,-1.22,-0.79,-1.24,-0.79,-1.24
13.311,-0.96,-1.23,-0.79,-1.23,-0.79,-1.23
13.325,-0.96,-1.26,-0.79,-1.23,-0.79,-1.23
13.34,-0.96,-1.24,-0.79,-1.23,-0.79,-1.23
13.354,-1.02,-1.3,-0.79,-1.23,-0.79,-1.24
13.369,-1.05,-1.31,-0.79,-1.23,-0.79,-1.23
13.383,-1.03,-1.21,-0.79,-1.23,-0.79,-1.23
13.398,-0.99,-1.21,-0.79,-1.23,-0.79,-1.23
13.412,-0.97,-1.24,-0.79,-1.23,-0.79,-1.23
13.427,-0.95,-1.27,-0.79,-1.23,-0.79,-1.23
13.441,-1.0,-1.29,-0.79,-1.23,-0.79,-1.24
13.456,-1.03,-1.22,-0.79,-1.24,-0.79,-1.24
13.47,-1.05,-1.24,-0.79,-1.23,-0.79,-1.23
13.484,-1.02,-1.21,-0.79,-1.23,-0.79,-1.23
13.498,-0.96,-1.19,-0.79,-1.23,-0.79,-1.23
13.513,-0.94,-1.19,-0.79,-1.23,-0.79,-1.23
13.528,-0.99,-1.2,-0.79,-1.23,-0.79,-1.23
13.543,-0.99,-1.27,-0.79,-1.23,-0.79,-1.23
13.557,-0.98,-1.27,-0.79,-1.23,-0.79,-1.23
13.572,-1.03,-1.2,-0.79,-1.23,-0.79,-1.23
13.586,-1.0,-1.22,-0.79,-1.23,-0.79,-1.23
13.6,-0.97,-1.26,-0.79,-1.23,-0.79,-1.23
13.615,-0.98,-1.27,-0.79,-1.23,-0.79,-1.23
13.629,-1.0,-1.27,-0.79,-1.23,-0.79,-1.23
13.644,-1.03,-1.2,-0.79,-1.23,-0.79,-1.23
13.659,-1.0,-1.25,-0.79,-1.23,-0.79,-1.23
13.673,-0.98,-1.21,-0.79,-1.23,-0.79,-1.23
13.688,-0.98,-1.18,-0.79,-1.23,-0.79,-1.23
13.702,-1.01,-1.2,-0.79,-1.23,-0.79,-1.23
13.717,-1.01,-1.22,-0.79,-1.23,-0.79,-1.23
13.731,-1.03,-1.2,-0.79,-1.23,-0.79,-1.23
13.746,-1.02,-1.21,-0.79,-1.23,-0.79,-1.23
13.76,-1.01,-1.21,-0.79,-1.23,-0.79,-1.23
13.775,-0.99,-1.25,-0.79,-1.23,-0.79,-1.23
13.789,-1.0,-1.23,-0.79,-1.23,-0.79,-1.23
13.804,-1.01,-1.18,-0.79,-1.23,-0.79,-1.23
13.818,-0.95,-1.2,-0.79,-1.23,-0.8,-1.23
13.833,-0.94,-1.21,-0.79,-1.23,-0.8,-1.23
13.847,-1.01,-1.23,-0.79,-1.23,-0.8,-1.23
13.862,-1.05,-1.27,-0.79,-1.23,-0.8,-1.23
13.877,-1.01,-1.28,-0.79,-1.23,-0.8,-1.23
13.891,-1.01,-1.26,-0.79,-1.23,-0.8,-1.23
13.906,-1.05,-1.24,-0.79,-1.23,-0.8,-1.23
13.92,-1.07,-1.18,-0.79,-1.23,-0.8,-1.23
13.935,-1.0,-1.18,-0.79,-1.23,-0.8,-1.23
13.949,-1.01,-1.29,-0.79,-1.23,-0.8,-1.23
13.963,-1.03,-1.29,-0.8,-1.23,-0.8,-1.23
13.978,-1.03,-1.25,-0.79,-1.23,-0.8,-1.23
13.992,-1.01,-1.27,-0.8,-1.23,-0.8,-1.23
14.007,-0.97,-1.25,-0.8,-1.23,-0.8,-1.23
14.021,-0.98,-1.22,-0.79,-1.23,-0.8,-1.23
14.037,-0.99,-1.24,-0.79,-1.23,-0.8,-1.23
14.051,-0.99,-1.27,-0.8,-1.23,-0.8,-1.23
14.066,-0.99,-1.26,-0.8,-1.23,-0.8,-1.23
14.08,-1.02,-1.25,-0.79,-1.23,-0.8,-1.23
14.095,-1.0,-1.24,-0.79,-1.23,-0.8,-1.23
14.109,-0.94,-1.29,-0.79,-1.23,-0.79,-1.23
14.124,-0.88,-1.32,-0.79,-1.23,-0.79,-1.23
14.138,-0.96,-1.2,-0.79,-1.23,-0.79,-1.23
14.153,-1.0,-1.2,-0.79,-1.23,-0.79,-1.23
14.167,-1.05,-1.2,-0.79,-1.23,-0.8,-1.23
14.182,-1.01,-1.23,-0.79,-1.23,-0.79,-1.23
14.196,-0.97,-1.31,-0.79,-1.23,-0.79,-1.23
14.211,-0.96,-1.25,-0.79,-1.23,-0.79,-1.23
14.225,-0.96,-1.18,-0.79,-1.23,-0.79,-1.23
14.24,-0.95,-1.22,-0.79,-1.23,-0.79,-1.23
14.255,-0.96,-1.25,-0.79,-1.23,-0.79,-1.23
14.27,-0.98,-1.25,-0.79,-1.23,-0.79,-1.23
14.285,-1.0,-1.21,-0.79,-1.23,-0.79,-1.23
14.299,-0.99,-1.21,-0.79,-1.23,-0.79,-1.23
14.314,-0.99,-1.2,-0.79,-1.23,-0.8,-1.23
14.328,-1.04,-1.23,-0.79,-1.23,-0.8,-1.23
14.343,-0.98,-1.25,-0.79,-1.23,-0.8,-1.23
14.358,-1.01,-1.21,-0.79,-1.23,-0.8,-1.23
14.372,-1.05,-1.21,-0.79,-1.23,-0.8,-1.23
14.387,-1.01,-1.24,-0.79,-1.22,-0.8,-1.23
14.402,-1.01,-1.27,-0.79,-1.23,-0.8,-1.23
14.416,-0.99,-1.25,-0.8,-1.23,-0.8,-1.23
14.431,-0.99,-1.27,-0.79,-1.23,-0.8,-1.23
14.445,-0.98,-1.27,-0.79,-1.23,-0.8,-1.23
14.459,-1.02,-1.21,-0.79,-1.22,-0.8,-1.22
14.474,-0.98,-1.22,-0.8,-1.22,-0.8,-1.22
14.488,-0.97,-1.26,-0.8,-1.22,-0.8,-1.22
14.503,-1.0,-1.25,-0.8,-1.22,-0.8,-1.22
14.517,-1.01,-1.2,-0.8,-1.22,-0.8,-1.22
14.532,-0.98,-1.23,-0.8,-1.22,-0.8,-1.22
14.546,-1.02,-1.23,-0.8,-1.22,-0.8,-1.22
14.561,-1.04,-1.27,-0.8,-1.22,-0.8,-1.22
14.575,-1.01,-1.25,-0.8,-1.22,-0.8,-1.22
14.59,-1.0,-1.25,-0.8,-1.22,-0.8,-1.22
14.604,-1.03,-1.24,-0.8,-1.22,-0.8,-1.22
14.622,-1.07,-1.25,-0.8,-1.22,-0.8,-1.22
14.636,-1.05,-1.25,-0.8,-1.22,-0.8,-1.22
14.651,-0.96,-1.25,-0.8,-1.22,-0.8,-1.22
14.665,-0.97,-1.28,-0.8,-1.22,-0.8,-1.22
14.679,-1.0,-1.27,-0.8,-1.22,-0.8,-1.22
14.694,-1.03,-1.27,-0.8,-1.22,-0.8,-1.22
14.708,-0.99,-1.27,-0.8,-1.22,-0.8,-1.22
14.724,-1.0,-1.26,-0.8,-1.22,-0.8,-1.22
14.738,-1.0,-1.27,-0.8,-1.22,-0.8,-1.22
14.753,-0.96,-1.26,-0.8,-1.22,-0.8,-1.22
14.767,-1.0,-1.24,-0.8,-1.22,-0.8,-1.22
14.781,-1.01,-1.28,-0.8,-1.22,-0.8,-1.22
14.796,-1.0,-1.29,-0.8,-1.22,-0.8,-1.22
14.811,-0.99,-1.28,-0.8,-1.22,-0.8,-1.22
14.825,-1.03,-1.23,-0.8,-1.22,-0.8,-1.22
14.84,-1.05,-1.26,-0.8,-1.22,-0.8,-1.22
14.854,-1.01,-1.27,-0.8,-1.22,-0.8,-1.22
14.869,-0.99,-1.2,-0.8,-1.22,-0.8,-1.22
14.884,-1.01,-1.2,-0.8,-1.22,-0.8,-1.22
14.898,-0.96,-1.18,-0.8,-1.22,-0.8,-1.22
14.913,-0.94,-1.2,-0.8,-1.22,-0.8,-1.22
14.927,-0.95,-1.24,-0.8,-1.22,-0.8,-1.22
14.942,-0.92,-1.27,-0.8,-1.22,-0.8,-1.22
14.956,-0.99,-1.23,-0.8,-1.22,-0.8,-1.22
14.97,-1.03,-1.26,-0.8,-1.22,-0.8,-1.22
14.985,-1.0,-1.3,-0.8,-1.22,-0.8,-1.22
14.999,-1.01,-1.27,-0.8,-1.22,-0.8,-1.22
15.014,-1.01,-1.24,-0.8,-1.22,-0.8,-1.22
15.028,-0.99,-1.25,-0.8,-1.22,-0.8,-1.22
15.043,-1.02,-1.25,-0.8,-1.22,-0.8,-1.22
15.057,-1.03,-1.3,-0.8,-1.22,-0.8,-1.22
15.072,-0.96,-1.29,-0.8,-1.22,-0.8,-1.22
15.086,-1.04,-1.2,-0.8,-1.22,-0.8,-1.22
15.101,-1.03,-1.2,-0.8,-1.22,-0.8,-1.22
15.115,-0.94,-1.29,-0.8,-1.22,-0.8,-1.22
15.13,-0.94,-1.29,-0.8,-1.22,-0.8,-1.22
15.144,-0.98,-1.25,-0.8,-1.22,-0.8,-1.22
15.159,-0.96,-1.22,-0.8,-1.22,-0.8,-1.22
15.173,-1.0,-1.24,-0.8,-1.22,-0.8,-1.22
15.188,-0.97,-1.25,-0.8,-1.22,-0.8,-1.22
15.202,-1.03,-1.25,-0.8,-1.22,-0.8,-1.22
15.217,-1.07,-1.26,-0.8,-1.22,-0.8,-1.22
15.231,-1.05,-1.25,-0.8,-1.22,-0.81,-1.22
15.245,-1.03,-1.25,-0.8,-1.22,-0.81,-1.22
15.26,-1.05,-1.26,-0.81,-1.21,-0.81,-1.22
15.275,-0.95,-1.25,-0.81,-1.21,-0.81,-1.21
15.289,-0.99,-1.25,-0.81,-1.21,-0.81,-1.21
15.304,-0.99,-1.29,-0.81,-1.21,-0.81,-1.21
15.318,-0.98,-1.3,-0.81,-1.21,-0.81,-1.21
15.333,-1.03,-1.2,-0.81,-1.21,-0.81,-1.21
15.347,-1.0,-1.21,-0.81,-1.21,-0.81,-1.21
15.362,-0.98,-1.19,-0.81,-1.21,-0.81,-1.21
15.376,-0.96,-1.19,-0.81,-1.21,-0.81,-1.21
15.391,-0.9,-1.25,-0.81,-1.21,-0.81,-1.21
15.405,-0.9,-1.22,-0.81,-1.21,-0.81,-1.21
15.419,-0.93,-1.19,-0.81,-1.21,-0.81,-1.21
15.434,-0.96,-1.2,-0.81,-1.21,-0.81,-1.21
15.448,-0.96,-1.22,-0.81,-1.21,-0.81,-1.21
15.463,-0.98,-1.25,-0.81,-1.21,-0.81,-1.21
15.477,-0.97,-1.23,-0.81,-1.21,-0.81,-1.21
15.492,-0.97,-1.28,-0.81,-1.21,-0.81,-1.21
15.507,-1.03,-1.31,-0.81,-1.21,-0.81,-1.21
15.521,-1.0,-1.26,-0.81,-1.21,-0.81,-1.21
15.536,-0.98,-1.25,-0.81,-1.21,-0.81,-1.21
15.55,-0.95,-1.24,-0.81,-1.21,-0.81,-1.21
15.565,-0.96,-1.27,-0.8,-1.21,-0.81,-1.21
15.579,-0.98,-1.25,-0.8,-1.21,-0.81,-1.21
15.594,-0.99,-1.22,-0.8,-1.22,-0.81,-1.22
15.608,-1.0,-1.25,-0.8,-1.22,-0.81,-1.22
15.622,-1.04,-1.27,-0.8,-1.22,-0.81,-1.22
15.637,-1.03,-1.26,-0.81,-1.22,-0.81,-1.22
15.652,-0.9,-1.27,-0.81,-1.22,-0.81,-1.22
15.666,-0.9,-1.27,-0.8,-1.22,-0.8,-1.22
15.681,-0.96,-1.31,-0.8,-1.22,-0.8,-1.22
15.695,-0.97,-1.32,-0.8,-1.22,-0.8,-1.22
15.709,-1.07,-1.25,-0.8,-1.22,-0.81,-1.22
15.724,-1.04,-1.25,-0.8,-1.22,-0.81,-1.22
15.739,-0.91,-1.23,-0.8,-1.22,-0.8,-1.22
15.754,-0.93,-1.2,-0.8,-1.22,-0.8,-1.22
15.769,-0.94,-1.27,-0.8,-1.22,-0.8,-1.22
15.783,-0.94,-1.25,-0.8,-1.22,-0.8,-1.22
15.798,-1.02,-1.24,-0.8,-1.22,-0.8,-1.22
15.812,-1.02,-1.24,-0.8,-1.22,-0.8,-1.22
15.827,-1.03,-1.27,-0.8,-1.22,-0.8,-1.22
15.841,-0.98,-1.27,-0.8,-1.22,-0.8,-1.22
15.856,-1.0,-1.23,-0.8,-1.22,-0.8,-1.22
15.87,-1.03,-1.24,-0.8,-1.22,-0.8,-1.22
15.885,-1.03,-1.23,-0.8,-1.22,-0.8,-1.22
15.899,-0.97,-1.22,-0.8,-1.22,-0.81,-1.22
15.914,-0.94,-1.21,-0.8,-1.22,-0.8,-1.22
15.928,-0.96,-1.27,-0.8,-1.22,-0.8,-1.22
15.943,-0.98,-1.27,-0.8,-1.22,-0.8,-1.22
15.957,-0.96,-1.25,-0.8,-1.22,-0.8,-1.22
15.972,-0.98,-1.27,-0.8,-1.22,-0.8,-1.22
15.987,-0.94,-1.3,-0.8,-1.22,-0.8,-1.22
16.001,-0.93,-1.3,-0.8,-1.22,-0.8,-1.22
16.016,-0.97,-1.26,-0.8,-1.22,-0.8,-1.22
16.03,-0.96,-1.25,-0.8,-1.22,-0.8,-1.22
16.046,-1.07,-1.23,-0.8,-1.22,-0.8,-1.22
16.061,-1.09,-1.24,-0.8,-1.22,-0.8,-1.22
16.075,-1.05,-1.26,-0.8,-1.22,-0.8,-1.23
16.09,-1.04,-1.24,-0.8,-1.23,-0.8,-1.23
16.104,-1.02,-1.24,-0.8,-1.23,-0.8,-1.23
16.119,-1.05,-1.27,-0.8,-1.23,-0.8,-1.23
16.134,-0.96,-1.29,-0.8,-1.23,-0.8,-1.23
16.148,-0.95,-1.3,-0.8,-1.23,-0.81,-1.23
16.163,-0.96,-1.27,-0.8,-1.23,-0.81,-1.23
16.177,-0.97,-1.31,-0.8,-1.23,-0.8,-1.23
16.191,-0.92,-1.28,-0.8,-1.23,-0.8,-1.23
16.206,-0.95,-1.29,-0.8,-1.23,-0.8,-1.23
16.22,-1.0,-1.31,-0.8,-1.23,-0.8,-1.23
16.235,-1.02,-1.27,-0.8,-1.23,-0.8,-1.23
16.249,-0.97,-1.27,-0.8,-1.23,-0.8,-1.23
16.264,-0.94,-1.26,-0.8,-1.23,-0.8,-1.23
16.278,-0.93,-1.25,-0.8,-1.23,-0.8,-1.23
16.293,-0.96,-1.25,-0.8,-1.23,-0.8,-1.23
16.307,-1.0,-1.22,-0.8,-1.23,-0.8,-1.23
16.322,-1.0,-1.27,-0.8,-1.23,-0.8,-1.23
16.336,-0.97,-1.28,-0.8,-1.23,-0.8,-1.23
16.351,-0.92,-1.25,-0.8,-1.23,-0.8,-1.23
16.366,-0.94,-1.24,-0.8,-1.23,-0.8,-1.23
16.381,-1.01,-1.23,-0.8,-1.23,-0.8,-1.23
16.395,-1.01,-1.23,-0.8,-1.23,-0.8,-1.23
16.409,-1.03,-1.29,-0.8,-1.23,-0.8,-1.23
16.424,-1.05,-1.29,-0.8,-1.23,-0.8,-1.23
16.439,-1.0,-1.23,-0.8,-1.23,-0.8,-1.23
16.453,-0.98,-1.23,-0.8,-1.23,-0.8,-1.23
16.468,-0.95,-1.27,-0.8,-1.23,-0.8,-1.23
16.483,-0.95,-1.29,-0.8,-1.23,-0.8,-1.24
16.497,-0.97,-1.26,-0.8,-1.24,-0.8,-1.24
16.512,-1.02,-1.25,-0.8,-1.24,-0.8,-1.24
16.527,-1.0,-1.29,-0.8,-1.24,-0.8,-1.24
16.541,-0.9,-1.29,-0.8,-1.24,-0.8,-1.24
16.556,-0.94,-1.27,-0.8,-1.24,-0.8,-1.24
16.57,-0.95,-1.27,-0.79,-1.24,-0.8,-1.24
16.585,-0.94,-1.26,-0.79,-1.24,-0.8,-1.24
16.599,-1.02,-1.25,-0.79,-1.24,-0.8,-1.24
16.613,-1.03,-1.23,-0.79,-1.24,-0.8,-1.24
16.628,-0.96,-1.26,-0.79,-1.24,-0.79,-1.24
16.642,-0.94,-1.26,-0.79,-1.24,-0.79,-1.24
16.657,-0.98,-1.23,-0.79,-1.24,-0.79,-1.24
16.671,-1.05,-1.24,-0.79,-1.24,-0.79,-1.24
16.686,-0.98,-1.27,-0.79,-1.24,-0.79,-1.24
16.7,-0.94,-1.27,-0.79,-1.23,-0.79,-1.24
16.715,-0.96,-1.3,-0.79,-1.23,-0.79,-1.23
16.729,-0.99,-1.34,-0.79,-1.23,-0.79,-1.24
16.744,-1.01,-1.27,-0.79,-1.24,-0.79,-1.24
16.758,-0.96,-1.27,-0.79,-1.24,-0.79,-1.24
16.773,-0.96,-1.28,-0.79,-1.24,-0.79,-1.24
16.787,-1.05,-1.25,-0.79,-1.24,-0.79,-1.24
16.802,-1.02,-1.25,-0.79,-1.24,-0.79,-1.24
16.816,-0.92,-1.25,-0.79,-1.23,-0.79,-1.23
16.83,-0.92,-1.25,-0.79,-1.23,-0.79,-1.23
16.845,-0.97,-1.26,-0.79,-1.24,-0.79,-1.24
16.859,-1.0,-1.3,-0.79,-1.24,-0.79,-1.24
16.874,-0.94,-1.31,-0.79,-1.24,-0.79,-1.24
16.888,-0.96,-1.29,-0.79,-1.23,-0.79,-1.24
16.903,-1.01,-1.29,-0.79,-1.23,-0.79,-1.24
16.919,-0.96,-1.25,-0.79,-1.23,-0.79,-1.23
16.934,-0.96,-1.24,-0.79,-1.23,-0.79,-1.23
16.948,-1.0,-1.25,-0.79,-1.23,-0.79,-1.23
16.963,-0.99,-1.27,-0.79,-1.23,-0.79,-1.23
16.977,-0.98,-1.25,-0.79,-1.23,-0.79,-1.23
16.992,-1.0,-1.25,-0.79,-1.23,-0.79,-1.23
17.006,-1.02,-1.27,-0.79,-1.24,-0.79,-1.24
17.02,-1.02,-1.14,-0.79,-1.24,-0.79,-1.23
17.035,-0.9,-1.49,-0.79,-1.23,-0.79,-1.24
17.049,-0.94,-1.35,-0.79,-1.24,-0.79,-1.24
17.064,-1.02,-1.07,-0.79,-1.24,-0.79,-1.24
17.078,-1.21,-1.16,-0.79,-1.24,-0.79,-1.24
17.093,-0.71,-1.38,-0.79,-1.24,-0.79,-1.24
17.107,-0.94,-1.23,-0.79,-1.24,-0.79,-1.24
17.122,-0.92,-1.32,-0.79,-1.24,-0.79,-1.24
17.136,-1.05,-1.31,-0.79,-1.24,-0.79,-1.24
17.15,-0.92,-1.36,-0.79,-1.24,-0.79,-1.24
17.165,-0.88,-1.34,-0.79,-1.24,-0.79,-1.24
17.179,-1.03,-1.3,-0.79,-1.24,-0.79,-1.24
17.194,-1.17,-1.19,-0.79,-1.24,-0.79,-1.24
17.209,-1.05,-1.27,-0.79,-1.24,-0.79,-1.24
17.223,-0.84,-1.25,-0.79,-1.24,-0.79,-1.24
17.238,-0.98,-1.17,-0.79,-1.24,-0.79,-1.24
17.252,-1.07,-1.18,-0.79,-1.24,-0.79,-1.24
17.267,-0.95,-1.25,-0.79,-1.24,-0.79,-1.24
17.281,-1.01,-1.22,-0.79,-1.24,-0.79,-1.24
17.296,-1.01,-1.23,-0.79,-1.24,-0.79,-1.24
17.31,-1.03,-1.3,-0.79,-1.24,-0.79,-1.24
17.325,-0.98,-1.25,-0.79,-1.24,-0.79,-1.24
17.339,-0.92,-1.25,-0.79,-1.24,-0.79,-1.24
17.354,-1.05,-1.28,-0.79,-1.24,-0.79,-1.24
17.368,-1.05,-1.27,-0.79,-1.24,-0.79,-1.24
17.382,-1.0,-1.29,-0.79,-1.24,-0.79,-1.24
17.397,-0.92,-1.33,-0.79,-1.24,-0.79,-1.24
17.412,-1.01,-1.26,-0.79,-1.24,-0.79,-1.24
17.426,-1.06,-1.26,-0.79,-1.24,-0.8,-1.24
17.44,-1.01,-1.28,-0.79,-1.24,-0.8,-1.24
17.455,-0.96,-1.24,-0.8,-1.24,-0.8,-1.24
17.469,-0.95,-1.29,-0.79,-1.24,-0.8,-1.24
17.484,-0.98,-1.3,-0.79,-1.23,-0.8,-1.24
17.498,-0.99,-1.29,-0.79,-1.24,-0.8,-1.24
17.513,-0.98,-1.27,-0.79,-1.24,-0.8,-1.24
17.527,-1.0,-1.26,-0.79,-1.24,-0.8,-1.24
17.542,-0.96,-1.25,-0.79,-1.24,-0.8,-1.24
17.556,-0.95,-1.29,-0.79,-1.24,-0.8,-1.24
17.57,-0.97,-1.32,-0.79,-1.24,-0.79,-1.24
17.585,-0.95,-1.29,-0.79,-1.24,-0.79,-1.24
17.599,-0.96,-1.24,-0.79,-1.24,-0.79,-1.24
17.614,-0.99,-1.27,-0.79,-1.24,-0.79,-1.24
17.628,-1.0,-1.26,-0.79,-1.24,-0.79,-1.24
17.643,-0.97,-1.25,-0.79,-1.24,-0.8,-1.24
17.657,-0.97,-1.25,-0.79,-1.24,-0.8,-1.24
17.672,-1.01,-1.29,-0.79,-1.24,-0.8,-1.24
17.686,-0.98,-1.3,-0.79,-1.24,-0.8,-1.24
17.701,-0.96,-1.29,-0.79,-1.24,-0.8,-1.24
17.715,-0.96,-1.23,-0.79,-1.24,-0.8,-1.24
17.73,-0.94,-1.29,-0.8,-1.24,-0.8,-1.24
17.744,-0.97,-1.28,-0.79,-1.24,-0.8,-1.24
17.759,-1.14,-1.29,-0.79,-1.24,-0.79,-1.24
17.773,-1.08,-1.29,-0.79,-1.24,-0.79,-1.24
17.788,-0.89,-1.31,-0.8,-1.24,-0.8,-1.24
17.802,-0.96,-1.26,-0.8,-1.24,-0.8,-1.24
17.817,-0.98,-1.21,-0.79,-1.24,-0.8,-1.24
17.831,-1.01,-1.28,-0.79,-1.24,-0.8,-1.24
17.846,-0.95,-1.27,-0.79,-1.24,-0.8,-1.24
17.86,-0.94,-1.22,-0.8,-1.24,-0.8,-1.24
17.875,-1.03,-1.2,-0.8,-1.24,-0.8,-1.24
17.889,-0.97,-1.23,-0.8,-1.24,-0.8,-1.24
17.903,-1.0,-1.17,-0.8,-1.24,-0.8,-1.24
17.918,-1.02,-1.21,-0.8,-1.24,-0.8,-1.24
17.933,-0.97,-1.27,-0.8,-1.24,-0.8,-1.24
17.947,-0.99,-1.26,-0.8,-1.24,-0.8,-1.24
17.962,-0.93,-1.24,-0.8,-1.24,-0.8,-1.24
17.977,-0.98,-1.25,-0.8,-1.24,-0.8,-1.24
17.991,-1.0,-1.29,-0.8,-1.24,-0.8,-1.24
18.005,-1.01,-1.29,-0.8,-1.24,-0.8,-1.24
18.02,-0.92,-1.27,-0.8,-1.24,-0.8,-1.24
18.034,-0.81,-1.22,-0.79,-1.24,-0.79,-1.24
18.049,-0.61,-1.25,-0.78,-1.24,-0.77,-1.24
18.064,1.47,-1.37,-0.75,-1.24,-0.72,-1.24
18.078,2.59,-1.36,-0.6,-1.24,-0.57,-1.24
18.092,-4.97,-1.31,-0.31,-1.24,-0.35,-1.24
18.107,-6.77,-1.07,-0.03,-1.25,-0.1,-1.25
18.121,-1.9,-1.29,0.08,-1.26,0.06,-1.26
18.136,-1.16,-1.31,0.02,-1.25,0.01,-1.26
18.15,-1.95,-1.2,-0.02,-1.25,-0.04,-1.25
18.165,-1.85,-1.22,-0.04,-1.25,-0.06,-1.25
18.179,-1.76,-1.29,-0.06,-1.25,-0.08,-1.25
18.194,-1.97,-1.2,-0.07,-1.25,-0.09,-1.25
18.208,-1.76,-1.18,-0.07,-1.26,-0.09,-1.25
18.225,-1.29,-1.24,-0.08,-1.25,-0.09,-1.25
18.24,-1.16,-1.2,-0.06,-1.25,-0.07,-1.25
18.254,-2.82,-1.2,0.07,-1.25,0.04,-1.25
18.268,-3.28,-1.14,0.16,-1.25,0.12,-1.25
18.282,-2.82,-1.07,0.1,-1.25,0.07,-1.25
18.296,-3.76,-1.14,-0.01,-1.25,-0.04,-1.25
18.311,-5.56,-1.34,-0.19,-1.25,-0.24,-1.25
18.326,-0.81,-1.22,-0.62,-1.25,-0.62,-1.25
18.341,5.03,-1.45,-1.0,-1.25,-0.94,-1.25
18.355,1.16,-1.44,-0.95,-1.25,-0.93,-1.25
18.369,-1.47,-1.24,-0.83,-1.25,-0.84,-1.25
18.384,-2.61,-1.18,-0.65,-1.25,-0.67,-1.25
18.398,-1.54,-1.16,-0.52,-1.25,-0.53,-1.25
18.413,-1.47,-1.12,-0.42,-1.25,-0.43,-1.24
18.427,-3.39,-1.46,-0.31,-1.24,-0.34,-1.25
18.442,-2.52,-1.47,-0.31,-1.25,-0.33,-1.25
18.456,-1.57,-1.24,-0.34,-1.25,-0.35,-1.25
18.47,-1.65,-1.22,-0.36,-1.25,-0.37,-1.25
18.485,-1.53,-1.23,-0.36,-1.25,-0.38,-1.25
18.5,-0.44,-1.17,-0.33,-1.25,-0.33,-1.25
18.514,-1.0,-1.22,-0.22,-1.25,-0.23,-1.25
18.528,-4.02,-1.39,-0.07,-1.25,-0.11,-1.25
18.543,-2.7,-1.27,-0.08,-1.25,-0.1,-1.25
18.557,-1.83,-1.11,-0.12,-1.25,-0.14,-1.25
18.572,-2.03,-1.19,-0.15,-1.25,-0.17,-1.25
18.586,-2.17,-1.27,-0.17,-1.25,-0.19,-1.25
18.6,-2.1,-1.28,-0.19,-1.25,-0.21,-1.25
18.615,-1.97,-1.21,-0.22,-1.25,-0.23,-1.25
18.629,-1.98,-1.24,-0.23,-1.25,-0.25,-1.25
18.644,-2.13,-1.33,-0.24,-1.25,-0.26,-1.25
18.659,-2.13,-1.27,-0.25,-1.25,-0.27,-1.25
18.673,-1.88,-1.21,-0.27,-1.25,-0.28,-1.25
18.688,-1.98,-1.26,-0.27,-1.25,-0.29,-1.25
18.702,-2.27,-1.27,-0.26,-1.25,-0.28,-1.25
18.717,-2.25,-1.14,-0.26,-1.25,-0.28,-1.25
18.731,-2.13,-1.16,-0.28,-1.25,-0.3,-1.25
18.745,-2.14,-1.35,-0.31,-1.25,-0.33,-1.25
18.76,-2.14,-1.33,-0.33,-1.25,-0.34,-1.25
18.775,-2.3,-1.34,-0.34,-1.25,-0.36,-1.25
18.789,-2.14,-1.11,-0.36,-1.25,-0.38,-1.25
18.804,-2.13,-1.15,-0.39,-1.25,-0.41,-1.25
18.818,-2.33,-1.23,-0.42,-1.25,-0.44,-1.25
18.833,-1.82,-1.38,-0.46,-1.25,-0.47,-1.25
18.847,-1.56,-1.31,-0.49,-1.25,-0.5,-1.25
18.862,-1.82,-1.16,-0.5,-1.25,-0.51,-1.25
18.876,-2.28,-1.14,-0.48,-1.25,-0.5,-1.25
18.891,-2.61,-1.15,-0.47,-1.25,-0.49,-1.25
18.905,-2.26,-1.25,-0.5,-1.25,-0.52,-1.25
18.919,-2.24,-1.28,-0.54,-1.25,-0.56,-1.25
18.934,-2.02,-1.3,-0.58,-1.25,-0.6,-1.25
18.948,-1.75,-1.23,-0.63,-1.25,-0.64,-1.25
18.963,-1.96,-1.2,-0.66,-1.25,-0.67,-1.25
18.977,-2.18,-1.21,-0.68,-1.25,-0.69,-1.25
18.992,-1.79,-1.29,-0.7,-1.25,-0.71,-1.25
19.006,-1.64,-1.31,-0.73,-1.25,-0.74,-1.25
19.02,-1.61,-1.3,-0.73,-1.25,-0.74,-1.25
19.035,-1.59,-1.25,-0.7,-1.25,-0.71,-1.25
19.049,-2.62,-1.09,-0.65,-1.25,-0.67,-1.25
19.063,-2.59,-1.08,-0.63,-1.25,-0.64,-1.25
19.078,-2.37,-1.14,-0.63,-1.25,-0.65,-1.25
19.092,-2.03,-0.85,-0.65,-1.25,-0.66,-1.25
19.107,-2.02,-1.16,-0.67,-1.25,-0.68,-1.25
19.121,-2.03,-1.79,-0.67,-1.25,-0.69,-1.26
19.136,-2.12,-1.55,-0.67,-1.26,-0.68,-1.26
19.15,-2.6,-1.14,-0.66,-1.26,-0.68,-1.26
19.164,-2.96,-1.37,-0.68,-1.26,-0.7,-1.26
19.179,-2.29,-1.4,-0.71,-1.28,-0.72,-1.28
19.193,-1.63,-1.25,-0.76,-1.3,-0.76,-1.3
19.208,-1.5,-1.08,-0.79,-1.32,-0.8,-1.32
19.222,-1.88,-1.0,-0.79,-1.33,-0.8,-1.32
19.237,-2.09,-0.88,-0.79,-1.33,-0.8,-1.33
19.251,-2.2,0.12,-0.81,-1.34,-0.82,-1.32
19.265,-2.0,0.35,-0.83,-1.33,-0.84,-1.31
19.28,-2.06,-2.77,-0.86,-1.31,-0.87,-1.32
19.294,-2.0,-3.32,-0.88,-1.37,-0.89,-1.39
19.316,-2.06,-1.11,-0.88,-1.53,-0.89,-1.52
19.33,-2.09,-0.22,-0.89,-1.63,-0.9,-1.62
19.344,-2.01,-0.17,-0.9,-1.7,-0.91,-1.69
19.359,-1.44,0.19,-0.91,-1.74,-0.92,-1.72
19.373,-1.65,-0.69,-0.86,-1.61,-0.87,-1.6
19.388,-2.39,0.13,-0.76,-1.45,-0.78,-1.43
19.403,-2.46,0.07,-0.67,-1.35,-0.68,-1.34
19.417,-3.25,-1.36,-0.59,-1.26,-0.62,-1.26
19.432,-4.37,-2.3,-0.6,-1.04,-0.64,-1.05
19.446,-4.12,-3.61,-0.68,-0.83,-0.72,-0.86
19.461,-2.64,-3.61,-0.77,-0.82,-0.79,-0.85
19.476,-3.49,-1.3,-0.78,-0.84,-0.81,-0.84
19.49,-2.94,0.74,-0.81,-0.78,-0.83,-0.77
19.505,-3.16,-1.31,-0.86,-0.74,-0.89,-0.75
19.519,-3.15,-2.97,-0.81,-0.67,-0.84,-0.69
19.534,-1.17,-1.79,-0.75,-0.55,-0.75,-0.56
19.548,-1.63,-2.94,-0.84,-0.4,-0.85,-0.42
19.563,-1.69,-3.94,-1.03,-0.21,-1.04,-0.25
19.577,-1.88,-3.99,-1.23,-0.21,-1.24,-0.25
19.592,-2.37,-1.52,-1.41,-0.31,-1.42,-0.32
19.606,-5.26,-1.91,-1.56,-0.41,-1.6,-0.42
19.621,-3.69,-3.96,-1.7,-0.51,-1.72,-0.54
19.635,-1.24,-5.06,-1.86,-0.62,-1.85,-0.66
19.65,-0.73,-0.98,-2.09,-0.78,-2.08,-0.78
19.664,-0.93,2.0,-2.27,-0.93,-2.26,-0.9
19.679,1.08,0.2,-2.19,-1.0,-2.16,-0.99
19.693,2.84,-1.16,-2.06,-1.07,-2.01,-1.07
19.707,1.16,-1.18,-2.12,-1.09,-2.09,-1.09
19.722,-1.29,-2.82,-2.29,-1.08,-2.28,-1.1
19.736,-0.05,-2.68,-2.49,-1.17,-2.47,-1.19
19.751,1.51,-2.02,-2.62,-1.3,-2.58,-1.31
19.765,0.94,-0.57,-2.68,-1.45,-2.64,-1.44
19.779,-2.52,-1.01,-2.62,-1.5,-2.61,-1.49
19.794,-6.44,-2.82,-2.57,-1.51,-2.61,-1.53
19.808,-2.25,-1.43,-2.72,-1.58,-2.71,-1.58
19.823,1.61,-2.1,-2.89,-1.63,-2.84,-1.64
19.837,0.68,-1.67,-3.07,-1.66,-3.04,-1.66
19.851,-1.92,0.92,-3.2,-1.69,-3.19,-1.66
19.866,-2.79,2.35,-3.08,-1.7,-3.08,-1.66
19.88,-0.11,1.34,-2.79,-1.63,-2.76,-1.6
19.895,0.55,-0.61,-2.43,-1.42,-2.4,-1.41
19.909,1.68,-2.57,-2.3,-1.33,-2.26,-1.34
19.923,-0.24,-1.54,-2.34,-1.33,-2.31,-1.33
19.938,-0.01,-1.45,-2.4,-1.29,-2.38,-1.29
19.953,-3.66,-3.85,-2.47,-1.31,-2.48,-1.33
19.967,-4.19,-2.84,-2.56,-1.43,-2.58,-1.45
19.982,0.03,1.04,-2.65,-1.63,-2.63,-1.61
19.996,2.4,2.55,-2.72,-1.77,-2.67,-1.73
20.01,4.63,-4.51,-2.86,-1.74,-2.79,-1.77
20.025,2.79,-3.76,-3.21,-1.72,-3.15,-1.74
20.039,0.7,-1.35,-3.62,-1.73,-3.58,-1.73
20.053,0.65,-1.3,-3.89,-1.73,-3.85,-1.73
20.068,1.07,-0.98,-4.15,-1.73,-4.1,-1.73
20.083,1.81,-0.7,-4.36,-1.78,-4.3,-1.77
20.097,2.75,-0.69,-4.52,-1.83,-4.44,-1.82
20.112,0.28,-1.72,-4.72,-1.85,-4.67,-1.85
20.126,-2.15,-3.5,-4.95,-1.85,-4.92,-1.87
20.14,3.27,-1.82,-5.18,-1.91,-5.09,-1.91
20.155,8.09,1.28,-5.28,-2.07,-5.14,-2.03
20.169,6.8,-4.09,-5.29,-1.95,-5.17,-1.97
20.184,5.27,-0.02,-5.23,-1.49,-5.12,-1.47
20.198,8.11,-0.28,-5.22,-1.25,-5.08,-1.24
20.212,5.96,-4.28,-4.91,-1.33,-4.8,-1.36
20.227,0.04,-4.9,-4.51,-1.44,-4.47,-1.47
20.241,-0.95,-1.44,-4.3,-1.49,-4.26,-1.49
20.256,0.5,1.76,-4.23,-1.49,-4.18,-1.46
20.27,-0.36,1.9,-4.27,-1.45,-4.23,-1.42
20.286,-0.92,0.46,-4.38,-1.4,-4.35,-1.39
20.301,-0.01,-0.55,-4.7,-1.37,-4.66,-1.36
20.316,1.83,-1.32,-5.11,-1.33,-5.04,-1.33
20.33,3.29,-2.19,-5.81,-1.26,-5.72,-1.27
20.344,6.42,-2.97,-6.54,-1.14,-6.41,-1.16
20.359,10.03,-4.02,-7.09,-0.59,-6.92,-0.62
20.373,7.55,-8.24,-7.51,0.28,-7.36,0.19
20.387,5.66,-10.03,-7.91,0.71,-7.78,0.61
20.401,6.6,9.55,-8.36,-0.61,-8.21,-0.51
20.416,12.23,3.87,-8.8,-1.62,-8.59,-1.57
20.43,11.21,-2.55,-8.91,-1.48,-8.71,-1.49
20.444,8.09,-3.1,-8.89,-1.36,-8.72,-1.37
20.459,8.01,-2.38,-8.75,-1.37,-8.58,-1.38
20.473,9.21,-2.04,-8.61,-1.39,-8.43,-1.4
20.488,9.32,-1.5,-8.44,-1.4,-8.26,-1.4
20.502,8.86,-1.44,-8.25,-1.4,-8.08,-1.4
20.517,8.3,-0.92,-8.06,-1.4,-7.89,-1.4
20.531,7.43,-1.04,-7.85,-1.4,-7.69,-1.39
20.545,7.56,-1.27,-7.66,-1.39,-7.51,-1.39
20.56,8.21,-1.35,-7.55,-1.39,-7.39,-1.39
20.574,7.69,-1.31,-7.44,-1.39,-7.29,-1.39
20.588,9.26,-1.34,-7.35,-1.38,-7.19,-1.38
20.603,10.41,-1.82,-7.24,-1.37,-7.07,-1.38
20.617,7.66,-1.82,-6.96,-1.38,-6.81,-1.38
20.632,7.33,-1.48,-6.7,-1.38,-6.56,-1.38
20.646,8.42,-1.36,-6.56,-1.38,-6.41,-1.38
20.661,8.35,-1.3,-6.41,-1.38,-6.26,-1.38
20.675,7.72,-1.4,-6.26,-1.38,-6.12,-1.38
20.689,7.2,-1.42,-6.14,-1.38,-6.01,-1.38
20.704,8.3,-1.51,-6.06,-1.38,-5.92,-1.38
20.718,9.16,-1.38,-6.04,-1.38,-5.89,-1.38
20.732,8.72,-1.38,-5.99,-1.38,-5.84,-1.38
20.747,9.38,-1.54,-5.93,-1.37,-5.78,-1.37
20.761,9.24,-1.6,-5.86,-1.37,-5.71,-1.37
20.775,8.52,-1.43,-5.72,-1.37,-5.58,-1.37
20.789,8.38,-1.53,-5.59,-1.37,-5.45,-1.38
20.804,8.3,-1.35,-5.49,-1.38,-5.35,-1.37
20.818,8.61,-1.21,-5.38,-1.37,-5.24,-1.37
20.837,11.38,-1.78,-5.22,-1.36,-5.05,-1.37
20.851,10.38,-1.67,-4.97,-1.37,-4.81,-1.37
20.866,10.02,-1.29,-4.63,-1.39,-4.48,-1.38
20.88,1.76,-1.16,-4.26,-1.4,-4.19,-1.4
20.894,0.45,-1.29,-4.18,-1.4,-4.14,-1.39
20.909,15.74,-1.63,-4.37,-1.39,-4.17,-1.39
20.923,11.99,-1.67,-4.3,-1.39,-4.14,-1.4
20.937,8.42,-1.26,-4.12,-1.4,-3.99,-1.4
20.952,8.04,-1.42,-3.94,-1.4,-3.82,-1.4
20.966,8.82,-1.43,-3.82,-1.4,-3.7,-1.4
20.98,8.77,-1.41,-3.7,-1.4,-3.58,-1.4
20.995,8.75,-1.37,-3.57,-1.4,-3.45,-1.4
21.009,8.72,-1.42,-3.45,-1.4,-3.33,-1.4
21.023,8.72,-1.43,-3.32,-1.4,-3.2,-1.4
21.038,8.7,-1.47,-3.2,-1.4,-3.08,-1.4
21.052,8.66,-1.49,-3.08,-1.4,-2.96,-1.4
21.067,8.66,-1.44,-2.96,-1.4,-2.84,-1.4
21.081,8.66,-1.4,-2.84,-1.4,-2.73,-1.4
21.095,8.66,-1.37,-2.73,-1.4,-2.61,-1.4
21.109,8.75,-1.35,-2.61,-1.4,-2.5,-1.4
21.124,8.72,-1.4,-2.49,-1.4,-2.38,-1.4
21.138,8.75,-1.43,-2.38,-1.41,-2.27,-1.41
21.152,8.73,-1.45,-2.26,-1.41,-2.15,-1.41
21.167,8.76,-1.45,-2.15,-1.41,-2.04,-1.41
21.181,8.73,-1.47,-2.04,-1.41,-1.93,-1.41
21.195,8.72,-1.44,-1.93,-1.41,-1.82,-1.41
21.21,8.65,-1.45,-1.82,-1.41,-1.72,-1.41
21.224,8.61,-1.44,-1.72,-1.41,-1.61,-1.41
21.238,8.7,-1.41,-1.61,-1.41,-1.51,-1.41
21.252,8.72,-1.41,-1.51,-1.41,-1.4,-1.41
21.267,8.76,-1.5,-1.4,-1.41,-1.3,-1.41
21.281,8.78,-1.47,-1.3,-1.41,-1.2,-1.41
21.295,8.77,-1.36,-1.19,-1.41,-1.09,-1.41
21.31,8.75,-1.39,-1.09,-1.41,-0.99,-1.41
21.324,8.7,-1.45,-0.99,-1.41,-0.9,-1.41
21.338,8.72,-1.45,-0.9,-1.41,-0.8,-1.41
21.352,8.76,-1.45,-0.8,-1.41,-0.7,-1.41
21.366,8.7,-1.44,-0.7,-1.41,-0.61,-1.41
21.381,8.67,-1.44,-0.6,-1.41,-0.51,-1.41
21.395,8.67,-1.44,-0.51,-1.41,-0.42,-1.41
21.41,8.7,-1.43,-0.41,-1.41,-0.32,-1.41
21.424,8.7,-1.34,-0.32,-1.41,-0.23,-1.41
21.438,8.73,-1.37,-0.23,-1.41,-0.14,-1.41
21.452,8.75,-1.37,-0.14,-1.41,-0.05,-1.41
21.467,8.71,-1.38,-0.05,-1.41,0.04,-1.41
21.481,8.69,-1.43,0.05,-1.41,0.13,-1.41
21.495,8.73,-1.46,0.13,-1.41,0.22,-1.41
21.51,8.75,-1.42,0.22,-1.41,0.31,-1.41
21.524,8.77,-1.46,0.31,-1.41,0.39,-1.41
21.538,8.81,-1.47,0.39,-1.41,0.48,-1.41
21.552,8.76,-1.41,0.48,-1.41,0.56,-1.41
21.566,8.64,-1.4,0.56,-1.41,0.65,-1.41
21.581,8.63,-1.43,0.65,-1.41,0.73,-1.41
21.595,8.69,-1.46,0.73,-1.41,0.81,-1.41
21.609,8.74,-1.45,0.81,-1.41,0.89,-1.41
21.623,8.68,-1.45,0.89,-1.41,0.97,-1.41
21.637,8.62,-1.43,0.97,-1.41,1.05,-1.41
21.651,8.69,-1.41,1.05,-1.41,1.13,-1.41
21.665,8.75,-1.44,1.13,-1.41,1.21,-1.41
21.679,8.73,-1.43,1.21,-1.41,1.28,-1.41
21.694,8.73,-1.4,1.29,-1.41,1.36,-1.41
21.708,8.75,-1.38,1.36,-1.41,1.44,-1.41
21.722,8.74,-1.44,1.44,-1.41,1.51,-1.41
21.736,8.69,-1.48,1.51,-1.41,1.59,-1.41
21.75,8.71,-1.42,1.59,-1.41,1.66,-1.41
21.764,8.66,-1.43,1.66,-1.41,1.73,-1.41
21.779,8.67,-1.37,1.73,-1.41,1.8,-1.41
21.793,8.69,-1.37,1.8,-1.41,1.87,-1.41
21.807,8.69,-1.4,1.87,-1.41,1.94,-1.41
21.821,8.67,-1.41,1.94,-1.41,2.01,-1.41
21.835,8.67,-1.42,2.01,-1.41,2.08,-1.41
21.849,8.75,-1.39,2.08,-1.41,2.15,-1.41
21.863,8.75,-1.43,2.15,-1.41,2.22,-1.41
21.878,8.75,-1.38,2.22,-1.41,2.29,-1.41
21.892,8.73,-1.39,2.29,-1.41,2.35,-1.41
21.906,8.72,-1.41,2.35,-1.41,2.42,-1.41
21.92,8.68,-1.36,2.42,-1.41,2.48,-1.4
21.934,8.66,-1.38,2.48,-1.4,2.54,-1.4
21.948,8.69,-1.44,2.54,-1.4,2.61,-1.41
21.963,8.7,-1.48,2.61,-1.41,2.67,-1.41
21.977,8.76,-1.43,2.67,-1.41,2.73,-1.41
21.991,8.76,-1.43,2.73,-1.41,2.79,-1.41
22.005,8.74,-1.44,2.8,-1.41,2.86,-1.41
22.02,8.69,-1.39,2.86,-1.41,2.92,-1.41
22.034,8.69,-1.39,2.92,-1.41,2.97,-1.41
22.048,8.76,-1.49,2.98,-1.41,3.03,-1.41
22.062,8.79,-1.49,3.04,-1.41,3.09,-1.41
22.076,8.71,-1.41,3.1,-1.41,3.15,-1.41
22.091,8.21,-0.83,3.16,-1.41,3.21,-1.41
22.105,8.55,-1.52,3.21,-1.41,3.27,-1.41
22.119,8.75,-1.71,3.27,-1.41,3.32,-1.41
22.133,9.11,-1.7,3.32,-1.41,3.38,-1.41
22.148,8.61,-1.2,3.38,-1.41,3.43,-1.41
22.162,8.48,-1.22,3.44,-1.41,3.49,-1.41
22.176,8.64,-1.46,3.49,-1.41,3.54,-1.41
22.19,8.84,-1.56,3.54,-1.41,3.59,-1.41
22.205,8.73,-1.44,3.59,-1.41,3.65,-1.41
22.219,8.51,-1.3,3.65,-1.42,3.7,-1.41
22.233,8.78,-1.37,3.7,-1.42,3.75,-1.41
22.247,9.01,-1.53,3.76,-1.41,3.81,-1.41
22.262,9.01,-1.54,3.81,-1.41,3.86,-1.42
22.276,8.45,-1.32,3.87,-1.42,3.91,-1.42
22.29,8.56,-1.42,3.92,-1.42,3.96,-1.42
22.304,8.87,-1.56,3.96,-1.42,4.01,-1.42
22.318,8.83,-1.45,4.01,-1.42,4.06,-1.42
22.332,8.63,-1.38,4.06,-1.42,4.11,-1.42
22.347,8.61,-1.42,4.11,-1.42,4.16,-1.42
22.361,8.64,-1.41,4.16,-1.42,4.2,-1.42
22.375,8.72,-1.48,4.21,-1.42,4.25,-1.42
22.389,8.68,-1.45,4.25,-1.42,4.3,-1.42
22.403,8.68,-1.31,4.3,-1.42,4.34,-1.42
22.417,8.76,-1.36,4.35,-1.42,4.39,-1.42
22.432,8.78,-1.5,4.39,-1.42,4.44,-1.42
22.446,8.66,-1.47,4.44,-1.42,4.48,-1.42
22.46,8.54,-1.44,4.48,-1.42,4.52,-1.42
22.474,8.67,-1.48,4.53,-1.42,4.57,-1.42
22.489,8.77,-1.41,4.57,-1.42,4.61,-1.42
22.503,8.68,-1.37,4.61,-1.42,4.65,-1.42
22.518,8.67,-1.41,4.66,-1.42,4.7,-1.42
22.532,8.63,-1.43,4.7,-1.42,4.74,-1.42
22.546,8.65,-1.41,4.74,-1.42,4.78,-1.42
22.56,8.71,-1.39,4.78,-1.42,4.82,-1.42
22.575,8.7,-1.39,4.82,-1.42,4.86,-1.42
22.589,8.7,-1.41,4.86,-1.42,4.9,-1.42
22.603,8.73,-1.49,4.91,-1.42,4.94,-1.42
22.617,8.7,-1.46,4.95,-1.42,4.98,-1.42
22.631,8.62,-1.42,4.99,-1.42,5.02,-1.42
22.646,8.63,-1.45,5.02,-1.42,5.06,-1.42
22.66,8.64,-1.42,5.06,-1.42,5.1,-1.42
22.674,8.7,-1.42,5.1,-1.42,5.13,-1.42
22.688,8.72,-1.41,5.14,-1.42,5.17,-1.42
22.702,8.64,-1.4,5.17,-1.42,5.21,-1.42
22.717,8.6,-1.41,5.21,-1.42,5.24,-1.42
22.731,8.72,-1.45,5.24,-1.42,5.28,-1.42
22.745,8.79,-1.44,5.28,-1.42,5.32,-1.42
22.759,8.73,-1.39,5.32,-1.41,5.35,-1.41
22.773,8.72,-1.45,5.35,-1.41,5.39,-1.41
22.787,8.77,-1.45,5.39,-1.42,5.42,-1.42
22.802,8.78,-1.41,5.42,-1.42,5.46,-1.42
22.816,8.78,-1.39,5.46,-1.42,5.49,-1.42
22.83,8.75,-1.42,5.49,-1.42,5.53,-1.42
22.844,8.77,-1.42,5.53,-1.42,5.56,-1.42
22.858,8.78,-1.46,5.56,-1.42,5.59,-1.42
22.873,8.76,-1.43,5.6,-1.42,5.63,-1.42
22.887,8.64,-1.43,5.63,-1.42,5.66,-1.42
22.901,8.61,-1.44,5.66,-1.42,5.69,-1.42
22.915,8.64,-1.43,5.69,-1.42,5.72,-1.42
22.93,8.75,-1.35,5.72,-1.42,5.75,-1.42
22.945,8.73,-1.39,5.75,-1.41,5.78,-1.41
22.959,8.68,-1.45,5.79,-1.41,5.81,-1.41
22.973,8.7,-1.47,5.82,-1.41,5.84,-1.41
22.987,8.65,-1.47,5.85,-1.41,5.87,-1.41
23.001,8.67,-1.49,5.88,-1.41,5.9,-1.41
23.016,8.78,-1.41,5.91,-1.41,5.94,-1.41
23.03,8.79,-1.37,5.94,-1.41,5.97,-1.41
23.044,8.77,-1.39,5.97,-1.41,6.0,-1.41
23.058,8.72,-1.47,6.0,-1.41,6.03,-1.41
23.072,8.73,-1.44,6.03,-1.41,6.05,-1.41
23.087,8.68,-1.36,6.05,-1.41,6.08,-1.41
23.102,8.68,-1.36,6.08,-1.41,6.11,-1.41
23.116,8.72,-1.44,6.11,-1.41,6.14,-1.41
23.131,8.74,-1.44,6.14,-1.41,6.16,-1.41
23.145,8.73,-1.49,6.17,-1.41,6.19,-1.41
23.159,8.73,-1.48,6.19,-1.41,6.22,-1.41
23.173,8.68,-1.41,6.22,-1.41,6.24,-1.41
23.187,8.69,-1.41,6.25,-1.41,6.27,-1.41
23.201,8.72,-1.43,6.27,-1.41,6.3,-1.41
23.216,8.73,-1.41,6.3,-1.41,6.32,-1.41
23.23,8.71,-1.44,6.33,-1.41,6.35,-1.41
23.244,8.7,-1.47,6.35,-1.41,6.38,-1.41
23.258,8.69,-1.43,6.38,-1.41,6.4,-1.41
23.272,8.69,-1.4,6.41,-1.41,6.43,-1.41
23.287,8.69,-1.4,6.43,-1.41,6.45,-1.41
23.301,8.67,-1.44,6.46,-1.41,6.48,-1.41
23.315,8.72,-1.43,6.48,-1.41,6.5,-1.41
23.329,8.75,-1.4,6.5,-1.41,6.53,-1.41
23.343,8.71,-1.43,6.53,-1.41,6.55,-1.41
23.357,8.68,-1.48,6.55,-1.41,6.57,-1.41
23.371,8.64,-1.37,6.57,-1.41,6.6,-1.41
23.385,8.65,-1.35,6.6,-1.41,6.62,-1.41
23.399,8.69,-1.4,6.62,-1.41,6.64,-1.41
23.414,8.73,-1.45,6.64,-1.41,6.66,-1.41
23.428,8.68,-1.43,6.66,-1.41,6.68,-1.41
23.442,8.67,-1.34,6.68,-1.41,6.7,-1.41
23.456,8.71,-1.33,6.71,-1.41,6.73,-1.41
23.47,8.75,-1.47,6.73,-1.41,6.75,-1.41
23.484,8.72,-1.51,6.75,-1.41,6.77,-1.41
23.5,8.71,-1.44,6.77,-1.41,6.79,-1.41
23.514,8.73,-1.43,6.79,-1.41,6.81,-1.41
23.529,8.71,-1.39,6.82,-1.41,6.84,-1.41
23.543,8.67,-1.4,6.84,-1.41,6.86,-1.41
23.557,8.67,-1.44,6.86,-1.41,6.88,-1.41
23.571,8.69,-1.42,6.88,-1.41,6.9,-1.41
23.589,8.76,-1.4,6.9,-1.41,6.92,-1.41
23.603,8.76,-1.39,6.92,-1.41,6.94,-1.41
23.617,8.62,-1.37,6.94,-1.41,6.96,-1.41
23.632,8.64,-1.39,6.96,-1.41,6.98,-1.41
23.646,8.73,-1.48,6.98,-1.41,7.0,-1.41
23.66,8.77,-1.55,7.0,-1.41,7.02,-1.41
23.674,8.69,-1.43,7.02,-1.41,7.04,-1.41
23.688,8.72,-1.37,7.04,-1.41,7.05,-1.41
23.703,8.71,-1.41,7.06,-1.41,7.07,-1.41
23.717,8.76,-1.41,7.07,-1.41,7.09,-1.41
23.731,8.71,-1.44,7.09,-1.41,7.11,-1.41
23.745,8.67,-1.44,7.11,-1.41,7.13,-1.41
23.759,8.72,-1.39,7.13,-1.41,7.14,-1.41
23.774,8.71,-1.35,7.15,-1.41,7.16,-1.41
23.788,8.65,-1.41,7.16,-1.41,7.18,-1.41
23.802,8.6,-1.41,7.18,-1.41,7.19,-1.41
23.818,8.69,-1.47,7.2,-1.41,7.21,-1.41
23.832,8.71,-1.44,7.21,-1.41,7.23,-1.41
23.846,8.7,-1.35,7.23,-1.41,7.24,-1.41
23.86,8.7,-1.37,7.24,-1.41,7.26,-1.41
23.875,8.75,-1.4,7.26,-1.41,7.27,-1.41
23.889,8.72,-1.43,7.28,-1.41,7.29,-1.41
23.903,8.66,-1.41,7.29,-1.41,7.31,-1.41
23.917,8.68,-1.34,7.31,-1.4,7.32,-1.4
23.931,8.71,-1.38,7.32,-1.4,7.34,-1.4
23.946,8.68,-1.37,7.34,-1.4,7.35,-1.4
23.96,8.66,-1.43,7.35,-1.4,7.36,-1.4
23.974,8.75,-1.56,7.36,-1.4,7.38,-1.4
23.988,8.83,-1.49,7.38,-1.4,7.39,-1.4
24.002,8.8,-1.34,7.39,-1.4,7.41,-1.4
24.016,8.65,-1.34,7.41,-1.4,7.42,-1.4
24.03,8.66,-1.42,7.42,-1.4,7.43,-1.4
24.045,8.78,-1.48,7.44,-1.39,7.45,-1.4
24.059,8.74,-1.46,7.45,-1.39,7.46,-1.4
24.073,8.58,-1.4,7.47,-1.39,7.48,-1.39
24.087,8.68,-1.42,7.48,-1.39,7.49,-1.39
24.101,8.86,-1.54,7.49,-1.39,7.5,-1.39
24.116,8.86,-1.47,7.5,-1.39,7.52,-1.39
24.13,8.72,-1.31,7.52,-1.39,7.53,-1.39
24.144,8.68,-1.42,7.53,-1.39,7.54,-1.39
24.158,8.82,-1.52,7.55,-1.39,7.56,-1.39
24.172,8.73,-1.46,7.56,-1.39,7.57,-1.39
24.186,8.59,-1.45,7.57,-1.39,7.58,-1.39
24.2,8.61,-1.47,7.59,-1.39,7.6,-1.39
24.214,8.85,-1.41,7.6,-1.39,7.61,-1.39
24.229,8.81,-1.37,7.61,-1.39,7.62,-1.39
24.243,8.72,-1.34,7.63,-1.39,7.64,-1.39
24.26,8.72,-1.33,7.64,-1.39,7.65,-1.39
24.274,8.81,-1.4,7.65,-1.39,7.67,-1.39
24.288,8.84,-1.45,7.67,-1.39,7.68,-1.39
24.303,8.63,-1.44,7.68,-1.39,7.69,-1.39
24.317,8.63,-1.43,7.69,-1.39,7.7,-1.39
24.331,8.86,-1.52,7.7,-1.39,7.71,-1.39
24.346,8.81,-1.46,7.72,-1.39,7.73,-1.39
24.36,8.71,-1.36,7.73,-1.4,7.74,-1.39
24.374,8.75,-1.43,7.74,-1.4,7.75,-1.4
24.388,8.74,-1.46,7.76,-1.4,7.77,-1.4
24.402,8.81,-1.42,7.77,-1.4,7.78,-1.4
24.416,8.75,-1.44,7.78,-1.4,7.79,-1.4
24.431,8.67,-1.45,7.79,-1.4,7.8,-1.4
24.445,8.74,-1.45,7.8,-1.4,7.81,-1.4
24.459,8.77,-1.43,7.82,-1.4,7.83,-1.4
24.473,8.67,-1.39,7.83,-1.4,7.84,-1.4
24.487,8.6,-1.4,7.84,-1.4,7.84,-1.4
24.501,8.72,-1.51,7.85,-1.4,7.86,-1.4
24.516,8.71,-1.47,7.86,-1.4,7.87,-1.4
24.53,8.7,-1.42,7.87,-1.4,7.88,-1.4
24.544,8.78,-1.45,7.88,-1.4,7.89,-1.4
24.558,8.72,-1.46,7.89,-1.4,7.89,-1.4
24.572,8.67,-1.47,7.9,-1.4,7.9,-1.4
24.587,8.75,-1.43,7.91,-1.4,7.92,-1.4
24.601,8.76,-1.42,7.92,-1.4,7.93,-1.4
24.615,8.72,-1.43,7.93,-1.4,7.94,-1.4
24.629,8.8,-1.49,7.94,-1.4,7.95,-1.4
24.643,8.79,-1.49,7.95,-1.4,7.96,-1.4
24.657,8.73,-1.42,7.96,-1.4,7.97,-1.4
24.672,8.72,-1.45,7.97,-1.4,7.98,-1.4
24.686,8.64,-1.45,7.98,-1.4,7.98,-1.4
24.7,8.68,-1.43,7.99,-1.4,7.99,-1.4
24.714,8.74,-1.41,7.99,-1.4,8.0,-1.4
24.728,8.82,-1.38,8.0,-1.4,8.01,-1.4
24.742,8.81,-1.37,8.02,-1.4,8.02,-1.4
24.757,8.78,-1.49,8.03,-1.4,8.03,-1.4
24.771,8.75,-1.49,8.04,-1.4,8.04,-1.4
24.785,8.7,-1.44,8.05,-1.4,8.05,-1.4
24.8,8.71,-1.43,8.06,-1.4,8.06,-1.4
24.813,8.72,-1.41,8.07,-1.4,8.07,-1.4
24.828,8.71,-1.44,8.08,-1.4,8.08,-1.4
24.842,8.72,-1.48,8.08,-1.4,8.09,-1.4
24.856,8.76,-1.48,8.09,-1.4,8.1,-1.4
24.87,8.73,-1.45,8.1,-1.4,8.11,-1.4
24.884,8.71,-1.4,8.11,-1.4,8.12,-1.4
24.898,8.73,-1.44,8.12,-1.4,8.12,-1.4
24.912,8.75,-1.45,8.13,-1.4,8.13,-1.4
24.927,8.74,-1.48,8.14,-1.4,8.14,-1.4
24.941,8.7,-1.47,8.14,-1.4,8.15,-1.4
24.955,8.77,-1.43,8.15,-1.4,8.16,-1.4
24.969,8.77,-1.45,8.16,-1.4,8.17,-1.4
24.984,8.71,-1.43,8.17,-1.4,8.17,-1.4
24.998,8.73,-1.43,8.17,-1.4,8.18,-1.4
25.012,8.73,-1.46,8.18,-1.4,8.19,-1.4
25.026,8.73,-1.49,8.19,-1.4,8.2,-1.4
25.041,8.73,-1.47,8.2,-1.4,8.2,-1.4
25.055,8.71,-1.39,8.21,-1.4,8.21,-1.4
25.069,8.67,-1.39,8.21,-1.4,8.22,-1.4
25.083,8.7,-1.44,8.22,-1.4,8.22,-1.4
25.097,8.72,-1.47,8.23,-1.4,8.23,-1.4
25.112,8.75,-1.49,8.24,-1.4,8.24,-1.4
25.126,8.72,-1.43,8.24,-1.4,8.25,-1.4
25.141,8.7,-1.39,8.25,-1.4,8.25,-1.4
25.155,8.72,-1.43,8.26,-1.4,8.26,-1.41
25.169,8.71,-1.45,8.26,-1.41,8.27,-1.41
25.183,8.74,-1.44,8.27,-1.41,8.27,-1.41
25.197,8.79,-1.44,8.28,-1.41,8.28,-1.41
25.211,8.74,-1.46,8.28,-1.41,8.29,-1.41
25.225,8.71,-1.47,8.29,-1.41,8.29,-1.41
25.24,8.74,-1.46,8.29,-1.41,8.3,-1.41
25.254,8.74,-1.46,8.3,-1.41,8.31,-1.41
25.27,8.77,-1.44,8.31,-1.41,8.31,-1.41
25.285,8.77,-1.4,8.32,-1.41,8.32,-1.41
25.299,8.73,-1.42,8.32,-1.41,8.33,-1.41
25.313,8.72,-1.42,8.33,-1.41,8.33,-1.41
25.327,8.74,-1.41,8.33,-1.41,8.34,-1.41
25.341,8.77,-1.39,8.34,-1.41,8.34,-1.41
25.355,8.73,-1.41,8.35,-1.41,8.35,-1.41
25.369,8.68,-1.43,8.35,-1.41,8.36,-1.41
25.383,8.71,-1.43,8.36,-1.41,8.36,-1.41
25.397,8.71,-1.42,8.36,-1.41,8.37,-1.41
25.412,8.71,-1.43,8.37,-1.41,8.37,-1.41
25.426,8.68,-1.43,8.38,-1.41,8.38,-1.41
25.44,8.74,-1.44,8.38,-1.41,8.38,-1.41
25.454,8.74,-1.44,8.39,-1.41,8.39,-1.41
25.469,8.75,-1.41,8.39,-1.41,8.4,-1.41
25.482,8.75,-1.42,8.4,-1.41,8.4,-1.41
25.497,8.73,-1.43,8.4,-1.41,8.41,-1.41
25.511,8.73,-1.43,8.41,-1.41,8.41,-1.41
25.525,8.77,-1.48,8.41,-1.41,8.42,-1.41
25.539,8.79,-1.46,8.42,-1.41,8.42,-1.41
25.554,8.78,-1.44,8.42,-1.41,8.43,-1.41
25.568,8.69,-1.45,8.43,-1.41,8.43,-1.41
25.582,8.71,-1.41,8.43,-1.41,8.44,-1.41
25.596,8.69,-1.43,8.44,-1.41,8.44,-1.41
25.611,8.73,-1.42,8.44,-1.41,8.45,-1.41
25.625,8.78,-1.43,8.45,-1.41,8.45,-1.41
25.639,8.8,-1.45,8.45,-1.41,8.46,-1.41
25.653,8.78,-1.46,8.46,-1.41,8.46,-1.41
25.667,8.69,-1.43,8.46,-1.41,8.46,-1.41
25.682,8.66,-1.41,8.47,-1.41,8.47,-1.41
25.696,8.68,-1.5,8.47,-1.41,8.47,-1.41
25.71,8.74,-1.5,8.47,-1.41,8.48,-1.41
25.724,8.73,-1.46,8.48,-1.41,8.48,-1.41
25.738,8.7,-1.48,8.48,-1.41,8.49,-1.41
25.753,8.7,-1.5,8.49,-1.41,8.49,-1.41
25.767,8.75,-1.46,8.49,-1.41,8.5,-1.41
25.785,8.72,-1.4,8.5,-1.41,8.5,-1.41
25.798,8.72,-1.4,8.5,-1.41,8.51,-1.41
25.812,8.72,-1.41,8.51,-1.41,8.51,-1.41
25.826,8.76,-1.41,8.51,-1.41,8.51,-1.41
25.84,8.75,-1.4,8.52,-1.41,8.52,-1.41
25.855,8.68,-1.46,8.52,-1.41,8.52,-1.41
25.869,8.72,-1.46,8.52,-1.41,8.52,-1.41
25.883,8.72,-1.37,8.52,-1.41,8.53,-1.41
25.897,8.73,-1.35,8.53,-1.41,8.53,-1.41
25.911,8.75,-1.34,8.53,-1.41,8.53,-1.41
25.925,8.69,-1.39,8.54,-1.41,8.54,-1.41
25.94,8.69,-1.43,8.54,-1.41,8.54,-1.41
25.954,8.67,-1.45,8.54,-1.41,8.54,-1.41
25.968,8.65,-1.43,8.55,-1.41,8.55,-1.41
25.982,8.73,-1.48,8.55,-1.41,8.55,-1.41
25.996,8.7,-1.5,8.55,-1.41,8.56,-1.41
26.012,8.73,-1.43,8.56,-1.41,8.56,-1.41
26.026,8.72,-1.44,8.56,-1.41,8.56,-1.41
26.04,8.7,-1.5,8.56,-1.41,8.57,-1.41
26.054,8.74,-1.5,8.57,-1.41,8.57,-1.41
26.069,8.75,-1.47,8.57,-1.41,8.57,-1.41
26.083,8.68,-1.41,8.57,-1.41,8.57,-1.41
26.097,8.7,-1.39,8.58,-1.41,8.58,-1.41
26.111,8.75,-1.4,8.58,-1.41,8.58,-1.41
26.125,8.77,-1.42,8.58,-1.41,8.59,-1.41
26.139,8.77,-1.38,8.59,-1.41,8.59,-1.41
26.154,8.25,-1.01,8.6,-1.41,8.59,-1.41
26.168,8.4,-1.16,8.6,-1.41,8.59,-1.4
26.182,8.93,-1.77,8.59,-1.4,8.6,-1.4
26.196,9.09,-1.72,8.6,-1.4,8.6,-1.41
26.21,8.46,-1.14,8.6,-1.41,8.6,-1.41
26.224,8.4,-1.37,8.61,-1.41,8.61,-1.41
26.238,8.85,-1.51,8.61,-1.4,8.61,-1.4
26.253,8.93,-1.53,8.61,-1.4,8.61,-1.41
26.267,8.77,-1.41,8.61,-1.41,8.61,-1.41
26.281,8.39,-1.31,8.62,-1.41,8.62,-1.41
26.295,8.55,-1.37,8.62,-1.41,8.62,-1.41
26.309,9.13,-1.63,8.62,-1.4,8.62,-1.41
26.326,8.85,-1.42,8.63,-1.41,8.63,-1.41
26.34,8.42,-1.35,8.63,-1.41,8.63,-1.41
26.355,8.67,-1.51,8.63,-1.41,8.63,-1.41
26.369,8.89,-1.39,8.63,-1.4,8.63,-1.4
26.383,8.63,-1.25,8.64,-1.41,8.64,-1.4
26.397,8.56,-1.52,8.64,-1.4,8.64,-1.41
26.411,8.75,-1.55,8.64,-1.4,8.64,-1.41
26.426,8.86,-1.47,8.64,-1.4,8.64,-1.41
26.44,8.75,-1.45,8.65,-1.41,8.65,-1.41
26.454,8.62,-1.4,8.65,-1.41,8.65,-1.41
26.468,8.69,-1.4,8.66,-1.41,8.66,-1.41
26.482,8.87,-1.53,8.66,-1.41,8.66,-1.41
26.496,8.66,-1.38,8.66,-1.41,8.66,-1.41
26.51,8.52,-1.33,8.66,-1.41,8.66,-1.41
26.524,8.65,-1.43,8.66,-1.4,8.66,-1.4
26.538,8.9,-1.5,8.66,-1.4,8.67,-1.4
26.552,8.75,-1.36,8.67,-1.4,8.67,-1.4
26.567,8.63,-1.47,8.67,-1.4,8.67,-1.4
26.581,8.73,-1.49,8.68,-1.4,8.68,-1.4
26.595,8.78,-1.43,8.68,-1.4,8.68,-1.4
26.609,8.76,-1.48,8.68,-1.4,8.68,-1.4
26.624,8.68,-1.47,8.69,-1.4,8.69,-1.4
26.638,8.67,-1.34,8.69,-1.4,8.69,-1.4
26.652,8.74,-1.4,8.69,-1.4,8.69,-1.4
26.666,8.78,-1.44,8.69,-1.4,8.69,-1.4
26.68,8.7,-1.34,8.69,-1.4,8.69,-1.4
26.695,8.75,-1.4,8.7,-1.4,8.7,-1.4
26.709,8.78,-1.48,8.7,-1.4,8.7,-1.41
26.723,8.71,-1.41,8.7,-1.41,8.7,-1.41
26.738,8.7,-1.42,8.7,-1.4,8.7,-1.4
26.752,8.76,-1.46,8.71,-1.4,8.71,-1.41
26.767,8.69,-1.44,8.71,-1.41,8.71,-1.41
26.781,8.64,-1.45,8.71,-1.41,8.71,-1.41
26.795,8.68,-1.43,8.71,-1.41,8.71,-1.41
26.81,8.72,-1.36,8.71,-1.41,8.71,-1.41
26.824,8.74,-1.44,8.72,-1.41,8.72,-1.41
26.838,8.78,-1.51,8.72,-1.41,8.72,-1.41
26.852,8.74,-1.47,8.72,-1.41,8.72,-1.41
26.866,8.82,-1.45,8.72,-1.41,8.72,-1.41
26.88,8.87,-1.48,8.72,-1.41,8.72,-1.41
26.895,8.67,-1.46,8.73,-1.41,8.73,-1.41
26.909,8.65,-1.46,8.73,-1.41,8.73,-1.41
26.923,8.79,-1.48,8.73,-1.41,8.73,-1.41
26.937,8.76,-1.44,8.73,-1.41,8.73,-1.41
26.951,8.71,-1.41,8.73,-1.41,8.73,-1.41
26.966,8.68,-1.46,8.74,-1.41,8.74,-1.41
26.98,8.7,-1.39,8.74,-1.41,8.74,-1.41
26.994,8.74,-1.42,8.74,-1.41,8.74,-1.41
27.008,8.74,-1.46,8.74,-1.41,8.74,-1.41
27.022,8.74,-1.39,8.74,-1.41,8.74,-1.41
27.037,8.78,-1.35,8.75,-1.41,8.75,-1.41
27.051,8.75,-1.43,8.75,-1.41,8.75,-1.41
27.065,8.64,-1.44,8.75,-1.41,8.75,-1.41
27.079,8.66,-1.47,8.75,-1.41,8.75,-1.41
27.093,8.79,-1.49,8.75,-1.41,8.75,-1.41
27.107,8.86,-1.46,8.75,-1.41,8.75,-1.41
27.122,8.7,-1.39,8.75,-1.41,8.75,-1.41
27.137,8.64,-1.42,8.75,-1.41,8.75,-1.41
27.151,8.76,-1.46,8.75,-1.41,8.75,-1.41
27.165,8.79,-1.44,8.75,-1.41,8.76,-1.41
27.179,8.75,-1.4,8.76,-1.41,8.76,-1.41
27.193,8.7,-1.37,8.76,-1.41,8.76,-1.41
27.208,8.76,-1.51,8.76,-1.41,8.76,-1.41
27.222,8.84,-1.52,8.76,-1.41,8.76,-1.41
27.236,8.8,-1.46,8.76,-1.41,8.76,-1.41
27.25,8.68,-1.41,8.77,-1.41,8.77,-1.41
27.265,8.75,-1.45,8.77,-1.41,8.77,-1.41
27.279,8.75,-1.43,8.77,-1.41,8.77,-1.41
27.293,8.7,-1.38,8.77,-1.41,8.77,-1.41
27.308,8.67,-1.43,8.77,-1.41,8.77,-1.41
27.322,8.71,-1.44,8.78,-1.41,8.77,-1.41
27.336,8.72,-1.42,8.78,-1.41,8.78,-1.41
27.35,8.69,-1.47,8.78,-1.41,8.78,-1.41
27.365,8.63,-1.43,8.78,-1.41,8.78,-1.41
27.379,8.76,-1.41,8.78,-1.41,8.78,-1.41
27.393,8.83,-1.48,8.78,-1.41,8.78,-1.41
27.407,8.67,-1.42,8.79,-1.41,8.78,-1.41
27.422,8.63,-1.37,8.79,-1.41,8.78,-1.41
27.435,8.78,-1.5,8.79,-1.41,8.79,-1.41
27.45,8.81,-1.49,8.79,-1.41,8.79,-1.41
27.464,8.79,-1.41,8.79,-1.41,8.79,-1.41
27.479,8.73,-1.45,8.79,-1.41,8.79,-1.41
27.493,8.69,-1.48,8.79,-1.41,8.79,-1.41
27.507,8.73,-1.43,8.79,-1.41,8.79,-1.41
27.521,8.74,-1.39,8.8,-1.41,8.79,-1.41
27.535,8.73,-1.41,8.8,-1.41,8.8,-1.41
27.549,8.71,-1.46,8.8,-1.41,8.8,-1.41
27.564,8.73,-1.48,8.8,-1.41,8.8,-1.41
27.578,8.74,-1.44,8.8,-1.41,8.8,-1.41
27.592,8.76,-1.41,8.8,-1.41,8.8,-1.41
27.606,8.76,-1.48,8.8,-1.41,8.8,-1.41
27.62,8.77,-1.52,8.8,-1.41,8.8,-1.41
27.635,8.77,-1.45,8.81,-1.41,8.8,-1.41
27.649,8.79,-1.42,8.81,-1.41,8.81,-1.41
27.663,8.69,-1.38,8.81,-1.41,8.81,-1.41
27.677,8.61,-1.35,8.81,-1.41,8.81,-1.41
27.691,8.63,-1.38,8.81,-1.41,8.81,-1.41
27.705,8.78,-1.47,8.81,-1.41,8.81,-1.41
27.72,8.8,-1.45,8.81,-1.41,8.81,-1.41
27.734,8.74,-1.44,8.81,-1.41,8.81,-1.41
27.748,8.77,-1.41,8.81,-1.41,8.81,-1.41
27.762,8.79,-1.36,8.82,-1.41,8.82,-1.41
27.776,8.77,-1.44,8.82,-1.41,8.82,-1.41
27.79,8.71,-1.51,8.82,-1.41,8.82,-1.41
27.804,8.73,-1.45,8.82,-1.41,8.82,-1.41
27.818,8.8,-1.42,8.82,-1.41,8.82,-1.41
27.832,8.79,-1.43,8.82,-1.41,8.82,-1.41
27.846,8.7,-1.46,8.83,-1.41,8.82,-1.41
27.861,8.65,-1.5,8.83,-1.41,8.82,-1.42
27.875,8.68,-1.47,8.83,-1.42,8.82,-1.42
27.889,8.73,-1.43,8.83,-1.42,8.83,-1.42
27.904,8.77,-1.41,8.83,-1.42,8.83,-1.42
27.918,8.74,-1.47,8.83,-1.42,8.83,-1.42
27.932,8.67,-1.55,8.83,-1.42,8.83,-1.42
27.947,8.69,-1.55,8.83,-1.42,8.83,-1.42
27.96,8.71,-1.44,8.83,-1.42,8.83,-1.42
27.975,8.66,-1.41,8.83,-1.42,8.83,-1.42
27.989,8.69,-1.4,8.83,-1.42,8.83,-1.42
28.003,8.73,-1.41,8.84,-1.42,8.83,-1.42
28.017,8.73,-1.42,8.84,-1.42,8.83,-1.42
28.031,8.75,-1.44,8.84,-1.42,8.84,-1.42
28.046,8.69,-1.44,8.84,-1.42,8.84,-1.42
28.06,8.76,-1.4,8.84,-1.42,8.84,-1.42
28.075,8.77,-1.37,8.84,-1.42,8.84,-1.42
28.089,8.75,-1.47,8.84,-1.42,8.84,-1.42
28.103,8.7,-1.51,8.84,-1.42,8.84,-1.42
28.117,8.7,-1.52,8.85,-1.42,8.84,-1.42
28.131,8.71,-1.49,8.85,-1.42,8.84,-1.42
28.145,8.7,-1.44,8.85,-1.42,8.85,-1.42
28.159,8.74,-1.35,8.85,-1.42,8.85,-1.42
28.173,8.76,-1.35,8.85,-1.42,8.85,-1.42
28.188,8.71,-1.41,8.85,-1.42,8.85,-1.42
28.202,8.71,-1.43,8.85,-1.42,8.85,-1.42
28.216,8.7,-1.46,8.85,-1.42,8.85,-1.42
28.231,8.72,-1.43,8.85,-1.42,8.85,-1.42
28.245,8.74,-1.38,8.85,-1.42,8.85,-1.42
28.259,8.79,-1.41,8.85,-1.42,8.85,-1.42
28.273,8.81,-1.48,8.86,-1.42,8.86,-1.42
28.287,8.77,-1.51,8.86,-1.42,8.86,-1.42
28.302,8.81,-1.51,8.86,-1.42,8.86,-1.42
28.316,8.79,-1.43,8.86,-1.42,8.86,-1.42
28.33,8.78,-1.37,8.86,-1.42,8.86,-1.42
28.344,8.77,-1.4,8.86,-1.42,8.86,-1.42
28.358,8.72,-1.4,8.86,-1.42,8.86,-1.42
28.372,8.7,-1.42,8.86,-1.42,8.86,-1.42
28.386,8.72,-1.5,8.86,-1.42,8.86,-1.42
28.4,8.75,-1.47,8.86,-1.42,8.86,-1.42
28.415,8.73,-1.35,8.86,-1.42,8.86,-1.42
28.429,8.68,-1.37,8.86,-1.42,8.86,-1.42
28.443,8.66,-1.43,8.86,-1.42,8.86,-1.42
28.457,8.68,-1.5,8.86,-1.42,8.86,-1.42
28.471,8.69,-1.5,8.86,-1.42,8.86,-1.42
28.485,8.73,-1.46,8.86,-1.42,8.86,-1.42
28.5,8.74,-1.41,8.86,-1.42,8.86,-1.42
28.513,8.76,-1.38,8.87,-1.42,8.86,-1.42
28.528,8.76,-1.41,8.87,-1.42,8.87,-1.42
28.542,8.74,-1.43,8.87,-1.42,8.87,-1.42
28.556,8.65,-1.5,8.87,-1.42,8.87,-1.42
28.57,8.7,-1.51,8.87,-1.42,8.87,-1.42
28.584,8.79,-1.42,8.87,-1.42,8.87,-1.42
28.598,8.78,-1.41,8.87,-1.42,8.87,-1.42
28.613,8.73,-1.5,8.87,-1.42,8.87,-1.42
28.627,8.74,-1.52,8.87,-1.42,8.87,-1.42
28.641,8.77,-1.45,8.87,-1.42,8.87,-1.42
28.656,8.74,-1.43,8.87,-1.42,8.87,-1.42
28.67,8.71,-1.46,8.87,-1.42,8.87,-1.42
28.684,8.73,-1.42,8.87,-1.42,8.87,-1.42
28.699,8.75,-1.41,8.87,-1.42,8.87,-1.42
28.713,8.76,-1.42,8.87,-1.42,8.87,-1.42
28.727,8.69,-1.41,8.88,-1.42,8.87,-1.42
28.741,8.75,-1.49,8.88,-1.42,8.87,-1.42
28.756,8.75,-1.44,8.88,-1.42,8.87,-1.42
28.77,8.65,-1.35,8.88,-1.42,8.87,-1.42
28.784,8.68,-1.38,8.88,-1.42,8.87,-1.42
28.798,8.73,-1.43,8.88,-1.42,8.87,-1.42
28.812,8.74,-1.47,8.88,-1.42,8.88,-1.42
28.826,8.77,-1.44,8.88,-1.42,8.88,-1.42
28.841,8.7,-1.39,8.88,-1.42,8.88,-1.42
28.855,8.71,-1.44,8.88,-1.42,8.88,-1.42
28.869,8.73,-1.44,8.88,-1.42,8.88,-1.42
28.883,8.73,-1.39,8.88,-1.42,8.88,-1.42
28.897,8.71,-1.35,8.88,-1.42,8.88,-1.42
28.911,8.77,-1.45,8.88,-1.42,8.88,-1.42
28.926,8.77,-1.46,8.88,-1.41,8.88,-1.41
28.94,8.68,-1.43,8.88,-1.41,8.88,-1.41
28.954,8.67,-1.38,8.88,-1.41,8.88,-1.41
28.968,8.76,-1.42,8.88,-1.41,8.88,-1.41
28.982,8.78,-1.42,8.88,-1.41,8.88,-1.41
28.996,8.77,-1.39,8.89,-1.41,8.88,-1.41
29.011,8.66,-1.36,8.89,-1.41,8.89,-1.41
29.025,8.67,-1.41,8.89,-1.41,8.88,-1.41
29.039,8.77,-1.46,8.89,-1.41,8.89,-1.41
29.053,8.76,-1.44,8.89,-1.41,8.89,-1.41
29.067,8.66,-1.44,8.89,-1.41,8.89,-1.41
29.081,8.71,-1.43,8.89,-1.41,8.88,-1.41
29.095,8.75,-1.41,8.89,-1.41,8.89,-1.41
29.11,8.71,-1.41,8.89,-1.41,8.89,-1.41
29.124,8.72,-1.41,8.89,-1.41,8.89,-1.41
29.138,8.77,-1.43,8.89,-1.41,8.89,-1.41
29.153,8.79,-1.41,8.89,-1.41,8.89,-1.41
29.166,8.75,-1.46,8.89,-1.41,8.89,-1.41
29.18,8.76,-1.47,8.89,-1.41,8.89,-1.41
29.195,8.75,-1.46,8.89,-1.41,8.89,-1.41
29.209,8.77,-1.47,8.89,-1.41,8.89,-1.41
29.223,8.76,-1.43,8.89,-1.41,8.89,-1.41
29.237,8.76,-1.39,8.89,-1.41,8.89,-1.41
29.251,8.75,-1.4,8.89,-1.41,8.89,-1.41
29.266,8.65,-1.43,8.89,-1.41,8.89,-1.41
29.279,8.67,-1.42,8.89,-1.41,8.89,-1.41
29.293,8.69,-1.43,8.89,-1.41,8.89,-1.41
29.307,8.74,-1.44,8.89,-1.41,8.89,-1.41
29.321,8.74,-1.41,8.89,-1.41,8.89,-1.41
29.336,8.68,-1.43,8.89,-1.41,8.89,-1.41
29.35,8.75,-1.45,8.89,-1.41,8.89,-1.41
29.364,8.74,-1.46,8.89,-1.41,8.89,-1.41
29.378,8.76,-1.43,8.89,-1.41,8.89,-1.41
29.392,8.79,-1.41,8.9,-1.41,8.89,-1.41
29.406,8.78,-1.46,8.9,-1.41,8.89,-1.41
29.42,8.76,-1.41,8.9,-1.41,8.9,-1.41
29.434,8.74,-1.42,8.9,-1.41,8.9,-1.41
29.448,8.74,-1.43,8.9,-1.41,8.9,-1.41
29.463,8.7,-1.43,8.9,-1.41,8.9,-1.41
29.477,8.72,-1.46,8.9,-1.41,8.9,-1.41
29.491,8.72,-1.48,8.9,-1.41,8.9,-1.41
29.505,8.68,-1.45,8.9,-1.41,8.9,-1.41
29.519,8.72,-1.41,8.9,-1.41,8.9,-1.41
29.534,8.67,-1.42,8.9,-1.41,8.9,-1.41
29.548,8.65,-1.46,8.9,-1.41,8.9,-1.41
29.562,8.8,-1.51,8.9,-1.41,8.9,-1.41
29.576,8.81,-1.48,8.9,-1.41,8.9,-1.41
29.59,8.8,-1.46,8.9,-1.41,8.9,-1.41
29.604,8.75,-1.42,8.91,-1.41,8.9,-1.41
29.618,8.74,-1.42,8.91,-1.41,8.91,-1.41
29.633,8.64,-1.39,8.91,-1.41,8.9,-1.41
29.647,8.67,-1.4,8.91,-1.41,8.9,-1.41
29.661,8.79,-1.38,8.91,-1.41,8.9,-1.41
29.675,8.81,-1.38,8.91,-1.41,8.91,-1.41
29.689,8.76,-1.41,8.91,-1.41,8.91,-1.41
29.703,8.73,-1.41,8.91,-1.41,8.91,-1.41
29.717,8.76,-1.41,8.91,-1.41,8.91,-1.41
29.732,8.76,-1.43,8.91,-1.41,8.91,-1.41
29.746,8.79,-1.42,8.91,-1.41,8.91,-1.41
29.76,8.8,-1.39,8.91,-1.41,8.91,-1.41
29.774,8.78,-1.44,8.91,-1.41,8.91,-1.41
29.789,8.71,-1.41,8.91,-1.41,8.91,-1.41
29.804,8.68,-1.43,8.91,-1.41,8.91,-1.41
29.818,8.69,-1.45,8.91,-1.41,8.91,-1.41
29.832,8.68,-1.48,8.91,-1.41,8.91,-1.41
29.846,8.72,-1.48,8.91,-1.41,8.91,-1.41
29.861,8.72,-1.42,8.91,-1.41,8.91,-1.41
29.875,8.63,-1.42,8.91,-1.41,8.91,-1.41
29.889,8.65,-1.43,8.91,-1.41,8.9,-1.41
29.903,8.72,-1.44,8.91,-1.41,8.9,-1.41
29.917,8.74,-1.44,8.9,-1.41,8.9,-1.41
29.931,8.75,-1.4,8.91,-1.41,8.9,-1.41
29.945,8.8,-1.38,8.91,-1.41,8.9,-1.41
29.959,8.83,-1.41,8.91,-1.41,8.91,-1.41
29.974,8.81,-1.42,8.91,-1.41,8.91,-1.41
29.988,8.79,-1.5,8.91,-1.41,8.91,-1.41
30.002,8.77,-1.54,8.91,-1.41,8.91,-1.42
30.016,8.74,-1.5,8.91,-1.41,8.91,-1.42
30.031,8.78,-1.45,8.91,-1.41,8.91,-1.42
30.045,8.79,-1.41,8.91,-1.42,8.91,-1.42
30.059,8.74,-1.39,8.92,-1.42,8.91,-1.42
30.074,8.72,-1.38,8.92,-1.42,8.91,-1.42
30.089,8.74,-1.43,8.92,-1.42,8.91,-1.42
30.103,8.8,-1.46,8.92,-1.42,8.92,-1.42
30.117,8.78,-1.47,8.92,-1.42,8.92,-1.42
30.131,8.74,-1.45,8.92,-1.42,8.92,-1.42
30.145,8.73,-1.39,8.92,-1.42,8.92,-1.42
30.159,8.72,-1.43,8.92,-1.42,8.92,-1.42
30.174,8.76,-1.46,8.92,-1.42,8.92,-1.42
30.188,8.76,-1.44,8.92,-1.42,8.92,-1.42
30.202,8.74,-1.41,8.92,-1.42,8.92,-1.42
30.216,8.73,-1.44,8.92,-1.42,8.92,-1.42
30.231,8.71,-1.42,8.92,-1.42,8.92,-1.42
30.245,8.76,-1.44,8.92,-1.42,8.92,-1.42
30.259,8.73,-1.46,8.92,-1.42,8.92,-1.42
30.273,8.77,-1.41,8.92,-1.42,8.92,-1.42
30.287,8.79,-1.45,8.92,-1.42,8.92,-1.42
30.301,8.79,-1.46,8.92,-1.42,8.92,-1.42
30.316,8.68,-1.43,8.92,-1.42,8.92,-1.42
30.329,8.69,-1.43,8.92,-1.42,8.92,-1.42
30.344,8.72,-1.39,8.92,-1.42,8.91,-1.42
30.36,8.69,-1.43,8.92,-1.42,8.91,-1.42
30.374,8.72,-1.38,8.92,-1.42,8.92,-1.42
30.388,8.75,-1.35,8.92,-1.42,8.92,-1.41
30.402,8.68,-1.39,8.92,-1.41,8.91,-1.41
30.416,8.66,-1.39,8.92,-1.41,8.91,-1.41
30.431,8.66,-1.41,8.92,-1.41,8.91,-1.41
30.445,8.7,-1.4,8.92,-1.42,8.92,-1.42
30.459,8.78,-1.39,8.92,-1.42,8.92,-1.42
30.473,8.82,-1.42,8.92,-1.42,8.92,-1.42
30.487,8.78,-1.47,8.92,-1.42,8.92,-1.42
30.502,8.78,-1.47,8.92,-1.42,8.92,-1.42
30.516,8.8,-1.45,8.92,-1.42,8.92,-1.42
30.53,8.79,-1.43,8.92,-1.42,8.92,-1.42
30.544,8.79,-1.44,8.92,-1.42,8.92,-1.42
30.558,8.77,-1.44,8.92,-1.42,8.92,-1.42
30.576,8.66,-1.41,8.92,-1.42,8.92,-1.42
30.591,8.69,-1.41,8.92,-1.42,8.92,-1.42
30.605,8.64,-1.46,8.92,-1.42,8.92,-1.42
30.619,8.74,-1.49,8.92,-1.42,8.92,-1.42
30.633,8.82,-1.43,8.92,-1.42,8.92,-1.42
30.648,8.82,-1.4,8.92,-1.42,8.92,-1.42
30.662,8.75,-1.43,8.92,-1.42,8.92,-1.42
30.676,8.76,-1.46,8.92,-1.42,8.92,-1.42
30.69,8.78,-1.45,8.92,-1.42,8.92,-1.42
30.704,8.78,-1.43,8.92,-1.42,8.92,-1.42
30.718,8.64,-1.4,8.93,-1.42,8.92,-1.42
30.732,8.64,-1.42,8.92,-1.42,8.92,-1.42
30.746,8.72,-1.43,8.92,-1.42,8.92,-1.42
30.761,8.71,-1.45,8.92,-1.42,8.92,-1.42
30.775,8.67,-1.42,8.92,-1.42,8.92,-1.42
30.789,8.71,-1.41,8.92,-1.42,8.92,-1.42
30.803,8.77,-1.42,8.92,-1.42,8.92,-1.42
30.817,8.77,-1.42,8.92,-1.42,8.92,-1.42
30.831,8.78,-1.41,8.92,-1.42,8.92,-1.42
30.846,8.78,-1.42,8.92,-1.42,8.92,-1.42
30.86,8.76,-1.46,8.92,-1.42,8.92,-1.42
30.875,8.76,-1.45,8.92,-1.42,8.92,-1.42
30.889,8.7,-1.45,8.93,-1.42,8.92,-1.42
30.903,8.7,-1.43,8.92,-1.42,8.92,-1.42
30.918,8.68,-1.46,8.92,-1.42,8.92,-1.42
30.932,8.65,-1.45,8.92,-1.42,8.92,-1.42
30.946,8.66,-1.43,8.92,-1.42,8.92,-1.42
30.96,8.7,-1.46,8.92,-1.42,8.92,-1.42
30.974,8.75,-1.48,8.92,-1.42,8.92,-1.42
30.988,8.72,-1.48,8.92,-1.42,8.92,-1.42
31.003,8.73,-1.46,8.92,-1.42,8.92,-1.42
31.017,8.77,-1.43,8.92,-1.42,8.92,-1.42
31.031,8.78,-1.44,8.92,-1.42,8.92,-1.42
31.046,8.73,-1.48,8.93,-1.42,8.92,-1.42
31.06,8.72,-1.5,8.93,-1.42,8.92,-1.42
31.074,8.71,-1.39,8.93,-1.42,8.92,-1.42
31.088,8.73,-1.42,8.93,-1.42,8.92,-1.42
31.102,8.74,-1.46,8.93,-1.42,8.92,-1.42
31.117,8.74,-1.45,8.93,-1.42,8.92,-1.42
31.131,8.73,-1.46,8.93,-1.42,8.92,-1.42
31.145,8.75,-1.43,8.93,-1.42,8.92,-1.42
31.16,8.74,-1.4,8.93,-1.42,8.92,-1.42
31.174,8.72,-1.42,8.93,-1.42,8.92,-1.42
31.188,8.76,-1.48,8.93,-1.42,8.92,-1.42
31.202,8.77,-1.51,8.93,-1.42,8.92,-1.43
31.217,8.74,-1.49,8.93,-1.43,8.92,-1.43
31.231,8.72,-1.48,8.93,-1.42,8.93,-1.43
31.245,8.69,-1.47,8.93,-1.42,8.92,-1.42
31.259,8.68,-1.42,8.93,-1.42,8.92,-1.42
31.273,8.71,-1.37,8.93,-1.42,8.92,-1.42
31.287,8.65,-1.43,8.93,-1.42,8.92,-1.42
31.302,8.66,-1.46,8.93,-1.42,8.92,-1.42
31.316,8.72,-1.44,8.92,-1.42,8.92,-1.42
31.33,8.76,-1.43,8.92,-1.42,8.92,-1.42
31.345,8.68,-1.41,8.93,-1.42,8.92,-1.42
31.359,8.64,-1.41,8.92,-1.42,8.92,-1.42
31.373,8.74,-1.46,8.92,-1.42,8.92,-1.42
31.387,8.79,-1.46,8.92,-1.42,8.92,-1.42
31.402,8.78,-1.44,8.92,-1.42,8.92,-1.42
31.416,8.75,-1.46,8.93,-1.42,8.92,-1.42
31.43,8.73,-1.38,8.93,-1.42,8.92,-1.42
31.444,8.74,-1.36,8.93,-1.42,8.92,-1.42
31.458,8.72,-1.38,8.93,-1.42,8.93,-1.42
31.472,8.72,-1.43,8.93,-1.42,8.93,-1.42
31.486,8.7,-1.41,8.93,-1.42,8.92,-1.42
31.501,8.72,-1.4,8.93,-1.42,8.92,-1.42
31.515,8.72,-1.39,8.92,-1.42,8.92,-1.42
31.53,8.71,-1.48,8.92,-1.42,8.92,-1.42
31.544,8.75,-1.49,8.92,-1.42,8.92,-1.42
31.558,8.75,-1.43,8.92,-1.42,8.92,-1.42
31.572,8.76,-1.43,8.92,-1.42,8.92,-1.42
31.587,8.79,-1.45,8.92,-1.42,8.92,-1.42
31.601,8.74,-1.48,8.92,-1.42,8.92,-1.42
31.615,8.7,-1.45,8.92,-1.42,8.92,-1.42
31.629,8.69,-1.41,8.92,-1.42,8.92,-1.42
31.643,8.67,-1.41,8.92,-1.42,8.92,-1.42
31.659,8.73,-1.46,8.92,-1.42,8.92,-1.42
31.673,8.76,-1.46,8.92,-1.42,8.92,-1.42
31.687,8.72,-1.44,8.92,-1.42,8.92,-1.42
31.701,8.74,-1.44,8.92,-1.42,8.92,-1.42
31.715,8.72,-1.41,8.93,-1.42,8.92,-1.42
31.73,8.75,-1.38,8.93,-1.42,8.92,-1.42
31.744,8.81,-1.41,8.93,-1.42,8.93,-1.42
31.758,8.82,-1.52,8.93,-1.42,8.93,-1.42
31.772,8.82,-1.48,8.93,-1.42,8.93,-1.42
31.787,8.68,-1.39,8.93,-1.42,8.93,-1.42
31.801,8.7,-1.41,8.93,-1.42,8.93,-1.42
31.815,8.75,-1.41,8.93,-1.42,8.93,-1.42
31.83,8.75,-1.43,8.93,-1.42,8.93,-1.42
31.844,8.7,-1.43,8.93,-1.42,8.93,-1.42
31.858,8.67,-1.42,8.93,-1.42,8.93,-1.42
31.872,8.68,-1.44,8.93,-1.42,8.93,-1.42
31.886,8.66,-1.46,8.93,-1.42,8.93,-1.42
31.9,8.69,-1.42,8.93,-1.42,8.93,-1.42
31.914,8.73,-1.4,8.93,-1.42,8.93,-1.42
31.928,8.75,-1.46,8.93,-1.42,8.93,-1.42
31.943,8.75,-1.45,8.93,-1.42,8.93,-1.42
31.957,8.73,-1.4,8.93,-1.42,8.93,-1.42
31.971,8.75,-1.43,8.93,-1.42,8.93,-1.42
31.985,8.71,-1.41,8.93,-1.42,8.93,-1.42
31.999,8.68,-1.42,8.93,-1.42,8.93,-1.42
32.013,8.7,-1.4,8.93,-1.42,8.93,-1.42
32.027,8.74,-1.38,8.93,-1.42,8.93,-1.42
32.042,8.74,-1.42,8.93,-1.42,8.93,-1.42
32.056,8.71,-1.41,8.93,-1.42,8.93,-1.42
32.07,8.7,-1.43,8.93,-1.42,8.93,-1.42
32.084,8.76,-1.48,8.93,-1.42,8.93,-1.42
32.098,8.77,-1.48,8.93,-1.42,8.93,-1.42
32.112,8.73,-1.44,8.93,-1.42,8.93,-1.42
32.127,8.71,-1.43,8.93,-1.42,8.93,-1.42
32.141,8.74,-1.41,8.94,-1.42,8.93,-1.42
32.155,8.78,-1.44,8.94,-1.42,8.93,-1.42
32.17,8.72,-1.46,8.94,-1.42,8.93,-1.42
32.184,8.72,-1.41,8.94,-1.42,8.94,-1.42
32.198,8.72,-1.4,8.94,-1.42,8.93,-1.42
32.212,8.68,-1.39,8.94,-1.42,8.93,-1.42
32.226,8.69,-1.45,8.94,-1.42,8.93,-1.42
32.241,8.73,-1.51,8.94,-1.42,8.93,-1.42
32.255,8.75,-1.47,8.94,-1.42,8.94,-1.42
32.269,8.75,-1.42,8.94,-1.42,8.93,-1.42
32.283,8.73,-1.4,8.94,-1.42,8.93,-1.42
32.298,8.68,-1.43,8.94,-1.42,8.93,-1.42
32.312,8.74,-1.45,8.93,-1.42,8.93,-1.42
32.327,8.76,-1.43,8.93,-1.42,8.93,-1.42
32.341,8.71,-1.46,8.93,-1.42,8.93,-1.42
32.355,8.71,-1.51,8.93,-1.42,8.93,-1.42
32.369,8.71,-1.45,8.93,-1.42,8.93,-1.42
32.383,8.72,-1.42,8.93,-1.42,8.93,-1.42
32.397,8.74,-1.44,8.93,-1.42,8.93,-1.42
32.412,8.71,-1.42,8.94,-1.42,8.93,-1.42
32.426,8.7,-1.4,8.93,-1.42,8.93,-1.42
32.44,8.79,-1.46,8.93,-1.42,8.93,-1.42
32.455,8.77,-1.5,8.93,-1.42,8.93,-1.42
32.469,8.72,-1.41,8.94,-1.42,8.93,-1.42
32.483,8.77,-1.43,8.94,-1.42,8.93,-1.42
32.497,8.82,-1.46,8.94,-1.42,8.93,-1.42
32.511,8.79,-1.48,8.94,-1.42,8.93,-1.42
32.526,8.73,-1.44,8.94,-1.42,8.93,-1.42
32.54,8.73,-1.43,8.94,-1.42,8.93,-1.42
32.556,8.72,-1.46,8.93,-1.42,8.93,-1.42
32.57,8.71,-1.46,8.93,-1.42,8.93,-1.42
32.584,8.66,-1.44,8.93,-1.42,8.93,-1.42
32.598,8.75,-1.46,8.93,-1.42,8.93,-1.42
32.612,8.8,-1.46,8.93,-1.42,8.93,-1.42
32.627,8.71,-1.45,8.93,-1.42,8.93,-1.42
32.641,8.76,-1.46,8.93,-1.42,8.93,-1.42
32.655,8.84,-1.45,8.93,-1.42,8.93,-1.42
32.67,8.78,-1.39,8.93,-1.42,8.93,-1.42
32.684,8.78,-1.39,8.93,-1.42,8.93,-1.42
32.698,8.72,-1.47,8.93,-1.42,8.93,-1.42
32.712,8.75,-1.47,8.93,-1.41,8.93,-1.42
32.726,8.74,-1.41,8.93,-1.42,8.93,-1.42
32.741,8.73,-1.44,8.93,-1.42,8.93,-1.42
32.755,8.7,-1.41,8.93,-1.42,8.93,-1.42
32.769,8.73,-1.39,8.93,-1.42,8.93,-1.42
32.784,8.76,-1.38,8.93,-1.42,8.93,-1.41
32.798,8.75,-1.39,8.93,-1.41,8.93,-1.41
32.812,8.7,-1.43,8.93,-1.41,8.93,-1.41
32.826,8.68,-1.43,8.93,-1.41,8.93,-1.41
32.84,8.71,-1.47,8.93,-1.41,8.93,-1.41
32.854,8.76,-1.42,8.93,-1.41,8.93,-1.41
32.868,8.75,-1.4,8.93,-1.41,8.93,-1.41
32.883,8.71,-1.41,8.93,-1.42,8.92,-1.42
32.897,8.68,-1.42,8.93,-1.42,8.92,-1.42
32.911,8.7,-1.41,8.93,-1.42,8.92,-1.42
32.925,8.74,-1.43,8.93,-1.42,8.92,-1.42
32.939,8.75,-1.47,8.93,-1.42,8.92,-1.42
32.953,8.76,-1.47,8.93,-1.42,8.92,-1.42
32.968,8.74,-1.46,8.93,-1.42,8.92,-1.42
32.982,8.7,-1.46,8.93,-1.42,8.92,-1.42
32.996,8.78,-1.44,8.92,-1.42,8.92,-1.42
33.011,8.79,-1.41,8.92,-1.42,8.92,-1.42
33.025,8.74,-1.38,8.92,-1.42,8.92,-1.42
33.039,8.78,-1.41,8.92,-1.42,8.92,-1.42
33.053,8.76,-1.48,8.92,-1.42,8.92,-1.42
33.067,8.73,-1.5,8.92,-1.42,8.92,-1.42
33.081,8.68,-1.45,8.92,-1.42,8.92,-1.42
33.095,8.73,-1.43,8.92,-1.42,8.92,-1.42
33.11,8.76,-1.43,8.92,-1.42,8.92,-1.42
33.124,8.7,-1.44,8.92,-1.42,8.92,-1.42
33.138,8.67,-1.42,8.92,-1.42,8.92,-1.42
33.152,8.65,-1.43,8.92,-1.42,8.92,-1.42
33.167,8.67,-1.43,8.92,-1.42,8.92,-1.42
33.181,8.75,-1.44,8.92,-1.42,8.92,-1.42
33.195,8.72,-1.4,8.92,-1.42,8.92,-1.42
33.209,8.7,-1.35,8.92,-1.42,8.92,-1.42
33.223,8.77,-1.4,8.92,-1.42,8.92,-1.42
33.238,8.76,-1.44,8.93,-1.42,8.92,-1.42
33.252,8.67,-1.44,8.93,-1.42,8.92,-1.42
33.266,8.68,-1.44,8.93,-1.42,8.92,-1.42
33.28,8.77,-1.44,8.92,-1.42,8.92,-1.42
33.294,8.77,-1.48,8.92,-1.42,8.92,-1.42
33.308,8.73,-1.47,8.92,-1.42,8.92,-1.42
33.323,8.7,-1.43,8.92,-1.42,8.92,-1.42
33.337,8.73,-1.42,8.92,-1.42,8.92,-1.42
33.351,8.77,-1.41,8.92,-1.42,8.92,-1.42
33.365,8.76,-1.41,8.92,-1.42,8.92,-1.42
33.379,8.78,-1.47,8.92,-1.42,8.92,-1.42
33.394,8.78,-1.5,8.92,-1.42,8.92,-1.42
33.408,8.73,-1.5,8.92,-1.42,8.92,-1.42
33.422,8.68,-1.45,8.92,-1.42,8.92,-1.42
33.436,8.66,-1.41,8.92,-1.42,8.92,-1.42
33.45,8.64,-1.43,8.92,-1.42,8.92,-1.42
33.465,8.71,-1.44,8.92,-1.42,8.92,-1.42
33.479,8.77,-1.45,8.92,-1.42,8.92,-1.42
33.494,8.76,-1.44,8.92,-1.42,8.92,-1.42
33.508,8.74,-1.47,8.92,-1.42,8.92,-1.42
33.522,8.71,-1.47,8.92,-1.42,8.92,-1.42
33.536,8.77,-1.44,8.92,-1.42,8.92,-1.42
33.55,8.74,-1.45,8.92,-1.42,8.92,-1.42
33.564,8.72,-1.46,8.92,-1.42,8.92,-1.42
33.579,8.76,-1.46,8.92,-1.42,8.92,-1.42
33.593,8.78,-1.47,8.92,-1.42,8.92,-1.42
33.608,8.76,-1.43,8.92,-1.42,8.92,-1.42
33.622,8.73,-1.37,8.92,-1.42,8.92,-1.42
33.637,8.71,-1.43,8.92,-1.42,8.92,-1.42
33.651,8.68,-1.45,8.92,-1.42,8.92,-1.42
33.665,8.66,-1.42,8.92,-1.42,8.92,-1.42
33.679,8.67,-1.42,8.92,-1.42,8.92,-1.42
33.694,8.77,-1.44,8.92,-1.42,8.92,-1.42
33.708,8.8,-1.41,8.92,-1.42,8.92,-1.42
33.723,8.81,-1.38,8.92,-1.42,8.92,-1.42
33.737,8.7,-1.44,8.92,-1.42,8.92,-1.42
33.751,8.67,-1.48,8.92,-1.42,8.92,-1.42
33.765,8.77,-1.52,8.92,-1.42,8.92,-1.42
33.78,8.77,-1.49,8.93,-1.42,8.92,-1.42
33.794,8.71,-1.38,8.93,-1.42,8.92,-1.42
33.808,8.71,-1.39,8.93,-1.42,8.92,-1.42
33.822,8.74,-1.41,8.93,-1.42,8.92,-1.42
33.837,8.74,-1.43,8.93,-1.42,8.92,-1.42
33.851,8.72,-1.41,8.93,-1.42,8.92,-1.42
33.865,8.76,-1.43,8.93,-1.42,8.92,-1.42
33.879,8.78,-1.46,8.93,-1.42,8.92,-1.42
33.894,8.8,-1.48,8.93,-1.42,8.93,-1.42
33.908,8.78,-1.43,8.93,-1.42,8.93,-1.42
33.922,8.72,-1.41,8.93,-1.42,8.92,-1.42
33.937,8.68,-1.41,8.93,-1.42,8.92,-1.42
33.951,8.68,-1.43,8.93,-1.42,8.92,-1.42
33.965,8.68,-1.42,8.92,-1.42,8.92,-1.42
33.979,8.69,-1.39,8.92,-1.42,8.92,-1.42
33.993,8.66,-1.44,8.92,-1.42,8.92,-1.42
34.007,8.68,-1.42,8.92,-1.42,8.92,-1.42
34.022,8.76,-1.44,8.92,-1.42,8.92,-1.42
34.036,8.73,-1.46,8.92,-1.42,8.92,-1.42
34.05,8.69,-1.48,8.92,-1.42,8.92,-1.42
34.064,8.75,-1.46,8.92,-1.42,8.92,-1.42
34.079,8.76,-1.42,8.92,-1.42,8.92,-1.42
34.093,8.74,-1.47,8.92,-1.42,8.92,-1.42
34.107,8.72,-1.41,8.92,-1.42,8.92,-1.42
34.121,8.73,-1.39,8.92,-1.42,8.92,-1.42
34.135,8.73,-1.41,8.92,-1.42,8.92,-1.42
34.15,8.74,-1.5,8.92,-1.42,8.92,-1.42
34.164,8.77,-1.5,8.92,-1.42,8.92,-1.42
34.178,8.73,-1.46,8.92,-1.42,8.92,-1.42
34.192,8.67,-1.41,8.92,-1.42,8.92,-1.42
34.209,8.69,-1.4,8.92,-1.42,8.92,-1.42
34.223,8.71,-1.39,8.92,-1.42,8.92,-1.42
34.238,8.74,-1.41,8.92,-1.42,8.92,-1.42
34.252,8.79,-1.39,8.92,-1.42,8.92,-1.42
34.266,8.79,-1.38,8.92,-1.42,8.92,-1.42
34.281,8.64,-1.46,8.93,-1.42,8.92,-1.42
34.295,8.69,-1.45,8.93,-1.42,8.92,-1.42
34.309,8.77,-1.42,8.93,-1.42,8.92,-1.42
34.323,8.75,-1.45,8.93,-1.42,8.92,-1.42
34.338,8.74,-1.49,8.93,-1.42,8.92,-1.42
34.352,8.74,-1.48,8.93,-1.42,8.92,-1.42
34.366,8.72,-1.46,8.93,-1.42,8.92,-1.42
34.38,8.76,-1.45,8.93,-1.42,8.92,-1.42
34.394,8.75,-1.47,8.93,-1.42,8.92,-1.42
34.409,8.77,-1.39,8.93,-1.42,8.92,-1.42
34.423,8.81,-1.37,8.93,-1.42,8.92,-1.42
34.437,8.81,-1.41,8.93,-1.42,8.92,-1.42
34.451,8.75,-1.44,8.93,-1.42,8.92,-1.42
34.465,8.72,-1.43,8.93,-1.42,8.92,-1.42
34.48,8.7,-1.46,8.93,-1.42,8.92,-1.42
34.494,8.69,-1.42,8.93,-1.42,8.92,-1.42
34.508,8.69,-1.39,8.93,-1.42,8.92,-1.42
34.522,8.69,-1.39,8.93,-1.42,8.92,-1.42
34.536,8.66,-1.47,8.92,-1.42,8.92,-1.42
34.55,8.62,-1.47,8.92,-1.42,8.92,-1.42
34.565,8.68,-1.37,8.92,-1.42,8.92,-1.42
34.579,8.75,-1.39,8.92,-1.42,8.92,-1.42
34.593,8.81,-1.44,8.92,-1.42,8.92,-1.42
34.607,8.77,-1.41,8.93,-1.42,8.92,-1.42
34.621,8.8,-1.41,8.93,-1.42,8.92,-1.42
34.636,8.77,-1.43,8.93,-1.42,8.92,-1.42
34.65,8.76,-1.42,8.93,-1.42,8.93,-1.42
34.664,8.75,-1.43,8.93,-1.42,8.93,-1.42
34.678,8.76,-1.41,8.93,-1.42,8.93,-1.42
34.692,8.75,-1.4,8.93,-1.42,8.93,-1.42
34.707,8.77,-1.39,8.93,-1.42,8.93,-1.42
34.721,8.75,-1.44,8.93,-1.42,8.93,-1.42
34.735,8.64,-1.43,8.93,-1.42,8.93,-1.42
34.753,8.73,-1.43,8.93,-1.42,8.93,-1.42
34.767,8.76,-1.42,8.93,-1.42,8.93,-1.42
34.781,8.72,-1.38,8.93,-1.41,8.93,-1.41
34.795,8.68,-1.44,8.93,-1.41,8.93,-1.41
34.809,8.67,-1.46,8.93,-1.41,8.93,-1.42
34.824,8.72,-1.51,8.93,-1.41,8.93,-1.42
34.838,8.74,-1.51,8.93,-1.41,8.93,-1.42
34.853,8.73,-1.41,8.93,-1.42,8.93,-1.42
34.867,8.69,-1.39,8.93,-1.42,8.93,-1.41
34.882,8.73,-1.46,8.93,-1.41,8.93,-1.42
34.896,8.69,-1.48,8.93,-1.42,8.93,-1.42
34.91,8.67,-1.46,8.93,-1.42,8.93,-1.42
34.924,8.71,-1.43,8.93,-1.42,8.93,-1.42
34.939,8.72,-1.43,8.93,-1.42,8.93,-1.42
34.953,8.69,-1.44,8.93,-1.41,8.92,-1.41
34.967,8.71,-1.47,8.93,-1.41,8.92,-1.41
34.982,8.74,-1.48,8.93,-1.41,8.92,-1.41
34.996,8.7,-1.48,8.93,-1.41,8.92,-1.41
35.01,8.68,-1.46,8.93,-1.41,8.92,-1.42
35.024,8.7,-1.44,8.93,-1.42,8.93,-1.42
35.039,8.74,-1.43,8.93,-1.42,8.93,-1.42
35.053,8.75,-1.42,8.93,-1.41,8.92,-1.41
35.068,8.68,-1.47,8.93,-1.41,8.92,-1.42
35.081,8.68,-1.46,8.93,-1.42,8.92,-1.42
35.095,8.71,-1.41,8.92,-1.41,8.92,-1.41
35.109,8.77,-1.45,8.92,-1.41,8.92,-1.41
35.124,8.74,-1.46,8.93,-1.41,8.92,-1.41
35.138,8.7,-1.44,8.93,-1.41,8.92,-1.41
35.152,8.72,-1.42,8.93,-1.41,8.92,-1.41
35.166,8.71,-1.41,8.93,-1.41,8.92,-1.41
35.18,8.67,-1.41,8.93,-1.41,8.92,-1.41
35.197,8.72,-1.4,8.93,-1.41,8.92,-1.41
35.211,8.75,-1.41,8.93,-1.41,8.92,-1.41
35.225,8.71,-1.45,8.93,-1.41,8.92,-1.41
35.239,8.67,-1.41,8.93,-1.41,8.92,-1.41
35.253,8.71,-1.46,8.93,-1.41,8.92,-1.41
35.267,8.73,-1.46,8.93,-1.41,8.92,-1.41
35.281,8.66,-1.45,8.93,-1.41,8.92,-1.41
35.295,8.64,-1.44,8.92,-1.41,8.92,-1.41
35.31,8.75,-1.39,8.92,-1.41,8.92,-1.41
35.324,8.77,-1.46,8.92,-1.41,8.92,-1.41
35.338,8.76,-1.47,8.92,-1.42,8.92,-1.42
35.352,8.74,-1.42,8.92,-1.41,8.92,-1.41
35.366,8.74,-1.41,8.92,-1.41,8.92,-1.41
35.38,8.76,-1.41,8.92,-1.41,8.92,-1.41
35.395,8.75,-1.38,8.93,-1.41,8.92,-1.41
35.409,8.7,-1.43,8.93,-1.41,8.92,-1.41
35.423,8.73,-1.48,8.93,-1.41,8.92,-1.41
35.437,8.72,-1.37,8.93,-1.41,8.92,-1.41
35.451,8.67,-1.37,8.93,-1.41,8.92,-1.41
35.466,8.71,-1.38,8.93,-1.41,8.92,-1.41
35.48,8.72,-1.4,8.93,-1.41,8.92,-1.41
35.494,8.78,-1.46,8.93,-1.41,8.92,-1.41
35.509,8.71,-1.46,8.93,-1.41,8.92,-1.41
35.529,8.67,-1.36,8.93,-1.41,8.92,-1.41
35.542,8.69,-1.4,8.93,-1.41,8.92,-1.41
35.556,8.81,-1.48,8.93,-1.42,8.92,-1.42
35.57,8.73,-1.43,8.93,-1.42,8.92,-1.42
35.584,8.69,-1.45,8.93,-1.42,8.92,-1.42
35.598,8.74,-1.48,8.93,-1.42,8.92,-1.42
35.613,8.77,-1.5,8.93,-1.42,8.92,-1.42
35.627,8.71,-1.49,8.93,-1.42,8.93,-1.42
35.641,8.66,-1.46,8.93,-1.42,8.92,-1.42
35.655,8.78,-1.44,8.93,-1.42,8.92,-1.42
35.67,8.81,-1.4,8.93,-1.42,8.93,-1.42
35.684,8.72,-1.39,8.93,-1.42,8.93,-1.42
35.698,8.69,-1.38,8.93,-1.42,8.93,-1.42
35.713,8.72,-1.46,8.93,-1.42,8.93,-1.42
35.727,8.78,-1.48,8.93,-1.42,8.93,-1.42
35.743,8.78,-1.51,8.93,-1.42,8.93,-1.42
35.757,8.73,-1.46,8.93,-1.42,8.93,-1.42
35.771,8.72,-1.46,8.93,-1.42,8.93,-1.42
35.785,8.8,-1.47,8.93,-1.42,8.93,-1.42
35.799,8.74,-1.43,8.93,-1.42,8.93,-1.42
35.813,8.64,-1.42,8.93,-1.42,8.93,-1.42
35.828,8.71,-1.46,8.93,-1.42,8.93,-1.42
35.842,8.77,-1.39,8.93,-1.42,8.93,-1.42
35.856,8.68,-1.35,8.93,-1.42,8.93,-1.42
35.87,8.68,-1.42,8.93,-1.42,8.93,-1.42
35.884,8.73,-1.47,8.93,-1.42,8.93,-1.42
35.898,8.77,-1.5,8.93,-1.42,8.93,-1.42
35.913,8.7,-1.41,8.93,-1.42,8.93,-1.42
35.927,8.73,-1.37,8.93,-1.42,8.93,-1.42
35.941,8.74,-1.45,8.93,-1.42,8.93,-1.42
35.956,8.76,-1.44,8.93,-1.42,8.93,-1.42
35.97,8.75,-1.43,8.93,-1.42,8.93,-1.42
35.984,8.75,-1.42,8.93,-1.42,8.93,-1.42
35.998,8.74,-1.39,8.93,-1.42,8.93,-1.42
36.012,8.75,-1.37,8.93,-1.42,8.93,-1.42
36.027,8.73,-1.39,8.93,-1.42,8.93,-1.42
36.041,8.74,-1.41,8.93,-1.42,8.93,-1.42
36.055,8.73,-1.43,8.93,-1.42,8.93,-1.42
36.069,8.77,-1.48,8.93,-1.42,8.93,-1.42
36.084,8.78,-1.48,8.93,-1.42,8.93,-1.42
36.098,8.78,-1.43,8.93,-1.42,8.93,-1.42
36.112,8.79,-1.42,8.93,-1.42,8.93,-1.42
36.126,8.81,-1.44,8.93,-1.42,8.93,-1.42
36.141,8.77,-1.46,8.93,-1.42,8.93,-1.42
36.155,8.74,-1.47,8.93,-1.42,8.93,-1.42
36.169,8.76,-1.45,8.93,-1.42,8.93,-1.42
36.183,8.79,-1.46,8.93,-1.42,8.93,-1.42
36.197,8.67,-1.43,8.93,-1.42,8.93,-1.42
36.211,8.64,-1.43,8.93,-1.42,8.93,-1.42
36.226,8.76,-1.46,8.93,-1.42,8.93,-1.42
36.24,8.78,-1.46,8.93,-1.42,8.93,-1.42
36.254,8.76,-1.46,8.93,-1.42,8.93,-1.42
36.269,8.69,-1.4,8.93,-1.42,8.93,-1.42
36.283,8.72,-1.41,8.93,-1.42,8.93,-1.42
36.297,8.75,-1.48,8.93,-1.42,8.93,-1.42
36.311,8.74,-1.43,8.93,-1.42,8.93,-1.42
36.325,8.75,-1.43,8.93,-1.42,8.93,-1.42
36.34,8.78,-1.48,8.93,-1.42,8.93,-1.42
36.354,8.78,-1.47,8.93,-1.42,8.93,-1.42
36.368,8.73,-1.38,8.93,-1.42,8.93,-1.42
36.382,8.72,-1.39,8.93,-1.42,8.93,-1.42
36.396,8.64,-1.43,8.93,-1.42,8.93,-1.42
36.41,8.65,-1.4,8.93,-1.42,8.93,-1.42
36.424,8.74,-1.5,8.93,-1.42,8.93,-1.42
36.438,8.73,-1.48,8.93,-1.42,8.93,-1.42
36.453,8.69,-1.45,8.93,-1.42,8.93,-1.42
36.467,8.75,-1.38,8.93,-1.42,8.93,-1.42
36.481,8.76,-1.4,8.93,-1.42,8.93,-1.42
36.495,8.7,-1.46,8.93,-1.42,8.93,-1.42
36.51,8.84,-1.45,8.93,-1.42,8.93,-1.42
36.524,8.85,-1.36,8.93,-1.42,8.93,-1.42
36.538,8.84,-1.36,8.94,-1.42,8.93,-1.42
36.552,8.67,-1.39,8.94,-1.42,8.94,-1.42
36.566,8.72,-1.42,8.94,-1.42,8.93,-1.42
36.581,8.69,-1.42,8.94,-1.42,8.93,-1.42
36.595,8.77,-1.43,8.94,-1.42,8.93,-1.42
36.609,8.86,-1.41,8.93,-1.42,8.93,-1.42
36.623,8.7,-1.43,8.94,-1.42,8.93,-1.42
36.637,8.67,-1.37,8.94,-1.42,8.93,-1.42
36.652,8.65,-1.4,8.94,-1.42,8.93,-1.42
36.666,8.66,-1.47,8.93,-1.42,8.93,-1.42
36.68,8.71,-1.51,8.93,-1.42,8.93,-1.42
36.694,8.77,-1.48,8.93,-1.42,8.93,-1.42
36.709,8.78,-1.42,8.93,-1.42,8.93,-1.42
36.724,8.7,-1.37,8.94,-1.42,8.93,-1.42
36.738,8.66,-1.43,8.94,-1.42,8.93,-1.42
36.752,8.72,-1.46,8.94,-1.42,8.93,-1.42
36.766,8.78,-1.48,8.94,-1.42,8.93,-1.42
36.781,8.81,-1.43,8.94,-1.42,8.94,-1.42
36.795,8.74,-1.38,8.94,-1.42,8.93,-1.42
36.809,8.68,-1.38,8.94,-1.42,8.93,-1.42
36.823,8.66,-1.48,8.94,-1.42,8.93,-1.42
36.838,8.65,-1.51,8.94,-1.42,8.93,-1.42
36.853,8.66,-1.42,8.94,-1.42,8.93,-1.42
36.867,8.71,-1.39,8.93,-1.41,8.93,-1.41
36.881,8.85,-1.43,8.93,-1.41,8.93,-1.41
36.895,8.78,-1.43,8.93,-1.41,8.93,-1.42
36.91,8.61,-1.41,8.93,-1.42,8.93,-1.42
36.924,8.62,-1.45,8.93,-1.42,8.93,-1.42
36.938,8.74,-1.46,8.93,-1.42,8.93,-1.42
36.952,8.79,-1.48,8.93,-1.41,8.93,-1.42
36.966,8.8,-1.47,8.93,-1.41,8.93,-1.42
36.981,8.71,-1.39,8.93,-1.41,8.93,-1.41
36.995,8.68,-1.36,8.93,-1.41,8.93,-1.41
37.009,8.6,-1.47,8.93,-1.41,8.93,-1.41
37.023,8.67,-1.47,8.93,-1.41,8.93,-1.41
37.037,8.79,-1.47,8.93,-1.41,8.93,-1.42
37.051,8.8,-1.47,8.93,-1.42,8.93,-1.42
37.065,8.79,-1.48,8.93,-1.41,8.93,-1.42
37.08,8.82,-1.51,8.93,-1.42,8.93,-1.42
37.094,8.76,-1.5,8.93,-1.42,8.93,-1.42
37.108,8.68,-1.42,8.93,-1.42,8.93,-1.42
37.122,8.68,-1.39,8.93,-1.42,8.93,-1.42
37.137,8.72,-1.47,8.93,-1.42,8.93,-1.42
37.151,8.7,-1.5,8.93,-1.42,8.93,-1.42
37.165,8.69,-1.52,8.93,-1.42,8.93,-1.42
37.179,8.63,-1.49,8.93,-1.42,8.93,-1.42
37.193,8.66,-1.4,8.93,-1.42,8.93,-1.42
37.207,8.77,-1.34,8.93,-1.42,8.93,-1.42
37.222,8.8,-1.41,8.93,-1.42,8.93,-1.42
37.236,8.68,-1.57,8.93,-1.42,8.93,-1.42
37.25,8.64,-1.53,8.93,-1.42,8.93,-1.42
37.264,8.7,-1.36,8.93,-1.42,8.93,-1.42
37.278,8.7,-1.37,8.93,-1.42,8.93,-1.42
37.293,8.72,-1.42,8.93,-1.42,8.93,-1.42
37.307,8.78,-1.5,8.93,-1.42,8.93,-1.42
37.321,8.79,-1.51,8.93,-1.42,8.93,-1.42
37.336,8.81,-1.44,8.93,-1.42,8.93,-1.42
37.35,8.71,-1.41,8.93,-1.43,8.93,-1.42
37.364,8.56,-1.47,8.93,-1.43,8.93,-1.43
37.379,8.61,-1.51,8.93,-1.43,8.93,-1.43
37.393,8.71,-1.5,8.93,-1.43,8.93,-1.43
37.407,8.75,-1.47,8.93,-1.43,8.93,-1.43
37.421,8.74,-1.41,8.93,-1.43,8.93,-1.43
37.435,8.73,-1.35,8.93,-1.43,8.93,-1.43
37.45,8.69,-1.37,8.93,-1.43,8.93,-1.43
37.463,8.64,-1.4,8.93,-1.43,8.93,-1.43
37.478,8.64,-1.42,8.93,-1.42,8.93,-1.42
37.492,8.76,-1.44,8.93,-1.42,8.93,-1.42
37.506,8.77,-1.44,8.93,-1.42,8.93,-1.42
37.52,8.77,-1.44,8.93,-1.42,8.93,-1.42
37.535,8.64,-1.43,8.93,-1.42,8.93,-1.42
37.549,8.63,-1.45,8.93,-1.42,8.93,-1.42
37.564,8.72,-1.51,8.93,-1.42,8.93,-1.42
37.578,8.73,-1.46,8.93,-1.42,8.93,-1.43
37.592,8.72,-1.37,8.93,-1.43,8.93,-1.42
37.606,8.74,-1.42,8.93,-1.42,8.93,-1.42
37.621,8.73,-1.43,8.93,-1.42,8.93,-1.42
37.635,8.7,-1.41,8.93,-1.42,8.93,-1.42
37.649,8.67,-1.44,8.93,-1.42,8.93,-1.42
37.664,8.77,-1.49,8.93,-1.42,8.93,-1.42
37.678,8.8,-1.44,8.93,-1.42,8.93,-1.42
37.692,8.74,-1.39,8.93,-1.42,8.93,-1.42
37.707,8.75,-1.37,8.93,-1.42,8.93,-1.42
37.721,8.73,-1.41,8.93,-1.42,8.93,-1.42
37.735,8.74,-1.43,8.93,-1.42,8.93,-1.42
37.749,8.91,-1.47,8.93,-1.42,8.93,-1.42
37.764,8.87,-1.4,8.93,-1.42,8.93,-1.42
37.779,8.7,-1.37,8.93,-1.42,8.93,-1.42
37.793,8.69,-1.41,8.93,-1.42,8.93,-1.42
37.807,8.69,-1.41,8.93,-1.42,8.93,-1.42
37.821,8.73,-1.42,8.93,-1.42,8.93,-1.42
37.835,8.74,-1.51,8.93,-1.42,8.93,-1.42
37.85,8.84,-1.48,8.93,-1.42,8.93,-1.42
37.864,8.77,-1.42,8.93,-1.42,8.93,-1.42
37.878,8.65,-1.43,8.93,-1.42,8.93,-1.42
37.892,8.64,-1.46,8.93,-1.42,8.93,-1.42
37.907,8.66,-1.46,8.93,-1.42,8.93,-1.42
37.923,8.85,-1.45,8.93,-1.42,8.93,-1.42
37.937,8.78,-1.39,8.93,-1.42,8.93,-1.42
37.951,8.74,-1.41,8.93,-1.42,8.93,-1.42
37.966,8.69,-1.42,8.93,-1.42,8.93,-1.42
37.98,8.66,-1.37,8.93,-1.42,8.93,-1.42
37.994,8.68,-1.43,8.93,-1.42,8.93,-1.42
38.008,8.71,-1.47,8.93,-1.42,8.93,-1.42
38.022,8.78,-1.45,8.93,-1.42,8.93,-1.42
38.037,8.82,-1.42,8.93,-1.42,8.93,-1.42
38.051,8.76,-1.42,8.93,-1.42,8.93,-1.42
38.065,8.74,-1.44,8.93,-1.42,8.93,-1.42
38.079,8.73,-1.46,8.93,-1.42,8.93,-1.42
38.094,8.75,-1.45,8.93,-1.42,8.93,-1.42
38.108,8.81,-1.42,8.93,-1.42,8.93,-1.42
38.122,8.78,-1.41,8.93,-1.42,8.93,-1.42
38.136,8.71,-1.42,8.93,-1.42,8.93,-1.42
38.15,8.67,-1.46,8.93,-1.42,8.93,-1.42
38.165,8.66,-1.46,8.93,-1.42,8.93,-1.42
38.179,8.7,-1.45,8.93,-1.42,8.93,-1.42
38.193,8.76,-1.43,8.93,-1.42,8.93,-1.42
38.208,8.81,-1.42,8.93,-1.42,8.93,-1.42
38.222,8.72,-1.4,8.93,-1.42,8.93,-1.42
38.236,8.58,-1.47,8.93,-1.42,8.93,-1.42
38.25,8.65,-1.46,8.93,-1.42,8.92,-1.42
38.264,8.85,-1.48,8.93,-1.42,8.93,-1.42
38.278,8.88,-1.45,8.93,-1.42,8.93,-1.42
38.293,8.75,-1.44,8.93,-1.42,8.93,-1.42
38.307,8.7,-1.42,8.93,-1.42,8.93,-1.42
38.321,8.69,-1.38,8.93,-1.42,8.93,-1.42
38.335,8.61,-1.43,8.93,-1.42,8.93,-1.42
38.35,8.69,-1.46,8.93,-1.42,8.93,-1.42
38.364,8.79,-1.48,8.93,-1.42,8.93,-1.42
38.378,8.77,-1.49,8.93,-1.42,8.93,-1.42
38.392,8.72,-1.47,8.93,-1.42,8.93,-1.42
38.407,8.71,-1.45,8.93,-1.42,8.93,-1.42
38.421,8.64,-1.41,8.93,-1.42,8.93,-1.42
38.436,8.6,-1.43,8.93,-1.42,8.92,-1.42
38.45,8.69,-1.43,8.93,-1.42,8.92,-1.42
38.464,8.78,-1.34,8.93,-1.42,8.92,-1.42
38.478,8.76,-1.33,8.93,-1.42,8.92,-1.42
38.492,8.68,-1.45,8.93,-1.42,8.92,-1.42
38.506,8.67,-1.44,8.92,-1.42,8.92,-1.42
38.521,8.69,-1.53,8.92,-1.42,8.92,-1.42
38.535,8.73,-1.52,8.92,-1.42,8.92,-1.42
38.549,8.77,-1.45,8.92,-1.42,8.92,-1.42
38.564,8.7,-1.41,8.92,-1.42,8.92,-1.42
38.578,8.65,-1.4,8.92,-1.42,8.92,-1.42
38.593,8.74,-1.46,8.92,-1.42,8.92,-1.42
38.607,8.78,-1.45,8.92,-1.42,8.92,-1.42
38.621,8.71,-1.42,8.92,-1.42,8.92,-1.42
38.636,8.69,-1.43,8.93,-1.42,8.92,-1.42
38.65,8.76,-1.46,8.93,-1.42,8.92,-1.42
38.664,8.75,-1.48,8.93,-1.42,8.93,-1.42
38.678,8.71,-1.45,8.93,-1.42,8.93,-1.42
38.693,8.75,-1.43,8.93,-1.42,8.93,-1.42
38.707,8.77,-1.42,8.93,-1.42,8.93,-1.42
38.721,8.74,-1.42,8.93,-1.42,8.93,-1.42
38.735,8.71,-1.44,8.93,-1.42,8.92,-1.42
38.749,8.68,-1.45,8.93,-1.42,8.92,-1.42
38.764,8.71,-1.43,8.93,-1.42,8.92,-1.42
38.778,8.75,-1.46,8.93,-1.42,8.92,-1.42
38.792,8.73,-1.45,8.93,-1.42,8.93,-1.42
38.807,8.71,-1.41,8.93,-1.42,8.93,-1.42
38.821,8.73,-1.4,8.93,-1.42,8.93,-1.42
38.835,8.7,-1.42,8.93,-1.42,8.92,-1.42
38.849,8.68,-1.44,8.93,-1.42,8.92,-1.42
38.864,8.69,-1.47,8.93,-1.42,8.92,-1.42
38.878,8.73,-1.42,8.93,-1.42,8.92,-1.42
38.892,8.77,-1.4,8.93,-1.42,8.92,-1.42
38.907,8.75,-1.46,8.93,-1.42,8.92,-1.42
38.921,8.73,-1.48,8.93,-1.42,8.92,-1.42
38.935,8.73,-1.44,8.93,-1.42,8.92,-1.42
38.949,8.74,-1.36,8.93,-1.42,8.92,-1.42
38.963,8.69,-1.35,8.93,-1.42,8.92,-1.42
38.977,8.69,-1.41,8.93,-1.42,8.92,-1.42
38.991,8.76,-1.44,8.93,-1.42,8.92,-1.42
39.006,8.73,-1.43,8.92,-1.42,8.92,-1.42
39.02,8.68,-1.4,8.92,-1.42,8.92,-1.42
39.034,8.72,-1.44,8.92,-1.42,8.92,-1.42
39.049,8.71,-1.49,8.92,-1.42,8.92,-1.42
39.063,8.68,-1.53,8.92,-1.42,8.92,-1.42
39.077,8.8,-1.46,8.92,-1.42,8.92,-1.42
39.091,8.84,-1.43,8.92,-1.42,8.92,-1.42
39.105,8.71,-1.46,8.92,-1.42,8.92,-1.42
39.119,8.66,-1.46,8.92,-1.42,8.92,-1.42
39.135,8.65,-1.47,8.92,-1.42,8.92,-1.42
39.149,8.7,-1.48,8.92,-1.42,8.92,-1.43
39.163,8.69,-1.42,8.92,-1.43,8.92,-1.43
39.177,8.7,-1.41,8.92,-1.42,8.92,-1.42
39.191,8.71,-1.43,8.92,-1.42,8.92,-1.42
39.206,8.72,-1.5,8.92,-1.42,8.92,-1.42
39.22,8.73,-1.44,8.92,-1.42,8.92,-1.42
39.234,8.74,-1.46,8.92,-1.42,8.92,-1.42
39.248,8.76,-1.5,8.92,-1.42,8.92,-1.43
39.263,8.73,-1.49,8.92,-1.43,8.92,-1.43
39.277,8.72,-1.44,8.92,-1.43,8.92,-1.43
39.291,8.73,-1.44,8.92,-1.43,8.92,-1.43
39.305,8.77,-1.44,8.92,-1.43,8.92,-1.43
39.319,8.82,-1.41,8.92,-1.43,8.92,-1.43
39.334,8.77,-1.44,8.92,-1.42,8.92,-1.42
39.348,8.72,-1.46,8.92,-1.42,8.92,-1.43
39.362,8.67,-1.5,8.92,-1.43,8.92,-1.43
39.376,8.68,-1.47,8.92,-1.43,8.92,-1.43
39.391,8.65,-1.41,8.92,-1.43,8.92,-1.43
39.405,8.66,-1.43,8.92,-1.43,8.92,-1.43
39.419,8.75,-1.44,8.92,-1.43,8.92,-1.43
39.433,8.79,-1.46,8.92,-1.43,8.92,-1.43
39.448,8.74,-1.42,8.92,-1.43,8.92,-1.43
39.462,8.77,-1.41,8.92,-1.43,8.92,-1.43
39.477,8.8,-1.38,8.92,-1.43,8.92,-1.43
39.491,8.72,-1.41,8.92,-1.43,8.92,-1.43
39.505,8.71,-1.43,8.92,-1.43,8.92,-1.43
39.519,8.67,-1.5,8.92,-1.43,8.92,-1.43
39.533,8.72,-1.51,8.92,-1.43,8.92,-1.43
39.548,8.78,-1.49,8.92,-1.43,8.92,-1.43
39.562,8.65,-1.43,8.92,-1.43,8.92,-1.43
39.576,8.63,-1.42,8.92,-1.43,8.92,-1.43
39.591,8.74,-1.43,8.92,-1.43,8.92,-1.43
39.605,8.78,-1.44,8.92,-1.43,8.92,-1.43
39.62,8.73,-1.44,8.92,-1.43,8.92,-1.43
39.634,8.73,-1.38,8.92,-1.43,8.92,-1.43
39.648,8.76,-1.39,8.92,-1.43,8.92,-1.43
39.662,8.78,-1.43,8.92,-1.43,8.92,-1.43
39.676,8.76,-1.4,8.92,-1.42,8.92,-1.42
39.691,8.63,-1.41,8.92,-1.42,8.92,-1.42
39.705,8.68,-1.46,8.92,-1.42,8.92,-1.42
39.719,8.79,-1.44,8.92,-1.42,8.92,-1.42
39.733,8.73,-1.48,8.92,-1.42,8.92,-1.42
39.748,8.62,-1.47,8.92,-1.42,8.92,-1.42
39.762,8.62,-1.43,8.92,-1.42,8.92,-1.42
39.776,8.67,-1.41,8.92,-1.42,8.92,-1.42
39.791,8.7,-1.39,8.92,-1.42,8.92,-1.42
39.805,8.73,-1.39,8.92,-1.42,8.92,-1.42
39.819,8.8,-1.45,8.92,-1.42,8.92,-1.42
39.833,8.79,-1.44,8.92,-1.42,8.92,-1.42
39.848,8.71,-1.42,8.92,-1.42,8.92,-1.42
39.862,8.67,-1.45,8.92,-1.42,8.92,-1.42
39.876,8.72,-1.44,8.92,-1.42,8.92,-1.42
39.891,8.74,-1.41,8.92,-1.42,8.92,-1.42
39.906,8.76,-1.39,8.92,-1.42,8.92,-1.42
39.92,8.74,-1.39,8.92,-1.43,8.92,-1.42
39.934,8.71,-1.43,8.92,-1.42,8.92,-1.42
39.948,8.71,-1.43,8.92,-1.42,8.92,-1.42
39.962,8.71,-1.46,8.92,-1.42,8.92,-1.42
39.977,8.71,-1.46,8.92,-1.42,8.92,-1.42
39.991,8.65,-1.43,8.92,-1.42,8.92,-1.42
40.006,8.7,-1.47,8.92,-1.42,8.91,-1.42
40.02,8.72,-1.46,8.92,-1.42,8.91,-1.42
40.034,8.72,-1.44,8.92,-1.42,8.91,-1.42
40.048,8.72,-1.41,8.92,-1.42,8.91,-1.42
40.063,8.74,-1.42,8.92,-1.42,8.91,-1.42
40.078,8.74,-1.45,8.92,-1.42,8.92,-1.42
40.092,8.65,-1.49,8.92,-1.43,8.92,-1.43
40.106,8.62,-1.5,8.92,-1.43,8.91,-1.43
40.12,8.63,-1.49,8.92,-1.43,8.91,-1.43
40.135,8.77,-1.42,8.91,-1.43,8.91,-1.43
40.149,8.76,-1.41,8.92,-1.43,8.91,-1.43
40.163,8.71,-1.41,8.92,-1.43,8.92,-1.43
40.178,8.68,-1.41,8.92,-1.43,8.92,-1.43
40.192,8.72,-1.45,8.92,-1.42,8.92,-1.43
40.206,8.75,-1.43,8.92,-1.43,8.92,-1.43
40.22,8.76,-1.43,8.92,-1.43,8.92,-1.43
40.235,8.78,-1.45,8.92,-1.42,8.92,-1.42
40.249,8.73,-1.45,8.92,-1.42,8.92,-1.42
40.263,8.73,-1.41,8.92,-1.42,8.92,-1.42
40.277,8.75,-1.41,8.92,-1.42,8.92,-1.42
40.292,8.68,-1.36,8.92,-1.42,8.91,-1.42
40.306,8.68,-1.39,8.92,-1.42,8.92,-1.42
40.32,8.7,-1.43,8.92,-1.42,8.92,-1.42
40.334,8.69,-1.37,8.92,-1.42,8.92,-1.42
40.348,8.72,-1.36,8.92,-1.42,8.92,-1.42
40.362,8.73,-1.48,8.92,-1.42,8.92,-1.42
40.376,8.69,-1.46,8.92,-1.42,8.92,-1.42
40.391,8.73,-1.44,8.92,-1.42,8.92,-1.42
40.407,8.77,-1.48,8.92,-1.42,8.92,-1.42
40.421,8.74,-1.45,8.92,-1.42,8.92,-1.42
40.435,8.73,-1.44,8.92,-1.42,8.92,-1.42
40.449,8.69,-1.4,8.92,-1.42,8.92,-1.42
40.463,8.68,-1.41,8.92,-1.42,8.92,-1.42
40.478,8.67,-1.4,8.92,-1.42,8.92,-1.42
40.492,8.69,-1.42,8.92,-1.42,8.92,-1.42
40.506,8.76,-1.43,8.92,-1.42,8.92,-1.42
40.52,8.77,-1.43,8.92,-1.42,8.92,-1.42
40.534,8.72,-1.43,8.92,-1.42,8.92,-1.42
40.549,8.73,-1.39,8.92,-1.42,8.92,-1.42
40.563,8.73,-1.38,8.92,-1.42,8.92,-1.42
40.577,8.74,-1.47,8.92,-1.42,8.92,-1.42
40.591,8.72,-1.48,8.92,-1.42,8.92,-1.42
40.606,8.7,-1.49,8.92,-1.42,8.92,-1.42
40.62,8.71,-1.44,8.92,-1.42,8.92,-1.42
40.634,8.72,-1.42,8.92,-1.42,8.92,-1.42
40.648,8.76,-1.33,8.92,-1.42,8.92,-1.42
40.663,8.8,-1.34,8.92,-1.42,8.92,-1.42
40.677,8.73,-1.42,8.92,-1.42,8.92,-1.42
40.691,8.67,-1.43,8.92,-1.42,8.92,-1.42
40.706,8.66,-1.48,8.92,-1.42,8.92,-1.42
40.72,8.74,-1.49,8.92,-1.42,8.92,-1.42
40.734,8.82,-1.48,8.92,-1.42,8.92,-1.42
40.749,8.74,-1.46,8.92,-1.42,8.92,-1.42
40.763,8.71,-1.45,8.92,-1.42,8.92,-1.42
40.777,8.75,-1.37,8.92,-1.42,8.92,-1.42
40.792,8.73,-1.35,8.92,-1.42,8.92,-1.42
40.806,8.67,-1.42,8.92,-1.42,8.92,-1.42
40.82,8.71,-1.43,8.92,-1.42,8.92,-1.42
40.835,8.74,-1.44,8.92,-1.42,8.91,-1.42
40.849,8.71,-1.46,8.92,-1.42,8.91,-1.42
40.864,8.71,-1.39,8.92,-1.42,8.91,-1.42
40.878,8.7,-1.41,8.92,-1.42,8.92,-1.42
40.892,8.75,-1.44,8.92,-1.42,8.92,-1.42
40.906,8.75,-1.42,8.92,-1.42,8.92,-1.42
40.921,8.69,-1.45,8.92,-1.42,8.92,-1.42
40.935,8.68,-1.54,8.92,-1.42,8.92,-1.42
40.949,8.71,-1.5,8.92,-1.42,8.92,-1.42
40.963,8.71,-1.41,8.92,-1.42,8.92,-1.42
40.977,8.68,-1.39,8.92,-1.42,8.92,-1.42
40.992,8.7,-1.38,8.92,-1.42,8.92,-1.42
41.009,8.73,-1.41,8.92,-1.42,8.91,-1.42
41.023,8.69,-1.49,8.92,-1.42,8.91,-1.42
41.037,8.69,-1.48,8.92,-1.42,8.91,-1.42
41.051,8.81,-1.39,8.92,-1.42,8.91,-1.42
41.066,8.77,-1.35,8.92,-1.42,8.91,-1.42
41.08,8.72,-1.35,8.92,-1.42,8.91,-1.42
41.094,8.72,-1.42,8.92,-1.42,8.91,-1.42
41.109,8.75,-1.45,8.92,-1.42,8.91,-1.42
41.123,8.84,-1.47,8.92,-1.42,8.92,-1.42
41.138,8.78,-1.45,8.92,-1.42,8.92,-1.42
41.152,8.71,-1.43,8.92,-1.42,8.92,-1.42
41.166,8.7,-1.46,8.92,-1.42,8.92,-1.42
41.181,8.69,-1.41,8.92,-1.42,8.92,-1.42
41.195,8.72,-1.42,8.92,-1.42,8.92,-1.42
41.209,8.75,-1.44,8.92,-1.42,8.92,-1.42
41.226,8.71,-1.43,8.92,-1.42,8.92,-1.42
41.24,8.74,-1.4,8.92,-1.42,8.92,-1.42
41.254,8.74,-1.39,8.92,-1.42,8.92,-1.42
41.268,8.72,-1.39,8.92,-1.42,8.92,-1.42
41.282,8.75,-1.39,8.92,-1.42,8.92,-1.42
41.296,8.73,-1.41,8.92,-1.42,8.92,-1.42
41.311,8.74,-1.35,8.92,-1.42,8.92,-1.42
41.325,8.77,-1.35,8.92,-1.42,8.92,-1.42
41.339,8.74,-1.47,8.92,-1.42,8.92,-1.42
41.354,8.77,-1.49,8.92,-1.42,8.92,-1.42
41.368,8.76,-1.44,8.92,-1.42,8.92,-1.42
41.382,8.69,-1.39,8.92,-1.42,8.92,-1.42
41.396,8.71,-1.4,8.92,-1.42,8.92,-1.42
41.41,8.73,-1.47,8.92,-1.42,8.92,-1.42
41.424,8.68,-1.49,8.92,-1.42,8.92,-1.42
41.439,8.69,-1.45,8.92,-1.42,8.92,-1.42
41.453,8.76,-1.4,8.92,-1.42,8.92,-1.42
41.467,8.8,-1.34,8.92,-1.42,8.92,-1.42
41.481,8.77,-1.38,8.92,-1.42,8.92,-1.42
41.495,8.73,-1.43,8.92,-1.42,8.92,-1.42
41.51,8.74,-1.5,8.92,-1.42,8.92,-1.42
41.524,8.72,-1.5,8.92,-1.42,8.92,-1.42
41.538,8.68,-1.38,8.92,-1.42,8.92,-1.42
41.552,8.71,-1.4,8.92,-1.42,8.92,-1.42
41.566,8.73,-1.43,8.92,-1.42,8.92,-1.42
41.581,8.72,-1.44,8.92,-1.42,8.92,-1.42
41.595,8.68,-1.46,8.92,-1.42,8.92,-1.42
41.609,8.73,-1.43,8.92,-1.42,8.92,-1.42
41.623,8.76,-1.45,8.92,-1.42,8.92,-1.42
41.638,8.76,-1.42,8.92,-1.42,8.92,-1.42
41.652,8.75,-1.39,8.92,-1.42,8.92,-1.42
41.666,8.75,-1.42,8.92,-1.42,8.92,-1.42
41.68,8.78,-1.48,8.92,-1.42,8.92,-1.42
41.695,8.75,-1.46,8.92,-1.42,8.92,-1.42
41.709,8.76,-1.42,8.92,-1.42,8.92,-1.42
41.723,8.79,-1.4,8.92,-1.42,8.92,-1.42
41.738,8.78,-1.44,8.92,-1.42,8.92,-1.42
41.752,8.78,-1.44,8.92,-1.42,8.92,-1.42
41.767,8.72,-1.47,8.92,-1.42,8.92,-1.42
41.781,8.68,-1.47,8.92,-1.42,8.92,-1.42
41.796,8.72,-1.37,8.92,-1.42,8.92,-1.42
41.81,8.73,-1.36,8.92,-1.42,8.92,-1.42
41.824,8.72,-1.41,8.92,-1.42,8.92,-1.42
41.838,8.74,-1.45,8.92,-1.42,8.92,-1.42
41.852,8.76,-1.47,8.92,-1.42,8.92,-1.42
41.866,8.72,-1.49,8.92,-1.42,8.92,-1.42
41.881,8.73,-1.48,8.92,-1.42,8.92,-1.42
41.895,8.79,-1.45,8.92,-1.42,8.92,-1.42
41.909,8.79,-1.45,8.92,-1.42,8.92,-1.42
41.924,8.66,-1.41,8.92,-1.42,8.92,-1.42
41.938,8.68,-1.43,8.92,-1.43,8.92,-1.43
41.952,8.71,-1.43,8.92,-1.43,8.92,-1.43
41.966,8.76,-1.39,8.92,-1.43,8.92,-1.43
41.981,8.78,-1.37,8.92,-1.43,8.92,-1.43
41.995,8.74,-1.42,8.92,-1.43,8.92,-1.43
42.009,8.69,-1.43,8.92,-1.42,8.92,-1.42
42.023,8.7,-1.48,8.92,-1.42,8.92,-1.42
42.038,8.7,-1.48,8.92,-1.42,8.92,-1.43
42.052,8.81,-1.42,8.92,-1.43,8.92,-1.43
42.066,8.78,-1.4,8.92,-1.43,8.92,-1.43
42.08,8.7,-1.46,8.92,-1.43,8.92,-1.43
42.096,8.69,-1.5,8.92,-1.43,8.92,-1.43
42.11,8.72,-1.45,8.92,-1.43,8.92,-1.43
42.124,8.73,-1.42,8.92,-1.43,8.92,-1.43
42.139,8.73,-1.41,8.92,-1.43,8.92,-1.43
42.153,8.67,-1.34,8.92,-1.43,8.92,-1.43
42.168,8.69,-1.37,8.92,-1.43,8.92,-1.42
42.182,8.74,-1.39,8.92,-1.42,8.92,-1.42
42.196,8.72,-1.46,8.92,-1.42,8.92,-1.42
42.21,8.72,-1.49,8.92,-1.42,8.92,-1.43
42.225,8.71,-1.46,8.92,-1.43,8.92,-1.43
42.239,8.73,-1.4,8.92,-1.43,8.92,-1.43
42.253,8.75,-1.38,8.92,-1.43,8.92,-1.43
42.267,8.78,-1.37,8.92,-1.43,8.92,-1.43
42.282,8.78,-1.48,8.92,-1.43,8.92,-1.43
42.296,8.79,-1.49,8.92,-1.43,8.92,-1.43
42.31,8.73,-1.39,8.92,-1.43,8.92,-1.43
42.324,8.61,-1.35,8.92,-1.43,8.92,-1.43
42.338,8.68,-1.42,8.92,-1.43,8.92,-1.43
42.352,8.77,-1.49,8.92,-1.43,8.92,-1.43
42.367,8.78,-1.42,8.92,-1.43,8.92,-1.43
42.381,8.78,-1.39,8.92,-1.43,8.92,-1.43
42.395,8.77,-1.41,8.92,-1.43,8.92,-1.43
42.409,8.81,-1.43,8.92,-1.43,8.92,-1.43
42.424,8.7,-1.4,8.92,-1.43,8.92,-1.43
42.438,8.68,-1.41,8.93,-1.43,8.92,-1.43
42.452,8.73,-1.46,8.92,-1.43,8.92,-1.43
42.466,8.74,-1.46,8.92,-1.43,8.92,-1.43
42.48,8.73,-1.45,8.93,-1.43,8.92,-1.43
42.494,8.71,-1.45,8.93,-1.43,8.92,-1.43
42.509,8.8,-1.48,8.93,-1.43,8.93,-1.43
42.523,8.75,-1.46,8.93,-1.43,8.93,-1.43
42.537,8.66,-1.39,8.93,-1.43,8.92,-1.43
42.551,8.65,-1.45,8.93,-1.43,8.92,-1.43
42.566,8.73,-1.51,8.93,-1.43,8.92,-1.43
42.58,8.75,-1.46,8.92,-1.43,8.92,-1.43
42.594,8.69,-1.42,8.92,-1.43,8.92,-1.43
42.609,8.69,-1.41,8.92,-1.43,8.92,-1.43
42.623,8.71,-1.41,8.92,-1.43,8.92,-1.43
42.637,8.74,-1.42,8.92,-1.43,8.92,-1.43
42.651,8.74,-1.4,8.92,-1.43,8.92,-1.43
42.666,8.72,-1.37,8.92,-1.43,8.92,-1.43
42.68,8.78,-1.39,8.92,-1.43,8.92,-1.43
42.694,8.69,-1.48,8.92,-1.43,8.92,-1.43
42.708,8.63,-1.48,8.93,-1.43,8.92,-1.43
42.723,8.62,-1.45,8.93,-1.43,8.93,-1.43
42.737,8.7,-1.43,8.93,-1.43,8.93,-1.43
42.751,8.81,-1.39,8.93,-1.43,8.92,-1.43
42.765,8.72,-1.37,8.92,-1.43,8.92,-1.43
42.779,8.72,-1.49,8.92,-1.43,8.92,-1.43
42.793,8.79,-1.5,8.92,-1.43,8.92,-1.43
42.808,8.73,-1.44,8.92,-1.43,8.92,-1.43
42.822,8.72,-1.44,8.92,-1.43,8.92,-1.43
42.836,8.72,-1.46,8.92,-1.43,8.92,-1.43
42.85,8.7,-1.49,8.92,-1.43,8.92,-1.43
42.864,8.75,-1.45,8.92,-1.43,8.92,-1.43
42.879,8.75,-1.41,8.92,-1.43,8.92,-1.43
42.893,8.75,-1.37,8.92,-1.43,8.92,-1.43
42.907,8.77,-1.37,8.92,-1.43,8.92,-1.43
42.921,8.79,-1.45,8.92,-1.43,8.92,-1.43
42.935,8.77,-1.46,8.92,-1.43,8.92,-1.43
42.949,8.76,-1.45,8.92,-1.43,8.92,-1.43
42.963,8.74,-1.46,8.92,-1.43,8.92,-1.43
42.977,8.77,-1.46,8.92,-1.43,8.92,-1.43
42.992,8.71,-1.46,8.93,-1.43,8.92,-1.43
43.006,8.69,-1.45,8.93,-1.43,8.92,-1.43
43.02,8.68,-1.44,8.93,-1.43,8.92,-1.43
43.035,8.67,-1.44,8.93,-1.43,8.92,-1.43
43.049,8.72,-1.44,8.93,-1.43,8.92,-1.43
43.063,8.73,-1.39,8.92,-1.43,8.92,-1.43
43.078,8.72,-1.4,8.92,-1.43,8.92,-1.43
43.092,8.75,-1.39,8.92,-1.43,8.92,-1.43
43.106,8.76,-1.44,8.92,-1.43,8.92,-1.43
43.121,8.76,-1.5,8.92,-1.43,8.92,-1.43
43.135,8.74,-1.48,8.92,-1.43,8.92,-1.43
43.149,8.59,-1.43,8.92,-1.43,8.92,-1.43
43.164,8.68,-1.46,8.92,-1.43,8.92,-1.43
43.177,8.74,-1.46,8.92,-1.43,8.92,-1.43
43.192,8.79,-1.4,8.92,-1.43,8.92,-1.43
43.206,8.77,-1.42,8.93,-1.43,8.92,-1.43
43.22,8.7,-1.44,8.93,-1.43,8.92,-1.43
43.234,8.66,-1.41,8.93,-1.43,8.92,-1.43
43.249,8.72,-1.39,8.93,-1.43,8.92,-1.43
43.263,8.77,-1.4,8.92,-1.43,8.92,-1.43
43.277,8.71,-1.45,8.93,-1.43,8.92,-1.43
43.291,8.75,-1.5,8.92,-1.43,8.92,-1.43
43.306,8.78,-1.51,8.92,-1.43,8.92,-1.43
43.32,8.78,-1.44,8.93,-1.43,8.92,-1.43
43.334,8.73,-1.4,8.93,-1.43,8.92,-1.43
43.348,8.63,-1.43,8.93,-1.43,8.92,-1.43
43.362,8.62,-1.46,8.93,-1.43,8.92,-1.43
43.377,8.68,-1.45,8.92,-1.43,8.92,-1.43
43.391,8.69,-1.47,8.92,-1.43,8.92,-1.43
43.406,8.71,-1.43,8.92,-1.43,8.92,-1.43
43.419,8.7,-1.35,8.92,-1.43,8.92,-1.43
43.433,8.69,-1.32,8.92,-1.43,8.92,-1.43
43.448,8.74,-1.44,8.92,-1.43,8.92,-1.43
43.462,8.78,-1.46,8.92,-1.43,8.92,-1.43
43.476,8.75,-1.44,8.92,-1.43,8.92,-1.43
43.49,8.71,-1.43,8.92,-1.43,8.92,-1.43
43.504,8.73,-1.4,8.92,-1.43,8.92,-1.43
43.518,8.75,-1.38,8.92,-1.43,8.92,-1.43
43.533,8.77,-1.41,8.92,-1.43,8.92,-1.43
43.547,8.79,-1.49,8.92,-1.43,8.92,-1.43
43.561,8.76,-1.46,8.92,-1.43,8.92,-1.43
43.575,8.72,-1.46,8.92,-1.43,8.92,-1.43
43.59,8.71,-1.45,8.92,-1.43,8.92,-1.43
43.604,8.7,-1.44,8.92,-1.43,8.92,-1.43
43.618,8.7,-1.44,8.92,-1.43,8.92,-1.43
43.633,8.71,-1.45,8.92,-1.43,8.92,-1.43
43.647,8.72,-1.41,8.92,-1.43,8.92,-1.43
43.661,8.75,-1.41,8.92,-1.43,8.92,-1.43
43.675,8.74,-1.41,8.92,-1.43,8.92,-1.43
43.689,8.71,-1.38,8.92,-1.43,8.92,-1.43
43.704,8.76,-1.43,8.92,-1.43,8.92,-1.43
43.718,8.77,-1.45,8.92,-1.43,8.92,-1.43
43.732,8.75,-1.41,8.92,-1.43,8.92,-1.43
43.746,8.73,-1.4,8.92,-1.42,8.92,-1.42
43.76,8.7,-1.39,8.92,-1.42,8.92,-1.42
43.774,8.73,-1.4,8.92,-1.42,8.92,-1.42
43.789,8.76,-1.43,8.92,-1.42,8.92,-1.42
43.803,8.76,-1.46,8.92,-1.42,8.92,-1.42
43.817,8.73,-1.46,8.92,-1.42,8.92,-1.43
43.832,8.71,-1.45,8.92,-1.43,8.92,-1.43
43.846,8.7,-1.46,8.92,-1.43,8.92,-1.43
43.86,8.68,-1.47,8.92,-1.42,8.92,-1.43
43.874,8.65,-1.48,8.92,-1.43,8.92,-1.43
43.888,8.67,-1.5,8.92,-1.43,8.92,-1.43
43.903,8.77,-1.45,8.92,-1.43,8.92,-1.43
43.917,8.8,-1.43,8.92,-1.43,8.92,-1.43
43.931,8.7,-1.45,8.93,-1.43,8.92,-1.43
43.945,8.65,-1.45,8.93,-1.43,8.92,-1.43
43.959,8.71,-1.41,8.92,-1.43,8.92,-1.43
43.973,8.74,-1.44,8.92,-1.42,8.92,-1.42
43.988,8.74,-1.46,8.92,-1.42,8.92,-1.42
44.002,8.76,-1.47,8.92,-1.42,8.92,-1.42
44.016,8.75,-1.44,8.92,-1.42,8.92,-1.42
44.03,8.72,-1.41,8.92,-1.42,8.92,-1.42
44.044,8.71,-1.43,8.92,-1.42,8.92,-1.42
44.059,8.74,-1.44,8.93,-1.42,8.92,-1.42
44.073,8.74,-1.45,8.92,-1.42,8.92,-1.42
44.087,8.72,-1.48,8.92,-1.42,8.92,-1.42
44.101,8.76,-1.44,8.92,-1.42,8.92,-1.42
44.116,8.73,-1.4,8.92,-1.42,8.92,-1.42
44.13,8.7,-1.42,8.92,-1.42,8.92,-1.42
44.144,8.72,-1.46,8.92,-1.42,8.92,-1.42
44.158,8.7,-1.45,8.92,-1.42,8.92,-1.42
44.177,8.73,-1.43,8.92,-1.42,8.92,-1.42
44.191,8.73,-1.43,8.92,-1.42,8.92,-1.42
44.205,8.72,-1.47,8.92,-1.42,8.92,-1.42
44.219,8.68,-1.47,8.93,-1.42,8.92,-1.42
44.234,8.68,-1.46,8.92,-1.42,8.92,-1.42
44.249,8.73,-1.48,8.92,-1.42,8.92,-1.43
44.263,8.77,-1.44,8.92,-1.43,8.92,-1.43
44.277,8.71,-1.36,8.92,-1.43,8.92,-1.42
44.291,8.72,-1.39,8.92,-1.43,8.92,-1.43
44.306,8.76,-1.43,8.92,-1.43,8.92,-1.43
44.32,8.73,-1.41,8.92,-1.43,8.92,-1.43
44.335,8.68,-1.5,8.92,-1.43,8.92,-1.43
44.349,8.7,-1.48,8.92,-1.43,8.92,-1.43
44.363,8.74,-1.47,8.92,-1.43,8.92,-1.43
44.378,8.75,-1.37,8.92,-1.43,8.92,-1.43
44.392,8.73,-1.36,8.92,-1.43,8.92,-1.43
44.407,8.62,-1.39,8.92,-1.43,8.92,-1.43
44.421,8.64,-1.38,8.92,-1.43,8.92,-1.42
44.435,8.69,-1.34,8.92,-1.42,8.92,-1.42
44.45,8.68,-1.36,8.92,-1.42,8.92,-1.42
44.464,8.69,-1.4,8.92,-1.42,8.92,-1.42
44.478,8.68,-1.39,8.92,-1.42,8.92,-1.42
44.493,8.66,-1.44,8.92,-1.42,8.92,-1.42
44.507,8.68,-1.46,8.92,-1.42,8.92,-1.42
44.522,8.7,-1.4,8.92,-1.42,8.92,-1.42
44.536,8.68,-1.39,8.92,-1.42,8.92,-1.42
44.55,8.67,-1.44,8.92,-1.42,8.92,-1.42
44.564,8.67,-1.5,8.92,-1.42,8.92,-1.42
44.579,8.71,-1.46,8.92,-1.42,8.92,-1.42
44.593,8.76,-1.37,8.92,-1.42,8.92,-1.42
44.607,8.71,-1.37,8.92,-1.42,8.92,-1.42
44.622,8.7,-1.39,8.92,-1.42,8.92,-1.42
44.635,8.77,-1.45,8.92,-1.42,8.92,-1.42
44.649,8.8,-1.48,8.92,-1.42,8.92,-1.42
44.664,8.81,-1.43,8.92,-1.42,8.92,-1.42
44.678,8.7,-1.42,8.92,-1.42,8.92,-1.42
44.692,8.66,-1.45,8.92,-1.42,8.92,-1.42
44.706,8.75,-1.39,8.92,-1.41,8.92,-1.41
44.72,8.79,-1.39,8.92,-1.41,8.92,-1.41
44.736,8.72,-1.4,8.92,-1.41,8.92,-1.41
44.75,8.73,-1.39,8.92,-1.41,8.92,-1.41
44.765,8.78,-1.42,8.92,-1.41,8.92,-1.41
44.779,8.76,-1.45,8.92,-1.41,8.92,-1.41
44.793,8.73,-1.39,8.92,-1.41,8.92,-1.41
44.807,8.69,-1.39,8.92,-1.41,8.92,-1.41
44.821,8.69,-1.44,8.92,-1.41,8.92,-1.41
44.836,8.71,-1.42,8.92,-1.41,8.92,-1.41
44.85,8.76,-1.47,8.92,-1.41,8.92,-1.41
44.864,8.76,-1.47,8.92,-1.41,8.92,-1.41
44.878,8.76,-1.43,8.92,-1.41,8.92,-1.41
44.892,8.69,-1.39,8.92,-1.41,8.92,-1.41
44.906,8.69,-1.43,8.92,-1.41,8.92,-1.41
44.92,8.7,-1.46,8.92,-1.41,8.92,-1.41
44.935,8.74,-1.42,8.92,-1.41,8.92,-1.41
44.949,8.77,-1.44,8.92,-1.41,8.92,-1.41
44.963,8.75,-1.44,8.92,-1.41,8.92,-1.41
44.977,8.76,-1.44,8.92,-1.41,8.92,-1.41
44.992,8.76,-1.45,8.93,-1.41,8.92,-1.41
45.006,8.72,-1.41,8.93,-1.41,8.92,-1.41
45.02,8.74,-1.43,8.93,-1.41,8.92,-1.41
45.035,8.78,-1.48,8.93,-1.41,8.92,-1.41
45.049,8.74,-1.45,8.93,-1.41,8.92,-1.41
45.063,8.71,-1.48,8.93,-1.41,8.92,-1.41
45.077,8.68,-1.44,8.92,-1.41,8.92,-1.41
45.091,8.7,-1.44,8.93,-1.41,8.92,-1.41
45.106,8.71,-1.46,8.93,-1.41,8.92,-1.41
45.12,8.71,-1.42,8.93,-1.41,8.92,-1.41
45.134,8.72,-1.43,8.93,-1.41,8.92,-1.41
45.148,8.75,-1.41,8.92,-1.41,8.92,-1.41
45.162,8.74,-1.41,8.92,-1.41,8.92,-1.41
45.177,8.7,-1.43,8.92,-1.41,8.92,-1.41
45.191,8.7,-1.43,8.93,-1.41,8.92,-1.41
45.205,8.75,-1.44,8.92,-1.41,8.92,-1.41
45.22,8.75,-1.44,8.92,-1.41,8.92,-1.41
45.234,8.73,-1.46,8.93,-1.41,8.92,-1.41
45.248,8.73,-1.48,8.93,-1.41,8.92,-1.41
45.262,8.79,-1.44,8.93,-1.41,8.92,-1.41
45.277,8.8,-1.4,8.93,-1.41,8.93,-1.41
45.291,8.75,-1.46,8.93,-1.41,8.93,-1.41
45.306,8.74,-1.45,8.93,-1.41,8.93,-1.41
45.32,8.74,-1.43,8.93,-1.41,8.93,-1.41
45.334,8.76,-1.44,8.93,-1.41,8.93,-1.41
45.348,8.75,-1.45,8.93,-1.41,8.93,-1.41
45.363,8.75,-1.43,8.93,-1.41,8.93,-1.41
45.377,8.69,-1.43,8.93,-1.41,8.93,-1.41
45.391,8.71,-1.45,8.93,-1.41,8.93,-1.41
45.405,8.75,-1.48,8.93,-1.41,8.93,-1.41
45.419,8.74,-1.47,8.93,-1.41,8.93,-1.41
45.434,8.76,-1.41,8.93,-1.41,8.93,-1.41
45.448,8.83,-1.37,8.93,-1.41,8.93,-1.41
45.462,8.74,-1.41,8.93,-1.41,8.93,-1.41
45.476,8.7,-1.45,8.93,-1.41,8.93,-1.41
45.491,8.74,-1.48,8.93,-1.41,8.93,-1.41
45.505,8.81,-1.43,8.93,-1.41,8.93,-1.41
45.519,8.79,-1.41,8.93,-1.41,8.93,-1.41
45.533,8.67,-1.43,8.93,-1.41,8.93,-1.41
45.548,8.68,-1.44,8.93,-1.41,8.93,-1.41
45.562,8.78,-1.43,8.93,-1.41,8.93,-1.41
45.576,8.78,-1.45,8.93,-1.41,8.93,-1.41
45.59,8.75,-1.45,8.93,-1.41,8.93,-1.41
45.607,8.73,-1.4,8.93,-1.41,8.93,-1.41
45.622,8.75,-1.39,8.93,-1.41,8.93,-1.41
45.636,8.72,-1.38,8.93,-1.41,8.93,-1.41
45.65,8.66,-1.45,8.93,-1.41,8.93,-1.41
45.665,8.71,-1.49,8.93,-1.41,8.93,-1.41
45.679,8.76,-1.51,8.93,-1.41,8.93,-1.41
45.693,8.79,-1.39,8.93,-1.41,8.93,-1.41
45.707,8.8,-1.37,8.93,-1.41,8.93,-1.41
45.721,8.66,-1.44,8.93,-1.41,8.93,-1.41
45.735,8.67,-1.45,8.93,-1.41,8.93,-1.41
45.75,8.75,-1.52,8.93,-1.41,8.93,-1.41
45.764,8.77,-1.5,8.93,-1.41,8.93,-1.41
45.778,8.73,-1.45,8.93,-1.41,8.93,-1.41
45.792,8.77,-1.4,8.93,-1.41,8.93,-1.41
45.807,8.79,-1.42,8.93,-1.41,8.93,-1.41
45.821,8.64,-1.47,8.93,-1.41,8.93,-1.41
45.835,8.61,-1.46,8.93,-1.41,8.93,-1.41
45.849,8.79,-1.48,8.93,-1.41,8.93,-1.41
45.864,8.79,-1.46,8.93,-1.41,8.93,-1.41
45.879,8.76,-1.44,8.93,-1.41,8.93,-1.41
45.893,8.74,-1.47,8.93,-1.41,8.93,-1.41
45.908,8.7,-1.49,8.93,-1.41,8.93,-1.41
45.922,8.67,-1.4,8.93,-1.41,8.93,-1.41
45.936,8.67,-1.39,8.93,-1.41,8.93,-1.41
45.95,8.76,-1.43,8.93,-1.41,8.93,-1.41
45.965,8.78,-1.43,8.93,-1.42,8.93,-1.42
45.979,8.69,-1.51,8.93,-1.42,8.93,-1.42
45.993,8.63,-1.46,8.93,-1.42,8.92,-1.42
46.007,8.73,-1.34,8.93,-1.42,8.92,-1.42
46.021,8.78,-1.36,8.93,-1.42,8.92,-1.41
46.035,8.74,-1.39,8.93,-1.41,8.92,-1.41
46.049,8.68,-1.48,8.93,-1.41,8.92,-1.41
46.063,8.73,-1.46,8.93,-1.41,8.93,-1.41
46.078,8.81,-1.4,8.93,-1.41,8.93,-1.41
46.092,8.76,-1.42,8.93,-1.41,8.92,-1.41
46.106,8.73,-1.39,8.93,-1.41,8.92,-1.41
46.12,8.78,-1.39,8.93,-1.41,8.92,-1.41
46.134,8.75,-1.44,8.93,-1.41,8.92,-1.41
46.149,8.73,-1.46,8.93,-1.41,8.92,-1.42
46.165,8.68,-1.43,8.93,-1.42,8.92,-1.42
46.18,8.71,-1.43,8.93,-1.42,8.92,-1.42
46.195,8.78,-1.43,8.93,-1.42,8.93,-1.42
46.21,8.78,-1.42,8.93,-1.41,8.93,-1.41
46.224,8.72,-1.42,8.93,-1.41,8.93,-1.41
46.238,8.68,-1.43,8.93,-1.42,8.93,-1.42
46.252,8.67,-1.42,8.93,-1.42,8.93,-1.42
46.267,8.67,-1.4,8.93,-1.42,8.93,-1.42
46.281,8.7,-1.41,8.93,-1.42,8.93,-1.42
46.295,8.76,-1.44,8.93,-1.42,8.93,-1.42
46.309,8.71,-1.43,8.93,-1.41,8.93,-1.42
46.323,8.66,-1.41,8.93,-1.41,8.93,-1.41
46.338,8.75,-1.43,8.92,-1.41,8.92,-1.41
46.352,8.82,-1.44,8.92,-1.42,8.92,-1.42
46.365,8.77,-1.46,8.92,-1.42,8.92,-1.42
46.38,8.69,-1.4,8.93,-1.42,8.92,-1.42
46.394,9.22,-1.51,8.93,-1.42,8.94,-1.42
46.408,9.71,-1.52,8.96,-1.42,8.97,-1.42
46.422,8.99,-1.83,9.02,-1.42,9.02,-1.43
46.436,6.74,-2.21,9.14,-1.43,9.12,-1.44
46.45,4.69,-2.01,9.18,-1.44,9.13,-1.44
46.464,10.53,-2.27,9.08,-1.44,9.1,-1.45
46.478,10.81,-1.75,8.99,-1.45,9.01,-1.45
46.494,8.16,-0.7,8.98,-1.45,8.98,-1.44
46.508,7.92,-0.09,8.96,-1.45,8.95,-1.43
46.522,9.24,-0.95,8.9,-1.44,8.91,-1.43
46.536,9.31,-1.33,8.86,-1.44,8.86,-1.44
46.55,8.74,-1.76,8.83,-1.44,8.83,-1.45
46.564,9.16,-1.54,8.81,-1.45,8.81,-1.45
46.578,9.65,-1.19,8.81,-1.46,8.82,-1.45
46.593,9.38,-1.34,8.84,-1.46,8.84,-1.46
46.607,8.95,-1.48,8.87,-1.45,8.87,-1.45
46.621,7.42,-2.64,8.89,-1.43,8.87,-1.45
46.636,7.02,-2.91,8.89,-1.45,8.87,-1.46
46.65,8.1,-2.37,8.88,-1.47,8.87,-1.48
46.664,10.97,-2.71,8.84,-1.49,8.86,-1.5
46.679,9.16,0.34,8.84,-1.52,8.84,-1.5
46.692,9.04,2.17,8.85,-1.51,8.86,-1.47
46.707,9.3,1.31,8.88,-1.47,8.88,-1.44
46.721,9.19,-1.59,8.9,-1.44,8.9,-1.44
46.735,9.44,-1.57,8.94,-1.44,8.95,-1.44
46.75,8.0,-0.95,9.02,-1.42,9.01,-1.42
46.764,7.12,-1.18,9.09,-1.39,9.07,-1.38
46.778,9.08,-1.24,9.11,-1.37,9.11,-1.37
46.793,9.33,-0.76,9.11,-1.38,9.12,-1.38
46.807,7.85,-0.14,9.17,-1.4,9.16,-1.39
46.821,7.25,-0.43,9.25,-1.37,9.23,-1.36
46.835,7.72,-1.37,9.27,-1.33,9.25,-1.33
46.85,8.69,-2.16,9.24,-1.29,9.23,-1.3
46.864,7.99,-1.51,9.18,-1.24,9.17,-1.24
46.878,6.85,-1.45,9.1,-1.19,9.08,-1.19
46.893,7.79,-1.39,8.87,-1.22,8.86,-1.22
46.907,9.77,-0.86,8.59,-1.27,8.6,-1.27
46.921,10.26,-1.44,8.36,-1.33,8.38,-1.33
46.935,10.22,-1.44,8.2,-1.38,8.22,-1.38
46.949,9.56,-1.05,8.1,-1.41,8.11,-1.4
46.963,7.66,-1.49,8.12,-1.33,8.12,-1.33
46.977,6.76,-0.74,8.24,-1.18,8.23,-1.17
46.992,8.28,-2.45,8.55,-0.93,8.55,-0.95
47.006,5.97,-4.0,8.91,-0.7,8.88,-0.74
47.02,6.55,-1.27,9.37,-0.64,9.34,-0.64
47.041,11.55,-2.12,9.89,-0.68,9.9,-0.69
47.055,10.39,-3.74,10.1,-0.75,10.1,-0.78
47.069,6.29,-1.95,10.0,-0.8,9.97,-0.81
47.084,6.44,-1.05,9.83,-0.82,9.8,-0.82
47.098,9.13,-1.41,9.48,-0.83,9.48,-0.83
47.112,8.19,-1.63,9.11,-0.84,9.1,-0.84
47.126,10.07,-1.6,8.7,-0.85,8.72,-0.85
47.141,10.44,-1.48,8.43,-0.85,8.45,-0.86
47.155,9.85,-1.62,8.19,-0.86,8.21,-0.87
47.169,10.27,-1.68,7.97,-0.86,7.99,-0.87
47.183,10.43,-1.38,7.76,-0.87,7.79,-0.88
47.197,8.95,-1.48,7.64,-0.88,7.65,-0.88
47.211,6.68,-1.39,7.59,-0.89,7.58,-0.9
47.226,9.21,-1.77,7.54,-0.91,7.56,-0.92
47.241,11.86,-1.77,7.44,-0.96,7.49,-0.97
47.255,13.07,-1.25,7.37,-1.0,7.43,-1.0
47.269,12.73,-1.13,7.29,-1.01,7.34,-1.01
47.283,13.88,-0.85,7.18,-1.01,7.25,-1.01
47.297,13.25,-1.05,7.17,-1.01,7.23,-1.01
47.311,9.03,-0.58,7.2,-1.01,7.21,-1.0
47.325,9.11,-0.98,7.21,-1.0,7.23,-1.0
47.34,9.91,-1.57,7.21,-1.0,7.24,-1.0
47.354,9.78,-1.74,7.21,-1.0,7.24,-1.01
47.368,9.58,-0.98,7.18,-1.01,7.2,-1.01
47.382,11.75,-2.47,7.12,-1.02,7.17,-1.04
47.396,11.32,-2.72,7.14,-1.04,7.18,-1.06
47.411,8.6,-1.39,7.15,-1.07,7.16,-1.07
47.426,9.02,-1.27,6.95,-1.07,6.97,-1.07
47.44,11.6,-1.44,6.66,-1.08,6.71,-1.08
47.455,11.57,-1.65,6.36,-1.08,6.42,-1.09
47.469,11.55,-1.95,6.07,-1.1,6.12,-1.1
47.483,11.93,-1.49,5.75,-1.11,5.81,-1.12
47.497,12.43,-1.99,5.49,-1.13,5.56,-1.14
47.512,12.61,-2.38,5.28,-1.16,5.35,-1.18
47.526,12.01,-1.79,5.19,-1.25,5.26,-1.26
47.54,14.73,-0.35,5.19,-1.36,5.29,-1.35
47.554,16.64,-0.21,5.28,-1.44,5.39,-1.43
47.569,10.36,-3.1,5.33,-1.48,5.39,-1.5
47.583,6.79,-1.36,5.42,-1.53,5.43,-1.53
47.597,8.38,-0.32,5.63,-1.61,5.66,-1.6
47.612,16.29,0.6,5.94,-1.71,6.04,-1.69
47.626,13.36,1.2,6.14,-1.74,6.22,-1.71
47.64,6.83,0.19,6.25,-1.71,6.25,-1.69
47.654,8.54,0.05,6.47,-1.63,6.49,-1.62
47.668,13.4,-0.72,6.8,-1.53,6.87,-1.52
47.682,12.74,-0.91,7.18,-1.37,7.23,-1.37
47.697,11.79,-1.23,7.44,-1.25,7.49,-1.25
47.712,14.61,-0.91,7.47,-1.27,7.54,-1.26
47.726,18.02,-2.12,7.33,-1.36,7.44,-1.37
47.74,15.28,-2.73,7.0,-1.52,7.09,-1.54
47.754,13.57,-1.1,6.53,-1.55,6.6,-1.55
47.769,14.26,-0.81,6.1,-1.53,6.18,-1.52
47.783,14.43,-1.02,5.84,-1.53,5.93,-1.52
47.797,15.91,-1.11,5.6,-1.54,5.71,-1.53
47.814,17.0,-0.93,5.45,-1.54,5.57,-1.54
47.828,16.84,-0.8,5.41,-1.55,5.53,-1.54
47.842,17.25,-0.63,5.51,-1.54,5.63,-1.53
47.856,14.62,-1.05,5.68,-1.52,5.77,-1.51
47.87,10.83,-1.64,5.86,-1.49,5.91,-1.49
47.884,10.58,-1.95,5.95,-1.47,6.0,-1.47
47.898,15.26,-2.55,5.98,-1.47,6.08,-1.48
47.913,15.44,-2.1,6.06,-1.55,6.15,-1.55
47.927,13.69,1.12,6.15,-1.66,6.22,-1.63
47.941,13.12,1.79,6.23,-1.69,6.3,-1.66
47.955,14.7,-1.1,6.31,-1.63,6.4,-1.62
47.969,15.62,-2.43,6.36,-1.51,6.45,-1.52
47.984,15.83,-2.76,6.36,-1.44,6.45,-1.46
47.998,14.35,-2.01,6.25,-1.49,6.33,-1.5
48.012,12.23,-0.81,6.14,-1.57,6.2,-1.56
48.026,12.71,-0.75,6.03,-1.63,6.1,-1.62
48.04,14.06,-1.34,5.98,-1.63,6.06,-1.63
48.054,14.96,-1.35,5.93,-1.63,6.02,-1.63
48.069,15.45,-1.37,5.81,-1.64,5.91,-1.64
48.083,16.32,-1.94,5.65,-1.64,5.76,-1.65
48.097,17.68,-1.59,5.48,-1.65,5.6,-1.65
48.111,17.58,-0.78,5.38,-1.65,5.5,-1.64
48.126,12.53,-3.59,5.38,-1.66,5.46,-1.67
48.14,11.81,-2.18,5.46,-1.75,5.52,-1.75
48.154,7.83,0.6,5.58,-1.87,5.61,-1.84
48.168,5.65,-3.14,5.72,-1.86,5.72,-1.87
48.182,10.17,-0.62,5.81,-1.89,5.85,-1.88
48.197,17.63,2.41,6.09,-2.05,6.2,-2.0
48.211,19.11,2.59,6.53,-2.18,6.66,-2.13
48.225,16.33,1.59,6.9,-2.08,7.0,-2.04
48.239,15.35,1.92,7.07,-1.87,7.16,-1.83
48.253,18.98,3.44,7.04,-1.71,7.16,-1.66
48.267,20.12,-3.17,6.98,-1.79,7.11,-1.81
48.282,28.48,-0.7,6.83,-1.95,7.04,-1.94
48.296,27.9,1.77,6.44,-1.92,6.65,-1.89
48.31,15.28,-0.94,6.33,-1.78,6.42,-1.77
48.325,8.61,-3.45,6.4,-1.63,6.42,-1.65
48.339,7.7,-4.22,6.35,-1.56,6.36,-1.59
48.353,18.38,-1.61,6.22,-1.59,6.35,-1.59
48.368,20.66,-0.97,6.32,-1.7,6.46,-1.7
48.382,20.62,-1.93,6.54,-1.8,6.68,-1.81
48.396,19.64,-0.08,6.9,-1.85,7.02,-1.83
48.41,19.32,2.16,7.25,-1.83,7.37,-1.79
48.424,18.81,1.74,7.47,-1.69,7.59,-1.66
48.438,18.97,1.63,7.65,-1.56,7.76,-1.52
48.452,16.65,-0.63,7.81,-1.48,7.9,-1.47
48.466,16.71,-0.78,7.98,-1.48,8.07,-1.48
48.48,16.32,-0.82,8.14,-1.5,8.22,-1.49
48.495,14.76,-0.87,8.34,-1.49,8.41,-1.48
48.509,12.91,-0.08,8.54,-1.51,8.58,-1.5
48.523,11.24,1.7,8.96,-1.57,8.98,-1.54
48.537,13.87,1.26,9.41,-1.54,9.45,-1.52
48.552,16.27,-0.95,9.76,-1.45,9.83,-1.45
48.566,16.99,-2.71,9.95,-1.45,10.02,-1.46
48.58,14.72,-2.48,9.89,-1.56,9.94,-1.57
48.594,12.79,0.06,9.5,-1.67,9.53,-1.66
48.608,14.91,1.19,9.17,-1.62,9.22,-1.6
48.622,14.52,-0.91,8.97,-1.49,9.03,-1.48
48.638,12.76,-1.85,8.86,-1.42,8.9,-1.43
48.652,14.29,-0.51,8.92,-1.54,8.98,-1.53
48.666,15.91,0.15,9.02,-1.69,9.09,-1.67
48.68,16.06,-0.45,9.1,-1.81,9.16,-1.8
48.694,14.51,0.03,9.04,-1.88,9.1,-1.86
48.708,15.13,1.64,8.93,-1.97,8.99,-1.94
48.723,16.22,0.65,8.86,-1.96,8.93,-1.94
48.737,15.86,0.46,8.8,-1.93,8.87,-1.9
48.751,14.35,0.61,8.63,-1.89,8.68,-1.86
48.765,18.76,-1.57,8.35,-1.83,8.46,-1.83
48.779,20.05,-1.25,8.15,-1.8,8.27,-1.79
48.793,19.05,-1.28,8.1,-1.79,8.21,-1.78
48.808,17.46,-1.1,8.14,-1.82,8.24,-1.81
48.822,18.57,1.69,8.25,-1.97,8.35,-1.93
48.836,18.56,-2.41,8.37,-2.03,8.47,-2.04
48.85,17.73,-2.07,8.53,-2.01,8.62,-2.01
48.865,16.03,2.31,8.71,-2.0,8.79,-1.95
48.879,16.23,1.34,8.89,-1.95,8.96,-1.92
48.893,16.45,0.52,9.1,-1.9,9.17,-1.88
48.907,18.37,1.76,9.37,-1.87,9.46,-1.83
48.921,19.54,1.32,9.73,-1.85,9.83,-1.82
48.935,16.79,0.32,10.13,-1.83,10.19,-1.81
48.949,15.64,1.02,10.58,-1.83,10.63,-1.8
48.964,12.47,2.18,10.98,-1.84,11.0,-1.79
48.977,12.24,0.01,11.23,-1.86,11.24,-1.84
48.991,14.27,-1.03,11.34,-1.9,11.37,-1.89
49.005,15.53,1.46,11.35,-1.93,11.39,-1.9
49.019,14.95,1.42,11.25,-1.91,11.29,-1.87
49.033,15.82,1.43,11.13,-1.88,11.17,-1.85
49.048,15.91,1.66,10.96,-1.86,11.01,-1.82
49.062,15.96,1.45,10.76,-1.83,10.81,-1.79
49.076,17.33,0.26,10.56,-1.8,10.63,-1.78
49.09,19.09,0.33,10.35,-1.78,10.44,-1.76
49.105,19.92,1.17,10.12,-1.74,10.22,-1.71
49.119,18.78,0.58,9.94,-1.65,10.03,-1.63
49.133,10.8,-2.67,9.87,-1.57,9.88,-1.59
49.147,9.57,-2.13,9.99,-1.62,9.99,-1.62
49.161,23.21,4.04,10.19,-1.74,10.32,-1.68
49.175,27.2,3.92,10.43,-1.82,10.59,-1.76
49.189,26.27,1.6,10.56,-1.81,10.71,-1.78
49.204,21.64,0.5,10.5,-1.79,10.61,-1.77
49.217,21.92,-1.37,10.0,-1.55,10.12,-1.54
49.233,7.53,3.0,9.48,-1.04,9.47,-1.0
49.246,12.48,4.78,9.42,-0.46,9.45,-0.41
49.26,21.77,2.3,9.56,-0.18,9.68,-0.16
49.275,17.7,0.78,9.92,-0.28,9.99,-0.27
49.29,14.73,-3.49,10.22,-0.36,10.26,-0.39
49.304,16.47,-0.98,10.28,-0.41,10.34,-0.42
49.318,16.48,2.26,10.32,-0.47,10.38,-0.44
49.332,12.29,2.94,10.31,-0.5,10.33,-0.47
49.346,15.39,2.89,10.0,-0.5,10.06,-0.47
49.36,20.95,2.28,9.68,-0.47,9.79,-0.44
49.374,20.87,3.83,9.57,-0.39,9.68,-0.35
49.388,21.12,-0.97,9.52,-0.27,9.64,-0.28
49.402,20.39,-4.49,9.6,-0.13,9.71,-0.18
49.416,18.78,-3.32,9.79,-0.09,9.88,-0.12
49.431,19.98,-0.48,10.02,-0.1,10.12,-0.11
49.445,20.34,-1.56,10.31,-0.13,10.41,-0.15
49.46,18.6,-2.87,10.63,-0.13,10.71,-0.15
49.474,19.4,-0.86,10.78,-0.13,10.87,-0.14
49.489,20.67,0.16,10.86,-0.17,10.96,-0.17
49.503,19.87,-0.3,10.87,-0.28,10.96,-0.28
49.517,17.77,1.39,10.87,-0.42,10.94,-0.4
49.531,16.2,3.38,10.92,-0.51,10.98,-0.47
49.545,14.72,4.66,10.97,-0.55,11.01,-0.5
49.56,14.65,3.04,11.01,-0.55,11.05,-0.52
49.573,15.94,1.14,11.1,-0.55,11.15,-0.53
49.588,17.5,0.49,11.24,-0.57,11.3,-0.56
49.602,17.97,0.13,11.43,-0.58,11.49,-0.57
49.616,20.57,0.22,11.65,-0.6,11.74,-0.59
49.63,20.52,1.34,11.93,-0.63,12.01,-0.61
49.644,19.43,1.75,12.11,-0.62,12.18,-0.6
49.659,18.03,1.1,12.21,-0.6,12.27,-0.59
49.673,18.16,0.98,12.29,-0.58,12.35,-0.56
49.687,19.35,1.17,12.4,-0.55,12.47,-0.54
49.701,19.8,1.61,12.64,-0.51,12.71,-0.48
49.715,18.08,0.32,13.0,-0.42,13.05,-0.41
49.729,14.82,-1.66,13.39,-0.28,13.4,-0.29
49.744,19.49,-1.43,13.54,-0.22,13.6,-0.23
49.758,20.95,-2.34,13.53,-0.18,13.61,-0.2
49.772,19.9,-2.05,13.54,-0.11,13.6,-0.13
49.786,11.95,2.72,13.55,-0.01,13.53,0.02
49.801,12.42,1.51,13.54,0.09,13.53,0.11
49.815,16.27,0.71,13.54,0.13,13.57,0.14
49.829,16.93,1.15,13.55,0.11,13.59,0.12
49.843,17.37,-0.23,13.57,0.1,13.61,0.09
49.857,17.43,-0.04,13.57,0.07,13.61,0.07
49.871,17.31,0.67,13.58,0.04,13.62,0.05
49.885,18.21,0.26,13.61,0.03,13.66,0.03
49.899,18.18,-0.53,13.71,0.03,13.75,0.03
49.913,18.73,-0.41,13.83,0.04,13.88,0.03
49.927,18.5,-0.87,13.94,0.02,13.98,0.01
49.941,18.06,-1.18,14.03,-0.0,14.07,-0.02
49.956,18.97,-1.54,14.09,-0.06,14.14,-0.07
49.97,19.51,-2.87,14.14,-0.13,14.19,-0.16
49.984,17.91,-5.58,14.18,-0.23,14.21,-0.28
49.998,14.42,-5.78,14.17,-0.43,14.17,-0.48
50.012,11.89,3.67,14.06,-0.71,14.04,-0.67
50.027,14.41,9.71,13.53,-1.11,13.54,-1.0
50.041,20.59,8.12,12.77,-1.51,12.85,-1.41
50.055,21.4,3.44,11.71,-2.04,11.8,-1.98
50.069,15.88,-3.31,10.8,-2.55,10.85,-2.56
50.083,16.96,3.56,10.19,-2.86,10.26,-2.8
50.097,20.32,4.87,10.21,-2.64,10.31,-2.56
50.113,21.08,-2.82,10.48,-2.36,10.59,-2.36
50.126,16.35,-2.49,11.35,-2.18,11.4,-2.19
50.14,29.34,1.89,12.08,-2.08,12.25,-2.04
50.155,26.63,1.39,12.32,-2.13,12.47,-2.09
50.169,13.51,-1.39,12.53,-2.06,12.54,-2.05
50.183,16.17,-1.53,12.5,-1.93,12.54,-1.93
50.198,17.51,-0.51,12.48,-1.89,12.53,-1.87
50.212,19.38,-0.7,12.46,-1.88,12.53,-1.87
50.226,20.72,-2.42,12.42,-1.92,12.5,-1.93
50.24,20.33,-0.14,12.51,-2.06,12.59,-2.04
50.254,20.93,4.03,12.84,-2.36,12.92,-2.29
50.268,22.74,-0.68,13.15,-2.5,13.25,-2.48
50.282,22.66,-0.83,13.6,-2.47,13.69,-2.46
50.296,20.57,1.36,14.27,-2.46,14.33,-2.42
50.31,15.04,1.77,15.07,-2.44,15.07,-2.4
50.324,14.94,2.82,15.63,-2.39,15.63,-2.34
50.339,15.91,2.11,16.0,-2.31,16.0,-2.27
50.353,15.33,0.35,16.01,-2.28,16.0,-2.26
50.367,9.57,3.28,15.78,-2.27,15.71,-2.21
50.381,12.08,2.66,15.07,-2.24,15.04,-2.19
50.395,16.66,1.23,14.46,-2.27,14.48,-2.23
50.409,18.06,1.14,13.99,-2.33,14.03,-2.3
50.423,16.48,2.05,13.62,-2.43,13.65,-2.38
50.437,15.81,4.46,13.25,-2.54,13.28,-2.47
50.452,17.49,3.91,12.91,-2.62,12.95,-2.55
50.466,24.4,0.81,12.63,-2.64,12.75,-2.6
50.48,26.32,0.4,12.66,-2.6,12.8,-2.57
50.494,26.0,0.05,12.91,-2.59,13.04,-2.56
50.509,18.82,1.46,13.33,-2.62,13.39,-2.58
50.523,16.83,0.74,13.74,-2.67,13.77,-2.64
50.537,17.6,-3.85,13.97,-2.68,14.0,-2.7
50.552,18.23,-3.62,13.57,-2.7,13.62,-2.71
50.566,16.37,2.77,12.85,-2.85,12.88,-2.79
50.58,18.36,1.31,12.07,-2.93,12.13,-2.89
50.595,21.46,0.17,11.39,-2.96,11.49,-2.93
50.608,23.66,1.36,10.85,-2.73,10.98,-2.69
50.623,23.22,1.67,10.37,-2.31,10.5,-2.27
50.637,28.03,5.58,9.81,-1.84,9.99,-1.77
50.651,29.54,3.37,9.27,-1.61,9.47,-1.56
50.665,26.1,-1.12,8.93,-1.37,9.1,-1.37
50.679,25.37,0.05,8.92,-1.05,9.08,-1.04
50.694,25.79,-1.7,8.96,-0.71,9.13,-0.72
50.708,26.31,-2.89,9.05,-0.4,9.23,-0.42
50.722,25.4,-2.55,9.19,-0.13,9.35,-0.15
50.736,22.67,-1.28,9.39,0.18,9.53,0.17
50.75,17.79,-4.63,9.94,0.61,10.02,0.56
50.768,31.95,-6.57,10.69,1.0,10.9,0.93
50.78,34.14,-4.77,11.31,0.74,11.54,0.69
50.794,23.83,-1.67,11.97,0.37,12.08,0.35
50.809,21.62,1.18,12.74,0.01,12.83,0.02
50.822,26.25,3.31,13.48,-0.34,13.6,-0.3
50.837,27.1,1.63,13.73,-0.61,13.86,-0.59
50.851,25.96,-0.09,13.6,-0.92,13.73,-0.91
50.865,20.4,-2.42,13.18,-1.26,13.25,-1.27
50.879,19.67,1.42,12.89,-1.34,12.96,-1.31
50.893,21.64,1.75,12.76,-1.32,12.85,-1.29
50.907,22.2,0.28,12.79,-1.23,12.88,-1.22
50.922,22.52,2.46,12.83,-1.16,12.93,-1.13
50.936,23.87,4.5,12.91,-1.25,13.02,-1.19
50.951,25.62,3.89,13.07,-1.33,13.19,-1.28
50.965,25.3,2.53,13.3,-1.28,13.42,-1.24
50.979,24.91,1.36,13.46,-1.21,13.58,-1.18
50.993,21.89,1.29,13.53,-1.12,13.61,-1.09
51.007,20.82,2.35,13.43,-1.05,13.51,-1.02
51.021,21.48,1.59,13.34,-1.01,13.42,-0.98
51.035,22.43,1.91,13.39,-1.02,13.48,-0.99
51.05,23.65,2.52,13.45,-1.04,13.55,-1.01
51.064,23.08,1.31,13.39,-1.1,13.48,-1.08
51.078,23.13,0.11,13.28,-1.17,13.38,-1.16
51.094,24.88,1.46,13.22,-1.21,13.34,-1.18
51.108,25.3,1.78,13.23,-1.21,13.35,-1.18
51.122,25.83,1.47,13.27,-1.2,13.39,-1.17
51.136,24.69,2.26,13.5,-1.23,13.62,-1.19
51.15,24.97,3.19,13.87,-1.2,13.98,-1.16
51.164,25.96,2.31,14.32,-1.04,14.44,-1.0
51.178,24.74,0.61,14.69,-0.85,14.79,-0.83
51.192,23.56,1.23,14.87,-0.63,14.95,-0.61
51.207,23.59,1.58,14.94,-0.42,15.03,-0.4
51.221,23.43,1.86,14.93,-0.26,15.02,-0.24
51.235,22.63,2.24,14.81,-0.31,14.88,-0.28
51.25,22.78,5.56,14.71,-0.45,14.79,-0.39
51.264,22.77,3.49,14.74,-0.58,14.82,-0.54
51.278,24.64,0.5,14.81,-0.64,14.91,-0.63
51.292,23.83,2.59,14.88,-0.71,14.97,-0.67
51.306,24.7,4.61,14.92,-0.76,15.02,-0.7
51.32,25.08,3.32,15.01,-0.74,15.11,-0.7
51.334,23.04,2.36,15.23,-0.66,15.31,-0.63
51.348,21.03,3.54,15.4,-0.59,15.46,-0.55
51.363,22.17,3.9,15.41,-0.54,15.48,-0.5
51.377,25.19,2.25,15.47,-0.45,15.56,-0.43
51.391,26.22,1.26,15.65,-0.33,15.76,-0.31
51.405,24.69,1.84,15.83,-0.25,15.92,-0.23
51.42,24.72,1.52,15.88,-0.27,15.97,-0.25
51.434,24.92,1.02,15.9,-0.33,15.99,-0.32
51.448,22.33,4.99,15.89,-0.44,15.96,-0.39
51.462,23.62,4.54,15.8,-0.49,15.88,-0.44
51.477,24.2,2.31,15.75,-0.49,15.83,-0.46
51.491,24.16,2.53,15.77,-0.46,15.85,-0.43
51.505,25.07,2.92,15.78,-0.45,15.88,-0.41
51.519,25.69,3.07,15.85,-0.43,15.95,-0.39
51.533,25.93,3.33,16.0,-0.39,16.1,-0.35
51.547,24.86,3.94,16.26,-0.33,16.35,-0.28
51.561,24.1,4.2,16.58,-0.24,16.65,-0.19
51.576,23.63,3.58,16.85,-0.14,16.92,-0.1
51.59,23.63,2.22,17.05,-0.06,17.12,-0.04
51.604,22.44,2.63,17.24,-0.02,17.3,0.01
51.618,22.5,3.57,17.34,-0.02,17.39,0.02
51.632,23.07,2.12,17.4,-0.03,17.45,-0.0
51.646,22.01,2.26,17.42,-0.06,17.47,-0.03
51.66,22.08,3.05,17.37,-0.04,17.42,-0.01
51.674,23.34,3.3,17.29,0.01,17.35,0.04
51.688,23.49,3.59,17.18,0.07,17.25,0.11
51.702,24.61,2.21,17.02,0.15,17.1,0.17
51.717,25.35,1.59,16.8,0.2,16.89,0.22
51.73,25.72,2.4,16.67,0.23,16.76,0.26
51.744,24.9,4.32,16.65,0.25,16.74,0.29
51.758,25.98,4.05,16.7,0.25,16.79,0.29
51.772,24.97,0.68,16.7,0.31,16.78,0.31
51.786,21.99,-0.63,16.73,0.46,16.78,0.45
51.8,21.82,0.77,16.79,0.51,16.84,0.51
51.813,26.24,0.8,16.86,0.44,16.95,0.45
51.828,27.34,-0.25,16.88,0.33,16.99,0.33
51.841,26.18,4.1,16.92,0.27,17.01,0.31
51.855,25.25,4.95,16.98,0.29,17.06,0.34
51.869,24.38,5.26,16.99,0.29,17.06,0.34
51.883,23.28,5.78,16.88,0.25,16.95,0.3
51.897,25.49,3.94,16.56,0.21,16.65,0.24
51.911,22.48,-1.34,16.29,0.16,16.35,0.14
51.925,21.73,0.02,15.82,-0.03,15.88,-0.03
51.939,33.75,10.2,15.05,-0.35,15.23,-0.24
51.953,31.83,8.78,14.75,-0.47,14.93,-0.38
51.967,27.77,5.34,14.88,-0.42,15.01,-0.37
51.981,26.96,4.06,15.13,-0.32,15.25,-0.28
51.995,27.44,4.68,15.27,-0.27,15.39,-0.22
52.009,27.12,4.4,15.37,-0.22,15.49,-0.17
52.023,26.61,4.11,15.41,-0.15,15.52,-0.11
52.038,28.75,2.5,15.4,-0.07,15.53,-0.04
52.052,31.58,2.11,15.4,-0.01,15.56,0.01
52.066,30.62,2.64,15.68,-0.01,15.83,0.02
52.08,26.39,2.36,16.12,-0.01,16.22,0.02
52.094,27.08,2.96,16.64,0.08,16.74,0.11
52.108,24.99,3.56,17.17,0.23,17.25,0.27
52.122,24.2,4.54,17.72,0.4,17.78,0.44
52.136,23.79,4.86,18.27,0.55,18.32,0.59
52.15,24.95,4.59,18.83,0.68,18.89,0.72
52.164,24.21,4.83,19.37,0.76,19.42,0.8
52.178,23.93,3.28,19.8,0.78,19.85,0.81
52.192,24.29,2.11,19.96,0.71,20.0,0.72
52.206,23.76,2.96,20.01,0.62,20.05,0.64
52.22,24.87,4.55,19.98,0.57,20.02,0.61
52.234,24.25,4.52,19.84,0.57,19.88,0.61
52.248,19.93,5.59,19.82,0.59,19.82,0.64
52.262,21.05,6.77,20.13,0.64,20.14,0.7
52.276,25.33,-1.08,20.57,0.69,20.61,0.67
52.29,27.38,-1.94,20.96,0.68,21.02,0.65
52.304,28.1,-0.27,21.23,0.66,21.3,0.65
52.318,23.04,1.67,21.33,0.69,21.35,0.7
52.332,20.77,0.81,21.14,0.79,21.14,0.79
52.346,21.53,-0.55,20.85,0.93,20.86,0.91
52.36,23.89,-0.54,20.53,1.15,20.56,1.13
52.374,26.35,-0.24,20.27,1.42,20.33,1.4
52.388,29.42,1.34,20.05,1.75,20.14,1.75
52.402,32.1,3.72,19.62,2.15,19.74,2.17
52.416,29.1,-1.4,19.12,2.45,19.22,2.41
52.43,27.47,-1.79,18.89,2.64,18.97,2.59
52.444,26.02,-0.26,18.76,2.84,18.84,2.8
52.458,27.19,-1.56,18.71,3.1,18.8,3.05
52.472,27.93,-0.83,18.73,3.21,18.82,3.17
52.486,28.35,0.17,18.8,3.2,18.89,3.17
52.5,28.18,-0.16,18.87,3.23,18.96,3.2
52.515,26.94,-0.9,18.91,3.34,18.99,3.29
52.529,26.66,-2.63,18.94,3.49,19.02,3.43
52.543,28.83,-3.49,18.98,3.62,19.08,3.55
52.557,28.1,-1.92,19.09,3.7,19.18,3.65
52.571,26.95,-1.85,19.22,3.83,19.3,3.78
52.586,27.03,-0.65,19.36,4.01,19.44,3.96
52.6,27.6,-4.54,19.46,4.32,19.54,4.24
52.614,26.83,-6.05,19.52,4.64,19.59,4.54
52.628,26.58,-3.01,19.59,4.51,19.66,4.43
52.642,27.46,-3.56,19.7,4.34,19.78,4.26
52.656,27.67,-4.15,19.8,4.22,19.88,4.14
52.67,27.28,-4.17,19.89,4.11,19.97,4.03
52.684,26.6,-3.53,19.97,3.99,20.04,3.91
52.699,26.14,-3.32,20.03,3.87,20.09,3.8
52.713,26.28,-3.05,20.08,3.75,20.14,3.69
52.727,26.93,-3.42,20.12,3.65,20.19,3.58
52.741,27.45,-3.63,20.16,3.54,20.23,3.47
52.755,27.45,-4.01,20.23,3.43,20.3,3.35
52.769,28.13,-4.56,20.3,3.31,20.38,3.23
52.783,30.75,-6.48,20.4,3.18,20.5,3.09
52.797,31.05,-6.65,20.54,2.99,20.64,2.9
52.811,26.92,-5.68,20.7,2.77,20.77,2.68
52.825,27.38,-3.89,20.7,2.49,20.77,2.43
52.839,26.43,0.23,20.62,2.24,20.68,2.22
52.853,25.05,1.22,20.57,2.05,20.61,2.04
52.867,24.91,0.68,20.61,1.88,20.65,1.87
52.881,28.21,-3.02,20.65,1.74,20.73,1.69
52.895,31.12,-5.58,20.74,1.58,20.85,1.51
52.908,30.74,-7.44,20.83,1.4,20.93,1.32
52.923,28.18,-6.01,20.78,1.18,20.86,1.11
52.936,26.67,-3.84,20.64,0.94,20.7,0.89
52.951,25.91,-2.95,20.43,0.71,20.48,0.67
52.967,25.87,-4.67,20.11,0.4,20.17,0.35
52.981,26.4,-6.5,19.84,0.01,19.91,-0.05
52.995,26.65,-4.46,19.76,-0.52,19.82,-0.56
53.009,25.65,0.23,19.73,-1.06,19.79,-1.05
53.023,27.07,1.24,19.78,-1.34,19.85,-1.31
53.037,30.11,-4.51,19.86,-1.57,19.96,-1.6
53.051,30.04,-2.43,20.01,-2.0,20.11,-2.0
53.066,27.11,5.83,20.22,-2.42,20.29,-2.34
53.081,24.97,5.88,20.58,-2.44,20.63,-2.36
53.095,25.13,3.42,21.05,-2.33,21.09,-2.27
53.109,26.87,-4.27,21.56,-2.22,21.62,-2.24
53.123,27.99,-7.69,21.92,-2.36,21.98,-2.42
53.137,26.16,-6.13,22.08,-2.64,22.12,-2.68
53.152,25.65,-4.4,22.01,-3.15,22.05,-3.16
53.166,24.97,-1.76,21.91,-3.66,21.94,-3.64
53.181,26.4,-4.09,21.76,-3.84,21.8,-3.84
53.196,27.36,-2.87,21.72,-3.84,21.78,-3.83
53.21,27.49,-1.72,21.8,-3.82,21.86,-3.79
53.224,27.35,-1.96,21.86,-3.81,21.91,-3.79
53.238,25.96,-1.93,21.88,-3.83,21.92,-3.81
53.253,26.54,-1.97,21.79,-3.85,21.83,-3.83
53.267,26.59,-1.07,21.66,-3.86,21.71,-3.83
53.282,27.22,0.03,21.52,-3.85,21.57,-3.81
53.296,29.78,-0.73,21.35,-3.82,21.43,-3.79
53.31,29.04,-1.1,21.3,-3.78,21.38,-3.75
53.324,28.59,-1.51,21.32,-3.74,21.39,-3.72
53.338,28.73,-1.62,21.38,-3.72,21.45,-3.7
53.352,28.22,-1.72,21.46,-3.7,21.53,-3.68
53.366,28.16,-1.55,21.54,-3.68,21.61,-3.66
53.381,28.24,-1.56,21.62,-3.66,21.69,-3.64
53.395,28.19,-1.55,21.71,-3.64,21.77,-3.62
53.41,28.55,-1.95,21.79,-3.61,21.85,-3.59
53.424,28.07,-0.97,21.86,-3.58,21.93,-3.56
53.438,27.8,-0.91,21.96,-3.56,22.01,-3.53
53.453,27.89,-0.63,22.04,-3.53,22.1,-3.5
53.467,28.08,-0.26,22.1,-3.5,22.16,-3.47
53.481,27.88,-0.4,22.16,-3.46,22.22,-3.43
53.495,28.33,-3.89,22.21,-3.43,22.27,-3.43
53.509,28.51,-2.58,22.28,-3.43,22.34,-3.42
53.524,27.94,-1.05,22.35,-3.42,22.41,-3.39
53.538,27.4,-1.49,22.42,-3.4,22.47,-3.38
53.552,28.57,-1.56,22.47,-3.38,22.53,-3.36
53.566,27.81,-1.61,22.54,-3.36,22.59,-3.34
53.58,27.78,-1.58,22.61,-3.34,22.67,-3.32
53.595,27.71,-1.38,22.68,-3.32,22.73,-3.31
53.609,27.82,-1.46,22.74,-3.31,22.79,-3.29
53.623,27.55,-1.59,22.79,-3.29,22.84,-3.27
53.637,27.74,-1.59,22.82,-3.27,22.87,-3.25
53.651,28.17,-1.42,22.84,-3.25,22.89,-3.23
53.666,28.14,-1.44,22.87,-3.24,22.92,-3.22
53.68,28.23,-1.53,22.9,-3.22,22.95,-3.2
53.694,28.27,-1.62,22.94,-3.2,22.99,-3.19
53.709,28.19,-1.72,22.99,-3.19,23.04,-3.17
53.723,28.04,-1.74,23.04,-3.17,23.09,-3.16
53.737,28.05,-1.78,23.09,-3.16,23.14,-3.14
53.751,28.12,-3.22,23.14,-3.14,23.19,-3.14
53.766,27.97,-2.73,23.19,-3.15,23.24,-3.14
53.78,28.02,-1.51,23.24,-3.14,23.29,-3.13
53.794,28.16,-1.88,23.29,-3.12,23.34,-3.11
53.808,28.2,-0.67,23.33,-3.11,23.38,-3.08
53.823,28.19,-0.08,23.39,-3.08,23.43,-3.05
53.837,28.2,-0.24,23.44,-3.05,23.49,-3.02
53.851,28.02,-0.49,23.5,-3.02,23.55,-3.0
53.865,27.99,-0.85,23.55,-3.0,23.6,-2.98
53.879,28.08,-1.61,23.6,-2.98,23.64,-2.96
53.894,28.12,-1.62,23.64,-2.96,23.68,-2.95
53.908,28.19,-1.38,23.68,-2.95,23.72,-2.93
53.922,28.21,-1.4,23.72,-2.93,23.77,-2.92
53.936,28.18,-1.4,23.77,-2.91,23.81,-2.9
53.951,28.18,-1.24,23.82,-2.9,23.86,-2.88
53.965,28.19,-1.5,23.88,-2.88,23.92,-2.86
53.979,27.96,-1.71,23.93,-2.86,23.97,-2.85
53.994,27.94,-1.63,23.98,-2.85,24.02,-2.84
54.008,28.08,-1.64,24.02,-2.84,24.06,-2.83
54.022,28.09,-1.58,24.06,-2.83,24.1,-2.81
54.036,28.19,-1.39,24.11,-2.82,24.15,-2.8
54.051,28.15,-1.4,24.16,-2.8,24.2,-2.79
54.066,28.05,-1.41,24.21,-2.79,24.25,-2.78
54.08,28.06,-1.31,24.26,-2.78,24.3,-2.76
54.094,27.95,-1.05,24.31,-2.76,24.35,-2.75
54.108,27.83,-1.19,24.36,-2.75,24.4,-2.73
54.123,27.69,-2.31,24.4,-2.74,24.44,-2.73
54.137,28.24,-1.77,24.43,-2.74,24.47,-2.73
54.151,28.33,-1.38,24.46,-2.73,24.5,-2.71
54.165,27.92,-1.49,24.5,-2.71,24.53,-2.7
54.18,28.04,-1.61,24.53,-2.7,24.56,-2.69
54.194,28.14,-1.49,24.56,-2.69,24.59,-2.68
54.208,28.17,-1.42,24.6,-2.68,24.63,-2.66
54.223,28.12,-1.41,24.63,-2.66,24.67,-2.65
54.237,27.97,-1.47,24.67,-2.65,24.7,-2.64
54.251,27.98,-1.5,24.71,-2.64,24.74,-2.63
54.266,28.03,-1.46,24.74,-2.63,24.78,-2.62
54.28,28.02,-1.45,24.78,-2.62,24.81,-2.61
54.294,28.05,-1.57,24.81,-2.6,24.84,-2.59
54.308,28.08,-1.56,24.84,-2.59,24.88,-2.58
54.323,28.07,-1.49,24.88,-2.58,24.91,-2.57
54.337,28.06,-1.45,24.91,-2.57,24.94,-2.56
54.351,28.09,-1.42,24.95,-2.56,24.98,-2.55
54.365,28.11,-1.5,24.98,-2.55,25.01,-2.54
54.379,28.09,-1.54,25.01,-2.54,25.04,-2.53
54.393,28.05,-1.53,25.05,-2.53,25.08,-2.52
54.408,28.04,-1.51,25.08,-2.52,25.11,-2.51
54.422,28.08,-1.42,25.11,-2.51,25.14,-2.5
54.436,28.08,-1.41,25.14,-2.5,25.17,-2.49
54.45,28.07,-1.42,25.17,-2.49,25.2,-2.47
54.464,28.05,-1.54,25.2,-2.47,25.23,-2.47
54.479,28.08,-1.58,25.23,-2.47,25.26,-2.46
54.493,28.07,-1.54,25.26,-2.46,25.29,-2.45
54.507,28.06,-1.51,25.29,-2.45,25.32,-2.44
54.521,28.01,-1.49,25.32,-2.44,25.35,-2.43
54.535,28.01,-1.49,25.35,-2.43,25.38,-2.42
54.55,28.06,-1.44,25.38,-2.42,25.41,-2.41
54.564,28.1,-1.45,25.41,-2.41,25.44,-2.4
54.578,28.1,-1.46,25.44,-2.4,25.46,-2.39
54.592,28.07,-1.46,25.47,-2.39,25.49,-2.38
54.606,28.07,-1.48,25.5,-2.38,25.52,-2.37
54.621,28.06,-1.48,25.52,-2.37,25.55,-2.36
54.635,28.02,-1.51,25.55,-2.36,25.57,-2.35
54.649,28.02,-1.54,25.58,-2.35,25.6,-2.34
54.663,28.01,-1.54,25.6,-2.34,25.63,-2.34
54.677,28.03,-1.52,25.63,-2.34,25.65,-2.33
54.691,28.05,-1.44,25.66,-2.33,25.68,-2.32
54.705,28.06,-1.42,25.68,-2.32,25.71,-2.31
54.723,28.06,-1.47,25.71,-2.31,25.73,-2.3
54.737,28.05,-1.49,25.73,-2.3,25.76,-2.29
54.751,28.0,-1.44,25.76,-2.29,25.78,-2.28
54.765,27.99,-1.44,25.78,-2.28,25.81,-2.27
54.78,28.0,-1.46,25.81,-2.27,25.83,-2.26
54.794,28.0,-1.5,25.83,-2.26,25.85,-2.26
54.808,28.05,-1.53,25.85,-2.26,25.88,-2.25
54.823,28.08,-1.53,25.88,-2.25,25.9,-2.24
54.837,28.12,-1.52,25.9,-2.24,25.93,-2.23
54.852,28.09,-1.5,25.93,-2.23,25.95,-2.23
54.866,28.03,-1.47,25.95,-2.23,25.97,-2.22
54.88,28.05,-1.51,25.97,-2.22,25.99,-2.21
54.894,28.04,-1.48,26.0,-2.21,26.02,-2.2
54.908,28.04,-1.49,26.02,-2.2,26.04,-2.2
54.922,28.03,-1.51,26.04,-2.2,26.06,-2.19
54.936,28.02,-1.49,26.06,-2.19,26.08,-2.18
54.95,28.05,-1.5,26.09,-2.18,26.11,-2.18
54.965,28.06,-1.48,26.11,-2.18,26.13,-2.17
54.979,28.11,-1.47,26.13,-2.17,26.15,-2.16
54.993,28.12,-1.51,26.15,-2.16,26.17,-2.16
55.007,28.1,-1.53,26.17,-2.16,26.19,-2.15
55.021,28.07,-1.53,26.19,-2.15,26.21,-2.14
55.036,28.09,-1.49,26.22,-2.14,26.23,-2.14
55.05,28.07,-1.49,26.24,-2.14,26.25,-2.13
55.064,28.02,-1.48,26.26,-2.13,26.27,-2.12
55.078,28.03,-1.48,26.28,-2.12,26.29,-2.11
55.093,28.05,-1.49,26.3,-2.12,26.31,-2.11
55.107,28.06,-1.49,26.32,-2.11,26.33,-2.1
55.121,28.06,-1.48,26.34,-2.1,26.35,-2.1
55.136,28.05,-1.46,26.35,-2.09,26.37,-2.09
55.15,28.03,-1.49,26.37,-2.09,26.39,-2.08
55.164,28.09,-1.51,26.39,-2.08,26.41,-2.08
55.178,28.09,-1.52,26.41,-2.07,26.43,-2.07
55.192,28.11,-1.51,26.43,-2.07,26.45,-2.06
55.207,28.1,-1.44,26.45,-2.06,26.47,-2.06
55.221,28.08,-1.43,26.47,-2.06,26.49,-2.05
55.237,28.07,-1.44,26.49,-2.05,26.5,-2.04
55.251,28.07,-1.52,26.51,-2.04,26.52,-2.04
55.267,28.02,-1.54,26.52,-2.04,26.54,-2.03
55.281,28.02,-1.51,26.54,-2.03,26.56,-2.03
55.295,28.05,-1.44,26.56,-2.03,26.57,-2.02
55.31,28.08,-1.4,26.57,-2.02,26.59,-2.02
55.324,28.07,-1.44,26.59,-2.02,26.61,-2.01
55.338,28.01,-1.55,26.61,-2.01,26.62,-2.0
55.352,27.99,-1.57,26.62,-2.0,26.64,-2.0
55.367,28.02,-1.49,26.64,-2.0,26.65,-1.99
55.381,28.09,-1.47,26.66,-1.99,26.67,-1.99
55.395,28.06,-1.49,26.67,-1.99,26.69,-1.98
55.41,28.03,-1.52,26.69,-1.98,26.7,-1.98
55.424,28.01,-1.57,26.7,-1.98,26.71,-1.98
55.438,28.01,-1.51,26.72,-1.98,26.73,-1.97
55.452,28.07,-1.51,26.73,-1.97,26.75,-1.97
55.466,28.08,-1.52,26.75,-1.97,26.76,-1.96
55.48,28.11,-1.5,26.76,-1.96,26.78,-1.96
55.494,28.07,-1.49,26.78,-1.96,26.79,-1.95
55.508,28.03,-1.47,26.79,-1.95,26.81,-1.95
55.523,28.02,-1.51,26.81,-1.95,26.82,-1.94
55.537,28.06,-1.46,26.82,-1.94,26.83,-1.94
55.551,28.06,-1.39,26.84,-1.94,26.85,-1.93
55.567,27.98,-1.41,26.85,-1.93,26.86,-1.93
55.581,28.05,-1.51,26.86,-1.93,26.87,-1.92
55.595,28.06,-1.47,26.88,-1.92,26.89,-1.92
55.609,28.07,-1.51,26.89,-1.92,26.9,-1.91
55.624,28.04,-1.54,26.9,-1.91,26.92,-1.91
55.638,28.09,-1.54,26.92,-1.91,26.93,-1.91
55.652,28.03,-1.51,26.93,-1.91,26.94,-1.9
55.666,28.05,-1.48,26.94,-1.9,26.96,-1.9
55.681,28.07,-1.47,26.96,-1.9,26.97,-1.89
55.695,28.06,-1.49,26.97,-1.89,26.98,-1.89
55.709,28.05,-1.49,26.98,-1.89,26.99,-1.89
55.724,28.03,-1.49,27.0,-1.89,27.01,-1.88
55.738,28.06,-1.45,27.01,-1.88,27.02,-1.88
55.752,28.04,-1.51,27.02,-1.88,27.03,-1.87
55.767,28.03,-1.56,27.03,-1.87,27.04,-1.87
55.782,28.05,-1.51,27.04,-1.87,27.05,-1.87
55.796,28.12,-1.49,27.06,-1.87,27.07,-1.86
55.81,28.13,-1.49,27.07,-1.86,27.08,-1.86
55.824,28.12,-1.49,27.08,-1.86,27.09,-1.85
55.839,28.08,-1.5,27.09,-1.85,27.1,-1.85
55.853,28.02,-1.49,27.11,-1.85,27.12,-1.85
55.867,28.04,-1.5,27.12,-1.85,27.13,-1.84
55.881,28.1,-1.5,27.13,-1.85,27.14,-1.84
55.896,28.09,-1.47,27.14,-1.84,27.15,-1.84
55.91,28.07,-1.49,27.15,-1.84,27.16,-1.83
55.924,28.05,-1.49,27.16,-1.83,27.17,-1.83
55.938,27.99,-1.49,27.17,-1.83,27.18,-1.83
55.953,28.0,-1.48,27.18,-1.83,27.19,-1.82
55.967,28.02,-1.52,27.19,-1.82,27.2,-1.82
55.981,28.03,-1.49,27.2,-1.82,27.21,-1.82
55.995,28.01,-1.55,27.21,-1.82,27.22,-1.81
56.009,28.03,-1.53,27.22,-1.81,27.23,-1.81
56.024,28.04,-1.49,27.24,-1.81,27.24,-1.81
56.038,27.99,-1.51,27.25,-1.81,27.25,-1.8
56.052,27.97,-1.53,27.26,-1.8,27.26,-1.8
56.066,28.04,-1.5,27.26,-1.8,27.27,-1.8
56.081,28.06,-1.46,27.27,-1.8,27.28,-1.8
56.095,28.01,-1.49,27.28,-1.8,27.29,-1.79
56.11,28.01,-1.53,27.29,-1.79,27.3,-1.79
56.124,28.06,-1.51,27.3,-1.79,27.31,-1.79
56.139,28.03,-1.46,27.31,-1.79,27.32,-1.78
56.153,28.06,-1.5,27.32,-1.78,27.33,-1.78
56.167,28.08,-1.54,27.33,-1.78,27.34,-1.78
56.181,28.1,-1.55,27.34,-1.78,27.35,-1.77
56.195,28.1,-1.43,27.35,-1.77,27.36,-1.77
56.209,28.07,-1.42,27.36,-1.77,27.37,-1.77
56.223,28.07,-1.49,27.37,-1.77,27.37,-1.76
56.238,28.14,-1.47,27.38,-1.76,27.38,-1.76
56.252,28.13,-1.49,27.39,-1.76,27.39,-1.76
56.266,28.1,-1.53,27.4,-1.76,27.4,-1.76
56.28,28.08,-1.6,27.4,-1.76,27.41,-1.75
56.294,28.1,-1.56,27.41,-1.75,27.42,-1.75
56.309,28.11,-1.5,27.42,-1.75,27.43,-1.75
56.323,28.03,-1.51,27.43,-1.75,27.43,-1.75
56.337,28.03,-1.55,27.44,-1.75,27.44,-1.75
56.351,28.08,-1.55,27.44,-1.75,27.45,-1.74
56.366,28.04,-1.54,27.45,-1.74,27.46,-1.74
56.38,28.06,-1.56,27.46,-1.74,27.47,-1.74
56.394,28.07,-1.49,27.47,-1.74,27.48,-1.74
56.409,28.07,-1.44,27.48,-1.74,27.48,-1.73
56.423,28.06,-1.47,27.48,-1.73,27.49,-1.73
56.437,28.09,-1.5,27.49,-1.73,27.5,-1.73
56.451,28.07,-1.48,27.5,-1.73,27.5,-1.72
56.466,28.03,-1.47,27.51,-1.72,27.51,-1.72
56.48,28.04,-1.5,27.51,-1.72,27.52,-1.72
56.494,28.09,-1.49,27.52,-1.72,27.53,-1.72
56.508,28.08,-1.47,27.53,-1.72,27.53,-1.72
56.522,28.05,-1.48,27.54,-1.72,27.54,-1.71
56.536,28.05,-1.5,27.54,-1.71,27.55,-1.71
56.551,28.08,-1.56,27.55,-1.71,27.55,-1.71
56.565,28.05,-1.49,27.56,-1.71,27.56,-1.71
56.579,28.06,-1.46,27.57,-1.71,27.57,-1.7
56.593,28.05,-1.5,27.57,-1.7,27.58,-1.7
56.607,28.06,-1.48,27.58,-1.7,27.59,-1.7
56.621,28.07,-1.51,27.59,-1.7,27.59,-1.7
56.635,28.08,-1.54,27.59,-1.69,27.6,-1.69
56.65,28.09,-1.52,27.6,-1.69,27.6,-1.69
56.664,28.08,-1.49,27.61,-1.69,27.61,-1.69
56.678,28.06,-1.47,27.61,-1.69,27.62,-1.68
56.692,28.04,-1.45,27.62,-1.68,27.62,-1.68
56.706,27.99,-1.49,27.62,-1.68,27.63,-1.68
56.721,28.0,-1.51,27.63,-1.68,27.63,-1.68
56.735,28.02,-1.51,27.64,-1.68,27.64,-1.68
56.749,28.06,-1.52,27.64,-1.68,27.65,-1.68
56.763,28.05,-1.51,27.65,-1.68,27.65,-1.67
56.777,28.04,-1.4,27.65,-1.67,27.66,-1.67
56.792,28.05,-1.38,27.66,-1.67,27.66,-1.67
56.806,28.11,-1.51,27.67,-1.67,27.67,-1.67
56.82,28.09,-1.51,27.67,-1.67,27.68,-1.67
56.834,28.06,-1.46,27.68,-1.67,27.68,-1.66
56.849,28.04,-1.43,27.68,-1.66,27.69,-1.66
56.863,28.04,-1.44,27.69,-1.66,27.69,-1.66
56.877,28.07,-1.46,27.69,-1.66,27.7,-1.66
56.891,28.09,-1.48,27.7,-1.66,27.7,-1.66
56.905,28.02,-1.49,27.71,-1.66,27.71,-1.65
56.919,28.06,-1.52,27.71,-1.65,27.71,-1.65
56.934,28.08,-1.51,27.72,-1.65,27.72,-1.65
56.948,28.05,-1.46,27.72,-1.65,27.73,-1.65
56.962,28.07,-1.47,27.73,-1.65,27.73,-1.65
56.976,28.07,-1.54,27.73,-1.65,27.74,-1.65
56.991,28.08,-1.54,27.74,-1.65,27.74,-1.65
57.005,28.06,-1.46,27.74,-1.64,27.75,-1.64
57.019,28.06,-1.43,27.75,-1.64,27.75,-1.64
57.033,28.08,-1.47,27.75,-1.64,27.76,-1.64
57.048,28.03,-1.51,27.76,-1.64,27.76,-1.64
57.062,28.07,-1.57,27.76,-1.64,27.77,-1.64
57.076,28.11,-1.6,27.77,-1.64,27.77,-1.64
57.091,28.12,-1.57,27.77,-1.64,27.78,-1.64
57.105,28.07,-1.44,27.78,-1.64,27.78,-1.64
57.119,28.02,-1.44,27.78,-1.64,27.79,-1.63
57.133,28.02,-1.58,27.79,-1.63,27.79,-1.63
57.147,28.02,-1.6,27.79,-1.63,27.79,-1.63
57.161,28.08,-1.53,27.8,-1.63,27.8,-1.63
57.176,28.06,-1.5,27.8,-1.63,27.8,-1.63
57.19,28.01,-1.44,27.81,-1.63,27.81,-1.63
57.204,28.06,-1.48,27.81,-1.63,27.81,-1.63
57.218,28.06,-1.53,27.81,-1.63,27.82,-1.63
57.244,28.02,-1.48,27.82,-1.63,27.82,-1.63
57.258,28.07,-1.44,27.82,-1.63,27.83,-1.62
57.273,28.11,-1.46,27.83,-1.62,27.83,-1.62
57.287,28.06,-1.52,27.83,-1.62,27.83,-1.62
57.301,28.01,-1.53,27.83,-1.62,27.84,-1.62
57.316,28.08,-1.51,27.84,-1.62,27.84,-1.62
57.33,28.06,-1.51,27.84,-1.62,27.85,-1.62
57.345,28.01,-1.49,27.85,-1.62,27.85,-1.62
57.359,28.03,-1.42,27.85,-1.62,27.85,-1.61
57.373,28.05,-1.46,27.85,-1.61,27.86,-1.61
57.388,28.03,-1.46,27.86,-1.61,27.86,-1.61
57.402,28.04,-1.44,27.86,-1.61,27.86,-1.61
57.418,28.04,-1.47,27.87,-1.61,27.87,-1.61
57.432,28.03,-1.45,27.87,-1.61,27.87,-1.61
57.446,28.02,-1.4,27.87,-1.61,27.88,-1.61
57.46,28.01,-1.49,27.88,-1.61,27.88,-1.61
57.474,28.03,-1.55,27.88,-1.6,27.88,-1.6
57.489,27.99,-1.51,27.89,-1.6,27.89,-1.6
57.503,28.02,-1.54,27.89,-1.6,27.89,-1.6
57.517,28.06,-1.46,27.89,-1.6,27.89,-1.6
57.531,28.04,-1.41,27.9,-1.6,27.9,-1.6
57.545,28.06,-1.43,27.9,-1.6,27.9,-1.6
57.56,28.03,-1.46,27.9,-1.6,27.9,-1.6
57.574,28.05,-1.49,27.91,-1.6,27.91,-1.6
57.588,28.06,-1.51,27.91,-1.6,27.91,-1.59
57.603,28.08,-1.5,27.91,-1.59,27.91,-1.59
57.617,28.02,-1.5,27.92,-1.59,27.92,-1.59
57.631,27.98,-1.51,27.92,-1.59,27.92,-1.59
57.645,28.01,-1.53,27.92,-1.59,27.92,-1.59
57.66,28.02,-1.55,27.93,-1.59,27.93,-1.59
57.674,28.03,-1.54,27.93,-1.59,27.93,-1.59
57.688,28.1,-1.5,27.93,-1.59,27.93,-1.59
57.702,28.11,-1.52,27.94,-1.59,27.94,-1.59
57.717,28.02,-1.51,27.94,-1.59,27.94,-1.59
57.731,27.99,-1.48,27.94,-1.59,27.94,-1.58
57.745,28.1,-1.51,27.94,-1.58,27.95,-1.58
57.759,28.14,-1.51,27.95,-1.58,27.95,-1.58
57.774,28.02,-1.51,27.95,-1.58,27.95,-1.58
57.788,28.01,-1.54,27.95,-1.58,27.95,-1.58
57.802,28.01,-1.5,27.95,-1.58,27.95,-1.58
57.816,28.03,-1.48,27.96,-1.58,27.96,-1.58
57.831,28.02,-1.49,27.96,-1.58,27.96,-1.58
57.845,28.05,-1.51,27.96,-1.58,27.96,-1.58
57.859,28.1,-1.49,27.96,-1.58,27.97,-1.57
57.873,28.1,-1.47,27.97,-1.57,27.97,-1.57
57.889,28.04,-1.49,27.97,-1.57,27.97,-1.57
57.903,28.02,-1.51,27.97,-1.57,27.97,-1.57
57.917,28.07,-1.52,27.98,-1.57,27.98,-1.57
57.931,28.1,-1.53,27.98,-1.57,27.98,-1.57
57.945,28.07,-1.51,27.98,-1.57,27.98,-1.57
57.959,28.08,-1.5,27.98,-1.57,27.98,-1.57
57.974,28.08,-1.51,27.99,-1.57,27.99,-1.57
57.988,28.1,-1.52,27.99,-1.57,27.99,-1.57
58.002,28.03,-1.49,27.99,-1.57,27.99,-1.57
58.016,28.01,-1.47,28.0,-1.57,28.0,-1.56
58.031,28.04,-1.51,28.0,-1.56,28.0,-1.56
58.045,28.05,-1.5,28.0,-1.56,28.0,-1.56
58.059,28.05,-1.47,28.0,-1.56,28.0,-1.56
58.073,28.05,-1.47,28.01,-1.56,28.01,-1.56
58.087,28.04,-1.47,28.01,-1.56,28.01,-1.56
58.101,28.08,-1.43,28.01,-1.56,28.01,-1.56
58.116,28.05,-1.44,28.01,-1.56,28.01,-1.55
58.13,28.03,-1.51,28.01,-1.55,28.01,-1.55
58.144,28.04,-1.54,28.02,-1.55,28.02,-1.55
58.158,28.03,-1.55,28.02,-1.55,28.02,-1.55
58.172,28.05,-1.53,28.02,-1.55,28.02,-1.55
58.187,28.07,-1.53,28.02,-1.55,28.02,-1.55
58.201,28.07,-1.55,28.02,-1.55,28.02,-1.55
58.215,28.11,-1.59,28.02,-1.55,28.03,-1.55
58.229,28.05,-1.52,28.03,-1.55,28.03,-1.55
58.244,28.02,-1.53,28.03,-1.55,28.03,-1.55
58.258,28.04,-1.51,28.03,-1.55,28.03,-1.55
58.272,28.05,-1.49,28.03,-1.55,28.03,-1.55
58.287,28.06,-1.47,28.03,-1.55,28.03,-1.55
58.302,28.05,-1.46,28.04,-1.55,28.04,-1.55
58.316,28.05,-1.49,28.04,-1.55,28.04,-1.55
58.33,28.01,-1.51,28.04,-1.55,28.04,-1.55
58.344,27.99,-1.49,28.04,-1.55,28.04,-1.54
58.359,28.01,-1.44,28.04,-1.54,28.04,-1.54
58.373,28.07,-1.45,28.04,-1.54,28.04,-1.54
58.387,28.06,-1.51,28.05,-1.54,28.05,-1.54
58.401,28.07,-1.49,28.05,-1.54,28.05,-1.54
58.415,28.08,-1.45,28.05,-1.54,28.05,-1.54
58.431,28.02,-1.45,28.05,-1.54,28.05,-1.54
58.444,28.03,-1.46,28.05,-1.54,28.05,-1.54
58.458,28.09,-1.48,28.06,-1.54,28.06,-1.54
58.472,28.07,-1.5,28.06,-1.54,28.06,-1.54
58.486,28.04,-1.51,28.06,-1.54,28.06,-1.54
58.501,28.06,-1.49,28.06,-1.54,28.06,-1.54
58.515,28.07,-1.47,28.06,-1.54,28.06,-1.54
58.529,28.07,-1.44,28.07,-1.54,28.07,-1.54
58.543,28.03,-1.47,28.07,-1.53,28.07,-1.53
58.557,28.01,-1.5,28.07,-1.53,28.07,-1.53
58.572,28.02,-1.51,28.07,-1.53,28.07,-1.53
58.586,28.07,-1.49,28.07,-1.53,28.07,-1.53
58.6,28.1,-1.49,28.07,-1.53,28.07,-1.53
58.614,28.1,-1.51,28.08,-1.53,28.08,-1.53
58.628,28.07,-1.49,28.08,-1.53,28.08,-1.53
58.642,28.02,-1.51,28.08,-1.53,28.08,-1.53
58.657,27.95,-1.55,28.08,-1.53,28.08,-1.53
58.671,28.02,-1.54,28.08,-1.53,28.08,-1.53
58.685,28.1,-1.55,28.08,-1.53,28.08,-1.53
58.699,28.1,-1.53,28.09,-1.53,28.09,-1.53
58.713,28.05,-1.46,28.09,-1.53,28.09,-1.53
58.727,28.05,-1.45,28.09,-1.53,28.09,-1.53
58.742,28.05,-1.46,28.09,-1.53,28.09,-1.53
58.756,27.99,-1.52,28.09,-1.52,28.09,-1.52
58.771,27.99,-1.52,28.1,-1.52,28.09,-1.52
58.785,28.11,-1.43,28.1,-1.52,28.1,-1.52
58.799,28.15,-1.45,28.1,-1.52,28.1,-1.52
58.813,28.09,-1.53,28.1,-1.52,28.1,-1.52
58.828,28.06,-1.53,28.1,-1.52,28.1,-1.52
58.842,28.01,-1.47,28.11,-1.52,28.1,-1.52
58.856,28.04,-1.49,28.11,-1.52,28.11,-1.52
58.871,28.08,-1.5,28.11,-1.52,28.11,-1.52
58.885,28.07,-1.46,28.11,-1.52,28.11,-1.52
58.899,28.05,-1.49,28.11,-1.52,28.11,-1.52
58.913,28.03,-1.46,28.11,-1.52,28.11,-1.52
58.928,28.04,-1.45,28.11,-1.52,28.11,-1.52
58.942,28.06,-1.46,28.11,-1.52,28.11,-1.52
58.956,28.07,-1.46,28.12,-1.51,28.12,-1.51
58.972,28.1,-1.48,28.12,-1.51,28.12,-1.51
58.986,28.07,-1.49,28.12,-1.51,28.12,-1.51
59.0,28.07,-1.47,28.12,-1.51,28.12,-1.51
59.015,28.06,-1.47,28.12,-1.51,28.12,-1.51
59.029,28.04,-1.45,28.12,-1.51,28.12,-1.51
59.043,28.09,-1.47,28.13,-1.51,28.12,-1.51
59.058,28.06,-1.48,28.13,-1.51,28.13,-1.51
59.072,28.0,-1.45,28.13,-1.51,28.13,-1.51
59.086,28.01,-1.49,28.13,-1.51,28.13,-1.51
59.1,28.13,-1.47,28.13,-1.51,28.13,-1.51
59.114,28.1,-1.45,28.13,-1.51,28.13,-1.51
59.129,28.03,-1.46,28.14,-1.51,28.13,-1.51
59.143,28.06,-1.51,28.14,-1.51,28.14,-1.51
59.157,28.11,-1.53,28.14,-1.51,28.14,-1.51
59.171,28.09,-1.53,28.14,-1.51,28.14,-1.51
59.186,28.03,-1.5,28.14,-1.5,28.14,-1.5
59.201,28.03,-1.54,28.14,-1.5,28.14,-1.5
59.215,28.09,-1.51,28.14,-1.5,28.14,-1.5
59.229,28.07,-1.47,28.14,-1.5,28.14,-1.5
59.244,28.07,-1.45,28.14,-1.5,28.14,-1.5
59.258,28.09,-1.48,28.15,-1.5,28.14,-1.5
59.272,28.05,-1.5,28.15,-1.5,28.15,-1.5
59.286,28.02,-1.48,28.15,-1.5,28.15,-1.5
59.302,28.06,-1.45,28.15,-1.5,28.15,-1.5
59.316,28.09,-1.51,28.15,-1.5,28.15,-1.5
59.33,28.09,-1.55,28.15,-1.5,28.15,-1.5
59.345,28.07,-1.56,28.15,-1.5,28.15,-1.5
59.359,28.04,-1.48,28.15,-1.5,28.15,-1.5
59.373,28.05,-1.49,28.15,-1.5,28.15,-1.5
59.387,28.11,-1.5,28.15,-1.5,28.15,-1.5
59.401,28.09,-1.49,28.16,-1.5,28.15,-1.5
59.416,28.1,-1.44,28.16,-1.5,28.16,-1.5
59.43,28.1,-1.47,28.16,-1.5,28.16,-1.5
59.444,28.06,-1.51,28.16,-1.5,28.16,-1.5
59.458,28.07,-1.5,28.16,-1.5,28.16,-1.5
59.472,28.05,-1.51,28.16,-1.5,28.16,-1.5
59.487,28.05,-1.52,28.16,-1.5,28.16,-1.5
59.501,28.07,-1.53,28.16,-1.49,28.16,-1.49
59.515,28.03,-1.48,28.16,-1.49,28.16,-1.49
59.529,28.02,-1.48,28.16,-1.49,28.16,-1.49
59.543,28.08,-1.56,28.16,-1.49,28.16,-1.49
59.558,28.12,-1.54,28.17,-1.49,28.17,-1.49
59.572,28.1,-1.47,28.17,-1.49,28.17,-1.49
59.586,28.07,-1.46,28.17,-1.49,28.17,-1.49
59.6,28.03,-1.53,28.17,-1.49,28.17,-1.49
59.615,27.96,-1.52,28.17,-1.49,28.17,-1.49
59.629,27.98,-1.48,28.17,-1.49,28.17,-1.49
59.643,28.07,-1.46,28.17,-1.49,28.17,-1.49
59.658,28.03,-1.48,28.17,-1.49,28.17,-1.49
59.672,28.01,-1.43,28.17,-1.49,28.17,-1.49
59.686,28.07,-1.52,28.17,-1.49,28.17,-1.49
59.7,28.08,-1.51,28.17,-1.49,28.17,-1.49
59.714,27.97,-1.45,28.17,-1.49,28.17,-1.49
59.728,28.01,-1.47,28.17,-1.49,28.17,-1.49
59.743,28.07,-1.45,28.17,-1.49,28.17,-1.49
59.757,28.07,-1.49,28.17,-1.49,28.17,-1.49
59.771,28.1,-1.47,28.17,-1.49,28.17,-1.49
59.786,28.11,-1.49,28.18,-1.49,28.18,-1.49
59.8,28.07,-1.49,28.18,-1.49,28.18,-1.49
59.815,28.06,-1.44,28.18,-1.49,28.18,-1.49
59.829,28.03,-1.51,28.18,-1.49,28.18,-1.49
59.845,28.03,-1.58,28.18,-1.49,28.18,-1.49
59.859,28.0,-1.51,28.18,-1.49,28.18,-1.49
59.873,28.07,-1.48,28.18,-1.49,28.18,-1.49
59.888,28.08,-1.52,28.18,-1.49,28.18,-1.49
59.902,27.99,-1.49,28.18,-1.49,28.18,-1.49
59.916,28.01,-1.45,28.18,-1.49,28.18,-1.49
59.93,28.1,-1.48,28.18,-1.49,28.18,-1.49
59.945,28.09,-1.46,28.18,-1.49,28.18,-1.49
59.959,27.98,-1.51,28.18,-1.49,28.18,-1.49
59.974,28.0,-1.53,28.18,-1.49,28.18,-1.49
59.988,28.02,-1.51,28.18,-1.49,28.18,-1.49
