Time (s),Accel Roll (deg),Gyro Roll (deg),Filtered Roll (deg),,
0,-0.57,-0.38,-0.39,noise,2.47E-13
0.01,-0.5,-0.38,-0.38,"drift(10_DEG, 20SEC)",0.297777778
0.025,-0.52,-0.38,-0.38,,
0.04,-0.54,-0.38,-0.38,,
0.055,-0.61,-0.38,-0.38,,
0.07,-0.58,-0.38,-0.38,,
0.085,-0.6,-0.38,-0.38,,
0.099,-0.55,-0.38,-0.38,,
0.114,-0.54,-0.38,-0.38,,
0.129,-0.52,-0.38,-0.38,,
0.144,-0.55,-0.38,-0.38,,
0.159,-0.57,-0.38,-0.38,,
0.174,-0.56,-0.38,-0.38,,
0.189,-0.58,-0.38,-0.38,,
0.204,-0.52,-0.38,-0.38,,
0.219,-0.47,-0.38,-0.38,,
0.234,-0.6,-0.38,-0.38,,
0.249,-0.54,-0.38,-0.38,,
0.263,-0.6,-0.38,-0.38,,
0.279,-0.5,-0.38,-0.38,,
0.293,-0.52,-0.38,-0.39,,
0.307,-0.53,-0.38,-0.39,,
0.322,-0.65,-0.38,-0.39,,
0.337,-0.59,-0.38,-0.39,,
0.351,-0.53,-0.38,-0.39,,
0.366,-0.49,-0.38,-0.38,,
0.381,-0.54,-0.38,-0.38,,
0.396,-0.54,-0.38,-0.38,,
0.411,-0.53,-0.38,-0.38,,
0.425,-0.52,-0.38,-0.38,,
0.439,-0.53,-0.38,-0.38,,
0.454,-0.5,-0.38,-0.38,,
0.469,-0.5,-0.38,-0.38,,
0.483,-0.56,-0.38,-0.38,,
0.498,-0.57,-0.38,-0.38,,
0.513,-0.55,-0.38,-0.38,,
0.527,-0.57,-0.38,-0.38,,
0.542,-0.55,-0.38,-0.38,,
0.556,-0.57,-0.38,-0.38,,
0.57,-0.57,-0.38,-0.38,,
0.585,-0.52,-0.38,-0.38,,
0.601,-0.56,-0.38,-0.38,,
0.616,-0.61,-0.38,-0.38,,
0.631,-0.52,-0.38,-0.38,,
0.646,-0.53,-0.38,-0.38,,
0.66,-0.58,-0.38,-0.38,,
0.675,-0.55,-0.38,-0.38,,
0.69,-0.54,-0.38,-0.38,,
0.704,-0.52,-0.38,-0.38,,
0.719,-0.53,-0.38,-0.38,,
0.734,-0.53,-0.38,-0.38,,
0.749,-0.54,-0.38,-0.38,,
0.764,-0.54,-0.38,-0.38,,
0.778,-0.52,-0.38,-0.38,,
0.793,-0.5,-0.38,-0.38,,
0.808,-0.5,-0.38,-0.38,,
0.823,-0.51,-0.37,-0.38,,
0.838,-0.52,-0.37,-0.38,,
0.852,-0.54,-0.37,-0.38,,
0.867,-0.52,-0.37,-0.38,,
0.882,-0.56,-0.37,-0.37,,
0.897,-0.55,-0.37,-0.37,,
0.913,-0.56,-0.37,-0.37,,
0.928,-0.57,-0.37,-0.37,,
0.943,-0.63,-0.37,-0.37,,
0.958,-0.59,-0.37,-0.37,,
0.973,-0.52,-0.37,-0.37,,
0.988,-0.5,-0.37,-0.37,,
1.003,-0.53,-0.37,-0.37,,
1.018,-0.5,-0.37,-0.37,,
1.033,-0.46,-0.37,-0.37,,
1.047,-0.47,-0.37,-0.37,,
1.062,-0.6,-0.37,-0.37,,
1.077,-0.58,-0.37,-0.37,,
1.092,-0.54,-0.37,-0.37,,
1.107,-0.53,-0.37,-0.37,,
1.122,-0.46,-0.37,-0.37,,
1.137,-0.44,-0.37,-0.37,,
1.152,-0.56,-0.37,-0.37,,
1.167,-0.63,-0.37,-0.37,,
1.183,-0.53,-0.37,-0.37,,
1.198,-0.52,-0.37,-0.37,,
1.213,-0.51,-0.37,-0.37,,
1.228,-0.52,-0.37,-0.37,,
1.242,-0.5,-0.37,-0.37,,
1.257,-0.55,-0.37,-0.37,,
1.272,-0.55,-0.37,-0.37,,
1.286,-0.56,-0.37,-0.37,,
1.301,-0.54,-0.37,-0.37,,
1.315,-0.55,-0.37,-0.37,,
1.33,-0.57,-0.37,-0.37,,
1.344,-0.61,-0.37,-0.37,,
1.359,-0.5,-0.37,-0.37,,
1.374,-0.48,-0.36,-0.37,,
1.388,-0.5,-0.36,-0.37,,
1.403,-0.51,-0.36,-0.36,,
1.417,-0.55,-0.36,-0.36,,
1.432,-0.51,-0.36,-0.36,,
1.447,-0.52,-0.36,-0.36,,
1.461,-0.52,-0.36,-0.36,,
1.476,-0.48,-0.36,-0.36,,
1.491,-0.5,-0.36,-0.36,,
1.505,-0.55,-0.36,-0.36,,
1.52,-0.54,-0.36,-0.36,,
1.534,-0.55,-0.36,-0.36,,
1.549,-0.53,-0.36,-0.37,,
1.563,-0.51,-0.37,-0.37,,
1.578,-0.54,-0.37,-0.37,,
1.592,-0.53,-0.37,-0.37,,
1.607,-0.52,-0.37,-0.37,,
1.621,-0.54,-0.37,-0.37,,
1.636,-0.58,-0.37,-0.37,,
1.651,-0.55,-0.36,-0.37,,
1.665,-0.43,-0.37,-0.37,,
1.68,-0.48,-0.36,-0.36,,
1.694,-0.66,-0.36,-0.36,,
1.709,-0.61,-0.36,-0.37,,
1.724,-0.45,-0.36,-0.37,,
1.739,-0.45,-0.37,-0.37,,
1.754,-0.54,-0.37,-0.37,,
1.769,-0.56,-0.37,-0.37,,
1.784,-0.63,-0.37,-0.37,,
1.799,-0.59,-0.37,-0.37,,
1.815,-0.56,-0.37,-0.37,,
1.83,-0.54,-0.37,-0.37,,
1.845,-0.54,-0.37,-0.37,,
1.86,-0.54,-0.37,-0.37,,
1.875,-0.58,-0.37,-0.37,,
1.89,-0.56,-0.37,-0.37,,
1.905,-0.48,-0.37,-0.37,,
1.92,-0.48,-0.37,-0.37,,
1.935,-0.55,-0.37,-0.37,,
1.95,-0.59,-0.37,-0.37,,
1.965,-0.53,-0.37,-0.37,,
1.98,-0.61,-0.37,-0.37,,
1.995,-0.61,-0.37,-0.37,,
2.01,-0.52,-0.37,-0.37,,
2.025,-0.52,-0.37,-0.37,,
2.04,-0.57,-0.37,-0.37,,
2.055,-0.56,-0.37,-0.37,,
2.07,-0.52,-0.36,-0.37,,
2.085,-0.52,-0.36,-0.37,,
2.1,-0.49,-0.36,-0.37,,
2.115,-0.48,-0.36,-0.37,,
2.131,-0.54,-0.36,-0.37,,
2.146,-0.54,-0.36,-0.37,,
2.161,-0.54,-0.36,-0.37,,
2.176,-0.52,-0.36,-0.37,,
2.191,-0.52,-0.36,-0.37,,
2.206,-0.5,-0.36,-0.37,,
2.221,-0.56,-0.36,-0.37,,
2.236,-0.59,-0.37,-0.37,,
2.251,-0.56,-0.37,-0.37,,
2.266,-0.57,-0.37,-0.37,,
2.281,-0.56,-0.37,-0.37,,
2.296,-0.53,-0.37,-0.37,,
2.31,-0.53,-0.37,-0.37,,
2.325,-0.54,-0.37,-0.37,,
2.339,-0.54,-0.37,-0.37,,
2.354,-0.58,-0.37,-0.37,,
2.368,-0.52,-0.37,-0.37,,
2.383,-0.5,-0.37,-0.37,,
2.398,-0.55,-0.37,-0.37,,
2.412,-0.57,-0.37,-0.37,,
2.427,-0.56,-0.37,-0.37,,
2.442,-0.54,-0.37,-0.37,,
2.456,-0.5,-0.37,-0.37,,
2.471,-0.5,-0.37,-0.37,,
2.485,-0.56,-0.36,-0.37,,
2.5,-0.54,-0.36,-0.37,,
2.514,-0.54,-0.37,-0.37,,
2.529,-0.55,-0.37,-0.37,,
2.544,-0.48,-0.37,-0.37,,
2.558,-0.5,-0.37,-0.37,,
2.573,-0.53,-0.37,-0.37,,
2.588,-0.54,-0.37,-0.37,,
2.602,-0.54,-0.36,-0.37,,
2.617,-0.51,-0.36,-0.37,,
2.632,-0.54,-0.36,-0.37,,
2.647,-0.5,-0.36,-0.37,,
2.662,-0.48,-0.36,-0.36,,
2.676,-0.54,-0.36,-0.36,,
2.691,-0.52,-0.36,-0.36,,
2.706,-0.54,-0.36,-0.36,,
2.721,-0.55,-0.36,-0.36,,
2.736,-0.52,-0.36,-0.36,,
2.751,-0.54,-0.36,-0.36,,
2.766,-0.54,-0.36,-0.36,,
2.78,-0.57,-0.36,-0.36,,
2.796,-0.59,-0.36,-0.36,,
2.81,-0.52,-0.36,-0.36,,
2.825,-0.51,-0.36,-0.36,,
2.84,-0.52,-0.36,-0.36,,
2.855,-0.54,-0.36,-0.36,,
2.87,-0.55,-0.36,-0.36,,
2.885,-0.56,-0.36,-0.36,,
2.9,-0.55,-0.36,-0.36,,
2.915,-0.61,-0.36,-0.36,,
2.93,-0.61,-0.36,-0.36,,
2.945,-0.57,-0.36,-0.36,,
2.96,-0.5,-0.36,-0.36,,
2.975,-0.48,-0.36,-0.36,,
2.99,-0.52,-0.36,-0.36,,
3.005,-0.58,-0.36,-0.36,,
3.02,-0.6,-0.36,-0.36,,
3.035,-0.59,-0.36,-0.36,,
3.05,-0.61,-0.36,-0.36,,
3.065,-0.58,-0.36,-0.36,,
3.08,-0.5,-0.36,-0.36,,
3.095,-0.53,-0.36,-0.37,,
3.11,-0.61,-0.36,-0.37,,
3.125,-0.62,-0.36,-0.37,,
3.14,-0.61,-0.37,-0.37,,
3.155,-0.56,-0.37,-0.37,,
3.17,-0.47,-0.37,-0.37,,
3.185,-0.5,-0.37,-0.37,,
3.2,-0.58,-0.37,-0.37,,
3.215,-0.62,-0.37,-0.37,,
3.23,-0.59,-0.37,-0.37,,
3.245,-0.51,-0.37,-0.37,,
3.259,-0.47,-0.37,-0.37,,
3.274,-0.54,-0.37,-0.37,,
3.289,-0.59,-0.37,-0.37,,
3.304,-0.56,-0.37,-0.37,,
3.318,-0.55,-0.37,-0.37,,
3.333,-0.56,-0.37,-0.37,,
3.348,-0.57,-0.37,-0.37,,
3.362,-0.56,-0.37,-0.37,,
3.377,-0.57,-0.37,-0.37,,
3.392,-0.55,-0.37,-0.37,,
3.406,-0.48,-0.37,-0.37,,
3.421,-0.48,-0.37,-0.37,,
3.435,-0.48,-0.37,-0.37,,
3.45,-0.5,-0.37,-0.37,,
3.465,-0.54,-0.37,-0.37,,
3.479,-0.52,-0.37,-0.37,,
3.494,-0.48,-0.37,-0.37,,
3.508,-0.47,-0.37,-0.37,,
3.522,-0.49,-0.37,-0.37,,
3.537,-0.56,-0.37,-0.37,,
3.552,-0.57,-0.37,-0.37,,
3.566,-0.53,-0.37,-0.37,,
3.581,-0.54,-0.37,-0.37,,
3.596,-0.52,-0.37,-0.37,,
3.61,-0.5,-0.37,-0.37,,
3.625,-0.53,-0.37,-0.37,,
3.639,-0.55,-0.36,-0.37,,
3.654,-0.63,-0.37,-0.37,,
3.669,-0.6,-0.37,-0.37,,
3.683,-0.5,-0.37,-0.37,,
3.698,-0.47,-0.37,-0.37,,
3.712,-0.56,-0.37,-0.37,,
3.727,-0.58,-0.37,-0.37,,
3.743,-0.55,-0.37,-0.37,,
3.757,-0.52,-0.37,-0.37,,
3.772,-0.51,-0.37,-0.37,,
3.787,-0.55,-0.37,-0.37,,
3.802,-0.52,-0.37,-0.37,,
3.817,-0.54,-0.37,-0.37,,
3.832,-0.61,-0.37,-0.37,,
3.847,-0.58,-0.37,-0.38,,
3.862,-0.52,-0.37,-0.37,,
3.876,-0.5,-0.37,-0.37,,
3.892,-0.54,-0.37,-0.37,,
3.907,-0.56,-0.37,-0.37,,
3.921,-0.57,-0.37,-0.37,,
3.936,-0.57,-0.37,-0.37,,
3.951,-0.51,-0.37,-0.37,,
3.966,-0.53,-0.37,-0.37,,
3.981,-0.53,-0.37,-0.37,,
3.998,-0.52,-0.37,-0.37,,
4.013,-0.52,-0.37,-0.37,,
4.028,-0.57,-0.37,-0.37,,
4.043,-0.55,-0.37,-0.37,,
4.058,-0.48,-0.37,-0.37,,
4.073,-0.52,-0.37,-0.37,,
4.087,-0.51,-0.37,-0.37,,
4.102,-0.54,-0.37,-0.37,,
4.117,-0.51,-0.36,-0.37,,
4.132,-0.54,-0.36,-0.36,,
4.147,-0.49,-0.36,-0.36,,
4.162,-0.52,-0.36,-0.36,,
4.177,-0.47,-0.36,-0.36,,
4.192,-0.52,-0.36,-0.36,,
4.208,-0.54,-0.36,-0.36,,
4.223,-0.56,-0.36,-0.36,,
4.237,-0.52,-0.36,-0.36,,
4.252,-0.61,-0.36,-0.36,,
4.267,-0.49,-0.36,-0.36,,
4.282,-0.53,-0.36,-0.36,,
4.296,-0.59,-0.36,-0.36,,
4.311,-0.61,-0.36,-0.36,,
4.325,-0.49,-0.36,-0.36,,
4.34,-0.5,-0.36,-0.36,,
4.354,-0.46,-0.36,-0.36,,
4.369,-0.52,-0.36,-0.36,,
4.384,-0.54,-0.36,-0.36,,
4.398,-0.56,-0.36,-0.36,,
4.413,-0.56,-0.36,-0.36,,
4.427,-0.52,-0.36,-0.36,,
4.442,-0.53,-0.36,-0.36,,
4.456,-0.52,-0.36,-0.36,,
4.471,-0.48,-0.36,-0.36,,
4.485,-0.57,-0.36,-0.36,,
4.5,-0.56,-0.36,-0.36,,
4.514,-0.54,-0.36,-0.36,,
4.529,-0.51,-0.36,-0.36,,
4.544,-0.32,-0.35,-0.35,,
4.558,-0.76,-0.34,-0.35,,
4.573,-0.36,-0.34,-0.34,,
4.587,0.02,-0.35,-0.35,,
4.601,-0.82,-0.34,-0.35,,
4.616,-0.3,-0.35,-0.35,,
4.63,-0.83,-0.34,-0.35,,
4.645,-0.35,-0.35,-0.35,,
4.659,-0.59,-0.35,-0.35,,
4.674,-0.4,-0.35,-0.35,,
4.688,-0.52,-0.35,-0.35,,
4.703,-0.45,-0.35,-0.35,,
4.719,-0.64,-0.35,-0.36,,
4.734,-0.43,-0.36,-0.36,,
4.749,-0.66,-0.35,-0.36,,
4.763,-0.46,-0.36,-0.36,,
4.778,-0.63,-0.36,-0.36,,
4.793,-0.48,-0.36,-0.36,,
4.808,-0.54,-0.36,-0.36,,
4.823,-0.45,-0.36,-0.36,,
4.838,-0.79,-0.36,-0.36,,
4.853,-0.94,-0.37,-0.37,,
4.869,-0.16,-0.39,-0.39,,
4.884,-0.73,-0.4,-0.4,,
4.899,-0.31,-0.42,-0.41,,
4.914,-0.03,-0.44,-0.43,,
4.929,-0.2,-0.44,-0.44,,
4.944,-0.57,-0.41,-0.42,,
4.959,-1.28,-0.4,-0.41,,
4.974,-0.24,-0.42,-0.42,,
4.989,-0.63,-0.45,-0.45,,
5.003,-0.48,-0.45,-0.45,,
5.018,-0.71,-0.46,-0.46,,
5.033,-0.51,-0.47,-0.47,,
5.048,-0.2,-0.49,-0.49,,
5.063,-0.33,-0.5,-0.5,,
5.078,-0.58,-0.5,-0.5,,
5.093,-0.25,-0.52,-0.52,,
5.108,-0.39,-0.54,-0.54,,
5.122,-0.33,-0.55,-0.55,,
5.137,-0.27,-0.56,-0.56,,
5.153,-0.18,-0.57,-0.56,,
5.168,0.02,-0.55,-0.55,,
5.183,-0.61,-0.52,-0.52,,
5.198,-0.46,-0.51,-0.51,,
5.213,-0.28,-0.5,-0.49,,
5.228,-0.78,-0.49,-0.49,,
5.243,-0.53,-0.49,-0.49,,
5.257,-0.25,-0.5,-0.5,,
5.272,-0.32,-0.51,-0.5,,
5.287,-0.3,-0.51,-0.51,,
5.302,-0.37,-0.51,-0.5,,
5.316,-0.37,-0.51,-0.5,,
5.331,-0.35,-0.51,-0.51,,
5.346,-0.34,-0.51,-0.51,,
5.36,-0.1,-0.52,-0.51,,
5.375,-0.21,-0.51,-0.51,,
5.39,-0.42,-0.49,-0.49,,
5.404,-0.63,-0.48,-0.48,,
5.419,-0.65,-0.48,-0.48,,
5.434,-0.25,-0.49,-0.48,,
5.448,-0.16,-0.5,-0.49,,
5.463,-0.31,-0.5,-0.49,,
5.478,-0.5,-0.48,-0.48,,
5.492,-0.44,-0.47,-0.47,,
5.507,-0.32,-0.47,-0.47,,
5.521,-0.19,-0.48,-0.47,,
5.536,-0.18,-0.47,-0.47,,
5.551,-0.46,-0.47,-0.47,,
5.565,-0.39,-0.47,-0.46,,
5.58,-0.59,-0.47,-0.47,,
5.594,-0.63,-0.48,-0.48,,
5.609,-0.17,-0.5,-0.5,,
5.623,0.08,-0.5,-0.49,,
5.638,-0.25,-0.48,-0.48,,
5.653,-0.42,-0.46,-0.46,,
5.668,-0.49,-0.44,-0.44,,
5.683,-0.46,-0.44,-0.44,,
5.699,-0.25,-0.44,-0.44,,
5.714,-0.18,-0.44,-0.44,,
5.729,-0.34,-0.44,-0.44,,
5.744,-0.43,-0.43,-0.43,,
5.759,-0.4,-0.42,-0.42,,
5.774,-0.42,-0.41,-0.41,,
5.788,-0.3,-0.41,-0.41,,
5.803,-0.3,-0.4,-0.4,,
5.818,-0.52,-0.39,-0.39,,
5.833,-0.55,-0.39,-0.39,,
5.848,-0.23,-0.4,-0.39,,
5.863,-0.31,-0.4,-0.4,,
5.878,-0.2,-0.4,-0.39,,
5.893,-0.26,-0.39,-0.39,,
5.907,-0.36,-0.38,-0.38,,
5.922,-0.34,-0.38,-0.38,,
5.937,-0.18,-0.38,-0.38,,
5.954,-0.17,-0.38,-0.38,,
5.969,-0.36,-0.37,-0.37,,
5.984,-0.43,-0.35,-0.35,,
5.999,-0.42,-0.35,-0.35,,
6.013,-0.27,-0.34,-0.34,,
6.028,-0.43,-0.34,-0.34,,
6.043,-0.5,-0.33,-0.34,,
6.058,-0.3,-0.34,-0.34,,
6.073,-0.28,-0.34,-0.34,,
6.088,-0.12,-0.34,-0.34,,
6.103,-0.2,-0.33,-0.33,,
6.117,-0.12,-0.31,-0.31,,
6.133,-0.39,-0.28,-0.28,,
6.148,-0.9,-0.26,-0.26,,
6.163,-0.42,-0.26,-0.26,,
6.177,-0.44,-0.26,-0.26,,
6.193,-0.54,-0.26,-0.26,,
6.208,-0.45,-0.26,-0.26,,
6.222,-0.23,-0.27,-0.27,,
6.237,-0.3,-0.26,-0.26,,
6.252,-0.4,-0.26,-0.26,,
6.267,-0.45,-0.25,-0.25,,
6.282,-0.57,-0.25,-0.25,,
6.297,-0.47,-0.24,-0.25,,
6.311,-0.48,-0.24,-0.25,,
6.326,-0.52,-0.24,-0.25,,
6.341,-0.48,-0.24,-0.25,,
6.355,-0.6,-0.24,-0.25,,
6.37,-0.48,-0.24,-0.25,,
6.385,-0.28,-0.25,-0.25,,
6.4,0.25,-0.25,-0.24,,
6.414,-0.18,-0.2,-0.2,,
6.429,-1.28,-0.15,-0.16,,
6.444,-0.84,-0.16,-0.17,,
6.458,0.54,-0.2,-0.19,,
6.473,-1.27,-0.2,-0.21,,
6.487,-0.37,-0.21,-0.21,,
6.502,-0.96,-0.22,-0.23,,
6.517,-0.65,-0.22,-0.23,,
6.531,-0.79,-0.23,-0.24,,
6.546,-0.64,-0.23,-0.24,,
6.56,-0.72,-0.24,-0.24,,
6.575,-0.61,-0.24,-0.24,,
6.589,-0.63,-0.24,-0.25,,
6.605,-0.56,-0.25,-0.25,,
6.619,-0.65,-0.25,-0.25,,
6.634,-0.46,-0.25,-0.25,,
6.649,-0.68,-0.25,-0.25,,
6.663,-0.52,-0.25,-0.25,,
6.678,-0.6,-0.25,-0.26,,
6.692,-0.48,-0.25,-0.26,,
6.707,-0.63,-0.25,-0.26,,
6.722,-0.48,-0.26,-0.26,,
6.737,-0.54,-0.26,-0.26,,
6.752,-0.43,-0.26,-0.26,,
6.767,-0.53,-0.26,-0.26,,
6.782,-0.52,-0.26,-0.26,,
6.796,-0.54,-0.26,-0.26,,
6.811,-0.47,-0.26,-0.26,,
6.826,-0.61,-0.26,-0.26,,
6.842,-0.58,-0.26,-0.27,,
6.856,-0.48,-0.26,-0.27,,
6.871,-0.48,-0.27,-0.27,,
6.886,-0.52,-0.26,-0.27,,
6.902,-0.54,-0.27,-0.27,,
6.917,-0.46,-0.27,-0.27,,
6.932,-0.51,-0.27,-0.27,,
6.947,-0.51,-0.27,-0.27,,
6.962,-0.52,-0.27,-0.27,,
6.977,-0.51,-0.27,-0.27,,
6.992,-0.55,-0.27,-0.27,,
7.007,-0.52,-0.27,-0.27,,
7.022,-0.51,-0.27,-0.27,,
7.037,-0.54,-0.27,-0.27,,
7.052,-0.58,-0.27,-0.27,,
7.066,-0.55,-0.27,-0.27,,
7.081,-0.53,-0.27,-0.27,,
7.096,-0.53,-0.27,-0.27,,
7.11,-0.54,-0.27,-0.28,,
7.125,-0.52,-0.27,-0.28,,
7.141,-0.5,-0.27,-0.28,,
7.156,-0.51,-0.27,-0.28,,
7.17,-0.59,-0.27,-0.28,,
7.185,-0.55,-0.27,-0.28,,
7.2,-0.49,-0.27,-0.28,,
7.215,-0.59,-0.28,-0.28,,
7.23,-0.66,-0.28,-0.28,,
7.245,-0.49,-0.28,-0.28,,
7.26,-0.37,-0.28,-0.28,,
7.275,-0.5,-0.28,-0.28,,
7.29,-0.59,-0.28,-0.28,,
7.305,-0.49,-0.28,-0.28,,
7.32,-0.5,-0.28,-0.28,,
7.335,-0.47,-0.28,-0.28,,
7.349,-0.5,-0.28,-0.28,,
7.364,-0.6,-0.28,-0.28,,
7.378,-0.63,-0.28,-0.28,,
7.393,-0.5,-0.28,-0.28,,
7.407,-0.45,-0.28,-0.28,,
7.422,-0.53,-0.28,-0.28,,
7.437,-0.55,-0.28,-0.29,,
7.451,-0.46,-0.28,-0.29,,
7.466,-0.5,-0.28,-0.29,,
7.48,-0.58,-0.28,-0.29,,
7.495,-0.52,-0.28,-0.29,,
7.509,-0.51,-0.28,-0.29,,
7.524,-0.52,-0.28,-0.29,,
7.539,-0.5,-0.28,-0.29,,
7.553,-0.57,-0.28,-0.29,,
7.568,-0.52,-0.28,-0.29,,
7.583,-0.5,-0.29,-0.29,,
7.598,-0.5,-0.29,-0.29,,
7.612,-0.57,-0.29,-0.29,,
7.627,-0.48,-0.29,-0.29,,
7.641,-0.41,-0.29,-0.29,,
7.656,-0.58,-0.29,-0.29,,
7.67,-0.58,-0.29,-0.29,,
7.685,-0.48,-0.29,-0.3,,
7.7,-0.52,-0.29,-0.3,,
7.714,-0.46,-0.3,-0.3,,
7.73,-0.5,-0.3,-0.3,,
7.744,-0.35,-0.3,-0.3,,
7.759,-0.71,-0.29,-0.29,,
7.774,-0.39,-0.29,-0.29,,
7.789,-0.42,-0.29,-0.29,,
7.805,-0.43,-0.29,-0.29,,
7.82,-0.45,-0.29,-0.29,,
7.835,-0.38,-0.28,-0.28,,
7.85,-0.47,-0.27,-0.27,,
7.865,-0.37,-0.26,-0.26,,
7.879,-0.58,-0.23,-0.23,,
7.894,-1.43,-0.2,-0.22,,
7.909,-1.07,-0.22,-0.23,,
7.924,0,-0.25,-0.25,,
7.939,-0.01,-0.26,-0.26,,
7.954,-0.92,-0.26,-0.26,,
7.969,-1.33,-0.25,-0.26,,
7.984,0.08,-0.27,-0.27,,
7.999,-0.08,-0.28,-0.28,,
8.013,-0.74,-0.28,-0.28,,
8.028,-0.34,-0.29,-0.29,,
8.043,-0.51,-0.29,-0.3,,
8.058,-0.46,-0.3,-0.3,,
8.073,-0.51,-0.3,-0.3,,
8.088,-0.34,-0.3,-0.3,,
8.103,-0.36,-0.3,-0.3,,
8.118,-0.56,-0.29,-0.29,,
8.133,-0.61,-0.28,-0.28,,
8.148,-0.54,-0.27,-0.27,,
8.163,-1.21,-0.26,-0.27,,
8.178,-1.34,-0.27,-0.28,,
8.193,0.27,-0.31,-0.3,,
8.207,-0.64,-0.3,-0.31,,
8.223,-0.56,-0.3,-0.3,,
8.237,-0.71,-0.3,-0.3,,
8.252,-0.56,-0.3,-0.3,,
8.267,-0.64,-0.31,-0.31,,
8.282,-0.41,-0.32,-0.32,,
8.297,-0.48,-0.32,-0.33,,
8.312,-0.48,-0.33,-0.33,,
8.327,-0.49,-0.33,-0.33,,
8.341,-0.45,-0.33,-0.33,,
8.356,-0.44,-0.33,-0.33,,
8.37,-0.37,-0.34,-0.34,,
8.385,-0.49,-0.33,-0.33,,
8.4,-0.67,-0.32,-0.32,,
8.415,-0.7,-0.32,-0.32,,
8.43,-0.54,-0.32,-0.32,,
8.445,-0.46,-0.33,-0.33,,
8.459,-0.27,-0.34,-0.34,,
8.473,-0.3,-0.35,-0.35,,
8.488,-0.6,-0.34,-0.35,,
8.502,-0.51,-0.35,-0.35,,
8.517,-0.52,-0.35,-0.35,,
8.532,-0.5,-0.36,-0.36,,
8.546,-0.32,-0.36,-0.36,,
8.561,-0.28,-0.36,-0.36,,
8.575,-0.39,-0.36,-0.36,,
8.589,-0.55,-0.35,-0.35,,
8.604,-0.62,-0.35,-0.35,,
8.618,-0.5,-0.35,-0.35,,
8.633,-0.49,-0.35,-0.36,,
8.647,-0.47,-0.36,-0.36,,
8.662,-0.43,-0.37,-0.37,,
8.676,-0.21,-0.38,-0.38,,
8.691,-0.36,-0.37,-0.37,,
8.705,-0.49,-0.36,-0.37,,
8.72,-0.31,-0.36,-0.36,,
8.734,-0.4,-0.35,-0.35,,
8.749,-0.51,-0.34,-0.34,,
8.764,-0.61,-0.33,-0.34,,
8.779,-0.63,-0.33,-0.34,,
8.793,-0.5,-0.34,-0.34,,
8.808,-0.58,-0.35,-0.35,,
8.823,-0.41,-0.36,-0.36,,
8.838,-0.31,-0.37,-0.37,,
8.853,-0.43,-0.37,-0.38,,
8.868,-0.48,-0.37,-0.37,,
8.883,-0.42,-0.37,-0.37,,
8.897,-0.34,-0.37,-0.37,,
8.912,-0.39,-0.37,-0.37,,
8.927,-0.39,-0.37,-0.37,,
8.942,-0.41,-0.37,-0.37,,
8.957,-0.36,-0.37,-0.37,,
8.972,-0.39,-0.36,-0.36,,
8.987,-0.41,-0.35,-0.35,,
9.002,-0.68,-0.33,-0.33,,
9.016,-0.7,-0.32,-0.33,,
9.032,-0.47,-0.33,-0.33,,
9.047,-0.47,-0.34,-0.34,,
9.062,-0.43,-0.35,-0.35,,
9.079,-0.3,-0.37,-0.37,,
9.095,-0.34,-0.37,-0.37,,
9.109,-0.34,-0.37,-0.37,,
9.124,-0.32,-0.37,-0.37,,
9.139,-0.3,-0.36,-0.36,,
9.153,-0.31,-0.35,-0.35,,
9.168,-0.41,-0.33,-0.33,,
9.183,-0.65,-0.32,-0.32,,
9.198,-0.6,-0.31,-0.31,,
9.213,-0.54,-0.31,-0.32,,
9.228,-0.54,-0.31,-0.32,,
9.243,-0.49,-0.31,-0.32,,
9.257,-0.41,-0.31,-0.31,,
9.273,-0.47,-0.31,-0.31,,
9.288,-0.52,-0.31,-0.31,,
9.303,-0.51,-0.31,-0.31,,
9.318,-0.35,-0.31,-0.31,,
9.332,-0.45,-0.31,-0.31,,
9.347,-0.5,-0.3,-0.31,,
9.361,-0.56,-0.3,-0.3,,
9.376,-0.56,-0.3,-0.3,,
9.391,-0.51,-0.3,-0.31,,
9.405,-0.45,-0.31,-0.31,,
9.42,-0.45,-0.31,-0.31,,
9.435,-0.41,-0.32,-0.32,,
9.449,-0.42,-0.32,-0.32,,
9.464,-0.3,-0.32,-0.32,,
9.478,-0.6,-0.31,-0.31,,
9.493,-0.4,-0.31,-0.31,,
9.508,-0.31,-0.3,-0.3,,
9.522,-0.66,-0.28,-0.28,,
9.537,-0.76,-0.26,-0.27,,
9.552,-0.63,-0.27,-0.28,,
9.566,-0.44,-0.28,-0.29,,
9.581,-0.35,-0.29,-0.3,,
9.595,-0.37,-0.3,-0.3,,
9.61,-0.44,-0.3,-0.3,,
9.624,-0.46,-0.3,-0.3,,
9.639,-0.4,-0.3,-0.3,,
9.654,-0.4,-0.3,-0.3,,
9.668,-0.41,-0.3,-0.3,,
9.682,-0.39,-0.29,-0.29,,
9.697,-0.59,-0.28,-0.29,,
9.711,-0.62,-0.28,-0.28,,
9.726,-0.57,-0.27,-0.28,,
9.741,-0.45,-0.27,-0.27,,
9.756,-0.45,-0.27,-0.27,,
9.77,-0.51,-0.26,-0.26,,
9.786,-0.61,-0.25,-0.25,,
9.801,-0.57,-0.25,-0.25,,
9.815,-0.7,-0.25,-0.25,,
9.83,-0.49,-0.26,-0.26,,
9.845,-0.43,-0.26,-0.26,,
9.86,-0.49,-0.26,-0.26,,
9.875,-0.32,-0.26,-0.26,,
9.89,-0.22,-0.24,-0.24,,
9.905,0.23,-0.2,-0.19,,
9.92,-0.65,-0.12,-0.13,,
9.935,-1.42,-0.04,-0.05,,
9.95,-2.28,0.04,0.02,,
9.965,-2,0.02,0,,
9.98,-0.92,-0.05,-0.05,,
9.995,-0.5,-0.14,-0.14,,
10.01,0.29,-0.22,-0.21,,
10.025,0.25,-0.25,-0.24,,
10.04,-0.63,-0.25,-0.26,,
10.055,-1.1,-0.24,-0.25,,
10.07,-0.83,-0.25,-0.26,,
10.085,-0.37,-0.29,-0.29,,
10.1,-0.1,-0.33,-0.33,,
10.115,-0.29,-0.34,-0.34,,
10.13,-0.43,-0.34,-0.34,,
10.144,-0.45,-0.33,-0.34,,
10.159,-0.43,-0.33,-0.33,,
10.174,-0.48,-0.32,-0.32,,
10.189,-0.85,-0.31,-0.32,,
10.204,-0.84,-0.31,-0.31,,
10.22,-0.42,-0.31,-0.31,,
10.235,-0.59,-0.31,-0.31,,
10.25,-0.59,-0.31,-0.31,,
10.264,-0.6,-0.31,-0.31,,
10.279,-0.57,-0.31,-0.32,,
10.294,-0.62,-0.31,-0.31,,
10.309,-0.58,-0.31,-0.32,,
10.324,-0.58,-0.31,-0.32,,
10.339,-0.53,-0.31,-0.32,,
10.354,-0.53,-0.32,-0.32,,
10.369,-0.58,-0.32,-0.32,,
10.383,-0.54,-0.32,-0.32,,
10.397,-0.56,-0.32,-0.32,,
10.412,-0.55,-0.32,-0.32,,
10.427,-0.56,-0.32,-0.32,,
10.441,-0.5,-0.32,-0.32,,
10.455,-0.52,-0.32,-0.32,,
10.47,-0.5,-0.32,-0.32,,
10.485,-0.52,-0.32,-0.32,,
10.499,-0.49,-0.32,-0.32,,
10.514,-0.52,-0.32,-0.32,,
10.528,-0.53,-0.32,-0.32,,
10.543,-0.53,-0.32,-0.32,,
10.557,-0.55,-0.32,-0.32,,
10.572,-0.56,-0.32,-0.32,,
10.587,-0.57,-0.32,-0.32,,
10.601,-0.59,-0.32,-0.32,,
10.616,-0.54,-0.32,-0.32,,
10.63,-0.53,-0.32,-0.32,,
10.645,-0.56,-0.32,-0.33,,
10.659,-0.55,-0.32,-0.33,,
10.674,-0.47,-0.32,-0.33,,
10.688,-0.5,-0.32,-0.33,,
10.703,-0.53,-0.32,-0.33,,
10.717,-0.56,-0.32,-0.33,,
10.731,-0.58,-0.32,-0.33,,
10.746,-0.61,-0.33,-0.33,,
10.761,-0.52,-0.33,-0.33,,
10.776,-0.45,-0.33,-0.33,,
10.791,-0.45,-0.33,-0.33,,
10.806,-0.52,-0.33,-0.33,,
10.821,-0.52,-0.33,-0.33,,
10.836,-0.51,-0.33,-0.33,,
10.851,-0.44,-0.33,-0.33,,
10.866,-0.45,-0.33,-0.33,,
10.881,-0.5,-0.33,-0.33,,
10.896,-0.54,-0.33,-0.33,,
10.911,-0.5,-0.33,-0.33,,
10.926,-0.49,-0.33,-0.33,,
10.941,-0.52,-0.33,-0.33,,
10.956,-0.52,-0.32,-0.33,,
10.971,-0.54,-0.32,-0.33,,
10.986,-0.54,-0.32,-0.33,,
11.001,-0.52,-0.32,-0.33,,
11.016,-0.52,-0.32,-0.33,,
11.031,-0.5,-0.33,-0.33,,
11.045,-0.44,-0.33,-0.33,,
11.06,-0.45,-0.32,-0.33,,
11.075,-0.47,-0.32,-0.32,,
11.09,-0.61,-0.32,-0.32,,
11.105,-0.53,-0.32,-0.32,,
11.12,-0.54,-0.32,-0.32,,
11.134,-0.56,-0.32,-0.33,,
11.149,-0.66,-0.33,-0.33,,
11.164,-0.59,-0.34,-0.34,,
11.179,-0.43,-0.35,-0.35,,
11.193,-0.43,-0.35,-0.35,,
11.208,-0.32,-0.36,-0.36,,
11.223,-0.56,-0.36,-0.36,,
11.238,-0.16,-0.35,-0.35,,
11.252,-0.25,-0.33,-0.33,,
11.267,-0.27,-0.3,-0.3,,
11.282,-0.4,-0.26,-0.26,,
11.297,-0.8,-0.21,-0.22,,
11.312,-0.42,-0.17,-0.17,,
11.326,-1.49,-0.11,-0.13,,
11.341,-2.72,-0.08,-0.11,,
11.356,-2.11,-0.11,-0.13,,
11.371,-0.81,-0.27,-0.27,,
11.386,2.08,-0.42,-0.4,,
11.4,0.06,-0.43,-0.43,,
11.414,-0.87,-0.41,-0.42,,
11.429,-1.81,-0.43,-0.44,,
11.443,0.4,-0.48,-0.47,,
11.458,0.71,-0.54,-0.53,,
11.472,-0.17,-0.56,-0.56,,
11.487,-0.18,-0.57,-0.57,,
11.502,-0.3,-0.57,-0.57,,
11.517,-0.37,-0.58,-0.58,,
11.531,-0.08,-0.6,-0.6,,
11.546,-0.26,-0.61,-0.6,,
11.56,-0.32,-0.61,-0.6,,
11.575,-0.3,-0.61,-0.61,,
11.589,-0.22,-0.62,-0.62,,
11.604,-0.11,-0.63,-0.63,,
11.618,-0.09,-0.64,-0.64,,
11.633,-0.13,-0.65,-0.64,,
11.647,-0.12,-0.64,-0.64,,
11.662,-0.04,-0.64,-0.63,,
11.676,-0.13,-0.63,-0.62,,
11.691,-0.25,-0.61,-0.61,,
11.706,-0.34,-0.61,-0.6,,
11.72,-0.08,-0.6,-0.6,,
11.735,0.12,-0.6,-0.59,,
11.749,0.11,-0.59,-0.58,,
11.764,-0.3,-0.55,-0.55,,
11.779,-0.42,-0.53,-0.53,,
11.794,-0.31,-0.53,-0.52,,
11.808,-0.25,-0.52,-0.52,,
11.823,-0.23,-0.52,-0.51,,
11.839,-0.32,-0.51,-0.5,,
11.853,-0.3,-0.5,-0.5,,
11.868,-0.21,-0.51,-0.5,,
11.883,-0.11,-0.51,-0.5,,
11.898,-0.17,-0.5,-0.5,,
11.913,-0.29,-0.49,-0.49,,
11.928,-0.35,-0.48,-0.48,,
11.943,-0.26,-0.48,-0.48,,
11.958,-0.2,-0.49,-0.48,,
11.973,-0.13,-0.49,-0.48,,
11.988,-0.04,-0.48,-0.48,,
12.002,-0.19,-0.47,-0.46,,
12.018,-0.23,-0.45,-0.44,,
12.032,-0.06,-0.43,-0.42,,
12.047,0.04,-0.4,-0.4,,
12.063,-0.31,-0.34,-0.34,,
12.078,0.09,-0.28,-0.28,,
12.092,-0.26,-0.19,-0.19,,
12.107,0.21,-0.1,-0.1,,
12.122,0.05,0.02,0.02,,
12.136,0.28,0.16,0.16,,
12.151,0.87,0.36,0.37,,
12.166,-4.75,0.61,0.56,,
12.18,-5.97,0.81,0.74,,
12.195,-1.1,0.84,0.82,,
12.209,-0.99,0.8,0.78,,
12.223,-1.44,0.78,0.76,,
12.239,-0.51,0.78,0.77,,
12.254,0.09,0.83,0.82,,
12.268,-3.38,0.98,0.94,,
12.283,-4.08,1.06,1.01,,
12.297,-1.72,1.06,1.03,,
12.315,-1.56,1.02,0.99,,
12.33,-1.89,1.01,0.99,,
12.344,-2.29,1.01,0.97,,
12.359,-2.05,0.97,0.94,,
12.373,-1.91,0.93,0.9,,
12.388,-1.87,0.9,0.87,,
12.402,-1.93,0.87,0.84,,
12.416,-1.95,0.84,0.81,,
12.431,-1.91,0.81,0.79,,
12.445,-1.81,0.79,0.76,,
12.459,-1.69,0.77,0.74,,
12.473,-1.99,0.75,0.73,,
12.488,-2.25,0.74,0.71,,
12.502,-2.11,0.72,0.7,,
12.517,-1.89,0.69,0.66,,
12.531,-1.77,0.65,0.63,,
12.545,-1.91,0.63,0.61,,
12.559,-2.01,0.61,0.59,,
12.574,-1.98,0.59,0.57,,
12.589,-1.97,0.57,0.55,,
12.603,-1.83,0.55,0.53,,
12.617,-1.87,0.54,0.51,,
12.631,-2.12,0.53,0.5,,
12.646,-2.1,0.52,0.49,,
12.66,-1.97,0.5,0.47,,
12.674,-2,0.48,0.45,,
12.689,-2.04,0.46,0.43,,
12.703,-2.07,0.44,0.41,,
12.717,-2.07,0.42,0.39,,
12.732,-2.01,0.4,0.37,,
12.746,-2.04,0.38,0.35,,
12.76,-2.17,0.35,0.33,,
12.774,-2.02,0.32,0.3,,
12.789,-1.81,0.29,0.27,,
12.804,-1.86,0.27,0.25,,
12.818,-2.05,0.26,0.23,,
12.833,-2.11,0.23,0.21,,
12.848,-1.97,0.21,0.19,,
12.862,-1.87,0.18,0.16,,
12.876,-1.91,0.16,0.14,,
12.894,-2,0.15,0.12,,
12.908,-2.05,0.13,0.11,,
12.923,-1.98,0.12,0.1,,
12.938,-2,0.11,0.08,,
12.952,-2.07,0.1,0.07,,
12.966,-2.09,0.08,0.06,,
12.981,-2.08,0.06,0.04,,
12.995,-2.1,0.04,0.02,,
13.009,-1.99,0.02,0,,
13.024,-2.01,0,-0.02,,
13.04,-1.8,-0.02,-0.04,,
13.055,-1.95,-0.03,-0.05,,
13.07,-2.15,-0.04,-0.06,,
13.085,-2.08,-0.06,-0.08,,
13.1,-1.99,-0.08,-0.1,,
13.115,-1.95,-0.1,-0.12,,
13.129,-1.93,-0.12,-0.14,,
13.144,-2.01,-0.13,-0.15,,
13.159,-2,-0.14,-0.16,,
13.175,-1.79,-0.15,-0.17,,
13.19,-2.15,-0.14,-0.16,,
13.205,-2.19,-0.13,-0.15,,
13.221,-2.14,-0.15,-0.17,,
13.235,-2.14,-0.16,-0.18,,
13.25,-2.14,-0.19,-0.21,,
13.265,-2.08,-0.21,-0.23,,
13.28,-2.04,-0.24,-0.25,,
13.295,-1.94,-0.26,-0.27,,
13.311,-2.06,-0.27,-0.29,,
13.326,-2.19,-0.29,-0.31,,
13.34,-2.14,-0.31,-0.33,,
13.355,-1.97,-0.33,-0.35,,
13.369,-1.98,-0.36,-0.38,,
13.384,-1.91,-0.38,-0.4,,
13.398,-1.95,-0.39,-0.41,,
13.413,-2.07,-0.4,-0.42,,
13.427,-2.04,-0.41,-0.43,,
13.442,-2.07,-0.42,-0.44,,
13.456,-2.09,-0.43,-0.45,,
13.471,-2.08,-0.44,-0.45,,
13.485,-2.09,-0.44,-0.46,,
13.499,-2.09,-0.45,-0.47,,
13.514,-2.07,-0.46,-0.47,,
13.528,-2.07,-0.47,-0.49,,
13.543,-2.25,-0.49,-0.5,,
13.557,-2.15,-0.51,-0.53,,
13.572,-2,-0.54,-0.55,,
13.586,-2.03,-0.56,-0.58,,
13.601,-2.01,-0.58,-0.6,,
13.615,-2.02,-0.6,-0.61,,
13.63,-2.05,-0.61,-0.63,,
13.644,-2.08,-0.63,-0.64,,
13.659,-2.02,-0.64,-0.66,,
13.673,-2,-0.66,-0.67,,
13.688,-2.06,-0.67,-0.68,,
13.702,-2.06,-0.68,-0.69,,
13.716,-2.02,-0.69,-0.7,,
13.731,-2.02,-0.7,-0.72,,
13.746,-2.03,-0.71,-0.72,,
13.76,-2.09,-0.72,-0.73,,
13.775,-2.03,-0.73,-0.74,,
13.79,-2.07,-0.74,-0.75,,
13.804,-2.07,-0.75,-0.76,,
13.819,-2.06,-0.76,-0.77,,
13.834,-2.07,-0.77,-0.78,,
13.849,-2.1,-0.78,-0.8,,
13.864,-1.99,-0.8,-0.81,,
13.879,-2.04,-0.8,-0.82,,
13.894,-2.13,-0.8,-0.82,,
13.909,-2.17,-0.8,-0.82,,
13.924,-2.1,-0.81,-0.82,,
13.938,-2.06,-0.82,-0.83,,
13.953,-2.07,-0.83,-0.84,,
13.968,-2.17,-0.84,-0.85,,
13.983,-2.16,-0.85,-0.86,,
13.997,-2.06,-0.86,-0.87,,
14.012,-2.07,-0.88,-0.89,,
14.027,-2,-0.89,-0.9,,
14.042,-2.03,-0.9,-0.91,,
14.057,-2.05,-0.91,-0.92,,
14.071,-2.07,-0.92,-0.93,,
14.086,-2.1,-0.92,-0.94,,
14.101,-2.15,-0.93,-0.94,,
14.116,-2.12,-0.94,-0.95,,
14.131,-2.09,-0.95,-0.96,,
14.145,-2.1,-0.96,-0.97,,
14.16,-2.09,-0.98,-0.99,,
14.176,-2.03,-0.99,-1,,
14.191,-2.05,-1,-1.01,,
14.206,-2.11,-1.01,-1.02,,
14.221,-2.1,-1.02,-1.03,,
14.236,-2.09,-1.02,-1.04,,
14.251,-2.11,-1.03,-1.04,,
14.266,-2.15,-1.04,-1.05,,
14.281,-2.16,-1.05,-1.06,,
14.295,-2.11,-1.06,-1.07,,
14.311,-2.08,-1.07,-1.08,,
14.326,-2.06,-1.08,-1.09,,
14.341,-2.09,-1.09,-1.1,,
14.355,-2.07,-1.1,-1.11,,
14.37,-2.07,-1.11,-1.11,,
14.384,-2.11,-1.11,-1.12,,
14.399,-2.06,-1.12,-1.13,,
14.413,-2.07,-1.13,-1.14,,
14.428,-2.09,-1.14,-1.15,,
14.442,-2.02,-1.14,-1.15,,
14.456,-2.01,-1.15,-1.16,,
14.471,-2.1,-1.15,-1.16,,
14.485,-2.13,-1.15,-1.16,,
14.5,-2.07,-1.15,-1.16,,
14.514,-2.05,-1.16,-1.17,,
14.529,-2.12,-1.16,-1.17,,
14.543,-2.1,-1.17,-1.18,,
14.558,-2.11,-1.18,-1.19,,
14.572,-2.13,-1.19,-1.2,,
14.587,-2.07,-1.2,-1.21,,
14.602,-2.05,-1.21,-1.22,,
14.616,-2.06,-1.22,-1.23,,
14.631,-2.12,-1.23,-1.23,,
14.645,-2.07,-1.24,-1.24,,
14.66,-2.07,-1.25,-1.25,,
14.675,-2.1,-1.25,-1.26,,
14.689,-2.08,-1.26,-1.27,,
14.704,-2.02,-1.27,-1.28,,
14.719,-2.1,-1.28,-1.28,,
14.733,-2.16,-1.28,-1.29,,
14.748,-2.09,-1.29,-1.3,,
14.762,-2.08,-1.29,-1.3,,
14.777,-1.97,-1.3,-1.31,,
14.792,-1.96,-1.3,-1.31,,
14.807,-2.05,-1.3,-1.31,,
14.822,-2.07,-1.31,-1.31,,
14.836,-2.17,-1.31,-1.32,,
14.852,-2.12,-1.32,-1.33,,
14.867,-1.94,-1.33,-1.34,,
14.882,-2.05,-1.34,-1.35,,
14.897,-2.11,-1.34,-1.35,,
14.912,-2.08,-1.35,-1.35,,
14.927,-2.1,-1.35,-1.36,,
14.942,-1.98,-1.36,-1.37,,
14.957,-1.97,-1.36,-1.37,,
14.972,-2.01,-1.37,-1.37,,
14.987,-2.22,-1.37,-1.38,,
15.002,-2.2,-1.38,-1.39,,
15.017,-1.98,-1.39,-1.4,,
15.032,-2.01,-1.4,-1.4,,
15.046,-2.09,-1.4,-1.41,,
15.061,-2.07,-1.41,-1.41,,
15.076,-2.12,-1.42,-1.42,,
15.09,-2.07,-1.43,-1.43,,
15.105,-2.01,-1.44,-1.44,,
15.12,-2.04,-1.44,-1.45,,
15.134,-2.01,-1.45,-1.45,,
15.149,-2.03,-1.45,-1.45,,
15.164,-2.02,-1.45,-1.45,,
15.179,-2.03,-1.45,-1.45,,
15.194,-2.18,-1.44,-1.45,,
15.209,-2.22,-1.44,-1.45,,
15.223,-2.02,-1.45,-1.45,,
15.238,-2.05,-1.45,-1.45,,
15.253,-2.18,-1.44,-1.45,,
15.268,-2.22,-1.44,-1.45,,
15.283,-2.25,-1.44,-1.45,,
15.297,-2.27,-1.45,-1.46,,
15.312,-2.02,-1.46,-1.47,,
15.326,-1.98,-1.48,-1.49,,
15.341,-2.09,-1.49,-1.5,,
15.356,-2.07,-1.5,-1.51,,
15.37,-2.02,-1.51,-1.52,,
15.385,-2.01,-1.52,-1.52,,
15.399,-2.02,-1.52,-1.53,,
15.413,-2.04,-1.52,-1.53,,
15.427,-2.14,-1.52,-1.52,,
15.442,-2.18,-1.52,-1.52,,
15.456,-2.08,-1.52,-1.53,,
15.471,-1.98,-1.53,-1.54,,
15.485,-2.06,-1.54,-1.55,,
15.499,-2.1,-1.55,-1.55,,
15.514,-2.06,-1.55,-1.56,,
15.528,-1.97,-1.56,-1.56,,
15.543,-2.02,-1.56,-1.56,,
15.558,-2.11,-1.55,-1.56,,
15.572,-2.13,-1.55,-1.56,,
15.587,-2.09,-1.55,-1.56,,
15.601,-2.13,-1.56,-1.56,,
15.615,-2.12,-1.56,-1.57,,
15.63,-2.07,-1.57,-1.57,,
15.644,-2.05,-1.57,-1.58,,
15.658,-2.03,-1.58,-1.58,,
15.673,-2.02,-1.58,-1.58,,
15.688,-2.03,-1.58,-1.59,,
15.702,-2.06,-1.59,-1.59,,
15.716,-2.08,-1.59,-1.6,,
15.73,-2.1,-1.6,-1.6,,
15.748,-1.99,-1.6,-1.61,,
15.759,-1.98,-1.61,-1.61,,
15.775,-2.1,-1.61,-1.61,,
15.79,-2.07,-1.61,-1.62,,
15.805,-2.04,-1.62,-1.62,,
15.82,-2.07,-1.62,-1.63,,
15.835,-1.98,-1.63,-1.63,,
15.85,-2.07,-1.63,-1.63,,
15.865,-2.13,-1.62,-1.63,,
15.879,-2.09,-1.63,-1.63,,
15.894,-2.04,-1.63,-1.63,,
15.909,-2.07,-1.63,-1.64,,
15.924,-1.98,-1.63,-1.64,,
15.939,-2.11,-1.63,-1.63,,
15.954,-2.1,-1.63,-1.63,,
15.969,-2.2,-1.63,-1.64,,
15.983,-2.08,-1.63,-1.64,,
15.998,-1.99,-1.64,-1.64,,
16.013,-2,-1.65,-1.65,,
16.028,-2.02,-1.65,-1.65,,
16.043,-2.1,-1.65,-1.65,,
16.057,-2.07,-1.65,-1.65,,
16.072,-2.09,-1.65,-1.66,,
16.087,-2.08,-1.66,-1.66,,
16.102,-2.09,-1.66,-1.66,,
16.117,-2.14,-1.66,-1.67,,
16.131,-2.05,-1.67,-1.67,,
16.146,-1.98,-1.67,-1.67,,
16.161,-2.09,-1.67,-1.68,,
16.177,-2.11,-1.67,-1.68,,
16.192,-2.13,-1.68,-1.68,,
16.207,-2.11,-1.68,-1.68,,
16.222,-2.07,-1.69,-1.69,,
16.237,-2.06,-1.69,-1.69,,
16.252,-1.97,-1.7,-1.7,,
16.266,-2.02,-1.7,-1.7,,
16.281,-2.05,-1.7,-1.7,,
16.296,-2.05,-1.7,-1.7,,
16.311,-2.06,-1.7,-1.71,,
16.326,-2,-1.71,-1.71,,
16.341,-2.03,-1.71,-1.71,,
16.355,-2.05,-1.71,-1.72,,
16.369,-1.96,-1.72,-1.72,,
16.384,-1.99,-1.72,-1.72,,
16.399,-2.04,-1.72,-1.72,,
16.413,-2.04,-1.72,-1.72,,
16.427,-2.08,-1.71,-1.72,,
16.442,-2.06,-1.71,-1.72,,
16.456,-2.08,-1.71,-1.72,,
16.471,-2.1,-1.72,-1.72,,
16.486,-2.12,-1.72,-1.72,,
16.501,-1.99,-1.73,-1.73,,
16.515,-1.92,-1.73,-1.73,,
16.529,-2.04,-1.72,-1.73,,
16.544,-2.07,-1.72,-1.73,,
16.558,-2.08,-1.73,-1.73,,
16.573,-2.01,-1.73,-1.74,,
16.587,-1.97,-1.74,-1.74,,
16.602,-2.03,-1.74,-1.74,,
16.616,-2.08,-1.74,-1.74,,
16.631,-2.08,-1.74,-1.74,,
16.646,-2.02,-1.74,-1.74,,
16.66,-2.03,-1.74,-1.75,,
16.674,-2.13,-1.74,-1.75,,
16.689,-2.12,-1.74,-1.75,,
16.703,-2.12,-1.75,-1.75,,
16.718,-2.03,-1.75,-1.75,,
16.732,-2.01,-1.75,-1.76,,
16.747,-2,-1.76,-1.76,,
16.761,-2.07,-1.76,-1.76,,
16.776,-2.15,-1.76,-1.76,,
16.791,-2.1,-1.76,-1.76,,
16.805,-2.03,-1.76,-1.76,,
16.821,-2.06,-1.76,-1.77,,
16.836,-2,-1.76,-1.77,,
16.851,-2.07,-1.76,-1.77,,
16.865,-2.1,-1.76,-1.76,,
16.88,-2.07,-1.76,-1.76,,
16.895,-2.13,-1.76,-1.76,,
16.91,-2.09,-1.76,-1.76,,
16.925,-2.05,-1.76,-1.76,,
16.94,-2.01,-1.76,-1.76,,
16.955,-2.03,-1.76,-1.76,,
16.97,-2.12,-1.76,-1.76,,
16.986,-2.1,-1.76,-1.76,,
17,-2.11,-1.76,-1.76,,
17.015,-2.14,-1.76,-1.77,,
17.03,-2.09,-1.77,-1.78,,
17.045,-2.17,-1.79,-1.79,,
17.06,-2.36,-1.81,-1.81,,
17.075,-2.52,-1.85,-1.85,,
17.09,-1.17,-1.9,-1.9,,
17.105,-1.76,-1.93,-1.93,,
17.12,-2.8,-1.96,-1.96,,
17.135,-4.01,-2.04,-2.06,,
17.15,-7.56,-2.19,-2.25,,
17.165,-7.43,-2.73,-2.78,,
17.18,11.6,-3.48,-3.33,,
17.195,3.74,-3.6,-3.53,,
17.21,-2.02,-3.54,-3.53,,
17.225,-1.03,-3.54,-3.52,,
17.24,0.5,-3.59,-3.55,,
17.255,0.67,-3.58,-3.54,,
17.27,0.06,-3.54,-3.5,,
17.285,-0.4,-3.47,-3.44,,
17.3,-0.1,-3.42,-3.39,,
17.314,0.17,-3.38,-3.35,,
17.33,-0.26,-3.34,-3.31,,
17.345,-0.37,-3.29,-3.26,,
17.359,-0.17,-3.26,-3.22,,
17.374,-0.06,-3.23,-3.2,,
17.389,-0.12,-3.2,-3.17,,
17.403,-0.13,-3.16,-3.13,,
17.418,-0.08,-3.13,-3.1,,
17.432,-0.1,-3.1,-3.07,,
17.447,0,-3.07,-3.04,,
17.461,-0.02,-3.03,-3,,
17.475,-0.12,-2.99,-2.96,,
17.49,-0.14,-2.96,-2.93,,
17.504,-0.17,-2.92,-2.89,,
17.519,-0.18,-2.89,-2.86,,
17.534,-0.15,-2.86,-2.84,,
17.548,-0.03,-2.84,-2.81,,
17.563,-0.08,-2.8,-2.77,,
17.577,-0.16,-2.77,-2.74,,
17.591,-0.17,-2.73,-2.71,,
17.606,-0.21,-2.7,-2.68,,
17.621,-0.17,-2.67,-2.65,,
17.635,-0.14,-2.64,-2.62,,
17.65,-0.23,-2.62,-2.59,,
17.665,-0.23,-2.59,-2.57,,
17.679,-0.17,-2.57,-2.54,,
17.694,-0.08,-2.55,-2.52,,
17.709,-0.02,-2.53,-2.5,,
17.723,-0.16,-2.5,-2.48,,
17.738,-0.19,-2.47,-2.45,,
17.752,-0.1,-2.44,-2.41,,
17.767,-0.12,-2.41,-2.39,,
17.782,-0.15,-2.38,-2.36,,
17.797,-0.22,-2.34,-2.32,,
17.811,-0.3,-2.32,-2.3,,
17.826,-0.24,-2.3,-2.27,,
17.841,-0.14,-2.28,-2.26,,
17.856,-0.19,-2.25,-2.23,,
17.871,-0.03,-2.23,-2.21,,
17.886,-0.08,-2.19,-2.17,,
17.901,-0.45,-2.16,-2.14,,
17.916,-0.37,-2.13,-2.11,,
17.93,-0.19,-2.11,-2.1,,
17.946,-0.25,-2.1,-2.08,,
17.961,-0.17,-2.09,-2.07,,
17.975,-0.04,-2.09,-2.07,,
17.99,0.31,-2.08,-2.05,,
18.005,0.34,-2.03,-2.01,,
18.02,-0.16,-1.97,-1.95,,
18.035,-0.84,-1.88,-1.87,,
18.05,-0.62,-1.82,-1.81,,
18.065,-0.6,-1.79,-1.78,,
18.08,-0.39,-1.77,-1.76,,
18.094,0.1,-1.76,-1.74,,
18.109,0.39,-1.74,-1.72,,
18.124,-0.34,-1.65,-1.64,,
18.139,2.07,-1.56,-1.52,,
18.154,4.61,-1.38,-1.32,,
18.169,2.26,-1.02,-0.99,,
18.184,-7.77,-0.31,-0.38,,
18.198,-5.85,0.18,0.12,,
18.213,-1.81,0.15,0.13,,
18.228,-1.63,0.11,0.09,,
18.242,-2.53,0.15,0.12,,
18.257,-2.53,0.17,0.14,,
18.271,-2.51,0.16,0.14,,
18.286,-2.52,0.14,0.11,,
18.3,-2.34,0.09,0.06,,
18.315,-2.07,0.03,0.01,,
18.33,-2.05,-0.01,-0.03,,
18.345,-2.21,-0.05,-0.07,,
18.359,-2.55,-0.08,-0.11,,
18.373,-2.7,-0.14,-0.17,,
18.388,-4.82,-0.24,-0.28,,
18.402,-9.96,-0.47,-0.56,,
18.417,0.15,-1,-0.99,,
18.431,17.39,-1.92,-1.73,,
18.446,0.99,-2.27,-2.24,,
18.461,-1.53,-2.17,-2.16,,
18.475,0.08,-2.12,-2.1,,
18.489,0.56,-2.13,-2.1,,
18.504,0.14,-2.11,-2.09,,
18.518,0.01,-2.08,-2.06,,
18.533,0.05,-2.05,-2.03,,
18.547,-0.06,-2.01,-1.99,,
18.562,-0.23,-1.98,-1.96,,
18.576,-0.01,-1.96,-1.94,,
18.591,0.01,-1.94,-1.92,,
18.605,0.06,-1.92,-1.9,,
18.619,0.25,-1.91,-1.89,,
18.634,0.03,-1.88,-1.86,,
18.649,-0.08,-1.85,-1.83,,
18.663,-0.1,-1.82,-1.8,,
18.678,-0.17,-1.79,-1.78,,
18.692,-0.08,-1.77,-1.75,,
18.707,-0.05,-1.75,-1.74,,
18.721,-0.05,-1.74,-1.72,,
18.736,-0.05,-1.72,-1.7,,
18.75,-0.04,-1.7,-1.69,,
18.764,0,-1.69,-1.67,,
18.779,0.01,-1.66,-1.65,,
18.793,-0.01,-1.64,-1.62,,
18.809,-0.17,-1.61,-1.6,,
18.824,-0.09,-1.59,-1.58,,
18.838,-0.04,-1.58,-1.56,,
18.853,-0.12,-1.56,-1.54,,
18.869,-0.12,-1.54,-1.53,,
18.884,0.01,-1.53,-1.51,,
18.899,-0.03,-1.51,-1.5,,
18.914,-0.09,-1.49,-1.48,,
18.928,-0.07,-1.47,-1.46,,
18.943,-0.14,-1.46,-1.45,,
18.958,-0.04,-1.45,-1.43,,
18.973,-0.01,-1.44,-1.42,,
18.988,0.05,-1.42,-1.41,,
19.003,0.1,-1.4,-1.39,,
19.018,-0.02,-1.38,-1.37,,
19.033,-0.12,-1.36,-1.35,,
19.048,-0.14,-1.34,-1.33,,
19.062,-0.19,-1.32,-1.31,,
19.078,-0.06,-1.31,-1.3,,
19.093,-0.03,-1.29,-1.28,,
19.108,-0.01,-1.28,-1.27,,
19.123,-0.03,-1.27,-1.25,,
19.138,-0.09,-1.25,-1.24,,
19.153,-0.06,-1.23,-1.22,,
19.168,0.09,-1.21,-1.19,,
19.182,-0.06,-1.18,-1.17,,
19.198,-0.23,-1.16,-1.15,,
19.213,-0.1,-1.15,-1.14,,
19.228,-0.12,-1.14,-1.13,,
19.243,-0.12,-1.12,-1.11,,
19.258,-0.05,-1.11,-1.1,,
19.273,-0.09,-1.1,-1.09,,
19.288,-0.08,-1.09,-1.08,,
19.302,-0.06,-1.08,-1.07,,
19.317,-0.13,-1.07,-1.06,,
19.332,-0.15,-1.05,-1.04,,
19.347,-0.17,-1.04,-1.03,,
19.362,-0.13,-1.02,-1.01,,
19.377,-0.17,-1.01,-1,,
19.391,-0.14,-1.01,-1,,
19.405,-0.05,-1,-0.99,,
19.42,-0.08,-0.98,-0.97,,
19.435,-0.14,-0.97,-0.96,,
19.449,-0.14,-0.95,-0.95,,
19.464,-0.17,-0.94,-0.93,,
19.478,-0.17,-0.93,-0.92,,
19.493,-0.21,-0.92,-0.91,,
19.507,-0.21,-0.91,-0.91,,
19.521,-0.19,-0.91,-0.9,,
19.536,0.01,-0.9,-0.89,,
19.55,0.08,-0.9,-0.89,,
19.565,-0.01,-0.89,-0.88,,
19.579,-0.05,-0.87,-0.87,,
19.594,-0.12,-0.86,-0.85,,
19.609,-0.19,-0.85,-0.84,,
19.623,-0.21,-0.84,-0.83,,
19.637,-0.17,-0.83,-0.82,,
19.652,-0.12,-0.83,-0.82,,
19.666,-0.11,-0.82,-0.82,,
19.681,-0.13,-0.82,-0.81,,
19.696,-0.21,-0.81,-0.8,,
19.711,-0.15,-0.8,-0.79,,
19.725,-0.08,-0.79,-0.78,,
19.74,-0.13,-0.78,-0.77,,
19.755,-0.16,-0.77,-0.77,,
19.769,-0.15,-0.77,-0.76,,
19.783,-0.1,-0.76,-0.75,,
19.798,-0.07,-0.75,-0.75,,
19.813,-0.04,-0.75,-0.74,,
19.829,-0.22,-0.73,-0.73,,
19.843,-0.25,-0.73,-0.72,,
19.858,-0.23,-0.72,-0.71,,
19.873,-0.09,-0.71,-0.7,,
19.888,-0.09,-0.7,-0.7,,
19.903,-0.06,-0.7,-0.69,,
19.918,-0.11,-0.69,-0.68,,
19.933,-0.15,-0.68,-0.67,,
19.948,-0.16,-0.67,-0.67,,
19.963,-0.14,-0.66,-0.66,,
19.978,-0.13,-0.66,-0.65,,
19.993,-0.13,-0.65,-0.65,,
20.008,-0.12,-0.64,-0.64,,
20.023,-0.1,-0.64,-0.63,,
20.038,-0.16,-0.63,-0.62,,
20.053,-0.17,-0.62,-0.61,,
20.068,-0.12,-0.61,-0.61,,
20.083,-0.06,-0.61,-0.6,,
20.098,-0.06,-0.6,-0.59,,
20.113,-0.1,-0.59,-0.59,,
20.128,-0.23,-0.58,-0.58,,
20.143,-0.23,-0.57,-0.57,,
20.158,-0.12,-0.57,-0.56,,
20.173,-0.13,-0.56,-0.56,,
20.188,-0.14,-0.56,-0.55,,
20.203,-0.08,-0.55,-0.54,,
20.218,0.2,-0.53,-0.53,,
20.233,0.52,-0.5,-0.49,,
20.248,0.62,-0.45,-0.44,,
20.262,0.37,-0.34,-0.33,,
20.277,-4.68,-0.2,-0.24,,
20.292,0.22,-0.27,-0.26,,
20.306,0.55,-0.29,-0.29,,
20.322,-2.69,-0.15,-0.18,,
20.336,-2.39,-0.09,-0.12,,
20.351,-0.61,-0.2,-0.2,,
20.366,1.51,-0.29,-0.28,,
20.38,-1.03,-0.26,-0.27,,
20.395,-0.2,-0.24,-0.24,,
20.409,-0.04,-0.25,-0.24,,
20.424,-0.41,-0.24,-0.24,,
20.438,-0.08,-0.24,-0.24,,
20.453,-0.46,-0.24,-0.24,,
20.467,-0.27,-0.24,-0.24,,
20.482,-0.4,-0.24,-0.24,,
20.498,-0.34,-0.24,-0.24,,
20.512,-0.35,-0.24,-0.24,,
20.527,-0.48,-0.24,-0.24,,
20.541,-0.43,-0.24,-0.24,,
20.555,-0.58,-0.23,-0.24,,
20.57,-0.54,-0.24,-0.24,,
20.585,-0.54,-0.24,-0.24,,
20.599,-0.52,-0.24,-0.25,,
20.614,-0.19,-0.24,-0.24,,
20.629,-0.35,-0.24,-0.24,,
20.643,0.09,-0.23,-0.22,,
20.658,0.89,-0.19,-0.18,,
20.672,1.22,-0.11,-0.1,,
20.687,-3.39,0.13,0.1,,
20.701,-7.66,0.27,0.2,,
20.715,-2.09,-0.02,-0.04,,
20.73,5.63,-0.39,-0.33,,
20.745,-0.41,-0.33,-0.33,,
20.759,-0.94,-0.27,-0.28,,
20.773,-1.09,-0.27,-0.27,,
20.788,-0.14,-0.28,-0.28,,
20.802,-0.7,-0.27,-0.28,,
20.817,-0.55,-0.27,-0.27,,
20.832,-0.66,-0.27,-0.27,,
20.848,-0.38,-0.28,-0.28,,
20.863,-0.47,-0.29,-0.29,,
20.878,-0.46,-0.3,-0.3,,
20.892,-0.48,-0.3,-0.3,,
20.907,-0.45,-0.31,-0.31,,
20.922,-0.39,-0.33,-0.33,,
20.937,0.52,-0.35,-0.34,,
20.951,0.38,-0.34,-0.34,,
20.967,-0.46,-0.31,-0.31,,
20.982,-0.08,-0.25,-0.25,,
20.997,0.36,-0.19,-0.19,,
21.012,-0.29,-0.09,-0.09,,
21.027,-0.21,0.01,0.01,,
21.041,-1.53,0.11,0.1,,
21.057,-5.03,0.2,0.15,,
21.071,-3,0.07,0.04,,
21.086,0.96,-0.13,-0.12,,
21.101,1.85,-0.28,-0.26,,
21.115,-0.11,-0.32,-0.32,,
21.13,-0.33,-0.28,-0.28,,
21.145,0.39,-0.24,-0.24,,
21.16,0.67,-0.22,-0.21,,
21.175,0.48,-0.21,-0.2,,
21.189,0.09,-0.21,-0.2,,
21.205,0.4,-0.21,-0.21,,
21.219,0.83,-0.22,-0.21,,
21.234,1.9,-0.22,-0.2,,
21.249,2.58,-0.19,-0.17,,
21.263,2.9,-0.16,-0.13,,
21.278,2.7,-0.13,-0.11,,
21.293,2.75,-0.1,-0.08,,
21.308,2.63,-0.06,-0.03,,
21.323,3.1,0.01,0.04,,
21.337,2.33,0.2,0.22,,
21.351,0.34,0.48,0.48,,
21.365,-0.81,0.83,0.81,,
21.38,-3.74,1.31,1.26,,
21.394,-3.74,1.78,1.72,,
21.408,-1.44,1.82,1.78,,
21.422,-3.28,1.76,1.71,,
21.436,-4.69,1.65,1.58,,
21.45,-5.61,1.51,1.44,,
21.464,-4.98,1.34,1.27,,
21.478,-5.08,1.18,1.12,,
21.492,-5.42,1.04,0.97,,
21.506,-5.82,0.91,0.85,,
21.521,-4.89,0.77,0.71,,
21.535,-4.11,0.63,0.58,,
21.549,-3.38,0.55,0.51,,
21.563,-3.11,0.53,0.5,,
21.578,-3.09,0.55,0.51,,
21.591,-3.21,0.55,0.51,,
21.606,-3.05,0.51,0.47,,
21.62,-2.59,0.46,0.43,,
21.635,-2.36,0.46,0.43,,
21.649,-2.42,0.46,0.44,,
21.664,-2.46,0.45,0.42,,
21.678,-1.5,0.43,0.41,,
21.693,-2.2,0.47,0.44,,
21.707,-2.87,0.5,0.46,,
21.721,-3.19,0.5,0.47,,
21.736,-2.8,0.47,0.43,,
21.75,-2.25,0.44,0.41,,
21.765,-2.16,0.41,0.39,,
21.779,-2.71,0.39,0.36,,
21.793,-3.32,0.33,0.3,,
21.808,-6.06,0.26,0.19,,
21.822,-3.88,0.16,0.12,,
21.837,-0.79,0.09,0.08,,
21.854,-1.47,0.1,0.08,,
21.869,-3.73,0.09,0.05,,
21.884,-3.54,0.03,-0.01,,
21.898,-0.27,-0.09,-0.09,,
21.913,0.05,-0.2,-0.2,,
21.928,-1.91,-0.24,-0.26,,
21.942,-2.1,-0.13,-0.15,,
21.957,-1.97,0.01,-0.01,,
21.971,-2.37,0.16,0.13,,
21.985,-2.89,0.24,0.21,,
22,-2.83,0.23,0.2,,
22.015,-3.56,0.23,0.19,,
22.029,-2.79,0.19,0.16,,
22.044,-1.44,0.12,0.11,,
22.058,-2.88,0.17,0.14,,
22.073,-3.58,0.17,0.13,,
22.087,-2.44,0.11,0.08,,
22.102,-2.05,0.17,0.14,,
22.116,-2.78,0.28,0.25,,
22.131,-3.75,0.38,0.34,,
22.145,-4.48,0.44,0.39,,
22.16,-5.32,0.42,0.36,,
22.175,-6.61,0.34,0.27,,
22.19,-6.7,0.16,0.09,,
22.204,-6.48,-0.07,-0.13,,
22.219,-8.09,-0.28,-0.36,,
22.233,-10.95,-0.43,-0.54,,
22.248,-11.44,-0.47,-0.58,,
22.263,-12.37,-0.46,-0.58,,
22.278,-12.04,-0.27,-0.39,,
22.293,-8.63,0.07,-0.02,,
22.308,-5.13,0.52,0.47,,
22.323,3.24,0.96,0.99,,
22.337,4.9,1.34,1.38,,
22.352,8.16,1.45,1.51,,
22.366,5.25,0.97,1.02,,
22.38,-8.52,0.33,0.25,,
22.395,-6.74,-0.7,-0.76,,
22.409,-2.75,-1.87,-1.88,,
22.424,1.3,-2.84,-2.8,,
22.438,2.52,-3.75,-3.69,,
22.453,3.76,-4.49,-4.41,,
22.467,5,-5.09,-4.99,,
22.482,7.15,-5.54,-5.41,,
22.496,4.38,-5.69,-5.59,,
22.51,2.43,-5.78,-5.69,,
22.524,3.51,-5.9,-5.81,,
22.539,3.59,-6,-5.9,,
22.553,3.16,-5.86,-5.77,,
22.568,5.32,-5.63,-5.52,,
22.582,5.07,-5.29,-5.19,,
22.597,1.49,-4.92,-4.85,,
22.612,0.5,-4.79,-4.74,,
22.626,2.53,-4.82,-4.75,,
22.641,1.49,-4.88,-4.82,,
22.655,0.51,-4.91,-4.86,,
22.669,2.94,-4.92,-4.84,,
22.684,4.98,-4.76,-4.66,,
22.699,3,-4.43,-4.36,,
22.713,0.76,-4.07,-4.02,,
22.727,4.37,-3.88,-3.8,,
22.741,7.38,-4.06,-3.94,,
22.756,8.78,-4.32,-4.19,,
22.77,10.14,-4.83,-4.68,,
22.785,11.84,-5.47,-5.3,,
22.799,-1.81,-6.23,-6.18,,
22.814,-7.35,-6.56,-6.57,,
22.829,-9.27,-6.5,-6.53,,
22.843,-1.56,-6.24,-6.19,,
22.859,5.67,-6.08,-5.96,,
22.874,3.34,-5.79,-5.69,,
22.888,2.13,-5.5,-5.43,,
22.903,1.06,-5.29,-5.23,,
22.918,-3.58,-5.13,-5.12,,
22.933,-4.81,-5.18,-5.18,,
22.947,-2.03,-5.05,-5.02,,
22.963,6.44,-5.01,-4.9,,
22.977,15.5,-5.56,-5.34,,
22.992,12.8,-5.91,-5.72,,
23.007,2.86,-6,-5.92,,
23.022,2.92,-6.42,-6.33,,
23.037,7.65,-7.05,-6.9,,
23.051,11.34,-7.57,-7.38,,
23.066,13.05,-7.99,-7.78,,
23.081,8.69,-8.05,-7.89,,
23.096,9.82,-8.02,-7.85,,
23.111,10.48,-7.87,-7.68,,
23.126,5.68,-7.64,-7.5,,
23.141,4.36,-7.52,-7.4,,
23.156,5.77,-7.48,-7.35,,
23.172,5.47,-7.45,-7.32,,
23.187,5.03,-7.52,-7.39,,
23.202,7.64,-7.69,-7.54,,
23.217,7.79,-7.91,-7.75,,
23.232,14.22,-8.15,-7.93,,
23.247,15.31,-8.24,-8.01,,
23.261,8.57,-8.08,-7.92,,
23.276,8.55,-7.87,-7.71,,
23.291,9.29,-7.69,-7.52,,
23.306,9.1,-7.52,-7.35,,
23.321,8.86,-7.35,-7.19,,
23.336,8.77,-7.19,-7.03,,
23.351,8.71,-7.05,-6.9,,
23.366,8.67,-6.93,-6.78,,
23.381,8.64,-6.81,-6.65,,
23.395,8.38,-6.66,-6.51,,
23.409,7.13,-6.51,-6.37,,
23.424,5.95,-6.35,-6.23,,
23.438,5.36,-6.21,-6.09,,
23.453,5.63,-6.09,-5.97,,
23.467,5.6,-5.96,-5.85,,
23.482,6.57,-5.84,-5.72,,
23.497,7.68,-5.72,-5.58,,
23.511,8.19,-5.59,-5.45,,
23.525,8.23,-5.48,-5.35,,
23.539,8.24,-5.39,-5.25,,
23.554,7.73,-5.26,-5.13,,
23.568,8.49,-5.1,-4.97,,
23.582,10.01,-4.93,-4.79,,
23.597,11.09,-4.75,-4.59,,
23.612,11.53,-4.56,-4.4,,
23.626,13.22,-4.36,-4.19,,
23.64,14.33,-4.15,-3.96,,
23.654,14.84,-3.92,-3.74,,
23.668,13.51,-3.7,-3.53,,
23.683,13.04,-3.51,-3.35,,
23.697,12.97,-3.33,-3.17,,
23.711,11.23,-3.14,-3,,
23.725,11.07,-3,-2.86,,
23.74,9.89,-2.87,-2.74,,
23.754,9.13,-2.74,-2.62,,
23.768,9.15,-2.61,-2.5,,
23.782,9.33,-2.49,-2.38,,
23.796,9.31,-2.38,-2.26,,
23.81,9.28,-2.26,-2.14,,
23.825,9.23,-2.14,-2.03,,
23.84,9.21,-2.02,-1.91,,
23.854,9.24,-1.91,-1.8,,
23.87,9.32,-1.79,-1.68,,
23.884,9.35,-1.68,-1.57,,
23.898,9.27,-1.57,-1.46,,
23.913,9.23,-1.46,-1.35,,
23.928,9.26,-1.35,-1.24,,
23.942,9.31,-1.24,-1.13,,
23.957,9.33,-1.13,-1.03,,
23.972,9.34,-1.03,-0.92,,
23.986,9.3,-0.92,-0.82,,
24,9.28,-0.81,-0.71,,
24.016,9.28,-0.71,-0.61,,
24.03,9.26,-0.61,-0.51,,
24.045,9.23,-0.51,-0.41,,
24.059,9.29,-0.41,-0.31,,
24.074,9.26,-0.31,-0.22,,
24.088,9.25,-0.21,-0.12,,
24.103,9.28,-0.12,-0.03,,
24.117,9.32,-0.02,0.07,,
24.132,9.3,0.07,0.16,,
24.146,9.25,0.16,0.26,,
24.161,9.3,0.26,0.35,,
24.176,9.28,0.35,0.44,,
24.19,9.24,0.44,0.53,,
24.205,9.23,0.53,0.62,,
24.219,9.26,0.62,0.71,,
24.233,9.29,0.71,0.79,,
24.248,9.29,0.8,0.88,,
24.262,9.29,0.88,0.97,,
24.277,9.3,0.97,1.05,,
24.291,9.26,1.05,1.13,,
24.306,9.25,1.14,1.22,,
24.32,9.27,1.22,1.3,,
24.335,9.27,1.3,1.38,,
24.349,9.26,1.38,1.46,,
24.364,9.26,1.46,1.54,,
24.378,9.31,1.54,1.62,,
24.392,9.29,1.62,1.7,,
24.406,9.25,1.7,1.78,,
24.42,9.26,1.78,1.85,,
24.434,9.27,1.86,1.93,,
24.448,9.27,1.93,2,,
24.463,9.29,2.01,2.08,,
24.477,9.33,2.08,2.15,,
24.492,9.34,2.15,2.23,,
24.506,9.26,2.23,2.3,,
24.52,9.3,2.3,2.37,,
24.535,9.37,2.37,2.44,,
24.549,9.31,2.44,2.51,,
24.563,9.28,2.51,2.58,,
24.577,9.25,2.58,2.65,,
24.592,9.27,2.65,2.72,,
24.606,9.29,2.72,2.78,,
24.621,9.29,2.78,2.85,,
24.635,9.34,2.85,2.91,,
24.65,9.38,2.92,2.98,,
24.664,9.35,2.99,3.05,,
24.678,9.07,3.05,3.11,,
24.692,9.13,3.12,3.18,,
24.706,9.49,3.17,3.24,,
24.721,9.48,3.24,3.3,,
24.735,9.23,3.31,3.36,,
24.749,9.22,3.37,3.43,,
24.763,9.29,3.43,3.49,,
24.777,9.29,3.49,3.55,,
24.792,9.25,3.56,3.61,,
24.806,9.22,3.62,3.67,,
24.82,9.29,3.67,3.73,,
24.835,9.34,3.73,3.79,,
24.85,9.24,3.79,3.85,,
24.864,9.21,3.85,3.9,,
24.879,9.3,3.9,3.96,,
24.893,9.3,3.96,4.01,,
24.907,9.26,4.02,4.07,,
24.922,9.19,4.07,4.12,,
24.937,9.16,4.12,4.17,,
24.951,9.19,4.18,4.23,,
24.966,9.21,4.23,4.28,,
24.981,9.24,4.28,4.33,,
24.996,9.28,4.33,4.38,,
25.01,9.33,4.38,4.43,,
25.025,9.29,4.43,4.48,,
25.04,9.22,4.49,4.53,,
25.054,9.26,4.54,4.58,,
25.069,9.25,4.59,4.63,,
25.083,9.23,4.63,4.68,,
25.098,9.23,4.68,4.73,,
25.112,9.25,4.73,4.77,,
25.127,9.23,4.77,4.82,,
25.142,9.22,4.82,4.87,,
25.156,9.24,4.87,4.91,,
25.171,9.29,4.91,4.96,,
25.186,9.35,4.96,5,,
25.201,9.28,5,5.05,,
25.215,9.25,5.05,5.09,,
25.23,9.26,5.09,5.13,,
25.245,9.3,5.14,5.18,,
25.259,9.29,5.18,5.22,,
25.273,9.28,5.22,5.26,,
25.288,9.25,5.27,5.31,,
25.303,9.23,5.31,5.35,,
25.318,9.22,5.35,5.39,,
25.333,9.26,5.39,5.43,,
25.347,9.29,5.43,5.47,,
25.362,9.26,5.47,5.51,,
25.377,9.25,5.51,5.55,,
25.391,9.24,5.55,5.59,,
25.405,9.25,5.59,5.62,,
25.419,9.3,5.62,5.66,,
25.433,9.27,5.66,5.7,,
25.448,9.3,5.7,5.74,,
25.462,9.29,5.74,5.77,,
25.476,9.19,5.78,5.81,,
25.49,9.17,5.81,5.85,,
25.505,9.23,5.85,5.88,,
25.519,9.28,5.88,5.92,,
25.533,9.3,5.92,5.95,,
25.547,9.22,5.96,5.99,,
25.561,9.2,5.99,6.02,,
25.575,9.33,6.02,6.06,,
25.589,9.35,6.06,6.09,,
25.604,9.29,6.09,6.12,,
25.618,9.26,6.12,6.16,,
25.632,9.25,6.16,6.19,,
25.646,9.21,6.19,6.22,,
25.661,9.24,6.22,6.25,,
25.675,9.27,6.25,6.28,,
25.689,9.24,6.29,6.32,,
25.703,9.19,6.32,6.35,,
25.718,9.21,6.35,6.38,,
25.732,9.23,6.38,6.41,,
25.747,9.19,6.41,6.44,,
25.761,9.24,6.44,6.47,,
25.775,9.32,6.47,6.5,,
25.789,9.29,6.5,6.53,,
25.803,9.24,6.53,6.56,,
25.817,9.24,6.56,6.59,,
25.831,9.28,6.59,6.62,,
25.846,9.27,6.62,6.64,,
25.86,9.24,6.65,6.67,,
25.875,9.24,6.67,6.7,,
25.889,9.27,6.7,6.72,,
25.904,9.26,6.73,6.75,,
25.918,9.25,6.75,6.78,,
25.933,9.26,6.78,6.8,,
25.948,9.29,6.81,6.83,,
25.962,9.26,6.83,6.86,,
25.977,9.24,6.86,6.88,,
25.992,9.2,6.88,6.91,,
26.006,9.18,6.91,6.93,,
26.021,9.2,6.94,6.96,,
26.036,9.2,6.96,6.98,,
26.051,9.25,6.98,7.01,,
26.065,9.27,7.01,7.03,,
26.08,9.26,7.03,7.05,,
26.095,9.26,7.05,7.08,,
26.11,9.28,7.08,7.1,,
26.125,9.29,7.1,7.13,,
26.139,9.28,7.13,7.15,,
26.154,9.29,7.15,7.17,,
26.169,9.29,7.17,7.19,,
26.183,9.24,7.19,7.22,,
26.198,9.24,7.22,7.24,,
26.213,9.27,7.24,7.26,,
26.227,9.26,7.26,7.28,,
26.242,9.21,7.28,7.3,,
26.257,9.24,7.3,7.32,,
26.272,9.24,7.33,7.35,,
26.286,9.24,7.35,7.37,,
26.301,9.26,7.37,7.39,,
26.316,9.28,7.39,7.41,,
26.33,9.25,7.41,7.43,,
26.345,9.2,7.43,7.45,,
26.36,9.22,7.45,7.47,,
26.374,9.27,7.47,7.49,,
26.389,9.27,7.49,7.51,,
26.403,9.26,7.51,7.53,,
26.419,9.29,7.53,7.55,,
26.434,9.21,7.55,7.57,,
26.45,9.21,7.57,7.58,,
26.465,9.24,7.58,7.6,,
26.479,9.26,7.6,7.62,,
26.493,9.29,7.62,7.64,,
26.507,9.23,7.64,7.66,,
26.521,9.24,7.66,7.68,,
26.536,9.27,7.68,7.69,,
26.55,9.27,7.7,7.71,,
26.565,9.29,7.71,7.73,,
26.579,9.27,7.73,7.75,,
26.593,9.2,7.75,7.76,,
26.607,9.19,7.76,7.78,,
26.622,9.23,7.78,7.79,,
26.636,9.28,7.8,7.81,,
26.65,9.26,7.81,7.83,,
26.665,9.29,7.83,7.84,,
26.679,9.31,7.85,7.86,,
26.694,9.22,7.86,7.88,,
26.708,9.21,7.88,7.89,,
26.722,9.27,7.89,7.91,,
26.737,9.28,7.91,7.92,,
26.751,9.27,7.93,7.94,,
26.766,9.26,7.94,7.95,,
26.78,9.22,7.96,7.97,,
26.794,9.2,7.97,7.98,,
26.808,9.26,7.98,8,,
26.822,9.29,8,8.01,,
26.837,9.27,8.01,8.02,,
26.852,9.27,8.03,8.04,,
26.867,9.22,8.04,8.05,,
26.882,9.21,8.05,8.07,,
26.896,9.28,8.07,8.08,,
26.911,9.32,8.08,8.09,,
26.925,9.26,8.1,8.11,,
26.94,9.2,8.11,8.12,,
26.954,9.25,8.12,8.13,,
26.969,9.24,8.14,8.15,,
26.984,9.26,8.15,8.16,,
26.999,9.25,8.16,8.17,,
27.013,9.22,8.17,8.18,,
27.028,9.25,8.18,8.2,,
27.042,9.22,8.2,8.21,,
27.057,9.24,8.21,8.22,,
27.072,9.31,8.22,8.23,,
27.086,9.32,8.23,8.25,,
27.101,9.21,8.25,8.26,,
27.116,9.17,8.26,8.27,,
27.132,9.2,8.27,8.28,,
27.146,9.29,8.28,8.29,,
27.161,9.27,8.29,8.3,,
27.175,9.23,8.3,8.31,,
27.19,9.26,8.31,8.32,,
27.204,9.24,8.32,8.33,,
27.219,9.27,8.34,8.34,,
27.234,9.25,8.35,8.36,,
27.248,9.23,8.36,8.37,,
27.263,9.22,8.37,8.38,,
27.277,9.18,8.38,8.39,,
27.292,9.17,8.39,8.4,,
27.307,9.23,8.4,8.41,,
27.321,9.22,8.41,8.42,,
27.336,9.25,8.42,8.43,,
27.35,9.24,8.43,8.44,,
27.365,9.27,8.44,8.45,,
27.381,9.28,8.45,8.46,,
27.395,9.23,8.46,8.47,,
27.409,9.26,8.47,8.48,,
27.423,9.21,8.48,8.49,,
27.438,9.18,8.49,8.49,,
27.453,9.27,8.5,8.5,,
27.467,9.29,8.51,8.51,,
27.481,9.28,8.52,8.52,,
27.496,9.23,8.53,8.53,,
27.51,9.23,8.54,8.54,,
27.524,9.26,8.54,8.55,,
27.539,9.31,8.55,8.56,,
27.553,9.31,8.56,8.57,,
27.567,9.29,8.57,8.58,,
27.581,9.32,8.58,8.59,,
27.596,9.33,8.59,8.6,,
27.61,9.28,8.6,8.6,,
27.624,9.21,8.61,8.61,,
27.638,9.21,8.62,8.62,,
27.653,9.31,8.62,8.63,,
27.667,9.31,8.63,8.64,,
27.682,9.23,8.64,8.65,,
27.696,9.23,8.65,8.65,,
27.711,9.21,8.65,8.66,,
27.725,9.21,8.66,8.67,,
27.739,9.25,8.67,8.68,,
27.753,9.31,8.68,8.68,,
27.768,9.29,8.69,8.69,,
27.782,9.23,8.69,8.7,,
27.797,9.2,8.7,8.71,,
27.811,9.22,8.71,8.71,,
27.825,9.22,8.71,8.72,,
27.839,9.25,8.72,8.73,,
27.854,9.27,8.73,8.73,,
27.868,9.24,8.74,8.74,,
27.883,9.26,8.74,8.75,,
27.898,9.27,8.75,8.75,,
27.913,9.25,8.76,8.76,,
27.927,9.24,8.76,8.77,,
27.943,9.27,8.77,8.77,,
27.957,9.27,8.78,8.78,,
27.971,9.26,8.78,8.79,,
27.986,9.27,8.79,8.79,,
28.001,9.25,8.8,8.8,,
28.016,9.25,8.8,8.81,,
28.03,9.25,8.81,8.81,,
28.045,9.24,8.81,8.82,,
28.059,9.22,8.82,8.82,,
28.073,9.25,8.83,8.83,,
28.088,9.3,8.83,8.84,,
28.103,9.26,8.84,8.84,,
28.118,9.23,8.85,8.85,,
28.132,9.27,8.85,8.86,,
28.147,9.27,8.86,8.86,,
28.162,9.26,8.87,8.87,,
28.177,9.23,8.87,8.87,,
28.192,9.21,8.88,8.88,,
28.206,9.22,8.88,8.88,,
28.221,9.24,8.89,8.89,,
28.235,9.27,8.89,8.9,,
28.249,9.24,8.9,8.9,,
28.264,9.27,8.9,8.91,,
28.278,9.29,8.91,8.91,,
28.293,9.32,8.91,8.92,,
28.307,9.32,8.92,8.92,,
28.322,9.27,8.93,8.93,,
28.336,9.18,8.93,8.93,,
28.351,9.23,8.93,8.94,,
28.365,9.22,8.94,8.94,,
28.379,9.23,8.94,8.95,,
28.394,9.27,8.95,8.95,,
28.408,9.29,8.95,8.96,,
28.422,9.28,8.96,8.96,,
28.437,9.28,8.96,8.97,,
28.451,9.32,8.97,8.97,,
28.465,9.27,8.98,8.98,,
28.479,9.25,8.98,8.98,,
28.493,9.23,8.98,8.99,,
28.508,9.23,8.99,8.99,,
28.522,9.19,8.99,8.99,,
28.536,9.18,9,9,,
28.551,9.25,9,9,,
28.565,9.25,9,9.01,,
28.579,9.21,9.01,9.01,,
28.594,9.22,9.01,9.01,,
28.608,9.28,9.02,9.02,,
28.623,9.23,9.02,9.02,,
28.637,9.19,9.03,9.03,,
28.652,9.26,9.03,9.03,,
28.666,9.29,9.03,9.04,,
28.68,9.28,9.04,9.04,,
28.694,9.25,9.04,9.05,,
28.708,9.19,9.05,9.05,,
28.723,9.15,9.05,9.05,,
28.737,9.22,9.06,9.06,,
28.751,9.23,9.06,9.06,,
28.765,9.22,9.06,9.06,,
28.78,9.24,9.07,9.07,,
28.794,9.26,9.07,9.07,,
28.808,9.29,9.07,9.07,,
28.822,9.29,9.08,9.08,,
28.837,9.28,9.08,9.08,,
28.851,9.25,9.08,9.09,,
28.866,9.27,9.09,9.09,,
28.88,9.24,9.09,9.09,,
28.895,9.22,9.09,9.09,,
28.91,9.24,9.09,9.1,,
28.924,9.23,9.1,9.1,,
28.939,9.21,9.1,9.1,,
28.954,9.21,9.1,9.1,,
28.97,9.21,9.11,9.11,,
28.985,9.23,9.11,9.11,,
29,9.21,9.11,9.11,,
29.014,9.22,9.11,9.12,,
29.029,9.27,9.12,9.12,,
29.044,9.29,9.12,9.12,,
29.058,9.33,9.13,9.13,,
29.073,9.31,9.13,9.13,,
29.087,9.22,9.13,9.13,,
29.102,9.29,9.14,9.14,,
29.117,9.31,9.14,9.14,,
29.132,9.27,9.14,9.14,,
29.146,9.26,9.14,9.14,,
29.161,9.31,9.15,9.15,,
29.176,9.3,9.15,9.15,,
29.191,9.27,9.15,9.15,,
29.205,9.23,9.16,9.16,,
29.22,9.25,9.16,9.16,,
29.234,9.21,9.16,9.16,,
29.249,9.22,9.16,9.16,,
29.264,9.19,9.16,9.16,,
29.278,9.21,9.16,9.16,,
29.292,9.33,9.17,9.17,,
29.307,9.27,9.17,9.17,,
29.322,9.2,9.17,9.17,,
29.337,9.25,9.18,9.18,,
29.352,9.25,9.18,9.18,,
29.366,9.24,9.18,9.18,,
29.381,9.25,9.18,9.18,,
29.396,9.25,9.19,9.19,,
29.41,9.24,9.19,9.19,,
29.424,9.23,9.19,9.19,,
29.439,9.24,9.19,9.19,,
29.453,9.24,9.2,9.2,,
29.467,9.28,9.2,9.2,,
29.481,9.27,9.2,9.2,,
29.495,9.26,9.2,9.2,,
29.51,9.23,9.2,9.2,,
29.524,9.21,9.21,9.21,,
29.538,9.23,9.21,9.21,,
29.552,9.2,9.21,9.21,,
29.567,9.17,9.21,9.21,,
29.582,9.24,9.21,9.21,,
29.596,9.22,9.21,9.21,,
29.61,9.25,9.21,9.22,,
29.625,9.32,9.22,9.22,,
29.639,9.29,9.22,9.22,,
29.653,9.27,9.22,9.22,,
29.668,9.25,9.23,9.23,,
29.682,9.28,9.23,9.23,,
29.696,9.29,9.23,9.23,,
29.71,9.23,9.23,9.23,,
29.725,9.23,9.23,9.23,,
29.739,9.25,9.24,9.24,,
29.754,9.25,9.24,9.24,,
29.768,9.23,9.24,9.24,,
29.782,9.24,9.24,9.24,,
29.796,9.21,9.25,9.25,,
29.81,9.19,9.25,9.25,,
29.825,9.22,9.25,9.25,,
29.839,9.3,9.25,9.25,,
29.854,9.29,9.25,9.25,,
29.868,9.22,9.25,9.25,,
29.884,9.24,9.26,9.26,,
29.898,9.27,9.26,9.26,,
29.914,9.28,9.26,9.26,,
29.928,9.33,9.26,9.26,,
29.942,9.28,9.27,9.27,,
29.956,9.25,9.27,9.27,,
29.971,9.25,9.27,9.27,,
29.986,9.26,9.27,9.27,,
30.001,9.27,9.27,9.27,,
30.016,9.3,9.28,9.28,,
30.031,9.3,9.28,9.28,,
30.045,9.26,9.28,9.28,,
30.059,9.21,9.28,9.28,,
30.074,9.24,9.28,9.28,,
30.089,9.26,9.28,9.28,,
30.104,9.26,9.29,9.29,,
30.12,9.22,9.29,9.29,,
30.134,9.28,9.29,9.29,,
30.149,9.28,9.29,9.29,,
30.163,9.25,9.29,9.29,,
30.178,9.25,9.29,9.29,,
30.192,9.22,9.29,9.29,,
30.207,9.21,9.29,9.29,,
30.222,9.26,9.3,9.3,,
30.236,9.27,9.3,9.3,,
30.251,9.23,9.3,9.3,,
30.266,9.2,9.3,9.3,,
30.28,9.2,9.3,9.3,,
30.295,9.29,9.3,9.3,,
30.309,9.3,9.3,9.3,,
30.323,9.25,9.3,9.3,,
30.338,9.24,9.3,9.3,,
30.353,9.25,9.31,9.31,,
30.367,9.27,9.31,9.31,,
30.382,9.24,9.31,9.31,,
30.396,9.24,9.31,9.31,,
30.411,9.27,9.31,9.31,,
30.425,9.27,9.31,9.31,,
30.44,9.28,9.31,9.31,,
30.454,9.27,9.31,9.31,,
30.468,9.24,9.32,9.31,,
30.483,9.28,9.32,9.32,,
30.497,9.31,9.32,9.32,,
30.511,9.22,9.32,9.32,,
30.526,9.2,9.32,9.32,,
30.54,9.27,9.32,9.32,,
30.554,9.31,9.32,9.32,,
30.568,9.35,9.32,9.32,,
30.583,9.33,9.33,9.33,,
30.597,9.28,9.33,9.33,,
30.611,9.24,9.33,9.33,,
30.625,9.26,9.33,9.33,,
30.64,9.24,9.33,9.33,,
30.654,9.26,9.33,9.33,,
30.668,9.27,9.33,9.33,,
30.682,9.25,9.33,9.33,,
30.697,9.3,9.34,9.33,,
30.711,9.28,9.34,9.34,,
30.725,9.26,9.34,9.34,,
30.739,9.23,9.34,9.34,,
30.753,9.22,9.34,9.34,,
30.768,9.23,9.34,9.34,,
30.782,9.26,9.34,9.34,,
30.796,9.33,9.34,9.34,,
30.811,9.3,9.34,9.34,,
30.825,9.17,9.35,9.34,,
30.84,9.2,9.35,9.34,,
30.854,9.24,9.35,9.34,,
30.868,9.31,9.35,9.34,,
30.882,9.33,9.35,9.35,,
30.897,9.23,9.35,9.35,,
30.911,9.19,9.35,9.35,,
30.925,9.3,9.35,9.35,,
30.94,9.32,9.35,9.35,,
30.954,9.29,9.35,9.35,,
30.969,9.27,9.35,9.35,,
30.983,9.24,9.36,9.35,,
30.998,9.29,9.36,9.36,,
31.012,9.29,9.36,9.36,,
31.027,9.23,9.36,9.36,,
31.042,9.21,9.36,9.36,,
31.057,9.23,9.36,9.36,,
31.071,9.26,9.36,9.36,,
31.086,9.28,9.36,9.36,,
31.101,9.27,9.36,9.36,,
31.115,9.26,9.36,9.36,,
31.13,9.26,9.36,9.36,,
31.144,9.19,9.36,9.36,,
31.159,9.19,9.36,9.36,,
31.174,9.29,9.36,9.36,,
31.188,9.34,9.36,9.36,,
31.203,9.26,9.36,9.36,,
31.217,9.22,9.36,9.36,,
31.232,9.24,9.36,9.36,,
31.247,9.3,9.36,9.36,,
31.261,9.23,9.36,9.36,,
31.275,9.18,9.36,9.36,,
31.29,9.2,9.36,9.36,,
31.304,9.26,9.36,9.36,,
31.319,9.29,9.36,9.36,,
31.334,9.27,9.37,9.36,,
31.348,9.26,9.37,9.37,,
31.363,9.29,9.37,9.37,,
31.377,9.31,9.37,9.37,,
31.392,9.27,9.37,9.37,,
31.406,9.28,9.37,9.37,,
31.42,9.29,9.37,9.37,,
31.435,9.29,9.37,9.37,,
31.449,9.32,9.37,9.37,,
31.463,9.32,9.37,9.37,,
31.477,9.24,9.37,9.37,,
31.492,9.25,9.37,9.37,,
31.506,9.25,9.37,9.37,,
31.52,9.28,9.37,9.37,,
31.534,9.29,9.37,9.37,,
31.548,9.33,9.37,9.37,,
31.563,9.31,9.38,9.38,,
31.577,9.2,9.38,9.38,,
31.591,9.19,9.38,9.37,,
31.605,9.23,9.38,9.37,,
31.62,9.3,9.38,9.37,,
31.634,9.28,9.38,9.37,,
31.649,9.27,9.38,9.37,,
31.663,9.29,9.38,9.38,,
31.677,9.28,9.38,9.38,,
31.692,9.27,9.38,9.38,,
31.706,9.23,9.38,9.38,,
31.721,9.23,9.38,9.38,,
31.735,9.29,9.38,9.38,,
31.75,9.24,9.38,9.38,,
31.764,9.22,9.38,9.38,,
31.778,9.25,9.38,9.38,,
31.792,9.27,9.38,9.38,,
31.807,9.24,9.38,9.38,,
31.821,9.19,9.38,9.38,,
31.836,9.25,9.38,9.38,,
31.85,9.27,9.38,9.38,,
31.864,9.29,9.38,9.38,,
31.879,9.26,9.38,9.38,,
31.893,9.26,9.38,9.38,,
31.907,9.26,9.39,9.38,,
31.922,9.24,9.39,9.39,,
31.936,9.25,9.39,9.39,,
31.95,9.3,9.39,9.39,,
31.965,9.27,9.39,9.39,,
31.979,9.24,9.39,9.39,,
31.993,9.27,9.39,9.39,,
32.008,9.25,9.39,9.39,,
32.022,9.2,9.39,9.39,,
32.036,9.21,9.39,9.39,,
32.051,9.26,9.39,9.39,,
32.065,9.22,9.39,9.39,,
32.08,9.21,9.39,9.39,,
32.094,9.29,9.39,9.39,,
32.109,9.26,9.39,9.39,,
32.123,9.26,9.39,9.39,,
32.138,9.23,9.39,9.39,,
32.153,9.25,9.39,9.39,,
32.168,9.28,9.39,9.39,,
32.182,9.28,9.4,9.39,,
32.196,9.23,9.4,9.39,,
32.211,9.23,9.4,9.39,,
32.225,9.22,9.4,9.39,,
32.24,9.22,9.4,9.39,,
32.254,9.2,9.4,9.39,,
32.269,9.29,9.4,9.4,,
32.283,9.33,9.4,9.4,,
32.298,9.3,9.4,9.4,,
32.313,9.29,9.4,9.39,,
32.327,9.26,9.39,9.39,,
32.342,9.27,9.39,9.39,,
32.356,9.26,9.39,9.39,,
32.371,9.18,9.39,9.39,,
32.385,9.21,9.39,9.39,,
32.4,9.26,9.39,9.39,,
32.415,9.24,9.4,9.39,,
32.43,9.23,9.4,9.39,,
32.444,9.24,9.4,9.4,,
32.458,9.24,9.4,9.4,,
32.472,9.28,9.4,9.4,,
32.487,9.26,9.4,9.4,,
32.501,9.23,9.4,9.39,,
32.516,9.22,9.4,9.39,,
32.53,9.27,9.4,9.39,,
32.545,9.27,9.4,9.39,,
32.559,9.3,9.4,9.4,,
32.573,9.32,9.4,9.4,,
32.587,9.26,9.4,9.4,,
32.602,9.22,9.4,9.4,,
32.616,9.17,9.4,9.4,,
32.63,9.21,9.4,9.4,,
32.644,9.23,9.4,9.4,,
32.659,9.22,9.4,9.4,,
32.673,9.22,9.4,9.4,,
32.687,9.27,9.4,9.4,,
32.701,9.3,9.4,9.4,,
32.716,9.22,9.4,9.4,,
32.73,9.24,9.4,9.4,,
32.744,9.31,9.4,9.4,,
32.758,9.29,9.4,9.4,,
32.773,9.24,9.4,9.4,,
32.787,9.26,9.4,9.4,,
32.801,9.29,9.4,9.4,,
32.816,9.27,9.4,9.4,,
32.83,9.25,9.4,9.4,,
32.844,9.32,9.4,9.4,,
32.859,9.33,9.4,9.4,,
32.873,9.28,9.4,9.4,,
32.887,9.25,9.4,9.4,,
32.901,9.3,9.4,9.4,,
32.916,9.31,9.41,9.4,,
32.93,9.32,9.41,9.41,,
32.945,9.28,9.41,9.41,,
32.96,9.26,9.41,9.41,,
32.974,9.23,9.41,9.41,,
32.989,9.22,9.41,9.41,,
33.005,9.23,9.41,9.41,,
33.019,9.25,9.41,9.41,,
33.033,9.28,9.41,9.41,,
33.048,9.31,9.41,9.41,,
33.062,9.3,9.41,9.41,,
33.077,9.26,9.41,9.41,,
33.091,9.24,9.41,9.41,,
33.106,9.3,9.41,9.41,,
33.12,9.28,9.41,9.41,,
33.135,9.23,9.41,9.41,,
33.15,9.23,9.41,9.41,,
33.164,9.24,9.41,9.41,,
33.179,9.29,9.41,9.41,,
33.194,9.34,9.41,9.41,,
33.209,9.3,9.41,9.41,,
33.223,9.27,9.41,9.41,,
33.238,9.32,9.41,9.41,,
33.253,9.34,9.41,9.41,,
33.267,9.28,9.41,9.41,,
33.282,9.25,9.41,9.41,,
33.296,9.23,9.41,9.41,,
33.311,9.13,9.41,9.41,,
33.326,9.17,9.41,9.41,,
33.341,9.23,9.41,9.41,,
33.356,9.23,9.41,9.41,,
33.37,9.26,9.41,9.41,,
33.384,9.24,9.41,9.41,,
33.399,9.26,9.41,9.41,,
33.414,9.25,9.41,9.41,,
33.429,9.27,9.41,9.41,,
33.443,9.26,9.41,9.41,,
33.457,9.24,9.41,9.41,,
33.472,9.21,9.41,9.41,,
33.487,9.2,9.41,9.41,,
33.501,9.24,9.41,9.41,,
33.515,9.3,9.41,9.41,,
33.529,9.29,9.41,9.41,,
33.544,9.22,9.41,9.41,,
33.558,9.17,9.41,9.41,,
33.572,9.24,9.41,9.41,,
33.586,9.29,9.41,9.41,,
33.601,9.29,9.41,9.41,,
33.616,9.28,9.41,9.41,,
33.63,9.26,9.41,9.41,,
33.644,9.25,9.41,9.41,,
33.658,9.26,9.41,9.41,,
33.673,9.27,9.41,9.41,,
33.687,9.25,9.41,9.41,,
33.701,9.24,9.41,9.41,,
33.715,9.24,9.41,9.41,,
33.73,9.23,9.41,9.41,,
33.744,9.17,9.41,9.41,,
33.758,9.22,9.41,9.41,,
33.772,9.25,9.41,9.41,,
33.787,9.31,9.41,9.41,,
33.801,9.32,9.41,9.41,,
33.815,9.19,9.41,9.41,,
33.829,9.19,9.41,9.41,,
33.844,9.22,9.41,9.41,,
33.858,9.24,9.41,9.41,,
33.872,9.3,9.41,9.41,,
33.887,9.32,9.41,9.41,,
33.902,9.25,9.41,9.41,,
33.916,9.22,9.41,9.41,,
33.93,9.28,9.41,9.41,,
33.945,9.3,9.41,9.41,,
33.96,9.28,9.41,9.41,,
33.975,9.31,9.41,9.41,,
33.99,9.3,9.41,9.41,,
34.004,9.28,9.42,9.41,,
34.019,9.18,9.42,9.41,,
34.033,9.21,9.41,9.41,,
34.048,9.25,9.41,9.41,,
34.063,9.28,9.42,9.41,,
34.078,9.29,9.42,9.42,,
34.092,9.27,9.42,9.42,,
34.107,9.23,9.42,9.41,,
34.122,9.24,9.42,9.41,,
34.136,9.27,9.41,9.41,,
34.151,9.26,9.41,9.41,,
34.165,9.25,9.41,9.41,,
34.18,9.25,9.41,9.41,,
34.195,9.24,9.41,9.41,,
34.21,9.28,9.41,9.41,,
34.225,9.3,9.41,9.41,,
34.24,9.23,9.41,9.41,,
34.254,9.25,9.41,9.41,,
34.269,9.24,9.41,9.41,,
34.283,9.25,9.41,9.41,,
34.298,9.27,9.41,9.41,,
34.312,9.24,9.41,9.41,,
34.327,9.3,9.41,9.41,,
34.341,9.31,9.41,9.41,,
34.357,9.21,9.42,9.41,,
34.372,9.24,9.41,9.41,,
34.386,9.23,9.41,9.41,,
34.401,9.21,9.41,9.41,,
34.416,9.21,9.41,9.41,,
34.431,9.23,9.41,9.41,,
34.445,9.25,9.41,9.41,,
34.46,9.21,9.41,9.41,,
34.474,9.25,9.41,9.41,,
34.488,9.28,9.41,9.41,,
34.502,9.27,9.41,9.41,,
34.516,9.32,9.41,9.41,,
34.531,9.31,9.42,9.41,,
34.545,9.24,9.42,9.41,,
34.559,9.24,9.42,9.41,,
34.573,9.17,9.42,9.41,,
34.588,9.18,9.41,9.41,,
34.602,9.22,9.41,9.41,,
34.616,9.24,9.41,9.41,,
34.631,9.26,9.41,9.41,,
34.645,9.29,9.42,9.41,,
34.659,9.28,9.42,9.41,,
34.674,9.3,9.42,9.41,,
34.688,9.33,9.41,9.41,,
34.702,9.32,9.41,9.41,,
34.716,9.27,9.41,9.41,,
34.73,9.2,9.41,9.41,,
34.744,9.2,9.41,9.41,,
34.759,9.22,9.41,9.41,,
34.773,9.19,9.41,9.41,,
34.787,9.2,9.41,9.41,,
34.801,9.24,9.41,9.41,,
34.816,9.25,9.41,9.41,,
34.83,9.25,9.41,9.41,,
34.844,9.27,9.41,9.41,,
34.858,9.29,9.41,9.41,,
34.872,9.31,9.41,9.41,,
34.887,9.29,9.41,9.41,,
34.901,9.25,9.41,9.41,,
34.916,9.22,9.41,9.41,,
34.931,9.21,9.41,9.41,,
34.945,9.27,9.41,9.41,,
34.96,9.34,9.41,9.41,,
34.975,9.33,9.41,9.41,,
34.989,9.26,9.41,9.41,,
35.003,9.24,9.41,9.41,,
35.018,9.25,9.41,9.41,,
35.033,9.28,9.41,9.41,,
35.047,9.26,9.41,9.41,,
35.061,9.26,9.41,9.41,,
35.076,9.32,9.41,9.41,,
35.091,9.29,9.41,9.41,,
35.105,9.28,9.41,9.41,,
35.12,9.32,9.41,9.41,,
35.135,9.29,9.41,9.41,,
35.15,9.24,9.41,9.41,,
35.164,9.23,9.41,9.41,,
35.179,9.26,9.41,9.41,,
35.193,9.26,9.41,9.41,,
35.208,9.23,9.41,9.41,,
35.223,9.25,9.41,9.41,,
35.238,9.25,9.41,9.41,,
35.252,9.22,9.41,9.41,,
35.266,9.24,9.41,9.41,,
35.281,9.27,9.41,9.41,,
35.296,9.22,9.41,9.41,,
35.311,9.24,9.42,9.41,,
35.325,9.29,9.42,9.41,,
35.34,9.26,9.42,9.42,,
35.356,9.24,9.42,9.42,,
35.371,9.22,9.42,9.42,,
35.385,9.26,9.42,9.42,,
35.4,9.25,9.42,9.42,,
35.415,9.24,9.42,9.42,,
35.429,9.22,9.42,9.42,,
35.444,9.25,9.42,9.42,,
35.458,9.26,9.42,9.42,,
35.472,9.28,9.42,9.42,,
35.487,9.25,9.42,9.42,,
35.501,9.24,9.42,9.42,,
35.515,9.22,9.42,9.42,,
35.529,9.22,9.42,9.42,,
35.544,9.33,9.42,9.42,,
35.558,9.33,9.42,9.42,,
35.573,9.27,9.42,9.42,,
35.587,9.29,9.42,9.42,,
35.601,9.25,9.42,9.42,,
35.617,9.24,9.42,9.42,,
35.631,9.24,9.42,9.42,,
35.646,9.25,9.42,9.42,,
35.66,9.24,9.42,9.42,,
35.675,9.27,9.42,9.42,,
35.69,9.29,9.42,9.42,,
35.705,9.29,9.42,9.42,,
35.719,9.29,9.42,9.42,,
35.734,9.26,9.42,9.42,,
35.748,9.26,9.42,9.42,,
35.762,9.26,9.42,9.42,,
35.776,9.3,9.42,9.42,,
35.791,9.24,9.42,9.42,,
35.805,9.25,9.42,9.42,,
35.82,9.26,9.42,9.42,,
35.834,9.24,9.42,9.42,,
35.848,9.24,9.43,9.42,,
35.862,9.23,9.43,9.42,,
35.876,9.21,9.42,9.42,,
35.891,9.26,9.42,9.42,,
35.906,9.29,9.42,9.42,,
35.92,9.23,9.42,9.42,,
35.934,9.25,9.42,9.42,,
35.949,9.27,9.42,9.42,,
35.964,9.24,9.42,9.42,,
35.978,9.3,9.42,9.42,,
35.993,9.26,9.42,9.42,,
36.008,9.24,9.42,9.42,,
36.022,9.32,9.42,9.42,,
36.037,9.28,9.42,9.42,,
36.052,9.22,9.42,9.42,,
36.066,9.24,9.42,9.42,,
36.081,9.31,9.42,9.42,,
36.096,9.29,9.42,9.42,,
36.11,9.22,9.42,9.42,,
36.125,9.22,9.42,9.42,,
36.14,9.3,9.42,9.42,,
36.155,9.26,9.42,9.42,,
36.169,9.27,9.42,9.42,,
36.183,9.34,9.42,9.42,,
36.198,9.27,9.42,9.42,,
36.213,9.26,9.42,9.42,,
36.228,9.27,9.42,9.42,,
36.243,9.23,9.42,9.42,,
36.257,9.21,9.42,9.42,,
36.272,9.27,9.42,9.42,,
36.287,9.27,9.42,9.42,,
36.301,9.23,9.42,9.42,,
36.316,9.22,9.42,9.42,,
36.33,9.22,9.42,9.42,,
36.345,9.21,9.42,9.42,,
36.359,9.21,9.42,9.42,,
36.374,9.3,9.42,9.42,,
36.389,9.3,9.42,9.42,,
36.404,9.21,9.42,9.42,,
36.419,9.18,9.42,9.42,,
36.434,9.27,9.42,9.42,,
36.447,9.26,9.42,9.42,,
36.462,9.24,9.42,9.42,,
36.476,9.28,9.43,9.42,,
36.49,9.27,9.43,9.42,,
36.504,9.24,9.43,9.42,,
36.519,9.26,9.43,9.43,,
36.533,9.22,9.43,9.43,,
36.547,9.23,9.43,9.43,,
36.561,9.24,9.43,9.42,,
36.575,9.23,9.43,9.42,,
36.591,9.26,9.43,9.42,,
36.605,9.26,9.43,9.42,,
36.619,9.26,9.43,9.42,,
36.634,9.25,9.43,9.43,,
36.648,9.25,9.43,9.43,,
36.662,9.35,9.43,9.43,,
36.676,9.38,9.43,9.43,,
36.69,9.28,9.43,9.43,,
36.704,9.22,9.43,9.43,,
36.719,9.27,9.43,9.43,,
36.733,9.32,9.43,9.43,,
36.747,9.3,9.43,9.43,,
36.761,9.25,9.43,9.43,,
36.775,9.25,9.43,9.43,,
36.789,9.27,9.43,9.43,,
36.803,9.25,9.43,9.43,,
36.818,9.25,9.43,9.43,,
36.832,9.28,9.43,9.43,,
36.846,9.29,9.43,9.43,,
36.861,9.21,9.43,9.43,,
36.875,9.23,9.43,9.43,,
36.889,9.28,9.43,9.43,,
36.904,9.27,9.43,9.43,,
36.918,9.22,9.43,9.43,,
36.933,9.19,9.43,9.43,,
36.947,9.26,9.43,9.43,,
36.962,9.28,9.43,9.43,,
36.976,9.3,9.43,9.43,,
36.991,9.3,9.43,9.43,,
37.005,9.28,9.43,9.43,,
37.02,9.28,9.44,9.43,,
37.034,9.28,9.43,9.43,,
37.049,9.27,9.43,9.43,,
37.064,9.28,9.43,9.43,,
37.078,9.29,9.44,9.43,,
37.093,9.29,9.44,9.43,,
37.107,9.26,9.44,9.43,,
37.121,9.29,9.44,9.43,,
37.136,9.37,9.44,9.44,,
37.151,9.3,9.44,9.44,,
37.165,9.21,9.44,9.44,,
37.18,9.24,9.44,9.44,,
37.194,9.28,9.44,9.44,,
37.209,9.27,9.44,9.44,,
37.224,9.19,9.44,9.44,,
37.239,9.16,9.44,9.44,,
37.253,9.26,9.44,9.44,,
37.268,9.29,9.44,9.44,,
37.282,9.29,9.44,9.44,,
37.297,9.31,9.44,9.44,,
37.311,9.3,9.44,9.44,,
37.326,9.26,9.44,9.44,,
37.341,9.26,9.44,9.44,,
37.356,9.26,9.44,9.44,,
37.37,9.25,9.44,9.44,,
37.384,9.26,9.44,9.44,,
37.399,9.23,9.44,9.44,,
37.414,9.22,9.44,9.44,,
37.428,9.25,9.44,9.44,,
37.443,9.28,9.44,9.44,,
37.457,9.31,9.44,9.44,,
37.472,9.26,9.44,9.44,,
37.486,9.27,9.44,9.44,,
37.5,9.24,9.44,9.44,,
37.514,9.23,9.44,9.44,,
37.528,9.24,9.44,9.44,,
37.543,9.29,9.44,9.44,,
37.557,9.26,9.44,9.44,,
37.571,9.24,9.44,9.44,,
37.586,9.27,9.44,9.44,,
37.6,9.25,9.44,9.44,,
37.615,9.26,9.44,9.44,,
37.629,9.26,9.44,9.44,,
37.643,9.25,9.44,9.44,,
37.657,9.23,9.44,9.44,,
37.671,9.28,9.44,9.44,,
37.686,9.28,9.44,9.44,,
37.7,9.25,9.44,9.44,,
37.714,9.21,9.44,9.44,,
37.729,9.23,9.44,9.44,,
37.743,9.26,9.44,9.44,,
37.758,9.23,9.44,9.44,,
37.772,9.26,9.44,9.44,,
37.786,9.32,9.44,9.44,,
37.8,9.28,9.44,9.44,,
37.814,9.3,9.44,9.44,,
37.829,9.28,9.44,9.44,,
37.843,9.28,9.44,9.44,,
37.857,9.28,9.44,9.44,,
37.871,9.28,9.44,9.44,,
37.885,9.25,9.44,9.44,,
37.9,9.27,9.44,9.44,,
37.914,9.29,9.44,9.44,,
37.929,9.33,9.44,9.44,,
37.944,9.33,9.44,9.44,,
37.958,9.26,9.44,9.44,,
37.973,9.25,9.44,9.44,,
37.988,9.32,9.44,9.44,,
38.002,9.32,9.44,9.44,,
38.017,9.29,9.44,9.44,,
38.031,9.27,9.44,9.44,,
38.046,9.22,9.44,9.44,,
38.061,9.25,9.44,9.44,,
38.076,9.25,9.44,9.44,,
38.09,9.25,9.44,9.44,,
38.105,9.28,9.44,9.44,,
38.119,9.27,9.44,9.44,,
38.133,9.24,9.44,9.44,,
38.148,9.23,9.44,9.44,,
38.162,9.28,9.44,9.44,,
38.176,9.27,9.44,9.44,,
38.191,9.27,9.45,9.44,,
38.206,9.26,9.45,9.44,,
38.22,9.26,9.45,9.44,,
38.235,9.24,9.44,9.44,,
38.249,9.28,9.45,9.44,,
38.264,9.34,9.45,9.45,,
38.279,9.26,9.45,9.45,,
38.293,9.24,9.45,9.45,,
38.308,9.26,9.45,9.45,,
38.323,9.27,9.45,9.44,,
38.338,9.27,9.45,9.44,,
38.353,9.26,9.45,9.44,,
38.368,9.28,9.45,9.44,,
38.383,9.29,9.45,9.44,,
38.397,9.29,9.45,9.44,,
38.412,9.25,9.44,9.44,,
38.426,9.28,9.44,9.44,,
38.441,9.34,9.44,9.44,,
38.456,9.29,9.45,9.44,,
38.471,9.23,9.45,9.44,,
38.485,9.22,9.45,9.44,,
38.499,9.29,9.45,9.44,,
38.513,9.3,9.45,9.45,,
38.528,9.29,9.45,9.45,,
38.542,9.18,9.45,9.45,,
38.556,9.19,9.45,9.44,,
38.571,9.31,9.45,9.44,,
38.586,9.36,9.45,9.44,,
38.6,9.34,9.45,9.45,,
38.614,9.29,9.45,9.45,,
38.628,9.27,9.45,9.45,,
38.643,9.26,9.45,9.44,,
38.657,9.29,9.45,9.44,,
38.672,9.33,9.45,9.44,,
38.686,9.32,9.45,9.45,,
38.7,9.27,9.45,9.45,,
38.714,9.26,9.45,9.45,,
38.728,9.22,9.45,9.45,,
38.743,9.24,9.45,9.45,,
38.757,9.29,9.45,9.45,,
38.771,9.26,9.45,9.45,,
38.785,9.32,9.45,9.45,,
38.8,9.31,9.45,9.45,,
38.814,9.29,9.45,9.45,,
38.828,9.22,9.45,9.45,,
38.843,9.25,9.45,9.45,,
38.857,9.29,9.45,9.45,,
38.871,9.25,9.45,9.45,,
38.886,9.25,9.45,9.45,,
38.9,9.3,9.45,9.45,,
38.914,9.32,9.45,9.45,,
38.929,9.29,9.45,9.45,,
38.943,9.24,9.45,9.45,,
38.958,9.19,9.45,9.45,,
38.972,9.2,9.45,9.45,,
38.987,9.28,9.45,9.45,,
39.002,9.29,9.45,9.45,,
39.016,9.28,9.45,9.45,,
39.031,9.23,9.45,9.45,,
39.046,9.21,9.45,9.44,,
39.061,9.23,9.45,9.44,,
39.075,9.24,9.45,9.44,,
39.09,9.29,9.44,9.44,,
39.105,9.3,9.44,9.44,,
39.119,9.29,9.44,9.44,,
39.134,9.24,9.45,9.44,,
39.149,9.23,9.45,9.44,,
39.164,9.24,9.45,9.44,,
39.178,9.2,9.45,9.44,,
39.192,9.23,9.45,9.44,,
39.207,9.26,9.45,9.44,,
39.222,9.28,9.45,9.45,,
39.237,9.3,9.45,9.45,,
39.251,9.28,9.45,9.45,,
39.266,9.2,9.45,9.44,,
39.28,9.26,9.45,9.44,,
39.295,9.34,9.45,9.44,,
39.31,9.27,9.45,9.44,,
39.325,9.25,9.45,9.44,,
39.34,9.24,9.45,9.44,,
39.354,9.24,9.45,9.44,,
39.369,9.31,9.45,9.44,,
39.383,9.28,9.45,9.45,,
39.398,9.25,9.45,9.45,,
39.413,9.2,9.45,9.45,,
39.427,9.24,9.45,9.45,,
39.442,9.27,9.45,9.45,,
39.457,9.26,9.45,9.45,,
39.471,9.26,9.45,9.45,,
39.485,9.27,9.45,9.45,,
39.501,9.26,9.45,9.45,,
39.515,9.26,9.45,9.45,,
39.53,9.27,9.45,9.45,,
39.544,9.25,9.45,9.45,,
39.559,9.27,9.45,9.45,,
39.573,9.25,9.45,9.45,,
39.589,9.27,9.45,9.45,,
39.603,9.3,9.45,9.45,,
39.618,9.22,9.45,9.45,,
39.632,9.19,9.45,9.44,,
39.646,9.31,9.45,9.44,,
39.66,9.33,9.45,9.44,,
39.675,9.29,9.45,9.44,,
39.689,9.24,9.45,9.44,,
39.703,9.31,9.45,9.44,,
39.717,9.27,9.44,9.44,,
39.731,9.25,9.44,9.44,,
39.746,9.24,9.44,9.44,,
39.76,9.26,9.44,9.44,,
39.774,9.32,9.44,9.44,,
39.788,9.28,9.44,9.44,,
39.803,9.25,9.44,9.44,,
39.817,9.27,9.44,9.44,,
39.831,9.28,9.44,9.44,,
39.846,9.25,9.44,9.44,,
39.86,9.24,9.44,9.44,,
39.874,9.27,9.44,9.44,,
39.889,9.31,9.44,9.44,,
39.903,9.26,9.44,9.44,,
39.917,9.21,9.44,9.44,,
39.932,9.2,9.44,9.44,,
39.946,9.25,9.44,9.44,,
39.96,9.23,9.44,9.44,,
39.975,9.28,9.44,9.44,,
39.99,9.26,9.44,9.44,,
40.004,9.18,9.44,9.44,,
40.019,9.19,9.44,9.44,,
40.034,9.25,9.44,9.44,,
40.048,9.27,9.44,9.44,,
40.063,9.23,9.44,9.44,,
40.077,9.2,9.44,9.43,,
40.092,9.24,9.44,9.43,,
40.106,9.24,9.44,9.43,,
40.121,9.29,9.44,9.43,,
40.136,9.25,9.44,9.43,,
40.15,9.22,9.44,9.43,,
40.165,9.3,9.44,9.44,,
40.179,9.32,9.44,9.44,,
40.194,9.29,9.44,9.44,,
40.209,9.29,9.44,9.44,,
40.223,9.28,9.44,9.44,,
40.238,9.28,9.44,9.44,,
40.253,9.27,9.44,9.44,,
40.267,9.26,9.44,9.44,,
40.281,9.32,9.44,9.44,,
40.296,9.33,9.44,9.44,,
40.31,9.23,9.44,9.44,,
40.325,9.22,9.44,9.44,,
40.34,9.24,9.44,9.44,,
40.355,9.25,9.44,9.44,,
40.369,9.27,9.44,9.44,,
40.384,9.27,9.44,9.44,,
40.402,9.26,9.44,9.44,,
40.417,9.28,9.44,9.44,,
40.431,9.28,9.44,9.44,,
40.446,9.22,9.44,9.44,,
40.461,9.21,9.44,9.44,,
40.475,9.27,9.44,9.44,,
40.49,9.25,9.44,9.44,,
40.504,9.22,9.44,9.44,,
40.518,9.23,9.44,9.44,,
40.532,9.26,9.44,9.44,,
40.547,9.28,9.44,9.44,,
40.561,9.26,9.44,9.44,,
40.576,9.26,9.44,9.44,,
40.591,9.27,9.44,9.44,,
40.605,9.25,9.44,9.44,,
40.619,9.22,9.44,9.44,,
40.633,9.21,9.44,9.43,,
40.647,9.29,9.44,9.43,,
40.662,9.31,9.44,9.44,,
40.676,9.24,9.44,9.44,,
40.69,9.2,9.44,9.43,,
40.705,9.24,9.44,9.43,,
40.719,9.29,9.44,9.43,,
40.734,9.27,9.44,9.43,,
40.748,9.25,9.44,9.43,,
40.762,9.23,9.44,9.43,,
40.776,9.23,9.44,9.43,,
40.79,9.29,9.44,9.44,,
40.805,9.32,9.44,9.44,,
40.819,9.27,9.44,9.44,,
40.833,9.17,9.44,9.44,,
40.847,9.15,9.44,9.43,,
40.862,9.25,9.44,9.43,,
40.876,9.29,9.44,9.43,,
40.89,9.29,9.44,9.43,,
40.905,9.3,9.44,9.44,,
40.919,9.27,9.44,9.43,,
40.933,9.27,9.44,9.43,,
40.948,9.26,9.44,9.43,,
40.962,9.27,9.44,9.43,,
40.976,9.28,9.44,9.43,,
40.991,9.27,9.44,9.43,,
41.007,9.27,9.44,9.43,,
41.021,9.23,9.44,9.43,,
41.036,9.19,9.44,9.43,,
41.05,9.3,9.44,9.43,,
41.066,9.31,9.44,9.44,,
41.083,9.28,9.44,9.44,,
41.098,9.26,9.44,9.44,,
41.113,9.26,9.44,9.44,,
41.128,9.29,9.44,9.44,,
41.143,9.32,9.44,9.44,,
41.157,9.28,9.44,9.44,,
41.172,9.25,9.44,9.44,,
41.187,9.29,9.44,9.44,,
41.202,9.25,9.44,9.44,,
41.216,9.25,9.44,9.44,,
41.231,9.28,9.44,9.44,,
41.245,9.27,9.44,9.44,,
41.26,9.31,9.44,9.44,,
41.275,9.3,9.44,9.44,,
41.289,9.26,9.44,9.44,,
41.303,9.22,9.44,9.44,,
41.318,9.23,9.44,9.44,,
41.333,9.24,9.44,9.44,,
41.348,9.3,9.44,9.44,,
41.362,9.3,9.44,9.44,,
41.377,9.25,9.44,9.44,,
41.392,9.24,9.44,9.44,,
41.407,9.24,9.44,9.44,,
41.422,9.23,9.44,9.44,,
41.436,9.26,9.44,9.44,,
41.451,9.22,9.44,9.44,,
41.466,9.21,9.44,9.44,,
41.48,9.25,9.44,9.44,,
41.494,9.29,9.44,9.44,,
41.509,9.36,9.44,9.44,,
41.523,9.34,9.44,9.44,,
41.537,9.26,9.44,9.44,,
41.552,9.25,9.44,9.44,,
41.566,9.33,9.44,9.44,,
41.581,9.29,9.44,9.43,,
41.595,9.21,9.44,9.43,,
41.61,9.21,9.43,9.43,,
41.624,9.31,9.43,9.43,,
41.639,9.26,9.43,9.43,,
41.653,9.22,9.43,9.43,,
41.667,9.33,9.43,9.43,,
41.681,9.36,9.43,9.43,,
41.696,9.24,9.43,9.43,,
41.71,9.22,9.43,9.43,,
41.724,9.3,9.43,9.43,,
41.738,9.34,9.43,9.43,,
41.752,9.25,9.43,9.43,,
41.766,9.23,9.43,9.43,,
41.781,9.27,9.43,9.43,,
41.795,9.37,9.43,9.43,,
41.809,9.28,9.43,9.43,,
41.823,9.19,9.43,9.43,,
41.838,9.27,9.43,9.43,,
41.853,9.38,9.43,9.43,,
41.868,9.3,9.43,9.43,,
41.882,9.26,9.43,9.43,,
41.896,9.28,9.44,9.43,,
41.91,9.26,9.44,9.43,,
41.924,9.24,9.44,9.43,,
41.939,9.23,9.44,9.43,,
41.953,9.27,9.44,9.44,,
41.967,9.28,9.44,9.43,,
41.982,9.26,9.44,9.43,,
41.996,9.26,9.44,9.43,,
42.011,9.26,9.44,9.43,,
42.025,9.28,9.44,9.43,,
42.04,9.27,9.44,9.43,,
42.054,9.23,9.44,9.44,,
42.069,9.26,9.44,9.44,,
42.083,9.28,9.44,9.44,,
42.098,9.29,9.44,9.44,,
42.112,9.3,9.44,9.44,,
42.127,9.28,9.44,9.44,,
42.141,9.22,9.44,9.44,,
42.156,9.24,9.44,9.44,,
42.17,9.33,9.44,9.44,,
42.185,9.3,9.44,9.44,,
42.199,9.27,9.44,9.44,,
42.214,9.27,9.44,9.44,,
42.229,9.24,9.44,9.44,,
42.243,9.26,9.44,9.44,,
42.257,9.3,9.44,9.44,,
42.272,9.23,9.44,9.44,,
42.286,9.31,9.44,9.43,,
42.301,9.17,9.44,9.43,,
42.315,9.21,9.43,9.43,,
42.33,9.05,9.43,9.43,,
42.344,9.09,9.42,9.42,,
42.359,9.6,9.41,9.42,,
42.374,9.55,9.42,9.42,,
42.388,9,9.43,9.43,,
42.403,9.07,9.44,9.43,,
42.417,9.3,9.44,9.44,,
42.432,9.28,9.44,9.44,,
42.446,8.93,9.44,9.43,,
42.462,9.18,9.42,9.42,,
42.476,8.57,9.4,9.39,,
42.491,9.27,9.34,9.34,,
42.505,9.48,9.29,9.29,,
42.52,8.68,9.27,9.27,,
42.534,9.97,9.22,9.23,,
42.548,10.13,9.17,9.18,,
42.562,10.14,9.14,9.15,,
42.577,10.73,9.13,9.15,,
42.591,9.61,9.12,9.13,,
42.606,8.87,9.11,9.11,,
42.62,9.4,9.09,9.1,,
42.634,9.09,9.08,9.08,,
42.648,9.26,9.04,9.04,,
42.662,10.06,9,9.01,,
42.677,9.95,8.99,9,,
42.691,9.78,8.98,8.99,,
42.705,9.81,8.98,8.99,,
42.72,9.75,8.97,8.98,,
42.734,9.88,8.97,8.98,,
42.748,9.94,8.97,8.98,,
42.763,9.78,8.97,8.98,,
42.777,9.72,8.98,8.99,,
42.793,9.84,8.99,9,,
42.807,9.86,9,9.01,,
42.821,9.83,9.01,9.02,,
42.835,9.81,9.02,9.02,,
42.85,9.82,9.02,9.03,,
42.864,9.83,9.03,9.04,,
42.878,9.83,9.04,9.05,,
42.892,9.84,9.05,9.06,,
42.906,9.81,9.06,9.07,,
42.92,9.74,9.07,9.08,,
42.935,9.79,9.08,9.09,,
42.949,9.82,9.09,9.1,,
42.963,9.82,9.11,9.11,,
42.977,9.87,9.12,9.13,,
42.991,9.93,9.13,9.14,,
43.006,9.96,9.14,9.15,,
43.022,9.87,9.16,9.17,,
43.036,9.73,9.17,9.18,,
43.051,9.73,9.18,9.18,,
43.066,9.81,9.19,9.19,,
43.081,9.86,9.2,9.2,,
43.095,9.85,9.21,9.22,,
43.11,10.3,9.23,9.24,,
43.125,10.57,9.24,9.25,,
43.139,9.68,9.26,9.26,,
43.154,9.34,9.27,9.27,,
43.169,9.34,9.27,9.28,,
43.183,9.69,9.28,9.29,,
43.198,10.36,9.3,9.31,,
43.212,10.47,9.32,9.33,,
43.227,10.16,9.34,9.35,,
43.241,10.04,9.35,9.36,,
43.255,10.3,9.36,9.37,,
43.27,10.28,9.37,9.38,,
43.284,10.09,9.38,9.39,,
43.299,10.41,9.38,9.39,,
43.315,9.41,9.39,9.39,,
43.33,8.37,9.38,9.37,,
43.344,8.25,9.37,9.35,,
43.359,8.95,9.35,9.34,,
43.374,9.77,9.34,9.34,,
43.388,9.84,9.35,9.35,,
43.402,9.88,9.36,9.36,,
43.417,9.64,9.37,9.37,,
43.432,9.41,9.37,9.37,,
43.446,9.47,9.37,9.37,,
43.461,9.79,9.37,9.37,,
43.475,9.81,9.37,9.38,,
43.489,9.76,9.38,9.39,,
43.504,9.69,9.39,9.39,,
43.518,9.75,9.4,9.4,,
43.533,9.81,9.4,9.41,,
43.547,9.84,9.41,9.42,,
43.561,9.85,9.42,9.43,,
43.575,9.68,9.43,9.43,,
43.593,9.93,9.43,9.44,,
43.607,10.15,9.44,9.45,,
43.621,10.69,9.46,9.48,,
43.636,10.37,9.48,9.49,,
43.65,9.94,9.49,9.49,,
43.664,8.97,9.49,9.48,,
43.678,9.03,9.49,9.48,,
43.693,10.42,9.49,9.5,,
43.707,10.96,9.52,9.53,,
43.721,10.5,9.54,9.55,,
43.735,10.35,9.55,9.55,,
43.749,10.4,9.56,9.57,,
43.764,9.91,9.6,9.61,,
43.778,9.35,9.65,9.65,,
43.793,8.31,9.72,9.7,,
43.807,7.7,9.77,9.75,,
43.821,9.25,9.79,9.78,,
43.836,9.65,9.79,9.79,,
43.85,9.31,9.81,9.8,,
43.865,8.57,9.81,9.8,,
43.879,8.13,9.79,9.77,,
43.893,9.31,9.74,9.73,,
43.907,9.95,9.69,9.7,,
43.921,9.5,9.68,9.68,,
43.935,9.61,9.66,9.66,,
43.95,9.75,9.65,9.65,,
43.964,9.62,9.64,9.64,,
43.978,9.44,9.64,9.64,,
43.993,9.36,9.64,9.63,,
44.007,9.53,9.62,9.62,,
44.025,9.52,9.59,9.59,,
44.039,9.85,9.57,9.57,,
44.054,9.79,9.56,9.56,,
44.069,9.71,9.55,9.55,,
44.083,9.52,9.55,9.55,,
44.098,9.83,9.54,9.54,,
44.112,9.82,9.54,9.54,,
44.127,9.71,9.54,9.54,,
44.141,9.54,9.55,9.55,,
44.156,9.62,9.56,9.56,,
44.17,9.6,9.56,9.56,,
44.185,9.7,9.55,9.56,,
44.2,9.86,9.55,9.56,,
44.214,9.65,9.56,9.56,,
44.228,9.63,9.56,9.56,,
44.243,9.67,9.56,9.56,,
44.258,9.79,9.55,9.56,,
44.272,9.71,9.55,9.55,,
44.287,9.78,9.55,9.55,,
44.301,9.79,9.55,9.55,,
44.316,9.61,9.55,9.55,,
44.33,9.67,9.55,9.55,,
44.345,9.77,9.55,9.55,,
44.359,9.8,9.54,9.55,,
44.374,9.72,9.54,9.54,,
44.389,9.7,9.53,9.53,,
44.403,10.04,9.52,9.53,,
44.418,10.07,9.52,9.53,,
44.432,9.85,9.53,9.53,,
44.447,9.77,9.54,9.54,,
44.461,9.74,9.55,9.56,,
44.476,9.7,9.56,9.56,,
44.49,9.7,9.57,9.57,,
44.505,9.74,9.58,9.58,,
44.519,9.71,9.58,9.58,,
44.533,9.65,9.58,9.58,,
44.548,9.63,9.57,9.57,,
44.562,9.83,9.56,9.56,,
44.577,9.79,9.56,9.56,,
44.591,10.12,9.55,9.56,,
44.606,10.05,9.56,9.57,,
44.62,9.63,9.58,9.58,,
44.634,9.64,9.59,9.59,,
44.648,9.73,9.6,9.6,,
44.662,9.81,9.6,9.6,,
44.676,9.84,9.61,9.61,,
44.691,9.8,9.61,9.61,,
44.705,9.79,9.6,9.61,,
44.719,9.65,9.6,9.6,,
44.734,9.78,9.59,9.59,,
44.748,10.2,9.58,9.59,,
44.763,9.96,9.6,9.6,,
44.777,9.7,9.62,9.63,,
44.792,9.55,9.64,9.64,,
44.806,9.71,9.64,9.64,,
44.82,9.83,9.64,9.64,,
44.834,9.65,9.64,9.64,,
44.849,9.9,9.63,9.64,,
44.863,9.93,9.63,9.63,,
44.877,9.74,9.63,9.64,,
44.891,9.73,9.64,9.64,,
44.905,9.79,9.64,9.64,,
44.92,9.71,9.64,9.64,,
44.934,9.73,9.64,9.64,,
44.948,9.89,9.64,9.64,,
44.962,9.78,9.64,9.64,,
44.977,9.78,9.64,9.64,,
44.991,9.77,9.64,9.64,,
45.005,9.7,9.64,9.64,,
45.02,9.88,9.62,9.63,,
45.034,9.99,9.61,9.62,,
45.049,10.01,9.61,9.61,,
45.064,9.9,9.61,9.62,,
45.078,9.84,9.62,9.62,,
45.093,9.94,9.62,9.62,,
45.108,9.8,9.63,9.63,,
45.123,9.85,9.63,9.64,,
45.137,9.98,9.64,9.64,,
45.152,9.94,9.65,9.65,,
45.166,9.7,9.66,9.66,,
45.181,9.77,9.66,9.66,,
45.196,9.9,9.67,9.67,,
45.21,9.78,9.67,9.67,,
45.224,9.86,9.67,9.68,,
45.239,9.83,9.68,9.68,,
45.253,9.9,9.68,9.68,,
45.268,9.94,9.68,9.68,,
45.283,9.88,9.68,9.68,,
45.297,9.81,9.7,9.7,,
45.312,9.76,9.71,9.71,,
45.327,9.72,9.71,9.71,,
45.341,9.77,9.71,9.71,,
45.356,9.71,9.71,9.71,,
45.37,9.61,9.71,9.71,,
45.385,9.98,9.69,9.7,,
45.399,9.98,9.68,9.68,,
45.414,9.41,9.67,9.67,,
45.428,9.45,9.64,9.64,,
45.443,9.78,9.6,9.61,,
45.457,10.22,9.57,9.58,,
45.472,11.05,9.55,9.56,,
45.486,10.79,9.56,9.57,,
45.5,9.85,9.59,9.59,,
45.516,9.83,9.6,9.61,,
45.533,9.99,9.61,9.62,,
45.544,9.97,9.62,9.62,,
45.559,10.02,9.62,9.63,,
45.573,10.11,9.62,9.63,,
45.587,10.12,9.63,9.63,,
45.601,9.93,9.63,9.64,,
45.615,9.94,9.63,9.63,,
45.63,10,9.63,9.63,,
45.646,10.01,9.63,9.63,,
45.66,10.06,9.63,9.63,,
45.674,10.08,9.63,9.63,,
45.688,10.04,9.63,9.63,,
45.702,10,9.63,9.63,,
45.716,9.99,9.63,9.63,,
45.731,9.87,9.63,9.63,,
45.745,9.97,9.61,9.61,,
45.759,10.27,9.59,9.59,,
45.773,10.27,9.58,9.58,,
45.787,10.17,9.57,9.58,,
45.802,10.12,9.58,9.58,,
45.816,10.09,9.58,9.59,,
45.831,10.11,9.58,9.59,,
45.845,10.23,9.58,9.59,,
45.859,10.2,9.58,9.58,,
45.873,10.17,9.58,9.59,,
45.887,10.1,9.59,9.59,,
45.902,10.13,9.6,9.6,,
45.916,10.12,9.6,9.61,,
45.931,10.1,9.6,9.61,,
45.945,10.3,9.6,9.6,,
45.96,10.29,9.6,9.6,,
45.974,10.17,9.6,9.61,,
45.988,10.13,9.61,9.62,,
46.002,10.14,9.62,9.63,,
46.017,10.19,9.63,9.64,,
46.032,10.2,9.63,9.64,,
46.047,10.23,9.64,9.64,,
46.061,10.24,9.64,9.65,,
46.076,10.23,9.65,9.66,,
46.09,10.26,9.66,9.66,,
46.105,10.21,9.66,9.67,,
46.119,10.23,9.67,9.68,,
46.133,10.23,9.68,9.69,,
46.148,10.22,9.69,9.7,,
46.164,10.2,9.7,9.71,,
46.179,10.2,9.71,9.72,,
46.194,10.12,9.72,9.73,,
46.208,10.15,9.73,9.74,,
46.223,10.15,9.74,9.74,,
46.238,10.12,9.74,9.75,,
46.252,10.15,9.75,9.75,,
46.267,10.19,9.75,9.76,,
46.282,10.21,9.76,9.76,,
46.297,10.2,9.76,9.77,,
46.312,10.19,9.77,9.77,,
46.326,10.2,9.78,9.78,,
46.341,10.21,9.79,9.79,,
46.355,10.26,9.79,9.8,,
46.37,10.23,9.8,9.81,,
46.385,10.2,9.81,9.82,,
46.399,10.12,9.82,9.83,,
46.416,10.09,9.83,9.83,,
46.431,10.11,9.84,9.84,,
46.445,10.12,9.84,9.85,,
46.46,10.13,9.85,9.85,,
46.475,10.11,9.85,9.86,,
46.489,10.12,9.86,9.86,,
46.504,10.07,9.86,9.87,,
46.518,10.1,9.87,9.87,,
46.532,10.14,9.87,9.88,,
46.549,10.16,9.88,9.88,,
46.563,10.18,9.88,9.88,,
46.577,10.23,9.88,9.89,,
46.591,10.18,9.89,9.89,,
46.606,10.12,9.9,9.9,,
46.62,10.06,9.9,9.91,,
46.634,10.15,9.91,9.91,,
46.649,10.2,9.91,9.91,,
46.663,10.19,9.91,9.92,,
46.678,10.1,9.92,9.92,,
46.692,10.13,9.92,9.92,,
46.706,10.2,9.92,9.93,,
46.72,10.21,9.93,9.93,,
46.734,10.26,9.93,9.93,,
46.749,10.17,9.93,9.94,,
46.764,10.09,9.94,9.94,,
46.779,10.22,9.94,9.95,,
46.793,10.26,9.94,9.95,,
46.807,10.23,9.95,9.95,,
46.821,10.21,9.95,9.95,,
46.835,10.16,9.96,9.96,,
46.851,10.13,9.97,9.97,,
46.865,10.13,9.97,9.97,,
46.879,10.14,9.98,9.98,,
46.894,10.22,9.98,9.98,,
46.908,10.15,9.98,9.99,,
46.922,10.18,9.99,9.99,,
46.937,10.25,9.99,9.99,,
46.951,10.17,10,10,,
46.965,10.16,10,10,,
46.98,10.15,10.01,10.01,,
46.994,10.11,10.02,10.02,,
47.009,10.08,10.02,10.02,,
47.023,10.09,10.03,10.03,,
47.038,10.11,10.03,10.03,,
47.052,10.13,10.03,10.03,,
47.067,10.14,10.04,10.04,,
47.081,10.19,10.04,10.05,,
47.096,10.22,10.05,10.05,,
47.11,10.16,10.06,10.06,,
47.125,10.18,10.07,10.07,,
47.14,10.15,10.08,10.08,,
47.155,10.03,10.09,10.09,,
47.169,10.08,10.09,10.09,,
47.184,10.16,10.09,10.09,,
47.199,10.17,10.09,10.1,,
47.213,10.11,10.1,10.1,,
47.228,10.09,10.1,10.1,,
47.242,10.06,10.11,10.11,,
47.256,10.13,10.11,10.11,,
47.271,10.09,10.11,10.11,,
47.286,10.06,10.11,10.11,,
47.3,10.06,10.11,10.11,,
47.315,10.11,10.11,10.11,,
47.33,10.11,10.11,10.11,,
47.344,10.05,10.12,10.12,,
47.359,10.15,10.12,10.12,,
47.373,10.18,10.12,10.12,,
47.388,10.21,10.12,10.12,,
47.402,10.16,10.12,10.12,,
47.417,10.14,10.12,10.12,,
47.432,10.07,10.13,10.13,,
47.447,10.09,10.13,10.13,,
47.461,10.09,10.13,10.13,,
47.476,10.06,10.14,10.14,,
47.491,10.12,10.14,10.14,,
47.505,10.16,10.14,10.14,,
47.52,10.16,10.14,10.14,,
47.534,10.14,10.14,10.14,,
47.549,10.05,10.14,10.14,,
47.563,10.08,10.14,10.14,,
47.578,10.1,10.14,10.14,,
47.592,10.09,10.14,10.14,,
47.606,10.09,10.14,10.14,,
47.62,10.1,10.15,10.14,,
47.635,10.11,10.15,10.15,,
47.649,10.13,10.15,10.15,,
47.664,10.17,10.15,10.15,,
47.678,10.12,10.16,10.16,,
47.692,10.06,10.16,10.15,,
47.706,10.09,10.15,10.15,,
47.721,10.15,10.15,10.15,,
47.735,10.21,10.15,10.15,,
47.749,10.17,10.16,10.16,,
47.763,10.11,10.16,10.16,,
47.778,10.08,10.16,10.16,,
47.793,10.07,10.16,10.16,,
47.807,10.14,10.16,10.16,,
47.822,10.1,10.16,10.16,,
47.836,10.12,10.16,10.16,,
47.85,10.15,10.16,10.16,,
47.865,10.16,10.16,10.16,,
47.879,10.12,10.17,10.17,,
47.894,10.1,10.17,10.17,,
47.908,10.11,10.17,10.17,,
47.922,10.11,10.18,10.18,,
47.936,10.11,10.18,10.18,,
47.951,10.08,10.18,10.18,,
47.965,10.11,10.18,10.18,,
47.979,10.16,10.18,10.18,,
47.994,10.12,10.18,10.18,,
48.008,10.07,10.19,10.19,,
48.023,10.08,10.19,10.19,,
48.037,10.08,10.19,10.19,,
48.052,10.08,10.19,10.19,,
48.066,10.13,10.19,10.19,,
48.081,10.14,10.19,10.19,,
48.095,10.1,10.19,10.19,,
48.11,10.1,10.2,10.2,,
48.125,10.16,10.2,10.2,,
48.139,10.18,10.21,10.21,,
48.154,10.09,10.22,10.21,,
48.168,10.01,10.22,10.22,,
48.183,10.11,10.22,10.22,,
48.198,10.17,10.23,10.23,,
48.213,10.05,10.23,10.23,,
48.228,10.04,10.24,10.24,,
48.243,10.05,10.24,10.24,,
48.258,10.08,10.24,10.24,,
48.272,10.05,10.24,10.24,,
48.287,10.07,10.24,10.23,,
48.301,10.1,10.23,10.23,,
48.316,10.12,10.23,10.23,,
48.33,10.16,10.23,10.23,,
48.345,10.11,10.24,10.24,,
48.36,9.91,10.25,10.25,,
48.375,9.98,10.26,10.26,,
48.389,9.98,10.26,10.26,,
48.403,10,10.26,10.26,,
48.418,10.01,10.26,10.26,,
48.433,10.08,10.26,10.26,,
48.448,10.14,10.27,10.27,,
48.462,10.01,10.28,10.28,,
48.476,10,10.29,10.29,,
48.491,10.04,10.3,10.3,,
48.505,9.97,10.31,10.31,,
48.52,9.93,10.33,10.32,,
48.535,9.94,10.34,10.33,,
48.549,9.97,10.35,10.35,,
48.564,10.07,10.37,10.36,,
48.579,10.3,10.38,10.38,,
48.594,10.54,10.41,10.41,,
48.608,9.44,10.45,10.44,,
48.622,9.41,10.48,10.47,,
48.637,9.62,10.52,10.51,,
48.651,9.57,10.54,10.53,,
48.665,9.74,10.56,10.55,,
48.681,9.79,10.57,10.57,,
48.695,9.38,10.6,10.59,,
48.709,9.44,10.62,10.6,,
48.724,9.57,10.62,10.61,,
48.738,9.53,10.63,10.62,,
48.752,9.6,10.63,10.62,,
48.766,9.51,10.63,10.62,,
48.781,9.42,10.62,10.61,,
48.795,9.58,10.61,10.6,,
48.809,9.56,10.6,10.59,,
48.824,10.1,10.58,10.58,,
48.838,10.35,10.58,10.58,,
48.852,9.35,10.61,10.6,,
48.866,8.77,10.66,10.64,,
48.881,8.97,10.67,10.65,,
48.895,9.44,10.67,10.65,,
48.909,9.45,10.65,10.64,,
48.923,9.82,10.64,10.63,,
48.937,9.99,10.64,10.63,,
48.952,9.53,10.66,10.65,,
48.966,9.01,10.7,10.68,,
48.98,9.41,10.72,10.71,,
48.995,10.93,10.73,10.74,,
49.009,12.08,10.8,10.81,,
49.023,8.88,10.97,10.95,,
49.038,7.31,11.18,11.14,,
49.053,6.23,11.35,11.3,,
49.067,6.69,11.35,11.3,,
49.082,9.41,11.28,11.26,,
49.097,9.6,11.21,11.19,,
49.112,6.72,11.17,11.12,,
49.127,5.62,11.04,10.99,,
49.141,10.84,10.8,10.8,,
49.156,14.56,10.52,10.57,,
49.171,9.41,10.45,10.44,,
49.186,8.64,10.49,10.47,,
49.2,9.08,10.49,10.48,,
49.215,9.46,10.47,10.46,,
49.23,9.39,10.45,10.44,,
49.244,9.37,10.45,10.44,,
49.259,9.37,10.44,10.43,,
49.274,9.37,10.43,10.42,,
49.288,9.41,10.42,10.41,,
49.302,9.4,10.41,10.4,,
49.317,9.37,10.4,10.39,,
49.332,9.4,10.4,10.39,,
49.346,9.43,10.39,10.38,,
49.361,9.41,10.38,10.37,,
49.376,9.33,10.37,10.36,,
49.391,9.33,10.36,10.35,,
49.405,9.36,10.35,10.34,,
49.42,9.33,10.35,10.33,,
49.434,9.31,10.34,10.33,,
49.448,9.39,10.33,10.32,,
49.463,9.4,10.32,10.31,,
49.478,9.36,10.31,10.31,,
49.493,9.36,10.31,10.3,,
49.507,9.31,10.3,10.29,,
49.521,9.34,10.29,10.28,,
49.536,9.38,10.28,10.27,,
49.55,9.36,10.28,10.27,,
49.565,9.37,10.27,10.26,,
49.579,9.36,10.26,10.25,,
49.593,9.39,10.25,10.25,,
49.609,9.38,10.25,10.24,,
49.623,9.31,10.24,10.23,,
49.637,9.32,10.23,10.23,,
49.651,9.32,10.23,10.22,,
49.666,9.32,10.22,10.21,,
49.68,9.31,10.21,10.2,,
49.694,9.39,10.21,10.2,,
49.708,9.42,10.2,10.19,,
49.722,9.34,10.19,10.19,,
49.737,9.32,10.19,10.18,,
49.751,9.32,10.18,10.17,,
49.765,9.31,10.17,10.17,,
49.779,9.34,10.17,10.16,,
49.793,9.38,10.16,10.15,,
49.808,9.36,10.15,10.15,,
49.822,9.32,10.15,10.14,,
49.836,9.32,10.14,10.13,,
49.851,9.33,10.14,10.13,,
49.865,9.33,10.13,10.12,,
49.879,9.36,10.13,10.12,,
49.893,9.33,10.12,10.11,,
49.908,9.33,10.11,10.11,,
49.922,9.32,10.11,10.1,,
49.936,9.33,10.1,10.09,,
49.95,9.33,10.1,10.09,,
49.965,9.3,10.09,10.08,,
49.979,9.28,10.09,10.08,,
49.993,9.29,10.08,10.07,,
50.007,9.29,10.07,10.07,,
50.022,9.29,10.07,10.06,,
50.038,9.28,10.06,10.05,,
50.053,9.32,10.06,10.05,,
50.067,9.33,10.05,10.04,,
50.082,9.3,10.05,10.04,,
50.096,9.32,10.04,10.03,,
50.11,9.33,10.03,10.03,,
50.125,9.31,10.03,10.02,,
50.14,9.3,10.02,10.01,,
50.155,9.34,10.02,10.01,,
50.169,9.32,10.01,10.01,,
50.184,9.34,10.01,10,,
50.198,9.36,10,10,,
50.213,9.38,10,9.99,,
50.227,9.4,9.99,9.99,,
50.241,9.36,9.99,9.99,,
50.256,9.3,9.99,9.98,,
50.271,9.29,9.98,9.97,,
50.285,9.36,9.97,9.97,,
50.3,9.31,9.97,9.96,,
50.315,9.34,9.97,9.96,,
50.33,9.38,9.96,9.95,,
50.344,9.37,9.96,9.95,,
50.359,9.29,9.95,9.95,,
50.374,9.27,9.95,9.94,,
50.388,9.34,9.94,9.94,,
50.403,9.34,9.94,9.93,,
50.417,9.33,9.94,9.93,,
50.432,9.34,9.93,9.92,,
50.446,9.32,9.93,9.92,,
50.461,9.3,9.92,9.92,,
50.475,9.31,9.92,9.91,,
50.49,9.33,9.91,9.91,,
50.504,9.37,9.91,9.91,,
50.519,9.39,9.91,9.9,,
50.534,9.4,9.9,9.9,,
50.549,9.35,9.9,9.89,,
50.564,9.31,9.9,9.89,,
50.578,9.36,9.89,9.89,,
50.593,9.36,9.89,9.88,,
50.607,9.32,9.89,9.88,,
50.621,9.31,9.88,9.88,,
50.635,9.37,9.88,9.87,,
50.65,9.38,9.87,9.87,,
50.665,9.31,9.87,9.87,,
50.68,9.32,9.87,9.86,,
50.694,9.31,9.86,9.86,,
50.708,9.36,9.86,9.86,,
50.722,9.37,9.86,9.85,,
50.736,9.31,9.86,9.85,,
50.75,9.32,9.85,9.85,,
50.765,9.34,9.85,9.84,,
50.779,9.37,9.85,9.84,,
50.793,9.32,9.84,9.84,,
50.808,9.3,9.84,9.83,,
50.822,9.31,9.84,9.83,,
50.836,9.33,9.83,9.83,,
50.851,9.38,9.83,9.83,,
50.865,9.37,9.83,9.82,,
50.879,9.33,9.83,9.82,,
50.893,9.33,9.82,9.82,,
50.908,9.33,9.82,9.81,,
50.923,9.32,9.82,9.81,,
50.937,9.31,9.81,9.81,,
50.952,9.34,9.81,9.81,,
50.966,9.37,9.81,9.81,,
50.981,9.34,9.81,9.8,,
50.995,9.27,9.81,9.8,,
51.009,9.27,9.8,9.8,,
51.023,9.34,9.8,9.79,,
51.038,9.34,9.8,9.79,,
51.052,9.32,9.79,9.79,,
51.067,9.31,9.79,9.78,,
51.082,9.29,9.78,9.78,,
51.096,9.36,9.78,9.78,,
51.113,9.29,9.78,9.77,,
51.127,9.32,9.78,9.77,,
51.142,9.41,9.77,9.77,,
51.156,9.31,9.77,9.77,,
51.17,9.29,9.77,9.76,,
51.185,9.28,9.77,9.76,,
51.2,9.36,9.76,9.76,,
51.214,9.38,9.76,9.76,,
51.229,9.28,9.76,9.76,,
51.244,9.22,9.76,9.75,,
51.258,9.34,9.75,9.75,,
51.273,9.37,9.75,9.75,,
51.287,9.35,9.75,9.74,,
51.302,9.32,9.75,9.74,,
51.317,9.37,9.74,9.74,,
51.331,9.4,9.74,9.74,,
51.346,9.4,9.74,9.74,,
51.36,9.38,9.74,9.74,,
51.375,9.38,9.74,9.74,,
51.39,9.39,9.74,9.73,,
51.404,9.29,9.74,9.73,,
51.419,9.31,9.73,9.73,,
51.433,9.34,9.73,9.73,,
51.448,9.26,9.73,9.73,,
51.462,9.24,9.73,9.72,,
51.477,9.38,9.73,9.72,,
51.492,9.4,9.72,9.72,,
51.506,9.36,9.72,9.72,,
51.52,9.32,9.72,9.72,,
51.535,9.33,9.72,9.71,,
51.55,9.36,9.72,9.71,,
51.565,9.34,9.71,9.71,,
51.58,9.35,9.71,9.71,,
51.594,9.31,9.71,9.71,,
51.608,9.29,9.71,9.7,,
51.622,9.29,9.71,9.7,,
51.637,9.28,9.7,9.7,,
51.651,9.36,9.7,9.7,,
51.665,9.39,9.7,9.7,,
51.679,9.36,9.7,9.69,,
51.694,9.31,9.7,9.69,,
51.708,9.32,9.69,9.69,,
51.722,9.34,9.69,9.69,,
51.736,9.36,9.69,9.69,,
51.751,9.34,9.69,9.68,,
51.765,9.34,9.68,9.68,,
51.779,9.26,9.68,9.68,,
51.793,9.22,9.68,9.68,,
51.808,9.24,9.68,9.67,,
51.822,9.4,9.68,9.67,,
51.836,9.4,9.68,9.67,,
51.85,9.29,9.68,9.67,,
51.864,9.31,9.67,9.67,,
51.878,9.31,9.67,9.67,,
51.893,9.34,9.67,9.67,,
51.907,9.38,9.67,9.67,,
51.921,9.42,9.67,9.67,,
51.936,9.41,9.67,9.67,,
51.95,9.29,9.67,9.66,,
51.964,9.26,9.67,9.66,,
51.978,9.29,9.66,9.66,,
51.993,9.3,9.66,9.66,,
52.007,9.33,9.66,9.66,,
52.021,9.36,9.66,9.66,,
52.035,9.34,9.66,9.65,,
52.05,9.24,9.66,9.65,,
52.064,9.25,9.65,9.65,,
52.078,9.38,9.65,9.65,,
52.093,9.34,9.65,9.65,,
52.107,9.33,9.65,9.65,,
52.122,9.34,9.65,9.65,,
52.136,9.28,9.65,9.64,,
52.151,9.29,9.65,9.64,,
52.165,9.3,9.64,9.64,,
52.18,9.32,9.64,9.64,,
52.194,9.39,9.64,9.64,,
52.209,9.37,9.64,9.64,,
52.224,9.31,9.64,9.64,,
52.238,9.34,9.64,9.63,,
52.253,9.35,9.63,9.63,,
52.268,9.36,9.63,9.63,,
52.282,9.39,9.63,9.63,,
52.297,9.36,9.63,9.63,,
52.311,9.35,9.63,9.63,,
52.326,9.29,9.63,9.63,,
52.343,9.32,9.63,9.63,,
52.358,9.35,9.63,9.63,,
52.372,9.36,9.63,9.63,,
52.387,9.34,9.63,9.62,,
52.402,9.33,9.62,9.62,,
52.416,9.34,9.62,9.62,,
52.431,9.34,9.62,9.62,,
52.445,9.4,9.62,9.62,,
52.46,9.41,9.62,9.62,,
52.474,9.33,9.62,9.62,,
52.489,9.33,9.62,9.62,,
52.503,9.34,9.62,9.62,,
52.517,9.36,9.62,9.62,,
52.532,9.4,9.62,9.62,,
52.547,9.39,9.62,9.61,,
52.561,9.3,9.62,9.61,,
52.577,9.29,9.61,9.61,,
52.591,9.34,9.61,9.61,,
52.605,9.35,9.61,9.61,,
52.619,9.34,9.61,9.61,,
52.634,9.36,9.61,9.61,,
52.648,9.37,9.61,9.61,,
52.663,9.32,9.61,9.61,,
52.677,9.34,9.61,9.6,,
52.691,9.33,9.61,9.6,,
52.706,9.3,9.6,9.6,,
52.72,9.35,9.6,9.6,,
52.734,9.36,9.6,9.6,,
52.749,9.28,9.6,9.6,,
52.763,9.35,9.6,9.6,,
52.777,9.38,9.6,9.6,,
52.791,9.35,9.6,9.59,,
52.806,9.35,9.6,9.59,,
52.82,9.36,9.6,9.59,,
52.834,9.42,9.6,9.59,,
52.848,9.32,9.6,9.59,,
52.863,9.28,9.6,9.59,,
52.877,9.33,9.59,9.59,,
52.891,9.33,9.59,9.59,,
52.905,9.33,9.59,9.59,,
52.92,9.34,9.59,9.59,,
52.934,9.34,9.59,9.59,,
52.948,9.32,9.59,9.59,,
52.962,9.3,9.59,9.59,,
52.976,9.33,9.59,9.59,,
52.991,9.3,9.59,9.58,,
53.005,9.31,9.59,9.58,,
53.019,9.31,9.59,9.58,,
53.034,9.31,9.59,9.58,,
53.049,9.31,9.58,9.58,,
53.063,9.29,9.58,9.58,,
53.078,9.38,9.58,9.58,,
53.093,9.39,9.58,9.58,,
53.107,9.33,9.58,9.58,,
53.122,9.31,9.58,9.58,,
53.137,9.36,9.58,9.58,,
53.152,9.38,9.58,9.57,,
53.167,9.37,9.58,9.57,,
53.181,9.33,9.58,9.57,,
53.196,9.31,9.57,9.57,,
53.21,9.32,9.57,9.57,,
53.225,9.32,9.57,9.57,,
53.239,9.3,9.57,9.57,,
53.253,9.37,9.57,9.57,,
53.268,9.38,9.57,9.57,,
53.283,9.33,9.57,9.57,,
53.297,9.3,9.57,9.57,,
53.312,9.32,9.57,9.57,,
53.326,9.32,9.57,9.56,,
53.341,9.32,9.57,9.56,,
53.355,9.37,9.56,9.56,,
53.37,9.39,9.56,9.56,,
53.385,9.35,9.56,9.56,,
53.399,9.35,9.56,9.56,,
53.413,9.34,9.56,9.56,,
53.428,9.36,9.56,9.56,,
53.443,9.37,9.56,9.56,,
53.458,9.37,9.56,9.56,,
53.472,9.35,9.56,9.56,,
53.487,9.32,9.56,9.56,,
53.502,9.3,9.56,9.55,,
53.517,9.35,9.56,9.55,,
53.532,9.45,9.56,9.56,,
53.546,9.44,9.56,9.56,,
53.561,9.33,9.56,9.56,,
53.576,9.25,9.56,9.55,,
53.59,9.28,9.56,9.55,,
53.605,9.32,9.56,9.55,,
53.62,9.34,9.56,9.55,,
53.634,9.34,9.56,9.56,,
53.648,9.37,9.56,9.56,,
53.662,9.33,9.56,9.56,,
53.676,9.33,9.56,9.56,,
53.69,9.41,9.56,9.56,,
53.705,9.42,9.56,9.56,,
53.72,9.35,9.56,9.56,,
53.734,9.34,9.56,9.55,,
53.748,9.31,9.56,9.55,,
53.762,9.28,9.56,9.55,,
53.776,9.28,9.56,9.55,,
53.79,9.33,9.55,9.55,,
53.805,9.39,9.55,9.55,,
53.819,9.34,9.55,9.55,,
53.833,9.31,9.55,9.55,,
53.848,9.37,9.55,9.55,,
53.862,9.39,9.55,9.55,,
53.876,9.46,9.55,9.55,,
53.89,9.43,9.55,9.55,,
53.905,9.3,9.55,9.55,,
53.919,9.28,9.55,9.54,,
53.934,9.29,9.55,9.54,,
53.948,9.31,9.55,9.54,,
53.962,9.36,9.54,9.54,,
53.976,9.36,9.54,9.54,,
53.991,9.35,9.55,9.54,,
54.005,9.33,9.55,9.54,,
54.02,9.31,9.55,9.54,,
54.034,9.36,9.55,9.54,,
54.049,9.39,9.55,9.54,,
54.064,9.36,9.55,9.55,,
54.078,9.37,9.55,9.55,,
54.093,9.34,9.55,9.55,,
54.107,9.32,9.55,9.55,,
54.122,9.26,9.55,9.55,,
54.137,9.24,9.55,9.55,,
54.151,9.26,9.55,9.55,,
54.166,9.26,9.55,9.54,,
54.181,9.33,9.54,9.54,,
54.195,9.4,9.54,9.54,,
54.21,9.3,9.54,9.54,,
54.225,9.3,9.54,9.54,,
54.24,9.41,9.54,9.54,,
54.254,9.45,9.54,9.53,,
54.269,9.32,9.53,9.53,,
54.284,9.25,9.53,9.53,,
54.299,9.42,9.53,9.53,,
54.313,9.48,9.53,9.53,,
54.328,9.36,9.53,9.53,,
54.342,9.21,9.53,9.53,,
54.357,9.32,9.53,9.53,,
54.372,9.47,9.53,9.53,,
54.387,9.36,9.53,9.52,,
54.403,9.34,9.53,9.52,,
54.418,9.42,9.53,9.52,,
54.433,9.35,9.52,9.52,,
54.448,9.31,9.53,9.52,,
54.463,9.34,9.53,9.52,,
54.478,9.37,9.53,9.52,,
54.492,9.45,9.53,9.53,,
54.507,9.4,9.53,9.53,,
54.521,9.26,9.53,9.53,,
54.537,9.29,9.53,9.53,,
54.552,9.31,9.53,9.53,,
54.566,9.36,9.53,9.53,,
54.581,9.37,9.53,9.53,,
54.595,9.34,9.53,9.53,,
54.61,9.25,9.53,9.53,,
54.624,9.25,9.53,9.53,,
54.639,9.33,9.53,9.53,,
54.653,9.35,9.53,9.53,,
54.667,9.35,9.53,9.53,,
54.681,9.33,9.53,9.53,,
54.696,9.34,9.53,9.53,,
54.71,9.31,9.53,9.53,,
54.725,9.3,9.53,9.53,,
54.739,9.33,9.53,9.53,,
54.753,9.3,9.53,9.53,,
54.767,9.32,9.53,9.53,,
54.781,9.38,9.53,9.53,,
54.795,9.34,9.53,9.53,,
54.81,9.35,9.53,9.53,,
54.824,9.38,9.53,9.53,,
54.838,9.39,9.53,9.53,,
54.852,9.34,9.53,9.53,,
54.867,9.37,9.53,9.53,,
54.881,9.38,9.53,9.53,,
54.895,9.26,9.53,9.53,,
54.909,9.27,9.53,9.53,,
54.923,9.34,9.53,9.53,,
54.937,9.35,9.53,9.53,,
54.952,9.35,9.53,9.53,,
54.966,9.35,9.53,9.53,,
54.98,9.35,9.53,9.52,,
54.994,9.39,9.53,9.52,,
55.008,9.37,9.53,9.52,,
55.023,9.34,9.53,9.52,,
55.037,9.3,9.53,9.52,,
55.052,9.27,9.52,9.52,,
55.066,9.29,9.52,9.52,,
55.081,9.32,9.52,9.52,,
55.096,9.34,9.52,9.52,,
55.11,9.35,9.52,9.52,,
55.125,9.34,9.52,9.52,,
55.139,9.28,9.53,9.52,,
55.154,9.27,9.53,9.52,,
55.169,9.35,9.52,9.52,,
55.183,9.39,9.52,9.52,,
55.198,9.37,9.52,9.52,,
55.212,9.37,9.52,9.52,,
55.227,9.34,9.52,9.52,,
55.241,9.34,9.52,9.52,,
55.256,9.3,9.52,9.52,,
55.27,9.26,9.52,9.52,,
55.286,9.3,9.52,9.52,,
55.3,9.36,9.52,9.52,,
55.314,9.37,9.52,9.52,,
55.329,9.31,9.52,9.52,,
55.343,9.33,9.52,9.52,,
55.358,9.38,9.52,9.52,,
55.372,9.32,9.52,9.52,,
55.387,9.26,9.52,9.52,,
55.401,9.28,9.52,9.51,,
55.416,9.35,9.52,9.51,,
55.43,9.33,9.52,9.51,,
55.445,9.3,9.51,9.51,,
55.459,9.3,9.51,9.51,,
55.474,9.27,9.52,9.51,,
55.489,9.34,9.52,9.51,,
55.503,9.36,9.51,9.51,,
55.518,9.31,9.51,9.51,,
55.532,9.32,9.51,9.51,,
55.546,9.34,9.51,9.51,,
55.56,9.35,9.51,9.51,,
55.575,9.34,9.51,9.51,,
55.589,9.35,9.51,9.51,,
55.604,9.36,9.51,9.51,,
55.619,9.37,9.51,9.51,,
55.633,9.31,9.51,9.51,,
55.647,9.32,9.51,9.51,,
55.661,9.35,9.51,9.51,,
55.675,9.35,9.51,9.51,,
55.689,9.31,9.51,9.51,,
55.704,9.29,9.51,9.51,,
55.718,9.29,9.51,9.51,,
55.732,9.29,9.51,9.51,,
55.746,9.26,9.51,9.51,,
55.76,9.3,9.51,9.51,,
55.774,9.35,9.51,9.51,,
55.788,9.4,9.51,9.51,,
55.803,9.42,9.51,9.51,,
55.817,9.3,9.51,9.51,,
55.832,9.29,9.51,9.51,,
55.846,9.35,9.51,9.5,,
55.86,9.36,9.51,9.5,,
55.875,9.35,9.51,9.51,,
55.889,9.31,9.51,9.51,,
55.903,9.33,9.51,9.51,,
55.917,9.38,9.51,9.51,,
55.932,9.38,9.51,9.51,,
55.945,9.31,9.51,9.51,,
55.96,9.35,9.51,9.51,,
55.974,9.4,9.51,9.51,,
55.988,9.33,9.51,9.51,,
56.002,9.28,9.51,9.51,,
56.017,9.3,9.51,9.51,,
56.031,9.33,9.51,9.51,,
56.045,9.36,9.51,9.51,,
56.059,9.39,9.51,9.51,,
56.074,9.36,9.51,9.51,,
56.088,9.31,9.51,9.51,,
56.103,9.31,9.51,9.51,,
56.118,9.31,9.51,9.51,,
56.132,9.36,9.51,9.51,,
56.147,9.36,9.51,9.51,,
56.161,9.35,9.51,9.51,,
56.175,9.34,9.51,9.51,,
56.19,9.35,9.51,9.51,,
56.204,9.4,9.51,9.51,,
56.219,9.38,9.51,9.51,,
56.233,9.32,9.51,9.51,,
56.248,9.31,9.51,9.51,,
56.262,9.35,9.51,9.51,,
56.277,9.3,9.51,9.51,,
56.291,9.28,9.51,9.51,,
56.306,9.34,9.51,9.51,,
56.32,9.41,9.51,9.51,,
56.335,9.4,9.51,9.51,,
56.352,9.29,9.51,9.51,,
56.367,9.34,9.51,9.51,,
56.381,9.48,9.51,9.51,,
56.395,9.46,9.51,9.51,,
56.41,9.3,9.52,9.51,,
56.424,9.26,9.52,9.51,,
56.438,9.36,9.52,9.51,,
56.453,9.38,9.52,9.52,,
56.468,9.28,9.52,9.52,,
56.482,9.3,9.52,9.52,,
56.496,9.38,9.52,9.52,,
56.51,9.37,9.52,9.52,,
56.525,9.32,9.52,9.52,,
56.539,9.28,9.52,9.52,,
56.553,9.3,9.52,9.52,,
56.568,9.33,9.52,9.52,,
56.582,9.36,9.52,9.52,,
56.597,9.32,9.52,9.52,,
56.612,9.33,9.52,9.52,,
56.627,9.33,9.52,9.51,,
56.641,9.37,9.52,9.51,,
56.655,9.38,9.52,9.52,,
56.669,9.35,9.52,9.52,,
56.683,9.32,9.52,9.52,,
56.697,9.31,9.52,9.52,,
56.711,9.3,9.52,9.52,,
56.726,9.3,9.52,9.52,,
56.74,9.3,9.52,9.52,,
56.754,9.36,9.52,9.52,,
56.768,9.33,9.52,9.52,,
56.782,9.29,9.52,9.52,,
56.796,9.28,9.52,9.52,,
56.81,9.31,9.52,9.52,,
56.825,9.33,9.52,9.52,,
56.839,9.33,9.52,9.52,,
56.853,9.35,9.52,9.52,,
56.867,9.32,9.52,9.52,,
56.882,9.28,9.52,9.52,,
56.896,9.31,9.52,9.52,,
56.91,9.32,9.52,9.52,,
56.924,9.36,9.52,9.52,,
56.938,9.35,9.52,9.52,,
56.952,9.31,9.52,9.52,,
56.966,9.34,9.52,9.52,,
56.981,9.36,9.52,9.52,,
56.995,9.32,9.52,9.52,,
57.009,9.35,9.52,9.52,,
57.023,9.39,9.52,9.52,,
57.037,9.36,9.52,9.52,,
57.052,9.36,9.52,9.52,,
57.066,9.31,9.52,9.52,,
57.081,9.34,9.52,9.52,,
57.095,9.38,9.52,9.52,,
57.11,9.39,9.52,9.52,,
57.124,9.38,9.53,9.52,,
57.139,9.29,9.53,9.52,,
57.153,9.3,9.53,9.52,,
57.168,9.35,9.53,9.52,,
57.182,9.36,9.53,9.52,,
57.197,9.34,9.53,9.53,,
57.211,9.29,9.53,9.52,,
57.226,9.28,9.53,9.52,,
57.24,9.37,9.52,9.52,,
57.254,9.36,9.52,9.52,,
57.269,9.31,9.53,9.52,,
57.283,9.31,9.52,9.52,,
57.298,9.32,9.52,9.52,,
57.312,9.35,9.52,9.52,,
57.327,9.27,9.52,9.52,,
57.342,9.31,9.52,9.52,,
57.356,9.44,9.52,9.52,,
57.371,9.41,9.52,9.52,,
57.386,9.22,9.52,9.52,,
57.4,9.22,9.52,9.52,,
57.414,9.3,9.52,9.52,,
57.429,9.38,9.52,9.52,,
57.444,9.33,9.52,9.52,,
57.458,9.32,9.52,9.52,,
57.473,9.35,9.52,9.52,,
57.487,9.33,9.52,9.52,,
57.502,9.33,9.52,9.52,,
57.516,9.31,9.52,9.52,,
57.531,9.31,9.52,9.52,,
57.545,9.33,9.52,9.52,,
57.56,9.27,9.52,9.52,,
57.583,9.36,9.52,9.52,,
57.598,9.32,9.52,9.52,,
57.613,9.32,9.52,9.52,,
57.627,9.35,9.52,9.52,,
57.642,9.38,9.52,9.52,,
57.656,9.31,9.52,9.52,,
57.67,9.27,9.52,9.51,,
57.684,9.39,9.52,9.51,,
57.698,9.41,9.52,9.51,,
57.712,9.38,9.52,9.52,,
57.726,9.36,9.52,9.52,,
57.741,9.38,9.52,9.52,,
57.755,9.35,9.52,9.52,,
57.769,9.29,9.52,9.52,,
57.783,9.33,9.52,9.52,,
57.797,9.39,9.52,9.52,,
57.812,9.3,9.52,9.52,,
57.826,9.26,9.52,9.52,,
57.841,9.28,9.52,9.52,,
57.855,9.35,9.52,9.52,,
57.87,9.41,9.52,9.52,,
57.884,9.35,9.52,9.52,,
57.899,9.33,9.52,9.52,,
57.913,9.32,9.52,9.52,,
57.927,9.32,9.52,9.52,,
57.942,9.34,9.52,9.52,,
57.956,9.32,9.52,9.52,,
57.97,9.36,9.52,9.52,,
57.984,9.34,9.52,9.52,,
57.998,9.33,9.52,9.52,,
58.012,9.34,9.52,9.52,,
58.026,9.33,9.52,9.52,,
58.04,9.29,9.52,9.52,,
58.055,9.34,9.52,9.52,,
58.069,9.35,9.52,9.52,,
58.084,9.3,9.52,9.52,,
58.099,9.29,9.52,9.51,,
58.113,9.26,9.52,9.51,,
58.128,9.29,9.52,9.51,,
58.142,9.33,9.51,9.51,,
58.157,9.37,9.51,9.51,,
58.171,9.36,9.51,9.51,,
58.186,9.34,9.51,9.51,,
58.2,9.33,9.51,9.51,,
58.215,9.33,9.51,9.51,,
58.23,9.35,9.51,9.51,,
58.244,9.36,9.51,9.51,,
58.259,9.37,9.51,9.51,,
58.273,9.36,9.51,9.51,,
58.288,9.36,9.51,9.51,,
58.302,9.34,9.51,9.51,,
58.317,9.29,9.51,9.51,,
58.331,9.29,9.51,9.51,,
58.346,9.3,9.51,9.51,,
58.361,9.33,9.51,9.51,,
58.376,9.31,9.51,9.51,,
58.39,9.27,9.51,9.51,,
58.404,9.38,9.51,9.51,,
58.418,9.45,9.51,9.51,,
58.433,9.42,9.51,9.51,,
58.448,9.29,9.51,9.51,,
58.464,9.31,9.51,9.51,,
58.478,9.29,9.51,9.51,,
58.493,9.28,9.51,9.51,,
58.507,9.32,9.51,9.51,,
58.521,9.32,9.51,9.51,,
58.536,9.29,9.51,9.51,,
58.55,9.32,9.51,9.51,,
58.565,9.32,9.51,9.51,,
58.579,9.34,9.51,9.51,,
58.594,9.35,9.51,9.51,,
58.61,9.29,9.51,9.51,,
58.624,9.27,9.51,9.51,,
58.638,9.3,9.51,9.51,,
58.653,9.28,9.51,9.51,,
58.667,9.3,9.51,9.51,,
58.681,9.29,9.51,9.51,,
58.696,9.32,9.51,9.51,,
58.71,9.33,9.51,9.51,,
58.724,9.32,9.51,9.51,,
58.739,9.34,9.51,9.5,,
58.753,9.36,9.51,9.51,,
58.768,9.36,9.51,9.51,,
58.782,9.33,9.51,9.5,,
58.796,9.34,9.51,9.5,,
58.81,9.32,9.5,9.5,,
58.824,9.32,9.5,9.5,,
58.839,9.33,9.5,9.5,,
58.853,9.37,9.5,9.5,,
58.868,9.37,9.5,9.5,,
58.883,9.34,9.5,9.5,,
58.897,9.31,9.5,9.5,,
58.911,9.33,9.5,9.5,,
58.925,9.29,9.5,9.5,,
58.94,9.32,9.5,9.5,,
58.954,9.36,9.5,9.5,,
58.968,9.39,9.5,9.5,,
58.983,9.35,9.5,9.5,,
58.997,9.29,9.5,9.5,,
59.011,9.32,9.5,9.5,,
59.025,9.41,9.5,9.5,,
59.04,9.4,9.5,9.5,,
59.054,9.38,9.5,9.5,,
59.069,9.33,9.5,9.5,,
59.083,9.35,9.5,9.5,,
59.097,9.35,9.5,9.5,,
59.112,9.31,9.5,9.5,,
59.126,9.31,9.5,9.5,,
59.141,9.36,9.5,9.5,,
59.156,9.42,9.5,9.5,,
59.17,9.38,9.5,9.5,,
59.185,9.36,9.5,9.5,,
59.199,9.3,9.5,9.5,,
59.214,9.32,9.5,9.5,,
59.229,9.35,9.5,9.5,,
59.243,9.34,9.5,9.5,,
59.257,9.41,9.5,9.5,,
59.272,9.41,9.5,9.5,,
59.286,9.26,9.5,9.5,,
59.301,9.27,9.5,9.5,,
59.316,9.4,9.5,9.5,,
59.33,9.37,9.5,9.5,,
59.345,9.33,9.5,9.5,,
59.359,9.34,9.5,9.5,,
59.374,9.42,9.5,9.5,,
59.388,9.41,9.5,9.5,,
59.402,9.36,9.5,9.5,,
59.417,9.26,9.5,9.5,,
59.432,9.29,9.5,9.5,,
59.446,9.33,9.5,9.5,,
59.461,9.34,9.5,9.5,,
59.476,9.38,9.5,9.5,,
59.49,9.41,9.5,9.5,,
59.505,9.31,9.5,9.5,,
59.52,9.32,9.5,9.5,,
59.535,9.33,9.5,9.5,,
59.549,9.34,9.5,9.5,,
59.564,9.32,9.5,9.5,,
59.579,9.31,9.5,9.5,,
59.593,9.35,9.5,9.5,,
59.608,9.33,9.5,9.5,,
59.622,9.28,9.5,9.5,,
59.637,9.33,9.5,9.5,,
59.652,9.43,9.5,9.5,,
59.666,9.37,9.5,9.5,,
59.68,9.29,9.5,9.5,,
59.694,9.33,9.5,9.5,,
59.709,9.38,9.5,9.5,,
59.723,9.4,9.5,9.5,,
59.738,9.35,9.5,9.5,,
59.752,9.36,9.5,9.5,,
59.766,9.37,9.5,9.5,,
59.78,9.29,9.5,9.5,,
59.795,9.27,9.5,9.5,,
59.809,9.29,9.5,9.5,,
59.823,9.35,9.5,9.5,,
59.837,9.43,9.5,9.5,,
59.851,9.29,9.5,9.5,,
59.865,9.24,9.5,9.5,,
59.879,9.35,9.5,9.5,,
59.894,9.39,9.5,9.5,,
59.908,9.27,9.5,9.5,,
59.923,9.27,9.5,9.5,,
59.937,9.34,9.5,9.5,,
59.951,9.29,9.5,9.5,,
59.965,9.25,9.5,9.49,,
59.98,9.32,9.5,9.49,,
59.994,9.33,9.49,9.49,,
60.008,9.24,9.49,9.49,,
60.022,9.26,9.49,9.49,,
60.037,9.34,9.49,9.49,,
60.051,9.32,9.49,9.49,,
60.065,9.34,9.49,9.49,,
60.079,9.32,9.5,9.49,,
60.094,9.35,9.49,9.49,,
60.108,9.31,9.49,9.49,,
60.123,9.26,9.49,9.49,,
60.138,9.27,9.5,9.49,,
60.152,9.32,9.49,9.49,,
60.166,9.38,9.49,9.49,,
60.181,9.39,9.49,9.49,,
60.196,9.34,9.5,9.49,,
60.211,9.32,9.49,9.49,,
60.225,9.38,9.49,9.49,,
60.24,9.38,9.5,9.49,,
60.254,9.32,9.5,9.49,,
60.269,9.29,9.5,9.49,,
60.283,9.33,9.5,9.49,,
60.298,9.31,9.5,9.49,,
60.313,9.31,9.5,9.49,,
60.327,9.35,9.5,9.49,,
60.342,9.42,9.49,9.49,,
60.357,9.38,9.5,9.49,,
60.371,9.32,9.5,9.49,,
60.386,9.22,9.5,9.49,,
60.4,9.28,9.5,9.49,,
60.415,9.38,9.5,9.49,,
60.429,9.4,9.5,9.49,,
60.444,9.29,9.5,9.49,,
60.459,9.27,9.5,9.49,,
60.474,9.3,9.5,9.49,,
60.488,9.34,9.5,9.49,,
60.503,9.36,9.5,9.49,,
60.517,9.37,9.5,9.49,,
60.532,9.33,9.5,9.49,,
60.546,9.32,9.5,9.49,,
60.561,9.29,9.5,9.49,,
60.576,9.3,9.5,9.49,,
60.59,9.38,9.5,9.49,,
60.605,9.36,9.5,9.49,,
60.62,9.29,9.5,9.49,,
60.634,9.34,9.5,9.49,,
60.649,9.36,9.5,9.49,,
60.663,9.36,9.5,9.49,,
60.677,9.38,9.5,9.49,,
60.692,9.33,9.5,9.49,,
60.706,9.31,9.5,9.49,,
60.72,9.39,9.5,9.49,,
60.734,9.36,9.5,9.49,,
60.749,9.31,9.5,9.49,,
60.763,9.29,9.51,9.49,,
60.777,9.3,9.51,9.49,,
60.791,9.35,9.51,9.49,,
60.805,9.36,9.51,9.49,,
60.82,9.34,9.51,9.49,,
60.834,9.32,9.51,9.49,,
60.848,9.37,9.51,9.49,,
60.863,9.39,9.51,9.49,,
60.877,9.33,9.51,9.49,,
60.891,9.33,9.51,9.49,,
60.905,9.33,9.51,9.49,,
60.919,9.3,9.51,9.49,,
60.934,9.28,9.51,9.49,,
60.948,9.31,9.51,9.49,,
60.964,9.35,9.51,9.49,,
60.978,9.42,9.5,9.49,,
60.992,9.33,9.51,9.49,,
61.006,9.25,9.51,9.49,,
61.02,9.33,9.51,9.49,,
61.035,9.41,9.5,9.49,,
61.049,9.39,9.51,9.49,,
61.063,9.33,9.51,9.49,,
61.077,9.27,9.51,9.49,,
61.092,9.3,9.5,9.49,,
61.106,9.37,9.5,9.49,,
61.121,9.37,9.51,9.49,,
61.136,9.37,9.51,9.49,,
61.15,9.41,9.51,9.49,,
61.165,9.39,9.51,9.49,,
61.179,9.35,9.51,9.49,,
61.194,9.3,9.51,9.49,,
61.208,9.32,9.51,9.49,,
61.223,9.39,9.51,9.49,,
61.238,9.34,9.51,9.49,,
61.252,9.27,9.51,9.49,,
61.267,9.29,9.51,9.49,,
61.281,9.32,9.5,9.49,,
61.296,9.36,9.5,9.49,,
61.31,9.36,9.51,9.49,,
61.325,9.31,9.51,9.49,,
61.343,9.35,9.51,9.49,,
61.358,9.35,9.51,9.49,,
61.372,9.32,9.51,9.49,,
61.387,9.32,9.51,9.49,,
61.401,9.35,9.51,9.49,,
61.416,9.33,9.51,9.49,,
61.43,9.33,9.51,9.49,,
61.445,9.39,9.51,9.49,,
61.459,9.38,9.51,9.49,,
61.474,9.33,9.51,9.49,,
61.488,9.33,9.51,9.49,,
61.503,9.38,9.51,9.49,,
61.517,9.34,9.51,9.49,,
61.532,9.32,9.51,9.49,,
61.546,9.31,9.51,9.49,,
61.564,9.3,9.51,9.49,,
61.579,9.39,9.51,9.49,,
61.593,9.36,9.51,9.49,,
61.608,9.31,9.51,9.49,,
61.623,9.29,9.51,9.49,,
61.637,9.25,9.51,9.49,,
61.652,9.33,9.51,9.49,,
61.666,9.4,9.51,9.49,,
61.68,9.32,9.51,9.49,,
61.695,9.27,9.51,9.49,,
61.709,9.3,9.51,9.49,,
61.723,9.34,9.51,9.49,,
61.737,9.43,9.51,9.49,,
61.751,9.39,9.51,9.49,,
61.765,9.35,9.51,9.49,,
61.78,9.31,9.51,9.49,,
61.794,9.34,9.51,9.49,,
61.808,9.29,9.51,9.49,,
61.823,9.27,9.51,9.49,,
61.837,9.36,9.51,9.49,,
61.851,9.37,9.51,9.49,,
61.865,9.34,9.51,9.49,,
61.879,9.31,9.51,9.49,,
61.894,9.36,9.51,9.49,,
61.908,9.34,9.51,9.49,,
61.922,9.31,9.51,9.49,,
61.936,9.35,9.52,9.49,,
61.951,9.33,9.52,9.49,,
61.965,9.31,9.52,9.49,,
61.979,9.32,9.52,9.49,,
61.993,9.32,9.52,9.49,,
62.008,9.31,9.52,9.49,,
62.022,9.35,9.52,9.49,,
62.036,9.39,9.51,9.49,,
62.05,9.33,9.51,9.49,,
62.065,9.25,9.51,9.49,,
62.079,9.27,9.51,9.49,,
62.093,9.32,9.51,9.49,,
62.108,9.36,9.51,9.49,,
62.122,9.32,9.51,9.49,,
62.137,9.28,9.51,9.49,,
62.151,9.32,9.51,9.49,,
62.166,9.3,9.51,9.49,,
62.18,9.33,9.51,9.49,,
62.195,9.39,9.51,9.49,,
62.209,9.33,9.51,9.49,,
62.224,9.37,9.51,9.49,,
62.239,9.34,9.51,9.49,,
62.253,9.27,9.51,9.49,,
62.268,9.32,9.51,9.49,,
62.282,9.4,9.51,9.49,,
62.297,9.37,9.51,9.49,,
62.311,9.27,9.51,9.49,,
62.326,9.3,9.51,9.49,,
62.341,9.28,9.51,9.49,,
62.355,9.32,9.5,9.49,,
62.369,9.39,9.5,9.49,,
62.384,9.36,9.5,9.49,,
62.399,9.32,9.5,9.49,,
62.413,9.34,9.5,9.49,,
62.428,9.34,9.5,9.49,,
62.442,9.35,9.5,9.49,,
62.457,9.34,9.5,9.49,,
62.471,9.3,9.5,9.49,,
62.486,9.26,9.5,9.49,,
62.501,9.31,9.5,9.49,,
62.515,9.38,9.5,9.49,,
62.53,9.4,9.5,9.49,,
62.545,9.37,9.5,9.49,,
62.56,9.3,9.51,9.49,,
62.575,9.35,9.5,9.49,,
62.589,9.33,9.5,9.49,,
62.603,9.32,9.5,9.49,,
62.618,9.32,9.5,9.49,,
62.633,9.31,9.51,9.49,,
62.647,9.34,9.51,9.49,,
62.661,9.33,9.51,9.49,,
62.676,9.35,9.51,9.49,,
62.69,9.32,9.51,9.49,,
62.704,9.28,9.51,9.49,,
62.718,9.36,9.51,9.49,,
62.732,9.35,9.51,9.49,,
62.746,9.36,9.51,9.49,,
62.76,9.36,9.5,9.49,,
62.775,9.32,9.51,9.49,,
62.789,9.31,9.51,9.49,,
62.803,9.31,9.51,9.49,,
62.817,9.34,9.51,9.49,,
62.831,9.33,9.5,9.49,,
62.846,9.32,9.5,9.49,,
62.863,9.3,9.51,9.49,,
62.877,9.34,9.51,9.49,,
62.891,9.33,9.51,9.49,,
62.906,9.34,9.51,9.49,,
62.921,9.34,9.51,9.49,,
62.935,9.32,9.5,9.49,,
62.95,9.37,9.5,9.49,,
62.964,9.35,9.5,9.49,,
62.978,9.33,9.5,9.49,,
62.992,9.32,9.5,9.49,,
63.006,9.33,9.5,9.49,,
63.021,9.35,9.5,9.49,,
63.036,9.32,9.5,9.49,,
63.051,9.29,9.5,9.49,,
63.065,9.3,9.5,9.49,,
63.081,9.26,9.5,9.49,,
63.095,9.3,9.5,9.49,,
63.109,9.37,9.5,9.49,,
63.124,9.4,9.5,9.49,,
63.138,9.35,9.5,9.49,,
63.153,9.35,9.5,9.49,,
63.167,9.33,9.5,9.49,,
63.182,9.32,9.5,9.49,,
63.197,9.34,9.5,9.49,,
63.211,9.34,9.5,9.49,,
63.226,9.32,9.5,9.49,,
63.24,9.31,9.5,9.49,,
63.254,9.35,9.5,9.49,,
63.269,9.37,9.5,9.49,,
63.283,9.34,9.5,9.49,,
63.298,9.32,9.5,9.49,,
63.312,9.3,9.5,9.49,,
63.327,9.24,9.5,9.49,,
63.342,9.34,9.5,9.49,,
63.356,9.32,9.5,9.49,,
63.371,9.31,9.5,9.49,,
63.385,9.3,9.5,9.49,,
63.4,9.28,9.5,9.49,,
63.414,9.3,9.5,9.49,,
63.428,9.35,9.5,9.49,,
63.443,9.36,9.5,9.49,,
63.457,9.33,9.5,9.49,,
63.472,9.33,9.5,9.49,,
63.486,9.35,9.5,9.49,,
63.501,9.32,9.5,9.49,,
63.515,9.31,9.5,9.49,,
63.53,9.31,9.5,9.49,,
63.544,9.31,9.5,9.49,,
63.558,9.33,9.5,9.49,,
63.573,9.31,9.5,9.49,,
63.588,9.3,9.5,9.49,,
63.602,9.32,9.5,9.49,,
63.617,9.35,9.5,9.49,,
63.631,9.36,9.5,9.49,,
63.645,9.35,9.5,9.49,,
63.66,9.37,9.5,9.49,,
63.674,9.34,9.5,9.49,,
63.689,9.26,9.5,9.49,,
63.703,9.3,9.5,9.49,,
63.717,9.35,9.5,9.49,,
63.731,9.35,9.5,9.49,,
63.746,9.34,9.5,9.49,,
63.76,9.35,9.5,9.49,,
63.774,9.25,9.5,9.49,,
63.788,9.23,9.5,9.49,,
63.803,9.27,9.5,9.49,,
63.817,9.39,9.5,9.49,,
63.831,9.43,9.5,9.49,,
63.845,9.33,9.5,9.49,,
63.859,9.32,9.5,9.49,,
63.874,9.41,9.5,9.49,,
63.888,9.42,9.5,9.49,,
63.902,9.35,9.5,9.49,,
63.916,9.3,9.5,9.49,,
63.931,9.28,9.5,9.49,,
63.945,9.31,9.5,9.49,,
63.959,9.3,9.5,9.49,,
63.973,9.34,9.5,9.49,,
63.987,9.31,9.5,9.49,,
64.001,9.34,9.5,9.49,,
64.016,9.36,9.5,9.49,,
64.03,9.33,9.5,9.49,,
64.044,9.31,9.5,9.49,,
64.058,9.34,9.5,9.49,,
64.072,9.3,9.5,9.49,,
64.087,9.3,9.5,9.49,,
64.101,9.39,9.5,9.49,,
64.116,9.37,9.5,9.49,,
64.13,9.27,9.5,9.49,,
64.145,9.25,9.5,9.49,,
64.161,9.28,9.5,9.49,,
64.176,9.3,9.5,9.49,,
64.191,9.38,9.5,9.49,,
64.205,9.4,9.5,9.49,,
64.22,9.34,9.5,9.49,,
64.235,9.35,9.5,9.49,,
64.249,9.33,9.5,9.49,,
64.264,9.3,9.5,9.49,,
64.279,9.28,9.5,9.49,,
64.294,9.29,9.5,9.49,,
64.308,9.34,9.5,9.49,,
64.323,9.37,9.5,9.49,,
64.337,9.39,9.5,9.49,,
64.352,9.31,9.5,9.49,,
64.366,9.28,9.5,9.49,,
64.381,9.33,9.5,9.49,,
64.396,9.35,9.5,9.49,,
64.41,9.32,9.5,9.49,,
64.425,9.29,9.5,9.49,,
64.439,9.38,9.5,9.49,,
64.454,9.4,9.5,9.49,,
64.469,9.34,9.5,9.49,,
64.483,9.36,9.5,9.49,,
64.498,9.4,9.5,9.49,,
64.512,9.45,9.5,9.49,,
64.527,9.39,9.5,9.49,,
64.541,9.35,9.5,9.49,,
64.556,9.34,9.5,9.49,,
64.57,9.34,9.5,9.49,,
64.585,9.31,9.5,9.49,,
64.601,9.32,9.5,9.49,,
64.615,9.36,9.5,9.49,,
64.63,9.35,9.5,9.49,,
64.645,9.32,9.5,9.49,,
64.659,9.29,9.5,9.49,,
64.674,9.31,9.5,9.49,,
64.688,9.33,9.5,9.49,,
64.702,9.33,9.51,9.49,,
64.717,9.32,9.51,9.49,,
64.732,9.32,9.51,9.49,,
64.747,9.28,9.51,9.49,,
64.763,9.32,9.51,9.49,,
64.777,9.31,9.51,9.49,,
64.791,9.33,9.51,9.49,,
64.805,9.32,9.51,9.49,,
64.819,9.3,9.51,9.49,,
64.833,9.32,9.5,9.49,,
64.848,9.39,9.5,9.49,,
64.862,9.38,9.5,9.49,,
64.876,9.33,9.5,9.49,,
64.89,9.3,9.5,9.49,,
64.905,9.3,9.5,9.49,,
64.919,9.31,9.5,9.49,,
64.933,9.33,9.5,9.49,,
64.947,9.37,9.5,9.49,,
64.961,9.35,9.5,9.49,,
64.976,9.34,9.5,9.49,,
64.991,9.32,9.5,9.49,,
65.007,9.31,9.5,9.49,,
65.021,9.29,9.5,9.49,,
65.035,9.31,9.5,9.49,,
65.049,9.36,9.5,9.49,,
65.063,9.36,9.5,9.49,,
65.078,9.34,9.5,9.49,,
65.092,9.32,9.51,9.49,,
65.106,9.3,9.51,9.49,,
65.121,9.33,9.5,9.49,,
65.135,9.31,9.5,9.49,,
65.15,9.39,9.5,9.49,,
65.164,9.35,9.5,9.49,,
65.179,9.3,9.5,9.49,,
65.194,9.3,9.5,9.49,,
65.209,9.35,9.5,9.49,,
65.224,9.39,9.5,9.49,,
65.239,9.39,9.5,9.49,,
65.254,9.4,9.5,9.49,,
65.269,9.33,9.5,9.49,,
65.283,9.29,9.5,9.49,,
65.298,9.31,9.5,9.49,,
65.313,9.33,9.5,9.49,,
65.327,9.37,9.5,9.49,,
65.342,9.34,9.5,9.49,,
65.356,9.28,9.5,9.49,,
65.37,9.29,9.5,9.49,,
65.385,9.32,9.5,9.49,,
65.399,9.37,9.5,9.49,,
65.413,9.34,9.5,9.49,,
65.428,9.33,9.5,9.49,,
65.442,9.3,9.5,9.49,,
65.458,9.24,9.5,9.49,,
65.472,9.31,9.5,9.49,,
65.487,9.36,9.5,9.49,,
65.501,9.32,9.5,9.49,,
65.515,9.32,9.5,9.49,,
65.529,9.35,9.5,9.49,,
65.543,9.3,9.5,9.49,,
65.558,9.28,9.5,9.49,,
65.573,9.32,9.5,9.49,,
65.587,9.37,9.5,9.49,,
65.601,9.39,9.5,9.49,,
65.616,9.34,9.5,9.49,,
65.63,9.28,9.5,9.49,,
65.645,9.29,9.5,9.49,,
65.66,9.33,9.5,9.49,,
65.674,9.35,9.5,9.49,,
65.688,9.36,9.5,9.49,,
65.703,9.3,9.5,9.49,,
65.717,9.28,9.5,9.49,,
65.731,9.3,9.5,9.49,,
65.745,9.33,9.5,9.49,,
65.759,9.35,9.5,9.49,,
65.774,9.38,9.5,9.49,,
65.788,9.37,9.5,9.49,,
65.802,9.39,9.5,9.49,,
65.817,9.38,9.5,9.49,,
65.831,9.29,9.5,9.49,,
65.846,9.26,9.5,9.49,,
65.86,9.26,9.5,9.49,,
65.875,9.28,9.5,9.49,,
65.889,9.31,9.5,9.49,,
65.904,9.36,9.5,9.49,,
65.918,9.35,9.5,9.49,,
65.932,9.3,9.5,9.49,,
65.946,9.3,9.5,9.49,,
65.961,9.37,9.5,9.49,,
65.975,9.42,9.5,9.49,,
65.99,9.38,9.5,9.49,,
66.004,9.34,9.5,9.49,,
66.018,9.3,9.5,9.49,,
66.032,9.32,9.5,9.49,,
66.047,9.35,9.5,9.49,,
66.061,9.33,9.5,9.49,,
66.075,9.29,9.5,9.49,,
66.089,9.35,9.5,9.49,,
66.104,9.4,9.5,9.49,,
66.118,9.3,9.5,9.49,,
66.132,9.28,9.5,9.49,,
66.147,9.32,9.5,9.49,,
66.162,9.31,9.5,9.49,,
66.176,9.34,9.5,9.49,,
66.19,9.37,9.5,9.49,,
66.205,9.34,9.51,9.49,,
66.219,9.33,9.51,9.49,,
66.234,9.33,9.51,9.49,,
66.249,9.32,9.51,9.49,,
66.263,9.37,9.51,9.49,,
66.278,9.39,9.51,9.49,,
66.293,9.35,9.51,9.49,,
66.307,9.34,9.51,9.49,,
66.322,9.38,9.51,9.49,,
66.336,9.33,9.51,9.49,,
66.351,9.31,9.51,9.49,,
66.365,9.39,9.51,9.49,,
66.38,9.38,9.51,9.49,,
66.394,9.32,9.51,9.49,,
66.409,9.31,9.51,9.49,,
66.423,9.31,9.51,9.49,,
66.438,9.33,9.51,9.49,,
66.453,9.36,9.51,9.49,,
66.468,9.35,9.51,9.49,,
66.482,9.32,9.51,9.49,,
66.497,9.36,9.51,9.49,,
66.512,9.34,9.51,9.49,,
66.527,9.33,9.51,9.49,,
66.541,9.32,9.51,9.49,,
66.556,9.34,9.51,9.49,,
66.571,9.35,9.51,9.49,,
66.585,9.29,9.51,9.49,,
66.6,9.29,9.51,9.49,,
66.614,9.3,9.51,9.49,,
66.629,9.31,9.51,9.49,,
66.643,9.33,9.51,9.49,,
66.658,9.33,9.51,9.49,,
66.674,9.33,9.51,9.49,,
66.687,9.32,9.51,9.49,,
66.702,9.33,9.51,9.49,,
66.716,9.3,9.5,9.49,,
66.731,9.36,9.5,9.49,,
66.745,9.34,9.51,9.49,,
66.759,9.32,9.51,9.49,,
66.773,9.31,9.5,9.49,,
66.788,9.29,9.5,9.49,,
66.802,9.3,9.5,9.49,,
66.816,9.34,9.5,9.49,,
66.831,9.4,9.5,9.49,,
66.845,9.37,9.51,9.49,,
66.86,9.32,9.51,9.49,,
66.874,9.33,9.51,9.49,,
66.888,9.3,9.51,9.49,,
66.903,9.33,9.51,9.49,,
66.917,9.36,9.51,9.49,,
66.932,9.32,9.51,9.49,,
66.946,9.3,9.51,9.49,,
66.96,9.29,9.51,9.49,,
66.974,9.29,9.51,9.49,,
66.988,9.32,9.51,9.49,,
67.003,9.36,9.51,9.49,,
67.017,9.31,9.51,9.49,,
67.031,9.31,9.51,9.49,,
67.045,9.35,9.51,9.49,,
67.06,9.38,9.51,9.49,,
67.074,9.38,9.51,9.49,,
67.088,9.38,9.51,9.49,,
67.102,9.38,9.51,9.49,,
67.116,9.36,9.51,9.49,,
67.13,9.32,9.51,9.49,,
67.144,9.31,9.51,9.49,,
67.159,9.33,9.51,9.49,,
67.173,9.34,9.51,9.49,,
67.187,9.35,9.51,9.49,,
67.202,9.37,9.51,9.49,,
67.217,9.38,9.51,9.49,,
67.231,9.33,9.51,9.49,,
67.245,9.35,9.51,9.49,,
67.26,9.38,9.51,9.49,,
67.274,9.38,9.51,9.49,,
67.289,9.34,9.51,9.49,,
67.304,9.32,9.51,9.49,,
67.318,9.33,9.51,9.49,,
67.333,9.34,9.51,9.49,,
67.348,9.35,9.51,9.49,,
67.362,9.34,9.51,9.49,,
67.377,9.37,9.51,9.49,,
67.392,9.33,9.51,9.49,,
67.406,9.29,9.51,9.49,,
67.421,9.31,9.51,9.49,,
67.435,9.33,9.51,9.49,,
67.45,9.33,9.51,9.49,,
67.464,9.39,9.51,9.49,,
67.478,9.4,9.51,9.49,,
67.493,9.28,9.51,9.49,,
67.507,9.27,9.51,9.49,,
67.522,9.29,9.51,9.49,,
67.536,9.36,9.51,9.49,,
67.551,9.37,9.51,9.49,,
67.565,9.28,9.51,9.49,,
67.579,9.29,9.51,9.49,,
67.594,9.33,9.51,9.49,,
67.609,9.35,9.51,9.49,,
67.623,9.33,9.51,9.49,,
67.638,9.32,9.51,9.49,,
67.653,9.36,9.51,9.49,,
67.667,9.35,9.51,9.49,,
67.682,9.36,9.51,9.49,,
67.696,9.34,9.51,9.49,,
67.711,9.31,9.51,9.49,,
67.725,9.32,9.51,9.49,,
67.74,9.39,9.52,9.49,,
67.755,9.4,9.52,9.49,,
67.769,9.38,9.52,9.49,,
67.783,9.33,9.52,9.49,,
67.797,9.33,9.51,9.49,,
67.811,9.39,9.51,9.49,,
67.826,9.37,9.51,9.49,,
67.84,9.35,9.51,9.49,,
67.854,9.32,9.51,9.49,,
67.868,9.34,9.51,9.49,,
67.882,9.35,9.51,9.49,,
67.896,9.35,9.51,9.49,,
67.91,9.32,9.51,9.49,,
67.925,9.31,9.51,9.49,,
67.939,9.36,9.51,9.49,,
67.953,9.37,9.51,9.49,,
67.967,9.39,9.51,9.49,,
67.982,9.42,9.51,9.49,,
67.996,9.42,9.51,9.49,,
68.01,9.35,9.51,9.49,,
68.024,9.29,9.51,9.49,,
68.038,9.31,9.51,9.49,,
68.052,9.33,9.51,9.49,,
68.066,9.31,9.51,9.49,,
68.08,9.29,9.51,9.49,,
68.094,9.32,9.51,9.49,,
68.109,9.37,9.51,9.49,,
68.123,9.36,9.51,9.49,,
68.137,9.36,9.51,9.49,,
68.152,9.34,9.51,9.49,,
68.166,9.35,9.51,9.49,,
68.181,9.31,9.51,9.49,,
68.195,9.3,9.51,9.49,,
68.21,9.3,9.51,9.49,,
68.225,9.33,9.51,9.49,,
68.24,9.33,9.51,9.49,,
68.255,9.36,9.52,9.49,,
68.269,9.38,9.51,9.49,,
68.284,9.33,9.51,9.49,,
68.298,9.33,9.51,9.49,,
68.312,9.33,9.51,9.49,,
68.327,9.36,9.51,9.49,,
68.341,9.34,9.51,9.49,,
68.357,9.34,9.51,9.49,,
68.371,9.28,9.51,9.49,,
68.385,9.27,9.51,9.49,,
68.4,9.34,9.51,9.49,,
68.414,9.36,9.51,9.49,,
68.428,9.33,9.51,9.49,,
68.442,9.32,9.51,9.49,,
68.457,9.31,9.51,9.49,,
68.472,9.28,9.51,9.49,,
68.486,9.32,9.51,9.49,,
68.5,9.31,9.51,9.49,,
68.516,9.29,9.51,9.49,,
68.531,9.29,9.51,9.49,,
68.545,9.3,9.51,9.49,,
68.56,9.3,9.51,9.49,,
68.574,9.32,9.51,9.49,,
68.589,9.32,9.51,9.49,,
68.604,9.34,9.51,9.49,,
68.618,9.28,9.51,9.49,,
68.632,9.28,9.51,9.49,,
68.647,9.29,9.51,9.49,,
68.661,9.42,9.5,9.49,,
68.676,9.38,9.5,9.49,,
68.69,9.31,9.5,9.49,,
68.705,9.24,9.51,9.49,,
68.72,9.29,9.5,9.49,,
68.735,9.28,9.5,9.49,,
68.749,9.33,9.5,9.49,,
68.763,9.33,9.5,9.49,,
68.777,9.3,9.5,9.49,,
68.791,9.37,9.5,9.49,,
68.806,9.35,9.5,9.49,,
68.82,9.31,9.5,9.49,,
68.834,9.41,9.5,9.49,,
68.848,9.38,9.51,9.49,,
68.863,9.36,9.51,9.49,,
68.877,9.29,9.51,9.49,,
68.891,9.3,9.5,9.49,,
68.906,9.33,9.5,9.49,,
68.92,9.33,9.5,9.49,,
68.934,9.33,9.51,9.49,,
68.948,9.32,9.51,9.49,,
68.963,9.31,9.51,9.49,,
68.977,9.24,9.51,9.49,,
68.991,9.26,9.51,9.49,,
69.005,9.28,9.51,9.49,,
69.019,9.3,9.51,9.49,,
69.033,9.33,9.51,9.49,,
69.047,9.37,9.51,9.49,,
69.062,9.36,9.51,9.49,,
69.076,9.35,9.51,9.49,,
69.09,9.36,9.51,9.49,,
69.104,9.39,9.51,9.49,,
69.118,9.36,9.51,9.49,,
69.133,9.33,9.51,9.49,,
69.147,9.32,9.51,9.49,,
69.161,9.3,9.51,9.49,,
69.176,9.3,9.51,9.49,,
69.191,9.34,9.51,9.49,,
69.205,9.39,9.51,9.49,,
69.22,9.39,9.51,9.49,,
69.234,9.31,9.51,9.49,,
69.248,9.31,9.51,9.49,,
69.263,9.29,9.51,9.49,,
69.278,9.28,9.51,9.49,,
69.292,9.39,9.51,9.49,,
69.306,9.42,9.51,9.49,,
69.321,9.4,9.51,9.49,,
69.335,9.27,9.51,9.49,,
69.35,9.26,9.51,9.49,,
69.365,9.33,9.51,9.49,,
69.379,9.36,9.51,9.49,,
69.394,9.4,9.51,9.49,,
69.408,9.33,9.51,9.49,,
69.423,9.24,9.51,9.49,,
69.438,9.23,9.51,9.49,,
69.452,9.32,9.51,9.49,,
69.467,9.39,9.51,9.49,,
69.481,9.4,9.51,9.49,,
69.496,9.37,9.51,9.49,,
69.511,9.27,9.51,9.49,,
69.526,9.26,9.51,9.49,,
69.54,9.26,9.51,9.49,,
69.554,9.34,9.51,9.49,,
69.569,9.44,9.51,9.49,,
69.584,9.41,9.51,9.49,,
69.598,9.36,9.51,9.49,,
69.612,9.33,9.51,9.49,,
69.627,9.33,9.51,9.49,,
69.641,9.33,9.51,9.49,,
69.656,9.3,9.51,9.49,,
69.67,9.44,9.51,9.49,,
69.685,9.44,9.51,9.49,,
69.7,9.3,9.51,9.49,,
69.714,9.31,9.51,9.49,,
69.728,9.4,9.51,9.49,,
69.743,9.4,9.51,9.49,,
69.757,9.37,9.51,9.49,,
69.771,9.32,9.51,9.49,,
69.786,9.32,9.51,9.49,,
69.8,9.35,9.51,9.49,,
69.814,9.34,9.51,9.49,,
69.828,9.39,9.51,9.49,,
69.843,9.41,9.51,9.49,,
69.857,9.31,9.51,9.49,,
69.871,9.32,9.51,9.49,,
69.886,9.36,9.51,9.49,,
69.9,9.36,9.51,9.49,,
69.914,9.36,9.51,9.49,,
69.928,9.41,9.51,9.49,,
69.942,9.36,9.51,9.49,,
69.956,9.29,9.51,9.49,,
69.97,9.32,9.51,9.49,,
69.984,9.33,9.51,9.49,,
69.999,9.32,9.51,9.49,,
70.013,9.33,9.51,9.49,,
70.027,9.28,9.51,9.49,,
70.041,9.34,9.51,9.49,,
70.055,9.29,9.51,9.49,,
70.07,9.24,9.51,9.49,,
70.084,9.31,9.51,9.49,,
70.098,9.35,9.51,9.49,,
70.112,9.31,9.51,9.49,,
70.127,9.27,9.5,9.49,,
70.141,9.28,9.5,9.49,,
70.156,9.32,9.5,9.49,,
70.17,9.33,9.5,9.49,,
70.184,9.39,9.5,9.49,,
70.199,9.34,9.51,9.49,,
70.214,9.27,9.51,9.49,,
70.228,9.28,9.51,9.49,,
70.242,9.29,9.51,9.49,,
70.257,9.27,9.5,9.49,,
70.272,9.31,9.5,9.49,,
70.286,9.27,9.5,9.49,,
70.301,9.3,9.5,9.49,,
70.315,9.32,9.5,9.49,,
70.33,9.33,9.5,9.49,,
70.344,9.34,9.5,9.49,,
70.36,9.33,9.5,9.49,,
70.373,9.31,9.5,9.49,,
70.388,9.34,9.5,9.49,,
70.403,9.33,9.5,9.49,,
70.417,9.36,9.5,9.49,,
70.432,9.34,9.5,9.49,,
70.446,9.33,9.5,9.49,,
70.461,9.3,9.5,9.49,,
70.475,9.3,9.5,9.49,,
70.49,9.33,9.5,9.49,,
70.504,9.29,9.5,9.49,,
70.519,9.32,9.5,9.49,,
70.534,9.34,9.5,9.49,,
70.549,9.4,9.5,9.49,,
70.563,9.37,9.5,9.49,,
70.578,9.27,9.5,9.49,,
70.592,9.3,9.5,9.49,,
70.607,9.33,9.5,9.49,,
70.622,9.31,9.5,9.49,,
70.636,9.26,9.5,9.49,,
70.651,9.27,9.5,9.49,,
70.665,9.32,9.5,9.49,,
70.68,9.32,9.5,9.49,,
70.694,9.33,9.5,9.49,,
70.709,9.31,9.5,9.49,,
70.724,9.33,9.5,9.49,,
70.738,9.34,9.5,9.49,,
70.752,9.33,9.5,9.49,,
70.767,9.32,9.5,9.49,,
70.781,9.32,9.5,9.49,,
70.795,9.32,9.5,9.49,,
70.81,9.31,9.5,9.49,,
70.824,9.27,9.5,9.49,,
70.838,9.26,9.5,9.49,,
70.852,9.3,9.5,9.49,,
70.866,9.37,9.5,9.49,,
70.881,9.38,9.5,9.49,,
70.895,9.31,9.5,9.49,,
70.909,9.28,9.5,9.49,,
70.924,9.27,9.5,9.49,,
70.938,9.31,9.5,9.49,,
70.952,9.34,9.5,9.49,,
70.966,9.35,9.5,9.49,,
70.98,9.36,9.5,9.49,,
70.995,9.38,9.5,9.49,,
71.009,9.37,9.5,9.49,,
71.025,9.34,9.5,9.49,,
71.039,9.31,9.5,9.49,,
71.054,9.3,9.5,9.49,,
71.068,9.32,9.5,9.49,,
71.082,9.34,9.5,9.49,,
71.096,9.34,9.5,9.49,,
71.111,9.33,9.5,9.49,,
71.125,9.3,9.5,9.49,,
71.139,9.29,9.5,9.49,,
71.153,9.35,9.5,9.49,,
71.168,9.33,9.5,9.49,,
71.182,9.32,9.5,9.49,,
71.197,9.33,9.5,9.49,,
71.211,9.36,9.5,9.49,,
71.226,9.39,9.5,9.49,,
71.242,9.35,9.5,9.49,,
71.255,9.33,9.5,9.49,,
71.27,9.3,9.5,9.49,,
71.284,9.3,9.5,9.49,,
71.299,9.31,9.5,9.49,,
71.313,9.3,9.5,9.49,,
71.328,9.29,9.5,9.49,,
71.342,9.35,9.5,9.49,,
71.357,9.34,9.5,9.49,,
71.371,9.33,9.5,9.49,,
71.385,9.34,9.5,9.49,,
71.4,9.29,9.5,9.49,,
71.414,9.29,9.5,9.49,,
71.429,9.29,9.5,9.49,,
71.443,9.29,9.5,9.49,,
71.458,9.32,9.5,9.49,,
71.472,9.35,9.5,9.49,,
71.487,9.33,9.5,9.49,,
71.501,9.3,9.5,9.49,,
71.516,9.33,9.49,9.49,,
71.53,9.3,9.49,9.49,,
71.545,9.28,9.49,9.49,,
71.56,9.37,9.49,9.49,,
71.574,9.38,9.49,9.49,,
71.589,9.35,9.49,9.49,,
71.604,9.32,9.49,9.49,,
71.618,9.28,9.49,9.49,,
71.632,9.32,9.49,9.49,,
71.648,9.34,9.49,9.49,,
71.662,9.34,9.49,9.49,,
71.677,9.35,9.5,9.49,,
71.691,9.33,9.5,9.49,,
71.706,9.34,9.5,9.49,,
71.72,9.35,9.5,9.49,,
71.735,9.35,9.5,9.49,,
71.749,9.36,9.5,9.49,,
71.764,9.39,9.5,9.49,,
71.778,9.33,9.5,9.49,,
71.792,9.3,9.5,9.49,,
71.806,9.36,9.5,9.49,,
71.821,9.35,9.5,9.49,,
71.835,9.31,9.5,9.49,,
71.849,9.36,9.5,9.49,,
71.863,9.38,9.5,9.49,,
71.877,9.37,9.5,9.49,,
71.893,9.32,9.5,9.49,,
71.907,9.32,9.5,9.49,,
71.922,9.34,9.5,9.49,,
71.936,9.33,9.5,9.49,,
71.95,9.3,9.5,9.49,,
71.965,9.35,9.5,9.49,,
71.979,9.33,9.5,9.49,,
71.993,9.3,9.51,9.49,,
72.007,9.34,9.51,9.49,,
72.022,9.36,9.51,9.49,,
72.036,9.35,9.51,9.49,,
72.05,9.34,9.51,9.49,,
72.064,9.37,9.51,9.49,,
72.079,9.36,9.51,9.49,,
72.094,9.3,9.51,9.49,,
72.107,9.33,9.51,9.49,,
72.122,9.33,9.51,9.49,,
72.135,9.29,9.51,9.49,,
72.149,9.34,9.5,9.49,,
72.163,9.33,9.5,9.49,,
72.177,9.3,9.51,9.49,,
72.192,9.31,9.51,9.49,,
72.206,9.31,9.51,9.49,,
72.22,9.28,9.51,9.49,,
72.235,9.29,9.51,9.49,,
72.25,9.31,9.51,9.49,,
72.264,9.28,9.51,9.49,,
72.279,9.33,9.51,9.49,,
72.293,9.31,9.51,9.49,,
72.308,9.31,9.51,9.49,,
72.322,9.36,9.51,9.49,,
72.337,9.4,9.51,9.49,,
72.351,9.34,9.51,9.49,,
72.366,9.33,9.51,9.49,,
72.38,9.37,9.51,9.49,,
72.395,9.34,9.51,9.49,,
72.409,9.28,9.51,9.49,,
72.424,9.33,9.51,9.49,,
72.438,9.37,9.51,9.49,,
72.453,9.35,9.51,9.49,,
72.467,9.34,9.51,9.49,,
72.482,9.34,9.51,9.49,,
72.496,9.4,9.51,9.49,,
72.511,9.44,9.51,9.49,,
72.525,9.4,9.51,9.49,,
72.54,9.38,9.51,9.49,,
72.554,9.37,9.51,9.49,,
72.568,9.32,9.51,9.49,,
72.583,9.3,9.51,9.49,,
72.597,9.35,9.51,9.49,,
72.612,9.37,9.51,9.49,,
72.626,9.32,9.51,9.49,,
72.641,9.29,9.51,9.49,,
72.655,9.28,9.51,9.49,,
72.67,9.3,9.51,9.49,,
72.684,9.32,9.51,9.49,,
72.699,9.34,9.51,9.49,,
72.713,9.32,9.51,9.49,,
72.728,9.32,9.51,9.49,,
72.743,9.37,9.51,9.49,,
72.757,9.35,9.51,9.49,,
72.772,9.32,9.51,9.49,,
72.786,9.27,9.51,9.49,,
72.8,9.27,9.51,9.49,,
72.814,9.31,9.51,9.49,,
72.828,9.3,9.51,9.49,,
72.842,9.33,9.51,9.49,,
72.857,9.31,9.51,9.49,,
72.872,9.3,9.51,9.49,,
72.886,9.3,9.51,9.49,,
72.9,9.29,9.5,9.49,,
72.914,9.32,9.5,9.49,,
72.928,9.34,9.5,9.49,,
72.943,9.34,9.5,9.49,,
72.957,9.32,9.5,9.49,,
72.972,9.33,9.5,9.49,,
72.986,9.35,9.5,9.49,,
73,9.36,9.5,9.49,,
73.015,9.38,9.5,9.49,,
73.029,9.38,9.51,9.49,,
73.043,9.3,9.51,9.49,,
73.057,9.32,9.5,9.49,,
73.072,9.37,9.5,9.49,,
73.086,9.32,9.5,9.49,,
73.1,9.28,9.5,9.49,,
73.114,9.3,9.5,9.49,,
73.128,9.28,9.5,9.49,,
73.142,9.33,9.5,9.49,,
73.156,9.36,9.5,9.49,,
73.171,9.37,9.5,9.49,,
73.185,9.41,9.5,9.49,,
73.199,9.38,9.5,9.49,,
73.213,9.36,9.5,9.49,,
73.228,9.39,9.51,9.49,,
73.242,9.41,9.51,9.49,,
73.257,9.32,9.51,9.49,,
73.271,9.31,9.51,9.49,,
73.286,9.32,9.51,9.49,,
73.3,9.27,9.51,9.49,,
73.315,9.28,9.51,9.49,,
73.329,9.35,9.5,9.49,,
73.344,9.3,9.51,9.49,,
73.359,9.29,9.5,9.49,,
73.373,9.3,9.5,9.49,,
73.388,9.34,9.51,9.49,,
73.402,9.34,9.51,9.49,,
73.417,9.33,9.51,9.49,,
73.431,9.3,9.51,9.49,,
73.446,9.33,9.51,9.49,,
73.461,9.38,9.51,9.49,,
73.475,9.32,9.51,9.49,,
73.49,9.31,9.51,9.49,,
73.504,9.33,9.51,9.49,,
73.519,9.32,9.51,9.49,,
73.533,9.33,9.51,9.49,,
73.548,9.36,9.51,9.49,,
73.563,9.34,9.51,9.49,,
73.577,9.31,9.51,9.49,,
73.591,9.29,9.51,9.49,,
73.606,9.3,9.51,9.49,,
73.621,9.35,9.51,9.49,,
73.636,9.41,9.51,9.49,,
73.651,9.43,9.51,9.49,,
73.665,9.35,9.51,9.49,,
73.679,9.33,9.51,9.49,,
73.694,9.27,9.51,9.49,,
73.708,9.31,9.51,9.49,,
73.723,9.33,9.51,9.49,,
73.737,9.29,9.51,9.49,,
73.753,9.24,9.51,9.49,,
73.767,9.22,9.51,9.49,,
73.782,9.27,9.51,9.49,,
73.797,9.3,9.51,9.49,,
73.811,9.41,9.51,9.49,,
73.825,9.39,9.51,9.49,,
73.839,9.35,9.51,9.49,,
73.853,9.35,9.51,9.49,,
73.868,9.26,9.51,9.49,,
73.882,9.26,9.51,9.49,,
73.896,9.3,9.51,9.49,,
73.91,9.32,9.5,9.49,,
73.925,9.37,9.5,9.49,,
73.939,9.39,9.5,9.49,,
73.953,9.29,9.51,9.49,,
73.967,9.31,9.51,9.49,,
73.981,9.34,9.51,9.49,,
73.995,9.33,9.51,9.49,,
74.01,9.31,9.5,9.49,,
74.024,9.31,9.5,9.49,,
74.039,9.36,9.5,9.49,,
74.053,9.37,9.5,9.49,,
74.067,9.36,9.5,9.49,,
74.081,9.35,9.5,9.49,,
74.095,9.36,9.5,9.49,,
74.11,9.34,9.5,9.49,,
74.124,9.32,9.5,9.49,,
74.138,9.27,9.5,9.49,,
74.152,9.31,9.5,9.49,,
74.166,9.34,9.5,9.49,,
74.181,9.32,9.5,9.49,,
74.196,9.27,9.5,9.49,,
74.21,9.34,9.5,9.49,,
74.224,9.37,9.5,9.49,,
74.239,9.36,9.5,9.49,,
74.253,9.32,9.5,9.49,,
74.268,9.29,9.5,9.49,,
74.282,9.34,9.5,9.49,,
74.297,9.36,9.5,9.49,,
74.311,9.33,9.5,9.49,,
74.326,9.32,9.5,9.49,,
74.341,9.35,9.5,9.49,,
74.355,9.32,9.5,9.49,,
74.37,9.3,9.5,9.49,,
74.384,9.35,9.5,9.49,,
74.398,9.36,9.5,9.49,,
74.414,9.34,9.5,9.49,,
74.429,9.29,9.51,9.49,,
74.444,9.28,9.51,9.49,,
74.458,9.31,9.51,9.49,,
74.473,9.33,9.51,9.49,,
74.487,9.35,9.51,9.49,,
74.502,9.33,9.51,9.49,,
74.517,9.3,9.5,9.49,,
74.531,9.34,9.51,9.49,,
74.546,9.36,9.51,9.49,,
74.56,9.37,9.51,9.49,,
74.575,9.32,9.51,9.49,,
74.59,9.33,9.51,9.49,,
74.604,9.32,9.51,9.49,,
74.618,9.32,9.51,9.49,,
74.636,9.34,9.51,9.49,,
74.651,9.37,9.51,9.49,,
74.665,9.34,9.51,9.49,,
74.68,9.33,9.51,9.49,,
74.694,9.32,9.51,9.49,,
74.709,9.3,9.5,9.49,,
74.724,9.36,9.5,9.49,,
74.741,9.31,9.5,9.49,,
74.756,9.31,9.5,9.49,,
74.77,9.32,9.5,9.49,,
74.785,9.34,9.5,9.49,,
74.799,9.36,9.5,9.49,,
74.813,9.33,9.5,9.49,,
74.828,9.3,9.5,9.49,,
74.842,9.31,9.5,9.49,,
74.856,9.33,9.5,9.49,,
74.871,9.34,9.5,9.49,,
74.885,9.31,9.5,9.49,,
74.899,9.33,9.5,9.49,,
74.913,9.34,9.5,9.49,,
74.928,9.34,9.5,9.49,,
74.942,9.28,9.5,9.49,,
74.958,9.35,9.5,9.49,,
74.972,9.36,9.5,9.49,,
74.986,9.37,9.5,9.49,,
75,9.41,9.51,9.49,,
75.015,9.41,9.51,9.49,,
75.029,9.34,9.51,9.49,,
75.043,9.32,9.51,9.49,,
75.058,9.3,9.51,9.49,,
75.072,9.33,9.51,9.49,,
75.086,9.36,9.51,9.49,,
75.1,9.31,9.51,9.49,,
75.114,9.29,9.51,9.49,,
75.129,9.31,9.51,9.49,,
75.143,9.36,9.51,9.49,,
75.157,9.37,9.51,9.49,,
75.171,9.34,9.51,9.49,,
75.185,9.3,9.51,9.49,,
75.199,9.3,9.51,9.49,,
75.214,9.36,9.51,9.49,,
75.229,9.35,9.51,9.49,,
75.243,9.31,9.51,9.49,,
75.258,9.28,9.51,9.49,,
75.273,9.28,9.51,9.49,,
75.287,9.33,9.51,9.49,,
75.301,9.3,9.51,9.49,,
75.315,9.32,9.51,9.49,,
75.33,9.29,9.51,9.49,,
75.345,9.26,9.51,9.49,,
75.359,9.32,9.51,9.49,,
75.374,9.34,9.51,9.49,,
75.388,9.35,9.51,9.49,,
75.403,9.37,9.51,9.49,,
75.417,9.35,9.51,9.49,,
75.432,9.31,9.51,9.49,,
75.447,9.32,9.51,9.49,,
75.461,9.39,9.51,9.49,,
75.476,9.39,9.51,9.49,,
75.491,9.35,9.51,9.49,,
75.505,9.3,9.51,9.49,,
75.52,9.3,9.51,9.49,,
75.534,9.35,9.51,9.49,,
75.549,9.34,9.51,9.49,,
75.563,9.3,9.51,9.49,,
75.578,9.29,9.51,9.49,,
75.592,9.37,9.51,9.49,,
75.607,9.35,9.51,9.49,,
75.621,9.33,9.51,9.49,,
75.636,9.32,9.51,9.49,,
75.65,9.29,9.51,9.49,,
75.665,9.32,9.51,9.49,,
75.679,9.34,9.51,9.49,,
75.694,9.34,9.51,9.49,,
75.709,9.32,9.51,9.49,,
75.723,9.26,9.5,9.49,,
75.738,9.28,9.5,9.49,,
75.752,9.29,9.5,9.49,,
75.767,9.32,9.5,9.49,,
75.782,9.37,9.5,9.49,,
75.796,9.36,9.5,9.49,,
75.81,9.31,9.5,9.49,,
75.824,9.31,9.5,9.49,,
75.838,9.34,9.5,9.49,,
75.852,9.35,9.5,9.49,,
75.867,9.35,9.5,9.49,,
75.881,9.32,9.5,9.49,,
75.895,9.3,9.5,9.49,,
75.909,9.35,9.5,9.49,,
75.924,9.35,9.5,9.49,,
75.939,9.31,9.5,9.49,,
75.953,9.31,9.5,9.49,,
75.968,9.33,9.5,9.49,,
75.982,9.33,9.5,9.49,,
75.996,9.3,9.5,9.49,,
76.01,9.27,9.5,9.49,,
76.025,9.28,9.5,9.49,,
76.039,9.35,9.5,9.49,,
76.053,9.32,9.5,9.49,,
76.068,9.33,9.5,9.49,,
76.082,9.31,9.5,9.49,,
76.096,9.29,9.5,9.49,,
76.111,9.34,9.5,9.49,,
76.125,9.33,9.5,9.49,,
76.139,9.33,9.5,9.49,,
76.154,9.32,9.5,9.49,,
76.168,9.31,9.5,9.49,,
76.182,9.3,9.5,9.49,,
76.196,9.35,9.5,9.49,,
76.21,9.36,9.5,9.49,,
76.224,9.3,9.5,9.49,,
76.239,9.26,9.5,9.49,,
76.253,9.34,9.5,9.49,,
76.268,9.36,9.5,9.49,,
76.283,9.33,9.5,9.49,,
76.297,9.34,9.5,9.49,,
76.312,9.36,9.5,9.49,,
76.326,9.3,9.5,9.49,,
76.341,9.29,9.5,9.49,,
76.356,9.31,9.5,9.49,,
76.371,9.32,9.49,9.49,,
76.385,9.31,9.49,9.49,,
76.4,9.3,9.49,9.49,,
76.415,9.34,9.49,9.49,,
76.429,9.32,9.49,9.49,,
76.443,9.27,9.49,9.49,,
76.458,9.27,9.49,9.49,,
76.472,9.39,9.49,9.49,,
76.487,9.38,9.49,9.49,,
76.501,9.3,9.49,9.49,,
76.516,9.31,9.49,9.49,,
76.53,9.3,9.49,9.49,,
76.545,9.31,9.49,9.49,,
76.559,9.28,9.49,9.49,,
76.574,9.27,9.49,9.49,,
76.588,9.28,9.49,9.49,,
76.603,9.35,9.49,9.49,,
76.617,9.38,9.49,9.49,,
76.632,9.3,9.49,9.49,,
76.646,9.31,9.49,9.49,,
76.661,9.28,9.49,9.49,,
76.676,9.29,9.49,9.49,,
76.69,9.29,9.49,9.49,,
76.704,9.34,9.49,9.49,,
76.719,9.37,9.49,9.49,,
76.734,9.35,9.49,9.49,,
76.748,9.31,9.49,9.49,,
76.762,9.32,9.49,9.49,,
76.777,9.33,9.49,9.49,,
76.791,9.27,9.49,9.49,,
76.806,9.3,9.49,9.49,,
76.82,9.34,9.49,9.49,,
76.834,9.32,9.49,9.49,,
76.848,9.24,9.49,9.49,,
76.862,9.25,9.49,9.49,,
76.876,9.35,9.49,9.49,,
76.891,9.35,9.49,9.49,,
76.905,9.31,9.49,9.49,,
76.919,9.3,9.49,9.49,,
76.933,9.33,9.49,9.49,,
76.947,9.37,9.49,9.49,,
76.961,9.35,9.49,9.49,,
76.975,9.34,9.49,9.49,,
76.99,9.41,9.49,9.49,,
77.004,9.4,9.49,9.49,,
77.018,9.32,9.49,9.49,,
77.033,9.35,9.49,9.49,,
77.047,9.31,9.49,9.49,,
77.061,9.3,9.49,9.49,,
77.075,9.3,9.49,9.49,,
77.09,9.31,9.49,9.49,,
77.104,9.35,9.49,9.49,,
77.119,9.34,9.49,9.49,,
77.133,9.28,9.5,9.49,,
77.147,9.27,9.5,9.49,,
77.162,9.29,9.5,9.49,,
77.176,9.34,9.5,9.49,,
77.19,9.35,9.49,9.49,,
77.205,9.35,9.49,9.49,,
77.219,9.36,9.5,9.49,,
77.233,9.35,9.5,9.49,,
77.247,9.32,9.5,9.49,,
77.262,9.34,9.5,9.49,,
77.276,9.32,9.5,9.49,,
77.291,9.32,9.5,9.49,,
77.305,9.33,9.5,9.49,,
77.32,9.37,9.5,9.49,,
77.334,9.29,9.5,9.49,,
77.349,9.31,9.5,9.49,,
77.364,9.38,9.5,9.49,,
77.378,9.39,9.5,9.49,,
77.393,9.42,9.5,9.49,,
77.408,9.36,9.5,9.49,,
77.423,9.24,9.5,9.49,,
77.437,9.24,9.5,9.49,,
77.452,9.34,9.5,9.49,,
77.466,9.35,9.5,9.49,,
77.481,9.39,9.5,9.49,,
77.495,9.35,9.5,9.49,,
77.51,9.25,9.5,9.49,,
77.525,9.27,9.5,9.49,,
77.54,9.32,9.5,9.49,,
77.554,9.32,9.5,9.49,,
77.569,9.34,9.5,9.49,,
77.583,9.38,9.5,9.49,,
77.598,9.34,9.5,9.49,,
77.612,9.33,9.5,9.49,,
77.627,9.36,9.5,9.49,,
77.641,9.32,9.5,9.49,,
77.656,9.27,9.51,9.49,,
77.67,9.28,9.51,9.49,,
77.685,9.34,9.51,9.49,,
77.699,9.37,9.51,9.49,,
77.714,9.34,9.51,9.49,,
77.729,9.23,9.51,9.49,,
77.743,9.26,9.51,9.49,,
77.758,9.35,9.51,9.49,,
77.772,9.33,9.51,9.49,,
77.786,9.31,9.51,9.49,,
77.801,9.28,9.51,9.49,,
77.816,9.35,9.51,9.49,,
77.83,9.36,9.51,9.49,,
77.844,9.34,9.51,9.49,,
77.859,9.35,9.51,9.49,,
77.873,9.35,9.51,9.49,,
77.887,9.33,9.51,9.49,,
77.901,9.33,9.51,9.49,,
77.916,9.32,9.51,9.49,,
77.931,9.3,9.51,9.49,,
77.945,9.33,9.51,9.49,,
77.959,9.33,9.51,9.49,,
77.973,9.28,9.51,9.49,,
77.988,9.3,9.51,9.49,,
78.002,9.32,9.5,9.49,,
78.016,9.34,9.5,9.49,,
78.031,9.35,9.5,9.49,,
78.045,9.32,9.51,9.49,,
78.06,9.32,9.51,9.49,,
78.074,9.38,9.51,9.49,,
78.088,9.35,9.51,9.49,,
78.103,9.3,9.51,9.49,,
78.117,9.29,9.5,9.49,,
78.131,9.32,9.5,9.49,,
78.145,9.29,9.5,9.49,,
78.16,9.26,9.5,9.49,,
78.174,9.37,9.5,9.49,,
78.188,9.37,9.5,9.49,,
78.202,9.35,9.5,9.49,,
78.217,9.37,9.5,9.49,,
78.231,9.35,9.5,9.49,,
78.246,9.3,9.5,9.49,,
78.26,9.29,9.5,9.49,,
78.274,9.31,9.5,9.49,,
78.289,9.31,9.5,9.49,,
78.304,9.38,9.5,9.49,,
78.319,9.38,9.51,9.49,,
78.334,9.28,9.51,9.49,,
78.349,9.28,9.51,9.49,,
78.364,9.31,9.51,9.49,,
78.378,9.35,9.51,9.49,,
78.393,9.35,9.51,9.49,,
78.407,9.31,9.51,9.49,,
78.422,9.26,9.51,9.49,,
78.437,9.27,9.51,9.49,,
78.451,9.36,9.51,9.49,,
78.466,9.34,9.51,9.49,,
78.481,9.34,9.51,9.49,,
78.495,9.3,9.51,9.49,,
78.51,9.3,9.51,9.49,,
78.525,9.3,9.51,9.49,,
78.539,9.34,9.51,9.49,,
78.554,9.41,9.51,9.49,,
78.568,9.38,9.51,9.49,,
78.583,9.3,9.51,9.49,,
78.598,9.3,9.51,9.49,,
78.612,9.32,9.51,9.49,,
78.627,9.35,9.51,9.49,,
78.641,9.36,9.51,9.49,,
78.656,9.36,9.51,9.49,,
78.67,9.36,9.51,9.49,,
78.685,9.35,9.51,9.49,,
78.7,9.32,9.51,9.49,,
78.714,9.31,9.51,9.49,,
78.729,9.38,9.51,9.49,,
78.743,9.39,9.51,9.49,,
78.758,9.39,9.51,9.49,,
78.772,9.37,9.51,9.49,,
78.786,9.32,9.51,9.49,,
78.801,9.33,9.51,9.49,,
78.816,9.29,9.51,9.49,,
78.83,9.28,9.51,9.49,,
78.844,9.3,9.51,9.49,,
78.859,9.34,9.51,9.49,,
78.873,9.35,9.51,9.49,,
78.887,9.38,9.51,9.49,,
78.902,9.36,9.51,9.49,,
78.916,9.34,9.51,9.49,,
78.93,9.36,9.51,9.49,,
78.944,9.39,9.51,9.49,,
78.958,9.36,9.51,9.49,,
78.973,9.35,9.51,9.49,,
78.987,9.36,9.51,9.49,,
79.001,9.33,9.51,9.49,,
79.015,9.33,9.51,9.49,,
79.029,9.35,9.51,9.49,,
79.044,9.32,9.51,9.49,,
79.058,9.35,9.51,9.49,,
79.072,9.29,9.51,9.49,,
79.087,9.26,9.51,9.49,,
79.101,9.32,9.5,9.49,,
79.115,9.31,9.5,9.49,,
79.129,9.33,9.5,9.49,,
79.144,9.35,9.5,9.49,,
79.158,9.35,9.5,9.49,,
79.172,9.37,9.5,9.49,,
79.187,9.33,9.5,9.49,,
79.201,9.33,9.5,9.49,,
79.215,9.33,9.5,9.49,,
79.229,9.31,9.5,9.49,,
79.243,9.28,9.5,9.49,,
79.257,9.35,9.5,9.49,,
79.271,9.4,9.5,9.49,,
79.286,9.37,9.5,9.49,,
79.301,9.25,9.5,9.49,,
79.316,9.27,9.5,9.49,,
79.33,9.37,9.5,9.49,,
79.345,9.38,9.5,9.49,,
79.359,9.35,9.5,9.49,,
79.373,9.37,9.5,9.49,,
79.388,9.39,9.5,9.49,,
79.403,9.36,9.5,9.49,,
79.417,9.28,9.5,9.49,,
79.432,9.28,9.5,9.49,,
79.447,9.28,9.5,9.49,,
79.461,9.34,9.5,9.49,,
79.476,9.35,9.5,9.49,,
79.49,9.33,9.5,9.49,,
79.505,9.37,9.5,9.49,,
79.519,9.4,9.5,9.49,,
79.534,9.4,9.5,9.49,,
79.549,9.36,9.5,9.49,,
79.563,9.31,9.5,9.49,,
79.577,9.3,9.5,9.49,,
79.591,9.33,9.5,9.49,,
79.606,9.34,9.5,9.49,,
79.621,9.3,9.5,9.49,,
79.635,9.29,9.5,9.49,,
79.65,9.29,9.5,9.49,,
79.664,9.29,9.5,9.49,,
79.679,9.34,9.5,9.49,,
79.693,9.34,9.5,9.49,,
79.708,9.3,9.5,9.49,,
79.722,9.28,9.5,9.49,,
79.737,9.3,9.5,9.49,,
79.752,9.32,9.5,9.49,,
79.766,9.31,9.5,9.49,,
79.78,9.3,9.5,9.49,,
79.795,9.39,9.5,9.49,,
79.809,9.41,9.5,9.49,,
79.824,9.37,9.5,9.49,,
79.838,9.39,9.5,9.49,,
79.853,9.36,9.5,9.49,,
79.867,9.34,9.5,9.49,,
79.881,9.37,9.5,9.49,,
79.895,9.36,9.5,9.49,,
79.909,9.29,9.5,9.49,,
79.923,9.31,9.5,9.49,,
79.938,9.33,9.5,9.49,,
79.952,9.36,9.5,9.49,,
79.966,9.3,9.5,9.49,,
79.98,9.27,9.5,9.49,,
79.995,9.29,9.5,9.49,,
80.01,9.3,9.5,9.49,,
80.024,9.34,9.5,9.49,,
80.038,9.37,9.5,9.49,,
80.052,9.36,9.5,9.49,,
80.066,9.36,9.5,9.49,,
80.081,9.36,9.5,9.49,,
80.095,9.35,9.5,9.49,,
80.109,9.36,9.5,9.49,,
80.124,9.32,9.5,9.49,,
80.138,9.31,9.5,9.49,,
80.152,9.31,9.5,9.49,,
80.166,9.3,9.5,9.49,,
80.181,9.29,9.5,9.49,,
80.195,9.35,9.5,9.49,,
80.209,9.38,9.5,9.49,,
80.224,9.36,9.5,9.49,,
80.238,9.33,9.5,9.49,,
80.253,9.34,9.5,9.49,,
80.267,9.33,9.5,9.49,,
80.281,9.28,9.5,9.49,,
80.296,9.35,9.5,9.49,,
80.311,9.39,9.5,9.49,,
80.325,9.32,9.5,9.49,,
80.341,9.31,9.5,9.49,,
80.356,9.32,9.5,9.49,,
80.37,9.34,9.5,9.49,,
80.385,9.35,9.5,9.49,,
80.399,9.37,9.5,9.49,,
80.414,9.36,9.5,9.49,,
80.428,9.4,9.5,9.49,,
80.447,9.4,9.51,9.49,,
80.461,9.35,9.5,9.49,,
80.476,9.29,9.5,9.49,,
80.49,9.32,9.5,9.49,,
80.505,9.33,9.51,9.49,,
80.519,9.29,9.51,9.49,,
80.534,9.33,9.5,9.49,,
80.548,9.35,9.5,9.49,,
80.563,9.3,9.5,9.49,,
80.578,9.29,9.5,9.49,,
80.592,9.34,9.5,9.49,,
80.607,9.32,9.5,9.49,,
80.621,9.31,9.5,9.49,,
80.636,9.37,9.5,9.49,,
80.65,9.37,9.5,9.49,,
80.664,9.33,9.5,9.49,,
80.679,9.3,9.5,9.49,,
80.694,9.34,9.5,9.49,,
80.708,9.36,9.5,9.49,,
80.723,9.39,9.5,9.49,,
80.737,9.39,9.5,9.49,,
80.752,9.4,9.5,9.49,,
80.768,9.33,9.5,9.49,,
80.782,9.28,9.5,9.49,,
80.797,9.31,9.5,9.49,,
80.811,9.36,9.5,9.49,,
80.826,9.37,9.5,9.49,,
80.841,9.36,9.5,9.49,,
80.855,9.3,9.51,9.49,,
80.869,9.28,9.5,9.49,,
80.883,9.32,9.5,9.49,,
80.897,9.35,9.5,9.49,,
80.912,9.3,9.5,9.49,,
80.926,9.29,9.5,9.49,,
80.94,9.3,9.5,9.49,,
80.954,9.3,9.5,9.49,,
80.968,9.28,9.5,9.49,,
80.984,9.34,9.5,9.49,,
80.998,9.35,9.5,9.49,,
81.012,9.31,9.5,9.49,,
81.026,9.31,9.5,9.49,,
81.041,9.36,9.5,9.49,,
81.055,9.36,9.5,9.49,,
81.069,9.32,9.5,9.49,,
81.083,9.3,9.5,9.49,,
81.097,9.32,9.5,9.49,,
81.112,9.31,9.5,9.49,,
81.127,9.33,9.5,9.49,,
81.14,9.37,9.5,9.49,,
81.155,9.38,9.5,9.49,,
81.169,9.38,9.5,9.49,,
81.184,9.38,9.5,9.49,,
81.198,9.3,9.5,9.49,,
81.212,9.34,9.5,9.49,,
81.226,9.33,9.5,9.49,,
81.24,9.32,9.5,9.49,,
81.255,9.33,9.5,9.49,,
81.269,9.31,9.5,9.49,,
81.283,9.29,9.5,9.49,,
81.297,9.36,9.5,9.49,,
81.314,9.37,9.5,9.49,,
81.328,9.39,9.5,9.49,,
81.343,9.4,9.5,9.49,,
81.357,9.37,9.5,9.49,,
81.372,9.29,9.51,9.49,,
81.387,9.28,9.51,9.49,,
81.401,9.31,9.51,9.49,,
81.416,9.36,9.51,9.49,,
81.43,9.39,9.5,9.49,,
81.445,9.3,9.5,9.49,,
81.459,9.22,9.5,9.49,,
81.474,9.23,9.5,9.49,,
81.489,9.31,9.5,9.49,,
81.503,9.31,9.5,9.49,,
81.518,9.35,9.5,9.49,,
81.532,9.37,9.5,9.49,,
81.546,9.31,9.5,9.49,,
81.561,9.29,9.5,9.49,,
81.576,9.32,9.5,9.49,,
81.591,9.37,9.5,9.49,,
81.605,9.43,9.5,9.49,,
81.62,9.39,9.5,9.49,,
81.636,9.3,9.5,9.49,,
81.651,9.31,9.5,9.49,,
81.665,9.33,9.5,9.49,,
81.68,9.37,9.5,9.49,,
81.694,9.31,9.5,9.49,,
81.708,9.29,9.5,9.49,,
81.723,9.33,9.5,9.49,,
81.738,9.32,9.5,9.49,,
81.752,9.35,9.5,9.49,,
81.767,9.36,9.5,9.49,,
81.781,9.32,9.5,9.49,,
81.796,9.32,9.5,9.49,,
81.81,9.31,9.5,9.49,,
81.825,9.35,9.5,9.49,,
81.839,9.34,9.5,9.49,,
81.854,9.3,9.5,9.49,,
81.868,9.26,9.5,9.49,,
81.882,9.33,9.5,9.49,,
81.897,9.37,9.5,9.49,,
81.911,9.35,9.5,9.49,,
81.926,9.37,9.49,9.49,,
81.94,9.33,9.5,9.49,,
81.954,9.33,9.5,9.49,,
81.968,9.33,9.49,9.49,,
81.983,9.33,9.49,9.49,,
81.997,9.32,9.49,9.49,,
82.011,9.34,9.49,9.49,,
82.025,9.36,9.49,9.49,,
82.039,9.33,9.49,9.49,,
82.055,9.31,9.5,9.49,,
82.068,9.33,9.5,9.49,,
82.083,9.34,9.5,9.49,,
82.097,9.31,9.5,9.49,,
82.111,9.3,9.5,9.49,,
82.126,9.35,9.5,9.49,,
82.14,9.35,9.5,9.49,,
82.154,9.3,9.5,9.49,,
82.169,9.36,9.49,9.49,,
82.183,9.39,9.49,9.49,,
82.197,9.36,9.5,9.49,,
82.212,9.36,9.5,9.49,,
82.226,9.38,9.5,9.49,,
82.24,9.3,9.5,9.49,,
82.254,9.29,9.5,9.49,,
82.269,9.33,9.5,9.49,,
82.283,9.39,9.5,9.49,,
82.297,9.35,9.5,9.49,,
82.311,9.31,9.5,9.49,,
82.325,9.36,9.5,9.49,,
82.34,9.31,9.5,9.49,,
82.355,9.26,9.5,9.49,,
82.369,9.28,9.5,9.49,,
82.384,9.31,9.5,9.49,,
82.398,9.32,9.5,9.49,,
82.413,9.35,9.5,9.49,,
82.429,9.38,9.5,9.49,,
82.442,9.33,9.5,9.49,,
82.457,9.32,9.5,9.49,,
82.471,9.34,9.5,9.49,,
82.486,9.35,9.5,9.49,,
82.5,9.31,9.5,9.49,,
82.514,9.34,9.5,9.49,,
82.529,9.33,9.5,9.49,,
82.543,9.28,9.5,9.49,,
82.558,9.29,9.5,9.49,,
82.573,9.3,9.5,9.49,,
82.587,9.3,9.5,9.49,,
82.602,9.33,9.5,9.49,,
82.617,9.31,9.49,9.49,,
82.631,9.31,9.49,9.49,,
82.646,9.33,9.49,9.49,,
82.66,9.34,9.49,9.49,,
82.675,9.4,9.49,9.49,,
82.689,9.39,9.49,9.49,,
82.704,9.32,9.49,9.49,,
82.719,9.32,9.49,9.49,,
82.734,9.35,9.49,9.49,,
82.748,9.36,9.49,9.49,,
82.763,9.29,9.49,9.49,,
82.777,9.3,9.49,9.49,,
82.792,9.34,9.49,9.49,,
82.806,9.34,9.49,9.49,,
82.821,9.32,9.49,9.49,,
82.836,9.33,9.49,9.49,,
82.851,9.34,9.49,9.49,,
82.865,9.33,9.49,9.49,,
82.88,9.32,9.49,9.49,,
82.894,9.32,9.49,9.49,,
82.908,9.36,9.49,9.49,,
82.922,9.32,9.49,9.49,,
82.937,9.29,9.49,9.49,,
82.951,9.29,9.49,9.49,,
82.965,9.28,9.49,9.49,,
82.979,9.34,9.49,9.49,,
82.993,9.31,9.49,9.49,,
83.008,9.29,9.49,9.49,,
83.022,9.29,9.49,9.49,,
83.036,9.28,9.49,9.49,,
83.051,9.34,9.49,9.49,,
83.065,9.34,9.49,9.49,,
83.079,9.37,9.49,9.49,,
83.093,9.36,9.49,9.49,,
83.108,9.36,9.49,9.49,,
83.122,9.36,9.49,9.49,,
83.136,9.39,9.49,9.49,,
83.151,9.4,9.49,9.49,,
83.165,9.39,9.49,9.49,,
83.179,9.35,9.49,9.49,,
83.193,9.33,9.49,9.49,,
83.207,9.4,9.49,9.49,,
83.222,9.37,9.49,9.49,,
83.236,9.33,9.5,9.49,,
83.25,9.33,9.5,9.49,,
83.264,9.34,9.5,9.49,,
83.279,9.33,9.5,9.49,,
83.293,9.34,9.5,9.49,,
83.308,9.33,9.5,9.49,,
83.322,9.32,9.5,9.49,,
83.337,9.39,9.5,9.49,,
83.352,9.4,9.5,9.49,,
83.366,9.29,9.5,9.49,,
83.381,9.3,9.5,9.49,,
83.395,9.3,9.5,9.49,,
83.41,9.34,9.5,9.49,,
83.424,9.29,9.5,9.49,,
83.439,9.29,9.5,9.49,,
83.454,9.33,9.5,9.49,,
83.469,9.33,9.5,9.49,,
83.484,9.29,9.5,9.49,,
83.499,9.28,9.5,9.49,,
83.514,9.28,9.5,9.49,,
83.529,9.29,9.5,9.49,,
83.543,9.32,9.5,9.49,,
83.558,9.33,9.5,9.49,,
83.572,9.33,9.5,9.49,,
83.587,9.34,9.5,9.49,,
83.601,9.31,9.5,9.49,,
83.616,9.32,9.5,9.49,,
83.63,9.33,9.5,9.49,,
83.645,9.35,9.5,9.49,,
83.66,9.36,9.5,9.49,,
83.674,9.33,9.5,9.49,,
83.689,9.32,9.5,9.49,,
83.703,9.32,9.49,9.49,,
83.718,9.34,9.49,9.49,,
83.732,9.33,9.49,9.49,,
83.747,9.32,9.5,9.49,,
83.761,9.34,9.5,9.49,,
83.776,9.33,9.5,9.49,,
83.791,9.33,9.5,9.49,,
83.805,9.32,9.5,9.49,,
83.82,9.39,9.5,9.49,,
83.835,9.38,9.5,9.49,,
83.849,9.32,9.5,9.49,,
83.864,9.32,9.5,9.49,,
83.878,9.36,9.5,9.49,,
83.892,9.35,9.5,9.49,,
83.907,9.31,9.5,9.49,,
83.921,9.29,9.5,9.49,,
83.935,9.3,9.5,9.49,,
83.949,9.35,9.5,9.49,,
83.963,9.34,9.5,9.49,,
83.977,9.29,9.5,9.49,,
83.991,9.31,9.5,9.49,,
84.005,9.36,9.5,9.49,,
84.019,9.36,9.5,9.49,,
84.034,9.32,9.5,9.49,,
84.048,9.32,9.5,9.49,,
84.062,9.34,9.5,9.49,,
84.076,9.36,9.5,9.49,,
84.09,9.34,9.5,9.49,,
84.104,9.35,9.5,9.49,,
84.118,9.35,9.5,9.49,,
84.133,9.33,9.5,9.49,,
84.147,9.31,9.5,9.49,,
84.161,9.34,9.5,9.49,,
84.175,9.33,9.5,9.49,,
84.189,9.32,9.5,9.49,,
84.203,9.34,9.5,9.49,,
84.218,9.33,9.5,9.49,,
84.232,9.32,9.5,9.49,,
84.246,9.26,9.5,9.49,,
84.262,9.3,9.5,9.49,,
84.276,9.37,9.5,9.49,,
84.29,9.35,9.5,9.49,,
84.305,9.35,9.5,9.49,,
84.319,9.34,9.5,9.49,,
84.334,9.34,9.5,9.49,,
84.349,9.37,9.5,9.49,,
84.363,9.34,9.5,9.49,,
84.377,9.31,9.5,9.49,,
84.392,9.39,9.5,9.49,,
84.407,9.38,9.5,9.49,,
84.421,9.27,9.5,9.49,,
84.436,9.31,9.5,9.49,,
84.451,9.39,9.5,9.49,,
84.465,9.4,9.5,9.49,,
84.48,9.41,9.5,9.49,,
84.494,9.33,9.51,9.49,,
84.509,9.33,9.5,9.49,,
84.524,9.31,9.5,9.49,,
84.538,9.31,9.5,9.49,,
84.552,9.3,9.51,9.49,,
84.566,9.33,9.51,9.49,,
84.581,9.31,9.51,9.49,,
84.596,9.28,9.51,9.49,,
84.61,9.29,9.51,9.49,,
84.624,9.29,9.5,9.49,,
84.639,9.33,9.5,9.49,,
84.653,9.31,9.5,9.49,,
84.668,9.35,9.5,9.49,,
84.682,9.37,9.5,9.49,,
84.696,9.36,9.5,9.49,,
84.711,9.3,9.5,9.49,,
84.725,9.3,9.5,9.49,,
84.74,9.32,9.5,9.49,,
84.755,9.31,9.5,9.49,,
84.769,9.38,9.5,9.49,,
84.784,9.35,9.5,9.49,,
84.799,9.3,9.5,9.49,,
84.813,9.29,9.5,9.49,,
84.828,9.29,9.5,9.49,,
84.842,9.27,9.5,9.49,,
84.857,9.36,9.5,9.49,,
84.871,9.38,9.5,9.49,,
84.886,9.34,9.5,9.49,,
84.9,9.31,9.5,9.49,,
84.914,9.34,9.5,9.49,,
84.928,9.38,9.5,9.49,,
84.943,9.36,9.5,9.49,,
84.957,9.32,9.5,9.49,,
84.971,9.29,9.5,9.49,,
84.985,9.35,9.5,9.49,,
85,9.31,9.5,9.49,,
85.014,9.29,9.5,9.49,,
85.028,9.36,9.5,9.49,,
85.042,9.39,9.5,9.49,,
85.057,9.34,9.51,9.49,,
85.071,9.32,9.5,9.49,,
85.085,9.31,9.5,9.49,,
85.1,9.36,9.5,9.49,,
85.114,9.33,9.5,9.49,,
85.129,9.34,9.5,9.49,,
85.143,9.4,9.51,9.49,,
85.157,9.43,9.51,9.49,,
85.171,9.35,9.51,9.49,,
85.186,9.24,9.51,9.49,,
85.2,9.25,9.5,9.49,,
85.214,9.31,9.5,9.49,,
85.228,9.3,9.5,9.49,,
85.243,9.31,9.5,9.49,,
85.257,9.33,9.5,9.49,,
85.271,9.34,9.5,9.49,,
85.285,9.37,9.5,9.49,,
85.299,9.35,9.5,9.49,,
85.314,9.29,9.5,9.49,,
85.328,9.32,9.5,9.49,,
85.342,9.35,9.5,9.49,,
85.357,9.35,9.5,9.49,,
85.371,9.36,9.5,9.49,,
85.387,9.36,9.5,9.49,,
85.401,9.34,9.5,9.49,,
85.416,9.31,9.5,9.49,,
85.43,9.3,9.5,9.49,,
85.445,9.38,9.5,9.49,,
85.46,9.35,9.5,9.49,,
85.474,9.29,9.5,9.49,,
85.489,9.29,9.5,9.49,,
85.504,9.36,9.5,9.49,,
85.518,9.36,9.5,9.49,,
85.532,9.41,9.5,9.49,,
85.547,9.43,9.5,9.49,,
85.561,9.32,9.5,9.49,,
85.576,9.31,9.5,9.49,,
85.59,9.37,9.5,9.49,,
85.605,9.38,9.5,9.49,,
85.62,9.3,9.5,9.49,,
85.634,9.3,9.5,9.49,,
85.649,9.28,9.5,9.49,,
85.663,9.31,9.5,9.49,,
85.678,9.33,9.5,9.49,,
85.692,9.33,9.5,9.49,,
85.707,9.31,9.5,9.49,,
85.721,9.32,9.5,9.49,,
85.736,9.32,9.5,9.49,,
85.75,9.34,9.51,9.49,,
85.764,9.32,9.5,9.49,,
85.779,9.29,9.5,9.49,,
85.793,9.3,9.5,9.49,,
85.808,9.34,9.5,9.49,,
85.822,9.34,9.5,9.49,,
85.837,9.31,9.5,9.49,,
85.851,9.32,9.5,9.49,,
85.866,9.36,9.5,9.49,,
85.88,9.39,9.5,9.49,,
85.895,9.36,9.51,9.49,,
85.909,9.35,9.51,9.49,,
85.923,9.31,9.51,9.49,,
85.937,9.24,9.51,9.49,,
85.952,9.27,9.51,9.49,,
85.966,9.39,9.5,9.49,,
85.98,9.4,9.5,9.49,,
85.994,9.28,9.51,9.49,,
86.008,9.26,9.5,9.49,,
86.022,9.28,9.5,9.49,,
86.037,9.33,9.5,9.49,,
86.051,9.36,9.5,9.49,,
86.065,9.32,9.5,9.49,,
86.08,9.37,9.5,9.49,,
86.094,9.34,9.51,9.49,,
86.108,9.31,9.51,9.49,,
86.122,9.32,9.51,9.49,,
86.136,9.37,9.5,9.49,,
86.151,9.41,9.5,9.49,,
86.165,9.33,9.5,9.49,,
86.179,9.28,9.51,9.49,,
86.193,9.3,9.5,9.49,,
86.207,9.3,9.51,9.49,,
86.222,9.29,9.51,9.49,,
86.236,9.31,9.51,9.49,,
86.25,9.34,9.5,9.49,,
86.265,9.36,9.5,9.49,,
86.279,9.33,9.5,9.49,,
86.293,9.29,9.5,9.49,,
86.307,9.35,9.5,9.49,,
86.321,9.34,9.5,9.49,,
86.335,9.3,9.5,9.49,,
86.35,9.31,9.5,9.49,,
86.368,9.35,9.5,9.49,,
86.383,9.24,9.5,9.49,,
86.397,9.22,9.5,9.49,,
86.411,9.36,9.5,9.49,,
86.426,9.34,9.5,9.49,,
86.44,9.32,9.5,9.49,,
86.455,9.31,9.5,9.49,,
86.469,9.34,9.5,9.49,,
86.484,9.36,9.5,9.49,,
86.498,9.37,9.5,9.49,,
86.513,9.37,9.5,9.49,,
86.527,9.3,9.5,9.49,,
86.542,9.29,9.5,9.49,,
86.557,9.32,9.5,9.49,,
86.571,9.36,9.5,9.49,,
86.586,9.35,9.5,9.49,,
86.6,9.37,9.5,9.49,,
86.615,9.35,9.5,9.49,,
86.629,9.36,9.5,9.49,,
86.644,9.36,9.5,9.49,,
86.658,9.37,9.5,9.49,,
86.673,9.35,9.5,9.49,,
86.687,9.29,9.5,9.49,,
86.702,9.3,9.5,9.49,,
86.717,9.32,9.5,9.49,,
86.731,9.29,9.5,9.49,,
86.746,9.36,9.5,9.49,,
86.76,9.36,9.5,9.49,,
86.775,9.3,9.5,9.49,,
86.79,9.3,9.5,9.49,,
86.804,9.4,9.5,9.49,,
86.818,9.41,9.5,9.49,,
86.833,9.38,9.5,9.49,,
86.848,9.32,9.5,9.49,,
86.862,9.31,9.5,9.49,,
86.877,9.33,9.5,9.49,,
86.892,9.31,9.5,9.49,,
86.906,9.3,9.5,9.49,,
86.921,9.33,9.5,9.49,,
86.935,9.31,9.5,9.49,,
86.951,9.27,9.5,9.49,,
86.965,9.3,9.5,9.49,,
86.979,9.3,9.5,9.49,,
86.993,9.32,9.5,9.49,,
87.008,9.36,9.5,9.49,,
87.022,9.37,9.5,9.49,,
87.036,9.35,9.5,9.49,,
87.051,9.34,9.5,9.49,,
87.065,9.35,9.5,9.49,,
87.079,9.35,9.5,9.49,,
87.094,9.37,9.5,9.49,,
87.108,9.36,9.5,9.49,,
87.122,9.31,9.5,9.49,,
87.136,9.31,9.5,9.49,,
87.151,9.37,9.5,9.49,,
87.165,9.34,9.5,9.49,,
87.179,9.35,9.5,9.49,,
87.194,9.37,9.5,9.49,,
87.209,9.36,9.5,9.49,,
87.223,9.32,9.5,9.49,,
87.237,9.34,9.5,9.49,,
87.252,9.35,9.5,9.49,,
87.266,9.31,9.5,9.49,,
87.281,9.3,9.5,9.49,,
87.295,9.31,9.5,9.49,,
87.309,9.33,9.5,9.49,,
87.324,9.3,9.5,9.49,,
87.337,9.3,9.5,9.49,,
87.352,9.35,9.5,9.49,,
87.367,9.32,9.5,9.49,,
87.381,9.37,9.5,9.49,,
87.396,9.36,9.5,9.49,,
87.41,9.27,9.5,9.49,,
87.425,9.27,9.5,9.49,,
87.44,9.3,9.5,9.49,,
87.454,9.32,9.5,9.49,,
87.469,9.29,9.5,9.49,,
87.483,9.26,9.5,9.49,,
87.498,9.32,9.49,9.49,,
87.513,9.36,9.49,9.49,,
87.528,9.3,9.49,9.49,,
87.542,9.33,9.49,9.49,,
87.557,9.37,9.49,9.49,,
87.571,9.33,9.5,9.49,,
87.586,9.32,9.5,9.49,,
87.6,9.36,9.5,9.49,,
87.615,9.33,9.5,9.49,,
87.629,9.33,9.5,9.49,,
87.644,9.34,9.5,9.49,,
87.658,9.33,9.5,9.49,,
87.672,9.33,9.5,9.49,,
87.687,9.32,9.5,9.49,,
87.702,9.35,9.5,9.49,,
87.716,9.33,9.5,9.49,,
87.731,9.3,9.5,9.49,,
87.745,9.35,9.5,9.49,,
87.76,9.33,9.5,9.49,,
87.774,9.3,9.5,9.49,,
87.788,9.27,9.5,9.49,,
87.803,9.24,9.5,9.49,,
87.817,9.3,9.5,9.49,,
87.832,9.33,9.5,9.49,,
87.847,9.35,9.5,9.49,,
87.861,9.35,9.5,9.49,,
87.876,9.31,9.5,9.49,,
87.89,9.32,9.5,9.49,,
87.905,9.36,9.5,9.49,,
87.919,9.35,9.5,9.49,,
87.933,9.3,9.5,9.49,,
87.948,9.28,9.5,9.49,,
87.962,9.31,9.5,9.49,,
87.976,9.34,9.49,9.49,,
87.99,9.36,9.49,9.49,,
88.005,9.21,9.49,9.49,,
88.019,9.24,9.49,9.49,,
88.033,9.34,9.49,9.49,,
88.047,9.36,9.49,9.49,,
88.061,9.3,9.49,9.49,,
88.075,9.3,9.49,9.49,,
88.089,9.3,9.49,9.49,,
88.104,9.38,9.49,9.49,,
88.118,9.35,9.5,9.49,,
88.132,9.27,9.5,9.49,,
88.147,9.3,9.5,9.49,,
88.161,9.4,9.49,9.49,,
88.175,9.38,9.49,9.49,,
88.19,9.29,9.49,9.49,,
88.204,9.32,9.5,9.49,,
88.218,9.35,9.5,9.49,,
88.232,9.35,9.5,9.49,,
88.246,9.35,9.5,9.49,,
88.261,9.31,9.5,9.49,,
88.275,9.32,9.5,9.49,,
88.29,9.31,9.5,9.49,,
88.304,9.34,9.49,9.49,,
88.318,9.32,9.5,9.49,,
88.332,9.34,9.49,9.49,,
88.347,9.4,9.49,9.49,,
88.361,9.34,9.49,9.49,,
88.376,9.32,9.49,9.49,,
88.39,9.31,9.49,9.49,,
88.405,9.32,9.49,9.49,,
88.42,9.35,9.49,9.49,,
88.434,9.37,9.49,9.49,,
88.449,9.31,9.49,9.49,,
88.463,9.32,9.5,9.49,,
88.478,9.35,9.5,9.49,,
88.493,9.34,9.5,9.49,,
88.507,9.33,9.5,9.49,,
88.522,9.3,9.5,9.49,,
88.536,9.3,9.5,9.49,,
88.551,9.33,9.5,9.49,,
88.566,9.37,9.5,9.49,,
88.58,9.32,9.5,9.49,,
88.595,9.26,9.5,9.49,,
88.609,9.33,9.49,9.49,,
88.624,9.37,9.49,9.49,,
88.638,9.31,9.49,9.49,,
88.656,9.26,9.49,9.49,,
88.67,9.31,9.49,9.49,,
88.685,9.34,9.49,9.49,,
88.699,9.34,9.49,9.49,,
88.714,9.36,9.49,9.49,,
88.728,9.37,9.49,9.49,,
88.743,9.32,9.49,9.49,,
88.757,9.29,9.49,9.49,,
88.771,9.31,9.49,9.49,,
88.786,9.39,9.49,9.49,,
88.8,9.36,9.49,9.49,,
88.814,9.3,9.5,9.49,,
88.829,9.33,9.5,9.49,,
88.843,9.35,9.49,9.49,,
88.858,9.33,9.49,9.49,,
88.872,9.31,9.49,9.49,,
88.887,9.29,9.49,9.49,,
88.901,9.3,9.49,9.49,,
88.916,9.32,9.49,9.49,,
88.931,9.37,9.49,9.49,,
88.945,9.33,9.49,9.49,,
88.96,9.32,9.49,9.49,,
88.974,9.35,9.49,9.49,,
88.988,9.36,9.49,9.49,,
89.002,9.34,9.5,9.49,,
89.017,9.34,9.5,9.49,,
89.031,9.29,9.5,9.49,,
89.045,9.32,9.5,9.49,,
89.059,9.37,9.5,9.49,,
89.074,9.34,9.5,9.49,,
89.088,9.3,9.5,9.49,,
89.102,9.31,9.49,9.49,,
89.117,9.3,9.49,9.49,,
89.131,9.35,9.49,9.49,,
89.145,9.31,9.49,9.49,,
89.16,9.31,9.5,9.49,,
89.174,9.3,9.5,9.49,,
89.188,9.29,9.49,9.49,,
89.202,9.29,9.49,9.49,,
89.217,9.35,9.49,9.49,,
89.232,9.34,9.49,9.49,,
89.246,9.31,9.5,9.49,,
89.26,9.32,9.5,9.49,,
89.275,9.29,9.5,9.49,,
89.289,9.33,9.5,9.49,,
89.303,9.34,9.5,9.49,,
89.317,9.3,9.5,9.49,,
89.332,9.3,9.49,9.49,,
89.346,9.31,9.49,9.49,,
89.36,9.31,9.5,9.49,,
89.375,9.35,9.5,9.49,,
89.39,9.36,9.5,9.49,,
89.405,9.34,9.5,9.49,,
89.419,9.33,9.5,9.49,,
89.434,9.34,9.5,9.49,,
89.448,9.31,9.5,9.49,,
89.463,9.31,9.5,9.49,,
89.478,9.39,9.5,9.49,,
89.492,9.35,9.5,9.49,,
89.507,9.29,9.5,9.49,,
89.521,9.3,9.5,9.49,,
89.536,9.36,9.5,9.49,,
89.55,9.38,9.5,9.49,,
89.565,9.34,9.5,9.49,,
89.579,9.35,9.5,9.49,,
89.594,9.34,9.5,9.49,,
89.608,9.34,9.5,9.49,,
89.623,9.36,9.5,9.49,,
89.637,9.32,9.5,9.49,,
89.652,9.29,9.5,9.49,,
89.666,9.3,9.5,9.49,,
89.68,9.29,9.5,9.49,,
89.694,9.3,9.51,9.49,,
89.709,9.32,9.5,9.49,,
89.723,9.32,9.5,9.49,,
89.738,9.33,9.5,9.49,,
89.752,9.36,9.5,9.49,,
89.767,9.36,9.51,9.49,,
89.782,9.38,9.51,9.49,,
89.796,9.36,9.51,9.49,,
89.81,9.3,9.51,9.49,,
89.825,9.3,9.5,9.49,,
89.839,9.34,9.5,9.49,,
89.854,9.38,9.5,9.49,,
89.868,9.37,9.5,9.49,,
89.883,9.28,9.5,9.49,,
89.898,9.28,9.5,9.49,,
89.912,9.35,9.5,9.49,,
89.926,9.35,9.5,9.49,,
89.941,9.34,9.5,9.49,,
89.955,9.33,9.5,9.49,,
89.969,9.38,9.5,9.49,,
89.983,9.37,9.5,9.49,,
89.998,9.33,9.5,9.49,,
90.012,9.28,9.5,9.49,,
90.026,9.26,9.5,9.49,,
90.04,9.35,9.5,9.49,,
90.055,9.39,9.5,9.49,,
90.069,9.32,9.5,9.49,,
90.083,9.34,9.5,9.49,,
90.097,9.35,9.5,9.49,,
90.112,9.36,9.5,9.49,,
90.126,9.38,9.5,9.49,,
90.14,9.36,9.5,9.49,,
90.154,9.34,9.5,9.49,,
90.169,9.38,9.5,9.49,,
90.183,9.37,9.5,9.49,,
90.197,9.37,9.5,9.49,,
90.211,9.44,9.5,9.49,,
90.226,9.35,9.5,9.49,,
90.24,9.33,9.5,9.49,,
90.254,9.33,9.5,9.49,,
90.268,9.38,9.51,9.49,,
90.282,9.36,9.51,9.49,,
90.297,9.31,9.51,9.49,,
90.311,9.28,9.51,9.49,,
90.325,9.29,9.51,9.49,,
90.34,9.33,9.51,9.49,,
90.354,9.37,9.51,9.49,,
90.368,9.37,9.51,9.49,,
90.383,9.4,9.51,9.49,,
90.398,9.36,9.51,9.49,,
90.412,9.34,9.51,9.49,,
90.427,9.35,9.51,9.49,,
90.441,9.35,9.51,9.49,,
90.455,9.34,9.51,9.49,,
90.47,9.34,9.51,9.49,,
90.484,9.3,9.51,9.49,,
90.499,9.31,9.51,9.49,,
90.514,9.37,9.51,9.49,,
90.528,9.35,9.51,9.49,,
90.543,9.33,9.51,9.49,,
90.558,9.35,9.51,9.49,,
90.572,9.37,9.51,9.49,,
90.587,9.38,9.51,9.49,,
90.601,9.3,9.51,9.49,,
90.616,9.27,9.51,9.49,,
90.63,9.31,9.51,9.49,,
90.644,9.32,9.51,9.49,,
90.659,9.32,9.51,9.49,,
90.674,9.39,9.51,9.49,,
90.689,9.38,9.51,9.49,,
90.703,9.37,9.51,9.49,,
90.717,9.37,9.51,9.49,,
90.732,9.33,9.51,9.49,,
90.747,9.34,9.51,9.49,,
90.761,9.4,9.51,9.49,,
90.776,9.39,9.51,9.49,,
90.791,9.36,9.51,9.49,,
90.805,9.35,9.51,9.49,,
90.82,9.27,9.51,9.49,,
90.835,9.27,9.51,9.49,,
90.849,9.37,9.51,9.49,,
90.863,9.36,9.51,9.49,,
90.878,9.34,9.51,9.49,,
90.892,9.34,9.51,9.49,,
90.907,9.34,9.51,9.49,,
90.921,9.25,9.51,9.49,,
90.935,9.26,9.51,9.49,,
90.949,9.33,9.51,9.49,,
90.963,9.34,9.51,9.49,,
90.978,9.34,9.51,9.49,,
90.992,9.32,9.51,9.49,,
91.006,9.31,9.51,9.49,,
91.02,9.32,9.51,9.49,,
91.035,9.35,9.51,9.49,,
91.049,9.36,9.51,9.49,,
91.063,9.36,9.51,9.49,,
91.077,9.28,9.51,9.49,,
91.091,9.26,9.51,9.49,,
91.106,9.31,9.5,9.49,,
91.12,9.39,9.5,9.49,,
91.134,9.35,9.5,9.49,,
91.148,9.3,9.51,9.49,,
91.162,9.3,9.51,9.49,,
91.177,9.29,9.51,9.49,,
91.191,9.3,9.51,9.49,,
91.205,9.38,9.51,9.49,,
91.22,9.37,9.51,9.49,,
91.234,9.36,9.51,9.49,,
91.248,9.36,9.51,9.49,,
91.263,9.36,9.51,9.49,,
91.277,9.32,9.51,9.49,,
91.291,9.32,9.51,9.49,,
91.306,9.39,9.51,9.49,,
91.32,9.38,9.51,9.49,,
91.335,9.24,9.51,9.49,,
91.349,9.24,9.51,9.49,,
91.363,9.29,9.5,9.49,,
91.378,9.34,9.5,9.49,,
91.392,9.34,9.5,9.49,,
91.407,9.33,9.5,9.49,,
91.422,9.34,9.5,9.49,,
91.436,9.29,9.5,9.49,,
91.451,9.29,9.5,9.49,,
91.465,9.28,9.5,9.49,,
91.48,9.34,9.5,9.49,,
91.494,9.34,9.5,9.49,,
91.509,9.33,9.5,9.49,,
91.524,9.34,9.5,9.49,,
91.538,9.35,9.5,9.49,,
91.552,9.32,9.5,9.49,,
91.567,9.34,9.5,9.49,,
91.582,9.36,9.5,9.49,,
91.596,9.36,9.5,9.49,,
91.611,9.34,9.5,9.49,,
91.626,9.35,9.5,9.49,,
91.64,9.35,9.5,9.49,,
91.655,9.34,9.5,9.49,,
91.67,9.36,9.5,9.49,,
91.684,9.32,9.5,9.49,,
91.699,9.25,9.5,9.49,,
91.714,9.31,9.5,9.49,,
91.729,9.33,9.5,9.49,,
91.743,9.33,9.5,9.49,,
91.757,9.35,9.5,9.49,,
91.772,9.39,9.5,9.49,,
91.787,9.38,9.5,9.49,,
91.801,9.36,9.5,9.49,,
91.816,9.32,9.5,9.49,,
91.83,9.31,9.5,9.49,,
91.844,9.31,9.5,9.49,,
91.859,9.33,9.5,9.49,,
91.873,9.31,9.5,9.49,,
91.888,9.23,9.5,9.49,,
91.902,9.28,9.5,9.49,,
91.917,9.35,9.5,9.49,,
91.932,9.34,9.5,9.49,,
91.946,9.36,9.5,9.49,,
91.96,9.32,9.5,9.49,,
91.974,9.29,9.5,9.49,,
91.989,9.31,9.5,9.49,,
92.003,9.33,9.5,9.49,,
92.017,9.36,9.49,9.49,,
92.031,9.33,9.49,9.49,,
92.046,9.32,9.49,9.49,,
92.06,9.28,9.5,9.49,,
92.074,9.25,9.49,9.49,,
92.088,9.28,9.49,9.49,,
92.103,9.3,9.49,9.49,,
92.117,9.39,9.49,9.49,,
92.131,9.36,9.49,9.49,,
92.145,9.32,9.5,9.49,,
92.159,9.29,9.5,9.49,,
92.174,9.31,9.49,9.49,,
92.188,9.31,9.49,9.49,,
92.202,9.33,9.49,9.49,,
92.216,9.36,9.49,9.49,,
92.23,9.35,9.5,9.49,,
92.245,9.31,9.5,9.49,,
92.259,9.29,9.5,9.49,,
92.273,9.3,9.49,9.49,,
92.287,9.33,9.49,9.49,,
92.302,9.38,9.5,9.49,,
92.316,9.3,9.5,9.49,,
92.33,9.29,9.5,9.49,,
92.345,9.32,9.49,9.49,,
92.359,9.36,9.49,9.49,,
92.374,9.33,9.5,9.49,,
92.388,9.34,9.5,9.49,,
92.403,9.35,9.5,9.49,,
92.417,9.33,9.5,9.49,,
92.433,9.29,9.5,9.49,,
92.447,9.31,9.5,9.49,,
92.462,9.37,9.5,9.49,,
92.477,9.36,9.5,9.49,,
92.491,9.3,9.5,9.49,,
92.506,9.28,9.5,9.49,,
92.521,9.29,9.5,9.49,,
92.535,9.3,9.5,9.49,,
92.55,9.37,9.5,9.49,,
92.565,9.36,9.5,9.49,,
92.579,9.3,9.5,9.49,,
92.594,9.32,9.5,9.49,,
92.609,9.3,9.5,9.49,,
92.623,9.34,9.5,9.49,,
92.638,9.39,9.5,9.49,,
92.653,9.37,9.5,9.49,,
92.668,9.33,9.5,9.49,,
92.682,9.31,9.5,9.49,,
92.696,9.34,9.5,9.49,,
92.711,9.35,9.5,9.49,,
92.725,9.31,9.5,9.49,,
92.74,9.33,9.5,9.49,,
92.754,9.32,9.5,9.49,,
92.77,9.3,9.5,9.49,,
92.784,9.3,9.5,9.49,,
92.799,9.37,9.5,9.49,,
92.814,9.38,9.5,9.49,,
92.829,9.34,9.5,9.49,,
92.844,9.35,9.5,9.49,,
92.858,9.34,9.5,9.49,,
92.873,9.34,9.5,9.49,,
92.887,9.33,9.5,9.49,,
92.901,9.31,9.5,9.49,,
92.916,9.33,9.5,9.49,,
92.931,9.36,9.5,9.49,,
92.945,9.34,9.5,9.49,,
92.959,9.31,9.5,9.49,,
92.973,9.27,9.5,9.49,,
92.988,9.34,9.5,9.49,,
93.003,9.37,9.5,9.49,,
93.017,9.3,9.5,9.49,,
93.031,9.28,9.5,9.49,,
93.046,9.27,9.5,9.49,,
93.06,9.28,9.5,9.49,,
93.075,9.32,9.5,9.49,,
93.089,9.35,9.5,9.49,,
93.103,9.37,9.5,9.49,,
93.117,9.34,9.5,9.49,,
93.132,9.33,9.5,9.49,,
93.146,9.33,9.5,9.49,,
93.16,9.34,9.5,9.49,,
93.175,9.31,9.5,9.49,,
93.189,9.29,9.5,9.49,,
93.203,9.29,9.5,9.49,,
93.217,9.3,9.5,9.49,,
93.231,9.35,9.5,9.49,,
93.245,9.37,9.5,9.49,,
93.26,9.34,9.5,9.49,,
93.274,9.37,9.5,9.49,,
93.289,9.39,9.5,9.49,,
93.303,9.38,9.5,9.49,,
93.317,9.36,9.5,9.49,,
93.331,9.39,9.5,9.49,,
93.346,9.37,9.5,9.49,,
93.36,9.31,9.5,9.49,,
93.374,9.3,9.5,9.49,,
93.388,9.31,9.5,9.49,,
93.402,9.33,9.5,9.49,,
93.417,9.35,9.5,9.49,,
93.432,9.31,9.5,9.49,,
93.446,9.34,9.5,9.49,,
93.464,9.41,9.5,9.49,,
93.478,9.36,9.5,9.49,,
93.493,9.32,9.5,9.49,,
93.507,9.32,9.5,9.49,,
93.522,9.28,9.5,9.49,,
93.537,9.32,9.5,9.49,,
93.551,9.34,9.5,9.49,,
93.566,9.31,9.5,9.49,,
93.58,9.35,9.5,9.49,,
93.595,9.36,9.5,9.49,,
93.609,9.29,9.5,9.49,,
93.624,9.29,9.5,9.49,,
93.638,9.33,9.5,9.49,,
93.653,9.4,9.5,9.49,,
93.667,9.38,9.5,9.49,,
93.682,9.31,9.5,9.49,,
93.697,9.37,9.5,9.49,,
93.711,9.33,9.5,9.49,,
93.726,9.29,9.5,9.49,,
93.741,9.33,9.5,9.49,,
93.755,9.36,9.5,9.49,,
93.77,9.31,9.5,9.49,,
93.784,9.3,9.5,9.49,,
93.799,9.34,9.5,9.49,,
93.813,9.35,9.5,9.49,,
93.828,9.31,9.5,9.49,,
93.842,9.33,9.5,9.49,,
93.857,9.32,9.5,9.49,,
93.871,9.28,9.5,9.49,,
93.886,9.33,9.5,9.49,,
93.9,9.34,9.49,9.49,,
93.915,9.27,9.49,9.49,,
93.93,9.3,9.49,9.49,,
93.944,9.28,9.49,9.49,,
93.959,9.32,9.49,9.49,,
93.973,9.33,9.49,9.49,,
93.988,9.31,9.49,9.49,,
94.002,9.31,9.49,9.49,,
94.016,9.29,9.49,9.49,,
94.03,9.26,9.49,9.49,,
94.044,9.33,9.49,9.49,,
94.059,9.36,9.49,9.49,,
94.073,9.4,9.49,9.49,,
94.087,9.35,9.49,9.49,,
94.102,9.3,9.49,9.49,,
94.116,9.36,9.49,9.49,,
94.13,9.38,9.49,9.49,,
94.145,9.36,9.49,9.49,,
94.16,9.32,9.49,9.49,,
94.174,9.37,9.49,9.49,,
94.188,9.32,9.49,9.49,,
94.202,9.31,9.49,9.49,,
94.217,9.31,9.49,9.49,,
94.231,9.34,9.49,9.49,,
94.245,9.27,9.49,9.49,,
94.259,9.25,9.49,9.49,,
94.273,9.3,9.49,9.49,,
94.287,9.33,9.49,9.49,,
94.301,9.35,9.49,9.49,,
94.316,9.36,9.49,9.49,,
94.33,9.29,9.49,9.49,,
94.344,9.28,9.49,9.49,,
94.359,9.31,9.49,9.49,,
94.373,9.38,9.49,9.49,,
94.388,9.36,9.49,9.49,,
94.402,9.33,9.49,9.49,,
94.417,9.36,9.49,9.49,,
94.431,9.32,9.49,9.49,,
94.446,9.26,9.49,9.49,,
94.46,9.33,9.49,9.49,,
94.474,9.35,9.49,9.49,,
94.489,9.3,9.49,9.49,,
94.504,9.3,9.49,9.49,,
94.518,9.32,9.49,9.49,,
94.533,9.34,9.49,9.49,,
94.547,9.34,9.49,9.49,,
94.562,9.31,9.49,9.49,,
94.577,9.39,9.49,9.49,,
94.591,9.39,9.49,9.49,,
94.608,9.3,9.49,9.49,,
94.622,9.33,9.49,9.49,,
94.637,9.31,9.49,9.49,,
94.652,9.3,9.49,9.49,,
94.666,9.34,9.49,9.49,,
94.681,9.35,9.49,9.49,,
94.695,9.34,9.49,9.49,,
94.71,9.34,9.49,9.49,,
94.725,9.35,9.49,9.49,,
94.739,9.36,9.49,9.49,,
94.754,9.34,9.5,9.49,,
94.768,9.38,9.5,9.49,,
94.782,9.34,9.5,9.49,,
94.797,9.28,9.5,9.49,,
94.811,9.28,9.5,9.49,,
94.826,9.34,9.49,9.49,,
94.84,9.37,9.49,9.49,,
94.855,9.34,9.49,9.49,,
94.869,9.35,9.49,9.49,,
94.884,9.34,9.49,9.49,,
94.9,9.29,9.49,9.49,,
94.914,9.35,9.49,9.49,,
94.929,9.36,9.49,9.49,,
94.944,9.29,9.5,9.49,,
94.959,9.3,9.49,9.49,,
94.974,9.32,9.49,9.49,,
94.988,9.31,9.49,9.49,,
95.002,9.34,9.49,9.49,,
95.016,9.32,9.49,9.49,,
95.03,9.38,9.49,9.49,,
95.045,9.38,9.49,9.49,,
95.059,9.33,9.49,9.49,,
95.073,9.28,9.49,9.49,,
95.087,9.3,9.49,9.49,,
95.101,9.37,9.49,9.49,,
95.115,9.35,9.49,9.49,,
95.13,9.32,9.49,9.49,,
95.144,9.33,9.49,9.49,,
95.158,9.31,9.49,9.49,,
95.173,9.29,9.49,9.49,,
95.187,9.33,9.49,9.49,,
95.201,9.34,9.49,9.49,,
95.215,9.3,9.49,9.49,,
95.23,9.29,9.49,9.49,,
95.244,9.32,9.49,9.49,,
95.258,9.35,9.49,9.49,,
95.272,9.29,9.49,9.49,,
95.286,9.32,9.49,9.49,,
95.3,9.33,9.49,9.49,,
95.314,9.29,9.49,9.49,,
95.329,9.34,9.49,9.49,,
95.343,9.34,9.49,9.49,,
95.357,9.38,9.49,9.49,,
95.371,9.39,9.49,9.49,,
95.386,9.35,9.49,9.49,,
95.4,9.32,9.49,9.49,,
95.415,9.33,9.49,9.49,,
95.429,9.34,9.49,9.49,,
95.444,9.33,9.49,9.49,,
95.459,9.36,9.49,9.49,,
95.473,9.38,9.49,9.49,,
95.488,9.36,9.49,9.49,,
95.502,9.36,9.49,9.49,,
95.517,9.29,9.49,9.49,,
95.536,9.29,9.49,9.49,,
95.55,9.31,9.49,9.49,,
95.565,9.31,9.49,9.49,,
95.579,9.25,9.49,9.49,,
95.594,9.3,9.49,9.49,,
95.608,9.36,9.49,9.49,,
95.623,9.3,9.49,9.49,,
95.637,9.35,9.49,9.49,,
95.651,9.36,9.49,9.49,,
95.666,9.38,9.49,9.49,,
95.681,9.38,9.49,9.49,,
95.696,9.36,9.49,9.49,,
95.71,9.35,9.49,9.49,,
95.725,9.37,9.49,9.49,,
95.739,9.34,9.49,9.49,,
95.755,9.31,9.49,9.49,,
95.77,9.3,9.49,9.49,,
95.784,9.32,9.49,9.49,,
95.799,9.35,9.49,9.49,,
95.813,9.34,9.49,9.49,,
95.828,9.33,9.49,9.49,,
95.842,9.32,9.49,9.49,,
95.856,9.28,9.49,9.49,,
95.871,9.31,9.49,9.49,,
95.885,9.38,9.5,9.49,,
95.9,9.37,9.5,9.49,,
95.915,9.41,9.5,9.49,,
95.929,9.42,9.5,9.49,,
95.944,9.28,9.5,9.49,,
95.958,9.25,9.5,9.49,,
95.973,9.31,9.49,9.49,,
95.987,9.29,9.49,9.49,,
96.001,9.3,9.49,9.49,,
96.015,9.28,9.49,9.49,,
96.029,9.28,9.49,9.49,,
96.043,9.39,9.49,9.49,,
96.058,9.37,9.49,9.49,,
96.072,9.3,9.5,9.49,,
96.086,9.31,9.49,9.49,,
96.1,9.29,9.49,9.49,,
96.114,9.3,9.49,9.49,,
96.128,9.34,9.49,9.49,,
96.143,9.35,9.49,9.49,,
96.157,9.35,9.49,9.49,,
96.171,9.33,9.49,9.49,,
96.186,9.33,9.49,9.49,,
96.2,9.29,9.49,9.49,,
96.215,9.31,9.49,9.49,,
96.229,9.28,9.49,9.49,,
96.244,9.3,9.49,9.49,,
96.258,9.38,9.49,9.49,,
96.272,9.38,9.49,9.49,,
96.286,9.35,9.5,9.49,,
96.301,9.36,9.5,9.49,,
96.315,9.36,9.49,9.49,,
96.329,9.37,9.5,9.49,,
96.343,9.36,9.5,9.49,,
96.358,9.38,9.5,9.49,,
96.372,9.35,9.5,9.49,,
96.386,9.33,9.5,9.49,,
96.4,9.29,9.5,9.49,,
96.414,9.32,9.5,9.49,,
96.429,9.3,9.5,9.49,,
96.443,9.29,9.5,9.49,,
96.458,9.35,9.5,9.49,,
96.473,9.37,9.5,9.49,,
96.487,9.34,9.5,9.49,,
96.502,9.33,9.5,9.49,,
96.516,9.4,9.5,9.49,,
96.531,9.4,9.5,9.49,,
96.545,9.32,9.5,9.49,,
96.56,9.34,9.5,9.49,,
96.575,9.37,9.5,9.49,,
96.589,9.35,9.5,9.49,,
96.604,9.33,9.5,9.49,,
96.618,9.33,9.5,9.49,,
96.633,9.31,9.5,9.49,,
96.647,9.32,9.5,9.49,,
96.662,9.31,9.5,9.49,,
96.676,9.34,9.5,9.49,,
96.69,9.36,9.5,9.49,,
96.705,9.36,9.5,9.49,,
96.719,9.36,9.5,9.49,,
96.733,9.29,9.5,9.49,,
96.748,9.3,9.5,9.49,,
96.762,9.33,9.5,9.49,,
96.776,9.38,9.5,9.49,,
96.791,9.37,9.5,9.49,,
96.805,9.36,9.5,9.49,,
96.82,9.34,9.5,9.49,,
96.834,9.34,9.5,9.49,,
96.849,9.32,9.5,9.49,,
96.863,9.27,9.5,9.49,,
96.877,9.31,9.5,9.49,,
96.892,9.37,9.5,9.49,,
96.913,9.34,9.5,9.49,,
96.928,9.29,9.51,9.49,,
96.942,9.37,9.51,9.49,,
96.957,9.34,9.5,9.49,,
96.971,9.33,9.5,9.49,,
96.986,9.34,9.5,9.49,,
97,9.36,9.5,9.49,,
97.014,9.36,9.51,9.49,,
97.028,9.35,9.51,9.49,,
97.042,9.34,9.51,9.49,,
97.057,9.36,9.51,9.49,,
97.071,9.37,9.51,9.49,,
97.085,9.36,9.51,9.49,,
97.099,9.35,9.51,9.49,,
97.113,9.31,9.51,9.49,,
97.127,9.27,9.51,9.49,,
97.141,9.29,9.51,9.49,,
97.156,9.33,9.51,9.49,,
97.171,9.33,9.51,9.49,,
97.185,9.35,9.51,9.49,,
97.199,9.29,9.51,9.49,,
97.214,9.26,9.51,9.49,,
97.228,9.33,9.51,9.49,,
97.242,9.39,9.51,9.49,,
97.257,9.39,9.5,9.49,,
97.271,9.33,9.51,9.49,,
97.285,9.3,9.51,9.49,,
97.299,9.32,9.51,9.49,,
97.314,9.29,9.51,9.49,,
97.328,9.31,9.51,9.49,,
97.342,9.34,9.5,9.49,,
97.356,9.38,9.5,9.49,,
97.37,9.35,9.5,9.49,,
97.384,9.3,9.51,9.49,,
97.399,9.31,9.51,9.49,,
97.413,9.34,9.51,9.49,,
97.427,9.31,9.51,9.49,,
97.441,9.3,9.51,9.49,,
97.456,9.33,9.51,9.49,,
97.471,9.31,9.51,9.49,,
97.485,9.36,9.51,9.49,,
97.499,9.34,9.51,9.49,,
97.514,9.26,9.51,9.49,,
97.528,9.28,9.5,9.49,,
97.543,9.37,9.5,9.49,,
97.557,9.39,9.5,9.49,,
97.572,9.31,9.5,9.49,,
97.587,9.35,9.5,9.49,,
97.601,9.35,9.5,9.49,,
97.616,9.33,9.5,9.49,,
97.63,9.34,9.5,9.49,,
97.645,9.32,9.5,9.49,,
97.66,9.29,9.5,9.49,,
97.674,9.32,9.5,9.49,,
97.689,9.37,9.5,9.49,,
97.703,9.38,9.5,9.49,,
97.718,9.35,9.5,9.49,,
97.732,9.41,9.5,9.49,,
97.747,9.37,9.5,9.49,,
97.762,9.26,9.5,9.49,,
97.776,9.31,9.5,9.49,,
97.791,9.4,9.49,9.49,,
97.807,9.39,9.5,9.49,,
97.821,9.28,9.5,9.49,,
97.836,9.28,9.5,9.49,,
97.85,9.4,9.5,9.49,,
97.865,9.38,9.5,9.49,,
97.88,9.31,9.5,9.49,,
97.894,9.34,9.5,9.49,,
97.911,9.41,9.5,9.49,,
97.925,9.33,9.5,9.49,,
97.939,9.28,9.5,9.49,,
97.954,9.29,9.5,9.49,,
97.968,9.36,9.5,9.49,,
97.983,9.36,9.5,9.49,,
97.998,9.29,9.5,9.49,,
98.012,9.25,9.5,9.49,,
98.026,9.3,9.5,9.49,,
98.04,9.35,9.5,9.49,,
98.054,9.32,9.5,9.49,,
98.069,9.28,9.5,9.49,,
98.084,9.31,9.5,9.49,,
98.098,9.35,9.5,9.49,,
98.112,9.34,9.5,9.49,,
98.126,9.32,9.5,9.49,,
98.142,9.3,9.5,9.49,,
98.156,9.31,9.5,9.49,,
98.17,9.39,9.5,9.49,,
98.184,9.41,9.5,9.49,,
98.199,9.33,9.5,9.49,,
98.213,9.33,9.5,9.49,,
98.227,9.35,9.5,9.49,,
98.241,9.32,9.5,9.49,,
98.255,9.36,9.5,9.49,,
98.269,9.37,9.5,9.49,,
98.283,9.37,9.5,9.49,,
98.298,9.27,9.5,9.49,,
98.312,9.27,9.5,9.49,,
98.327,9.38,9.5,9.49,,
98.341,9.43,9.5,9.49,,
98.355,9.41,9.5,9.49,,
98.369,9.38,9.5,9.49,,
98.383,9.35,9.5,9.49,,
98.399,9.3,9.5,9.49,,
98.413,9.38,9.5,9.49,,
98.427,9.35,9.5,9.49,,
98.442,9.28,9.5,9.49,,
98.456,9.34,9.5,9.49,,
98.471,9.32,9.5,9.49,,
98.485,9.21,9.5,9.49,,
98.5,9.34,9.5,9.49,,
98.515,9.41,9.5,9.49,,
98.529,9.37,9.5,9.49,,
98.546,9.3,9.5,9.49,,
98.56,9.29,9.5,9.49,,
98.575,9.45,9.5,9.49,,
98.59,9.33,9.5,9.49,,
98.604,9.39,9.5,9.49,,
98.619,9.39,9.5,9.49,,
98.634,9.39,9.51,9.49,,
98.648,9.36,9.51,9.49,,
98.663,9.26,9.51,9.49,,
98.677,9.38,9.51,9.49,,
98.691,9.12,9.51,9.49,,
98.706,9.26,9.51,9.49,,
98.721,9.35,9.5,9.49,,
98.735,9.31,9.5,9.49,,
98.75,9.38,9.51,9.49,,
98.765,9.34,9.51,9.49,,
98.779,9.35,9.51,9.49,,
98.794,9.34,9.51,9.49,,
98.809,9.29,9.51,9.49,,
98.823,9.34,9.51,9.49,,
98.838,9.34,9.5,9.49,,
98.853,9.31,9.5,9.49,,
98.867,9.34,9.5,9.49,,
98.882,9.37,9.5,9.49,,
98.897,9.37,9.5,9.49,,
98.911,9.3,9.5,9.49,,
98.926,9.32,9.5,9.49,,
98.94,9.35,9.5,9.49,,
98.955,9.62,9.5,9.49,,
98.969,9.12,9.51,9.49,,
98.984,9.34,9.5,9.49,,
98.999,9.48,9.5,9.49,,
99.013,9.29,9.5,9.49,,
99.027,9.22,9.5,9.49,,
99.042,9.59,9.5,9.49,,
99.056,9.88,9.51,9.49,,
99.07,8.96,9.52,9.49,,
99.084,9.17,9.52,9.49,,
99.098,9.11,9.52,9.49,,
99.113,9.32,9.51,9.49,,
99.127,9.5,9.51,9.49,,
99.141,9.48,9.51,9.49,,
99.155,9.32,9.51,9.49,,
99.17,9.31,9.51,9.49,,
99.184,9.27,9.51,9.49,,
99.198,9.31,9.51,9.49,,
99.212,9.29,9.51,9.49,,
99.227,9.31,9.51,9.49,,
99.241,9.37,9.51,9.49,,
99.255,9.71,9.51,9.49,,
99.27,9.19,9.52,9.49,,
99.285,9.33,9.52,9.49,,
99.3,9.18,9.51,9.49,,
99.314,9.08,9.51,9.49,,
99.329,9.06,9.51,9.49,,
99.343,9.01,9.51,9.49,,
99.357,9.28,9.5,9.49,,
99.371,9.43,9.5,9.49,,
99.386,9.21,9.5,9.49,,
99.4,8.89,9.49,9.49,,
99.414,10.21,9.48,9.49,,
99.428,10.28,9.48,9.49,,
99.443,9.38,9.49,9.49,,
99.458,9.16,9.5,9.49,,
99.472,9.18,9.5,9.49,,
99.486,9.32,9.51,9.49,,
99.501,9.26,9.51,9.49,,
99.516,8.8,9.51,9.49,,
99.53,8.82,9.51,9.49,,
99.545,9.4,9.5,9.49,,
99.559,9.75,9.5,9.49,,
99.574,9.58,9.5,9.49,,
99.589,9.16,9.5,9.49,,
99.603,8.86,9.5,9.49,,
99.618,8.9,9.5,9.49,,
99.632,9.06,9.49,9.49,,
99.647,9.29,9.48,9.49,,
99.661,9.66,9.48,9.49,,
99.675,9.55,9.48,9.49,,
99.69,9.26,9.49,9.49,,
99.704,9.29,9.49,9.49,,
99.719,9.79,9.5,9.49,,
99.734,9.57,9.54,9.49,,
99.748,7.86,9.6,9.49,,
99.763,8.3,9.58,9.49,,
99.777,8.63,9.57,9.49,,
99.792,9.69,9.55,9.49,,
99.807,9.31,9.54,9.49,,
99.821,9.8,9.54,9.49,,
99.836,10.45,9.53,9.49,,
99.85,10.12,9.52,9.49,,
99.865,9.66,9.52,9.49,,
99.88,8.99,9.52,9.49,,
99.894,9.07,9.51,9.49,,
99.909,9.28,9.5,9.49,,
99.924,9.46,9.5,9.49,,
99.938,9.38,9.49,9.49,,
99.953,9.28,9.49,9.49,,
99.968,9.27,9.5,9.49,,
99.983,9.03,9.5,9.49,,
99.997,9.21,9.5,9.49,,
100.012,10.1,9.49,9.49,,
100.026,9.43,9.49,9.49,,
100.041,9.12,9.5,9.49,,
100.055,9.15,9.5,9.49,,
100.069,9.24,9.5,9.49,,
100.083,9.34,9.5,9.49,,
100.098,9.33,9.5,9.49,,
100.112,9.28,9.51,9.49,,
100.126,9.22,9.51,9.49,,
100.141,9.25,9.51,9.49,,
100.156,9.24,9.5,9.49,,
100.17,9.24,9.5,9.49,,
100.184,9.3,9.5,9.49,,
100.198,9.2,9.5,9.49,,
100.213,9.31,9.5,9.49,,
100.228,9.36,9.51,9.49,,
100.242,9.21,9.51,9.49,,
100.256,9.12,9.52,9.49,,
100.27,9.19,9.52,9.49,,
100.285,9.27,9.52,9.49,,
100.299,9.31,9.51,9.49,,
100.313,9.18,9.51,9.49,,
100.327,9.19,9.51,9.49,,
100.341,9.3,9.5,9.49,,
100.356,9.29,9.5,9.49,,
100.37,9.27,9.5,9.49,,
100.384,9.32,9.5,9.49,,
100.399,9.27,9.5,9.49,,
100.413,9.23,9.49,9.49,,
100.427,9.22,9.49,9.49,,
100.441,9.3,9.49,9.49,,
100.456,9.39,9.49,9.49,,
100.471,9.2,9.49,9.49,,
100.485,9.29,9.49,9.49,,
100.5,9.06,9.49,9.49,,
100.515,9.19,9.49,9.49,,
100.529,9.25,9.49,9.49,,
100.544,9.26,9.49,9.49,,
100.558,9.29,9.49,9.49,,
100.573,9.41,9.48,9.49,,
100.588,9.35,9.48,9.49,,
100.603,9.23,9.49,9.49,,
100.617,9.12,9.49,9.49,,
100.632,9.2,9.49,9.49,,
100.647,9.25,9.49,9.49,,
100.662,9.23,9.49,9.49,,
100.677,9.22,9.49,9.49,,
100.691,9.31,9.49,9.49,,
100.706,9.26,9.49,9.49,,
100.721,9.29,9.48,9.49,,
100.735,9.28,9.49,9.49,,
100.75,9.12,9.49,9.49,,
100.765,9.33,9.49,9.49,,
100.78,9.12,9.49,9.49,,
100.794,9.19,9.49,9.49,,
100.809,9.41,9.48,9.49,,
100.823,9.27,9.48,9.49,,
100.838,9.23,9.48,9.49,,
100.853,9.28,9.48,9.49,,
100.867,9.37,9.47,9.49,,
100.881,9.35,9.47,9.49,,
100.896,9.19,9.47,9.49,,
100.911,9.23,9.47,9.49,,
100.925,9.26,9.47,9.49,,
100.94,9.28,9.47,9.49,,
100.955,9.17,9.47,9.49,,
100.969,9.25,9.46,9.49,,
100.984,9.27,9.46,9.49,,
100.999,9.21,9.47,9.49,,
101.013,9.25,9.47,9.49,,
101.028,9.33,9.47,9.49,,
101.042,9.3,9.47,9.49,,
101.056,9.2,9.47,9.49,,
101.07,9.19,9.47,9.49,,
101.084,9.2,9.47,9.49,,
101.099,9.31,9.47,9.49,,
101.113,9.27,9.47,9.49,,
101.127,9.26,9.47,9.49,,
101.141,9.17,9.47,9.49,,
101.155,9.18,9.47,9.49,,
101.17,9.24,9.46,9.49,,
101.184,9.13,9.46,9.49,,
101.198,9.13,9.46,9.49,,
101.213,9.36,9.46,9.49,,
101.227,9.23,9.46,9.49,,
101.245,9.18,9.46,9.49,,
101.259,9.23,9.46,9.49,,
101.273,9.29,9.46,9.49,,
101.287,9.25,9.45,9.49,,
101.302,9.31,9.45,9.49,,
101.316,9.3,9.45,9.49,,
101.33,9.37,9.45,9.49,,
101.344,9.24,9.45,9.49,,
101.359,9.15,9.45,9.49,,
101.373,9.27,9.45,9.49,,
101.387,9.21,9.45,9.49,,
101.401,9.26,9.45,9.49,,
101.415,9.19,9.45,9.49,,
101.429,9.24,9.45,9.49,,
101.444,9.24,9.45,9.49,,
101.459,9.27,9.45,9.49,,
101.473,9.26,9.45,9.49,,
101.488,9.28,9.46,9.49,,
101.502,9.27,9.46,9.49,,
101.517,9.24,9.46,9.49,,
101.532,9.27,9.46,9.49,,
101.547,9.29,9.46,9.49,,
101.561,9.24,9.46,9.49,,
101.575,9.21,9.46,9.49,,
101.59,9.21,9.46,9.49,,
101.605,9.33,9.46,9.49,,
101.62,9.29,9.46,9.49,,
101.635,9.26,9.46,9.49,,
101.649,9.28,9.46,9.49,,
101.664,9.24,9.46,9.49,,
101.679,9.19,9.46,9.49,,
101.693,9.06,9.46,9.49,,
101.708,9.32,9.45,9.49,,
101.722,9.27,9.45,9.49,,
101.737,9.24,9.45,9.49,,
101.752,9.33,9.45,9.49,,
101.766,9.33,9.45,9.49,,
101.78,9.21,9.45,9.49,,
101.795,9.29,9.45,9.49,,
101.809,9.23,9.45,9.49,,
101.824,9.36,9.45,9.49,,
101.839,9.32,9.45,9.49,,
101.853,9.26,9.45,9.49,,
101.867,9.19,9.45,9.49,,
101.882,9.19,9.45,9.49,,
101.897,9.3,9.44,9.49,,
101.912,9.31,9.44,9.49,,
101.927,9.17,9.44,9.49,,
101.941,9.13,9.44,9.49,,
101.956,9.23,9.44,9.49,,
101.971,9.3,9.44,9.49,,
101.985,9.32,9.44,9.49,,
101.999,9.27,9.44,9.49,,
102.014,9.25,9.44,9.49,,
102.028,9.23,9.44,9.49,,
102.043,9.25,9.44,9.49,,
102.057,9.29,9.44,9.49,,
102.071,9.31,9.44,9.49,,
102.087,9.24,9.44,9.49,,
102.101,9.2,9.44,9.49,,
102.115,9.25,9.44,9.49,,
102.129,9.26,9.44,9.49,,
102.143,9.31,9.44,9.49,,
102.158,9.31,9.44,9.49,,
102.172,9.25,9.44,9.49,,
102.186,9.25,9.44,9.49,,
102.2,9.25,9.44,9.49,,
102.215,9.17,9.44,9.49,,
102.229,9.2,9.44,9.49,,
102.243,9.32,9.44,9.49,,
102.257,9.31,9.44,9.49,,
102.271,9.16,9.44,9.49,,
102.285,9.19,9.44,9.49,,
102.3,9.29,9.44,9.49,,
102.314,9.26,9.44,9.49,,
102.328,9.27,9.44,9.49,,
102.343,9.36,9.44,9.49,,
102.357,9.34,9.44,9.49,,
102.371,9.23,9.44,9.49,,
102.386,9.24,9.44,9.49,,
102.4,9.23,9.44,9.49,,
102.414,9.24,9.44,9.49,,
102.428,9.22,9.44,9.49,,
102.443,9.19,9.44,9.49,,
102.457,9.18,9.43,9.49,,
102.472,9.21,9.43,9.49,,
102.487,9.23,9.43,9.49,,
102.501,9.27,9.43,9.49,,
102.516,9.28,9.43,9.49,,
102.53,9.22,9.43,9.49,,
102.545,9.22,9.43,9.49,,
102.559,9.27,9.43,9.49,,
102.574,9.24,9.43,9.49,,
102.589,9.29,9.43,9.49,,
102.603,9.25,9.43,9.49,,
102.618,9.19,9.43,9.49,,
102.632,9.21,9.43,9.49,,
102.647,9.22,9.43,9.49,,
102.662,9.24,9.43,9.49,,
102.676,9.29,9.43,9.49,,
102.692,9.33,9.43,9.49,,
102.706,9.29,9.43,9.49,,
102.724,9.27,9.43,9.49,,
102.739,9.25,9.43,9.49,,
102.753,9.21,9.43,9.49,,
102.768,9.26,9.43,9.49,,
102.783,9.3,9.43,9.49,,
102.797,9.24,9.43,9.49,,
102.812,9.2,9.43,9.49,,
102.827,9.22,9.43,9.49,,
102.841,9.23,9.43,9.49,,
102.856,9.3,9.43,9.49,,
102.871,9.32,9.43,9.49,,
102.886,9.32,9.43,9.49,,
102.9,9.28,9.43,9.49,,
102.915,9.21,9.43,9.49,,
102.933,9.3,9.43,9.49,,
102.948,9.29,9.43,9.49,,
102.962,9.26,9.43,9.49,,
102.977,9.25,9.43,9.49,,
102.991,9.23,9.43,9.49,,
103.006,9.23,9.43,9.49,,
103.021,9.23,9.43,9.49,,
103.036,9.19,9.43,9.49,,
103.051,9.26,9.43,9.49,,
103.065,9.26,9.43,9.49,,
103.079,9.23,9.43,9.49,,
103.094,9.27,9.43,9.49,,
103.108,9.31,9.43,9.49,,
103.122,9.31,9.43,9.49,,
103.136,9.27,9.43,9.49,,
103.151,9.24,9.43,9.49,,
103.165,9.24,9.43,9.49,,
103.179,9.27,9.43,9.49,,
103.194,9.3,9.43,9.49,,
103.208,9.31,9.43,9.49,,
103.222,9.3,9.43,9.49,,
103.237,9.29,9.43,9.49,,
103.251,9.2,9.43,9.49,,
103.265,9.18,9.43,9.49,,
103.28,9.23,9.43,9.49,,
103.294,9.23,9.43,9.49,,
103.308,9.25,9.43,9.49,,
103.322,9.26,9.43,9.49,,
103.336,9.2,9.43,9.49,,
103.351,9.21,9.42,9.49,,
103.365,9.26,9.42,9.49,,
103.379,9.25,9.42,9.49,,
103.393,9.25,9.43,9.49,,
103.408,9.21,9.43,9.49,,
103.422,9.22,9.43,9.49,,
103.436,9.24,9.43,9.49,,
103.45,9.24,9.43,9.49,,
103.464,9.25,9.43,9.49,,
103.478,9.28,9.43,9.49,,
103.493,9.26,9.43,9.49,,
103.508,9.2,9.43,9.49,,
103.522,9.24,9.43,9.49,,
103.536,9.27,9.43,9.49,,
103.551,9.26,9.43,9.49,,
103.566,9.25,9.43,9.49,,
103.581,9.26,9.43,9.49,,
103.595,9.18,9.43,9.49,,
103.61,9.16,9.43,9.49,,
103.624,9.17,9.43,9.49,,
103.639,9.33,9.43,9.49,,
103.653,9.37,9.43,9.49,,
103.668,9.17,9.43,9.49,,
103.683,9.11,9.43,9.49,,
103.697,9.28,9.43,9.49,,
103.712,9.29,9.43,9.49,,
103.727,9.22,9.43,9.49,,
103.741,9.23,9.43,9.49,,
103.756,9.25,9.43,9.49,,
103.771,9.24,9.43,9.49,,
103.785,9.23,9.43,9.49,,
103.8,9.22,9.43,9.49,,
103.815,9.33,9.43,9.49,,
103.829,9.32,9.43,9.49,,
103.844,9.25,9.43,9.49,,
103.858,9.23,9.43,9.49,,
103.874,9.23,9.43,9.49,,
103.888,9.23,9.43,9.49,,
103.903,9.28,9.43,9.49,,
103.917,9.31,9.43,9.49,,
103.932,9.22,9.43,9.49,,
103.947,9.2,9.43,9.49,,
103.961,9.22,9.43,9.49,,
103.976,9.24,9.43,9.49,,
103.99,9.25,9.43,9.49,,
104.004,9.25,9.42,9.49,,
104.019,9.26,9.43,9.49,,
104.033,9.22,9.43,9.49,,
104.048,9.19,9.43,9.49,,
104.064,9.19,9.43,9.49,,
104.078,9.18,9.42,9.49,,
104.092,9.25,9.42,9.49,,
104.107,9.26,9.42,9.49,,
104.121,9.22,9.42,9.49,,
104.135,9.22,9.42,9.49,,
104.15,9.22,9.42,9.49,,
104.164,9.27,9.42,9.49,,
104.178,9.27,9.43,9.49,,
104.192,9.22,9.43,9.49,,
104.207,9.23,9.42,9.49,,
104.221,9.29,9.43,9.49,,
104.235,9.21,9.43,9.49,,
104.249,9.19,9.43,9.49,,
104.264,9.23,9.43,9.49,,
104.278,9.24,9.43,9.49,,
104.292,9.2,9.42,9.49,,
104.306,9.2,9.42,9.49,,
104.321,9.33,9.42,9.49,,
104.335,9.36,9.42,9.49,,
104.35,9.27,9.42,9.49,,
104.364,9.22,9.42,9.49,,
104.378,9.25,9.42,9.49,,
104.392,9.22,9.42,9.49,,
104.407,9.14,9.42,9.49,,
104.421,9.2,9.42,9.49,,
104.435,9.25,9.42,9.49,,
104.449,9.24,9.42,9.49,,
104.464,9.26,9.42,9.49,,
104.479,9.24,9.42,9.49,,
104.493,9.26,9.42,9.49,,
104.508,9.24,9.42,9.49,,
104.523,9.2,9.42,9.49,,
104.538,9.23,9.42,9.49,,
104.552,9.25,9.42,9.49,,
104.567,9.26,9.42,9.49,,
104.581,9.24,9.42,9.49,,
104.596,9.21,9.42,9.49,,
104.61,9.19,9.42,9.49,,
104.624,9.22,9.42,9.49,,
104.64,9.25,9.42,9.49,,
104.655,9.28,9.42,9.49,,
104.669,9.29,9.42,9.49,,
104.684,9.28,9.42,9.49,,
104.698,9.28,9.42,9.49,,
104.713,9.27,9.42,9.49,,
104.727,9.26,9.42,9.49,,
104.742,9.26,9.42,9.49,,
104.756,9.27,9.42,9.49,,
104.771,9.26,9.42,9.49,,
104.786,9.25,9.42,9.49,,
104.8,9.25,9.42,9.49,,
104.815,9.24,9.42,9.49,,
104.83,9.28,9.42,9.49,,
104.844,9.27,9.42,9.49,,
104.859,9.26,9.42,9.49,,
104.873,9.23,9.42,9.49,,
104.887,9.22,9.42,9.49,,
104.902,9.23,9.42,9.49,,
104.916,9.22,9.42,9.49,,
104.931,9.29,9.42,9.49,,
104.946,9.27,9.42,9.49,,
104.963,9.28,9.42,9.49,,
104.977,9.29,9.42,9.49,,
104.992,9.23,9.42,9.49,,
105.007,9.24,9.42,9.49,,
105.021,9.27,9.42,9.49,,
105.036,9.24,9.42,9.49,,
105.05,9.2,9.42,9.49,,
105.065,9.25,9.42,9.49,,
105.079,9.24,9.42,9.49,,
105.094,9.26,9.42,9.49,,
105.108,9.25,9.42,9.49,,
105.122,9.21,9.42,9.49,,
105.136,9.2,9.42,9.49,,
105.15,9.2,9.42,9.49,,
105.165,9.23,9.42,9.49,,
105.179,9.26,9.42,9.49,,
105.193,9.27,9.42,9.49,,
105.208,9.24,9.42,9.49,,
105.223,9.24,9.42,9.49,,
105.237,9.24,9.42,9.49,,
105.252,9.27,9.42,9.49,,
105.266,9.28,9.42,9.49,,
105.28,9.26,9.42,9.49,,
105.294,9.3,9.42,9.49,,
105.309,9.21,9.42,9.49,,
105.324,9.22,9.42,9.49,,
105.339,9.29,9.42,9.49,,
105.354,9.31,9.42,9.49,,
105.368,9.21,9.42,9.49,,
105.382,9.19,9.42,9.49,,
105.396,9.24,9.42,9.49,,
105.41,9.25,9.42,9.49,,
105.424,9.32,9.41,9.49,,
105.439,9.32,9.41,9.49,,
105.453,9.3,9.41,9.49,,
105.467,9.23,9.42,9.49,,
105.482,9.22,9.42,9.49,,
105.496,9.21,9.41,9.49,,
105.511,9.19,9.41,9.49,,
105.526,9.24,9.41,9.49,,
105.541,9.3,9.41,9.49,,
105.556,9.17,9.41,9.49,,
105.57,9.18,9.41,9.49,,
105.585,9.26,9.41,9.49,,
105.6,9.25,9.41,9.49,,
105.614,9.24,9.41,9.49,,
105.629,9.22,9.41,9.49,,
105.643,9.28,9.41,9.49,,
105.658,9.3,9.41,9.49,,
105.673,9.25,9.41,9.49,,
105.688,9.24,9.42,9.49,,
105.702,9.28,9.42,9.49,,
105.716,9.3,9.42,9.49,,
105.731,9.23,9.42,9.49,,
105.746,9.21,9.42,9.49,,
105.76,9.29,9.41,9.49,,
105.775,9.29,9.41,9.49,,
105.79,9.31,9.42,9.49,,
105.805,9.24,9.42,9.49,,
105.82,9.18,9.42,9.49,,
105.835,9.19,9.41,9.49,,
105.849,9.22,9.41,9.49,,
105.864,9.25,9.42,9.49,,
105.878,9.25,9.42,9.49,,
105.893,9.24,9.41,9.49,,
105.908,9.26,9.41,9.49,,
105.922,9.27,9.41,9.49,,
105.939,9.26,9.42,9.49,,
105.954,9.26,9.42,9.49,,
105.968,9.26,9.42,9.49,,
105.982,9.22,9.42,9.49,,
105.997,9.2,9.42,9.49,,
106.011,9.21,9.42,9.49,,
106.025,9.22,9.42,9.49,,
106.039,9.22,9.41,9.49,,
106.054,9.23,9.41,9.49,,
106.068,9.22,9.41,9.49,,
106.083,9.26,9.41,9.49,,
106.097,9.21,9.41,9.49,,
106.111,9.23,9.41,9.49,,
106.125,9.26,9.41,9.49,,
106.139,9.23,9.41,9.49,,
106.153,9.28,9.41,9.49,,
106.168,9.27,9.41,9.49,,
106.182,9.23,9.41,9.49,,
106.196,9.24,9.41,9.49,,
106.21,9.26,9.41,9.49,,
106.225,9.28,9.41,9.49,,
106.239,9.25,9.41,9.49,,
106.254,9.24,9.41,9.49,,
106.269,9.27,9.41,9.49,,
106.283,9.23,9.41,9.49,,
106.297,9.25,9.41,9.49,,
106.312,9.29,9.41,9.49,,
106.326,9.29,9.41,9.49,,
106.34,9.28,9.41,9.49,,
106.355,9.32,9.41,9.49,,
106.37,9.28,9.41,9.49,,
106.384,9.19,9.41,9.49,,
106.398,9.2,9.41,9.49,,
106.412,9.21,9.41,9.49,,
106.427,9.23,9.4,9.49,,
106.441,9.23,9.4,9.49,,
106.456,9.25,9.4,9.49,,
106.471,9.25,9.4,9.49,,
106.485,9.25,9.4,9.49,,
106.499,9.26,9.4,9.49,,
106.517,9.23,9.41,9.49,,
106.532,9.23,9.41,9.49,,
106.547,9.25,9.4,9.49,,
106.562,9.24,9.4,9.49,,
106.576,9.26,9.4,9.49,,
106.591,9.26,9.4,9.49,,
106.606,9.26,9.41,9.49,,
106.62,9.25,9.41,9.49,,
106.635,9.2,9.41,9.49,,
106.65,9.23,9.41,9.49,,
106.664,9.26,9.41,9.49,,
106.679,9.24,9.41,9.49,,
106.693,9.19,9.41,9.49,,
106.708,9.23,9.41,9.49,,
106.723,9.27,9.4,9.49,,
106.737,9.29,9.4,9.49,,
106.752,9.24,9.4,9.49,,
106.766,9.22,9.4,9.49,,
106.781,9.2,9.4,9.49,,
106.796,9.2,9.4,9.49,,
106.81,9.23,9.4,9.49,,
106.825,9.27,9.4,9.49,,
106.84,9.28,9.4,9.49,,
106.854,9.22,9.4,9.49,,
106.869,9.22,9.4,9.49,,
106.883,9.23,9.4,9.49,,
106.898,9.18,9.4,9.49,,
106.913,9.2,9.4,9.49,,
106.927,9.23,9.4,9.49,,
106.942,9.25,9.4,9.49,,
106.957,9.25,9.4,9.49,,
106.973,9.2,9.4,9.49,,
106.988,9.22,9.4,9.49,,
107.002,9.25,9.4,9.49,,
107.017,9.26,9.4,9.49,,
107.031,9.26,9.4,9.49,,
107.046,9.23,9.4,9.49,,
107.06,9.2,9.4,9.49,,
107.075,9.22,9.4,9.49,,
107.09,9.23,9.4,9.49,,
107.104,9.23,9.4,9.49,,
107.119,9.24,9.4,9.49,,
107.133,9.25,9.4,9.49,,
107.147,9.26,9.4,9.49,,
107.161,9.28,9.4,9.49,,
107.176,9.24,9.39,9.49,,
107.19,9.24,9.39,9.49,,
107.205,9.27,9.39,9.49,,
107.219,9.3,9.39,9.49,,
107.233,9.32,9.4,9.49,,
107.247,9.29,9.4,9.49,,
107.262,9.26,9.4,9.49,,
107.276,9.23,9.4,9.49,,
107.29,9.25,9.4,9.49,,
107.304,9.28,9.4,9.49,,
107.318,9.23,9.4,9.49,,
107.333,9.25,9.4,9.49,,
107.347,9.28,9.4,9.49,,
107.362,9.28,9.4,9.49,,
107.376,9.27,9.4,9.49,,
107.39,9.29,9.4,9.49,,
107.406,9.29,9.4,9.49,,
107.42,9.27,9.4,9.49,,
107.434,9.28,9.4,9.49,,
107.448,9.27,9.4,9.49,,
107.463,9.22,9.4,9.49,,
107.477,9.21,9.4,9.49,,
107.491,9.22,9.4,9.49,,
107.506,9.24,9.4,9.49,,
107.52,9.27,9.4,9.49,,
107.535,9.28,9.4,9.49,,
107.549,9.24,9.4,9.49,,
107.564,9.22,9.4,9.49,,
107.578,9.23,9.4,9.49,,
107.593,9.18,9.4,9.49,,
107.608,9.22,9.4,9.49,,
107.622,9.26,9.4,9.49,,
107.637,9.26,9.4,9.49,,
107.651,9.25,9.4,9.49,,
107.666,9.25,9.4,9.49,,
107.681,9.28,9.4,9.49,,
107.695,9.26,9.4,9.49,,
107.71,9.17,9.4,9.49,,
107.724,9.21,9.4,9.49,,
107.74,9.28,9.4,9.49,,
107.755,9.24,9.4,9.49,,
107.77,9.24,9.4,9.49,,
107.784,9.26,9.4,9.49,,
107.798,9.28,9.4,9.49,,
107.813,9.25,9.4,9.49,,
107.827,9.19,9.4,9.49,,
107.843,9.2,9.4,9.49,,
107.858,9.22,9.39,9.49,,
107.872,9.22,9.39,9.49,,
107.886,9.24,9.39,9.49,,
107.901,9.28,9.39,9.49,,
107.916,9.25,9.4,9.49,,
107.93,9.21,9.4,9.49,,
107.945,9.23,9.39,9.49,,
107.959,9.22,9.39,9.49,,
107.974,9.22,9.4,9.49,,
107.989,9.21,9.4,9.49,,
108.003,9.25,9.39,9.49,,
108.017,9.24,9.4,9.49,,
108.032,9.23,9.4,9.49,,
108.046,9.19,9.4,9.49,,
108.061,9.22,9.4,9.49,,
108.076,9.27,9.4,9.49,,
108.09,9.24,9.4,9.49,,
108.105,9.22,9.4,9.49,,
108.119,9.23,9.4,9.49,,
108.133,9.24,9.4,9.49,,
108.147,9.26,9.4,9.49,,
108.162,9.25,9.4,9.49,,
108.176,9.28,9.4,9.49,,
108.191,9.28,9.4,9.49,,
108.205,9.26,9.4,9.49,,
108.219,9.23,9.4,9.49,,
108.233,9.19,9.4,9.49,,
108.248,9.2,9.4,9.49,,
108.262,9.2,9.4,9.49,,
108.276,9.24,9.4,9.49,,
108.29,9.26,9.39,9.49,,
108.305,9.28,9.39,9.49,,
108.319,9.22,9.39,9.49,,
108.333,9.2,9.39,9.49,,
108.347,9.21,9.39,9.49,,
108.361,9.21,9.39,9.49,,
108.375,9.21,9.39,9.49,,
108.39,9.24,9.39,9.49,,
108.404,9.26,9.39,9.49,,
108.418,9.22,9.39,9.49,,
108.432,9.15,9.39,9.49,,
108.447,9.17,9.39,9.49,,
108.461,9.2,9.39,9.49,,
108.475,9.21,9.39,9.49,,
108.489,9.21,9.39,9.49,,
108.504,9.19,9.39,9.49,,
108.518,9.22,9.39,9.49,,
108.533,9.27,9.39,9.49,,
108.548,9.28,9.39,9.49,,
108.563,9.28,9.39,9.49,,
108.578,9.28,9.39,9.49,,
108.593,9.28,9.39,9.49,,
108.607,9.32,9.39,9.49,,
108.622,9.22,9.39,9.49,,
108.637,9.24,9.39,9.49,,
108.652,9.25,9.39,9.49,,
108.667,9.25,9.39,9.49,,
108.681,9.28,9.39,9.49,,
108.696,9.3,9.39,9.49,,
108.71,9.26,9.39,9.49,,
108.725,9.28,9.39,9.49,,
108.74,9.28,9.39,9.49,,
108.754,9.28,9.39,9.49,,
108.769,9.21,9.4,9.49,,
108.784,9.2,9.4,9.49,,
108.798,9.24,9.39,9.49,,
108.813,9.29,9.4,9.49,,
108.827,9.25,9.4,9.49,,
108.842,9.22,9.4,9.49,,
108.856,9.24,9.39,9.49,,
108.871,9.29,9.39,9.49,,
108.885,9.3,9.39,9.49,,
108.899,9.26,9.39,9.49,,
108.914,9.26,9.39,9.49,,
108.928,9.32,9.4,9.49,,
108.943,9.32,9.4,9.49,,
108.958,9.3,9.4,9.49,,
108.972,9.29,9.4,9.49,,
108.987,9.21,9.4,9.49,,
109.002,9.18,9.4,9.49,,
109.016,9.2,9.4,9.49,,
109.031,9.23,9.4,9.49,,
109.045,9.27,9.4,9.49,,
109.06,9.24,9.4,9.49,,
109.074,9.23,9.4,9.49,,
109.089,9.21,9.4,9.49,,
109.103,9.19,9.4,9.49,,
109.118,9.25,9.4,9.49,,
109.132,9.29,9.4,9.49,,
109.146,9.19,9.4,9.49,,
109.16,9.22,9.4,9.49,,
109.174,9.27,9.4,9.49,,
109.188,9.29,9.4,9.49,,
109.203,9.25,9.4,9.49,,
109.217,9.25,9.4,9.49,,
109.231,9.26,9.4,9.49,,
109.247,9.26,9.4,9.49,,
109.262,9.32,9.4,9.49,,
109.276,9.3,9.4,9.49,,
109.291,9.28,9.4,9.49,,
109.305,9.2,9.4,9.49,,
109.319,9.23,9.4,9.49,,
109.334,9.28,9.4,9.49,,
109.348,9.28,9.4,9.49,,
109.362,9.26,9.4,9.49,,
109.377,9.28,9.4,9.49,,
109.391,9.24,9.4,9.49,,
109.405,9.21,9.4,9.49,,
109.42,9.23,9.4,9.49,,
109.434,9.23,9.4,9.49,,
109.448,9.23,9.4,9.49,,
109.463,9.29,9.4,9.49,,
109.477,9.3,9.4,9.49,,
109.491,9.27,9.4,9.49,,
109.505,9.26,9.4,9.49,,
109.519,9.22,9.4,9.49,,
109.534,9.21,9.4,9.49,,
109.549,9.2,9.4,9.49,,
109.563,9.22,9.4,9.49,,
109.578,9.24,9.4,9.49,,
109.593,9.26,9.4,9.49,,
109.607,9.3,9.4,9.49,,
109.622,9.27,9.4,9.49,,
109.637,9.22,9.4,9.49,,
109.651,9.23,9.4,9.49,,
109.667,9.25,9.4,9.49,,
109.682,9.26,9.4,9.49,,
109.697,9.28,9.4,9.49,,
109.711,9.28,9.41,9.49,,
109.726,9.21,9.41,9.49,,
109.74,9.23,9.41,9.49,,
109.755,9.23,9.41,9.49,,
109.769,9.26,9.41,9.49,,
109.784,9.26,9.41,9.49,,
109.799,9.26,9.41,9.49,,
109.814,9.25,9.41,9.49,,
109.828,9.23,9.41,9.49,,
109.843,9.22,9.41,9.49,,
109.857,9.23,9.41,9.49,,
109.872,9.22,9.41,9.49,,
109.887,9.21,9.41,9.49,,
109.901,9.24,9.41,9.49,,
109.915,9.2,9.41,9.49,,
109.93,9.19,9.41,9.49,,
109.944,9.2,9.41,9.49,,
109.959,9.26,9.41,9.49,,
109.974,9.22,9.41,9.49,,
109.988,9.22,9.41,9.49,,
110.003,9.17,9.41,9.49,,
110.018,9.2,9.41,9.49,,
110.033,9.27,9.41,9.49,,
110.047,9.25,9.41,9.49,,
110.061,9.23,9.41,9.49,,
110.076,9.28,9.41,9.49,,
110.091,9.28,9.41,9.49,,
110.105,9.29,9.41,9.49,,
110.12,9.27,9.41,9.49,,
110.134,9.21,9.41,9.49,,
110.148,9.24,9.41,9.49,,
110.162,9.24,9.41,9.49,,
110.176,9.25,9.41,9.49,,
110.19,9.25,9.41,9.49,,
110.205,9.24,9.41,9.49,,
110.219,9.2,9.41,9.49,,
110.233,9.24,9.41,9.49,,
110.248,9.27,9.41,9.49,,
110.262,9.24,9.41,9.49,,
110.276,9.2,9.4,9.49,,
110.291,9.19,9.4,9.49,,
110.305,9.23,9.4,9.49,,
110.319,9.26,9.4,9.49,,
110.333,9.24,9.4,9.49,,
110.347,9.2,9.4,9.49,,
110.362,9.24,9.4,9.49,,
110.377,9.24,9.4,9.49,,
110.391,9.28,9.4,9.49,,
110.405,9.28,9.4,9.49,,
110.419,9.18,9.4,9.49,,
110.434,9.14,9.4,9.49,,
110.448,9.24,9.4,9.49,,
110.462,9.24,9.4,9.49,,
110.477,9.2,9.4,9.49,,
110.491,9.23,9.4,9.49,,
110.506,9.25,9.4,9.49,,
110.52,9.25,9.4,9.49,,
110.534,9.22,9.4,9.49,,
110.549,9.24,9.4,9.49,,
110.563,9.3,9.39,9.49,,
110.578,9.25,9.39,9.49,,
110.593,9.25,9.4,9.49,,
110.608,9.25,9.4,9.49,,
110.623,9.2,9.4,9.49,,
110.637,9.19,9.39,9.49,,
110.652,9.24,9.39,9.49,,
110.667,9.3,9.39,9.49,,
110.681,9.29,9.4,9.49,,
110.696,9.26,9.4,9.49,,
110.711,9.25,9.4,9.49,,
110.725,9.25,9.4,9.49,,
110.74,9.2,9.4,9.49,,
110.754,9.16,9.39,9.49,,
110.768,9.24,9.39,9.49,,
110.783,9.26,9.4,9.49,,
110.797,9.24,9.4,9.49,,
110.812,9.23,9.4,9.49,,
110.827,9.2,9.4,9.49,,
110.841,9.19,9.4,9.49,,
110.856,9.2,9.4,9.49,,
110.87,9.19,9.4,9.49,,
110.884,9.16,9.4,9.49,,
110.899,9.2,9.4,9.49,,
110.914,9.26,9.4,9.49,,
110.928,9.27,9.4,9.49,,
110.942,9.28,9.4,9.49,,
110.957,9.24,9.4,9.49,,
110.972,9.23,9.4,9.49,,
110.987,9.26,9.4,9.49,,
111.001,9.25,9.4,9.49,,
111.016,9.23,9.4,9.49,,
111.031,9.24,9.4,9.49,,
111.045,9.26,9.4,9.49,,
111.06,9.25,9.4,9.49,,
111.075,9.25,9.4,9.49,,
111.089,9.28,9.4,9.49,,
111.106,9.21,9.4,9.49,,
111.121,9.28,9.4,9.49,,
111.135,9.24,9.4,9.49,,
111.149,9.2,9.4,9.49,,
111.163,9.21,9.4,9.49,,
111.178,9.25,9.4,9.49,,
111.192,9.24,9.4,9.49,,
111.207,9.21,9.4,9.49,,
111.221,9.22,9.4,9.49,,
111.235,9.23,9.4,9.49,,
111.249,9.24,9.4,9.49,,
111.263,9.25,9.4,9.49,,
111.278,9.23,9.4,9.49,,
111.292,9.26,9.4,9.49,,
111.306,9.23,9.4,9.49,,
111.321,9.2,9.4,9.49,,
111.335,9.19,9.4,9.49,,
111.349,9.26,9.4,9.49,,
111.364,9.27,9.4,9.49,,
111.378,9.26,9.4,9.49,,
111.393,9.27,9.4,9.49,,
111.408,9.18,9.4,9.49,,
111.423,9.2,9.4,9.49,,
111.437,9.24,9.4,9.49,,
111.451,9.25,9.4,9.49,,
111.465,9.24,9.4,9.49,,
111.48,9.22,9.4,9.49,,
111.494,9.21,9.4,9.49,,
111.509,9.24,9.4,9.49,,
111.523,9.29,9.4,9.49,,
111.538,9.25,9.4,9.49,,
111.553,9.24,9.4,9.49,,
111.567,9.22,9.4,9.49,,
111.582,9.23,9.4,9.49,,
111.596,9.18,9.4,9.49,,
111.611,9.21,9.39,9.49,,
111.626,9.28,9.39,9.49,,
111.64,9.23,9.39,9.49,,
111.655,9.24,9.39,9.49,,
111.67,9.29,9.39,9.49,,
111.684,9.21,9.39,9.49,,
111.699,9.19,9.39,9.49,,
111.714,9.18,9.39,9.49,,
111.729,9.18,9.39,9.49,,
111.743,9.24,9.39,9.49,,
111.758,9.25,9.39,9.49,,
111.772,9.3,9.39,9.49,,
111.787,9.25,9.39,9.49,,
111.801,9.21,9.39,9.49,,
111.816,9.2,9.39,9.49,,
111.831,9.18,9.39,9.49,,
111.845,9.21,9.4,9.49,,
111.86,9.22,9.39,9.49,,
111.876,9.23,9.39,9.49,,
111.89,9.24,9.39,9.49,,
111.905,9.21,9.39,9.49,,
111.919,9.21,9.39,9.49,,
111.934,9.24,9.39,9.49,,
111.948,9.29,9.39,9.49,,
111.963,9.3,9.39,9.49,,
111.977,9.23,9.4,9.49,,
111.992,9.18,9.4,9.49,,
112.006,9.24,9.4,9.49,,
112.021,9.22,9.39,9.49,,
112.035,9.22,9.39,9.49,,
112.05,9.22,9.39,9.49,,
112.064,9.21,9.39,9.49,,
112.079,9.21,9.39,9.49,,
112.093,9.18,9.39,9.49,,
112.108,9.19,9.39,9.49,,
112.122,9.24,9.39,9.49,,
112.136,9.24,9.39,9.49,,
112.15,9.29,9.39,9.49,,
112.164,9.27,9.39,9.49,,
112.178,9.21,9.4,9.49,,
112.192,9.18,9.4,9.49,,
112.207,9.22,9.4,9.49,,
112.221,9.19,9.39,9.49,,
112.236,9.21,9.39,9.49,,
112.25,9.23,9.39,9.49,,
112.265,9.24,9.39,9.49,,
112.279,9.31,9.39,9.49,,
112.293,9.28,9.4,9.49,,
112.307,9.23,9.4,9.49,,
112.322,9.24,9.39,9.49,,
112.336,9.27,9.39,9.49,,
112.352,9.25,9.4,9.49,,
112.367,9.27,9.39,9.49,,
112.381,9.29,9.39,9.49,,
112.395,9.3,9.39,9.49,,
112.409,9.23,9.39,9.49,,
112.424,9.19,9.39,9.49,,
112.438,9.2,9.39,9.49,,
112.453,9.21,9.39,9.49,,
112.47,9.28,9.39,9.49,,
112.484,9.3,9.39,9.49,,
112.498,9.26,9.4,9.49,,
112.512,9.2,9.4,9.49,,
112.527,9.18,9.4,9.49,,
112.541,9.23,9.4,9.49,,
112.556,9.24,9.4,9.49,,
112.571,9.26,9.4,9.49,,
112.585,9.2,9.4,9.49,,
112.6,9.17,9.4,9.49,,
112.615,9.17,9.39,9.49,,
112.629,9.21,9.39,9.49,,
112.644,9.24,9.39,9.49,,
112.659,9.28,9.39,9.49,,
112.673,9.29,9.39,9.49,,
112.688,9.26,9.39,9.49,,
112.702,9.19,9.39,9.49,,
112.717,9.16,9.39,9.49,,
112.732,9.17,9.39,9.49,,
112.746,9.21,9.39,9.49,,
112.761,9.21,9.39,9.49,,
112.775,9.24,9.39,9.49,,
112.79,9.25,9.39,9.49,,
112.805,9.26,9.39,9.49,,
112.819,9.26,9.39,9.49,,
112.833,9.25,9.39,9.49,,
112.848,9.23,9.39,9.49,,
112.863,9.24,9.39,9.49,,
112.877,9.24,9.39,9.49,,
112.892,9.24,9.39,9.49,,
112.907,9.25,9.39,9.49,,
112.921,9.26,9.39,9.49,,
112.936,9.27,9.39,9.49,,
112.95,9.25,9.39,9.49,,
112.965,9.22,9.39,9.49,,
112.98,9.28,9.39,9.49,,
112.994,9.28,9.39,9.49,,
113.009,9.23,9.39,9.49,,
113.024,9.18,9.39,9.49,,
113.038,9.22,9.39,9.49,,
113.052,9.22,9.39,9.49,,
113.067,9.21,9.39,9.49,,
113.081,9.2,9.39,9.49,,
113.096,9.19,9.39,9.49,,
113.111,9.23,9.39,9.49,,
113.126,9.24,9.39,9.49,,
113.14,9.29,9.39,9.49,,
113.156,9.26,9.39,9.49,,
113.17,9.25,9.39,9.49,,
113.184,9.25,9.39,9.49,,
113.198,9.26,9.39,9.49,,
113.212,9.28,9.39,9.49,,
113.227,9.25,9.39,9.49,,
113.241,9.25,9.39,9.49,,
113.256,9.24,9.39,9.49,,
113.27,9.31,9.39,9.49,,
113.285,9.28,9.39,9.49,,
113.3,9.23,9.39,9.49,,
113.314,9.21,9.39,9.49,,
113.328,9.19,9.39,9.49,,
113.343,9.23,9.39,9.49,,
113.357,9.27,9.39,9.49,,
113.372,9.25,9.39,9.49,,
113.386,9.2,9.39,9.49,,
113.4,9.21,9.39,9.49,,
113.414,9.22,9.39,9.49,,
113.428,9.22,9.39,9.49,,
113.443,9.21,9.39,9.49,,
113.457,9.23,9.39,9.49,,
113.471,9.22,9.39,9.49,,
113.485,9.21,9.39,9.49,,
113.499,9.19,9.39,9.49,,
113.514,9.23,9.39,9.49,,
113.528,9.27,9.39,9.49,,
113.542,9.27,9.39,9.49,,
113.556,9.22,9.39,9.49,,
113.571,9.21,9.39,9.49,,
113.585,9.22,9.39,9.49,,
113.6,9.26,9.39,9.49,,
113.614,9.28,9.39,9.49,,
113.629,9.23,9.39,9.49,,
113.644,9.22,9.39,9.49,,
113.658,9.25,9.39,9.49,,
113.673,9.24,9.39,9.49,,
113.688,9.2,9.39,9.49,,
113.703,9.28,9.39,9.49,,
113.717,9.26,9.39,9.49,,
113.732,9.22,9.39,9.49,,
113.747,9.25,9.39,9.49,,
113.761,9.26,9.39,9.49,,
113.776,9.26,9.39,9.49,,
113.791,9.25,9.39,9.49,,
113.805,9.24,9.4,9.49,,
113.82,9.2,9.4,9.49,,
113.834,9.2,9.4,9.49,,
113.85,9.25,9.4,9.49,,
113.865,9.27,9.39,9.49,,
113.879,9.27,9.39,9.49,,
113.894,9.27,9.39,9.49,,
113.908,9.25,9.4,9.49,,
113.923,9.25,9.39,9.49,,
113.938,9.27,9.4,9.49,,
113.952,9.23,9.4,9.49,,
113.967,9.19,9.4,9.49,,
113.981,9.23,9.4,9.49,,
113.996,9.29,9.4,9.49,,
114.011,9.27,9.4,9.49,,
114.026,9.23,9.4,9.49,,
114.041,9.28,9.4,9.49,,
114.056,9.26,9.4,9.49,,
114.07,9.23,9.4,9.49,,
114.084,9.22,9.4,9.49,,
114.099,9.21,9.4,9.49,,
114.114,9.21,9.4,9.49,,
114.128,9.21,9.4,9.49,,
114.143,9.21,9.4,9.49,,
114.158,9.27,9.4,9.49,,
114.172,9.24,9.4,9.49,,
114.186,9.31,9.4,9.49,,
114.2,9.16,9.4,9.49,,
114.215,9.25,9.4,9.49,,
114.229,9.19,9.4,9.49,,
114.243,9.17,9.4,9.49,,
114.258,9.25,9.4,9.49,,
114.272,9.32,9.4,9.49,,
114.286,9.26,9.4,9.49,,
114.301,9.09,9.4,9.49,,
114.315,9.19,9.4,9.49,,
114.329,9.27,9.4,9.49,,
114.343,9.3,9.4,9.49,,
114.358,9.27,9.4,9.49,,
114.372,9.33,9.4,9.49,,
114.386,9.28,9.4,9.49,,
114.401,9.16,9.4,9.49,,
114.415,9.27,9.4,9.49,,
114.429,9.27,9.4,9.49,,
114.443,9.24,9.4,9.49,,
114.458,9.32,9.4,9.49,,
114.472,9.37,9.4,9.49,,
114.486,9.14,9.4,9.49,,
114.501,9.13,9.4,9.49,,
114.515,9.33,9.4,9.49,,
114.529,9.3,9.4,9.49,,
114.544,9.28,9.4,9.49,,
114.558,9.3,9.4,9.49,,
114.573,9.16,9.4,9.49,,
114.587,9.14,9.4,9.49,,
114.601,9.21,9.4,9.49,,
114.616,9.2,9.4,9.49,,
114.631,9.3,9.4,9.49,,
114.645,9.32,9.4,9.49,,
114.66,9.23,9.4,9.49,,
114.674,9.02,9.4,9.49,,
114.689,9.13,9.4,9.49,,
114.703,9.24,9.4,9.49,,
114.718,9.23,9.4,9.49,,
114.733,9.28,9.4,9.49,,
114.748,9.27,9.4,9.49,,
114.762,9.23,9.4,9.49,,
114.777,9.23,9.4,9.49,,
114.792,9.27,9.4,9.49,,
114.806,9.33,9.4,9.49,,
114.821,9.22,9.4,9.49,,
114.835,9.14,9.4,9.49,,
114.849,9.15,9.4,9.49,,
114.864,9.23,9.4,9.49,,
114.878,9.26,9.4,9.49,,
114.893,9.28,9.4,9.49,,
114.908,9.3,9.4,9.49,,
114.922,9.23,9.4,9.49,,
114.936,9.15,9.4,9.49,,
114.951,9.19,9.4,9.49,,
114.965,9.22,9.4,9.49,,
114.98,9.25,9.4,9.49,,
114.994,9.31,9.4,9.49,,
115.009,9.22,9.4,9.49,,
115.024,9.16,9.4,9.49,,
115.039,9.21,9.39,9.49,,
115.053,9.26,9.39,9.49,,
115.068,9.33,9.4,9.49,,
115.084,9.3,9.4,9.49,,
115.099,9.19,9.4,9.49,,
115.113,9.2,9.4,9.49,,
115.128,9.21,9.4,9.49,,
115.142,9.22,9.4,9.49,,
115.156,9.27,9.4,9.49,,
115.171,9.26,9.4,9.49,,
115.185,9.2,9.4,9.49,,
115.2,9.2,9.4,9.49,,
115.214,9.14,9.4,9.49,,
115.229,9.16,9.4,9.49,,
115.243,9.23,9.4,9.49,,
115.257,9.35,9.39,9.49,,
115.271,9.26,9.4,9.49,,
115.286,9.17,9.4,9.49,,
115.3,9.2,9.4,9.49,,
115.314,9.27,9.39,9.49,,
115.328,9.27,9.4,9.49,,
115.343,9.21,9.4,9.49,,
115.357,9.18,9.4,9.49,,
115.371,9.15,9.4,9.49,,
115.385,9.17,9.39,9.49,,
115.4,9.17,9.39,9.49,,
115.414,9.25,9.39,9.49,,
115.428,9.3,9.39,9.49,,
115.442,9.26,9.39,9.49,,
115.456,9.19,9.4,9.49,,
115.472,9.2,9.4,9.49,,
115.486,9.27,9.4,9.49,,
115.501,9.28,9.4,9.49,,
115.515,9.31,9.4,9.49,,
115.53,9.3,9.4,9.49,,
115.544,9.18,9.4,9.49,,
115.558,9.12,9.4,9.49,,
115.572,9.19,9.4,9.49,,
115.587,9.26,9.4,9.49,,
115.602,9.32,9.4,9.49,,
115.616,9.27,9.4,9.49,,
115.631,9.17,9.4,9.49,,
115.646,9.16,9.4,9.49,,
115.66,9.26,9.4,9.49,,
115.675,9.25,9.4,9.49,,
115.689,9.27,9.4,9.49,,
115.704,9.27,9.4,9.49,,
115.718,9.23,9.4,9.49,,
115.733,9.17,9.4,9.49,,
115.748,9.16,9.4,9.49,,
115.762,9.24,9.4,9.49,,
115.777,9.23,9.4,9.49,,
115.792,9.22,9.4,9.49,,
115.806,9.18,9.4,9.49,,
115.821,9.19,9.4,9.49,,
115.835,9.2,9.4,9.49,,
115.85,9.28,9.4,9.49,,
115.865,9.3,9.4,9.49,,
115.88,9.31,9.4,9.49,,
115.894,9.22,9.4,9.49,,
115.909,9.21,9.4,9.49,,
115.923,9.29,9.4,9.49,,
115.938,9.29,9.4,9.49,,
115.953,9.25,9.4,9.49,,
115.967,9.28,9.4,9.49,,
115.982,9.29,9.4,9.49,,
115.997,9.22,9.4,9.49,,
116.011,9.21,9.4,9.49,,
116.026,9.22,9.4,9.49,,
116.041,9.27,9.4,9.49,,
116.055,9.27,9.4,9.49,,
116.07,9.24,9.4,9.49,,
116.084,9.21,9.4,9.49,,
116.099,9.24,9.4,9.49,,
116.114,9.31,9.4,9.49,,
116.129,9.31,9.4,9.49,,
116.144,9.28,9.4,9.49,,
116.158,9.25,9.4,9.49,,
116.172,9.23,9.4,9.49,,
116.186,9.26,9.4,9.49,,
116.201,9.27,9.4,9.49,,
116.215,9.28,9.4,9.49,,
116.23,9.29,9.4,9.49,,
116.244,9.21,9.4,9.49,,
116.259,9.18,9.4,9.49,,
116.273,9.27,9.4,9.49,,
116.287,9.29,9.4,9.49,,
116.301,9.28,9.4,9.49,,
116.315,9.22,9.4,9.49,,
116.33,9.23,9.4,9.49,,
116.344,9.23,9.4,9.49,,
116.358,9.24,9.4,9.49,,
116.372,9.27,9.4,9.49,,
116.387,9.29,9.4,9.49,,
116.401,9.24,9.4,9.49,,
116.415,9.21,9.4,9.49,,
116.429,9.17,9.4,9.49,,
116.444,9.2,9.4,9.49,,
116.459,9.25,9.4,9.49,,
116.473,9.31,9.4,9.49,,
116.487,9.3,9.4,9.49,,
116.501,9.2,9.41,9.49,,
116.516,9.21,9.4,9.49,,
116.53,9.2,9.4,9.49,,
116.544,9.2,9.4,9.49,,
116.559,9.25,9.4,9.49,,
116.574,9.31,9.4,9.49,,
116.588,9.26,9.4,9.49,,
116.602,9.15,9.4,9.49,,
116.617,9.21,9.4,9.49,,
116.632,9.26,9.4,9.49,,
116.646,9.23,9.4,9.49,,
116.661,9.26,9.4,9.49,,
116.676,9.22,9.4,9.49,,
116.691,9.21,9.4,9.49,,
116.706,9.22,9.4,9.49,,
116.721,9.21,9.4,9.49,,
116.735,9.23,9.4,9.49,,
116.75,9.31,9.4,9.49,,
116.764,9.28,9.4,9.49,,
116.778,9.13,9.4,9.49,,
116.793,9.18,9.4,9.49,,
116.808,9.25,9.4,9.49,,
116.824,9.24,9.4,9.49,,
116.839,9.19,9.4,9.49,,
116.853,9.21,9.4,9.49,,
116.868,9.22,9.4,9.49,,
116.882,9.21,9.4,9.49,,
116.897,9.21,9.4,9.49,,
116.913,9.25,9.4,9.49,,
116.927,9.25,9.4,9.49,,
116.942,9.21,9.4,9.49,,
116.957,9.28,9.4,9.49,,
116.972,9.28,9.4,9.49,,
116.986,9.23,9.4,9.49,,
117.001,9.24,9.4,9.49,,
117.015,9.32,9.4,9.49,,
117.03,9.27,9.4,9.49,,
117.044,9.17,9.41,9.49,,
117.059,9.2,9.41,9.49,,
117.073,9.28,9.4,9.49,,
117.088,9.29,9.41,9.49,,
117.102,9.29,9.41,9.49,,
117.117,9.23,9.41,9.49,,
117.132,9.24,9.41,9.49,,
117.147,9.25,9.41,9.49,,
117.162,9.27,9.41,9.49,,
117.175,9.27,9.41,9.49,,
117.19,9.26,9.41,9.49,,
117.204,9.22,9.41,9.49,,
117.218,9.24,9.41,9.49,,
117.232,9.17,9.41,9.49,,
117.247,9.3,9.41,9.49,,
117.261,9.19,9.41,9.49,,
117.275,9.24,9.41,9.49,,
117.289,9.26,9.41,9.49,,
117.304,9.13,9.41,9.49,,
117.318,9.16,9.41,9.49,,
117.333,9.36,9.41,9.49,,
117.347,9.33,9.41,9.49,,
117.361,9.09,9.41,9.49,,
117.376,9.2,9.41,9.49,,
117.39,9.21,9.41,9.49,,
117.404,9.16,9.41,9.49,,
117.419,9.24,9.41,9.49,,
117.433,9.29,9.41,9.49,,
117.447,9.22,9.41,9.49,,
117.461,9.23,9.41,9.49,,
117.475,9.32,9.41,9.49,,
117.49,9.15,9.41,9.49,,
117.504,9.07,9.41,9.49,,
117.518,9.34,9.41,9.49,,
117.533,9.41,9.41,9.49,,
117.547,9.3,9.41,9.49,,
117.561,9.18,9.41,9.49,,
117.575,9.21,9.41,9.49,,
117.589,9.12,9.41,9.49,,
117.604,9.15,9.41,9.49,,
117.618,9.23,9.41,9.49,,
117.633,9.22,9.41,9.49,,
117.648,9.26,9.41,9.49,,
117.662,9.24,9.41,9.49,,
117.677,9.14,9.41,9.49,,
117.692,9.21,9.41,9.49,,
117.706,9.26,9.41,9.49,,
117.721,9.19,9.41,9.49,,
117.735,9.15,9.41,9.49,,
117.75,9.24,9.4,9.49,,
117.765,9.24,9.4,9.49,,
117.779,9.26,9.4,9.49,,
117.794,9.23,9.4,9.49,,
117.809,9.21,9.4,9.49,,
117.823,9.25,9.4,9.49,,
117.838,9.28,9.4,9.49,,
117.852,9.24,9.4,9.49,,
117.867,9.17,9.41,9.49,,
117.881,9.18,9.41,9.49,,
117.896,9.22,9.41,9.49,,
117.911,9.24,9.41,9.49,,
117.926,9.29,9.41,9.49,,
117.941,9.26,9.41,9.49,,
117.955,9.23,9.41,9.49,,
117.97,9.24,9.41,9.49,,
117.985,9.21,9.41,9.49,,
117.999,9.21,9.41,9.49,,
118.014,9.23,9.41,9.49,,
118.029,9.26,9.41,9.49,,
118.044,9.27,9.41,9.49,,
118.058,9.29,9.41,9.49,,
118.073,9.26,9.41,9.49,,
118.087,9.22,9.41,9.49,,
118.102,9.23,9.41,9.49,,
118.117,9.23,9.41,9.49,,
118.132,9.21,9.41,9.49,,
118.146,9.23,9.4,9.49,,
118.161,9.27,9.41,9.49,,
118.176,9.25,9.41,9.49,,
118.19,9.24,9.41,9.49,,
118.204,9.28,9.41,9.49,,
118.218,9.27,9.41,9.49,,
118.233,9.23,9.4,9.49,,
118.248,9.26,9.4,9.49,,
118.262,9.22,9.41,9.49,,
118.276,9.18,9.41,9.49,,
118.291,9.2,9.4,9.49,,
118.305,9.21,9.4,9.49,,
118.319,9.23,9.4,9.49,,
118.334,9.21,9.4,9.49,,
118.348,9.2,9.4,9.49,,
118.363,9.16,9.4,9.49,,
118.377,9.2,9.4,9.49,,
118.392,9.3,9.4,9.49,,
118.407,9.29,9.4,9.49,,
118.421,9.21,9.4,9.49,,
118.435,9.2,9.4,9.49,,
118.449,9.17,9.4,9.49,,
118.464,9.16,9.4,9.49,,
118.478,9.21,9.4,9.49,,
118.492,9.22,9.4,9.49,,
118.507,9.2,9.4,9.49,,
118.521,9.21,9.4,9.49,,
118.535,9.19,9.4,9.49,,
118.549,9.23,9.4,9.49,,
118.563,9.22,9.4,9.49,,
118.578,9.26,9.4,9.49,,
118.593,9.25,9.4,9.49,,
118.607,9.19,9.39,9.49,,
118.622,9.19,9.39,9.49,,
118.637,9.17,9.39,9.49,,
118.653,9.21,9.39,9.49,,
118.667,9.3,9.39,9.49,,
118.682,9.28,9.39,9.49,,
118.697,9.23,9.39,9.49,,
118.712,9.23,9.4,9.49,,
118.727,9.24,9.4,9.49,,
118.742,9.2,9.4,9.49,,
118.757,9.23,9.39,9.49,,
118.773,9.24,9.39,9.49,,
118.788,9.22,9.4,9.49,,
118.803,9.22,9.4,9.49,,
118.817,9.25,9.4,9.49,,
118.832,9.2,9.4,9.49,,
118.846,9.24,9.4,9.49,,
118.861,9.29,9.4,9.49,,
118.876,9.2,9.4,9.49,,
118.89,9.2,9.4,9.49,,
118.905,9.23,9.4,9.49,,
118.919,9.2,9.4,9.49,,
118.934,9.2,9.4,9.49,,
118.948,9.24,9.4,9.49,,
118.963,9.26,9.4,9.49,,
118.977,9.25,9.4,9.49,,
118.991,9.25,9.4,9.49,,
119.007,9.25,9.4,9.49,,
119.021,9.23,9.4,9.49,,
119.036,9.24,9.4,9.49,,
119.052,9.23,9.4,9.49,,
119.066,9.22,9.4,9.49,,
119.081,9.26,9.4,9.49,,
119.096,9.29,9.4,9.49,,
119.111,9.24,9.4,9.49,,
119.125,9.2,9.4,9.49,,
119.14,9.18,9.4,9.49,,
119.154,9.17,9.4,9.49,,
119.168,9.2,9.4,9.49,,
119.183,9.2,9.39,9.49,,
119.198,9.22,9.39,9.49,,
119.212,9.24,9.39,9.49,,
119.226,9.21,9.39,9.49,,
119.24,9.23,9.39,9.49,,
119.255,9.24,9.39,9.49,,
119.269,9.22,9.39,9.49,,
119.283,9.22,9.39,9.49,,
119.297,9.23,9.39,9.49,,
119.313,9.26,9.39,9.49,,
119.329,9.27,9.39,9.49,,
119.344,9.25,9.39,9.49,,
119.358,9.17,9.39,9.49,,
119.372,9.16,9.39,9.49,,
119.387,9.2,9.39,9.49,,
119.401,9.19,9.39,9.49,,
119.416,9.22,9.39,9.49,,
119.43,9.28,9.39,9.49,,
119.445,9.25,9.39,9.49,,
119.459,9.25,9.39,9.49,,
119.473,9.25,9.39,9.49,,
119.487,9.23,9.39,9.49,,
119.501,9.22,9.39,9.49,,
119.517,9.24,9.39,9.49,,
119.533,9.22,9.39,9.49,,
119.547,9.25,9.39,9.49,,
119.562,9.23,9.39,9.49,,
119.576,9.23,9.4,9.49,,
119.591,9.24,9.4,9.49,,
119.605,9.27,9.4,9.49,,
119.62,9.26,9.4,9.49,,
119.635,9.25,9.4,9.49,,
119.65,9.24,9.4,9.49,,
119.664,9.23,9.4,9.49,,
119.679,9.25,9.4,9.49,,
119.694,9.25,9.4,9.49,,
119.708,9.21,9.4,9.49,,
119.723,9.23,9.4,9.49,,
119.737,9.27,9.4,9.49,,
119.752,9.28,9.4,9.49,,
119.767,9.2,9.4,9.49,,
119.782,9.17,9.4,9.49,,
119.796,9.28,9.4,9.49,,
119.811,9.28,9.4,9.49,,
119.826,9.19,9.4,9.49,,
119.84,9.19,9.4,9.49,,
119.855,9.2,9.4,9.49,,
119.869,9.18,9.4,9.49,,
119.884,9.23,9.4,9.49,,
119.899,9.24,9.4,9.49,,
119.913,9.19,9.4,9.49,,
119.927,9.22,9.4,9.49,,
119.942,9.23,9.4,9.49,,
119.957,9.25,9.4,9.49,,
119.971,9.22,9.4,9.49,,
119.986,9.15,9.4,9.49,,
