Time (s),Accel Roll (deg),Accel Pitch (deg),Gyro Roll (deg),Gyro Pitch (deg),Filtered Roll (deg),Filtered Pitch (deg)
0.002,-1.25,-1.53,-1.19,-1.61,-1.25,-1.54
0.015,-1.24,-1.58,-1.24,-1.54,-1.24,-1.57
0.029,-1.25,-1.61,-1.24,-1.57,-1.25,-1.61
0.044,-1.19,-1.61,-1.24,-1.61,-1.2,-1.61
0.059,-1.19,-1.63,-1.19,-1.61,-1.19,-1.63
0.074,-1.14,-1.63,-1.19,-1.63,-1.14,-1.63
0.09,-1.2,-1.59,-1.14,-1.63,-1.19,-1.59
0.106,-1.29,-1.64,-1.19,-1.59,-1.28,-1.64
0.121,-1.25,-1.66,-1.28,-1.64,-1.25,-1.66
0.137,-1.25,-1.6,-1.25,-1.66,-1.25,-1.6
0.151,-1.23,-1.58,-1.25,-1.6,-1.23,-1.58
0.167,-1.16,-1.59,-1.23,-1.58,-1.16,-1.59
0.181,-1.18,-1.6,-1.16,-1.59,-1.18,-1.6
0.197,-1.19,-1.65,-1.18,-1.6,-1.19,-1.65
0.212,-1.18,-1.61,-1.19,-1.65,-1.18,-1.61
0.228,-1.19,-1.56,-1.18,-1.61,-1.19,-1.57
0.242,-1.19,-1.65,-1.19,-1.57,-1.19,-1.64
0.259,-1.21,-1.67,-1.19,-1.64,-1.21,-1.66
0.274,-1.2,-1.58,-1.21,-1.66,-1.2,-1.58
0.289,-1.21,-1.56,-1.2,-1.59,-1.21,-1.56
0.305,-1.18,-1.58,-1.21,-1.56,-1.18,-1.58
0.321,-1.2,-1.6,-1.18,-1.58,-1.2,-1.6
0.336,-1.23,-1.62,-1.19,-1.6,-1.22,-1.61
0.352,-1.23,-1.64,-1.22,-1.62,-1.23,-1.64
0.367,-1.23,-1.62,-1.23,-1.64,-1.23,-1.62
0.382,-1.29,-1.62,-1.22,-1.62,-1.28,-1.62
0.397,-1.25,-1.62,-1.28,-1.62,-1.25,-1.62
0.412,-1.22,-1.61,-1.25,-1.62,-1.22,-1.61
0.427,-1.27,-1.61,-1.22,-1.61,-1.27,-1.61
0.442,-1.27,-1.63,-1.27,-1.61,-1.27,-1.63
0.457,-1.19,-1.63,-1.26,-1.63,-1.2,-1.63
0.473,-1.2,-1.58,-1.2,-1.63,-1.2,-1.59
0.488,-1.22,-1.62,-1.19,-1.59,-1.22,-1.62
0.502,-1.23,-1.62,-1.22,-1.62,-1.22,-1.62
0.517,-1.21,-1.63,-1.22,-1.62,-1.21,-1.63
0.532,-1.12,-1.61,-1.21,-1.63,-1.13,-1.61
0.547,-1.21,-1.63,-1.13,-1.62,-1.2,-1.63
0.562,-1.23,-1.62,-1.2,-1.63,-1.22,-1.62
0.577,-1.22,-1.57,-1.22,-1.63,-1.22,-1.57
0.591,-1.21,-1.59,-1.22,-1.57,-1.21,-1.59
0.606,-1.18,-1.61,-1.21,-1.59,-1.18,-1.6
0.62,-1.17,-1.59,-1.18,-1.6,-1.17,-1.59
0.635,-1.17,-1.59,-1.16,-1.59,-1.17,-1.59
0.649,-1.2,-1.6,-1.17,-1.59,-1.2,-1.6
0.664,-1.2,-1.62,-1.19,-1.6,-1.2,-1.62
0.679,-1.29,-1.64,-1.2,-1.62,-1.28,-1.63
0.695,-1.2,-1.61,-1.27,-1.63,-1.21,-1.61
0.71,-1.21,-1.63,-1.2,-1.61,-1.21,-1.63
0.724,-1.24,-1.66,-1.21,-1.63,-1.24,-1.66
0.74,-1.19,-1.64,-1.23,-1.66,-1.19,-1.64
0.756,-1.21,-1.63,-1.19,-1.65,-1.21,-1.63
0.771,-1.25,-1.65,-1.21,-1.63,-1.24,-1.65
0.786,-1.18,-1.6,-1.24,-1.65,-1.19,-1.6
0.801,-1.18,-1.58,-1.19,-1.6,-1.18,-1.58
0.817,-1.25,-1.58,-1.17,-1.59,-1.25,-1.58
0.832,-1.26,-1.57,-1.24,-1.58,-1.25,-1.57
0.846,-1.18,-1.6,-1.25,-1.57,-1.19,-1.59
0.862,-1.15,-1.63,-1.19,-1.59,-1.15,-1.63
0.876,-1.19,-1.57,-1.15,-1.63,-1.18,-1.58
0.892,-1.25,-1.54,-1.18,-1.58,-1.24,-1.55
0.906,-1.28,-1.62,-1.24,-1.55,-1.28,-1.61
0.922,-1.24,-1.64,-1.27,-1.61,-1.24,-1.64
0.936,-1.21,-1.65,-1.24,-1.64,-1.21,-1.65
0.95,-1.21,-1.61,-1.21,-1.65,-1.21,-1.61
0.965,-1.23,-1.6,-1.21,-1.61,-1.23,-1.6
0.979,-1.24,-1.62,-1.23,-1.61,-1.24,-1.62
0.994,-1.2,-1.6,-1.24,-1.62,-1.2,-1.61
1.008,-1.17,-1.62,-1.2,-1.61,-1.17,-1.62
1.023,-1.17,-1.61,-1.17,-1.62,-1.17,-1.61
1.037,-1.22,-1.58,-1.17,-1.61,-1.21,-1.58
1.052,-1.26,-1.58,-1.21,-1.58,-1.26,-1.58
1.066,-1.22,-1.6,-1.26,-1.58,-1.22,-1.59
1.081,-1.23,-1.6,-1.22,-1.59,-1.23,-1.6
1.096,-1.29,-1.58,-1.23,-1.6,-1.28,-1.59
1.11,-1.22,-1.63,-1.28,-1.59,-1.22,-1.63
1.125,-1.2,-1.64,-1.22,-1.63,-1.2,-1.64
1.14,-1.24,-1.59,-1.2,-1.64,-1.24,-1.59
1.155,-1.22,-1.55,-1.24,-1.59,-1.22,-1.55
1.169,-1.23,-1.56,-1.22,-1.55,-1.23,-1.56
1.184,-1.21,-1.65,-1.23,-1.56,-1.21,-1.64
1.199,-1.17,-1.64,-1.21,-1.64,-1.17,-1.64
1.214,-1.16,-1.57,-1.17,-1.64,-1.16,-1.58
1.229,-1.21,-1.61,-1.16,-1.58,-1.21,-1.61
1.244,-1.22,-1.63,-1.2,-1.61,-1.22,-1.63
1.259,-1.27,-1.6,-1.22,-1.63,-1.27,-1.6
1.273,-1.27,-1.6,-1.26,-1.6,-1.27,-1.6
1.288,-1.21,-1.59,-1.27,-1.6,-1.21,-1.59
1.303,-1.19,-1.59,-1.21,-1.59,-1.19,-1.59
1.318,-1.24,-1.61,-1.19,-1.59,-1.23,-1.61
1.333,-1.22,-1.58,-1.23,-1.61,-1.22,-1.59
1.347,-1.2,-1.56,-1.22,-1.59,-1.2,-1.57
1.362,-1.27,-1.62,-1.2,-1.57,-1.27,-1.62
1.377,-1.25,-1.65,-1.26,-1.62,-1.25,-1.65
1.392,-1.19,-1.61,-1.25,-1.65,-1.2,-1.62
1.406,-1.25,-1.59,-1.19,-1.62,-1.24,-1.59
1.421,-1.21,-1.62,-1.24,-1.59,-1.21,-1.62
1.436,-1.16,-1.64,-1.21,-1.62,-1.17,-1.64
1.451,-1.27,-1.61,-1.17,-1.64,-1.26,-1.61
1.466,-1.27,-1.63,-1.25,-1.61,-1.27,-1.62
1.481,-1.21,-1.63,-1.27,-1.63,-1.21,-1.63
1.495,-1.22,-1.61,-1.21,-1.63,-1.22,-1.61
1.51,-1.25,-1.62,-1.22,-1.62,-1.25,-1.62
1.524,-1.27,-1.63,-1.25,-1.62,-1.27,-1.62
1.539,-1.24,-1.63,-1.27,-1.63,-1.24,-1.63
1.553,-1.22,-1.64,-1.24,-1.63,-1.22,-1.64
1.567,-1.23,-1.6,-1.22,-1.64,-1.23,-1.6
1.582,-1.18,-1.56,-1.23,-1.6,-1.18,-1.57
1.596,-1.18,-1.54,-1.18,-1.57,-1.18,-1.54
1.611,-1.23,-1.56,-1.18,-1.54,-1.23,-1.55
1.625,-1.29,-1.63,-1.22,-1.55,-1.28,-1.62
1.64,-1.25,-1.63,-1.28,-1.62,-1.25,-1.63
1.654,-1.19,-1.64,-1.25,-1.63,-1.2,-1.64
1.669,-1.21,-1.64,-1.19,-1.64,-1.2,-1.64
1.683,-1.21,-1.64,-1.2,-1.64,-1.21,-1.64
1.698,-1.2,-1.62,-1.2,-1.64,-1.2,-1.62
1.712,-1.2,-1.6,-1.2,-1.62,-1.2,-1.61
1.726,-1.24,-1.55,-1.2,-1.61,-1.24,-1.55
1.741,-1.25,-1.53,-1.23,-1.56,-1.25,-1.53
1.756,-1.27,-1.6,-1.24,-1.53,-1.26,-1.6
1.77,-1.25,-1.62,-1.26,-1.6,-1.25,-1.62
1.785,-1.19,-1.62,-1.24,-1.62,-1.2,-1.62
1.8,-1.2,-1.6,-1.19,-1.63,-1.2,-1.6
1.814,-1.24,-1.61,-1.2,-1.6,-1.23,-1.61
1.829,-1.21,-1.59,-1.23,-1.61,-1.21,-1.59
1.843,-1.21,-1.6,-1.21,-1.59,-1.21,-1.6
1.858,-1.22,-1.64,-1.21,-1.6,-1.22,-1.63
1.872,-1.3,-1.66,-1.21,-1.63,-1.29,-1.66
1.886,-1.25,-1.65,-1.29,-1.66,-1.26,-1.65
1.901,-1.21,-1.63,-1.25,-1.65,-1.21,-1.63
1.916,-1.18,-1.64,-1.21,-1.64,-1.18,-1.64
1.93,-1.18,-1.66,-1.18,-1.64,-1.18,-1.66
1.945,-1.18,-1.61,-1.18,-1.66,-1.18,-1.61
1.959,-1.22,-1.6,-1.18,-1.62,-1.22,-1.61
1.973,-1.25,-1.65,-1.21,-1.61,-1.25,-1.65
1.988,-1.23,-1.67,-1.25,-1.65,-1.23,-1.67
2.002,-1.21,-1.6,-1.23,-1.67,-1.21,-1.61
2.017,-1.22,-1.58,-1.21,-1.61,-1.22,-1.58
2.033,-1.26,-1.6,-1.22,-1.58,-1.26,-1.6
2.048,-1.21,-1.62,-1.25,-1.6,-1.21,-1.62
2.062,-1.18,-1.58,-1.21,-1.62,-1.19,-1.58
2.077,-1.17,-1.54,-1.18,-1.58,-1.17,-1.55
2.091,-1.25,-1.66,-1.17,-1.55,-1.24,-1.65
2.106,-1.29,-1.63,-1.24,-1.65,-1.28,-1.63
2.121,-1.2,-1.55,-1.28,-1.63,-1.21,-1.56
2.136,-1.16,-1.55,-1.2,-1.56,-1.16,-1.56
2.151,-1.25,-1.62,-1.16,-1.56,-1.24,-1.61
2.166,-1.28,-1.6,-1.24,-1.61,-1.28,-1.6
2.181,-1.16,-1.59,-1.27,-1.6,-1.17,-1.59
2.195,-1.15,-1.58,-1.17,-1.59,-1.15,-1.58
2.21,-1.22,-1.62,-1.15,-1.58,-1.21,-1.62
2.224,-1.26,-1.6,-1.21,-1.62,-1.25,-1.6
2.239,-1.28,-1.59,-1.25,-1.6,-1.28,-1.59
2.254,-1.28,-1.61,-1.28,-1.59,-1.28,-1.61
2.269,-1.24,-1.64,-1.28,-1.61,-1.24,-1.64
2.284,-1.24,-1.64,-1.24,-1.64,-1.24,-1.64
2.298,-1.26,-1.57,-1.24,-1.64,-1.26,-1.58
2.313,-1.27,-1.56,-1.26,-1.58,-1.27,-1.56
2.327,-1.24,-1.56,-1.26,-1.56,-1.24,-1.56
2.342,-1.24,-1.61,-1.24,-1.56,-1.24,-1.61
2.357,-1.26,-1.64,-1.24,-1.61,-1.26,-1.64
2.372,-1.25,-1.61,-1.26,-1.64,-1.25,-1.61
2.387,-1.19,-1.6,-1.25,-1.62,-1.2,-1.6
2.401,-1.18,-1.59,-1.19,-1.61,-1.18,-1.59
2.416,-1.25,-1.6,-1.18,-1.59,-1.24,-1.6
2.431,-1.23,-1.59,-1.24,-1.6,-1.23,-1.59
2.446,-1.24,-1.62,-1.23,-1.59,-1.24,-1.61
2.46,-1.29,-1.6,-1.24,-1.61,-1.29,-1.6
2.475,-1.27,-1.56,-1.29,-1.6,-1.28,-1.57
2.49,-1.24,-1.59,-1.27,-1.57,-1.24,-1.59
2.505,-1.2,-1.62,-1.24,-1.59,-1.2,-1.61
2.519,-1.2,-1.62,-1.2,-1.61,-1.2,-1.62
2.534,-1.24,-1.6,-1.2,-1.62,-1.24,-1.6
2.548,-1.3,-1.58,-1.23,-1.61,-1.29,-1.59
2.563,-1.34,-1.59,-1.29,-1.59,-1.34,-1.59
2.577,-1.25,-1.62,-1.33,-1.59,-1.25,-1.61
2.591,-1.27,-1.63,-1.25,-1.61,-1.27,-1.63
2.606,-1.28,-1.61,-1.26,-1.63,-1.28,-1.61
2.62,-1.23,-1.6,-1.28,-1.61,-1.24,-1.6
2.635,-1.15,-1.65,-1.23,-1.61,-1.16,-1.64
2.649,-1.18,-1.63,-1.16,-1.64,-1.18,-1.63
2.664,-1.23,-1.55,-1.18,-1.63,-1.23,-1.56
2.678,-1.19,-1.56,-1.22,-1.56,-1.19,-1.56
2.692,-1.16,-1.58,-1.19,-1.56,-1.16,-1.58
2.707,-1.19,-1.61,-1.16,-1.58,-1.19,-1.61
2.721,-1.19,-1.64,-1.19,-1.61,-1.19,-1.64
2.736,-1.16,-1.62,-1.19,-1.64,-1.16,-1.62
2.75,-1.19,-1.63,-1.16,-1.62,-1.19,-1.63
2.765,-1.25,-1.65,-1.19,-1.63,-1.24,-1.65
2.779,-1.25,-1.69,-1.24,-1.65,-1.25,-1.68
2.794,-1.25,-1.59,-1.24,-1.68,-1.25,-1.6
2.809,-1.24,-1.58,-1.25,-1.6,-1.24,-1.59
2.824,-1.21,-1.64,-1.24,-1.59,-1.21,-1.63
2.839,-1.23,-1.67,-1.21,-1.63,-1.23,-1.66
2.853,-1.2,-1.61,-1.23,-1.66,-1.2,-1.62
2.868,-1.21,-1.59,-1.2,-1.62,-1.21,-1.59
2.883,-1.24,-1.64,-1.21,-1.6,-1.24,-1.64
2.897,-1.26,-1.66,-1.23,-1.64,-1.26,-1.66
2.911,-1.22,-1.62,-1.25,-1.66,-1.22,-1.62
2.926,-1.18,-1.61,-1.22,-1.63,-1.18,-1.61
2.94,-1.21,-1.61,-1.18,-1.61,-1.21,-1.61
2.955,-1.23,-1.62,-1.21,-1.61,-1.23,-1.62
2.969,-1.21,-1.6,-1.23,-1.62,-1.21,-1.6
2.984,-1.21,-1.58,-1.21,-1.6,-1.21,-1.58
2.998,-1.21,-1.54,-1.2,-1.58,-1.21,-1.55
3.013,-1.29,-1.56,-1.2,-1.55,-1.28,-1.56
3.027,-1.25,-1.58,-1.28,-1.56,-1.25,-1.58
3.042,-1.18,-1.65,-1.25,-1.58,-1.19,-1.64
3.056,-1.22,-1.6,-1.19,-1.64,-1.22,-1.6
3.071,-1.26,-1.6,-1.21,-1.6,-1.25,-1.6
3.085,-1.25,-1.65,-1.25,-1.6,-1.25,-1.65
3.1,-1.25,-1.6,-1.24,-1.65,-1.25,-1.61
3.115,-1.25,-1.58,-1.24,-1.61,-1.25,-1.58
3.13,-1.23,-1.65,-1.24,-1.58,-1.23,-1.64
3.145,-1.18,-1.64,-1.23,-1.64,-1.18,-1.64
3.16,-1.16,-1.6,-1.18,-1.64,-1.16,-1.6
3.174,-1.21,-1.6,-1.16,-1.6,-1.2,-1.6
3.189,-1.25,-1.69,-1.2,-1.6,-1.24,-1.68
3.204,-1.21,-1.67,-1.24,-1.69,-1.21,-1.67
3.219,-1.21,-1.56,-1.2,-1.67,-1.21,-1.57
3.234,-1.18,-1.6,-1.2,-1.57,-1.19,-1.6
3.248,-1.21,-1.69,-1.18,-1.6,-1.21,-1.68
3.263,-1.2,-1.65,-1.21,-1.68,-1.2,-1.66
3.278,-1.23,-1.58,-1.2,-1.66,-1.23,-1.59
3.292,-1.24,-1.57,-1.23,-1.59,-1.24,-1.57
3.307,-1.18,-1.61,-1.24,-1.57,-1.19,-1.6
3.322,-1.2,-1.62,-1.19,-1.61,-1.2,-1.62
3.336,-1.2,-1.62,-1.2,-1.62,-1.2,-1.62
3.351,-1.23,-1.62,-1.2,-1.62,-1.22,-1.62
3.366,-1.2,-1.61,-1.22,-1.62,-1.2,-1.61
3.381,-1.17,-1.6,-1.2,-1.61,-1.17,-1.6
3.396,-1.18,-1.59,-1.17,-1.6,-1.18,-1.59
3.411,-1.25,-1.61,-1.18,-1.59,-1.25,-1.61
3.426,-1.18,-1.6,-1.24,-1.61,-1.19,-1.6
3.44,-1.18,-1.62,-1.19,-1.6,-1.18,-1.62
3.455,-1.23,-1.64,-1.18,-1.62,-1.22,-1.64
3.47,-1.2,-1.62,-1.22,-1.64,-1.21,-1.63
3.485,-1.17,-1.61,-1.2,-1.63,-1.17,-1.61
3.5,-1.2,-1.62,-1.17,-1.61,-1.2,-1.62
3.514,-1.2,-1.58,-1.19,-1.62,-1.2,-1.59
3.529,-1.21,-1.62,-1.19,-1.59,-1.21,-1.62
3.544,-1.25,-1.63,-1.21,-1.62,-1.24,-1.63
3.558,-1.23,-1.61,-1.24,-1.63,-1.23,-1.61
3.573,-1.24,-1.62,-1.22,-1.61,-1.24,-1.62
3.587,-1.22,-1.63,-1.23,-1.62,-1.22,-1.63
3.602,-1.22,-1.61,-1.22,-1.63,-1.22,-1.62
3.616,-1.25,-1.61,-1.22,-1.62,-1.25,-1.61
3.631,-1.25,-1.58,-1.25,-1.61,-1.25,-1.58
3.645,-1.28,-1.61,-1.25,-1.58,-1.28,-1.61
3.66,-1.27,-1.66,-1.28,-1.61,-1.27,-1.65
3.674,-1.22,-1.64,-1.26,-1.65,-1.23,-1.64
3.689,-1.15,-1.6,-1.23,-1.64,-1.16,-1.61
3.703,-1.2,-1.6,-1.16,-1.61,-1.2,-1.6
3.718,-1.26,-1.6,-1.2,-1.6,-1.25,-1.6
3.732,-1.27,-1.66,-1.25,-1.6,-1.27,-1.65
3.747,-1.18,-1.68,-1.27,-1.65,-1.19,-1.67
3.761,-1.18,-1.61,-1.19,-1.67,-1.18,-1.62
3.776,-1.24,-1.58,-1.18,-1.62,-1.23,-1.59
3.791,-1.29,-1.58,-1.23,-1.59,-1.29,-1.58
3.807,-1.27,-1.52,-1.29,-1.58,-1.27,-1.53
3.821,-1.17,-1.58,-1.27,-1.53,-1.18,-1.58
3.836,-1.16,-1.65,-1.18,-1.58,-1.16,-1.64
3.851,-1.18,-1.68,-1.16,-1.64,-1.18,-1.68
3.865,-1.17,-1.67,-1.18,-1.68,-1.17,-1.67
3.879,-1.21,-1.6,-1.17,-1.68,-1.2,-1.61
3.895,-1.22,-1.61,-1.2,-1.61,-1.22,-1.61
3.91,-1.24,-1.61,-1.21,-1.61,-1.24,-1.61
3.924,-1.22,-1.6,-1.23,-1.61,-1.22,-1.6
3.939,-1.17,-1.56,-1.22,-1.61,-1.18,-1.57
3.953,-1.17,-1.6,-1.17,-1.57,-1.17,-1.59
3.968,-1.25,-1.64,-1.17,-1.59,-1.24,-1.64
3.982,-1.3,-1.58,-1.24,-1.64,-1.29,-1.58
3.997,-1.22,-1.57,-1.29,-1.58,-1.23,-1.57
4.013,-1.18,-1.6,-1.22,-1.57,-1.19,-1.6
4.028,-1.21,-1.58,-1.18,-1.6,-1.21,-1.59
4.043,-1.2,-1.6,-1.21,-1.59,-1.2,-1.6
4.057,-1.22,-1.68,-1.2,-1.6,-1.22,-1.68
4.072,-1.25,-1.64,-1.21,-1.68,-1.25,-1.64
4.086,-1.27,-1.58,-1.25,-1.64,-1.27,-1.59
4.101,-1.21,-1.59,-1.26,-1.59,-1.21,-1.59
4.116,-1.16,-1.61,-1.21,-1.59,-1.16,-1.61
4.131,-1.22,-1.54,-1.16,-1.61,-1.21,-1.55
4.146,-1.22,-1.58,-1.21,-1.55,-1.22,-1.57
4.161,-1.17,-1.6,-1.21,-1.57,-1.17,-1.59
4.176,-1.17,-1.6,-1.17,-1.59,-1.17,-1.6
4.19,-1.26,-1.64,-1.17,-1.6,-1.25,-1.63
4.205,-1.23,-1.61,-1.25,-1.64,-1.24,-1.61
4.22,-1.23,-1.61,-1.23,-1.62,-1.23,-1.61
4.235,-1.24,-1.65,-1.23,-1.61,-1.24,-1.65
4.25,-1.21,-1.67,-1.23,-1.65,-1.21,-1.67
4.264,-1.18,-1.63,-1.21,-1.67,-1.18,-1.64
4.279,-1.18,-1.58,-1.18,-1.64,-1.18,-1.58
4.294,-1.2,-1.58,-1.17,-1.58,-1.2,-1.58
4.309,-1.25,-1.6,-1.19,-1.58,-1.24,-1.6
4.324,-1.21,-1.59,-1.24,-1.59,-1.21,-1.59
4.339,-1.2,-1.63,-1.21,-1.59,-1.21,-1.63
4.353,-1.23,-1.67,-1.2,-1.63,-1.22,-1.67
4.368,-1.23,-1.6,-1.22,-1.67,-1.23,-1.61
4.383,-1.21,-1.58,-1.22,-1.61,-1.21,-1.58
4.398,-1.19,-1.61,-1.21,-1.58,-1.19,-1.61
4.413,-1.2,-1.62,-1.19,-1.61,-1.2,-1.62
4.427,-0.9,-1.59,-1.2,-1.62,-0.93,-1.6
4.442,-1.25,-1.45,-0.91,-1.6,-1.21,-1.46
4.457,-1.16,-1.54,-1.21,-1.47,-1.17,-1.54
4.472,-2.02,-0.55,-1.17,-1.54,-1.94,-0.65
4.487,-3.66,0.46,-1.84,-0.72,-3.47,0.34
4.501,-6.13,3.21,-3.34,0.25,-5.85,2.92
4.516,-2.75,-1.68,-5.75,2.84,-3.05,-1.23
4.53,-2.69,-6.41,-3.04,-1.24,-2.72,-5.89
4.544,-0.58,-5.15,-2.71,-5.9,-0.79,-5.23
4.559,4.16,-0.36,-0.81,-5.22,3.66,-0.85
4.573,-1.53,-1.43,3.59,-0.8,-1.02,-1.36
4.588,-0.48,-2.01,-1.0,-1.36,-0.53,-1.95
4.602,0.01,-0.85,-0.49,-1.97,-0.04,-0.96
4.617,-1.57,-1.3,-0.02,-0.97,-1.41,-1.27
4.631,-1.91,-1.77,-1.4,-1.28,-1.86,-1.73
4.646,-1.64,-2.28,-1.85,-1.73,-1.66,-2.23
4.66,-2.45,-3.7,-1.65,-2.23,-2.37,-3.55
4.675,-1.17,-2.29,-2.35,-3.56,-1.29,-2.42
4.689,-0.39,-1.36,-1.27,-2.42,-0.48,-1.47
4.704,-0.73,-0.91,-0.48,-1.46,-0.7,-0.96
4.718,-0.98,0.83,-0.69,-0.97,-0.95,0.65
4.733,-2.28,-1.34,-0.93,0.64,-2.14,-1.14
4.747,-1.57,-1.51,-2.15,-1.14,-1.63,-1.47
4.761,-1.29,-0.98,-1.64,-1.47,-1.32,-1.03
4.776,-1.54,-1.13,-1.32,-1.02,-1.52,-1.12
4.791,-2.09,-1.07,-1.51,-1.12,-2.03,-1.07
4.806,-2.13,-1.31,-2.03,-1.08,-2.12,-1.28
4.82,-1.36,-2.01,-2.12,-1.29,-1.44,-1.94
4.835,-2.54,-2.43,-1.44,-1.94,-2.43,-2.38
4.849,-2.44,-1.63,-2.42,-2.39,-2.43,-1.71
4.864,0.39,-0.12,-2.43,-1.71,0.11,-0.28
4.878,-1.49,-1.4,0.1,-0.27,-1.33,-1.28
4.893,-1.41,-1.52,-1.32,-1.29,-1.4,-1.5
4.907,-1.47,-1.58,-1.38,-1.5,-1.47,-1.58
4.921,-0.1,-1.29,-1.45,-1.58,-0.24,-1.32
4.936,-0.23,-1.49,-0.22,-1.32,-0.23,-1.47
4.95,-1.31,-1.73,-0.21,-1.47,-1.2,-1.71
4.965,-1.37,-1.67,-1.17,-1.72,-1.35,-1.68
4.979,-0.89,-2.33,-1.31,-1.69,-0.93,-2.26
4.993,-1.68,-1.78,-0.89,-2.29,-1.6,-1.83
5.008,-2.38,-0.81,-1.56,-1.86,-2.3,-0.92
5.023,-2.36,-0.62,-2.26,-0.93,-2.35,-0.65
5.037,-2.17,-1.05,-2.33,-0.65,-2.19,-1.01
5.052,-1.85,-0.9,-2.2,-0.99,-1.88,-0.91
5.066,-1.53,-1.02,-1.91,-0.9,-1.56,-1.01
5.081,-1.29,-1.02,-1.6,-0.99,-1.32,-1.02
5.095,-1.28,-1.14,-1.34,-1.0,-1.29,-1.12
5.11,-1.79,-2.52,-1.28,-1.12,-1.74,-2.38
5.125,-1.65,-2.36,-1.73,-2.38,-1.66,-2.36
5.139,-1.56,-1.5,-1.65,-2.37,-1.57,-1.59
5.155,-1.7,-1.52,-1.55,-1.6,-1.68,-1.52
5.17,-1.69,-1.79,-1.67,-1.53,-1.68,-1.76
5.184,-1.49,-0.74,-1.68,-1.76,-1.51,-0.84
5.2,-1.68,-0.98,-1.49,-0.85,-1.66,-0.97
5.214,-1.83,-1.49,-1.65,-0.97,-1.81,-1.44
5.229,-1.86,-1.5,-1.8,-1.44,-1.86,-1.49
5.244,-1.8,-1.22,-1.85,-1.5,-1.8,-1.25
5.259,-1.77,-1.04,-1.8,-1.25,-1.77,-1.06
5.274,-1.85,-1.45,-1.77,-1.06,-1.84,-1.41
5.289,-1.88,-1.49,-1.85,-1.41,-1.88,-1.48
5.304,-1.87,-1.47,-1.89,-1.48,-1.87,-1.47
5.318,-1.63,-1.4,-1.9,-1.46,-1.66,-1.41
5.333,-1.37,-1.32,-1.68,-1.41,-1.4,-1.33
5.348,-1.39,-1.33,-1.42,-1.33,-1.39,-1.33
5.363,-1.64,-1.38,-1.4,-1.33,-1.62,-1.38
5.378,-1.67,-1.48,-1.62,-1.38,-1.67,-1.47
5.393,-1.69,-1.71,-1.67,-1.47,-1.68,-1.69
5.408,-1.63,-1.63,-1.68,-1.69,-1.64,-1.64
5.423,-1.6,-1.38,-1.64,-1.64,-1.61,-1.4
5.437,-1.58,-1.36,-1.61,-1.4,-1.59,-1.37
5.452,-1.54,-1.47,-1.59,-1.37,-1.55,-1.46
5.467,-1.45,-1.51,-1.55,-1.46,-1.46,-1.5
5.482,-1.51,-1.54,-1.46,-1.5,-1.51,-1.54
5.497,-1.59,-1.44,-1.5,-1.54,-1.58,-1.45
5.512,-1.66,-1.35,-1.57,-1.45,-1.65,-1.36
5.526,-1.63,-1.42,-1.64,-1.36,-1.63,-1.42
5.541,-1.66,-1.46,-1.62,-1.42,-1.66,-1.45
5.556,-1.69,-1.36,-1.65,-1.45,-1.69,-1.37
5.57,-1.69,-1.34,-1.68,-1.37,-1.69,-1.35
5.585,-1.58,-1.45,-1.69,-1.34,-1.6,-1.44
5.599,-1.47,-1.61,-1.6,-1.43,-1.48,-1.59
5.614,-1.49,-1.63,-1.48,-1.59,-1.49,-1.63
5.628,-1.56,-1.53,-1.48,-1.63,-1.55,-1.54
5.643,-1.74,-1.38,-1.54,-1.54,-1.72,-1.4
5.657,-1.73,-1.34,-1.71,-1.4,-1.73,-1.35
5.672,-1.64,-1.32,-1.72,-1.35,-1.65,-1.33
5.686,-1.55,-1.23,-1.65,-1.33,-1.56,-1.24
5.701,-1.38,-1.25,-1.56,-1.24,-1.4,-1.25
5.716,-1.64,-1.88,-1.39,-1.26,-1.62,-1.82
5.73,-1.62,-1.86,-1.6,-1.82,-1.62,-1.85
5.744,-1.66,-1.66,-1.6,-1.86,-1.65,-1.68
5.759,-1.67,-1.36,-1.64,-1.69,-1.66,-1.39
5.773,-1.63,-1.29,-1.65,-1.4,-1.63,-1.3
5.788,-1.64,-1.24,-1.63,-1.3,-1.64,-1.25
5.803,-1.66,-1.34,-1.64,-1.25,-1.65,-1.34
5.818,-1.81,-1.44,-1.65,-1.33,-1.79,-1.43
5.833,-1.84,-1.49,-1.8,-1.42,-1.83,-1.48
5.848,-1.63,-1.45,-1.84,-1.48,-1.65,-1.45
5.863,-1.56,-1.4,-1.66,-1.45,-1.57,-1.4
5.877,-1.32,-1.18,-1.58,-1.4,-1.35,-1.2
5.892,-1.52,-1.57,-1.34,-1.2,-1.5,-1.54
5.906,-1.66,-1.75,-1.49,-1.54,-1.64,-1.73
5.921,-1.65,-1.58,-1.64,-1.73,-1.65,-1.6
5.937,-1.65,-1.42,-1.64,-1.6,-1.65,-1.44
5.951,-1.62,-1.4,-1.64,-1.44,-1.62,-1.4
5.966,-1.65,-1.3,-1.61,-1.4,-1.64,-1.31
5.98,-1.69,-1.3,-1.64,-1.31,-1.68,-1.3
5.995,-1.74,-1.33,-1.68,-1.3,-1.74,-1.33
6.009,-1.68,-0.97,-1.74,-1.32,-1.69,-1.01
6.024,-1.63,-1.01,-1.69,-1.0,-1.63,-1.01
6.039,-1.56,-1.66,-1.63,-1.01,-1.57,-1.59
6.053,-1.42,-1.62,-1.58,-1.59,-1.44,-1.61
6.068,-1.56,-1.72,-1.44,-1.61,-1.55,-1.71
6.082,-1.59,-1.57,-1.55,-1.71,-1.59,-1.58
6.097,-1.6,-1.38,-1.58,-1.59,-1.6,-1.4
6.111,-1.62,-1.29,-1.59,-1.4,-1.62,-1.3
6.126,-1.72,-1.28,-1.61,-1.31,-1.71,-1.28
6.141,-1.72,-1.35,-1.71,-1.28,-1.72,-1.34
6.156,-1.56,-1.43,-1.72,-1.34,-1.58,-1.42
6.171,-1.51,-1.44,-1.58,-1.42,-1.52,-1.44
6.185,-1.56,-1.48,-1.52,-1.44,-1.56,-1.47
6.2,-1.57,-1.55,-1.55,-1.48,-1.57,-1.54
6.215,-1.79,-1.48,-1.56,-1.55,-1.77,-1.49
6.23,-1.82,-1.38,-1.76,-1.49,-1.81,-1.39
6.245,-1.67,-1.38,-1.81,-1.4,-1.69,-1.38
6.26,-1.62,-1.42,-1.68,-1.39,-1.62,-1.41
6.275,-1.55,-1.45,-1.62,-1.42,-1.56,-1.44
6.291,-1.53,-1.45,-1.55,-1.45,-1.53,-1.45
6.306,-1.67,-1.44,-1.52,-1.45,-1.66,-1.45
6.321,-1.72,-1.44,-1.65,-1.45,-1.71,-1.45
6.336,-1.72,-1.45,-1.71,-1.45,-1.72,-1.45
6.351,-1.6,-1.4,-1.72,-1.45,-1.61,-1.41
6.366,-1.58,-1.4,-1.61,-1.41,-1.59,-1.4
6.381,-1.63,-1.45,-1.58,-1.4,-1.63,-1.44
6.396,-1.67,-1.41,-1.62,-1.45,-1.66,-1.41
6.41,-1.74,-1.41,-1.65,-1.41,-1.73,-1.41
6.425,-1.72,-1.48,-1.73,-1.41,-1.72,-1.47
6.44,-1.59,-1.51,-1.71,-1.47,-1.6,-1.51
6.455,-1.62,-1.49,-1.6,-1.51,-1.62,-1.49
6.47,-1.77,-1.36,-1.61,-1.49,-1.75,-1.38
6.485,-1.72,-1.31,-1.75,-1.38,-1.73,-1.32
6.5,-1.63,-1.45,-1.73,-1.31,-1.64,-1.44
6.515,-1.66,-1.5,-1.64,-1.44,-1.66,-1.49
6.529,-1.71,-1.44,-1.66,-1.49,-1.7,-1.44
6.544,-1.67,-1.36,-1.7,-1.45,-1.67,-1.37
6.559,-1.6,-1.33,-1.67,-1.37,-1.61,-1.33
6.573,-1.58,-1.47,-1.61,-1.33,-1.58,-1.46
6.588,-1.6,-1.47,-1.58,-1.46,-1.6,-1.47
6.602,-1.67,-1.45,-1.59,-1.47,-1.66,-1.45
6.616,-1.64,-1.48,-1.65,-1.46,-1.65,-1.48
6.631,-1.68,-1.42,-1.64,-1.48,-1.67,-1.43
6.645,-1.68,-1.42,-1.66,-1.44,-1.68,-1.42
6.66,-1.69,-1.38,-1.66,-1.42,-1.69,-1.39
6.675,-1.76,-1.35,-1.68,-1.39,-1.76,-1.35
6.689,-1.77,-1.31,-1.75,-1.36,-1.77,-1.32
6.704,-1.77,-1.31,-1.77,-1.32,-1.77,-1.31
6.718,-1.7,-1.43,-1.77,-1.31,-1.71,-1.41
6.733,-1.65,-1.48,-1.71,-1.41,-1.66,-1.47
6.747,-1.64,-1.4,-1.66,-1.47,-1.64,-1.41
6.762,-1.67,-1.37,-1.64,-1.41,-1.66,-1.37
6.777,-1.68,-1.38,-1.66,-1.38,-1.68,-1.38
6.792,-1.61,-1.43,-1.68,-1.37,-1.62,-1.43
6.808,-1.52,-1.49,-1.62,-1.42,-1.53,-1.48
6.822,-1.5,-1.45,-1.53,-1.48,-1.5,-1.46
6.837,-1.62,-1.38,-1.5,-1.46,-1.61,-1.39
6.852,-1.69,-1.38,-1.61,-1.39,-1.68,-1.38
6.867,-1.61,-1.43,-1.68,-1.38,-1.62,-1.43
6.881,-1.57,-1.43,-1.62,-1.43,-1.57,-1.43
6.895,-1.46,-1.51,-1.57,-1.43,-1.47,-1.5
6.91,-1.49,-1.51,-1.46,-1.51,-1.48,-1.51
6.925,-1.63,-1.41,-1.47,-1.51,-1.62,-1.42
6.939,-1.85,-1.18,-1.6,-1.43,-1.82,-1.2
6.953,-1.75,-1.21,-1.82,-1.2,-1.76,-1.21
6.968,-1.66,-1.46,-1.75,-1.21,-1.67,-1.43
6.982,-1.63,-1.51,-1.66,-1.43,-1.64,-1.51
6.997,-1.65,-1.41,-1.63,-1.51,-1.65,-1.42
7.011,-1.64,-1.24,-1.64,-1.43,-1.64,-1.26
7.026,-1.87,-1.27,-1.63,-1.26,-1.84,-1.27
7.041,-1.87,-1.29,-1.84,-1.27,-1.87,-1.29
7.055,-1.66,-1.42,-1.87,-1.29,-1.68,-1.41
7.07,-1.58,-1.45,-1.69,-1.41,-1.59,-1.45
7.084,-1.57,-1.44,-1.6,-1.45,-1.57,-1.45
7.099,-1.66,-1.44,-1.57,-1.45,-1.65,-1.45
7.113,-1.73,-1.42,-1.65,-1.45,-1.72,-1.43
7.128,-1.7,-1.38,-1.72,-1.43,-1.7,-1.39
7.143,-1.7,-1.32,-1.71,-1.39,-1.7,-1.32
7.157,-1.63,-1.29,-1.7,-1.33,-1.63,-1.29
7.173,-1.54,-1.34,-1.64,-1.3,-1.55,-1.34
7.187,-1.49,-1.36,-1.54,-1.34,-1.49,-1.36
7.202,-1.67,-1.43,-1.49,-1.36,-1.65,-1.42
7.217,-1.68,-1.43,-1.64,-1.43,-1.68,-1.43
7.232,-1.76,-1.42,-1.67,-1.43,-1.75,-1.42
7.247,-1.81,-1.3,-1.75,-1.42,-1.81,-1.31
7.262,-1.65,-1.28,-1.81,-1.32,-1.67,-1.28
7.279,-1.58,-1.34,-1.67,-1.29,-1.59,-1.33
7.294,-1.6,-1.43,-1.59,-1.33,-1.6,-1.42
7.309,-1.6,-1.44,-1.59,-1.42,-1.6,-1.44
7.324,-1.61,-1.36,-1.6,-1.44,-1.61,-1.37
7.339,-1.69,-1.38,-1.6,-1.37,-1.68,-1.38
7.354,-1.78,-1.28,-1.67,-1.38,-1.77,-1.29
7.369,-1.71,-1.27,-1.77,-1.29,-1.72,-1.27
7.383,-1.64,-1.33,-1.72,-1.27,-1.65,-1.32
7.398,-1.63,-1.39,-1.65,-1.32,-1.63,-1.38
7.413,-1.72,-1.36,-1.63,-1.38,-1.71,-1.36
7.428,-1.75,-1.32,-1.71,-1.36,-1.75,-1.32
7.443,-1.71,-1.3,-1.75,-1.32,-1.72,-1.3
7.458,-1.6,-1.27,-1.73,-1.3,-1.61,-1.28
7.473,-1.96,-1.03,-1.62,-1.27,-1.92,-1.06
7.488,-2.57,-1.48,-1.95,-1.06,-2.51,-1.44
7.503,-0.3,-1.8,-2.6,-1.45,-0.53,-1.76
7.517,-0.08,-1.28,-0.6,-1.77,-0.13,-1.33
7.532,-2.03,-1.21,-0.15,-1.32,-1.84,-1.22
7.546,-1.87,-1.18,-1.88,-1.21,-1.87,-1.18
7.561,-1.45,-1.7,-1.93,-1.18,-1.5,-1.65
7.575,0.06,-1.0,-1.61,-1.65,-0.11,-1.06
7.59,-0.21,-1.3,-0.17,-1.07,-0.21,-1.28
7.604,-1.13,-1.45,-0.17,-1.29,-1.03,-1.44
7.619,-1.42,-1.53,-0.99,-1.45,-1.37,-1.52
7.634,-1.16,-1.39,-1.35,-1.53,-1.18,-1.4
7.648,-0.9,-0.79,-1.16,-1.41,-0.93,-0.85
7.663,-1.1,-0.74,-0.89,-0.86,-1.08,-0.76
7.677,-2.07,-1.27,-1.03,-0.76,-1.97,-1.22
7.692,-1.99,-1.26,-1.94,-1.21,-1.98,-1.25
7.707,-1.1,-0.91,-1.98,-1.25,-1.19,-0.94
7.721,-0.96,-1.02,-1.19,-0.94,-0.99,-1.01
7.736,-1.58,-2.22,-0.98,-1.01,-1.52,-2.1
7.75,-1.38,-1.93,-1.51,-2.1,-1.39,-1.94
7.764,-1.0,-1.41,-1.38,-1.94,-1.04,-1.47
7.779,-0.92,-1.26,-1.01,-1.47,-0.93,-1.28
7.794,-0.68,-1.19,-0.89,-1.28,-0.7,-1.2
7.809,-2.23,-1.63,-0.64,-1.2,-2.07,-1.59
7.824,-2.59,-1.89,-2.01,-1.59,-2.53,-1.86
7.842,-1.65,-0.74,-2.53,-1.86,-1.74,-0.86
7.857,-1.51,-1.2,-1.74,-0.85,-1.53,-1.17
7.872,-1.62,-1.34,-1.54,-1.17,-1.62,-1.32
7.887,-1.55,-1.35,-1.62,-1.32,-1.56,-1.35
7.901,-1.42,-1.5,-1.57,-1.34,-1.43,-1.48
7.915,-1.49,-1.34,-1.44,-1.48,-1.49,-1.36
7.93,-1.18,-1.4,-1.5,-1.36,-1.21,-1.4
7.944,-1.74,-1.34,-1.22,-1.4,-1.69,-1.35
7.959,-1.42,-1.64,-1.69,-1.35,-1.45,-1.61
7.974,-1.75,-0.81,-1.46,-1.61,-1.72,-0.89
7.988,-1.46,-1.33,-1.74,-0.89,-1.49,-1.28
8.003,-0.31,-1.54,-1.52,-1.28,-0.43,-1.52
8.017,-0.97,-1.31,-0.41,-1.52,-0.91,-1.33
8.032,-1.8,-1.18,-0.87,-1.33,-1.71,-1.2
8.046,-1.65,-1.36,-1.7,-1.2,-1.65,-1.34
8.061,-1.6,-1.32,-1.66,-1.34,-1.6,-1.32
8.075,-1.19,-1.43,-1.62,-1.32,-1.23,-1.42
8.09,-1.05,-1.25,-1.24,-1.42,-1.07,-1.26
8.104,-1.7,-1.53,-1.07,-1.26,-1.64,-1.51
8.119,-1.41,-1.49,-1.64,-1.51,-1.43,-1.5
8.133,-1.08,-1.3,-1.44,-1.5,-1.12,-1.32
8.148,-1.47,-1.4,-1.1,-1.32,-1.44,-1.4
8.163,-1.33,-1.36,-1.42,-1.4,-1.34,-1.37
8.178,-1.35,-1.3,-1.32,-1.37,-1.35,-1.31
8.192,-1.74,-1.28,-1.32,-1.31,-1.69,-1.28
8.207,-1.76,-1.32,-1.68,-1.29,-1.75,-1.32
8.222,-1.66,-1.38,-1.75,-1.32,-1.67,-1.37
8.237,-1.69,-1.35,-1.68,-1.37,-1.69,-1.35
8.252,-1.69,-1.31,-1.7,-1.35,-1.69,-1.31
8.267,-1.66,-1.31,-1.72,-1.31,-1.67,-1.31
8.282,-1.52,-1.49,-1.71,-1.31,-1.54,-1.47
8.297,-1.1,-1.47,-1.6,-1.47,-1.15,-1.47
8.311,-0.3,-1.46,-1.21,-1.47,-0.39,-1.46
8.326,-0.18,-1.28,-0.4,-1.47,-0.2,-1.3
8.341,-1.05,-1.34,-0.17,-1.3,-0.97,-1.33
8.356,-1.37,-1.23,-0.9,-1.34,-1.32,-1.24
8.371,-1.36,-1.14,-1.25,-1.24,-1.35,-1.15
8.385,-1.98,-1.25,-1.27,-1.15,-1.91,-1.24
8.4,-2.13,-1.21,-1.85,-1.24,-2.1,-1.21
8.415,-1.73,-1.18,-2.1,-1.21,-1.77,-1.19
8.43,-1.62,-1.38,-1.77,-1.19,-1.63,-1.36
8.444,-1.72,-1.43,-1.65,-1.36,-1.71,-1.42
8.459,-1.2,-1.08,-1.73,-1.42,-1.25,-1.11
8.475,-1.06,-1.1,-1.27,-1.11,-1.08,-1.1
8.49,-1.43,-1.64,-1.09,-1.1,-1.39,-1.59
8.505,-1.52,-1.73,-1.39,-1.59,-1.51,-1.71
8.519,-1.95,-2.79,-1.51,-1.72,-1.91,-2.69
8.534,-2.32,-2.43,-1.88,-2.71,-2.28,-2.46
8.548,-1.27,-1.21,-2.26,-2.46,-1.37,-1.34
8.563,-0.83,-0.66,-1.36,-1.33,-0.88,-0.72
8.578,-1.12,-0.48,-0.84,-0.75,-1.1,-0.51
8.592,-1.83,-1.08,-1.08,-0.52,-1.75,-1.03
8.607,-1.85,-1.33,-1.75,-1.02,-1.84,-1.3
8.622,-1.61,-1.38,-1.85,-1.3,-1.63,-1.37
8.636,-1.34,-1.47,-1.64,-1.37,-1.37,-1.46
8.651,-1.26,-1.45,-1.37,-1.46,-1.27,-1.45
8.665,-1.31,-1.41,-1.27,-1.45,-1.31,-1.42
8.679,-1.45,-1.42,-1.3,-1.42,-1.43,-1.42
8.694,-1.49,-1.38,-1.43,-1.42,-1.48,-1.39
8.709,-1.61,-1.23,-1.48,-1.38,-1.6,-1.24
8.723,-1.68,-1.19,-1.6,-1.23,-1.67,-1.2
8.737,-1.67,-1.49,-1.68,-1.18,-1.67,-1.46
8.752,-1.57,-1.5,-1.68,-1.45,-1.58,-1.5
8.766,-1.34,-1.36,-1.59,-1.49,-1.36,-1.37
8.78,-1.21,-1.32,-1.36,-1.37,-1.23,-1.33
8.795,-1.35,-1.49,-1.22,-1.33,-1.34,-1.48
8.809,-1.38,-1.51,-1.33,-1.47,-1.38,-1.51
8.825,-1.56,-1.4,-1.37,-1.5,-1.54,-1.41
8.84,-1.57,-1.37,-1.54,-1.4,-1.57,-1.37
8.854,-1.65,-1.38,-1.56,-1.37,-1.64,-1.38
8.869,-1.64,-1.36,-1.63,-1.38,-1.64,-1.36
8.883,-1.45,-1.45,-1.64,-1.36,-1.47,-1.44
8.898,-1.43,-1.49,-1.47,-1.44,-1.43,-1.48
8.912,-1.56,-1.49,-1.43,-1.48,-1.55,-1.49
8.927,-1.56,-1.42,-1.55,-1.49,-1.56,-1.43
8.941,-1.5,-1.36,-1.56,-1.43,-1.51,-1.36
8.956,-1.47,-1.4,-1.51,-1.37,-1.48,-1.39
8.97,-1.22,-1.41,-1.48,-1.4,-1.25,-1.4
8.985,-1.25,-1.45,-1.25,-1.41,-1.25,-1.45
8.999,-1.56,-1.47,-1.23,-1.45,-1.53,-1.47
9.014,-1.54,-1.42,-1.51,-1.47,-1.54,-1.42
9.028,-1.5,-1.41,-1.53,-1.43,-1.5,-1.41
9.043,-1.52,-1.35,-1.49,-1.41,-1.52,-1.36
9.057,-1.6,-1.33,-1.51,-1.36,-1.59,-1.33
9.072,-1.54,-1.43,-1.59,-1.33,-1.55,-1.42
9.086,-1.37,-1.49,-1.56,-1.42,-1.39,-1.48
9.101,-1.22,-1.54,-1.39,-1.48,-1.24,-1.53
9.115,-1.33,-1.54,-1.23,-1.53,-1.32,-1.54
9.13,-1.56,-1.39,-1.31,-1.54,-1.54,-1.41
9.145,-1.65,-1.24,-1.53,-1.41,-1.64,-1.26
9.16,-1.61,-1.23,-1.64,-1.26,-1.61,-1.24
9.175,-1.54,-1.35,-1.62,-1.23,-1.55,-1.34
9.19,-1.53,-1.54,-1.56,-1.34,-1.54,-1.52
9.204,-1.47,-1.53,-1.55,-1.52,-1.48,-1.53
9.219,-1.14,-1.47,-1.49,-1.54,-1.17,-1.47
9.234,-1.01,-1.38,-1.17,-1.48,-1.03,-1.39
9.25,-1.34,-1.4,-1.02,-1.4,-1.31,-1.4
9.265,-1.65,-1.47,-1.29,-1.4,-1.62,-1.46
9.28,-1.61,-1.32,-1.6,-1.46,-1.61,-1.33
9.294,-1.59,-1.38,-1.61,-1.33,-1.59,-1.37
9.309,-1.58,-1.54,-1.6,-1.37,-1.58,-1.52
9.325,-1.32,-1.5,-1.59,-1.52,-1.35,-1.5
9.34,-1.33,-1.48,-1.36,-1.5,-1.34,-1.48
9.355,-1.46,-1.45,-1.33,-1.48,-1.45,-1.46
9.37,-1.56,-1.39,-1.44,-1.46,-1.55,-1.39
9.385,-1.65,-1.43,-1.55,-1.39,-1.64,-1.42
9.399,-1.6,-1.45,-1.64,-1.42,-1.6,-1.44
9.414,-1.39,-1.44,-1.62,-1.44,-1.41,-1.44
9.429,-0.98,-1.49,-1.43,-1.44,-1.02,-1.49
9.444,-1.03,-1.5,-1.02,-1.49,-1.03,-1.5
9.459,-1.37,-1.44,-1.01,-1.5,-1.34,-1.45
9.474,-1.63,-1.45,-1.31,-1.45,-1.6,-1.45
9.489,-1.63,-1.41,-1.58,-1.46,-1.62,-1.42
9.504,-1.59,-1.38,-1.61,-1.42,-1.59,-1.39
9.518,-1.6,-1.47,-1.59,-1.39,-1.6,-1.46
9.533,-1.54,-1.49,-1.6,-1.46,-1.55,-1.48
9.548,-1.52,-1.36,-1.56,-1.48,-1.52,-1.37
9.563,-1.43,-1.42,-1.53,-1.37,-1.44,-1.41
9.577,-1.28,-1.52,-1.45,-1.41,-1.29,-1.51
9.592,-1.26,-1.45,-1.3,-1.51,-1.27,-1.45
9.607,-1.39,-1.45,-1.27,-1.45,-1.38,-1.45
9.621,-1.42,-1.47,-1.38,-1.44,-1.42,-1.46
9.635,-1.29,-1.49,-1.43,-1.46,-1.31,-1.48
9.65,-1.25,-1.47,-1.31,-1.48,-1.26,-1.47
9.664,-1.52,-1.49,-1.26,-1.47,-1.49,-1.48
9.678,-1.56,-1.49,-1.5,-1.48,-1.55,-1.49
9.693,-1.48,-1.51,-1.55,-1.49,-1.49,-1.51
9.708,-1.05,-1.45,-1.5,-1.5,-1.09,-1.45
9.722,-0.92,-1.48,-1.09,-1.45,-0.94,-1.48
9.737,-1.44,-1.54,-0.93,-1.48,-1.39,-1.54
9.751,-1.89,-1.48,-1.37,-1.54,-1.84,-1.49
9.765,-1.85,-1.42,-1.84,-1.48,-1.85,-1.42
9.78,-1.97,-1.53,-1.89,-1.42,-1.96,-1.52
9.795,-1.24,-1.46,-2.02,-1.52,-1.32,-1.46
9.809,-1.12,-1.38,-1.4,-1.47,-1.15,-1.39
9.824,-0.17,-1.43,-1.23,-1.4,-0.27,-1.42
9.839,-0.54,-1.49,-0.31,-1.42,-0.52,-1.48
9.853,-1.36,-1.53,-0.53,-1.48,-1.28,-1.52
9.868,-1.51,-1.47,-1.29,-1.52,-1.49,-1.48
9.883,-1.82,-1.62,-1.52,-1.48,-1.79,-1.61
9.897,-0.98,-1.97,-1.88,-1.61,-1.07,-1.93
9.912,-0.22,-1.82,-1.2,-1.94,-0.32,-1.83
9.926,0.05,-1.27,-0.48,-1.84,-0.0,-1.32
9.941,0.61,-0.98,-0.14,-1.33,0.53,-1.02
9.955,0.01,-1.41,0.5,-1.01,0.06,-1.37
9.969,-0.4,-1.59,0.06,-1.36,-0.35,-1.57
9.984,-0.49,-1.45,-0.35,-1.56,-0.47,-1.46
9.998,-0.44,-1.38,-0.46,-1.47,-0.44,-1.39
10.013,-0.51,-1.36,-0.42,-1.41,-0.5,-1.36
10.028,-0.51,-1.44,-0.49,-1.36,-0.51,-1.43
10.042,-0.21,-1.6,-0.5,-1.43,-0.24,-1.58
10.057,-0.48,-1.54,-0.21,-1.58,-0.45,-1.55
10.071,-0.78,-1.43,-0.43,-1.55,-0.74,-1.44
10.085,-0.81,-1.44,-0.72,-1.45,-0.8,-1.44
10.1,-0.63,-1.39,-0.79,-1.44,-0.64,-1.4
10.114,-0.27,-1.39,-0.65,-1.4,-0.31,-1.39
10.129,-0.41,-1.44,-0.31,-1.39,-0.4,-1.43
10.143,-0.52,-1.4,-0.39,-1.44,-0.51,-1.41
10.158,-0.54,-1.52,-0.5,-1.41,-0.54,-1.5
10.173,-0.56,-1.5,-0.53,-1.51,-0.56,-1.5
10.188,-0.45,-1.43,-0.55,-1.5,-0.46,-1.44
10.203,-0.68,-1.47,-0.44,-1.44,-0.66,-1.46
10.218,-0.81,-1.45,-0.65,-1.46,-0.8,-1.45
10.232,-0.52,-1.4,-0.81,-1.45,-0.55,-1.4
10.247,-0.48,-1.58,-0.57,-1.4,-0.49,-1.56
10.262,-0.41,-1.58,-0.51,-1.56,-0.42,-1.58
10.277,-0.15,-1.48,-0.44,-1.58,-0.18,-1.49
10.292,-0.12,-1.43,-0.18,-1.49,-0.13,-1.43
10.306,-0.37,-1.45,-0.12,-1.43,-0.34,-1.45
10.321,-0.47,-1.48,-0.31,-1.45,-0.45,-1.48
10.336,-0.06,-1.43,-0.43,-1.48,-0.09,-1.43
10.351,0.68,-1.35,-0.05,-1.43,0.61,-1.36
10.365,0.94,-1.39,0.7,-1.35,0.91,-1.38
10.38,-0.21,-1.45,1.1,-1.37,-0.08,-1.45
10.395,-1.12,-1.49,0.16,-1.43,-0.99,-1.48
10.41,-4.29,-1.88,-0.82,-1.47,-3.95,-1.84
10.425,-2.25,-1.36,-3.87,-1.84,-2.42,-1.41
10.44,0.14,-1.06,-2.43,-1.41,-0.11,-1.1
10.455,-0.08,-1.13,-0.12,-1.09,-0.09,-1.13
10.47,-0.83,-1.28,-0.07,-1.11,-0.76,-1.26
10.485,-3.32,-2.44,-0.73,-1.24,-3.06,-2.32
10.5,-2.21,-1.74,-3.02,-2.31,-2.3,-1.8
10.515,-1.13,-1.43,-2.28,-1.8,-1.24,-1.47
10.53,-1.16,-1.52,-1.25,-1.47,-1.17,-1.51
10.545,-0.86,-1.58,-1.17,-1.51,-0.89,-1.58
10.56,-0.65,-1.66,-0.87,-1.57,-0.67,-1.65
10.575,-1.72,-1.91,-0.63,-1.65,-1.61,-1.88
10.589,-1.34,-1.8,-1.59,-1.88,-1.36,-1.81
10.604,1.15,-0.95,-1.37,-1.8,0.9,-1.04
10.619,6.62,3.44,0.88,-1.02,6.05,2.99
10.633,4.47,2.36,5.98,3.02,4.62,2.43
10.646,-9.18,-6.32,4.54,2.45,-7.8,-5.44
10.661,-0.43,-2.53,-7.82,-5.44,-1.17,-2.82
10.675,-3.52,-1.79,-1.17,-2.84,-3.28,-1.89
10.69,-2.35,-1.69,-3.27,-1.92,-2.45,-1.71
10.704,1.0,-0.81,-2.45,-1.73,0.65,-0.9
10.718,0.0,-1.63,0.61,-0.89,0.06,-1.56
10.733,-4.04,-1.87,0.03,-1.54,-3.64,-1.84
10.747,-2.52,-1.36,-3.64,-1.84,-2.63,-1.4
10.761,-1.18,-1.44,-2.63,-1.41,-1.32,-1.44
10.776,-1.4,-1.54,-1.35,-1.43,-1.4,-1.53
10.79,-1.66,-1.44,-1.43,-1.53,-1.64,-1.45
10.805,-1.36,-1.88,-1.69,-1.46,-1.39,-1.83
10.819,-1.6,-2.18,-1.46,-1.85,-1.59,-2.15
10.834,-1.51,-1.56,-1.66,-2.16,-1.53,-1.62
10.849,-1.07,-1.35,-1.66,-1.63,-1.13,-1.38
10.864,-0.27,-1.54,-1.26,-1.39,-0.37,-1.52
10.879,0.36,-1.45,-0.51,-1.53,0.27,-1.46
10.894,1.73,-1.51,0.16,-1.46,1.58,-1.5
10.908,1.25,-1.75,1.61,-1.51,1.29,-1.72
10.923,1.88,-0.91,1.4,-1.74,1.83,-1.0
10.937,3.44,-0.23,1.95,-1.0,3.29,-0.3
10.951,-5.68,-3.0,3.32,-0.28,-4.78,-2.72
10.965,-4.29,-2.19,-4.69,-2.72,-4.33,-2.25
10.979,-1.7,-1.27,-4.21,-2.26,-1.96,-1.37
10.994,-0.75,-1.4,-1.97,-1.36,-0.87,-1.4
11.008,-0.5,-1.74,-0.92,-1.39,-0.54,-1.7
11.023,-1.03,-1.71,-0.55,-1.69,-0.98,-1.71
11.038,-1.93,-1.67,-0.99,-1.71,-1.84,-1.68
11.052,0.52,-1.49,-1.9,-1.68,0.28,-1.51
11.066,2.98,-1.41,0.23,-1.52,2.7,-1.42
11.081,-0.96,-1.65,2.76,-1.42,-0.59,-1.63
11.095,-2.87,-1.61,-0.4,-1.63,-2.62,-1.61
11.11,1.34,0.05,-2.48,-1.62,0.96,-0.12
11.124,2.09,0.23,0.95,-0.12,1.97,0.2
11.138,-4.74,-3.28,1.95,0.21,-4.07,-2.93
11.152,-2.38,-2.04,-4.05,-2.94,-2.55,-2.13
11.167,0.83,0.22,-2.54,-2.13,0.49,-0.02
11.181,0.46,0.02,0.5,-0.01,0.47,0.02
11.196,-2.9,-2.85,0.46,0.03,-2.57,-2.56
11.211,-1.62,-3.04,-2.63,-2.53,-1.72,-2.99
11.226,-1.05,-1.29,-1.76,-2.97,-1.12,-1.46
11.241,-0.71,-1.37,-1.13,-1.47,-0.75,-1.38
11.256,-0.71,-1.61,-0.77,-1.38,-0.72,-1.59
11.271,-1.24,-1.61,-0.7,-1.59,-1.18,-1.61
11.286,-1.0,-1.66,-1.17,-1.61,-1.02,-1.65
11.301,-0.73,-1.65,-1.02,-1.66,-0.76,-1.65
11.316,-0.91,-1.65,-0.76,-1.66,-0.89,-1.65
11.331,-1.01,-1.65,-0.86,-1.66,-0.99,-1.65
11.346,-0.74,-1.3,-0.95,-1.67,-0.76,-1.34
11.361,-0.88,-1.22,-0.74,-1.35,-0.87,-1.24
11.376,-1.61,-1.5,-0.86,-1.24,-1.54,-1.47
11.391,-1.14,-1.16,-1.53,-1.47,-1.18,-1.19
11.406,2.52,-0.34,-1.18,-1.19,2.15,-0.42
11.42,-3.83,-3.63,2.09,-0.41,-3.24,-3.31
11.435,-2.72,-2.38,-3.3,-3.29,-2.77,-2.47
11.45,-0.61,-1.38,-2.82,-2.47,-0.83,-1.49
11.465,-0.08,-1.43,-0.87,-1.5,-0.16,-1.43
11.48,-0.11,-1.58,-0.19,-1.44,-0.12,-1.57
11.498,-0.36,-1.64,-0.09,-1.57,-0.33,-1.63
11.512,-0.6,-1.6,-0.29,-1.64,-0.57,-1.61
11.527,-0.82,-1.6,-0.51,-1.61,-0.79,-1.61
11.542,-1.15,-1.66,-0.73,-1.61,-1.11,-1.65
11.557,-1.45,-1.61,-1.07,-1.66,-1.41,-1.62
11.572,-1.23,-1.58,-1.39,-1.62,-1.25,-1.59
11.586,-0.7,-1.38,-1.23,-1.6,-0.76,-1.4
11.601,-1.17,-1.26,-0.73,-1.41,-1.13,-1.28
11.615,-1.19,-1.31,-1.11,-1.27,-1.18,-1.3
11.63,-1.49,-1.78,-1.18,-1.28,-1.46,-1.73
11.644,-1.15,-2.43,-1.46,-1.71,-1.18,-2.36
11.659,-1.0,-1.65,-1.19,-2.37,-1.02,-1.72
11.674,-1.28,-1.07,-1.02,-1.73,-1.26,-1.14
11.688,-1.16,-1.43,-1.26,-1.14,-1.17,-1.4
11.703,-0.72,-1.74,-1.18,-1.39,-0.76,-1.7
11.717,-0.82,-1.68,-0.76,-1.7,-0.81,-1.68
11.731,-0.88,-1.73,-0.8,-1.68,-0.87,-1.72
11.746,-1.09,-1.59,-0.85,-1.73,-1.06,-1.6
11.761,-1.49,-1.51,-1.04,-1.61,-1.44,-1.52
11.775,-1.49,-1.53,-1.44,-1.53,-1.48,-1.53
11.79,-1.22,-1.57,-1.49,-1.53,-1.25,-1.57
11.804,-0.98,-1.58,-1.27,-1.57,-1.01,-1.58
11.819,-0.83,-1.55,-1.02,-1.58,-0.85,-1.55
11.833,-0.93,-1.57,-0.85,-1.55,-0.92,-1.57
11.848,-1.01,-1.65,-0.92,-1.57,-1.0,-1.64
11.863,-1.34,-1.6,-0.99,-1.64,-1.3,-1.6
11.878,-1.36,-1.56,-1.3,-1.6,-1.36,-1.57
11.893,-1.49,-1.58,-1.36,-1.57,-1.47,-1.58
11.908,-1.77,-1.62,-1.5,-1.58,-1.75,-1.62
11.922,-1.01,-1.58,-1.79,-1.62,-1.09,-1.58
11.937,-0.96,-1.59,-1.16,-1.58,-0.98,-1.59
11.951,-0.83,-1.56,-1.05,-1.59,-0.85,-1.56
11.966,-0.46,-1.57,-0.94,-1.57,-0.51,-1.57
11.98,0.44,-1.67,-0.59,-1.57,0.33,-1.66
11.995,0.41,-1.73,0.3,-1.67,0.4,-1.72
12.009,-0.23,-1.45,0.41,-1.73,-0.17,-1.48
12.023,0.09,-1.57,-0.13,-1.48,0.07,-1.56
12.038,-0.07,-1.61,0.13,-1.56,-0.05,-1.61
12.052,-1.31,-1.62,0.08,-1.61,-1.17,-1.62
12.066,-2.05,-1.55,-1.03,-1.62,-1.95,-1.56
12.081,-2.01,-1.59,-1.89,-1.56,-2.0,-1.59
12.095,-0.89,-2.05,-1.97,-1.6,-1.0,-2.0
12.11,1.17,-2.86,-0.97,-2.02,0.96,-2.78
12.124,-0.45,-1.48,1.01,-2.8,-0.31,-1.61
12.139,-3.2,-0.37,-0.24,-1.64,-2.9,-0.5
12.153,-2.99,-0.58,-2.84,-0.53,-2.98,-0.57
12.167,-1.36,-1.27,-2.97,-0.57,-1.52,-1.2
12.182,-0.7,-1.65,-1.56,-1.17,-0.79,-1.6
12.197,-0.78,-1.74,-0.8,-1.59,-0.78,-1.72
12.212,-0.87,-1.83,-0.73,-1.74,-0.86,-1.82
12.227,-0.27,-1.64,-0.8,-1.84,-0.32,-1.66
12.242,-2.11,-1.06,-0.22,-1.69,-1.92,-1.12
12.257,-2.77,-0.86,-1.83,-1.12,-2.68,-0.88
12.272,-1.77,-1.35,-2.73,-0.85,-1.86,-1.3
12.287,-1.39,-1.53,-1.92,-1.27,-1.44,-1.5
12.301,-1.12,-1.79,-1.47,-1.5,-1.16,-1.76
12.317,-1.0,-1.88,-1.16,-1.76,-1.01,-1.86
12.332,-1.33,-2.43,-1.0,-1.88,-1.3,-2.38
12.347,-2.26,-5.12,-1.28,-2.39,-2.16,-4.85
12.362,-0.75,-1.04,-2.19,-4.82,-0.89,-1.42
12.377,-1.13,-1.16,-0.89,-1.41,-1.11,-1.18
12.392,-2.01,-4.02,-1.03,-1.22,-1.91,-3.74
12.406,-1.09,-0.3,-1.84,-3.78,-1.16,-0.65
12.421,-0.7,1.57,-1.16,-0.64,-0.74,1.35
12.436,-1.73,-0.58,-0.75,1.36,-1.63,-0.38
12.45,-1.75,-1.4,-1.64,-0.38,-1.74,-1.29
12.465,-1.58,-1.6,-1.76,-1.29,-1.6,-1.57
12.48,-1.49,-1.65,-1.63,-1.56,-1.5,-1.64
12.496,-1.38,-1.8,-1.54,-1.62,-1.39,-1.78
12.511,-1.29,-1.64,-1.43,-1.76,-1.3,-1.65
12.525,-1.05,-1.38,-1.33,-1.63,-1.08,-1.4
12.54,-1.21,-1.55,-1.09,-1.39,-1.2,-1.53
12.555,-1.27,-1.74,-1.2,-1.53,-1.27,-1.72
12.57,-1.01,-1.68,-1.26,-1.72,-1.03,-1.69
12.585,-1.44,-1.54,-1.01,-1.7,-1.4,-1.56
12.599,-1.69,-1.53,-1.37,-1.57,-1.66,-1.53
12.614,-1.69,-1.5,-1.65,-1.54,-1.69,-1.5
12.628,-1.58,-1.47,-1.7,-1.49,-1.59,-1.47
12.642,-1.32,-1.45,-1.62,-1.46,-1.35,-1.45
12.657,-1.25,-1.5,-1.38,-1.43,-1.27,-1.5
12.671,-1.32,-1.6,-1.28,-1.49,-1.32,-1.59
12.686,-1.23,-1.68,-1.33,-1.59,-1.24,-1.67
12.7,-1.33,-1.75,-1.25,-1.67,-1.32,-1.75
12.715,-1.03,-1.67,-1.31,-1.75,-1.06,-1.68
12.729,-1.19,-1.48,-1.04,-1.68,-1.18,-1.5
12.744,-1.43,-1.48,-1.17,-1.5,-1.4,-1.48
12.759,-1.41,-1.56,-1.4,-1.48,-1.41,-1.55
12.773,-1.41,-1.52,-1.41,-1.55,-1.41,-1.53
12.787,-1.32,-1.52,-1.41,-1.52,-1.33,-1.52
12.802,-1.11,-1.63,-1.34,-1.52,-1.13,-1.62
12.816,-1.16,-1.7,-1.13,-1.62,-1.16,-1.69
12.831,-0.97,-1.68,-1.15,-1.69,-0.99,-1.68
12.846,-0.9,-1.68,-0.97,-1.68,-0.91,-1.68
12.861,-1.6,-1.51,-0.88,-1.69,-1.52,-1.52
12.876,-1.68,-1.46,-1.5,-1.53,-1.66,-1.47
12.891,-1.47,-1.52,-1.65,-1.47,-1.49,-1.51
12.905,-1.4,-1.56,-1.49,-1.51,-1.41,-1.56
12.92,-1.3,-1.67,-1.42,-1.55,-1.31,-1.65
12.935,-1.35,-1.6,-1.32,-1.65,-1.35,-1.6
12.95,-1.53,-1.56,-1.35,-1.6,-1.51,-1.57
12.965,-1.87,-1.65,-1.52,-1.56,-1.84,-1.64
12.98,-1.62,-1.56,-1.85,-1.64,-1.64,-1.57
12.994,-0.91,-1.4,-1.64,-1.57,-0.99,-1.42
13.009,-0.9,-1.58,-0.99,-1.42,-0.91,-1.56
13.023,-0.79,-1.69,-0.91,-1.57,-0.8,-1.68
13.038,-1.1,-1.62,-0.8,-1.68,-1.07,-1.63
13.052,-1.24,-1.54,-1.07,-1.63,-1.22,-1.55
13.067,-1.29,-1.6,-1.22,-1.55,-1.29,-1.59
13.081,-1.27,-1.6,-1.29,-1.59,-1.28,-1.6
13.096,-1.18,-1.62,-1.27,-1.6,-1.19,-1.62
13.11,-1.27,-1.67,-1.19,-1.62,-1.27,-1.66
13.125,-1.31,-1.59,-1.26,-1.66,-1.3,-1.6
13.14,-1.34,-1.56,-1.3,-1.6,-1.34,-1.56
13.154,-1.27,-1.57,-1.34,-1.56,-1.28,-1.57
13.172,-1.22,-1.57,-1.28,-1.57,-1.23,-1.57
13.186,-1.15,-1.64,-1.22,-1.57,-1.16,-1.63
13.201,-1.23,-1.62,-1.14,-1.64,-1.22,-1.62
13.216,-1.3,-1.56,-1.2,-1.62,-1.29,-1.57
13.231,-1.32,-1.55,-1.27,-1.58,-1.32,-1.55
13.246,-1.45,-1.51,-1.3,-1.56,-1.44,-1.52
13.261,-1.4,-1.55,-1.43,-1.51,-1.4,-1.55
13.276,-1.3,-1.67,-1.4,-1.55,-1.31,-1.66
13.291,-1.19,-1.63,-1.31,-1.66,-1.2,-1.64
13.305,-1.38,-1.49,-1.2,-1.64,-1.37,-1.51
13.32,-1.35,-1.49,-1.36,-1.51,-1.35,-1.5
13.335,-1.19,-1.69,-1.35,-1.5,-1.21,-1.67
13.35,-1.25,-1.67,-1.21,-1.67,-1.24,-1.67
13.364,-1.43,-1.55,-1.24,-1.67,-1.41,-1.56
13.379,-1.5,-1.51,-1.41,-1.57,-1.49,-1.52
13.394,-1.47,-1.52,-1.49,-1.53,-1.47,-1.52
13.409,-1.38,-1.53,-1.48,-1.52,-1.39,-1.53
13.424,-1.46,-1.6,-1.41,-1.53,-1.46,-1.6
13.439,-1.25,-1.49,-1.47,-1.6,-1.27,-1.5
13.454,-0.78,-1.35,-1.29,-1.5,-0.83,-1.36
13.468,-0.93,-1.38,-0.83,-1.37,-0.92,-1.38
13.484,-1.18,-1.93,-0.9,-1.39,-1.16,-1.87
13.499,-1.61,-2.21,-1.09,-1.9,-1.56,-2.18
13.514,-1.67,-1.58,-1.49,-2.21,-1.66,-1.65
13.529,-1.22,-1.06,-1.62,-1.66,-1.26,-1.12
13.544,-0.88,-1.5,-1.25,-1.12,-0.92,-1.46
13.559,-0.7,-1.97,-0.89,-1.46,-0.72,-1.92
13.574,-0.39,-1.8,-0.67,-1.93,-0.42,-1.82
13.588,-0.68,-1.76,-0.36,-1.83,-0.65,-1.76
13.604,-1.85,-2.15,-0.57,-1.77,-1.72,-2.11
13.619,-2.19,-1.47,-1.67,-2.1,-2.14,-1.54
13.633,-2.86,-0.73,-2.1,-1.55,-2.78,-0.81
13.648,-3.3,-0.49,-2.76,-0.82,-3.24,-0.53
13.663,-2.55,-0.54,-3.25,-0.53,-2.62,-0.54
13.677,-2.31,-0.83,-2.71,-0.53,-2.35,-0.8
13.691,-2.15,-1.28,-2.47,-0.76,-2.18,-1.22
13.706,-2.27,-1.58,-2.33,-1.19,-2.27,-1.54
13.72,0.57,-2.21,-2.39,-1.52,0.27,-2.14
13.734,1.49,-2.42,0.23,-2.15,1.37,-2.39
13.749,0.29,-1.95,1.36,-2.39,0.4,-1.99
13.763,-1.04,-1.62,0.48,-2.01,-0.89,-1.66
13.778,-3.08,-1.42,-0.77,-1.68,-2.85,-1.44
13.792,-3.14,-1.31,-2.83,-1.46,-3.11,-1.32
13.807,-2.86,-1.39,-3.15,-1.33,-2.89,-1.39
13.821,-2.65,-1.46,-3.06,-1.39,-2.69,-1.45
13.836,-1.64,-1.43,-2.9,-1.45,-1.77,-1.43
13.85,0.55,-1.21,-2.03,-1.43,0.29,-1.24
13.865,0.98,-1.25,0.17,-1.24,0.9,-1.25
13.879,0.06,-1.69,0.87,-1.26,0.14,-1.65
13.894,-0.25,-1.88,0.08,-1.64,-0.22,-1.85
13.909,0.09,-1.6,-0.29,-1.85,0.05,-1.63
13.923,0.2,-1.59,0.04,-1.63,0.18,-1.59
13.937,-0.05,-1.54,0.19,-1.59,-0.02,-1.55
13.952,-0.25,-1.45,0.01,-1.56,-0.22,-1.46
13.966,-0.25,-1.5,-0.18,-1.47,-0.24,-1.49
13.981,0.41,-1.5,-0.19,-1.51,0.35,-1.5
13.995,1.45,-1.42,0.43,-1.51,1.35,-1.43
14.01,0.55,-1.4,1.54,-1.45,0.64,-1.41
14.024,-0.81,-1.47,0.89,-1.42,-0.64,-1.46
14.038,-3.7,-1.84,-0.39,-1.47,-3.37,-1.8
14.052,-3.78,-1.68,-3.24,-1.81,-3.72,-1.69
14.067,-2.0,-0.99,-3.7,-1.7,-2.17,-1.06
14.081,-2.35,-1.15,-2.22,-1.06,-2.34,-1.14
14.096,-2.77,-1.34,-2.4,-1.14,-2.73,-1.32
14.11,-2.13,-1.39,-2.9,-1.31,-2.21,-1.38
14.125,-0.29,-1.23,-2.43,-1.37,-0.5,-1.25
14.139,0.54,-0.72,-0.71,-1.24,0.41,-0.77
14.153,-0.55,-1.22,0.26,-0.76,-0.47,-1.17
14.168,-0.33,-1.84,-0.52,-1.17,-0.35,-1.78
14.182,0.26,-2.13,-0.39,-1.77,0.2,-2.1
14.197,-0.08,-1.67,0.16,-2.08,-0.06,-1.71
14.211,0.14,-1.73,-0.08,-1.69,0.12,-1.72
14.226,0.59,-2.07,0.11,-1.71,0.54,-2.03
14.241,0.11,-1.89,0.55,-2.03,0.15,-1.9
14.255,-0.5,-1.49,0.17,-1.91,-0.43,-1.53
14.27,-0.6,-1.34,-0.41,-1.54,-0.58,-1.36
14.285,-0.52,-1.38,-0.57,-1.37,-0.53,-1.38
14.3,-0.72,-1.39,-0.54,-1.38,-0.7,-1.39
14.315,-0.52,-1.52,-0.71,-1.39,-0.54,-1.51
14.33,-0.39,-1.49,-0.53,-1.5,-0.4,-1.5
14.345,-0.11,-1.45,-0.4,-1.48,-0.14,-1.45
14.36,-1.16,-1.68,-0.15,-1.44,-1.06,-1.65
14.375,-0.55,-1.72,-1.06,-1.65,-0.6,-1.71
14.389,1.27,-1.45,-0.6,-1.71,1.08,-1.48
14.404,-0.07,-1.8,1.08,-1.47,0.05,-1.76
14.419,-0.14,-1.89,0.05,-1.77,-0.12,-1.88
14.434,0.49,-1.53,-0.11,-1.89,0.43,-1.57
14.449,0.01,-1.4,0.46,-1.58,0.06,-1.42
14.464,-1.14,-1.25,0.1,-1.43,-1.01,-1.27
14.479,-0.96,-1.82,-1.0,-1.28,-0.96,-1.77
14.494,-0.98,-2.12,-0.99,-1.77,-0.98,-2.09
14.509,-1.19,-2.25,-0.98,-2.1,-1.17,-2.24
14.524,-1.33,-3.31,-1.15,-2.26,-1.31,-3.2
14.539,-1.1,-1.83,-1.29,-3.21,-1.12,-1.97
14.554,1.98,0.19,-1.05,-2.01,1.67,-0.03
14.568,4.34,1.43,1.74,-0.06,4.08,1.28
14.583,1.03,-0.78,4.2,1.29,1.35,-0.58
14.598,-0.84,-1.83,1.52,-0.57,-0.61,-1.7
14.611,-0.85,-1.56,-0.4,-1.69,-0.8,-1.57
14.625,-2.26,-1.7,-0.6,-1.56,-2.09,-1.69
14.64,-1.7,-1.47,-1.91,-1.68,-1.72,-1.49
14.654,-1.48,-1.41,-1.64,-1.48,-1.5,-1.42
14.669,-2.56,-1.6,-1.43,-1.41,-2.45,-1.58
14.683,-2.19,-1.52,-2.43,-1.58,-2.21,-1.53
14.698,-1.62,-1.52,-2.22,-1.53,-1.68,-1.52
14.712,-1.04,-1.15,-1.7,-1.52,-1.1,-1.18
14.726,-1.12,-1.06,-1.11,-1.18,-1.12,-1.07
14.741,-1.74,-1.34,-1.11,-1.07,-1.68,-1.31
14.755,-1.64,-1.37,-1.68,-1.31,-1.64,-1.37
14.77,-1.49,-1.68,-1.65,-1.36,-1.5,-1.65
14.785,-1.47,-1.6,-1.52,-1.64,-1.48,-1.61
14.799,-1.51,-1.48,-1.49,-1.6,-1.51,-1.5
14.814,-1.48,-1.49,-1.52,-1.49,-1.48,-1.49
14.828,-1.43,-1.65,-1.49,-1.49,-1.44,-1.63
14.842,-1.62,-1.68,-1.44,-1.63,-1.6,-1.68
14.857,-1.38,-1.5,-1.6,-1.68,-1.4,-1.52
14.872,-1.06,-1.39,-1.4,-1.52,-1.1,-1.41
14.887,-1.09,-1.59,-1.09,-1.41,-1.09,-1.58
14.902,-0.88,-1.79,-1.07,-1.58,-0.9,-1.77
14.917,-1.6,-1.54,-0.87,-1.77,-1.53,-1.56
14.932,-1.68,-1.44,-1.5,-1.57,-1.66,-1.45
14.946,-1.83,-1.44,-1.66,-1.45,-1.81,-1.44
14.961,-1.71,-1.53,-1.84,-1.43,-1.73,-1.52
14.975,-1.12,-1.63,-1.75,-1.51,-1.19,-1.62
14.99,-1.87,-1.73,-1.18,-1.63,-1.8,-1.72
15.004,-3.07,-1.9,-1.8,-1.73,-2.94,-1.88
15.019,-2.65,-1.77,-3.0,-1.88,-2.68,-1.78
15.034,-1.2,-1.76,-2.79,-1.78,-1.36,-1.76
15.049,-1.09,-1.74,-1.54,-1.77,-1.13,-1.74
15.063,-1.97,-4.33,-1.29,-1.74,-1.9,-4.07
15.078,1.22,-1.17,-1.93,-4.03,0.91,-1.46
15.092,1.72,-0.6,0.92,-1.43,1.64,-0.68
15.106,0.62,0.07,1.66,-0.66,0.72,-0.0
15.12,0.06,0.08,0.78,-0.02,0.13,0.07
15.135,-0.02,-0.87,0.19,0.06,-0.0,-0.78
15.151,-0.52,-1.64,0.08,-0.77,-0.46,-1.55
15.165,-1.86,-2.43,-0.35,-1.55,-1.71,-2.34
15.179,-2.75,-2.33,-1.6,-2.35,-2.64,-2.33
15.194,-1.59,-1.07,-2.57,-2.34,-1.69,-1.2
15.208,-1.76,-1.32,-1.67,-1.21,-1.75,-1.31
15.223,-4.38,-4.11,-1.75,-1.31,-4.12,-3.83
15.238,-5.27,-4.24,-4.14,-3.83,-5.16,-4.2
15.253,-2.34,-2.49,-5.16,-4.21,-2.62,-2.66
15.268,-0.67,-1.45,-2.64,-2.65,-0.87,-1.57
15.282,1.5,-0.66,-0.91,-1.55,1.26,-0.75
15.297,2.59,-0.05,1.28,-0.72,2.46,-0.12
15.311,0.32,-0.91,2.47,-0.1,0.54,-0.83
15.326,-0.65,-1.29,0.54,-0.83,-0.53,-1.24
15.341,-1.84,-1.78,-0.5,-1.25,-1.71,-1.72
15.356,-1.57,-1.88,-1.68,-1.72,-1.58,-1.86
15.371,-1.21,-1.47,-1.55,-1.86,-1.24,-1.51
15.386,-1.67,-1.34,-1.21,-1.5,-1.63,-1.36
15.401,-1.62,-1.63,-1.61,-1.35,-1.62,-1.6
15.416,-1.04,-1.48,-1.64,-1.59,-1.1,-1.49
15.431,-1.13,-1.25,-1.11,-1.48,-1.13,-1.27
15.445,-1.68,-0.6,-1.1,-1.27,-1.62,-0.67
15.46,-1.03,-1.37,-1.6,-0.66,-1.08,-1.3
15.475,-1.18,-1.69,-1.06,-1.3,-1.17,-1.65
15.489,0.35,-2.21,-1.14,-1.66,0.2,-2.16
15.504,-0.7,-1.85,0.22,-2.15,-0.61,-1.88
15.518,-2.2,-0.98,-0.59,-1.88,-2.04,-1.07
15.533,-1.73,-1.0,-2.01,-1.07,-1.76,-1.01
15.548,-0.88,-2.07,-1.74,-1.0,-0.97,-1.97
15.563,-0.82,-3.11,-0.96,-1.97,-0.84,-3.0
15.578,0.98,-4.08,-0.84,-3.01,0.8,-3.97
15.593,0.14,-3.45,0.78,-3.97,0.21,-3.5
15.607,-3.29,-1.42,0.2,-3.5,-2.94,-1.63
15.621,-2.64,-0.68,-2.94,-1.63,-2.67,-0.78
15.635,-2.47,0.03,-2.67,-0.78,-2.49,-0.05
15.65,-1.63,-0.74,-2.49,-0.05,-1.71,-0.67
15.664,0.25,-1.72,-1.69,-0.67,0.05,-1.62
15.678,-0.48,-2.32,0.08,-1.62,-0.42,-2.25
15.693,-4.31,-1.44,-0.44,-2.23,-3.92,-1.52
15.707,-4.12,0.39,-3.92,-1.51,-4.1,0.2
15.721,-2.5,-1.15,-4.08,0.2,-2.66,-1.02
15.735,-1.73,-2.17,-2.65,-1.02,-1.82,-2.05
15.75,-1.93,-1.68,-1.83,-2.05,-1.92,-1.72
15.764,-1.78,-1.45,-1.94,-1.72,-1.8,-1.47
15.779,-1.15,-1.49,-1.82,-1.47,-1.22,-1.49
15.793,-1.44,-1.53,-1.22,-1.48,-1.42,-1.52
15.807,-1.54,-1.41,-1.41,-1.52,-1.53,-1.42
15.822,-1.63,-1.2,-1.53,-1.42,-1.62,-1.22
15.836,-1.83,-0.96,-1.63,-1.22,-1.81,-0.98
15.85,-1.77,-1.35,-1.83,-0.98,-1.77,-1.32
15.865,-1.71,-1.31,-1.81,-1.32,-1.72,-1.31
15.88,-1.35,-1.63,-1.76,-1.31,-1.39,-1.6
15.894,-1.62,-2.1,-1.43,-1.6,-1.6,-2.05
15.909,-1.88,-2.01,-1.62,-2.05,-1.85,-2.02
15.924,-1.95,-1.9,-1.9,-2.02,-1.95,-1.91
15.938,-2.04,-1.58,-2.06,-1.9,-2.04,-1.61
15.953,0.37,-2.27,-2.17,-1.6,0.11,-2.2
15.967,2.06,-2.22,0.01,-2.19,1.85,-2.22
15.981,1.77,-1.88,1.84,-2.21,1.77,-1.91
15.995,-0.83,0.16,1.85,-1.91,-0.56,-0.05
16.01,-1.15,-0.41,-0.46,-0.05,-1.08,-0.38
16.024,-2.74,-2.79,-1.0,-0.37,-2.57,-2.55
16.038,-3.2,-2.24,-2.52,-2.55,-3.13,-2.27
16.053,-1.76,-1.67,-3.13,-2.27,-1.9,-1.73
16.067,-1.15,-1.42,-1.96,-1.73,-1.23,-1.45
16.082,0.22,-1.83,-1.29,-1.45,0.07,-1.79
16.096,-0.13,-1.87,0.06,-1.79,-0.11,-1.86
16.11,-0.12,-0.65,-0.09,-1.87,-0.11,-0.78
16.125,-1.29,-2.54,-0.1,-0.79,-1.17,-2.37
16.139,-1.78,-2.57,-1.16,-2.38,-1.72,-2.55
16.154,-1.78,-1.73,-1.69,-2.57,-1.77,-1.81
16.168,-1.18,-1.59,-1.76,-1.82,-1.24,-1.61
16.183,1.4,-0.26,-1.24,-1.62,1.14,-0.4
16.197,-2.35,-2.42,1.1,-0.4,-2.01,-2.22
16.212,2.96,-2.49,-2.04,-2.23,2.46,-2.47
16.227,-0.09,-2.19,2.42,-2.46,0.16,-2.22
16.242,-3.25,-2.26,0.11,-2.21,-2.92,-2.25
16.256,8.15,-1.29,-2.92,-2.26,7.04,-1.39
16.271,-3.44,-0.76,7.05,-1.4,-2.39,-0.82
16.286,-3.43,-0.01,-2.41,-0.84,-3.33,-0.09
16.301,0.48,-1.68,-3.5,-0.09,0.09,-1.52
16.315,-2.19,-2.17,-0.03,-1.51,-1.98,-2.1
16.33,-6.57,-1.62,-1.98,-2.11,-6.12,-1.67
16.346,-1.01,-1.23,-6.12,-1.69,-1.52,-1.28
16.36,2.38,-1.68,-1.58,-1.3,1.98,-1.64
16.375,3.45,-1.45,1.93,-1.64,3.3,-1.47
16.389,-3.75,-1.15,3.28,-1.45,-3.05,-1.18
16.404,-4.45,-0.99,-2.97,-1.19,-4.3,-1.01
16.418,-1.51,-1.53,-4.21,-1.03,-1.78,-1.48
16.433,-0.44,-1.13,-1.67,-1.49,-0.56,-1.17
16.448,-2.31,-1.28,-0.43,-1.18,-2.12,-1.27
16.464,-2.37,-1.71,-2.05,-1.28,-2.34,-1.67
16.479,-0.65,-2.43,-2.33,-1.67,-0.82,-2.35
16.493,-0.84,-2.07,-0.87,-2.35,-0.84,-2.1
16.508,-0.12,-1.32,-0.9,-2.1,-0.2,-1.4
16.523,-0.14,-1.47,-0.25,-1.41,-0.15,-1.46
16.538,-0.54,-2.24,-0.17,-1.47,-0.51,-2.16
16.553,-0.48,-2.36,-0.52,-2.16,-0.48,-2.34
16.568,0.94,-1.84,-0.51,-2.35,0.8,-1.89
16.582,0.82,-1.25,0.76,-1.89,0.81,-1.31
16.597,-0.93,-0.11,0.78,-1.31,-0.76,-0.23
16.611,-2.79,-1.67,-0.81,-0.23,-2.59,-1.53
16.626,-1.76,-1.47,-2.64,-1.53,-1.84,-1.48
16.64,-2.02,-0.9,-1.88,-1.46,-2.0,-0.95
16.655,-1.06,-0.7,-2.06,-0.93,-1.16,-0.73
16.67,-0.57,-0.65,-1.2,-0.71,-0.63,-0.65
16.684,0.95,1.02,-0.64,-0.64,0.79,0.85
16.699,1.88,1.06,0.85,0.84,1.77,1.04
16.712,0.88,-1.53,1.85,1.01,0.97,-1.28
16.727,-1.93,-1.73,1.05,-1.29,-1.63,-1.68
16.741,0.12,-0.85,-1.57,-1.68,-0.05,-0.93
16.756,-4.84,-4.76,-0.02,-0.94,-4.35,-4.38
16.77,-3.84,-5.28,-4.37,-4.37,-3.89,-5.19
16.785,-0.57,-1.23,-3.9,-5.17,-0.91,-1.63
16.799,-0.78,-0.71,-0.85,-1.64,-0.79,-0.8
16.814,0.85,-1.63,-0.69,-0.84,0.69,-1.55
16.828,1.34,-1.72,0.73,-1.55,1.28,-1.7
16.842,0.99,-1.62,1.26,-1.67,1.02,-1.63
16.856,0.47,-0.96,0.98,-1.6,0.52,-1.02
16.871,0.13,-1.48,0.54,-1.02,0.17,-1.44
16.885,0.61,-0.38,0.23,-1.45,0.57,-0.49
16.9,-0.1,-1.07,0.65,-0.51,-0.02,-1.01
16.914,-0.59,-2.16,0.09,-1.04,-0.52,-2.05
16.93,-1.57,-2.36,-0.32,-2.1,-1.44,-2.33
16.944,-4.23,-1.99,-1.25,-2.38,-3.93,-2.03
16.959,-3.09,-1.57,-4.05,-2.04,-3.19,-1.62
16.973,-1.83,-1.05,-3.43,-1.62,-1.99,-1.11
16.988,-2.07,-1.08,-1.97,-1.1,-2.06,-1.08
17.002,-0.79,-1.8,-1.88,-1.07,-0.9,-1.72
17.017,0.42,-1.8,-0.87,-1.73,0.29,-1.79
17.033,-0.09,-1.58,0.3,-1.82,-0.05,-1.61
17.047,-1.08,-1.53,0.04,-1.64,-0.97,-1.54
17.061,7.31,-0.51,-0.84,-1.58,6.5,-0.61
17.075,12.23,-0.59,6.47,-0.6,11.65,-0.59
17.09,-13.9,-2.87,11.55,-0.56,-11.35,-2.64
17.104,-10.44,-1.81,-11.29,-2.67,-10.53,-1.89
17.119,-5.35,-2.65,-10.44,-1.92,-5.86,-2.58
17.133,-2.91,-2.83,-5.84,-2.58,-3.21,-2.81
17.148,-2.31,-1.56,-3.49,-2.73,-2.43,-1.68
17.162,-1.46,-0.66,-2.78,-1.62,-1.59,-0.75
17.177,0.9,-1.35,-1.91,-0.71,0.62,-1.29
17.191,5.4,-3.72,0.25,-1.22,4.88,-3.47
17.205,3.4,-3.88,4.63,-3.4,3.52,-3.83
17.22,0.1,-0.8,3.55,-3.75,0.44,-1.1
17.235,1.49,0.98,0.8,-1.05,1.42,0.77
17.249,-5.37,0.44,1.79,0.78,-4.65,0.47
17.263,-7.68,-3.17,-4.23,0.44,-7.34,-2.81
17.278,2.55,2.2,-7.1,-2.85,1.58,1.69
17.293,1.0,9.21,1.68,1.67,1.06,8.46
17.307,-2.1,2.91,1.1,8.46,-1.78,3.47
17.321,-2.39,-4.49,-1.79,3.47,-2.33,-3.7
17.336,-0.46,-4.48,-2.31,-3.72,-0.65,-4.41
17.351,-0.97,-3.5,-0.65,-4.4,-0.94,-3.59
17.366,-2.17,-2.29,-0.93,-3.59,-2.05,-2.42
17.381,-1.78,-0.34,-2.02,-2.43,-1.8,-0.55
17.396,-2.54,-1.46,-1.8,-0.54,-2.46,-1.37
17.411,-3.57,-2.44,-2.45,-1.35,-3.45,-2.33
17.426,-3.25,-1.17,-3.43,-2.34,-3.27,-1.29
17.441,-4.62,-1.73,-3.27,-1.3,-4.48,-1.68
17.456,1.05,-1.55,-4.47,-1.68,0.5,-1.56
17.471,2.81,-1.26,0.53,-1.58,2.58,-1.29
17.485,4.33,-1.37,2.58,-1.29,4.15,-1.36
17.5,1.68,-1.3,4.17,-1.35,1.93,-1.31
17.515,-0.91,-1.08,1.98,-1.3,-0.62,-1.1
17.53,-1.89,-0.72,-0.62,-1.09,-1.76,-0.76
17.545,-2.81,-0.74,-1.78,-0.75,-2.71,-0.74
17.56,-1.83,-1.56,-2.78,-0.72,-1.93,-1.47
17.575,-2.8,-1.57,-1.99,-1.46,-2.72,-1.56
17.59,-0.51,-1.81,-2.71,-1.56,-0.73,-1.79
17.605,1.38,-3.14,-0.69,-1.79,1.18,-3.01
17.619,0.37,-2.66,1.2,-3.0,0.45,-2.69
17.634,-1.36,-2.16,0.46,-2.69,-1.18,-2.21
17.648,-2.03,-1.83,-1.16,-2.21,-1.94,-1.87
17.662,-2.23,-1.57,-1.93,-1.87,-2.2,-1.6
17.677,-1.26,-1.52,-2.21,-1.59,-1.36,-1.52
17.691,-0.96,-1.67,-1.38,-1.52,-1.0,-1.65
17.706,-0.94,-2.13,-1.01,-1.66,-0.94,-2.08
17.72,-1.22,-2.14,-0.92,-2.09,-1.19,-2.14
17.735,-1.51,-1.47,-1.17,-2.15,-1.48,-1.54
17.749,-1.64,-1.55,-1.48,-1.54,-1.62,-1.55
17.764,-1.29,-1.15,-1.62,-1.55,-1.32,-1.19
17.778,-0.74,-0.59,-1.31,-1.19,-0.79,-0.65
17.793,1.04,1.17,-0.78,-0.65,0.86,0.99
17.807,2.79,2.56,0.85,1.0,2.59,2.4
17.821,0.49,-0.71,2.55,2.41,0.69,-0.4
17.835,-4.44,-5.76,0.64,-0.39,-3.94,-5.23
17.85,-0.95,-2.69,-3.97,-5.23,-1.25,-2.94
17.864,-2.36,0.38,-1.27,-2.95,-2.25,0.05
17.879,-4.61,0.12,-2.37,0.04,-4.38,0.11
17.893,2.73,1.27,-4.66,0.1,1.99,1.15
17.908,2.06,-0.56,1.53,1.14,2.01,-0.39
17.922,-0.12,-2.69,1.6,-0.4,0.05,-2.46
17.936,-2.7,-4.83,-0.0,-2.45,-2.43,-4.59
17.951,-0.71,-5.15,-2.45,-4.58,-0.88,-5.09
17.966,-1.2,-3.52,-0.94,-5.1,-1.18,-3.68
17.98,0.97,-1.13,-1.38,-3.68,0.73,-1.38
17.995,5.38,-0.89,0.12,-1.38,4.85,-0.94
18.009,4.82,-1.19,4.59,-0.94,4.79,-1.17
18.024,-0.65,-1.39,5.34,-1.17,-0.05,-1.37
18.038,-1.96,-1.4,0.49,-1.37,-1.71,-1.39
18.052,-0.36,-1.53,-1.37,-1.4,-0.46,-1.52
18.067,0.23,-1.74,-0.51,-1.52,0.15,-1.72
18.081,0.52,-2.74,0.11,-1.72,0.48,-2.64
18.095,0.5,-2.57,0.49,-2.64,0.5,-2.57
18.109,0.62,-1.5,0.52,-2.58,0.61,-1.61
18.123,1.83,-2.0,0.64,-1.61,1.71,-1.96
18.137,5.07,-3.66,1.77,-1.98,4.74,-3.49
18.151,2.4,-1.74,4.83,-3.5,2.64,-1.92
18.166,-2.16,-2.24,2.84,-1.94,-1.66,-2.21
18.18,-5.03,-2.0,-1.38,-2.25,-4.66,-2.02
18.195,-3.48,-2.48,-4.56,-2.04,-3.58,-2.44
18.209,-2.11,0.5,-3.57,-2.46,-2.26,0.2
18.224,-0.24,0.31,-2.3,0.2,-0.44,0.3
18.238,-2.77,-3.31,-0.49,0.32,-2.54,-2.95
18.253,-3.87,-5.5,-2.57,-2.92,-3.74,-5.25
18.268,-1.58,-2.9,-3.82,-5.22,-1.8,-3.14
18.282,-2.53,-1.41,-1.78,-3.1,-2.45,-1.58
18.297,-0.78,0.96,-2.29,-1.56,-0.93,0.71
18.312,1.25,0.86,-0.84,0.69,1.04,0.84
18.327,2.62,1.76,1.06,0.83,2.47,1.67
18.341,0.02,-0.01,2.45,1.68,0.26,0.16
18.355,-1.4,-1.11,0.27,0.16,-1.23,-0.98
18.37,0.91,-1.67,-1.14,-0.99,0.7,-1.61
18.384,1.01,-1.49,0.86,-1.62,1.0,-1.5
18.399,-1.88,-2.81,1.2,-1.51,-1.57,-2.68
18.414,-0.82,-2.82,-1.5,-2.69,-0.88,-2.81
18.429,-0.91,-2.37,-0.88,-2.81,-0.91,-2.42
18.444,-3.33,-4.63,-0.88,-2.42,-3.08,-4.41
18.459,-1.85,-1.63,-2.9,-4.42,-1.95,-1.91
18.474,0.18,0.48,-1.79,-1.92,-0.02,0.24
18.489,0.96,0.54,-0.01,0.24,0.87,0.51
18.504,-1.41,-1.78,0.87,0.49,-1.18,-1.56
18.518,-3.99,-3.04,-1.12,-1.59,-3.7,-2.9
18.533,-3.69,-1.53,-3.63,-2.93,-3.69,-1.67
18.548,-1.52,0.29,-3.69,-1.67,-1.74,0.09
18.562,-2.37,-1.29,-1.77,0.1,-2.31,-1.15
18.577,0.62,-1.75,-2.33,-1.14,0.32,-1.69
18.592,0.49,-1.73,0.29,-1.66,0.47,-1.72
18.607,-1.68,-1.71,0.47,-1.71,-1.47,-1.71
18.622,-1.92,-1.56,-1.45,-1.71,-1.87,-1.57
18.636,-1.41,-1.25,-1.85,-1.58,-1.46,-1.28
18.651,-1.33,-1.36,-1.45,-1.28,-1.34,-1.35
18.665,-1.4,-1.79,-1.34,-1.35,-1.39,-1.75
18.68,-1.39,-1.91,-1.38,-1.75,-1.39,-1.9
18.694,-1.9,-1.72,-1.37,-1.9,-1.85,-1.74
18.708,-2.45,-2.09,-1.83,-1.74,-2.39,-2.06
18.723,-1.49,-1.69,-2.37,-2.07,-1.58,-1.73
18.737,-0.98,-1.45,-1.58,-1.72,-1.04,-1.48
18.752,-1.14,-1.34,-1.03,-1.48,-1.13,-1.36
18.767,-1.42,-1.11,-1.09,-1.37,-1.39,-1.13
18.782,-1.55,-0.87,-1.36,-1.14,-1.53,-0.9
18.796,-1.67,-1.2,-1.53,-0.9,-1.66,-1.17
18.81,-1.47,-1.54,-1.66,-1.17,-1.49,-1.5
18.825,-1.38,-1.62,-1.49,-1.5,-1.39,-1.61
18.84,-1.33,-1.62,-1.38,-1.61,-1.33,-1.62
18.854,-1.33,-1.43,-1.31,-1.62,-1.33,-1.45
18.869,-1.56,-1.44,-1.29,-1.46,-1.53,-1.44
18.883,-1.89,-1.41,-1.49,-1.45,-1.85,-1.42
18.898,-1.82,-1.44,-1.83,-1.42,-1.82,-1.44
18.914,-1.73,-1.54,-1.8,-1.44,-1.74,-1.53
18.929,-1.9,-1.51,-1.71,-1.53,-1.88,-1.51
18.944,-1.96,-1.5,-1.87,-1.51,-1.95,-1.5
18.959,-2.02,-1.52,-1.95,-1.5,-2.01,-1.52
18.973,-1.74,-1.51,-2.01,-1.52,-1.76,-1.51
18.988,-1.65,-1.51,-1.77,-1.51,-1.66,-1.51
19.002,-1.48,-1.54,-1.66,-1.52,-1.5,-1.53
19.017,-1.58,-1.59,-1.48,-1.54,-1.57,-1.59
19.031,-1.58,-1.42,-1.55,-1.6,-1.58,-1.44
19.046,-1.41,-1.27,-1.55,-1.46,-1.42,-1.29
19.06,-1.13,-1.49,-1.39,-1.32,-1.15,-1.48
19.075,-1.11,-1.32,-1.12,-1.51,-1.11,-1.34
19.09,-2.71,-1.2,-1.09,-1.37,-2.54,-1.21
19.104,-2.57,-1.16,-2.54,-1.21,-2.57,-1.17
19.118,-2.0,-1.31,-2.56,-1.17,-2.05,-1.3
19.133,-1.84,-1.31,-2.06,-1.3,-1.86,-1.31
19.148,-1.72,-1.48,-1.87,-1.31,-1.74,-1.46
19.162,-1.67,-1.55,-1.74,-1.47,-1.67,-1.54
19.176,-2.01,-3.33,-1.68,-1.54,-1.98,-3.15
19.191,-0.57,-3.45,-1.99,-3.18,-0.71,-3.42
19.206,0.19,-0.89,-0.71,-3.46,0.1,-1.15
19.22,-4.4,-2.17,0.13,-1.14,-3.95,-2.07
19.235,-3.86,-3.22,-3.94,-2.06,-3.87,-3.1
19.25,-1.5,-1.74,-3.91,-3.11,-1.74,-1.87
19.265,-1.77,-0.41,-1.76,-1.88,-1.77,-0.55
19.28,0.31,2.11,-1.73,-0.56,0.11,1.85
19.294,-1.09,1.29,0.16,1.85,-0.97,1.34
19.309,-2.62,-0.74,-0.95,1.37,-2.46,-0.53
19.323,-1.98,-0.74,-2.5,-0.48,-2.03,-0.72
19.339,-1.79,-1.38,-2.07,-0.69,-1.82,-1.31
19.353,-1.78,-1.67,-1.84,-1.3,-1.78,-1.64
19.368,-1.62,-2.19,-1.8,-1.63,-1.63,-2.14
19.383,-1.68,-2.55,-1.64,-2.13,-1.67,-2.51
19.398,-1.65,-2.39,-1.68,-2.5,-1.65,-2.4
19.413,-1.56,-1.77,-1.65,-2.4,-1.57,-1.83
19.428,-1.9,-1.29,-1.57,-1.84,-1.87,-1.35
19.443,-1.92,-1.33,-1.86,-1.35,-1.92,-1.33
19.458,-1.75,-1.5,-1.93,-1.32,-1.77,-1.48
19.473,-1.59,-1.41,-1.79,-1.47,-1.61,-1.42
19.488,-1.53,-1.54,-1.61,-1.41,-1.54,-1.52
19.503,-2.06,-1.66,-1.54,-1.52,-2.01,-1.64
19.518,-2.05,-1.71,-2.01,-1.64,-2.05,-1.7
19.532,-1.54,-1.49,-2.05,-1.7,-1.59,-1.51
19.547,-1.8,-1.42,-1.58,-1.52,-1.77,-1.43
19.562,-1.8,-1.29,-1.77,-1.44,-1.8,-1.3
19.577,-1.67,-1.21,-1.8,-1.31,-1.68,-1.22
19.592,-1.72,-1.56,-1.69,-1.22,-1.71,-1.53
19.607,-1.6,-1.66,-1.72,-1.53,-1.61,-1.65
19.622,-1.47,-1.69,-1.62,-1.64,-1.49,-1.69
19.637,-1.54,-1.52,-1.49,-1.69,-1.53,-1.53
19.652,-1.58,-1.25,-1.53,-1.53,-1.57,-1.28
19.667,-1.77,-1.38,-1.56,-1.28,-1.75,-1.37
19.682,-1.63,-1.6,-1.74,-1.37,-1.64,-1.58
19.696,-1.45,-1.61,-1.64,-1.58,-1.47,-1.61
19.711,-1.74,-1.3,-1.46,-1.61,-1.71,-1.33
19.725,-1.96,-1.26,-1.69,-1.33,-1.93,-1.27
19.74,-2.01,-1.51,-1.92,-1.27,-2.0,-1.48
19.754,-1.71,-1.5,-2.01,-1.48,-1.74,-1.5
19.769,-1.53,-1.43,-1.76,-1.49,-1.56,-1.44
19.784,-1.73,-1.87,-1.56,-1.44,-1.71,-1.83
19.798,-1.6,-1.82,-1.72,-1.83,-1.62,-1.82
19.813,-1.57,-1.49,-1.63,-1.82,-1.57,-1.53
19.827,-1.66,-1.47,-1.59,-1.52,-1.65,-1.48
19.842,-1.75,-1.54,-1.66,-1.47,-1.75,-1.53
19.856,-1.63,-1.59,-1.77,-1.52,-1.64,-1.58
19.871,-1.32,-1.67,-1.67,-1.57,-1.35,-1.66
19.886,-1.19,-1.65,-1.36,-1.65,-1.21,-1.65
19.901,-1.26,-1.54,-1.2,-1.64,-1.26,-1.55
19.916,-1.5,-1.55,-1.22,-1.55,-1.47,-1.55
19.931,-2.0,-1.5,-1.44,-1.56,-1.94,-1.51
19.946,-1.99,-1.53,-1.92,-1.51,-1.99,-1.52
19.961,-1.8,-1.6,-1.98,-1.52,-1.82,-1.59
19.976,-1.74,-1.58,-1.83,-1.59,-1.75,-1.58
19.99,-1.56,-1.6,-1.77,-1.58,-1.58,-1.6
20.004,-1.48,-1.65,-1.59,-1.6,-1.49,-1.65
20.019,-1.52,-1.64,-1.5,-1.64,-1.52,-1.64
20.033,-1.46,-1.63,-1.51,-1.64,-1.47,-1.63
20.048,-1.45,-1.74,-1.46,-1.64,-1.45,-1.73
20.062,-1.52,-1.65,-1.44,-1.74,-1.51,-1.66
20.077,-1.57,-1.43,-1.49,-1.67,-1.56,-1.45
20.091,-1.65,-1.46,-1.55,-1.45,-1.64,-1.46
20.106,-1.68,-1.6,-1.63,-1.46,-1.67,-1.59
20.121,-1.65,-1.61,-1.67,-1.59,-1.65,-1.61
20.135,-1.63,-1.58,-1.65,-1.61,-1.63,-1.59
20.15,-1.61,-1.56,-1.63,-1.58,-1.61,-1.56
20.164,-1.66,-1.59,-1.61,-1.55,-1.65,-1.59
20.179,-1.59,-1.65,-1.66,-1.58,-1.59,-1.64
20.193,-1.57,-1.65,-1.6,-1.64,-1.57,-1.65
20.208,-1.58,-1.67,-1.57,-1.64,-1.58,-1.67
20.222,-1.47,-1.67,-1.58,-1.67,-1.48,-1.67
20.237,-1.6,-1.69,-1.48,-1.67,-1.59,-1.69
20.252,-1.72,-1.69,-1.58,-1.69,-1.71,-1.69
20.266,-1.62,-1.6,-1.71,-1.69,-1.63,-1.61
20.281,-1.38,-1.6,-1.64,-1.61,-1.41,-1.6
20.296,-1.45,-1.64,-1.41,-1.6,-1.44,-1.64
20.311,-1.6,-1.63,-1.44,-1.64,-1.58,-1.63
20.326,-1.64,-1.64,-1.57,-1.63,-1.63,-1.64
20.341,-1.61,-1.58,-1.63,-1.64,-1.61,-1.58
20.355,-1.65,-1.59,-1.61,-1.58,-1.64,-1.59
20.37,-1.63,-1.67,-1.64,-1.59,-1.63,-1.66
20.385,-1.45,-1.69,-1.63,-1.66,-1.47,-1.69
20.4,-1.54,-1.66,-1.47,-1.69,-1.54,-1.66
20.415,-1.45,-1.6,-1.54,-1.66,-1.46,-1.6
20.43,-1.45,-1.6,-1.46,-1.6,-1.45,-1.6
20.445,-1.55,-1.59,-1.45,-1.6,-1.54,-1.59
20.46,-1.51,-1.63,-1.53,-1.59,-1.51,-1.62
20.477,-1.51,-1.65,-1.5,-1.62,-1.51,-1.65
20.492,-1.71,-1.62,-1.49,-1.65,-1.69,-1.62
20.507,-1.71,-1.6,-1.68,-1.62,-1.71,-1.6
20.522,-1.51,-1.7,-1.71,-1.6,-1.53,-1.69
20.537,-1.47,-1.77,-1.53,-1.69,-1.48,-1.77
20.552,-1.67,-1.62,-1.48,-1.76,-1.65,-1.63
20.567,-1.59,-1.61,-1.65,-1.63,-1.6,-1.61
20.581,-1.52,-1.63,-1.6,-1.61,-1.52,-1.62
20.596,-1.56,-1.67,-1.53,-1.62,-1.56,-1.67
20.611,-1.55,-1.7,-1.56,-1.66,-1.55,-1.7
20.626,-1.5,-1.67,-1.56,-1.69,-1.51,-1.68
20.641,-1.47,-1.6,-1.51,-1.68,-1.47,-1.61
20.655,-1.51,-1.55,-1.47,-1.61,-1.5,-1.56
20.67,-1.22,-1.56,-1.51,-1.56,-1.25,-1.56
20.685,-1.12,-1.68,-1.25,-1.55,-1.13,-1.67
20.699,-1.39,-1.81,-1.12,-1.67,-1.36,-1.8
20.713,-1.55,-1.75,-1.34,-1.8,-1.53,-1.75
20.728,-1.73,-1.7,-1.5,-1.76,-1.71,-1.7
20.742,-1.74,-1.67,-1.69,-1.71,-1.73,-1.68
20.757,-1.68,-1.69,-1.73,-1.68,-1.69,-1.69
20.771,-1.55,-1.73,-1.69,-1.69,-1.56,-1.72
20.786,-1.36,-1.78,-1.57,-1.72,-1.38,-1.77
20.8,-1.15,-1.74,-1.38,-1.77,-1.17,-1.75
20.815,-1.22,-1.68,-1.16,-1.75,-1.21,-1.69
20.829,-1.88,-1.48,-1.2,-1.69,-1.81,-1.5
20.844,-1.73,-1.8,-1.81,-1.49,-1.73,-1.77
20.859,-1.38,-1.53,-1.75,-1.76,-1.42,-1.55
20.873,-1.14,-1.39,-1.44,-1.54,-1.17,-1.41
20.888,-0.3,-1.4,-1.2,-1.39,-0.39,-1.4
20.903,-1.85,-1.33,-0.45,-1.38,-1.71,-1.34
20.917,-0.82,-1.62,-1.77,-1.33,-0.92,-1.59
20.932,-0.41,-2.12,-0.91,-1.6,-0.46,-2.07
20.947,-1.97,-1.57,-0.43,-2.08,-1.81,-1.62
20.962,-1.83,-1.35,-1.79,-1.63,-1.83,-1.38
20.978,-2.12,-1.11,-1.81,-1.38,-2.09,-1.14
20.993,-1.54,-1.56,-2.07,-1.13,-1.59,-1.51
21.007,-0.94,-2.18,-1.58,-1.51,-1.0,-2.11
21.021,-1.49,-1.93,-1.0,-2.11,-1.44,-1.95
21.035,-1.26,-1.96,-1.44,-1.95,-1.27,-1.96
21.05,-1.19,-1.89,-1.27,-1.96,-1.2,-1.9
21.064,-1.45,-1.75,-1.19,-1.9,-1.43,-1.76
21.078,-1.76,-1.54,-1.42,-1.76,-1.72,-1.56
21.093,-1.63,-1.66,-1.75,-1.56,-1.64,-1.65
21.108,-1.45,-1.61,-1.67,-1.65,-1.47,-1.62
21.122,-1.01,-1.66,-1.52,-1.62,-1.06,-1.66
21.137,-1.27,-1.27,-1.1,-1.66,-1.25,-1.31
21.151,-1.7,-0.84,-1.29,-1.31,-1.66,-0.89
21.166,-1.22,-1.29,-1.71,-0.88,-1.27,-1.25
21.18,0.57,-1.79,-1.38,-1.24,0.37,-1.73
21.195,-0.41,-2.01,0.29,-1.73,-0.34,-1.98
21.21,-1.16,-2.18,-0.35,-1.99,-1.08,-2.16
21.224,0.57,-2.43,-1.08,-2.17,0.41,-2.4
21.238,-0.31,-3.08,0.47,-2.41,-0.23,-3.02
21.253,-3.74,-1.39,-0.13,-3.02,-3.38,-1.56
21.267,-2.11,-0.97,-3.41,-1.56,-2.24,-1.03
21.283,0.23,-1.81,-2.33,-1.03,-0.02,-1.73
21.298,-0.9,-1.72,-0.05,-1.74,-0.82,-1.72
21.312,-0.94,-1.27,-0.83,-1.73,-0.92,-1.32
21.327,-0.72,-1.29,-0.94,-1.32,-0.74,-1.3
21.345,0.08,-1.88,-0.75,-1.3,-0.0,-1.83
21.359,-0.41,-2.33,0.04,-1.83,-0.36,-2.28
21.374,-1.86,-2.11,-0.3,-2.29,-1.7,-2.13
21.389,-1.71,-1.71,-1.67,-2.13,-1.7,-1.75
21.404,-1.46,-1.33,-1.7,-1.76,-1.49,-1.37
21.419,-0.86,-1.5,-1.53,-1.37,-0.93,-1.49
21.434,-0.5,-1.54,-0.97,-1.49,-0.55,-1.54
21.449,-1.66,-1.23,-0.57,-1.54,-1.55,-1.26
21.463,0.06,-1.93,-1.6,-1.26,-0.1,-1.86
21.478,2.74,-2.34,-0.18,-1.86,2.45,-2.29
21.493,-0.55,-1.75,2.46,-2.29,-0.25,-1.81
21.508,-2.76,-1.58,-0.06,-1.82,-2.49,-1.6
21.523,-1.43,-2.03,-2.33,-1.61,-1.52,-1.98
21.538,1.1,-1.57,-1.42,-1.99,0.85,-1.62
21.553,8.72,-0.46,0.87,-1.62,7.94,-0.58
21.567,-7.45,-1.88,7.87,-0.58,-5.92,-1.75
21.582,-7.97,-2.08,-5.97,-1.75,-7.77,-2.05
21.597,-5.67,-2.46,-7.76,-2.05,-5.88,-2.42
21.612,6.92,-0.29,-5.83,-2.42,5.65,-0.5
21.627,-2.21,-1.53,5.66,-0.51,-1.42,-1.43
21.642,1.7,0.84,-1.39,-1.44,1.39,0.61
21.656,0.88,0.4,1.35,0.62,0.93,0.43
21.67,-3.24,-0.49,0.86,0.42,-2.83,-0.4
21.684,6.69,0.11,-2.95,-0.38,5.73,0.06
21.699,-8.04,-2.9,5.5,0.1,-6.69,-2.6
21.713,-8.76,-3.64,-6.88,-2.55,-8.57,-3.53
21.728,-1.0,-3.62,-8.69,-3.53,-1.77,-3.61
21.742,1.36,-3.72,-1.95,-3.68,1.03,-3.72
21.757,-1.21,-3.0,0.84,-3.74,-1.0,-3.08
21.772,-0.27,-1.74,-1.46,-3.07,-0.39,-1.88
21.786,1.61,-0.87,-1.1,-1.87,1.34,-0.97
21.801,0.1,-1.47,0.65,-0.97,0.16,-1.42
21.815,1.33,-2.8,-0.83,-1.41,1.11,-2.66
21.829,8.51,-5.03,-0.19,-2.65,7.64,-4.79
21.843,7.99,-1.63,6.64,-4.81,7.86,-1.95
21.858,4.01,1.09,7.18,-1.97,4.33,0.78
21.872,5.44,-0.85,3.63,0.77,5.26,-0.69
21.886,11.08,-1.91,4.5,-0.71,10.43,-1.79
21.9,11.32,-1.59,9.91,-1.83,11.18,-1.61
21.915,8.6,-1.81,10.9,-1.67,8.83,-1.8
21.929,3.22,-2.07,8.81,-1.86,3.77,-2.05
21.944,3.23,-2.06,3.8,-2.05,3.29,-2.06
21.958,7.4,-2.56,3.01,-2.05,6.96,-2.51
21.973,13.75,-2.9,5.82,-2.54,12.96,-2.86
21.988,11.77,-0.94,11.75,-2.92,11.77,-1.14
22.002,9.59,-0.94,11.5,-1.2,9.78,-0.96
22.017,11.57,-2.27,9.69,-1.0,11.38,-2.14
22.031,10.79,-2.14,11.43,-2.15,10.85,-2.14
22.045,8.49,-1.47,10.97,-2.13,8.74,-1.54
22.06,8.29,-0.9,8.82,-1.52,8.34,-0.97
22.074,8.38,0.42,8.36,-0.94,8.37,0.29
22.088,8.22,0.02,8.13,0.31,8.21,0.05
22.102,10.41,-1.92,7.7,0.08,10.14,-1.72
22.116,16.66,-4.72,9.44,-1.7,15.94,-4.42
22.13,12.57,-4.11,16.1,-4.42,12.93,-4.14
22.145,10.15,-1.11,13.49,-4.16,10.48,-1.41
22.159,9.68,-0.93,11.01,-1.44,9.81,-0.99
22.173,8.86,-2.42,10.28,-1.01,9.01,-2.28
22.188,11.3,-2.3,9.4,-2.29,11.11,-2.3
22.202,15.12,-0.58,11.62,-2.3,14.77,-0.75
22.216,12.25,-1.4,16.27,-0.75,12.65,-1.34
22.23,6.18,-2.0,14.77,-1.34,7.04,-1.94
22.245,-3.88,-1.73,9.44,-1.95,-2.54,-1.75
22.259,-2.6,-1.48,-1.01,-1.75,-2.44,-1.51
22.274,1.15,-2.12,-1.68,-1.52,0.87,-2.06
22.289,-0.08,-2.57,1.06,-2.06,0.03,-2.52
22.304,3.47,-2.18,0.09,-2.53,3.13,-2.22
22.318,0.17,-2.89,3.33,-2.23,0.48,-2.83
22.332,-1.84,-2.84,0.82,-2.83,-1.57,-2.84
22.347,-3.1,-4.73,-0.99,-2.82,-2.89,-4.54
22.362,-4.21,-0.89,-1.93,-4.51,-3.98,-1.26
22.377,-3.09,0.43,-3.32,-1.26,-3.11,0.26
22.392,1.52,-0.16,-2.94,0.23,1.07,-0.12
22.407,3.15,-1.92,1.06,-0.13,2.94,-1.74
22.421,1.41,0.7,2.98,-1.73,1.57,0.46
22.436,-1.0,0.16,1.62,0.46,-0.74,0.19
22.45,-5.44,-1.12,-0.72,0.2,-4.97,-0.99
22.465,-5.37,-1.69,-4.99,-0.98,-5.34,-1.62
22.48,2.35,-0.85,-5.35,-1.62,1.58,-0.92
22.495,3.72,-1.8,1.55,-0.95,3.5,-1.71
22.509,2.23,-2.21,3.5,-1.73,2.36,-2.16
22.523,4.27,-0.91,2.4,-2.15,4.09,-1.03
22.538,3.08,-1.85,4.06,-1.0,3.18,-1.77
22.552,-3.25,0.93,3.07,-1.71,-2.62,0.67
22.567,-5.96,-1.29,-2.68,0.68,-5.63,-1.1
22.581,-4.26,-2.29,-5.64,-1.1,-4.4,-2.17
22.596,-1.14,-0.19,-4.36,-2.16,-1.46,-0.39
22.611,-2.06,-1.73,-1.45,-0.38,-1.99,-1.6
22.626,-2.15,-2.19,-1.99,-1.6,-2.13,-2.13
22.64,-2.2,-2.26,-2.12,-2.13,-2.2,-2.25
22.655,-2.53,-2.19,-2.22,-2.24,-2.5,-2.19
22.67,0.26,-0.51,-2.56,-2.18,-0.03,-0.67
22.684,0.13,-0.2,-0.08,-0.66,0.11,-0.25
22.699,-1.51,-2.19,0.1,-0.24,-1.35,-2.0
22.713,-0.29,-1.67,-1.35,-1.96,-0.39,-1.7
22.728,-0.07,-1.64,-0.4,-1.66,-0.1,-1.64
22.742,-1.21,-1.77,-0.09,-1.63,-1.1,-1.76
22.757,-3.51,-2.41,-1.09,-1.76,-3.27,-2.34
22.771,-2.02,-1.92,-3.3,-2.34,-2.14,-1.96
22.785,-1.09,0.09,-2.19,-1.95,-1.2,-0.12
22.8,-2.52,-3.11,-1.21,-0.15,-2.39,-2.81
22.815,-1.77,-4.19,-2.42,-2.83,-1.83,-4.05
22.829,-1.02,-2.4,-1.85,-4.04,-1.1,-2.56
22.844,-0.77,-1.98,-1.11,-2.54,-0.81,-2.04
22.859,-1.48,-1.68,-0.81,-2.02,-1.41,-1.72
22.873,-1.93,-1.3,-1.41,-1.71,-1.88,-1.34
22.887,-2.66,-3.47,-1.9,-1.33,-2.58,-3.26
22.902,-2.72,-3.1,-2.68,-3.23,-2.72,-3.11
22.917,-1.15,-1.36,-2.83,-3.1,-1.32,-1.54
22.931,2.89,3.35,-1.5,-1.51,2.45,2.87
22.946,-0.97,-0.56,2.21,2.83,-0.65,-0.22
22.961,-1.55,-4.4,-1.07,-0.5,-1.51,-4.01
22.976,0.37,-4.56,-1.82,-4.21,0.15,-4.52
22.99,1.74,-1.78,0.14,-4.56,1.58,-2.06
23.005,0.84,0.36,1.61,-2.14,0.91,0.11
23.019,-1.18,-0.55,0.84,-0.12,-0.98,-0.51
23.033,-1.29,-0.61,-1.07,-0.68,-1.27,-0.61
23.048,-1.41,0.12,-1.3,-0.69,-1.4,0.04
23.062,-0.19,0.14,-1.41,-0.0,-0.31,0.12
23.076,1.87,1.06,-0.28,0.08,1.66,0.96
23.09,2.15,-0.08,1.71,0.88,2.11,0.01
23.104,-0.18,-1.07,2.17,-0.1,0.05,-0.98
23.119,-0.16,-0.96,0.11,-1.03,-0.13,-0.96
23.133,0.47,-0.76,-0.06,-0.99,0.41,-0.78
23.147,-0.01,-0.16,0.47,-0.79,0.04,-0.22
23.161,-1.81,0.22,0.07,-0.22,-1.62,0.18
23.176,-1.82,0.24,-1.63,0.16,-1.8,0.24
23.19,-1.45,0.83,-1.83,0.21,-1.49,0.77
23.205,2.14,-3.31,-1.55,0.69,1.77,-2.91
23.219,1.0,-3.11,1.73,-3.08,1.07,-3.11
23.233,4.4,-0.91,1.09,-3.19,4.07,-1.14
23.248,0.92,-1.91,4.22,-1.01,1.25,-1.82
23.262,0.31,-0.91,1.45,-1.65,0.42,-0.98
23.276,-0.32,0.61,0.55,-0.88,-0.23,0.46
23.291,-1.37,1.6,-0.11,0.53,-1.24,1.49
23.306,-0.54,1.21,-1.18,1.6,-0.6,1.25
23.32,0.16,-0.52,-0.55,1.38,0.09,-0.33
23.335,0.39,-1.31,0.11,-0.21,0.36,-1.2
23.35,1.06,-1.5,0.39,-1.12,1.0,-1.46
23.364,-0.25,-1.14,1.15,-1.39,-0.11,-1.16
23.379,-2.98,-2.44,0.07,-1.07,-2.67,-2.3
23.394,-2.09,-2.79,-2.45,-2.38,-2.12,-2.74
23.409,-2.95,-0.88,-1.95,-2.85,-2.85,-1.08
23.424,-3.12,-0.91,-2.73,-1.13,-3.08,-0.93
23.439,-2.19,-0.68,-2.94,-0.97,-2.26,-0.71
23.454,-1.34,0.38,-2.04,-0.74,-1.41,0.27
23.469,-1.83,-0.71,-1.21,0.25,-1.76,-0.62
23.484,-2.31,-0.33,-1.72,-0.54,-2.25,-0.35
23.498,-1.49,-1.08,-2.31,-0.22,-1.57,-0.99
23.513,0.02,-1.24,-1.74,-0.86,-0.16,-1.21
23.528,1.58,-1.58,-0.26,-1.11,1.4,-1.53
23.542,3.11,-1.51,1.41,-1.48,2.94,-1.51
23.557,4.87,-0.49,2.99,-1.46,4.69,-0.59
23.571,-4.21,-1.3,4.79,-0.64,-3.31,-1.24
23.586,-4.17,-1.93,-3.21,-1.36,-4.08,-1.87
23.601,-2.44,-4.41,-3.95,-2.08,-2.59,-4.18
23.616,-3.77,-1.13,-2.52,-4.25,-3.65,-1.45
23.631,-3.85,-0.24,-3.6,-1.39,-3.83,-0.36
23.646,-2.35,-3.47,-3.82,-0.35,-2.5,-3.16
23.661,-3.36,-2.16,-2.59,-3.19,-3.28,-2.26
23.676,-3.18,0.13,-3.41,-2.25,-3.21,-0.11
23.69,-1.94,0.03,-3.4,-0.05,-2.09,0.03
23.705,-0.83,-0.26,-2.23,0.07,-0.97,-0.23
23.719,-0.71,-0.4,-0.98,-0.21,-0.74,-0.38
23.734,-0.99,-0.02,-0.7,-0.37,-0.96,-0.06
23.748,-0.96,-0.02,-0.93,-0.04,-0.95,-0.02
23.762,0.27,0.3,-0.96,-0.01,0.15,0.26
23.776,0.05,-0.55,0.16,0.27,0.07,-0.47
23.79,0.18,1.35,0.12,-0.47,0.17,1.17
23.805,-2.68,-0.56,0.28,1.09,-2.39,-0.4
23.819,-1.74,-1.81,-2.12,-0.84,-1.78,-1.71
23.834,-1.13,1.73,-1.42,-2.34,-1.16,1.32
23.848,-5.32,-0.25,-0.84,0.72,-4.88,-0.15
23.863,-5.13,-0.71,-4.77,-0.49,-5.09,-0.68
23.878,-4.35,-1.25,-5.25,-0.69,-4.44,-1.19
23.893,-4.36,0.3,-4.59,-1.21,-4.38,0.15
23.907,-3.13,1.03,-4.58,0.23,-3.27,0.95
23.921,-3.08,0.69,-3.48,1.09,-3.12,0.73
23.936,-2.09,-0.22,-3.3,0.91,-2.21,-0.11
23.95,-1.89,-1.13,-2.29,0.08,-1.93,-1.01
23.965,-0.73,0.66,-1.97,-0.81,-0.85,0.51
23.98,-2.07,2.01,-0.87,0.6,-1.95,1.87
23.994,-0.2,-1.15,-1.92,1.88,-0.37,-0.85
24.009,-0.39,0.17,-0.21,-0.86,-0.37,0.06
24.023,-0.14,0.28,-0.17,0.06,-0.14,0.25
24.038,-1.49,1.55,0.05,0.27,-1.34,1.42
24.052,-2.9,0.32,-1.17,1.41,-2.72,0.43
24.066,-4.29,0.9,-2.67,0.48,-4.13,0.86
24.08,-4.69,0.98,-4.18,0.96,-4.64,0.98
24.094,-3.23,-0.14,-4.78,1.1,-3.39,-0.01
24.108,-0.04,0.48,-3.55,0.05,-0.39,0.44
24.123,-4.41,2.76,-0.57,0.5,-4.03,2.53
24.137,-4.68,0.18,-4.24,2.55,-4.63,0.41
24.151,-4.04,-1.54,-4.84,0.51,-4.12,-1.33
24.166,-2.12,-1.58,-4.37,-1.14,-2.34,-1.53
24.18,2.44,0.64,-2.55,-1.4,1.94,0.44
24.194,-0.45,-1.67,1.93,0.32,-0.21,-1.47
24.209,-1.39,-1.4,-0.05,-1.57,-1.25,-1.42
24.223,-4.26,2.07,-0.54,-1.49,-3.89,1.71
24.238,-6.24,1.22,-3.1,1.64,-5.93,1.26
24.252,-5.24,-0.73,-5.18,1.23,-5.23,-0.54
24.266,-0.95,-0.78,-5.21,-0.45,-1.38,-0.75
24.281,-4.57,0.52,-1.43,-0.69,-4.26,0.4
24.296,-6.08,1.05,-4.28,0.42,-5.9,0.99
24.31,-3.61,0.61,-5.96,1.04,-3.85,0.66
24.325,-0.43,-0.32,-4.09,0.63,-0.8,-0.23
24.34,0.01,-1.9,-0.97,-0.38,-0.09,-1.75
24.355,-3.46,-0.41,0.08,-1.72,-3.1,-0.54
24.369,-7.58,0.39,-3.07,-0.51,-7.13,0.3
24.384,-5.77,-0.92,-7.32,0.16,-5.93,-0.81
24.399,2.44,-1.94,-5.9,-0.8,1.61,-1.83
24.414,2.19,-2.07,1.78,-1.78,2.15,-2.04
24.428,-6.17,1.25,2.33,-2.16,-5.32,0.91
24.442,-7.18,1.17,-5.12,0.65,-6.98,1.12
24.457,-4.96,1.14,-6.83,1.14,-5.15,1.14
24.471,-5.2,-0.28,-5.03,1.36,-5.18,-0.12
24.486,3.17,-2.15,-5.21,-0.09,2.33,-1.95
24.502,-0.82,-2.54,2.52,-1.98,-0.48,-2.49
24.517,-1.69,-1.85,-0.24,-2.41,-1.55,-1.91
24.532,-1.71,-0.67,-1.86,-1.54,-1.73,-0.76
24.547,-3.16,0.42,-2.16,-0.44,-3.06,0.33
24.562,-6.9,0.72,-3.42,0.42,-6.55,0.69
24.576,-5.22,-1.58,-6.83,0.69,-5.38,-1.36
24.591,-3.35,-3.29,-5.56,-1.33,-3.57,-3.09
24.606,1.21,-2.54,-3.75,-3.07,0.71,-2.59
24.621,2.53,-1.15,0.68,-2.55,2.35,-1.29
24.635,3.89,0.98,2.53,-1.29,3.76,0.75
24.651,0.52,-0.23,4.32,0.61,0.9,-0.15
24.666,-4.41,-1.55,1.25,-0.27,-3.85,-1.42
24.68,-12.76,0.59,-4.0,-1.32,-11.88,0.4
24.694,-9.61,-1.73,-11.79,0.53,-9.83,-1.5
24.708,-0.65,-1.99,-9.66,-1.5,-1.55,-1.94
24.723,-1.21,-2.26,-1.39,-1.99,-1.22,-2.23
24.737,-3.51,-3.01,-1.05,-2.2,-3.27,-2.93
24.752,-2.63,-3.26,-3.21,-2.69,-2.68,-3.21
24.766,-1.01,-2.06,-2.69,-2.99,-1.17,-2.15
24.781,2.16,-2.77,-1.3,-1.92,1.82,-2.68
24.795,0.09,-4.29,1.84,-2.46,0.26,-4.1
24.81,-4.9,-4.29,0.73,-4.03,-4.34,-4.27
24.824,-3.8,-3.59,-3.87,-4.25,-3.81,-3.65
24.838,-6.2,-2.99,-3.35,-3.66,-5.92,-3.06
24.853,-5.24,-3.77,-5.44,-3.05,-5.26,-3.7
24.867,-5.45,-3.4,-4.8,-3.75,-5.38,-3.44
24.882,-12.44,-1.44,-4.94,-3.55,-11.69,-1.65
24.897,-10.71,-0.9,-11.67,-1.59,-10.81,-0.97
24.911,-7.0,-0.55,-10.88,-0.82,-7.39,-0.58
24.926,-3.37,-1.97,-7.39,-0.42,-3.77,-1.82
24.941,-4.38,-2.67,-3.71,-1.63,-4.32,-2.56
24.955,-2.78,-3.3,-4.12,-2.41,-2.92,-3.21
24.971,-1.85,-4.09,-2.58,-3.11,-1.92,-3.99
24.985,-5.28,-3.4,-1.27,-3.91,-4.88,-3.45
25.0,-8.96,-2.62,-4.19,-3.36,-8.48,-2.69
25.015,-11.46,-1.52,-7.85,-2.59,-11.1,-1.62
25.03,-12.55,-0.75,-10.5,-1.48,-12.35,-0.82
25.044,-9.54,-3.0,-11.95,-0.63,-9.78,-2.76
25.059,-12.18,-3.61,-9.46,-2.6,-11.91,-3.51
25.073,-12.62,-5.07,-11.78,-3.43,-12.54,-4.91
25.088,-8.15,-7.39,-12.6,-4.92,-8.59,-7.14
25.102,0.19,-9.71,-8.6,-7.15,-0.69,-9.45
25.117,-0.86,-7.72,-0.39,-9.52,-0.81,-7.9
25.132,-16.82,-3.42,-0.41,-8.06,-15.18,-3.89
25.146,-18.9,-2.1,-14.94,-4.11,-18.5,-2.3
25.16,-13.72,-1.99,-18.49,-2.47,-14.2,-2.04
25.175,-12.93,-2.01,-14.32,-2.14,-13.07,-2.02
25.189,-12.55,0.16,-13.16,-2.09,-12.61,-0.07
25.204,-13.9,1.46,-12.72,-0.07,-13.79,1.31
25.219,-15.3,1.5,-13.99,1.34,-15.17,1.49
25.233,-12.43,-0.25,-15.83,1.69,-12.77,-0.06
25.248,-6.12,-2.21,-13.59,0.27,-6.87,-1.96
25.262,-4.58,-4.68,-7.72,-1.49,-4.89,-4.36
25.277,-1.22,-5.62,-5.59,-3.94,-1.65,-5.45
25.291,-7.88,-6.89,-1.96,-5.28,-7.28,-6.73
25.306,-8.83,-5.57,-7.55,-6.66,-8.7,-5.68
25.322,-4.25,-4.26,-8.99,-5.93,-4.73,-4.43
25.337,-4.43,-3.9,-5.02,-4.63,-4.49,-3.98
25.351,-15.49,-5.93,-4.92,-4.02,-14.44,-5.74
25.366,-2.9,0.51,-15.16,-5.53,-4.12,-0.09
25.381,3.08,1.39,-4.46,-0.36,2.32,1.21
25.396,-0.49,0.24,2.22,0.98,-0.22,0.31
25.41,-0.34,-0.85,-0.42,0.44,-0.35,-0.72
25.424,-1.29,-2.74,-0.37,-0.7,-1.2,-2.54
25.44,-8.22,-4.2,-0.99,-2.69,-7.5,-4.05
25.454,-7.8,-4.96,-7.46,-4.16,-7.77,-4.88
25.469,-2.45,-5.72,-7.89,-4.96,-3.0,-5.64
25.484,-2.08,-6.81,-3.02,-5.69,-2.17,-6.7
25.499,-5.47,-5.78,-1.96,-6.74,-5.12,-5.88
25.513,-5.72,-5.2,-4.86,-5.92,-5.64,-5.27
25.528,-3.99,-5.03,-5.5,-5.26,-4.14,-5.05
25.544,-4.55,-4.01,-3.9,-5.0,-4.49,-4.11
25.559,-3.99,-1.82,-4.22,-4.02,-4.01,-2.04
25.574,-6.06,0.66,-3.64,-2.01,-5.82,0.4
25.588,-4.83,0.35,-5.56,0.4,-4.9,0.35
25.603,-4.45,-1.59,-4.78,0.43,-4.48,-1.39
25.618,-6.33,-3.76,-5.18,-1.36,-6.21,-3.52
25.633,-12.71,-6.49,-7.24,-3.6,-12.16,-6.2
25.648,-3.67,-5.22,-12.63,-6.09,-4.57,-5.31
25.663,-1.75,-6.06,-4.78,-5.17,-2.05,-5.97
25.678,-3.41,-5.93,-1.88,-5.98,-3.26,-5.93
25.692,-6.69,-3.84,-2.87,-6.03,-6.31,-4.06
25.707,-4.6,-3.19,-6.01,-4.27,-4.74,-3.3
25.721,3.94,-5.24,-4.76,-3.47,3.07,-5.06
25.737,3.9,-7.7,2.96,-5.18,3.8,-7.45
25.752,-5.02,-6.7,3.91,-7.54,-4.13,-6.78
25.766,-11.41,-3.63,-4.12,-6.89,-10.68,-3.95
25.78,-9.76,-2.42,-10.88,-4.32,-9.87,-2.61
25.795,-7.11,-0.69,-10.19,-3.13,-7.42,-0.93
25.809,-4.81,-1.5,-7.66,-0.97,-5.1,-1.45
25.824,-4.85,-0.36,-5.29,-1.4,-4.89,-0.46
25.838,-3.12,0.92,-5.31,-0.44,-3.34,0.79
25.853,-3.75,-2.02,-3.91,0.8,-3.76,-1.74
25.867,-3.52,-3.49,-4.23,-1.75,-3.59,-3.31
25.881,0.45,-8.36,-4.0,-3.25,0.01,-7.85
25.896,-0.95,-6.63,-0.01,-7.79,-0.86,-6.75
25.91,-2.12,-2.31,-0.64,-6.77,-1.97,-2.75
25.925,0.52,-1.73,-1.73,-2.87,0.3,-1.84
25.939,1.81,-0.82,0.52,-1.95,1.68,-0.93
25.954,-0.06,-0.43,1.89,-0.99,0.13,-0.49
25.969,-2.63,-0.72,0.34,-0.51,-2.33,-0.7
25.983,-3.28,-0.64,-2.38,-0.61,-3.19,-0.64
25.998,-5.12,-1.32,-3.43,-0.45,-4.95,-1.24
26.014,-1.67,-4.41,-5.51,-1.11,-2.06,-4.08
26.029,-5.22,-2.15,-2.41,-4.01,-4.94,-2.33
26.043,-4.45,-1.73,-4.79,-2.33,-4.49,-1.79
26.058,-2.8,-2.11,-4.21,-1.79,-2.94,-2.08
26.072,-4.13,-2.95,-2.65,-2.08,-3.99,-2.87
26.087,-4.09,-2.97,-3.79,-2.85,-4.06,-2.96
26.102,-0.7,-2.0,-4.03,-2.94,-1.04,-2.09
26.116,-0.26,-2.67,-1.09,-2.09,-0.34,-2.61
26.13,-2.6,-3.57,-0.22,-2.64,-2.36,-3.48
26.145,-3.04,-3.49,-2.13,-3.49,-2.95,-3.49
26.16,-3.85,-2.75,-2.87,-3.45,-3.75,-2.82
26.174,-5.29,-2.36,-3.98,-2.68,-5.16,-2.39
26.189,0.69,-3.15,-5.57,-2.24,0.06,-3.06
26.203,2.95,-1.23,-0.58,-2.91,2.59,-1.4
26.217,-1.46,-0.75,2.04,-1.35,-1.11,-0.81
26.232,-1.54,-4.49,-1.54,-1.08,-1.54,-4.15
26.247,-3.23,-2.62,-1.87,-4.19,-3.1,-2.77
26.261,-4.34,-4.2,-3.48,-2.82,-4.26,-4.06
26.276,-3.19,-3.73,-4.6,-4.1,-3.33,-3.76
26.29,0.87,-2.56,-3.52,-3.73,0.43,-2.68
26.305,0.98,-2.59,0.36,-2.65,0.92,-2.59
26.319,-2.11,-2.25,0.93,-2.58,-1.81,-2.28
26.334,-2.5,-2.08,-1.89,-2.19,-2.44,-2.09
26.349,0.17,-3.71,-2.52,-1.94,-0.1,-3.53
26.364,1.01,-4.17,-0.14,-3.38,0.89,-4.09
26.379,1.0,-3.54,0.92,-3.88,0.99,-3.57
26.393,3.97,-3.72,0.99,-3.27,3.67,-3.67
26.408,-0.4,-4.31,3.6,-3.44,0.0,-4.22
26.423,-4.26,-4.69,-0.2,-4.08,-3.85,-4.63
26.437,1.8,-5.72,-4.04,-4.47,1.21,-5.6
26.452,9.93,-6.58,0.87,-5.48,9.03,-6.47
26.466,5.58,-5.4,8.69,-6.42,5.89,-5.5
26.481,1.29,-4.84,5.83,-5.55,1.75,-4.91
26.496,3.1,-4.52,1.71,-4.94,2.96,-4.56
26.51,2.07,-4.01,3.05,-4.59,2.17,-4.07
26.525,-0.45,-4.21,2.26,-4.11,-0.18,-4.2
26.54,2.31,-4.88,-0.36,-4.21,2.05,-4.82
26.555,2.88,-4.78,1.74,-4.83,2.77,-4.78
26.57,0.97,-4.25,2.56,-4.8,1.13,-4.3
26.584,4.7,-3.7,0.99,-4.33,4.33,-3.77
26.599,6.16,-4.5,4.16,-3.78,5.96,-4.43
26.614,-1.7,-4.96,5.74,-4.44,-0.96,-4.91
26.629,-2.59,-4.02,-0.87,-4.94,-2.42,-4.11
26.643,1.95,-1.66,-2.11,-4.17,1.54,-1.91
26.658,2.26,-1.61,1.87,-1.95,2.22,-1.64
26.673,2.21,-2.0,2.4,-1.63,2.23,-1.96
26.688,3.61,-3.05,2.14,-1.85,3.46,-2.93
26.702,1.43,-5.51,3.31,-2.78,1.61,-5.24
26.716,1.3,-7.03,1.35,-5.19,1.3,-6.85
26.731,1.62,-7.64,1.1,-6.87,1.57,-7.57
26.745,2.66,-5.16,1.59,-7.7,2.55,-5.41
26.759,1.77,-4.15,2.65,-5.55,1.86,-4.29
26.774,-2.75,-2.93,2.03,-4.4,-2.28,-3.08
26.788,-0.44,-2.21,-2.36,-3.06,-0.63,-2.29
26.803,6.16,-2.65,-0.95,-2.22,5.45,-2.61
26.817,3.6,-4.11,5.16,-2.51,3.76,-3.95
26.832,6.86,-6.87,3.53,-3.81,6.53,-6.56
26.846,8.73,-6.88,6.39,-6.5,8.49,-6.84
26.862,2.33,-4.0,8.48,-6.86,2.95,-4.28
26.876,2.85,-3.52,3.1,-4.34,2.87,-3.6
26.891,5.34,-3.68,3.02,-3.65,5.11,-3.68
26.905,5.27,-4.57,5.17,-3.72,5.26,-4.49
26.919,6.71,-5.68,5.2,-4.52,6.56,-5.56
26.934,5.3,-5.76,6.38,-5.56,5.41,-5.74
26.948,3.27,-5.27,5.29,-5.74,3.48,-5.32
26.962,3.94,-4.39,3.41,-5.33,3.89,-4.49
26.977,5.63,-4.8,3.77,-4.54,5.44,-4.77
26.992,4.33,-5.36,5.19,-4.82,4.42,-5.31
27.006,-0.09,-3.9,4.19,-5.34,0.33,-4.04
27.021,3.05,-3.52,-0.02,-4.05,2.75,-3.57
27.036,2.25,-3.28,2.21,-3.55,2.25,-3.3
27.051,0.48,-1.46,1.7,-3.28,0.6,-1.65
27.065,4.03,-2.8,0.32,-1.75,3.66,-2.7
27.079,6.43,-5.39,3.5,-2.88,6.14,-5.14
27.093,2.71,-3.41,6.54,-5.44,3.09,-3.61
27.107,3.93,-0.44,3.57,-3.91,3.9,-0.79
27.122,-5.15,0.02,4.55,-1.02,-4.18,-0.08
27.136,0.14,-0.98,-3.27,-0.23,-0.2,-0.91
27.151,5.95,-0.42,0.4,-0.92,5.39,-0.47
27.165,0.22,2.48,5.68,-0.38,0.77,2.19
27.179,2.71,-2.67,0.54,2.46,2.49,-2.16
27.193,5.59,-8.04,1.85,-1.67,5.21,-7.41
27.207,2.68,-8.21,4.51,-6.96,2.86,-8.09
27.221,1.75,-5.65,2.41,-7.91,1.81,-5.87
27.235,6.23,-7.49,1.48,-5.82,5.75,-7.32
27.25,7.7,-8.76,5.85,-7.27,7.52,-8.61
27.265,6.08,-4.48,7.76,-8.46,6.25,-4.88
27.279,0.17,-2.39,6.44,-4.8,0.79,-2.63
27.294,-2.63,-1.43,1.07,-2.56,-2.26,-1.54
27.309,1.85,-2.75,-1.91,-1.4,1.48,-2.62
27.323,2.11,-3.24,1.78,-2.5,2.08,-3.17
27.338,6.96,-7.91,2.4,-3.06,6.51,-7.42
27.353,8.74,-8.64,6.55,-7.36,8.52,-8.51
27.367,5.12,-7.19,8.35,-8.46,5.44,-7.32
27.381,4.82,-7.14,5.22,-7.34,4.86,-7.16
27.396,3.84,-5.97,4.81,-7.26,3.94,-6.1
27.411,3.42,-5.18,4.2,-6.2,3.5,-5.28
27.426,-16.2,-3.53,3.93,-5.32,-14.19,-3.71
27.441,-0.62,-1.83,-12.95,-3.7,-1.85,-2.02
27.456,13.46,-0.82,-1.14,-1.86,12.0,-0.93
27.471,8.93,-4.79,11.67,-0.85,9.21,-4.4
27.486,4.05,-7.56,8.93,-4.34,4.54,-7.24
27.5,6.51,-7.6,4.38,-7.17,6.3,-7.55
27.514,1.28,-6.79,6.32,-7.52,1.79,-6.86
27.53,-0.14,-5.64,2.08,-6.87,0.08,-5.77
27.544,-0.6,-3.69,0.28,-5.78,-0.52,-3.9
27.561,2.37,-3.16,-0.53,-3.88,2.08,-3.23
27.575,3.0,-4.2,1.94,-3.16,2.89,-4.09
27.59,1.22,-5.4,2.79,-3.91,1.38,-5.25
27.605,2.33,-5.57,1.31,-5.07,2.23,-5.52
27.619,4.22,-5.42,1.99,-5.43,3.99,-5.42
27.634,1.55,-5.27,3.65,-5.34,1.76,-5.28
27.648,1.55,-8.74,1.53,-5.62,1.55,-8.43
27.663,-0.55,-6.98,1.61,-8.85,-0.34,-7.17
27.677,-1.92,-5.34,-0.0,-7.24,-1.72,-5.53
27.692,-3.7,-5.85,-1.35,-5.54,-3.46,-5.82
27.707,-1.9,-6.13,-3.5,-5.76,-2.06,-6.1
27.721,1.18,-4.59,-2.29,-5.97,0.83,-4.72
27.736,8.01,-6.06,0.37,-4.27,7.24,-5.88
27.75,3.39,-9.31,6.79,-5.37,3.73,-8.91
27.764,8.77,-9.57,3.47,-8.4,8.24,-9.45
27.778,11.47,-8.34,8.3,-9.12,11.16,-8.42
27.793,5.31,-5.88,11.5,-8.32,5.93,-6.13
27.807,3.6,-6.54,6.12,-6.19,3.85,-6.51
27.821,9.63,-7.28,4.01,-6.55,9.06,-7.21
27.835,5.75,-8.6,9.39,-7.27,6.11,-8.47
27.849,-4.34,-7.85,6.4,-8.54,-3.26,-7.92
27.864,-4.32,-7.66,-3.35,-7.95,-4.22,-7.69
27.878,0.5,-7.71,-4.44,-7.71,0.01,-7.71
27.893,0.41,-7.94,-0.29,-7.71,0.34,-7.91
27.907,-0.39,-8.35,0.11,-7.9,-0.34,-8.3
27.923,2.63,-8.08,-0.41,-8.31,2.32,-8.1
27.937,3.96,-6.83,2.13,-8.09,3.78,-6.95
27.951,4.99,-4.34,3.42,-6.92,4.84,-4.6
27.965,5.42,-4.06,4.4,-4.63,5.32,-4.11
27.98,3.85,-3.67,5.03,-4.18,3.97,-3.72
27.995,2.6,-4.01,3.89,-3.76,2.73,-3.99
28.009,9.76,-6.51,2.71,-3.98,9.05,-6.26
28.024,15.78,-8.92,9.11,-6.23,15.12,-8.65
28.038,8.1,-13.09,15.14,-8.76,8.81,-12.66
28.053,-6.96,-9.03,8.53,-12.99,-5.41,-9.43
28.068,15.39,-9.17,-5.59,-9.55,13.29,-9.21
28.082,1.6,-7.91,13.64,-9.37,2.81,-8.05
28.096,6.87,-4.23,3.17,-8.35,6.5,-4.64
28.111,15.45,-8.51,6.54,-4.8,14.56,-8.14
28.125,-9.25,-2.49,14.44,-8.45,-6.88,-3.08
28.139,1.85,-0.64,-7.58,-3.17,0.91,-0.89
28.154,6.39,-0.29,0.38,-0.78,5.79,-0.34
28.168,3.15,-3.01,5.81,-0.3,3.41,-2.74
28.182,4.55,-5.02,3.55,-2.78,4.45,-4.8
28.197,4.73,-6.21,4.48,-4.81,4.71,-6.07
28.211,4.89,-5.73,4.71,-6.07,4.87,-5.77
28.225,5.25,-5.25,4.9,-5.78,5.21,-5.31
28.239,5.0,-5.32,5.29,-5.33,5.03,-5.32
28.254,6.67,-6.1,5.13,-5.35,6.52,-6.02
28.268,9.21,-6.74,6.74,-6.11,8.96,-6.68
28.282,11.86,-7.18,9.35,-6.8,11.61,-7.15
28.297,2.96,-4.85,12.22,-7.28,3.88,-5.09
28.311,-3.7,-3.75,4.83,-5.23,-2.85,-3.9
28.326,-7.03,-5.69,-2.04,-3.99,-6.53,-5.52
28.341,1.84,-5.36,-6.27,-5.41,1.03,-5.36
28.356,11.24,-4.57,1.23,-5.23,10.24,-4.64
28.371,-1.83,-4.62,11.03,-4.67,-0.55,-4.63
28.386,3.81,-2.77,0.39,-4.66,3.47,-2.96
28.4,6.72,-6.34,5.76,-2.67,6.62,-5.98
28.415,-12.0,-5.0,8.88,-5.85,-9.92,-5.09
28.43,-8.65,-5.63,-9.63,-5.06,-8.75,-5.58
28.445,-8.66,-5.1,-8.74,-5.51,-8.67,-5.14
28.459,-11.61,-3.4,-8.52,-5.08,-11.3,-3.57
28.475,-6.47,-5.72,-11.23,-3.5,-6.94,-5.49
28.489,0.27,-7.68,-7.09,-5.47,-0.47,-7.46
28.504,4.33,-9.09,-0.49,-7.48,3.85,-8.93
28.519,0.57,-7.65,4.16,-9.0,0.93,-7.79
28.534,0.59,-7.56,1.24,-7.87,0.65,-7.59
28.548,0.86,-8.66,0.76,-7.57,0.85,-8.55
28.563,-5.12,-17.49,0.95,-8.34,-4.51,-16.58
28.578,21.66,-29.85,-5.04,-16.17,18.99,-28.48
28.592,-21.28,13.04,19.65,-28.84,-17.19,8.85
28.607,-13.05,5.8,-16.5,8.78,-13.4,6.1
28.622,-8.02,-6.05,-13.92,6.5,-8.61,-4.8
28.637,-8.77,-7.63,-8.61,-4.79,-8.75,-7.34
28.651,-6.48,-7.67,-8.7,-7.37,-6.7,-7.64
28.666,-6.85,-5.99,-6.26,-7.73,-6.79,-6.16
28.681,-12.84,-1.94,-6.28,-6.28,-12.18,-2.38
28.697,-10.19,-2.87,-11.98,-2.36,-10.37,-2.82
28.711,-8.22,-3.08,-10.54,-2.63,-8.45,-3.04
28.726,-11.47,-2.53,-9.01,-2.56,-11.22,-2.54
28.74,-3.61,-11.36,-11.87,-1.92,-4.43,-10.41
28.755,8.39,-17.64,-5.03,-9.89,7.05,-16.87
28.769,-4.49,-13.43,6.72,-16.62,-3.37,-13.75
28.784,-9.63,-8.61,-2.57,-14.15,-8.93,-9.16
28.798,-2.98,-5.18,-8.21,-9.53,-3.51,-5.61
28.812,-5.12,-6.03,-3.78,-5.9,-4.98,-6.02
28.827,-8.56,-5.41,-5.2,-6.42,-8.22,-5.51
28.842,-6.51,-5.52,-7.86,-6.19,-6.65,-5.59
28.856,-7.15,-6.17,-6.1,-6.25,-7.05,-6.18
28.871,-8.75,-4.56,-6.44,-6.62,-8.52,-4.77
28.885,-9.72,-6.09,-8.13,-4.96,-9.57,-5.98
28.9,-9.15,-4.38,-9.09,-6.14,-9.14,-4.56
28.914,-9.86,-6.25,-8.8,-4.71,-9.75,-6.1
28.929,-12.58,-5.85,-9.23,-6.24,-12.25,-5.88
28.943,-16.81,-4.73,-11.24,-6.02,-16.26,-4.86
28.958,-17.41,-4.24,-15.17,-4.99,-17.18,-4.32
28.972,-14.3,-5.03,-17.01,-4.29,-14.57,-4.96
28.987,-9.05,-5.57,-14.61,-4.95,-9.6,-5.51
29.002,-7.31,-4.82,-9.56,-5.61,-7.53,-4.9
29.017,-12.16,-2.7,-7.44,-5.12,-11.69,-2.94
29.032,-9.24,-1.04,-11.64,-3.32,-9.48,-1.27
29.047,-12.3,-2.23,-9.46,-1.51,-12.01,-2.16
29.062,-16.12,-2.67,-11.98,-2.34,-15.7,-2.63
29.076,-8.17,0.04,-15.65,-2.9,-8.92,-0.25
29.091,-3.27,1.87,-8.86,-1.01,-3.83,1.58
29.105,-10.82,-1.64,-3.81,0.98,-10.12,-1.38
29.12,-13.79,-0.69,-10.16,-1.35,-13.43,-0.75
29.135,-15.53,-2.5,-13.47,-0.79,-15.32,-2.33
29.149,-13.75,-7.78,-15.3,-2.51,-13.91,-7.26
29.164,-7.4,1.33,-13.85,-7.42,-8.05,0.46
29.178,-10.66,-0.63,-8.0,0.41,-10.39,-0.52
29.192,-13.05,-1.26,-10.36,-0.56,-12.78,-1.19
29.207,-10.81,0.98,-12.77,-1.26,-11.01,0.76
29.222,-11.68,-1.51,-10.99,0.68,-11.61,-1.29
29.236,-12.37,-1.88,-11.57,-1.36,-12.29,-1.83
29.25,-12.25,-1.7,-12.26,-1.86,-12.25,-1.72
29.265,-12.83,-1.35,-12.23,-1.73,-12.77,-1.39
29.28,-13.68,-3.42,-12.78,-1.39,-13.59,-3.22
29.295,-10.34,-0.26,-13.61,-3.24,-10.66,-0.56
29.309,-11.29,-0.86,-10.83,-0.82,-11.24,-0.85
29.325,-12.16,-0.27,-11.47,-1.3,-12.1,-0.37
29.34,-9.57,2.32,-12.33,-0.96,-9.85,1.99
29.354,-15.4,-10.77,-9.97,1.75,-14.86,-9.52
29.369,-12.0,-4.5,-14.76,-9.48,-12.28,-5.0
29.384,-4.63,4.19,-12.17,-5.0,-5.39,3.27
29.399,-8.28,-1.07,-5.34,3.23,-7.99,-0.64
29.414,-11.94,4.91,-7.95,-0.67,-11.54,4.36
29.428,-10.35,4.82,-11.55,4.36,-10.47,4.77
29.443,-11.3,-1.15,-10.46,4.77,-11.21,-0.56
29.458,-11.7,-1.47,-11.19,-0.56,-11.65,-1.38
29.473,-11.43,-0.68,-11.63,-1.38,-11.45,-0.75
29.487,-11.54,-0.51,-11.43,-0.77,-11.53,-0.54
29.502,-11.62,-0.9,-11.5,-0.56,-11.61,-0.86
29.517,-11.22,-1.56,-11.59,-0.93,-11.26,-1.5
29.532,-12.46,-0.75,-11.26,-1.61,-12.34,-0.84
29.547,-11.42,1.37,-12.42,-1.11,-11.52,1.12
29.562,-10.14,-0.1,-11.6,0.93,-10.28,0.01
29.577,-11.02,-0.57,-10.28,0.03,-10.95,-0.51
29.591,-11.2,-0.38,-10.94,-0.48,-11.17,-0.39
29.606,-11.64,-0.43,-11.17,-0.39,-11.6,-0.42
29.621,-12.08,-0.85,-11.59,-0.43,-12.04,-0.81
29.636,-11.68,-0.66,-12.06,-0.81,-11.71,-0.67
29.652,-10.97,-0.77,-11.74,-0.67,-11.04,-0.76
29.667,-10.89,-0.86,-11.04,-0.77,-10.9,-0.85
29.682,-11.16,-0.23,-10.86,-0.87,-11.13,-0.3
29.696,-11.16,0.13,-11.08,-0.32,-11.15,0.09
29.711,-11.98,-0.32,-11.11,0.07,-11.89,-0.28
29.726,-11.57,-0.16,-11.87,-0.3,-11.6,-0.18
29.74,-9.96,-0.01,-11.59,-0.19,-10.12,-0.03
29.755,-10.78,-0.49,-10.12,-0.04,-10.71,-0.44
29.769,-11.07,0.06,-10.7,-0.45,-11.04,0.01
29.784,-10.69,0.12,-11.03,0.01,-10.73,0.11
29.798,-10.82,-0.32,-10.74,0.11,-10.81,-0.28
29.812,-10.91,-0.46,-10.81,-0.27,-10.9,-0.44
29.827,-11.24,-0.41,-10.88,-0.43,-11.21,-0.41
29.842,-11.53,-0.26,-11.18,-0.41,-11.5,-0.28
29.856,-11.78,-0.26,-11.48,-0.28,-11.75,-0.26
29.871,-11.58,-0.3,-11.76,-0.26,-11.59,-0.29
29.885,-10.96,-0.33,-11.61,-0.29,-11.02,-0.33
29.9,-10.83,-0.48,-11.02,-0.32,-10.85,-0.47
29.914,-10.89,-0.59,-10.83,-0.46,-10.89,-0.58
29.928,-11.31,-0.45,-10.86,-0.58,-11.27,-0.46
29.943,-11.57,-0.36,-11.23,-0.47,-11.54,-0.37
29.958,-11.73,-0.23,-11.51,-0.37,-11.71,-0.25
29.972,-11.76,-0.21,-11.7,-0.25,-11.75,-0.21
29.987,-11.5,-0.34,-11.75,-0.21,-11.52,-0.33
30.002,-11.27,-0.45,-11.55,-0.33,-11.29,-0.44
30.018,-11.24,-0.36,-11.31,-0.43,-11.24,-0.37
30.032,-11.24,-0.38,-11.25,-0.36,-11.24,-0.38
30.047,-11.43,-0.37,-11.25,-0.37,-11.41,-0.37
30.061,-11.62,-0.35,-11.42,-0.37,-11.6,-0.35
30.075,-11.28,-0.36,-11.61,-0.35,-11.31,-0.36
30.09,-11.14,-0.39,-11.33,-0.36,-11.16,-0.38
30.104,-11.39,-0.43,-11.17,-0.38,-11.37,-0.42
30.119,-11.2,-0.51,-11.38,-0.42,-11.22,-0.5
30.133,-10.91,-0.58,-11.23,-0.5,-10.94,-0.57
30.147,-10.92,-0.49,-10.94,-0.57,-10.93,-0.5
30.162,-10.92,-0.48,-10.92,-0.5,-10.92,-0.48
30.176,-11.18,-0.56,-10.9,-0.48,-11.15,-0.56
30.191,-11.35,-0.45,-11.12,-0.56,-11.33,-0.46
30.205,-11.28,-0.37,-11.31,-0.46,-11.28,-0.38
30.22,-11.12,-0.45,-11.28,-0.38,-11.14,-0.44
30.234,-10.97,-0.57,-11.14,-0.44,-10.99,-0.56
30.248,-10.99,-0.55,-10.98,-0.56,-10.99,-0.55
30.263,-11.09,-0.51,-10.97,-0.55,-11.08,-0.51
30.278,-11.14,-0.53,-11.06,-0.52,-11.13,-0.53
30.292,-11.54,-0.47,-11.1,-0.53,-11.5,-0.47
30.307,-11.5,-0.47,-11.47,-0.48,-11.5,-0.47
30.322,-11.17,-0.54,-11.48,-0.48,-11.2,-0.54
30.337,-11.12,-0.5,-11.19,-0.54,-11.13,-0.51
30.352,-11.26,-0.34,-11.11,-0.51,-11.25,-0.35
30.367,-11.36,-0.33,-11.23,-0.36,-11.35,-0.33
30.382,-11.42,-0.43,-11.33,-0.33,-11.41,-0.42
30.397,-11.42,-0.5,-11.4,-0.43,-11.42,-0.49
30.412,-11.42,-0.43,-11.41,-0.49,-11.42,-0.43
30.427,-11.4,-0.39,-11.41,-0.44,-11.4,-0.39
30.443,-11.34,-0.36,-11.4,-0.39,-11.35,-0.36
30.458,-11.4,-0.42,-11.34,-0.36,-11.39,-0.41
30.473,-11.47,-0.54,-11.39,-0.42,-11.46,-0.53
30.488,-11.47,-0.53,-11.47,-0.53,-11.47,-0.53
30.503,-11.31,-0.47,-11.48,-0.53,-11.33,-0.48
30.517,-11.2,-0.54,-11.34,-0.48,-11.22,-0.53
30.532,-11.05,-0.73,-11.22,-0.53,-11.07,-0.71
30.547,-11.27,-0.77,-11.05,-0.72,-11.25,-0.76
30.562,-11.29,-0.52,-11.22,-0.77,-11.28,-0.55
30.576,-11.11,-0.53,-11.26,-0.55,-11.13,-0.53
30.592,-11.33,-0.56,-11.12,-0.54,-11.31,-0.56
30.606,-11.33,-0.49,-11.3,-0.57,-11.33,-0.5
30.622,-11.77,-0.5,-11.31,-0.51,-11.73,-0.5
30.637,-11.38,-0.38,-11.7,-0.51,-11.41,-0.39
30.652,-11.18,-0.63,-11.41,-0.4,-11.2,-0.6
30.667,-11.23,-0.88,-11.21,-0.61,-11.22,-0.85
30.682,-11.32,-0.75,-11.21,-0.86,-11.31,-0.76
30.697,-10.98,-0.52,-11.29,-0.78,-11.01,-0.54
30.712,-10.79,-0.59,-11.0,-0.55,-10.82,-0.58
30.727,-11.16,-0.73,-10.81,-0.59,-11.13,-0.72
30.742,-11.47,-0.59,-11.11,-0.73,-11.44,-0.6
30.756,-11.48,-0.51,-11.42,-0.62,-11.47,-0.52
30.77,-11.29,-0.52,-11.47,-0.53,-11.31,-0.52
30.785,-11.08,-0.56,-11.31,-0.53,-11.1,-0.56
30.799,-10.93,-0.6,-11.11,-0.56,-10.94,-0.6
30.814,-11.04,-0.59,-10.94,-0.6,-11.03,-0.59
30.829,-11.44,-0.52,-11.02,-0.59,-11.4,-0.52
30.843,-11.65,-0.55,-11.38,-0.53,-11.62,-0.55
30.858,-11.63,-0.69,-11.61,-0.56,-11.63,-0.67
30.874,-11.36,-0.49,-11.61,-0.69,-11.38,-0.51
30.889,-11.21,-0.47,-11.37,-0.52,-11.23,-0.47
30.903,-11.2,-0.57,-11.21,-0.48,-11.2,-0.56
30.918,-11.06,-0.7,-11.19,-0.57,-11.08,-0.69
30.932,-11.09,-0.67,-11.07,-0.7,-11.08,-0.67
30.946,-11.35,-0.57,-11.08,-0.68,-11.33,-0.58
30.961,-11.3,-0.53,-11.32,-0.59,-11.3,-0.54
30.976,-11.15,-0.63,-11.3,-0.54,-11.16,-0.62
30.99,-11.3,-0.72,-11.15,-0.63,-11.28,-0.71
31.005,-11.49,-0.72,-11.27,-0.72,-11.47,-0.72
31.019,-11.36,-0.69,-11.46,-0.73,-11.37,-0.69
31.034,-11.32,-0.69,-11.37,-0.7,-11.33,-0.69
31.049,-11.18,-0.69,-11.33,-0.69,-11.19,-0.69
31.063,-11.07,-0.74,-11.19,-0.7,-11.08,-0.74
31.078,-11.22,-0.68,-11.06,-0.74,-11.2,-0.69
31.093,-11.42,-0.67,-11.18,-0.69,-11.4,-0.68
31.107,-11.42,-0.74,-11.38,-0.68,-11.42,-0.74
31.122,-11.49,-0.59,-11.4,-0.74,-11.48,-0.61
31.136,-11.38,-0.54,-11.48,-0.61,-11.39,-0.55
31.151,-11.24,-0.58,-11.39,-0.55,-11.25,-0.58
31.165,-11.25,-0.65,-11.25,-0.58,-11.25,-0.64
31.18,-11.32,-0.67,-11.24,-0.64,-11.32,-0.67
31.195,-11.37,-0.62,-11.31,-0.67,-11.36,-0.62
31.209,-11.43,-0.59,-11.35,-0.63,-11.42,-0.6
31.224,-11.41,-0.6,-11.41,-0.6,-11.41,-0.6
31.238,-11.33,-0.61,-11.41,-0.6,-11.33,-0.6
31.253,-11.25,-0.66,-11.33,-0.61,-11.26,-0.66
31.267,-11.31,-0.66,-11.26,-0.66,-11.3,-0.66
31.282,-11.28,-0.71,-11.3,-0.66,-11.28,-0.71
31.296,-11.34,-0.69,-11.27,-0.71,-11.33,-0.69
31.311,-11.46,-0.54,-11.32,-0.69,-11.44,-0.55
31.326,-11.38,-0.55,-11.44,-0.55,-11.39,-0.55
31.341,-11.24,-0.67,-11.39,-0.55,-11.26,-0.66
31.356,-11.18,-0.68,-11.25,-0.66,-11.18,-0.68
31.371,-11.34,-0.66,-11.17,-0.68,-11.32,-0.66
31.386,-11.43,-0.65,-11.31,-0.67,-11.42,-0.65
31.4,-11.21,-0.52,-11.41,-0.65,-11.23,-0.54
31.415,-11.17,-0.53,-11.22,-0.54,-11.17,-0.53
31.43,-11.37,-0.7,-11.17,-0.53,-11.35,-0.68
31.444,-11.39,-0.7,-11.35,-0.69,-11.39,-0.7
31.46,-11.38,-0.65,-11.38,-0.7,-11.38,-0.66
31.475,-11.12,-0.54,-11.38,-0.66,-11.15,-0.56
31.49,-11.05,-0.61,-11.14,-0.55,-11.06,-0.6
31.505,-11.49,-0.79,-11.03,-0.6,-11.45,-0.77
31.52,-11.73,-0.82,-11.41,-0.78,-11.7,-0.82
31.535,-11.36,-0.66,-11.69,-0.82,-11.39,-0.68
31.549,-11.3,-0.63,-11.38,-0.68,-11.31,-0.64
31.564,-11.43,-0.63,-11.29,-0.64,-11.42,-0.63
31.579,-11.42,-0.66,-11.39,-0.64,-11.42,-0.66
31.594,-11.46,-0.65,-11.4,-0.66,-11.45,-0.65
31.609,-11.45,-0.56,-11.43,-0.65,-11.44,-0.57
31.624,-11.44,-0.63,-11.43,-0.58,-11.43,-0.62
31.639,-11.74,-0.69,-11.42,-0.62,-11.7,-0.69
31.653,-11.72,-0.67,-11.71,-0.69,-11.72,-0.67
31.668,-11.35,-0.66,-11.73,-0.66,-11.38,-0.66
31.683,-11.2,-0.67,-11.4,-0.65,-11.22,-0.67
31.698,-11.31,-0.76,-11.23,-0.67,-11.3,-0.75
31.713,-11.3,-0.72,-11.3,-0.75,-11.3,-0.73
31.727,-11.3,-0.7,-11.3,-0.73,-11.3,-0.7
31.742,-11.39,-0.72,-11.29,-0.7,-11.38,-0.71
31.756,-11.52,-0.8,-11.37,-0.71,-11.5,-0.79
31.771,-11.45,-0.76,-11.5,-0.79,-11.46,-0.77
31.785,-11.46,-0.72,-11.45,-0.77,-11.46,-0.72
31.8,-11.39,-0.68,-11.46,-0.72,-11.4,-0.69
31.815,-11.31,-0.63,-11.4,-0.69,-11.32,-0.64
31.829,-11.38,-0.62,-11.32,-0.64,-11.37,-0.62
31.844,-11.39,-0.72,-11.37,-0.62,-11.39,-0.71
31.858,-11.39,-0.8,-11.39,-0.71,-11.39,-0.79
31.873,-11.41,-0.75,-11.38,-0.79,-11.41,-0.75
31.888,-11.45,-0.72,-11.4,-0.75,-11.45,-0.72
31.903,-11.49,-0.62,-11.44,-0.73,-11.48,-0.63
31.918,-11.54,-0.64,-11.48,-0.63,-11.54,-0.64
31.932,-11.51,-0.73,-11.54,-0.64,-11.51,-0.72
31.947,-11.38,-0.74,-11.51,-0.72,-11.4,-0.73
31.961,-11.22,-0.75,-11.4,-0.73,-11.24,-0.75
31.976,-11.21,-0.78,-11.24,-0.75,-11.21,-0.78
31.99,-11.29,-0.79,-11.2,-0.78,-11.28,-0.79
32.005,-11.37,-0.63,-11.27,-0.79,-11.36,-0.64
32.02,-11.33,-0.61,-11.36,-0.64,-11.33,-0.62
32.035,-11.32,-0.65,-11.32,-0.62,-11.32,-0.65
32.05,-11.36,-0.68,-11.32,-0.65,-11.36,-0.68
32.064,-11.51,-0.69,-11.35,-0.68,-11.49,-0.69
32.079,-11.56,-0.69,-11.49,-0.69,-11.55,-0.69
32.093,-11.37,-0.64,-11.55,-0.69,-11.39,-0.64
32.107,-11.29,-0.67,-11.4,-0.64,-11.3,-0.67
32.122,-11.23,-0.71,-11.31,-0.66,-11.24,-0.7
32.137,-11.25,-0.76,-11.24,-0.7,-11.25,-0.76
32.151,-11.27,-0.82,-11.25,-0.76,-11.27,-0.81
32.166,-11.26,-0.76,-11.26,-0.81,-11.26,-0.76
32.18,-11.31,-0.66,-11.25,-0.76,-11.3,-0.67
32.195,-11.36,-0.63,-11.29,-0.67,-11.36,-0.63
32.209,-11.41,-0.63,-11.35,-0.63,-11.41,-0.63
32.224,-11.39,-0.65,-11.4,-0.63,-11.39,-0.65
32.238,-11.27,-0.68,-11.38,-0.65,-11.28,-0.68
32.253,-11.29,-0.74,-11.28,-0.68,-11.28,-0.73
32.267,-11.34,-0.71,-11.28,-0.73,-11.33,-0.72
32.282,-11.36,-0.67,-11.33,-0.72,-11.36,-0.68
32.296,-11.34,-0.69,-11.35,-0.68,-11.34,-0.69
32.311,-11.28,-0.72,-11.34,-0.69,-11.29,-0.72
32.326,-11.26,-0.72,-11.28,-0.72,-11.26,-0.72
32.341,-11.33,-0.74,-11.26,-0.72,-11.32,-0.74
32.356,-11.33,-0.76,-11.32,-0.74,-11.33,-0.75
32.371,-11.36,-0.75,-11.32,-0.76,-11.36,-0.75
32.386,-11.39,-0.74,-11.35,-0.75,-11.38,-0.74
32.4,-11.36,-0.69,-11.37,-0.74,-11.36,-0.69
32.415,-11.3,-0.66,-11.35,-0.7,-11.3,-0.66
32.43,-11.34,-0.62,-11.3,-0.67,-11.33,-0.62
32.445,-11.39,-0.65,-11.32,-0.62,-11.39,-0.64
32.46,-11.42,-0.67,-11.38,-0.64,-11.42,-0.67
32.475,-11.39,-0.69,-11.42,-0.67,-11.39,-0.68
32.49,-11.42,-0.78,-11.39,-0.68,-11.42,-0.77
32.504,-11.42,-0.73,-11.42,-0.77,-11.42,-0.73
32.519,-11.27,-0.74,-11.42,-0.73,-11.28,-0.74
32.534,-11.3,-0.77,-11.29,-0.74,-11.3,-0.77
32.549,-11.17,-0.78,-11.3,-0.77,-11.18,-0.78
32.564,-11.09,-0.81,-11.17,-0.79,-11.1,-0.81
32.579,-11.53,-0.46,-11.08,-0.82,-11.49,-0.5
32.594,-11.93,-0.17,-11.44,-0.52,-11.88,-0.21
32.609,-11.86,-0.39,-11.83,-0.25,-11.86,-0.37
32.624,-11.81,-0.32,-11.8,-0.41,-11.81,-0.33
32.639,-11.97,-0.3,-11.74,-0.38,-11.95,-0.31
32.654,-11.61,-0.16,-11.89,-0.37,-11.64,-0.18
32.669,-11.2,0.37,-11.64,-0.22,-11.24,0.31
32.685,-11.75,-0.76,-11.27,0.29,-11.7,-0.66
32.699,-11.74,-1.19,-11.74,-0.68,-11.74,-1.13
32.714,-11.45,-2.32,-11.78,-1.15,-11.48,-2.2
32.729,-10.93,-1.92,-11.52,-2.22,-10.99,-1.95
32.746,-10.38,-1.09,-11.03,-1.97,-10.45,-1.18
32.76,-10.5,-1.04,-10.45,-1.2,-10.49,-1.06
32.775,-10.88,-0.74,-10.48,-1.08,-10.84,-0.77
32.789,-10.98,-0.49,-10.83,-0.79,-10.96,-0.52
32.804,-11.41,-0.38,-10.95,-0.54,-11.37,-0.39
32.818,-11.45,-0.22,-11.36,-0.4,-11.45,-0.24
32.833,-11.32,1.21,-11.46,-0.25,-11.33,1.07
32.847,-12.04,0.57,-11.33,1.05,-11.97,0.62
32.861,-12.79,-1.92,-11.98,0.6,-12.71,-1.66
32.876,-12.04,-2.08,-12.73,-1.69,-12.11,-2.04
32.89,-11.0,-2.17,-12.14,-2.06,-11.11,-2.16
32.905,-10.92,-1.8,-11.14,-2.19,-10.94,-1.84
32.919,-11.49,-1.8,-10.92,-1.88,-11.44,-1.81
32.934,-11.38,-1.13,-11.4,-1.87,-11.38,-1.2
32.949,-11.42,-1.1,-11.34,-1.27,-11.42,-1.12
32.963,-11.13,-0.92,-11.36,-1.19,-11.16,-0.95
32.977,-11.05,-0.67,-11.13,-1.02,-11.06,-0.71
32.992,-10.87,-0.56,-11.04,-0.78,-10.88,-0.58
33.007,-10.89,-0.6,-10.89,-0.63,-10.89,-0.61
33.021,-10.7,-0.98,-10.9,-0.65,-10.72,-0.95
33.036,-10.36,-1.2,-10.75,-0.97,-10.4,-1.18
33.051,-10.9,-1.26,-10.41,-1.2,-10.85,-1.26
33.067,-11.21,-0.87,-10.82,-1.31,-11.17,-0.92
33.081,-11.22,-0.49,-11.14,-0.97,-11.22,-0.54
33.096,-10.78,0.13,-11.19,-0.6,-10.82,0.06
33.11,-12.75,-1.48,-10.8,0.01,-12.55,-1.33
33.125,-13.25,-1.82,-12.55,-1.36,-13.18,-1.77
33.139,-10.55,0.88,-13.19,-1.8,-10.81,0.61
33.154,-10.55,0.45,-10.83,0.6,-10.58,0.46
33.168,-10.35,0.59,-10.6,0.46,-10.37,0.57
33.182,-9.79,1.25,-10.42,0.59,-9.85,1.18
33.196,-10.36,0.52,-9.9,1.2,-10.31,0.59
33.21,-10.6,-0.65,-10.35,0.61,-10.58,-0.52
33.225,-10.72,-0.18,-10.59,-0.51,-10.71,-0.21
33.239,-11.14,1.09,-10.72,-0.2,-11.09,0.96
33.254,-10.62,1.84,-11.13,0.98,-10.67,1.75
33.268,-11.34,2.32,-10.71,1.77,-11.28,2.27
33.283,-12.58,-0.27,-11.31,2.28,-12.45,-0.02
33.297,-13.48,-0.27,-12.49,0.0,-13.38,-0.24
33.311,-11.65,-0.68,-13.36,-0.25,-11.82,-0.64
33.326,-9.68,-1.0,-11.79,-0.64,-9.9,-0.96
33.341,-9.34,-1.45,-9.88,-0.95,-9.39,-1.4
33.356,-10.19,-2.13,-9.39,-1.38,-10.11,-2.06
33.371,-10.57,-0.98,-10.1,-2.04,-10.53,-1.08
33.386,-11.47,-0.56,-10.52,-1.07,-11.38,-0.61
33.401,-11.6,-0.37,-11.38,-0.6,-11.58,-0.39
33.416,-10.52,-0.13,-11.58,-0.39,-10.62,-0.16
33.43,-10.36,-0.21,-10.63,-0.15,-10.39,-0.21
33.445,-10.57,-0.29,-10.4,-0.2,-10.55,-0.28
33.46,-10.79,-0.36,-10.56,-0.27,-10.76,-0.35
33.475,-10.97,-0.35,-10.76,-0.34,-10.95,-0.35
33.49,-11.05,-0.34,-10.94,-0.35,-11.04,-0.34
33.505,-11.13,-0.3,-11.03,-0.34,-11.12,-0.31
33.52,-11.05,-0.3,-11.12,-0.31,-11.05,-0.3
33.534,-10.86,-0.58,-11.05,-0.3,-10.87,-0.56
33.549,-10.94,-0.47,-10.86,-0.56,-10.93,-0.48
33.565,-10.91,-0.14,-10.92,-0.49,-10.91,-0.17
33.58,-10.99,-0.16,-10.89,-0.17,-10.98,-0.16
33.595,-10.9,-0.4,-10.96,-0.16,-10.91,-0.38
33.61,-10.92,-0.61,-10.89,-0.38,-10.92,-0.58
33.625,-11.2,-0.58,-10.9,-0.59,-11.17,-0.59
33.643,-11.18,-0.4,-11.16,-0.59,-11.18,-0.42
33.657,-11.19,-0.34,-11.17,-0.42,-11.19,-0.35
33.672,-11.24,-0.5,-11.19,-0.35,-11.23,-0.49
33.687,-11.1,-0.52,-11.25,-0.48,-11.12,-0.52
33.702,-10.96,-0.39,-11.14,-0.51,-10.97,-0.4
33.717,-10.94,-0.45,-10.98,-0.4,-10.95,-0.45
33.732,-10.97,-0.49,-10.95,-0.45,-10.97,-0.49
33.749,-11.03,-0.54,-10.97,-0.49,-11.02,-0.54
33.763,-11.18,-0.5,-11.02,-0.54,-11.16,-0.51
33.778,-11.11,-0.46,-11.16,-0.51,-11.11,-0.47
33.792,-11.06,-0.3,-11.12,-0.47,-11.07,-0.32
33.807,-11.18,-0.08,-11.07,-0.32,-11.17,-0.1
33.821,-11.37,0.16,-11.17,-0.1,-11.35,0.14
33.835,-11.43,0.29,-11.36,0.15,-11.43,0.27
33.85,-11.39,0.58,-11.44,0.29,-11.4,0.55
33.864,-11.46,0.8,-11.41,0.57,-11.46,0.78
33.878,-12.55,1.2,-11.47,0.8,-12.44,1.16
33.894,-12.79,1.45,-12.48,1.2,-12.75,1.43
33.909,-13.48,3.06,-12.79,1.47,-13.41,2.9
33.923,-10.01,2.24,-13.42,2.93,-10.35,2.3
33.937,-10.6,0.16,-10.39,2.37,-10.58,0.38
33.951,-11.95,0.7,-10.65,0.49,-11.82,0.68
33.965,-11.03,0.99,-11.9,0.8,-11.11,0.97
33.98,-11.38,1.74,-11.18,1.07,-11.36,1.67
33.994,-12.36,0.49,-11.42,1.75,-12.27,0.62
34.008,-10.55,-1.61,-12.27,0.69,-10.72,-1.38
34.023,-9.7,-2.12,-10.79,-1.29,-9.81,-2.04
34.038,-7.81,-2.62,-9.93,-1.95,-8.02,-2.55
34.054,-7.27,-2.09,-8.19,-2.47,-7.37,-2.13
34.068,-9.02,-3.26,-7.53,-2.06,-8.88,-3.14
34.083,-9.91,-3.86,-9.0,-3.09,-9.82,-3.78
34.097,-9.84,-3.0,-9.87,-3.75,-9.84,-3.07
34.112,-9.31,-0.9,-9.83,-3.06,-9.37,-1.11
34.126,-9.52,-0.98,-9.34,-1.1,-9.51,-0.99
34.141,-9.86,-0.71,-9.47,-0.98,-9.82,-0.74
34.156,-9.51,-0.28,-9.8,-0.73,-9.54,-0.33
34.17,-7.83,2.09,-9.53,-0.32,-8.0,1.85
34.185,-7.79,3.73,-8.06,1.9,-7.82,3.55
34.199,-9.56,3.67,-7.9,3.62,-9.39,3.67
34.213,-9.17,2.72,-9.41,3.78,-9.19,2.83
34.227,-7.5,1.28,-9.18,2.94,-7.67,1.45
34.241,-8.95,1.03,-7.68,1.58,-8.82,1.08
34.255,-10.25,-0.16,-8.84,1.23,-10.11,-0.02
34.269,-10.02,-1.87,-10.12,0.1,-10.03,-1.67
34.284,-9.43,-2.48,-10.02,-1.61,-9.49,-2.39
34.298,-10.23,-2.64,-9.47,-2.34,-10.16,-2.61
34.312,-10.74,-1.46,-10.14,-2.56,-10.68,-1.57
34.327,-12.47,-0.85,-10.68,-1.5,-12.3,-0.91
34.341,-12.41,-0.01,-12.35,-0.82,-12.4,-0.09
34.356,-8.05,4.63,-12.42,0.02,-8.49,4.16
34.371,-4.78,7.44,-8.43,4.28,-5.15,7.13
34.385,-5.61,2.88,-5.11,7.25,-5.56,3.32
34.399,-8.56,-0.7,-5.52,3.47,-8.26,-0.28
34.414,-7.73,-1.13,-8.21,-0.09,-7.78,-1.03
34.429,-7.9,0.0,-7.75,-0.83,-7.88,-0.08
34.444,-12.0,-2.88,-7.85,0.1,-11.58,-2.58
34.458,-11.54,-2.56,-11.57,-2.4,-11.54,-2.54
34.473,-10.31,-0.66,-11.52,-2.37,-10.43,-0.83
34.488,-6.72,-1.09,-10.4,-0.67,-7.09,-1.04
34.503,-4.1,-0.7,-7.05,-0.87,-4.39,-0.72
34.517,-5.24,0.86,-4.34,-0.55,-5.15,0.72
34.532,-7.0,-0.35,-5.08,0.89,-6.81,-0.23
34.547,-8.72,-0.88,-6.76,-0.06,-8.52,-0.79
34.562,-11.31,-1.09,-8.48,-0.64,-11.03,-1.05
34.577,-10.85,-1.2,-10.98,-0.9,-10.87,-1.17
34.592,-6.76,0.37,-10.81,-1.03,-7.17,0.23
34.606,-9.85,-0.52,-7.12,0.29,-9.58,-0.44
34.622,-14.26,-1.84,-9.55,-0.38,-13.79,-1.69
34.637,-13.28,-1.56,-13.72,-1.67,-13.32,-1.57
34.652,-15.67,-2.92,-13.28,-1.54,-15.43,-2.79
34.668,-18.69,-3.02,-15.28,-2.82,-18.35,-3.0
34.683,-9.49,-0.06,-17.81,-3.12,-10.32,-0.36
34.697,-13.89,-0.94,-10.05,-0.43,-13.5,-0.89
34.712,-19.48,-3.09,-13.55,-0.89,-18.89,-2.87
34.727,-17.75,-2.68,-18.95,-2.88,-17.87,-2.7
34.742,-12.95,-0.95,-17.88,-2.71,-13.45,-1.13
34.757,-12.0,-1.58,-13.5,-1.1,-12.15,-1.53
34.771,-10.04,0.82,-12.24,-1.5,-10.26,0.58
34.785,-10.19,0.82,-10.32,0.58,-10.21,0.8
34.799,-9.09,1.27,-10.28,0.81,-9.21,1.23
34.813,-10.58,-2.74,-9.25,1.24,-10.45,-2.35
34.828,-11.84,-0.12,-10.38,-2.36,-11.7,-0.34
34.842,-11.25,0.23,-11.66,-0.35,-11.29,0.17
34.856,-10.95,0.67,-11.28,0.17,-10.98,0.62
34.871,-11.31,0.91,-10.94,0.62,-11.27,0.88
34.885,-11.75,0.18,-11.19,0.86,-11.69,0.25
34.899,-11.61,-0.29,-11.64,0.23,-11.62,-0.24
34.914,-11.11,-1.38,-11.64,-0.23,-11.16,-1.26
34.929,-11.08,-0.58,-11.22,-1.24,-11.09,-0.65
34.943,-10.45,-0.9,-11.14,-0.64,-10.52,-0.88
34.958,-10.01,-1.41,-10.53,-0.88,-10.07,-1.36
34.972,-10.49,-0.19,-10.08,-1.35,-10.45,-0.3
34.987,-10.62,-0.18,-10.45,-0.29,-10.6,-0.19
35.001,-11.55,-0.03,-10.57,-0.19,-11.46,-0.05
35.016,-11.86,0.16,-11.43,-0.05,-11.82,0.14
35.03,-10.81,-0.74,-11.81,0.14,-10.91,-0.65
35.045,-11.3,-0.7,-10.94,-0.64,-11.26,-0.7
35.06,-11.27,-0.63,-11.28,-0.69,-11.27,-0.63
35.076,-11.0,-0.65,-11.26,-0.64,-11.03,-0.65
35.092,-10.83,-1.37,-11.01,-0.66,-10.85,-1.3
35.107,-11.26,-1.99,-10.84,-1.31,-11.22,-1.92
35.121,-11.6,-1.01,-11.18,-1.95,-11.56,-1.1
35.136,-11.16,0.87,-11.52,-1.12,-11.2,0.67
35.15,-11.1,-1.64,-11.17,0.67,-11.11,-1.41
35.165,-11.39,-2.05,-11.11,-1.4,-11.36,-1.98
35.179,-10.79,-0.47,-11.38,-1.97,-10.85,-0.62
35.194,-11.31,-1.16,-10.85,-0.63,-11.26,-1.11
35.208,-11.11,-0.36,-11.25,-1.12,-11.13,-0.44
35.223,-11.48,-0.91,-11.16,-0.43,-11.45,-0.86
35.237,-10.48,0.35,-11.48,-0.86,-10.58,0.23
35.252,-9.81,0.49,-10.61,0.24,-9.89,0.47
35.266,-10.6,-0.56,-9.89,0.47,-10.53,-0.46
35.28,-11.34,-0.9,-10.47,-0.47,-11.25,-0.86
35.295,-11.49,-1.21,-11.19,-0.86,-11.46,-1.17
35.311,-10.93,-1.36,-11.45,-1.18,-10.98,-1.35
35.326,-10.6,-0.28,-10.99,-1.34,-10.64,-0.38
35.34,-10.47,-0.31,-10.63,-0.38,-10.49,-0.32
35.355,-10.1,-0.44,-10.46,-0.32,-10.14,-0.43
35.37,-9.87,-0.61,-10.1,-0.43,-9.9,-0.59
35.385,-12.04,-1.1,-9.88,-0.59,-11.83,-1.05
35.4,-12.61,-1.53,-11.8,-1.07,-12.53,-1.49
35.414,-11.95,-1.55,-12.5,-1.51,-12.0,-1.54
35.429,-11.68,-1.11,-12.0,-1.55,-11.72,-1.15
35.444,-11.12,-0.83,-11.71,-1.15,-11.18,-0.86
35.459,-10.74,-0.86,-11.18,-0.86,-10.79,-0.86
35.474,-11.12,-0.98,-10.77,-0.86,-11.08,-0.97
35.489,-11.31,-1.09,-11.06,-0.97,-11.29,-1.08
35.504,-11.5,-1.22,-11.26,-1.08,-11.48,-1.21
35.52,-11.47,-1.15,-11.47,-1.21,-11.47,-1.16
35.535,-11.21,-1.07,-11.47,-1.16,-11.24,-1.08
35.549,-11.12,-1.07,-11.25,-1.08,-11.14,-1.08
35.564,-11.13,-1.05,-11.15,-1.07,-11.14,-1.05
35.579,-11.1,-1.05,-11.15,-1.05,-11.1,-1.05
35.594,-11.0,-1.06,-11.11,-1.05,-11.02,-1.06
35.609,-10.96,-1.11,-11.02,-1.06,-10.97,-1.1
35.624,-11.19,-1.11,-10.97,-1.1,-11.17,-1.11
35.639,-11.11,-1.09,-11.17,-1.11,-11.12,-1.09
35.654,-10.86,-1.11,-11.12,-1.09,-10.89,-1.11
35.669,-11.07,-1.11,-10.88,-1.11,-11.05,-1.11
35.684,-11.26,-1.04,-11.05,-1.11,-11.24,-1.05
35.699,-11.31,-1.04,-11.24,-1.05,-11.3,-1.04
35.714,-11.41,-1.07,-11.32,-1.04,-11.4,-1.06
35.729,-11.29,-1.1,-11.44,-1.06,-11.3,-1.1
35.744,-11.1,-1.07,-11.36,-1.1,-11.12,-1.08
35.759,-10.87,-1.06,-11.19,-1.07,-10.9,-1.06
35.774,-10.86,-1.09,-10.97,-1.06,-10.87,-1.09
35.788,-10.33,-1.08,-10.94,-1.09,-10.39,-1.08
35.803,-10.04,-1.08,-10.46,-1.08,-10.08,-1.08
35.818,-10.03,-1.14,-10.13,-1.08,-10.04,-1.13
35.832,-10.27,-1.18,-10.06,-1.13,-10.25,-1.18
35.847,-10.28,-1.14,-10.24,-1.18,-10.28,-1.14
35.861,-10.36,-1.09,-10.25,-1.14,-10.35,-1.09
35.875,-10.52,-1.18,-10.29,-1.1,-10.5,-1.18
35.89,-10.94,-1.18,-10.43,-1.18,-10.89,-1.18
35.905,-11.06,-1.16,-10.83,-1.18,-11.04,-1.16
35.92,-11.12,-1.01,-10.98,-1.16,-11.11,-1.03
35.934,-11.02,-0.96,-11.07,-1.03,-11.03,-0.97
35.949,-11.14,-1.02,-10.99,-0.97,-11.12,-1.02
35.963,-11.26,-1.09,-11.1,-1.02,-11.25,-1.08
35.978,-11.33,-1.09,-11.23,-1.08,-11.32,-1.09
35.992,-11.23,-1.09,-11.33,-1.09,-11.24,-1.09
36.007,-10.73,-1.1,-11.25,-1.09,-10.78,-1.1
36.021,-10.59,-1.1,-10.8,-1.1,-10.61,-1.1
36.036,-10.8,-1.05,-10.61,-1.1,-10.78,-1.06
36.051,-10.95,-1.09,-10.77,-1.06,-10.93,-1.08
36.066,-10.92,-1.16,-10.92,-1.08,-10.92,-1.16
36.08,-10.63,-1.19,-10.91,-1.16,-10.66,-1.18
36.096,-10.67,-1.2,-10.64,-1.18,-10.66,-1.2
36.111,-10.94,-1.27,-10.62,-1.2,-10.91,-1.27
36.125,-10.23,-1.76,-10.86,-1.27,-10.29,-1.71
36.14,-10.93,-1.3,-10.23,-1.72,-10.86,-1.34
36.154,-11.96,-0.88,-10.8,-1.35,-11.84,-0.93
36.169,-11.15,-1.34,-11.85,-0.92,-11.22,-1.29
36.184,-11.02,-1.02,-11.25,-1.28,-11.05,-1.04
36.199,-11.82,-0.66,-11.07,-1.03,-11.75,-0.7
36.213,-11.72,-0.38,-11.77,-0.69,-11.72,-0.41
36.227,-10.94,-0.77,-11.75,-0.39,-11.02,-0.73
36.242,-10.73,-0.88,-11.05,-0.72,-10.76,-0.86
36.256,-10.46,-1.07,-10.78,-0.85,-10.5,-1.05
36.271,-10.76,-1.1,-10.5,-1.03,-10.73,-1.09
36.286,-11.13,-1.25,-10.73,-1.08,-11.09,-1.23
36.301,-11.17,-1.51,-11.09,-1.22,-11.16,-1.48
36.316,-10.69,-1.18,-11.17,-1.46,-10.74,-1.21
36.33,-10.74,-0.5,-10.75,-1.18,-10.74,-0.57
36.345,-11.11,-0.76,-10.74,-0.55,-11.07,-0.74
36.36,-11.22,-0.94,-11.08,-0.72,-11.2,-0.91
36.375,-11.59,-1.1,-11.22,-0.85,-11.55,-1.08
36.39,-11.63,-1.68,-11.58,-0.89,-11.62,-1.61
36.405,-10.1,-2.81,-11.64,-1.48,-10.26,-2.68
36.419,-10.15,-1.86,-10.25,-2.8,-10.16,-1.96
36.435,-10.56,-0.98,-10.15,-2.11,-10.52,-1.09
36.45,-10.83,-1.28,-10.52,-1.11,-10.8,-1.27
36.465,-11.02,-1.38,-10.79,-1.26,-10.99,-1.37
36.48,-10.94,-1.62,-10.98,-1.37,-10.94,-1.6
36.495,-10.83,-1.63,-10.94,-1.62,-10.84,-1.63
36.51,-10.96,-0.95,-10.83,-1.65,-10.95,-1.02
36.525,-10.73,-0.66,-10.94,-1.03,-10.75,-0.7
36.54,-10.46,-1.02,-10.75,-0.7,-10.49,-0.99
36.555,-10.64,-0.92,-10.48,-0.94,-10.62,-0.92
36.57,-10.86,-0.89,-10.62,-0.82,-10.84,-0.88
36.585,-11.45,-1.09,-10.83,-0.61,-11.39,-1.04
36.6,-12.1,0.1,-11.4,-0.73,-12.03,0.01
36.614,-8.62,-2.12,-12.06,0.28,-8.96,-1.88
36.629,-7.84,-4.36,-8.95,-1.63,-7.95,-4.09
36.643,-11.82,-4.53,-7.88,-3.77,-11.43,-4.45
36.659,-11.65,-3.98,-11.38,-4.17,-11.62,-4.0
36.674,-11.57,-3.82,-11.61,-3.97,-11.58,-3.83
36.689,-12.0,-3.81,-11.58,-3.89,-11.96,-3.82
36.704,-11.21,-3.37,-12.02,-3.99,-11.29,-3.43
36.719,-10.21,-1.85,-11.38,-3.63,-10.32,-2.03
36.733,-11.37,-1.27,-10.38,-2.22,-11.27,-1.37
36.748,-12.9,-1.76,-11.35,-1.47,-12.74,-1.73
36.763,-10.45,-3.04,-12.95,-1.66,-10.7,-2.9
36.778,-9.91,-4.01,-10.91,-2.81,-10.01,-3.89
36.792,-11.03,-2.76,-10.05,-3.77,-10.94,-2.86
36.807,-10.59,-1.87,-10.96,-2.78,-10.63,-1.96
36.821,-9.52,-2.13,-10.67,-1.99,-9.63,-2.12
36.836,-9.44,-2.25,-9.67,-2.14,-9.46,-2.24
36.85,-8.91,-1.77,-9.47,-2.24,-8.97,-1.82
36.865,-8.64,-2.63,-8.92,-1.67,-8.67,-2.54
36.879,-10.83,-3.95,-8.62,-2.34,-10.61,-3.79
36.894,-10.57,-4.35,-10.6,-3.55,-10.57,-4.27
36.908,-9.84,-4.59,-10.57,-4.07,-9.91,-4.53
36.923,-10.2,-4.2,-9.9,-4.52,-10.17,-4.23
36.937,-10.06,-4.81,-10.16,-4.28,-10.07,-4.75
36.952,-8.69,-2.86,-10.02,-5.27,-8.82,-3.1
36.968,-10.63,-2.1,-8.7,-3.82,-10.43,-2.27
36.983,-13.76,-0.49,-10.07,-2.54,-13.39,-0.69
36.997,-10.76,-2.2,-13.0,-0.85,-10.99,-2.07
37.012,-11.49,-2.57,-10.99,-2.2,-11.44,-2.53
37.027,-15.0,1.75,-11.54,-2.78,-14.66,1.3
37.042,-13.96,1.34,-14.8,1.05,-14.04,1.31
37.056,-5.81,-3.72,-14.21,1.16,-6.65,-3.23
37.071,-5.51,-2.23,-6.82,-3.19,-5.64,-2.33
37.087,-10.43,1.04,-5.64,-2.28,-9.95,0.71
37.102,-8.91,-3.49,-9.7,0.69,-8.99,-3.07
37.117,-12.31,-2.55,-8.79,-3.1,-11.96,-2.6
37.132,-12.63,-1.05,-11.89,-2.62,-12.55,-1.21
37.146,-12.6,3.17,-12.53,-1.23,-12.59,2.73
37.161,-12.26,1.67,-12.59,2.67,-12.29,1.77
37.175,-10.84,-3.03,-12.3,1.7,-10.98,-2.56
37.189,-10.82,-1.27,-11.0,-2.57,-10.84,-1.4
37.204,-10.97,0.46,-10.83,-1.4,-10.96,0.27
37.218,-10.35,0.58,-10.95,0.26,-10.41,0.55
37.232,-10.58,-1.36,-10.43,0.53,-10.57,-1.18
37.247,-10.34,-0.83,-10.6,-1.18,-10.37,-0.87
37.262,-11.98,-2.43,-10.4,-0.88,-11.82,-2.27
37.276,-13.2,-3.1,-11.82,-2.28,-13.06,-3.02
37.291,-12.97,-2.43,-13.06,-3.03,-12.98,-2.49
37.305,-9.41,-1.24,-12.98,-2.5,-9.77,-1.37
37.32,-8.02,-2.3,-9.75,-1.39,-8.19,-2.21
37.335,-10.88,-1.35,-8.18,-2.23,-10.61,-1.44
37.35,-12.08,-0.53,-10.64,-1.44,-11.94,-0.62
37.364,-11.74,-0.34,-11.99,-0.62,-11.76,-0.36
37.379,-10.65,-1.07,-11.86,-0.36,-10.77,-1.0
37.394,-9.7,-1.05,-10.86,-1.0,-9.81,-1.05
37.409,-9.91,-1.12,-9.85,-1.05,-9.91,-1.12
37.424,-10.62,-1.06,-9.93,-1.12,-10.55,-1.06
37.438,-10.36,-0.83,-10.61,-1.06,-10.38,-0.86
37.453,-10.64,-0.67,-10.47,-0.85,-10.62,-0.69
37.468,-10.69,-0.44,-10.7,-0.68,-10.69,-0.46
37.483,-9.2,-1.41,-10.75,-0.46,-9.35,-1.32
37.498,-9.26,-1.69,-9.36,-1.32,-9.27,-1.66
37.513,-10.1,-1.22,-9.27,-1.66,-10.01,-1.26
37.527,-10.14,-0.84,-10.03,-1.27,-10.13,-0.89
37.542,-10.53,-0.99,-10.14,-0.89,-10.49,-0.98
37.557,-11.12,-1.15,-10.49,-0.98,-11.06,-1.14
37.572,-11.73,-1.12,-11.08,-1.14,-11.67,-1.12
37.587,-10.75,-0.49,-11.78,-1.12,-10.86,-0.55
37.602,-8.89,0.28,-10.97,-0.54,-9.1,0.2
37.616,-8.83,-0.37,-9.14,0.21,-8.86,-0.31
37.632,-9.07,-2.03,-8.83,-0.3,-9.05,-1.86
37.647,-9.87,-2.27,-9.02,-1.86,-9.79,-2.23
37.662,-10.25,-1.94,-9.79,-2.23,-10.21,-1.97
37.677,-9.81,-1.69,-10.22,-1.97,-9.85,-1.72
37.692,-9.89,-1.82,-9.85,-1.72,-9.89,-1.81
37.707,-9.96,-1.87,-9.89,-1.81,-9.95,-1.86
37.722,-10.33,-2.03,-9.96,-1.87,-10.29,-2.02
37.736,-10.19,-1.85,-10.32,-2.03,-10.21,-1.87
37.751,-9.96,0.02,-10.22,-1.89,-9.99,-0.17
37.766,-10.76,0.68,-9.98,-0.19,-10.68,0.6
37.78,-10.47,1.1,-10.68,0.59,-10.49,1.05
37.795,-9.81,1.23,-10.5,1.04,-9.88,1.21
37.809,-9.57,0.19,-9.89,1.21,-9.6,0.29
37.823,-9.8,-0.11,-9.6,0.28,-9.78,-0.07
37.837,-10.58,-0.43,-9.78,-0.09,-10.5,-0.39
37.852,-11.12,-0.79,-10.49,-0.41,-11.05,-0.75
37.866,-10.93,-1.16,-11.02,-0.77,-10.94,-1.12
37.881,-10.25,-1.47,-10.89,-1.14,-10.32,-1.43
37.896,-9.29,-1.75,-10.29,-1.45,-9.39,-1.72
37.91,-9.34,-1.66,-9.42,-1.71,-9.34,-1.67
37.925,-8.3,-1.33,-9.4,-1.65,-8.41,-1.36
37.939,-8.02,-1.26,-8.42,-1.35,-8.06,-1.27
37.954,-8.98,-1.64,-8.02,-1.26,-8.88,-1.6
37.968,-13.26,-3.44,-8.8,-1.59,-12.82,-3.25
37.983,-12.36,-3.4,-12.74,-3.23,-12.4,-3.38
37.997,-11.05,-2.45,-12.37,-3.36,-11.18,-2.54
38.012,-10.74,-1.95,-11.21,-2.5,-10.79,-2.01
38.026,-9.4,-1.78,-10.81,-1.95,-9.54,-1.8
38.041,-10.49,-1.86,-9.55,-1.72,-10.39,-1.85
38.056,-14.41,-1.28,-10.41,-1.82,-14.01,-1.34
38.072,-13.84,-0.37,-14.03,-1.37,-13.86,-0.47
38.087,-10.95,0.13,-13.89,-0.4,-11.25,0.08
38.101,-9.3,0.1,-11.27,0.2,-9.5,0.11
38.116,-7.25,0.04,-9.51,0.27,-7.48,0.06
38.13,-7.66,-0.93,-7.51,0.19,-7.64,-0.82
38.144,-9.11,-2.77,-7.76,-0.81,-8.98,-2.57
38.159,-7.01,-1.09,-9.87,-3.21,-7.3,-1.3
38.174,-14.55,5.8,-8.78,-2.26,-13.97,4.99
38.188,-18.22,5.08,-15.1,4.73,-17.91,5.04
38.202,-4.64,-1.26,-18.27,5.48,-6.0,-0.59
38.216,-6.76,-3.87,-5.41,0.38,-6.63,-3.45
38.231,-2.59,-3.45,-6.35,-2.84,-2.97,-3.39
38.245,2.22,-3.57,-3.5,-3.24,1.65,-3.54
38.26,4.92,-2.27,1.16,-3.53,4.54,-2.4
38.274,0.16,-1.83,4.1,-2.5,0.55,-1.9
38.29,-0.95,-1.81,0.16,-2.06,-0.84,-1.84
38.304,-2.58,-1.13,-0.94,-1.88,-2.42,-1.2
38.318,-3.39,-1.59,-2.04,-1.01,-3.25,-1.53
38.333,-5.33,-2.73,-2.87,-1.31,-5.09,-2.58
38.348,-6.28,-3.1,-4.88,-2.5,-6.14,-3.04
38.363,-5.29,-1.78,-5.95,-2.97,-5.35,-1.9
38.378,-6.2,-1.7,-5.1,-1.83,-6.09,-1.71
38.393,-8.68,-1.99,-5.85,-1.66,-8.4,-1.96
38.408,-8.76,-2.07,-8.24,-1.94,-8.7,-2.06
38.423,-6.4,-0.39,-8.6,-2.05,-6.62,-0.56
38.438,-6.02,0.41,-6.42,-0.55,-6.06,0.31
38.452,-6.26,-0.37,-5.61,0.35,-6.19,-0.3
38.468,-7.84,-0.98,-5.25,-0.21,-7.58,-0.9
38.483,-9.31,-1.93,-6.91,-0.78,-9.07,-1.82
38.498,-8.62,-1.8,-8.51,-1.74,-8.61,-1.79
38.513,-8.72,-0.94,-8.16,-1.83,-8.66,-1.03
38.527,-13.37,-3.64,-8.34,-1.01,-12.87,-3.38
38.542,-11.58,-2.79,-12.26,-3.24,-11.64,-2.83
38.557,-14.9,-2.92,-10.91,-2.7,-14.5,-2.9
38.572,-17.29,-3.69,-13.79,-2.77,-16.94,-3.59
38.587,-17.58,-4.71,-16.35,-3.5,-17.46,-4.59
38.602,-14.35,-3.45,-17.31,-4.61,-14.65,-3.57
38.617,-6.81,-0.54,-14.71,-3.6,-7.6,-0.85
38.632,-7.02,-0.38,-7.6,-0.78,-7.08,-0.42
38.647,-13.54,-0.85,-6.82,-0.28,-12.87,-0.79
38.661,-15.71,-1.41,-12.42,-0.56,-15.38,-1.33
38.676,-15.29,-4.22,-14.97,-1.02,-15.25,-3.9
38.691,-15.01,-4.29,-15.01,-3.72,-15.01,-4.23
38.706,-13.93,-2.75,-14.77,-4.14,-14.01,-2.89
38.721,-15.29,-1.98,-13.72,-2.79,-15.14,-2.06
38.736,-19.95,-5.52,-14.81,-1.85,-19.43,-5.16
38.751,-21.28,-5.93,-18.85,-4.96,-21.04,-5.83
38.766,-19.72,-2.99,-20.54,-5.69,-19.81,-3.26
38.78,-17.46,-2.33,-19.57,-3.0,-17.68,-2.4
38.795,-21.34,-4.06,-17.49,-2.04,-20.95,-3.86
38.81,-21.71,-7.63,-20.74,-3.38,-21.61,-7.2
38.824,-18.37,-6.91,-21.51,-6.87,-18.68,-6.91
38.839,-14.69,-4.67,-19.34,-7.1,-15.16,-4.91
38.853,-12.84,-2.7,-15.75,-5.11,-13.13,-2.94
38.868,-18.08,-4.03,-13.46,-3.08,-17.62,-3.93
38.882,-18.14,-4.33,-17.73,-4.04,-18.1,-4.3
38.897,-14.83,-3.8,-18.33,-4.54,-15.18,-3.88
38.911,-15.64,-4.71,-15.45,-4.38,-15.62,-4.68
38.925,-14.99,-4.35,-15.91,-5.33,-15.08,-4.45
38.94,-13.95,-5.83,-15.33,-5.24,-14.09,-5.77
38.954,-11.39,-3.16,-14.27,-6.64,-11.67,-3.51
38.972,-10.5,0.71,-11.66,-4.73,-10.62,0.17
38.986,-11.14,5.26,-10.41,-0.59,-11.06,4.67
39.0,-15.77,3.47,-10.34,4.53,-15.23,3.58
39.014,-20.32,0.53,-14.52,3.62,-19.74,0.84
39.029,-18.07,0.42,-19.54,0.86,-18.21,0.46
39.043,-15.76,-0.08,-18.28,0.46,-16.01,-0.02
39.058,-16.66,-0.14,-16.14,-0.02,-16.6,-0.13
39.073,-16.77,0.51,-16.72,-0.13,-16.76,0.44
39.088,-16.3,0.75,-16.97,0.44,-16.37,0.72
39.102,-15.44,0.34,-16.58,0.71,-15.55,0.37
39.116,-13.99,0.26,-15.75,0.35,-14.16,0.27
39.13,-13.48,0.36,-14.33,0.23,-13.56,0.34
39.144,-15.11,0.39,-13.65,0.32,-14.96,0.38
39.158,-16.11,0.18,-14.92,0.37,-15.99,0.2
39.172,-15.77,0.24,-15.98,0.2,-15.79,0.23
39.187,-15.14,0.5,-15.91,0.23,-15.22,0.47
39.201,-14.78,0.56,-15.36,0.46,-14.83,0.55
39.215,-14.54,0.53,-14.97,0.54,-14.58,0.53
39.23,-14.62,0.51,-14.69,0.53,-14.63,0.51
39.244,-14.55,1.06,-14.71,0.51,-14.56,1.01
39.259,-13.62,3.27,-14.64,1.01,-13.72,3.04
39.273,-12.65,1.65,-13.81,3.1,-12.76,1.8
39.287,-19.83,-5.65,-12.76,1.99,-19.12,-4.89
39.301,-14.86,-0.93,-19.15,-4.8,-15.29,-1.32
39.316,-11.87,0.99,-15.56,-1.36,-12.24,0.76
39.33,-13.09,0.13,-12.37,0.73,-13.02,0.19
39.345,-13.84,0.34,-12.94,0.18,-13.75,0.33
39.359,-13.41,0.56,-13.7,0.32,-13.44,0.54
39.374,-12.37,2.84,-13.42,0.54,-12.47,2.61
39.388,-14.46,0.32,-12.41,2.61,-14.25,0.54
39.402,-16.21,-0.25,-13.93,0.53,-15.98,-0.18
39.417,-16.61,-1.09,-15.64,-0.19,-16.51,-1.0
39.432,-15.89,-1.12,-16.3,-0.99,-15.93,-1.1
39.447,-15.17,0.03,-15.83,-1.1,-15.23,-0.08
39.462,-15.95,0.29,-15.09,-0.09,-15.86,0.25
39.477,-16.16,0.35,-15.67,0.24,-16.11,0.34
39.492,-15.96,0.29,-15.94,0.32,-15.96,0.29
39.506,-16.65,0.67,-15.82,0.28,-16.57,0.63
39.521,-16.8,0.61,-16.45,0.61,-16.77,0.61
39.535,-16.82,0.61,-16.66,0.6,-16.81,0.61
39.55,-15.85,0.17,-16.72,0.6,-15.94,0.22
39.565,-15.78,0.1,-15.83,0.22,-15.78,0.12
39.58,-15.94,-0.33,-15.64,0.12,-15.91,-0.28
39.594,-15.56,-0.55,-15.8,-0.28,-15.59,-0.53
39.609,-15.25,-0.41,-15.54,-0.52,-15.28,-0.42
39.624,-15.69,-0.21,-15.23,-0.42,-15.64,-0.23
39.639,-16.83,0.19,-15.55,-0.23,-16.7,0.15
39.654,-16.9,0.28,-16.61,0.14,-16.87,0.26
39.668,-17.19,0.22,-16.8,0.26,-17.15,0.22
39.683,-17.33,0.16,-17.13,0.22,-17.31,0.16
39.698,-16.71,0.37,-17.32,0.16,-16.77,0.35
39.712,-16.91,0.5,-16.8,0.35,-16.9,0.49
39.727,-16.99,0.64,-16.94,0.48,-16.99,0.62
39.742,-16.75,1.0,-17.09,0.62,-16.79,0.96
39.757,-17.03,0.79,-16.87,0.96,-17.02,0.8
39.771,-16.96,0.39,-17.02,0.8,-16.97,0.43
39.786,-16.83,-0.02,-16.96,0.43,-16.84,0.02
39.8,-16.06,-0.48,-16.91,0.02,-16.14,-0.43
39.814,-15.84,-0.34,-16.27,-0.44,-15.88,-0.35
39.829,-15.93,-0.4,-16.08,-0.36,-15.95,-0.39
39.843,-14.23,-1.26,-16.15,-0.4,-14.42,-1.18
39.857,-14.74,-1.32,-14.59,-1.18,-14.72,-1.3
39.872,-16.72,0.28,-14.82,-1.31,-16.53,0.12
39.886,-16.0,-1.07,-16.64,0.1,-16.06,-0.95
39.9,-14.98,1.52,-16.27,-0.98,-15.1,1.27
39.916,-14.3,1.91,-15.38,1.24,-14.41,1.85
39.93,-14.5,1.17,-14.6,1.82,-14.51,1.23
39.944,-14.55,0.4,-14.61,1.22,-14.56,0.48
39.958,-13.86,0.43,-14.63,0.48,-13.94,0.44
39.972,-13.72,0.14,-14.03,0.43,-13.75,0.17
39.987,-15.64,0.76,-13.82,0.17,-15.46,0.7
40.001,-13.44,-0.36,-15.55,0.7,-13.65,-0.25
40.015,-14.83,0.29,-13.66,-0.25,-14.71,0.23
40.03,-15.44,0.69,-14.71,0.24,-15.36,0.64
40.044,-14.37,0.54,-15.39,0.65,-14.47,0.55
40.058,-14.34,0.42,-14.49,0.54,-14.36,0.43
40.073,-15.65,-1.24,-14.38,0.42,-15.52,-1.08
40.087,-14.75,-0.78,-15.79,-1.09,-14.85,-0.81
40.102,-12.83,1.93,-15.21,-0.84,-13.07,1.65
40.116,-12.07,0.16,-13.15,1.63,-12.18,0.31
40.13,-12.76,-4.24,-12.04,0.3,-12.69,-3.79
40.145,-13.44,1.23,-11.98,-3.75,-13.29,0.74
40.16,-14.95,-0.06,-12.21,0.8,-14.67,0.02
40.176,-17.36,-0.08,-12.91,0.09,-16.91,-0.06
40.19,-24.17,2.18,-14.77,-0.01,-23.23,1.96
40.205,-22.79,2.3,-21.61,1.96,-22.68,2.27
40.219,-20.3,-0.7,-22.24,2.25,-20.5,-0.41
40.233,-20.28,-0.81,-20.75,-0.41,-20.32,-0.77
40.248,-20.36,-0.6,-20.4,-0.77,-20.37,-0.61
40.262,-20.86,-0.06,-20.33,-0.61,-20.81,-0.12
40.276,-21.31,-0.08,-20.77,-0.12,-21.26,-0.09
40.291,-20.91,-0.26,-21.25,-0.08,-20.95,-0.24
40.305,-20.86,-0.37,-20.95,-0.24,-20.87,-0.36
40.32,-21.19,-0.43,-20.86,-0.36,-21.15,-0.42
40.334,-21.37,-0.59,-21.15,-0.42,-21.35,-0.57
40.349,-21.23,-0.83,-21.35,-0.56,-21.24,-0.8
40.364,-20.89,-0.85,-21.27,-0.79,-20.92,-0.85
40.382,-20.13,-1.72,-20.93,-0.85,-20.21,-1.63
40.396,-20.48,-0.99,-20.2,-1.64,-20.45,-1.06
40.412,-22.37,2.33,-20.48,-1.06,-22.18,1.99
40.427,-21.59,-0.07,-22.18,1.99,-21.65,0.14
40.441,-20.84,-1.28,-21.65,0.14,-20.92,-1.14
40.456,-20.69,-1.17,-20.93,-1.14,-20.71,-1.17
40.471,-20.75,-1.0,-20.7,-1.17,-20.74,-1.02
40.486,-20.83,-0.93,-20.73,-1.02,-20.82,-0.94
40.501,-21.05,-0.9,-20.81,-0.95,-21.02,-0.9
40.515,-21.48,-0.7,-21.02,-0.91,-21.43,-0.72
40.53,-21.22,-0.71,-21.45,-0.72,-21.24,-0.71
40.545,-20.61,-1.11,-21.29,-0.71,-20.68,-1.07
40.559,-20.41,-0.73,-20.71,-1.07,-20.44,-0.77
40.574,-20.55,-0.64,-20.45,-0.76,-20.54,-0.65
40.589,-20.8,-0.96,-20.53,-0.66,-20.77,-0.93
40.604,-20.77,-0.92,-20.76,-0.93,-20.77,-0.92
40.618,-21.03,-0.87,-20.77,-0.93,-21.0,-0.88
40.633,-21.16,-0.87,-21.01,-0.88,-21.14,-0.87
40.648,-20.58,-0.98,-21.16,-0.87,-20.64,-0.97
40.663,-20.61,-0.98,-20.66,-0.97,-20.62,-0.98
40.678,-21.57,-1.23,-20.61,-0.99,-21.47,-1.21
40.693,-21.24,-1.09,-21.46,-1.22,-21.27,-1.1
40.708,-20.64,-1.05,-21.26,-1.12,-20.7,-1.05
40.722,-20.39,-0.92,-20.7,-1.07,-20.42,-0.94
40.737,-20.54,-0.71,-20.42,-0.95,-20.52,-0.73
40.752,-20.68,-0.92,-20.52,-0.74,-20.66,-0.9
40.767,-21.56,-1.32,-20.66,-0.91,-21.47,-1.28
40.782,-21.57,-1.35,-21.46,-1.29,-21.56,-1.34
40.796,-20.55,-0.91,-21.55,-1.36,-20.65,-0.95
40.811,-20.6,-1.07,-20.65,-0.98,-20.61,-1.06
40.825,-20.22,-0.85,-20.6,-1.09,-20.26,-0.88
40.84,-19.98,-0.61,-20.25,-0.89,-20.01,-0.64
40.855,-20.27,-0.27,-19.99,-0.66,-20.24,-0.31
40.869,-20.32,-0.38,-20.24,-0.32,-20.31,-0.37
40.884,-21.13,-0.68,-20.31,-0.38,-21.04,-0.65
40.899,-21.02,-0.8,-21.05,-0.66,-21.02,-0.78
40.913,-19.99,-0.88,-21.02,-0.79,-20.09,-0.87
40.929,-19.06,-1.0,-20.08,-0.88,-19.16,-0.99
40.943,-18.8,-0.9,-19.15,-1.0,-18.83,-0.91
40.958,-18.99,-0.81,-18.8,-0.93,-18.97,-0.83
40.972,-18.8,-1.1,-18.95,-0.85,-18.81,-1.07
40.987,-20.98,-1.23,-18.82,-1.08,-20.77,-1.22
41.001,-22.89,-2.08,-20.78,-1.21,-22.68,-1.99
41.016,-26.39,2.23,-22.63,-1.99,-26.02,1.81
41.03,-21.77,-0.7,-25.96,1.8,-22.19,-0.45
41.045,-20.87,-1.59,-22.2,-0.45,-21.0,-1.48
41.059,-22.38,-1.9,-21.04,-1.48,-22.25,-1.86
41.075,-22.51,-1.57,-22.27,-1.86,-22.49,-1.6
41.089,-21.58,-1.2,-22.49,-1.6,-21.67,-1.24
41.104,-21.25,-1.02,-21.67,-1.26,-21.3,-1.04
41.119,-21.09,-0.49,-21.29,-1.06,-21.11,-0.55
41.134,-20.81,-0.42,-21.11,-0.56,-20.84,-0.43
41.148,-20.1,-0.96,-20.83,-0.45,-20.17,-0.91
41.163,-20.93,-0.95,-20.17,-0.93,-20.85,-0.95
41.177,-21.66,-1.07,-20.85,-0.96,-21.58,-1.06
41.191,-21.48,-1.17,-21.58,-1.07,-21.49,-1.16
41.206,-21.13,-1.2,-21.49,-1.17,-21.17,-1.19
41.22,-22.21,-1.46,-21.16,-1.21,-22.11,-1.44
41.235,-22.28,-1.86,-22.11,-1.45,-22.27,-1.82
41.249,-21.48,-1.12,-22.27,-1.84,-21.56,-1.19
41.264,-19.97,-0.54,-21.54,-1.22,-20.13,-0.61
41.278,-20.21,-1.2,-20.11,-0.63,-20.2,-1.15
41.293,-20.03,-1.4,-20.19,-1.17,-20.05,-1.38
41.308,-19.87,-0.88,-20.04,-1.4,-19.89,-0.93
41.322,-19.67,-0.29,-19.87,-0.96,-19.69,-0.35
41.337,-18.94,-0.05,-19.67,-0.38,-19.01,-0.08
41.351,-18.87,-0.38,-19.01,-0.1,-18.89,-0.35
41.365,-20.16,-0.72,-18.89,-0.36,-20.04,-0.68
41.38,-19.93,-0.59,-20.03,-0.69,-19.94,-0.6
41.395,-19.72,-0.73,-19.92,-0.6,-19.74,-0.72
41.41,-21.12,-1.28,-19.74,-0.72,-20.98,-1.22
41.425,-20.8,-0.92,-20.98,-1.22,-20.82,-0.95
41.44,-20.57,-0.74,-20.82,-0.95,-20.6,-0.76
41.455,-20.63,-0.84,-20.59,-0.77,-20.63,-0.84
41.47,-20.76,-0.97,-20.63,-0.84,-20.75,-0.96
41.485,-21.14,-1.1,-20.75,-0.96,-21.1,-1.09
41.5,-20.76,-0.99,-21.1,-1.09,-20.79,-1.0
41.516,-20.51,-1.0,-20.78,-1.0,-20.54,-1.0
41.531,-21.41,-1.42,-20.53,-1.0,-21.32,-1.38
41.546,-21.85,-1.29,-21.33,-1.38,-21.8,-1.3
41.561,-21.42,-0.82,-21.81,-1.31,-21.46,-0.87
41.576,-21.34,-1.05,-21.45,-0.88,-21.35,-1.04
41.59,-21.41,-1.62,-21.35,-1.05,-21.4,-1.56
41.605,-21.52,-1.14,-21.41,-1.58,-21.51,-1.18
41.62,-20.26,-0.54,-21.5,-1.2,-20.38,-0.61
41.635,-19.34,-0.39,-20.36,-0.63,-19.44,-0.42
41.65,-19.51,-0.75,-19.43,-0.43,-19.5,-0.72
41.665,-20.57,-1.14,-19.49,-0.73,-20.46,-1.09
41.68,-20.22,-0.93,-20.45,-1.1,-20.25,-0.95
41.695,-20.31,-0.92,-20.24,-0.95,-20.3,-0.92
41.709,-21.1,-1.16,-20.29,-0.92,-21.02,-1.14
41.724,-21.16,-1.04,-21.02,-1.14,-21.15,-1.05
41.739,-20.79,-0.87,-21.16,-1.05,-20.83,-0.89
41.755,-20.58,-0.98,-20.83,-0.89,-20.61,-0.97
41.77,-20.71,-1.16,-20.6,-0.98,-20.7,-1.14
41.785,-20.87,-1.14,-20.69,-1.14,-20.85,-1.14
41.799,-20.78,-1.03,-20.85,-1.14,-20.79,-1.04
41.814,-20.73,-0.95,-20.78,-1.05,-20.73,-0.96
41.829,-20.76,-1.04,-20.72,-0.97,-20.76,-1.04
41.843,-21.07,-1.11,-20.75,-1.04,-21.04,-1.1
41.858,-21.11,-1.1,-21.04,-1.1,-21.11,-1.1
41.872,-21.42,-1.1,-21.11,-1.1,-21.39,-1.1
41.887,-21.52,-1.23,-21.39,-1.11,-21.51,-1.22
41.901,-21.13,-1.13,-21.51,-1.23,-21.17,-1.14
41.915,-20.65,-0.86,-21.16,-1.15,-20.7,-0.89
41.93,-20.51,-0.83,-20.69,-0.9,-20.53,-0.83
41.944,-20.5,-0.9,-20.53,-0.84,-20.51,-0.89
41.958,-20.39,-0.94,-20.5,-0.89,-20.4,-0.94
41.973,-20.67,-1.0,-20.4,-0.94,-20.65,-1.0
41.987,-20.74,-1.04,-20.64,-1.0,-20.73,-1.04
42.002,-20.87,-1.19,-20.72,-1.04,-20.86,-1.18
42.017,-21.13,-1.26,-20.85,-1.18,-21.1,-1.25
42.031,-21.47,-1.18,-21.1,-1.26,-21.44,-1.19
42.046,-21.41,-1.06,-21.43,-1.19,-21.41,-1.08
42.061,-20.97,-0.95,-21.41,-1.08,-21.01,-0.97
42.076,-20.5,-0.86,-21.01,-0.97,-20.55,-0.87
42.091,-20.12,-0.87,-20.55,-0.87,-20.16,-0.87
42.106,-20.26,-0.97,-20.16,-0.87,-20.25,-0.96
42.12,-20.71,-1.11,-20.25,-0.96,-20.66,-1.1
42.135,-20.84,-1.1,-20.65,-1.1,-20.82,-1.1
42.149,-21.07,-1.08,-20.8,-1.1,-21.04,-1.08
42.164,-21.21,-1.15,-21.04,-1.09,-21.19,-1.14
42.179,-21.73,-1.28,-21.2,-1.14,-21.67,-1.26
42.193,-22.01,-1.3,-21.69,-1.27,-21.98,-1.3
42.208,-20.94,-1.04,-21.98,-1.31,-21.05,-1.07
42.222,-20.42,-1.05,-21.04,-1.08,-20.48,-1.05
42.237,-20.71,-0.83,-20.47,-1.06,-20.68,-0.86
42.251,-20.34,-0.79,-20.66,-0.87,-20.37,-0.8
42.268,-20.03,-0.93,-20.36,-0.81,-20.07,-0.92
42.281,-20.26,-0.96,-20.06,-0.93,-20.24,-0.96
42.295,-20.68,-0.97,-20.24,-0.96,-20.64,-0.97
42.31,-20.73,-1.01,-20.63,-0.97,-20.72,-1.0
42.324,-20.73,-1.04,-20.71,-1.01,-20.73,-1.03
42.339,-20.9,-1.0,-20.72,-1.04,-20.88,-1.0
42.353,-20.92,-0.98,-20.88,-1.0,-20.91,-0.98
42.368,-20.83,-0.96,-20.91,-0.98,-20.84,-0.96
42.383,-20.81,-0.96,-20.83,-0.96,-20.81,-0.96
42.397,-20.86,-1.05,-20.8,-0.96,-20.85,-1.04
42.413,-20.96,-1.08,-20.84,-1.04,-20.95,-1.08
42.427,-20.96,-1.09,-20.95,-1.07,-20.96,-1.09
42.442,-20.88,-1.08,-20.96,-1.08,-20.89,-1.08
42.457,-20.81,-1.1,-20.89,-1.08,-20.82,-1.1
42.472,-20.84,-1.06,-20.82,-1.1,-20.83,-1.06
42.487,-20.93,-1.07,-20.83,-1.07,-20.92,-1.07
42.502,-20.94,-1.1,-20.92,-1.07,-20.94,-1.1
42.517,-20.87,-1.07,-20.95,-1.1,-20.88,-1.07
42.532,-20.76,-1.02,-20.88,-1.07,-20.77,-1.02
42.547,-20.69,-0.98,-20.77,-1.03,-20.7,-0.99
42.562,-20.82,-1.01,-20.69,-0.99,-20.81,-1.0
42.577,-20.82,-1.04,-20.8,-1.01,-20.82,-1.04
42.591,-20.79,-1.05,-20.81,-1.04,-20.79,-1.05
42.606,-20.92,-1.01,-20.78,-1.05,-20.91,-1.01
42.621,-20.93,-1.04,-20.89,-1.02,-20.93,-1.04
42.637,-20.9,-1.02,-20.92,-1.04,-20.9,-1.02
42.651,-20.95,-1.0,-20.89,-1.02,-20.95,-1.0
42.666,-20.93,-1.01,-20.94,-1.0,-20.93,-1.01
42.681,-20.94,-1.02,-20.93,-1.01,-20.94,-1.02
42.696,-20.88,-1.01,-20.94,-1.02,-20.89,-1.01
42.711,-20.83,-1.03,-20.88,-1.01,-20.83,-1.02
42.726,-20.86,-1.02,-20.82,-1.03,-20.85,-1.02
42.74,-20.98,-1.02,-20.84,-1.02,-20.97,-1.02
42.755,-21.07,-1.07,-20.97,-1.02,-21.06,-1.07
42.77,-20.94,-1.02,-21.07,-1.07,-20.95,-1.02
42.785,-20.83,-1.02,-20.97,-1.02,-20.84,-1.02
42.801,-20.69,-1.02,-20.85,-1.03,-20.71,-1.02
42.815,-20.71,-1.01,-20.71,-1.02,-20.71,-1.01
42.829,-20.87,-0.99,-20.71,-1.01,-20.86,-0.99
42.844,-20.97,-1.02,-20.85,-0.99,-20.96,-1.01
42.859,-20.89,-1.09,-20.95,-1.01,-20.9,-1.08
42.873,-20.86,-1.05,-20.89,-1.08,-20.86,-1.06
42.888,-20.82,-1.02,-20.86,-1.06,-20.83,-1.03
42.902,-20.86,-0.98,-20.82,-1.03,-20.86,-0.98
42.917,-20.9,-1.01,-20.85,-0.98,-20.89,-1.01
42.931,-20.93,-1.0,-20.89,-1.01,-20.92,-1.0
42.946,-20.93,-1.03,-20.92,-1.0,-20.93,-1.03
42.96,-20.86,-1.1,-20.93,-1.03,-20.87,-1.09
42.975,-20.81,-1.14,-20.87,-1.09,-20.81,-1.13
42.989,-20.81,-1.09,-20.81,-1.13,-20.81,-1.09
43.004,-20.8,-1.02,-20.8,-1.09,-20.8,-1.03
43.018,-20.81,-1.04,-20.8,-1.03,-20.81,-1.04
43.034,-20.81,-1.09,-20.8,-1.04,-20.81,-1.08
43.048,-20.92,-1.12,-20.8,-1.08,-20.91,-1.12
43.063,-20.96,-1.09,-20.9,-1.12,-20.95,-1.09
43.077,-20.89,-1.05,-20.95,-1.09,-20.9,-1.06
43.093,-20.86,-1.02,-20.9,-1.06,-20.87,-1.02
43.108,-20.78,-1.03,-20.87,-1.02,-20.79,-1.03
43.122,-20.78,-1.04,-20.79,-1.03,-20.78,-1.04
43.137,-20.85,-1.08,-20.78,-1.04,-20.84,-1.08
43.151,-20.83,-1.11,-20.84,-1.08,-20.83,-1.1
43.167,-20.76,-1.05,-20.83,-1.11,-20.77,-1.05
43.182,-20.77,-1.02,-20.76,-1.05,-20.77,-1.02
43.196,-20.87,-1.03,-20.76,-1.02,-20.86,-1.03
43.211,-20.9,-1.03,-20.86,-1.03,-20.89,-1.03
43.226,-20.85,-1.02,-20.88,-1.03,-20.85,-1.03
43.24,-20.89,-1.07,-20.84,-1.03,-20.89,-1.07
43.255,-20.89,-1.05,-20.88,-1.07,-20.89,-1.05
43.269,-20.83,-1.09,-20.89,-1.05,-20.84,-1.08
43.284,-20.9,-1.07,-20.84,-1.09,-20.9,-1.07
43.299,-20.93,-1.02,-20.9,-1.07,-20.93,-1.02
43.313,-20.88,-0.98,-20.93,-1.02,-20.89,-0.99
43.327,-20.74,-1.0,-20.89,-0.99,-20.75,-1.0
43.342,-20.69,-1.02,-20.76,-0.99,-20.7,-1.02
43.356,-20.76,-1.1,-20.7,-1.01,-20.75,-1.09
43.371,-20.79,-1.11,-20.75,-1.09,-20.78,-1.11
43.385,-20.81,-1.09,-20.78,-1.11,-20.81,-1.09
43.4,-20.85,-1.02,-20.8,-1.1,-20.85,-1.03
43.415,-20.9,-0.99,-20.84,-1.03,-20.89,-0.99
43.43,-20.86,-1.02,-20.89,-0.99,-20.86,-1.02
43.445,-20.78,-1.02,-20.86,-1.02,-20.79,-1.02
43.46,-20.77,-1.02,-20.79,-1.02,-20.77,-1.02
43.475,-20.78,-1.12,-20.77,-1.02,-20.78,-1.11
43.49,-20.79,-1.1,-20.78,-1.11,-20.78,-1.1
43.505,-20.77,-1.05,-20.78,-1.1,-20.77,-1.06
43.52,-20.77,-1.06,-20.76,-1.06,-20.77,-1.06
43.535,-20.79,-1.03,-20.76,-1.06,-20.79,-1.03
43.55,-20.82,-1.01,-20.78,-1.03,-20.82,-1.01
43.565,-20.85,-1.05,-20.81,-1.01,-20.85,-1.04
43.58,-20.84,-1.05,-20.84,-1.04,-20.84,-1.05
43.595,-20.84,-1.09,-20.84,-1.05,-20.84,-1.08
43.61,-20.88,-1.05,-20.84,-1.08,-20.87,-1.05
43.626,-20.84,-1.03,-20.87,-1.05,-20.84,-1.03
43.641,-20.8,-1.01,-20.84,-1.03,-20.8,-1.01
43.655,-20.8,-1.04,-20.8,-1.02,-20.8,-1.04
43.67,-20.84,-1.07,-20.79,-1.04,-20.84,-1.06
43.686,-20.87,-1.07,-20.83,-1.06,-20.87,-1.07
43.7,-20.92,-1.03,-20.87,-1.07,-20.91,-1.03
43.715,-20.88,-1.04,-20.91,-1.03,-20.88,-1.04
43.73,-20.69,-1.07,-20.88,-1.04,-20.71,-1.07
43.745,-20.68,-1.1,-20.71,-1.07,-20.68,-1.1
43.76,-20.86,-1.18,-20.68,-1.1,-20.84,-1.17
43.776,-20.91,-1.14,-20.84,-1.17,-20.9,-1.14
43.791,-20.91,-1.01,-20.89,-1.14,-20.91,-1.03
43.806,-20.89,-1.0,-20.9,-1.03,-20.89,-1.0
43.82,-20.86,-1.03,-20.88,-1.0,-20.86,-1.03
43.835,-20.81,-1.07,-20.86,-1.03,-20.81,-1.07
43.85,-20.76,-1.11,-20.81,-1.07,-20.76,-1.1
43.864,-20.81,-1.15,-20.76,-1.11,-20.81,-1.14
43.879,-20.9,-1.09,-20.8,-1.15,-20.89,-1.1
43.894,-20.92,-1.03,-20.88,-1.1,-20.92,-1.04
43.908,-20.81,-1.01,-20.91,-1.04,-20.82,-1.01
43.922,-20.8,-1.02,-20.82,-1.01,-20.8,-1.02
43.937,-20.82,-1.05,-20.8,-1.02,-20.82,-1.05
43.951,-20.82,-1.04,-20.81,-1.05,-20.82,-1.04
43.966,-20.89,-1.03,-20.81,-1.04,-20.88,-1.03
43.981,-20.92,-1.02,-20.88,-1.03,-20.92,-1.02
43.996,-20.82,-1.11,-20.91,-1.02,-20.83,-1.1
44.012,-20.75,-1.06,-20.83,-1.1,-20.76,-1.06
44.026,-20.84,-0.96,-20.75,-1.06,-20.83,-0.97
44.041,-20.96,-0.99,-20.83,-0.98,-20.95,-0.99
44.055,-21.02,-1.05,-20.94,-0.99,-21.01,-1.04
44.069,-20.94,-1.02,-21.01,-1.04,-20.95,-1.02
44.084,-20.8,-1.04,-20.95,-1.02,-20.81,-1.04
44.099,-20.74,-1.07,-20.82,-1.04,-20.75,-1.06
44.114,-20.8,-1.07,-20.75,-1.06,-20.8,-1.07
44.129,-20.82,-1.01,-20.8,-1.07,-20.82,-1.02
44.144,-20.77,-1.01,-20.82,-1.02,-20.78,-1.01
44.159,-20.79,-1.05,-20.78,-1.01,-20.79,-1.04
44.173,-20.79,-1.04,-20.79,-1.04,-20.79,-1.04
44.188,-20.79,-1.05,-20.79,-1.04,-20.79,-1.05
44.203,-20.82,-1.02,-20.78,-1.05,-20.82,-1.02
44.217,-20.9,-1.05,-20.81,-1.02,-20.89,-1.04
44.232,-20.94,-1.08,-20.88,-1.04,-20.94,-1.08
44.246,-20.91,-1.11,-20.93,-1.08,-20.91,-1.1
44.261,-20.87,-1.07,-20.91,-1.11,-20.87,-1.07
44.275,-20.79,-1.05,-20.87,-1.07,-20.8,-1.05
44.29,-20.78,-1.07,-20.8,-1.05,-20.78,-1.07
44.304,-20.76,-1.03,-20.78,-1.07,-20.76,-1.03
44.319,-20.77,-1.02,-20.76,-1.03,-20.77,-1.02
44.333,-20.9,-1.1,-20.76,-1.02,-20.88,-1.09
44.348,-20.88,-1.1,-20.88,-1.09,-20.88,-1.1
44.363,-20.86,-1.07,-20.87,-1.1,-20.86,-1.08
44.377,-20.84,-1.09,-20.86,-1.08,-20.84,-1.09
44.391,-20.8,-1.07,-20.84,-1.09,-20.8,-1.07
44.406,-20.84,-1.07,-20.8,-1.07,-20.83,-1.07
44.421,-20.96,-1.01,-20.83,-1.07,-20.95,-1.02
44.436,-20.98,-1.06,-20.95,-1.02,-20.98,-1.05
44.451,-20.89,-1.13,-20.98,-1.06,-20.9,-1.12
44.466,-20.79,-1.11,-20.9,-1.12,-20.8,-1.11
44.481,-20.66,-1.06,-20.8,-1.11,-20.68,-1.06
44.496,-20.76,-1.02,-20.67,-1.07,-20.75,-1.02
44.511,-21.01,-1.0,-20.75,-1.02,-20.99,-1.01
44.527,-20.93,-1.02,-20.98,-1.01,-20.94,-1.02
44.542,-20.82,-1.11,-20.94,-1.02,-20.83,-1.1
44.556,-20.89,-1.16,-20.83,-1.1,-20.88,-1.16
44.571,-20.82,-1.02,-20.88,-1.16,-20.83,-1.04
44.586,-20.75,-1.03,-20.83,-1.04,-20.76,-1.03
44.601,-20.81,-1.1,-20.76,-1.03,-20.8,-1.09
44.616,-20.9,-1.13,-20.79,-1.1,-20.89,-1.12
44.631,-20.84,-1.07,-20.88,-1.13,-20.84,-1.08
44.646,-20.72,-1.02,-20.84,-1.08,-20.74,-1.03
44.66,-20.79,-1.05,-20.73,-1.03,-20.78,-1.05
44.675,-20.81,-1.03,-20.78,-1.05,-20.8,-1.03
44.69,-20.73,-1.04,-20.8,-1.03,-20.73,-1.04
44.705,-20.75,-1.04,-20.73,-1.04,-20.75,-1.04
44.72,-21.01,-1.08,-20.74,-1.04,-20.98,-1.08
44.734,-21.03,-1.13,-20.98,-1.08,-21.02,-1.13
44.749,-20.78,-1.06,-21.02,-1.13,-20.81,-1.07
44.764,-20.74,-0.98,-20.81,-1.07,-20.75,-0.99
44.779,-20.79,-1.07,-20.75,-0.99,-20.78,-1.06
44.794,-20.75,-1.09,-20.78,-1.06,-20.75,-1.08
44.809,-20.77,-1.05,-20.75,-1.08,-20.77,-1.06
44.824,-20.86,-1.0,-20.76,-1.06,-20.85,-1.01
44.838,-20.86,-1.05,-20.85,-1.01,-20.86,-1.04
44.853,-20.86,-1.07,-20.86,-1.04,-20.86,-1.06
44.867,-20.81,-1.06,-20.85,-1.07,-20.82,-1.06
44.882,-20.75,-1.07,-20.82,-1.06,-20.75,-1.07
44.896,-20.75,-1.08,-20.75,-1.06,-20.75,-1.08
44.911,-20.77,-1.12,-20.74,-1.08,-20.77,-1.12
44.925,-20.81,-1.1,-20.76,-1.12,-20.81,-1.1
44.94,-20.86,-1.05,-20.8,-1.1,-20.85,-1.06
44.954,-20.86,-1.04,-20.85,-1.06,-20.86,-1.05
44.969,-20.83,-1.07,-20.85,-1.05,-20.83,-1.07
44.984,-20.84,-1.07,-20.82,-1.07,-20.84,-1.07
44.998,-20.8,-1.02,-20.84,-1.07,-20.8,-1.03
45.013,-20.79,-0.99,-20.8,-1.03,-20.79,-0.99
45.027,-20.79,-0.98,-20.79,-0.99,-20.79,-0.99
45.042,-20.81,-1.03,-20.79,-0.99,-20.81,-1.03
45.056,-20.83,-1.05,-20.8,-1.03,-20.83,-1.05
45.071,-20.9,-1.1,-20.82,-1.05,-20.89,-1.09
45.086,-20.77,-1.01,-20.89,-1.1,-20.79,-1.02
45.101,-20.7,-1.01,-20.78,-1.02,-20.71,-1.01
45.116,-20.87,-1.11,-20.71,-1.02,-20.85,-1.1
45.131,-20.93,-1.09,-20.84,-1.1,-20.92,-1.09
45.145,-20.85,-1.02,-20.91,-1.09,-20.86,-1.03
45.16,-20.81,-1.03,-20.86,-1.03,-20.82,-1.03
45.175,-20.76,-1.07,-20.82,-1.03,-20.77,-1.06
45.189,-20.78,-1.07,-20.77,-1.06,-20.78,-1.07
45.204,-20.8,-1.07,-20.77,-1.07,-20.8,-1.07
45.219,-20.81,-1.1,-20.79,-1.07,-20.81,-1.1
45.234,-20.94,-1.2,-20.8,-1.1,-20.93,-1.19
45.248,-20.92,-1.12,-20.93,-1.19,-20.92,-1.13
45.263,-20.78,-1.02,-20.92,-1.13,-20.8,-1.03
45.277,-20.73,-1.03,-20.79,-1.03,-20.74,-1.03
45.292,-20.8,-1.09,-20.73,-1.03,-20.79,-1.08
45.306,-20.85,-1.11,-20.79,-1.08,-20.84,-1.11
45.321,-20.84,-1.12,-20.84,-1.11,-20.84,-1.11
45.335,-20.84,-1.1,-20.84,-1.12,-20.84,-1.1
45.349,-20.89,-1.1,-20.84,-1.1,-20.89,-1.1
45.364,-20.78,-1.11,-20.88,-1.1,-20.79,-1.11
45.378,-20.71,-1.09,-20.78,-1.11,-20.72,-1.09
45.393,-20.83,-1.05,-20.71,-1.09,-20.82,-1.06
45.408,-20.85,-1.09,-20.81,-1.06,-20.85,-1.09
45.423,-20.95,-1.14,-20.84,-1.09,-20.94,-1.14
45.438,-20.9,-1.08,-20.94,-1.14,-20.9,-1.09
45.453,-20.7,-0.99,-20.9,-1.09,-20.72,-1.0
45.468,-20.73,-1.04,-20.72,-1.0,-20.73,-1.03
45.483,-20.84,-1.11,-20.73,-1.04,-20.83,-1.1
45.498,-20.88,-1.14,-20.83,-1.1,-20.87,-1.14
45.512,-20.91,-1.09,-20.87,-1.14,-20.9,-1.09
45.527,-20.88,-1.05,-20.9,-1.09,-20.88,-1.06
45.542,-20.8,-1.03,-20.88,-1.06,-20.81,-1.03
45.557,-20.75,-1.03,-20.81,-1.04,-20.75,-1.03
45.572,-20.79,-1.08,-20.75,-1.03,-20.79,-1.08
45.586,-20.84,-1.11,-20.78,-1.08,-20.83,-1.11
45.601,-20.93,-1.13,-20.83,-1.11,-20.92,-1.13
45.616,-20.86,-1.12,-20.91,-1.13,-20.87,-1.12
45.631,-20.82,-1.07,-20.87,-1.12,-20.83,-1.08
45.645,-20.83,-1.07,-20.82,-1.08,-20.83,-1.07
45.66,-20.85,-1.1,-20.83,-1.07,-20.85,-1.1
45.675,-20.86,-1.12,-20.84,-1.1,-20.86,-1.12
45.69,-20.8,-1.14,-20.86,-1.12,-20.81,-1.13
45.705,-20.77,-1.11,-20.8,-1.14,-20.78,-1.12
45.72,-20.78,-1.05,-20.77,-1.12,-20.78,-1.06
45.735,-20.82,-1.03,-20.78,-1.06,-20.81,-1.04
45.75,-20.82,-1.12,-20.81,-1.04,-20.82,-1.11
45.764,-20.82,-1.15,-20.81,-1.11,-20.82,-1.15
45.779,-20.86,-1.09,-20.82,-1.15,-20.86,-1.09
45.794,-20.85,-1.09,-20.85,-1.09,-20.85,-1.09
45.809,-20.88,-1.11,-20.85,-1.09,-20.88,-1.11
45.824,-20.88,-1.11,-20.88,-1.11,-20.88,-1.11
45.839,-20.82,-1.06,-20.87,-1.11,-20.82,-1.06
45.853,-20.76,-1.02,-20.82,-1.07,-20.77,-1.02
45.868,-20.78,-1.03,-20.77,-1.03,-20.78,-1.03
45.882,-20.82,-1.04,-20.78,-1.03,-20.82,-1.04
45.896,-20.92,-1.13,-20.81,-1.04,-20.91,-1.12
45.911,-20.94,-1.11,-20.9,-1.12,-20.93,-1.11
45.925,-20.81,-1.06,-20.93,-1.11,-20.82,-1.06
45.94,-20.75,-1.04,-20.82,-1.07,-20.76,-1.04
45.955,-20.77,-1.08,-20.76,-1.04,-20.77,-1.08
45.969,-20.79,-1.08,-20.76,-1.08,-20.78,-1.08
45.984,-20.92,-1.08,-20.78,-1.08,-20.9,-1.08
45.999,-20.93,-1.09,-20.9,-1.08,-20.93,-1.09
46.013,-20.79,-1.08,-20.93,-1.09,-20.81,-1.08
46.027,-20.74,-1.06,-20.8,-1.08,-20.75,-1.06
46.042,-20.73,-1.07,-20.74,-1.06,-20.73,-1.07
46.057,-20.79,-1.08,-20.72,-1.07,-20.78,-1.08
46.071,-20.85,-1.05,-20.77,-1.08,-20.84,-1.06
46.086,-20.93,-1.05,-20.84,-1.06,-20.92,-1.05
46.101,-20.93,-1.06,-20.92,-1.05,-20.93,-1.06
46.115,-20.8,-1.06,-20.93,-1.06,-20.82,-1.06
46.13,-20.72,-1.06,-20.81,-1.06,-20.73,-1.06
46.145,-20.74,-1.07,-20.73,-1.06,-20.74,-1.07
46.16,-20.85,-1.07,-20.73,-1.07,-20.84,-1.07
46.174,-20.98,-1.08,-20.83,-1.08,-20.96,-1.08
46.189,-20.95,-1.07,-20.96,-1.08,-20.95,-1.07
46.203,-20.84,-1.06,-20.95,-1.08,-20.85,-1.06
46.218,-20.8,-1.1,-20.85,-1.06,-20.8,-1.1
46.232,-20.79,-1.07,-20.8,-1.1,-20.79,-1.07
46.247,-20.82,-1.04,-20.78,-1.07,-20.82,-1.04
46.262,-20.92,-1.09,-20.81,-1.04,-20.9,-1.08
46.276,-20.95,-1.09,-20.9,-1.08,-20.95,-1.09
46.291,-20.84,-1.09,-20.94,-1.09,-20.85,-1.09
46.305,-20.76,-1.12,-20.85,-1.09,-20.77,-1.12
46.32,-20.75,-1.03,-20.77,-1.12,-20.75,-1.04
46.334,-20.78,-1.05,-20.75,-1.04,-20.77,-1.05
46.348,-20.82,-1.09,-20.77,-1.05,-20.82,-1.08
46.363,-20.91,-1.12,-20.81,-1.08,-20.9,-1.12
46.377,-20.93,-1.1,-20.89,-1.12,-20.92,-1.1
46.392,-20.82,-1.09,-20.92,-1.11,-20.83,-1.09
46.406,-20.81,-1.07,-20.83,-1.09,-20.81,-1.07
46.421,-20.84,-1.1,-20.81,-1.07,-20.84,-1.1
46.436,-20.85,-1.07,-20.84,-1.1,-20.84,-1.07
46.451,-20.89,-1.04,-20.84,-1.07,-20.88,-1.04
46.466,-20.94,-1.03,-20.88,-1.04,-20.93,-1.03
46.481,-20.84,-1.08,-20.92,-1.04,-20.85,-1.08
46.496,-20.78,-1.07,-20.85,-1.08,-20.79,-1.07
46.511,-20.72,-1.06,-20.79,-1.07,-20.73,-1.06
46.526,-20.76,-1.03,-20.72,-1.06,-20.76,-1.04
46.541,-20.89,-1.1,-20.75,-1.04,-20.88,-1.09
46.555,-20.89,-1.11,-20.87,-1.09,-20.89,-1.11
46.571,-20.86,-1.06,-20.89,-1.11,-20.87,-1.07
46.586,-20.85,-1.04,-20.86,-1.07,-20.85,-1.04
46.601,-20.85,-1.08,-20.85,-1.04,-20.85,-1.08
46.616,-20.85,-1.05,-20.85,-1.08,-20.85,-1.06
46.631,-20.85,-1.05,-20.85,-1.06,-20.85,-1.05
46.646,-20.88,-1.16,-20.84,-1.05,-20.88,-1.15
46.661,-20.9,-1.15,-20.88,-1.15,-20.9,-1.15
46.676,-20.77,-1.14,-20.9,-1.15,-20.78,-1.14
46.691,-20.74,-1.09,-20.78,-1.14,-20.74,-1.09
46.706,-20.83,-1.09,-20.74,-1.09,-20.82,-1.09
46.721,-20.85,-1.14,-20.81,-1.1,-20.84,-1.13
46.736,-20.89,-1.12,-20.84,-1.13,-20.88,-1.12
46.751,-20.9,-1.07,-20.87,-1.12,-20.9,-1.07
46.765,-20.87,-1.0,-20.89,-1.07,-20.88,-1.01
46.78,-20.87,-1.02,-20.87,-1.01,-20.87,-1.02
46.795,-20.85,-1.09,-20.87,-1.03,-20.85,-1.09
46.81,-20.83,-1.09,-20.84,-1.09,-20.83,-1.09
46.826,-20.83,-1.11,-20.82,-1.09,-20.83,-1.11
46.84,-20.87,-1.1,-20.82,-1.11,-20.87,-1.1
46.855,-20.86,-1.0,-20.86,-1.1,-20.86,-1.01
46.87,-20.89,-1.01,-20.86,-1.02,-20.88,-1.01
46.884,-20.83,-1.12,-20.88,-1.01,-20.84,-1.11
46.899,-20.78,-1.14,-20.83,-1.11,-20.78,-1.13
46.913,-20.78,-1.13,-20.78,-1.13,-20.78,-1.13
46.928,-20.88,-1.11,-20.77,-1.13,-20.86,-1.11
46.942,-20.92,-1.07,-20.86,-1.11,-20.91,-1.08
46.957,-20.91,-1.06,-20.91,-1.08,-20.91,-1.06
46.971,-20.88,-1.1,-20.9,-1.06,-20.88,-1.1
46.986,-20.79,-1.1,-20.88,-1.1,-20.8,-1.1
47.0,-20.76,-1.09,-20.79,-1.1,-20.77,-1.09
47.014,-20.89,-1.07,-20.76,-1.1,-20.87,-1.08
47.029,-20.93,-1.06,-20.87,-1.08,-20.92,-1.06
47.043,-20.92,-1.07,-20.92,-1.06,-20.92,-1.06
47.057,-20.89,-1.08,-20.92,-1.07,-20.89,-1.08
47.072,-20.8,-1.05,-20.89,-1.08,-20.81,-1.06
47.086,-20.79,-1.05,-20.81,-1.06,-20.8,-1.05
47.101,-20.82,-1.06,-20.79,-1.05,-20.82,-1.06
47.116,-20.87,-1.08,-20.81,-1.06,-20.86,-1.08
47.131,-20.89,-1.11,-20.86,-1.08,-20.89,-1.11
47.146,-20.9,-1.12,-20.88,-1.11,-20.9,-1.11
47.161,-20.82,-1.1,-20.89,-1.12,-20.83,-1.1
47.175,-20.78,-1.09,-20.83,-1.1,-20.79,-1.09
47.19,-20.9,-1.09,-20.79,-1.1,-20.89,-1.09
47.204,-20.96,-1.09,-20.88,-1.09,-20.95,-1.09
47.219,-20.99,-1.09,-20.95,-1.09,-20.99,-1.09
47.234,-20.84,-1.13,-20.99,-1.09,-20.86,-1.13
47.248,-20.79,-1.1,-20.86,-1.13,-20.79,-1.1
47.263,-20.87,-1.11,-20.79,-1.1,-20.86,-1.11
47.277,-20.89,-1.1,-20.86,-1.11,-20.89,-1.1
47.292,-20.86,-1.03,-20.88,-1.1,-20.86,-1.04
47.306,-20.83,-1.05,-20.86,-1.04,-20.83,-1.05
47.32,-20.76,-1.11,-20.83,-1.05,-20.77,-1.1
47.335,-20.77,-1.14,-20.76,-1.1,-20.77,-1.14
47.35,-20.82,-1.07,-20.76,-1.14,-20.82,-1.07
47.364,-20.83,-1.05,-20.81,-1.07,-20.83,-1.05
47.378,-20.88,-1.11,-20.82,-1.05,-20.87,-1.1
47.393,-20.9,-1.1,-20.87,-1.1,-20.9,-1.1
47.407,-20.89,-1.05,-20.9,-1.1,-20.89,-1.06
47.422,-20.87,-1.11,-20.89,-1.06,-20.87,-1.1
47.437,-20.87,-1.12,-20.87,-1.1,-20.87,-1.12
47.452,-20.91,-1.07,-20.87,-1.12,-20.9,-1.08
47.467,-20.82,-1.0,-20.9,-1.08,-20.83,-1.01
47.482,-20.79,-1.04,-20.83,-1.01,-20.79,-1.04
47.497,-20.82,-1.17,-20.79,-1.04,-20.82,-1.16
47.512,-20.85,-1.12,-20.81,-1.16,-20.84,-1.12
47.527,-20.84,-1.08,-20.84,-1.13,-20.84,-1.08
47.541,-20.86,-1.05,-20.84,-1.09,-20.85,-1.06
47.556,-20.87,-1.09,-20.85,-1.06,-20.87,-1.08
47.57,-20.84,-1.12,-20.87,-1.08,-20.84,-1.12
47.585,-20.82,-1.05,-20.84,-1.12,-20.83,-1.06
47.6,-20.82,-1.07,-20.82,-1.06,-20.82,-1.07
47.615,-20.91,-1.11,-20.82,-1.07,-20.9,-1.11
47.63,-20.92,-1.11,-20.9,-1.11,-20.91,-1.11
47.645,-20.82,-1.09,-20.91,-1.11,-20.83,-1.09
47.66,-20.82,-1.06,-20.82,-1.09,-20.82,-1.06
47.675,-20.86,-1.14,-20.81,-1.06,-20.85,-1.13
47.689,-20.86,-1.18,-20.85,-1.13,-20.86,-1.18
47.705,-20.83,-1.09,-20.86,-1.18,-20.83,-1.1
47.72,-20.84,-1.1,-20.83,-1.1,-20.84,-1.1
47.735,-20.8,-1.05,-20.84,-1.1,-20.81,-1.05
47.749,-20.82,-1.05,-20.81,-1.05,-20.82,-1.05
47.764,-20.8,-1.08,-20.82,-1.05,-20.8,-1.08
47.779,-20.82,-1.06,-20.79,-1.08,-20.82,-1.06
47.793,-20.91,-1.11,-20.81,-1.06,-20.9,-1.11
47.808,-20.92,-1.16,-20.89,-1.11,-20.91,-1.15
47.823,-20.86,-1.13,-20.91,-1.15,-20.87,-1.13
47.838,-20.78,-1.09,-20.87,-1.13,-20.79,-1.09
47.853,-20.77,-1.07,-20.79,-1.09,-20.77,-1.07
47.867,-20.82,-1.06,-20.77,-1.07,-20.81,-1.06
47.882,-20.84,-1.07,-20.8,-1.06,-20.84,-1.07
47.896,-20.93,-1.13,-20.83,-1.07,-20.92,-1.12
47.911,-20.93,-1.16,-20.92,-1.12,-20.93,-1.16
47.925,-20.88,-1.08,-20.93,-1.16,-20.88,-1.09
47.94,-20.81,-1.05,-20.88,-1.09,-20.82,-1.06
47.954,-20.78,-1.0,-20.82,-1.06,-20.78,-1.01
47.969,-20.8,-1.0,-20.78,-1.01,-20.8,-1.01
47.983,-20.84,-1.16,-20.8,-1.01,-20.84,-1.14
47.998,-20.8,-1.15,-20.84,-1.14,-20.81,-1.15
48.012,-20.76,-1.08,-20.8,-1.15,-20.76,-1.09
48.026,-20.84,-1.09,-20.76,-1.09,-20.83,-1.09
48.041,-20.85,-1.08,-20.83,-1.09,-20.85,-1.08
48.057,-20.81,-1.05,-20.85,-1.08,-20.81,-1.06
48.071,-20.78,-0.98,-20.81,-1.06,-20.79,-0.99
48.086,-20.82,-1.04,-20.78,-0.99,-20.81,-1.03
48.1,-20.91,-1.14,-20.81,-1.04,-20.9,-1.13
48.115,-20.92,-1.11,-20.9,-1.13,-20.92,-1.11
48.13,-20.82,-1.14,-20.91,-1.11,-20.83,-1.13
48.145,-20.75,-1.07,-20.83,-1.14,-20.76,-1.08
48.16,-20.74,-1.05,-20.75,-1.08,-20.75,-1.05
48.174,-20.8,-1.05,-20.74,-1.05,-20.8,-1.05
48.189,-20.78,-1.08,-20.79,-1.05,-20.78,-1.08
48.203,-20.77,-1.1,-20.77,-1.08,-20.77,-1.1
48.218,-20.86,-1.13,-20.77,-1.1,-20.85,-1.13
48.232,-20.85,-1.1,-20.84,-1.13,-20.85,-1.1
48.247,-20.84,-1.07,-20.85,-1.1,-20.84,-1.08
48.261,-20.8,-1.05,-20.83,-1.08,-20.81,-1.05
48.276,-20.81,-1.07,-20.8,-1.05,-20.81,-1.07
48.29,-20.91,-1.09,-20.81,-1.07,-20.9,-1.09
48.306,-20.92,-1.08,-20.89,-1.09,-20.91,-1.08
48.32,-20.83,-1.11,-20.91,-1.08,-20.84,-1.11
48.339,-20.85,-1.07,-20.83,-1.11,-20.85,-1.08
48.353,-20.86,-1.11,-20.85,-1.08,-20.86,-1.11
48.368,-20.82,-1.16,-20.86,-1.11,-20.83,-1.16
48.382,-20.77,-1.13,-20.82,-1.16,-20.77,-1.14
48.397,-20.75,-1.04,-20.77,-1.14,-20.75,-1.05
48.411,-20.81,-1.06,-20.75,-1.05,-20.8,-1.06
48.426,-20.87,-1.1,-20.8,-1.06,-20.86,-1.1
48.441,-20.89,-1.13,-20.86,-1.1,-20.89,-1.12
48.456,-20.81,-1.09,-20.89,-1.13,-20.81,-1.1
48.471,-20.76,-1.06,-20.81,-1.1,-20.76,-1.06
48.485,-20.79,-1.09,-20.76,-1.07,-20.79,-1.09
48.5,-20.87,-1.1,-20.78,-1.09,-20.86,-1.1
48.515,-20.9,-1.09,-20.85,-1.1,-20.9,-1.09
48.53,-20.87,-1.07,-20.9,-1.1,-20.87,-1.07
48.545,-20.78,-1.07,-20.87,-1.08,-20.79,-1.07
48.56,-20.76,-1.08,-20.78,-1.08,-20.76,-1.08
48.574,-20.81,-1.11,-20.76,-1.08,-20.81,-1.1
48.589,-20.85,-1.11,-20.8,-1.11,-20.84,-1.11
48.604,-20.89,-1.13,-20.83,-1.11,-20.89,-1.13
48.619,-20.94,-1.14,-20.88,-1.13,-20.93,-1.14
48.634,-20.87,-1.09,-20.93,-1.14,-20.87,-1.09
48.649,-20.8,-1.04,-20.88,-1.09,-20.81,-1.05
48.664,-20.77,-1.14,-20.81,-1.05,-20.78,-1.13
48.679,-20.8,-1.17,-20.77,-1.13,-20.8,-1.17
48.694,-20.84,-1.09,-20.79,-1.17,-20.84,-1.1
48.709,-20.88,-1.05,-20.83,-1.1,-20.87,-1.06
48.724,-20.88,-1.09,-20.87,-1.06,-20.88,-1.08
48.739,-20.86,-1.12,-20.87,-1.09,-20.86,-1.12
48.754,-20.83,-1.09,-20.86,-1.12,-20.84,-1.1
48.769,-20.82,-1.11,-20.83,-1.1,-20.82,-1.11
48.784,-20.84,-1.12,-20.81,-1.11,-20.84,-1.11
48.798,-20.9,-1.1,-20.83,-1.12,-20.9,-1.1
48.813,-20.89,-1.11,-20.89,-1.1,-20.89,-1.11
48.828,-20.82,-1.09,-20.89,-1.11,-20.82,-1.1
48.843,-20.82,-1.09,-20.82,-1.1,-20.82,-1.09
48.858,-20.84,-1.1,-20.81,-1.1,-20.83,-1.1
48.873,-20.89,-1.03,-20.83,-1.1,-20.89,-1.04
48.887,-20.91,-1.04,-20.88,-1.04,-20.9,-1.04
48.901,-20.85,-1.11,-20.9,-1.04,-20.86,-1.1
48.916,-20.83,-1.09,-20.86,-1.1,-20.83,-1.09
48.93,-20.82,-1.08,-20.83,-1.1,-20.82,-1.08
48.944,-20.77,-1.11,-20.82,-1.08,-20.78,-1.11
48.959,-20.78,-1.1,-20.77,-1.11,-20.78,-1.1
48.973,-20.8,-1.11,-20.78,-1.1,-20.8,-1.11
48.988,-20.83,-1.08,-20.79,-1.11,-20.83,-1.08
49.002,-20.9,-1.05,-20.82,-1.09,-20.89,-1.06
49.017,-20.89,-1.07,-20.89,-1.06,-20.89,-1.07
49.031,-20.87,-1.1,-20.89,-1.07,-20.87,-1.1
49.046,-20.86,-1.11,-20.87,-1.1,-20.86,-1.11
49.06,-20.8,-1.12,-20.86,-1.11,-20.8,-1.11
49.075,-20.79,-1.1,-20.8,-1.11,-20.79,-1.1
49.089,-20.82,-1.06,-20.79,-1.1,-20.82,-1.06
49.104,-20.81,-1.03,-20.81,-1.06,-20.81,-1.03
49.118,-20.78,-1.01,-20.81,-1.03,-20.78,-1.01
49.133,-20.8,-0.98,-20.78,-1.01,-20.8,-0.98
49.147,-20.82,-1.01,-20.79,-0.98,-20.82,-1.0
49.162,-20.88,-1.12,-20.81,-1.0,-20.87,-1.11
49.176,-20.87,-1.14,-20.86,-1.11,-20.87,-1.13
49.191,-20.8,-1.09,-20.86,-1.13,-20.81,-1.09
49.205,-20.8,-1.07,-20.8,-1.09,-20.8,-1.07
49.221,-20.87,-1.08,-20.79,-1.08,-20.86,-1.08
49.236,-20.88,-1.07,-20.85,-1.08,-20.88,-1.07
49.25,-20.9,-1.12,-20.87,-1.08,-20.9,-1.11
49.264,-20.88,-1.13,-20.89,-1.11,-20.88,-1.13
49.279,-20.77,-1.09,-20.87,-1.13,-20.78,-1.09
49.293,-20.79,-1.07,-20.78,-1.09,-20.79,-1.07
49.308,-20.9,-1.13,-20.78,-1.07,-20.89,-1.12
49.322,-20.92,-1.17,-20.88,-1.12,-20.91,-1.16
49.337,-20.89,-1.11,-20.91,-1.16,-20.89,-1.11
49.351,-20.87,-1.07,-20.89,-1.11,-20.87,-1.08
49.366,-20.81,-1.09,-20.87,-1.08,-20.82,-1.09
49.381,-20.83,-1.09,-20.81,-1.09,-20.83,-1.09
49.395,-20.89,-1.11,-20.82,-1.1,-20.88,-1.11
49.41,-20.87,-1.13,-20.88,-1.11,-20.87,-1.13
49.424,-20.83,-1.12,-20.87,-1.13,-20.84,-1.12
49.439,-20.8,-1.07,-20.83,-1.12,-20.8,-1.07
49.453,-20.81,-1.08,-20.8,-1.07,-20.81,-1.08
49.468,-20.81,-1.09,-20.81,-1.08,-20.81,-1.09
49.483,-20.81,-1.05,-20.81,-1.09,-20.81,-1.05
49.498,-20.89,-1.11,-20.8,-1.05,-20.88,-1.1
49.513,-20.88,-1.18,-20.88,-1.1,-20.88,-1.17
49.527,-20.82,-1.08,-20.88,-1.17,-20.82,-1.09
49.542,-20.84,-1.0,-20.82,-1.09,-20.84,-1.01
49.557,-20.91,-1.13,-20.84,-1.01,-20.91,-1.12
49.572,-20.87,-1.12,-20.9,-1.12,-20.87,-1.12
49.586,-20.86,-1.07,-20.87,-1.12,-20.86,-1.07
49.601,-20.85,-1.04,-20.86,-1.07,-20.85,-1.04
49.616,-20.84,-1.05,-20.85,-1.04,-20.84,-1.05
49.631,-20.87,-1.07,-20.84,-1.05,-20.87,-1.07
49.646,-20.81,-1.1,-20.86,-1.07,-20.81,-1.09
49.66,-20.71,-1.05,-20.8,-1.1,-20.72,-1.06
49.675,-20.64,-1.01,-20.7,-1.06,-20.65,-1.01
49.69,-20.75,-1.02,-20.62,-1.01,-20.74,-1.02
49.705,-21.13,-1.21,-20.7,-1.02,-21.09,-1.19
49.72,-21.4,-1.24,-21.05,-1.19,-21.36,-1.24
49.734,-21.32,-1.16,-21.33,-1.24,-21.32,-1.17
49.749,-20.9,-1.07,-21.32,-1.18,-20.94,-1.08
49.764,-20.74,-0.96,-20.96,-1.09,-20.76,-0.97
49.779,-21.0,-1.08,-20.76,-0.97,-20.98,-1.07
49.794,-21.15,-1.19,-20.97,-1.07,-21.14,-1.17
49.809,-20.96,-1.1,-21.14,-1.17,-20.98,-1.11
49.823,-20.85,-0.99,-20.99,-1.11,-20.86,-1.0
49.839,-20.99,-1.03,-20.87,-1.0,-20.98,-1.03
49.853,-21.08,-1.16,-20.98,-1.03,-21.07,-1.14
49.868,-20.96,-1.14,-21.07,-1.15,-20.98,-1.14
49.883,-20.61,-0.92,-20.99,-1.15,-20.65,-0.94
49.897,-20.59,-0.97,-20.65,-0.95,-20.6,-0.97
49.912,-20.96,-1.11,-20.59,-0.97,-20.92,-1.09
49.927,-20.97,-1.09,-20.91,-1.1,-20.96,-1.09
49.941,-20.97,-1.02,-20.96,-1.09,-20.97,-1.03
49.956,-21.12,-1.08,-20.96,-1.03,-21.1,-1.08
49.97,-21.72,-2.99,-21.1,-1.08,-21.66,-2.79
49.984,-22.38,-5.71,-21.74,-2.79,-22.31,-5.42
49.999,-24.57,-5.05,-22.38,-5.4,-24.35,-5.08
50.014,-22.26,-1.22,-24.24,-5.11,-22.46,-1.61
50.028,-10.73,-3.15,-22.29,-1.67,-11.89,-3.01
50.042,-12.45,-2.92,-11.81,-3.09,-12.39,-2.94
50.057,-19.24,2.76,-12.39,-2.98,-18.56,2.19
50.071,-22.86,3.61,-18.52,2.16,-22.43,3.47
50.086,-20.1,1.01,-22.44,3.45,-20.33,1.25
50.1,-22.66,-0.22,-20.41,1.25,-22.44,-0.07
50.114,-22.48,-0.23,-22.51,-0.06,-22.48,-0.22
50.129,-22.57,-1.15,-22.56,-0.21,-22.57,-1.06
50.144,-22.54,-1.13,-22.59,-1.07,-22.54,-1.12
50.158,-21.85,-1.13,-22.53,-1.13,-21.92,-1.13
50.173,-21.27,-1.12,-21.91,-1.13,-21.33,-1.12
50.188,-20.72,-1.12,-21.32,-1.13,-20.78,-1.12
50.204,-20.11,-0.93,-20.76,-1.13,-20.17,-0.95
50.22,-20.01,0.01,-20.15,-0.96,-20.02,-0.08
50.234,-20.72,-0.12,-19.99,-0.09,-20.65,-0.11
50.248,-21.3,-0.81,-20.61,-0.12,-21.23,-0.74
50.263,-21.12,-0.87,-21.2,-0.75,-21.12,-0.85
50.277,-21.02,-0.75,-21.11,-0.86,-21.03,-0.76
50.292,-20.92,-0.91,-21.03,-0.76,-20.93,-0.89
50.307,-21.22,-1.27,-20.93,-0.89,-21.19,-1.23
50.321,-21.59,-1.28,-21.2,-1.23,-21.55,-1.28
50.335,-21.77,-1.15,-21.57,-1.28,-21.75,-1.16
50.351,-21.47,-1.14,-21.75,-1.17,-21.5,-1.15
50.365,-21.2,-1.04,-21.5,-1.15,-21.23,-1.05
50.38,-21.07,-0.9,-21.23,-1.06,-21.09,-0.92
50.394,-20.71,-0.84,-21.08,-0.93,-20.75,-0.85
50.409,-20.8,-0.93,-20.75,-0.86,-20.8,-0.93
50.423,-20.82,-0.98,-20.79,-0.94,-20.82,-0.98
50.438,-20.45,-0.89,-20.81,-0.99,-20.48,-0.9
50.453,-20.41,-0.77,-20.47,-0.91,-20.41,-0.79
50.467,-20.52,-0.71,-20.41,-0.79,-20.51,-0.72
50.483,-20.77,-0.88,-20.51,-0.72,-20.75,-0.86
50.498,-20.93,-0.99,-20.75,-0.86,-20.91,-0.98
50.513,-21.67,-1.26,-20.92,-0.98,-21.6,-1.23
50.528,-22.33,-0.85,-21.6,-1.26,-22.25,-0.89
50.543,-21.1,-1.25,-22.26,-0.92,-21.22,-1.22
50.559,-20.25,-1.51,-21.21,-1.25,-20.34,-1.48
50.573,-20.36,-1.25,-20.34,-1.5,-20.36,-1.28
50.588,-21.16,-1.01,-20.36,-1.29,-21.08,-1.04
50.603,-20.8,-1.07,-21.08,-1.05,-20.83,-1.07
50.618,-21.12,-1.0,-20.82,-1.08,-21.09,-1.01
50.633,-20.42,-1.58,-21.08,-1.02,-20.49,-1.52
50.648,-20.33,-1.59,-20.48,-1.52,-20.35,-1.58
50.663,-20.36,-1.01,-20.33,-1.58,-20.36,-1.06
50.678,-20.53,-1.06,-20.34,-1.07,-20.51,-1.06
50.692,-20.97,-1.16,-20.49,-1.06,-20.92,-1.15
50.708,-20.59,-1.24,-20.9,-1.15,-20.63,-1.23
50.722,-19.46,-1.54,-20.61,-1.23,-19.57,-1.51
50.738,-20.11,-1.14,-19.57,-1.52,-20.06,-1.17
50.752,-21.93,-0.51,-20.06,-1.19,-21.75,-0.57
50.767,-22.88,-0.27,-21.73,-0.58,-22.76,-0.3
50.782,-21.97,-1.42,-22.74,-0.3,-22.04,-1.31
50.798,-21.48,-1.64,-22.04,-1.31,-21.54,-1.61
50.812,-20.96,-1.11,-21.54,-1.61,-21.02,-1.16
50.827,-21.01,-0.78,-21.03,-1.17,-21.01,-0.82
50.842,-21.05,-0.67,-21.01,-0.83,-21.04,-0.68
50.857,-21.27,-0.86,-21.05,-0.68,-21.25,-0.84
50.871,-21.44,-1.01,-21.25,-0.84,-21.42,-0.99
50.886,-21.38,-1.06,-21.42,-0.99,-21.39,-1.06
50.9,-22.16,-1.04,-21.39,-1.06,-22.08,-1.04
50.915,-22.14,-1.17,-22.09,-1.04,-22.14,-1.16
50.929,-21.17,-1.39,-22.14,-1.16,-21.27,-1.37
50.944,-20.53,-1.13,-21.26,-1.38,-20.6,-1.15
50.958,-20.86,-0.8,-20.59,-1.17,-20.83,-0.84
50.973,-20.75,-0.82,-20.83,-0.85,-20.76,-0.83
50.988,-20.95,-0.96,-20.76,-0.84,-20.93,-0.95
51.002,-21.32,-0.85,-20.93,-0.95,-21.28,-0.86
51.016,-21.27,-0.78,-21.28,-0.86,-21.27,-0.79
51.031,-20.82,-0.7,-21.26,-0.8,-20.87,-0.71
51.045,-20.64,-0.84,-20.86,-0.72,-20.66,-0.83
51.06,-20.1,-0.75,-20.65,-0.84,-20.15,-0.76
51.074,-20.03,-1.0,-20.15,-0.77,-20.05,-0.98
51.089,-20.24,-0.84,-20.05,-0.99,-20.22,-0.85
51.103,-20.25,-1.02,-20.22,-0.86,-20.25,-1.0
51.118,-21.24,-0.82,-20.24,-1.01,-21.14,-0.84
51.133,-21.67,-1.19,-21.13,-0.84,-21.61,-1.15
51.148,-21.13,-1.44,-21.61,-1.17,-21.18,-1.42
51.163,-21.32,-1.19,-21.19,-1.44,-21.31,-1.21
51.178,-21.6,-0.74,-21.33,-1.24,-21.57,-0.79
51.193,-22.02,-0.54,-21.59,-0.81,-21.98,-0.57
51.207,-20.2,-0.86,-22.0,-0.58,-20.38,-0.83
51.222,-19.22,-1.08,-20.44,-0.82,-19.34,-1.05
51.236,-15.9,-2.38,-19.41,-1.04,-16.25,-2.24
51.251,-17.04,-0.86,-16.25,-2.25,-16.96,-1.0
51.265,-21.86,0.36,-16.93,-1.01,-21.37,0.22
51.28,-29.03,2.04,-21.36,0.22,-28.26,1.86
51.294,-21.31,1.07,-28.28,1.86,-22.01,1.15
51.308,-19.4,0.1,-22.04,1.16,-19.67,0.2
51.323,-20.25,-5.78,-19.69,0.21,-20.19,-5.18
51.337,-17.23,-6.2,-20.19,-5.23,-17.52,-6.11
51.352,-17.56,-1.13,-17.54,-6.18,-17.55,-1.63
51.367,-21.54,-11.6,-17.6,-1.64,-21.14,-10.6
51.381,-21.93,2.07,-21.26,-10.51,-21.86,0.82
51.396,-23.61,7.67,-21.95,0.9,-23.45,7.0
51.41,-23.14,5.98,-23.46,6.97,-23.17,6.08
51.424,-23.65,-5.3,-23.21,6.05,-23.61,-4.17
51.439,-23.14,-8.0,-23.81,-4.1,-23.2,-7.61
51.453,-21.16,3.39,-23.48,-7.49,-21.39,2.3
51.468,-19.8,7.86,-21.47,2.55,-19.97,7.33
51.482,-16.36,-0.09,-19.96,7.6,-16.72,0.68
51.497,-16.14,-1.92,-16.74,0.84,-16.2,-1.64
51.511,-21.32,-5.15,-16.23,-1.46,-20.81,-4.78
51.526,-22.46,-5.82,-20.83,-4.49,-22.3,-5.69
51.541,-16.65,-1.49,-22.3,-5.38,-17.22,-1.88
51.556,-16.85,0.1,-17.16,-1.21,-16.88,-0.03
51.571,-19.05,-4.76,-16.83,0.88,-18.83,-4.2
51.586,-19.69,-0.2,-18.98,-3.38,-19.61,-0.52
51.601,-20.06,-2.15,-19.81,0.1,-20.03,-1.93
51.616,-18.84,-6.95,-20.14,-1.61,-18.97,-6.42
51.631,-20.17,-6.21,-19.05,-6.28,-20.06,-6.21
51.646,-21.1,-6.82,-20.03,-6.3,-20.99,-6.77
51.661,-19.69,-6.91,-20.96,-6.89,-19.82,-6.91
51.676,-20.36,-9.1,-19.83,-7.02,-20.3,-8.89
51.691,-21.4,-9.61,-20.36,-9.0,-21.29,-9.54
51.706,-18.57,-3.05,-21.95,-9.65,-18.9,-3.71
51.721,-19.72,-8.04,-19.69,-3.85,-19.72,-7.63
51.736,-14.61,-4.98,-20.21,-7.85,-15.17,-5.27
51.751,-16.49,-3.49,-15.38,-5.47,-16.37,-3.69
51.766,-17.24,-3.78,-16.36,-3.85,-17.16,-3.79
51.781,-17.45,-4.02,-17.17,-3.96,-17.43,-4.01
51.796,-18.03,-3.06,-17.51,-4.32,-17.98,-3.18
51.811,-16.01,-2.5,-17.98,-3.53,-16.21,-2.6
51.826,-15.28,-3.46,-16.01,-2.73,-15.36,-3.39
51.841,-19.39,-4.31,-14.98,-3.53,-18.95,-4.23
51.855,-18.91,-4.57,-18.81,-4.61,-18.9,-4.57
51.87,-20.96,-3.35,-19.25,-4.99,-20.79,-3.51
51.884,-15.2,-1.54,-21.9,-4.05,-15.87,-1.79
51.899,-7.34,-0.01,-17.27,-2.28,-8.33,-0.24
51.913,-10.56,0.44,-9.78,-0.41,-10.49,0.35
51.927,-10.07,0.17,-11.72,0.35,-10.24,0.19
51.942,-10.04,-0.64,-11.01,0.34,-10.14,-0.54
51.957,-15.4,-2.55,-10.63,-0.42,-14.93,-2.34
51.971,-13.04,-2.95,-15.31,-2.29,-13.26,-2.88
51.985,-12.33,-3.05,-13.74,-2.83,-12.47,-3.02
52.0,-9.83,-2.48,-13.18,-2.94,-10.17,-2.53
52.014,-8.73,-2.02,-10.88,-2.45,-8.94,-2.06
52.029,-12.24,-1.22,-9.38,-2.03,-11.96,-1.3
52.043,-8.99,-0.04,-11.16,-1.34,-9.21,-0.17
52.058,-5.6,0.08,-8.19,-0.22,-5.86,0.05
52.072,-6.66,-0.08,-5.67,0.0,-6.56,-0.07
52.086,-7.19,-0.86,-6.53,-0.1,-7.13,-0.78
52.1,-8.15,-1.82,-7.22,-0.67,-8.06,-1.7
52.115,-10.01,-3.55,-8.24,-1.56,-9.83,-3.35
52.13,-10.61,-4.04,-10.13,-3.22,-10.56,-3.95
52.144,-9.83,-2.57,-10.77,-3.83,-9.93,-2.7
52.159,-9.61,-1.93,-9.56,-2.56,-9.6,-2.0
52.174,-12.11,-2.67,-8.97,-1.9,-11.8,-2.59
52.189,-15.02,-2.45,-11.08,-2.61,-14.62,-2.47
52.204,-16.27,-3.37,-13.97,-2.52,-16.04,-3.28
52.218,-14.25,-3.05,-15.66,-3.27,-14.39,-3.08
52.233,-10.71,-2.19,-14.2,-3.04,-11.06,-2.27
52.247,-12.14,-3.2,-10.93,-2.19,-12.02,-3.1
52.262,-17.24,-2.31,-11.87,-3.01,-16.7,-2.38
52.276,-10.56,-2.87,-16.65,-2.35,-11.17,-2.82
52.291,-10.12,-1.83,-11.15,-2.87,-10.22,-1.94
52.306,-12.56,-1.47,-10.13,-1.91,-12.31,-1.51
52.32,-10.59,-4.95,-12.45,-1.23,-10.78,-4.58
52.335,-10.39,-4.95,-11.01,-4.31,-10.45,-4.89
52.349,-9.89,-3.7,-10.45,-4.93,-9.94,-3.82
52.364,-11.4,-1.98,-9.78,-4.01,-11.24,-2.19
52.378,-13.21,-2.4,-10.94,-2.42,-12.98,-2.4
52.393,-15.78,-1.78,-12.77,-2.63,-15.48,-1.87
52.407,-14.82,-0.83,-15.52,-2.17,-14.89,-0.97
52.422,-17.1,-2.63,-14.95,-1.17,-16.89,-2.48
52.436,-15.98,-2.88,-16.85,-2.44,-16.07,-2.83
52.451,-10.83,-1.11,-16.06,-2.74,-11.35,-1.27
52.466,-13.85,-0.12,-11.55,-1.18,-13.62,-0.22
52.481,-12.54,0.23,-13.87,-0.1,-12.67,0.19
52.496,-10.11,-2.9,-12.21,0.39,-10.32,-2.57
52.511,-10.83,-3.0,-9.34,-2.37,-10.68,-2.93
52.525,-12.71,-2.38,-9.42,-2.88,-12.38,-2.43
52.54,-19.07,-2.38,-11.24,-2.38,-18.29,-2.38
52.555,-20.9,-2.24,-17.47,-2.32,-20.56,-2.25
52.57,-20.81,-1.76,-19.98,-2.18,-20.72,-1.8
52.585,-22.88,-0.44,-20.38,-1.7,-22.63,-0.57
52.6,-20.18,-1.26,-22.32,-0.45,-20.39,-1.18
52.615,-20.89,-3.2,-20.02,-1.05,-20.8,-2.99
52.629,-19.73,-4.9,-20.45,-2.87,-19.81,-4.7
52.644,-15.08,-4.75,-19.49,-4.68,-15.52,-4.74
52.659,-11.56,0.82,-14.95,-4.76,-11.9,0.26
52.674,-15.62,2.42,-10.49,0.46,-15.11,2.22
52.688,-24.92,-4.92,-13.44,2.59,-23.77,-4.17
52.704,-23.31,-3.75,-21.76,-3.86,-23.16,-3.76
52.719,-16.67,1.59,-21.42,-3.59,-17.15,1.07
52.733,-28.97,-0.84,-15.9,1.24,-27.66,-0.63
52.748,-39.04,-3.2,-26.5,-0.43,-37.78,-2.92
52.763,-35.5,-1.22,-37.9,-2.72,-35.74,-1.37
52.778,-35.87,-13.09,-35.97,-1.08,-35.88,-11.89
52.793,-34.32,-10.19,-35.54,-11.64,-34.44,-10.34
52.808,-26.87,-5.53,-35.11,-10.28,-27.69,-6.01
52.823,-26.31,-5.63,-28.97,-6.19,-26.57,-5.69
52.838,-27.69,-4.56,-27.07,-5.94,-27.63,-4.7
52.853,-25.14,-2.54,-27.27,-5.03,-25.36,-2.79
52.867,-21.79,0.38,-24.94,-3.1,-22.11,0.04
52.882,-25.16,0.09,-21.41,-0.07,-24.78,0.08
52.896,-34.17,0.45,-24.16,0.06,-33.17,0.41
52.911,-30.79,-7.77,-32.6,0.45,-30.97,-6.95
52.925,-29.88,-6.01,-30.98,-6.87,-29.99,-6.1
52.939,-21.79,-3.68,-29.99,-6.05,-22.61,-3.92
52.954,-20.47,-6.01,-21.66,-3.88,-20.59,-5.8
52.968,-35.54,-8.11,-19.24,-5.77,-33.91,-7.88
52.982,-38.0,-14.97,-33.8,-8.0,-37.58,-14.27
52.997,-28.77,-7.08,-37.68,-14.41,-29.66,-7.81
53.012,-24.83,-4.1,-29.59,-7.93,-25.3,-4.48
53.027,-27.38,21.57,-25.22,-4.52,-27.16,18.96
53.041,-29.98,11.61,-27.18,18.98,-29.7,12.35
53.055,-30.12,-3.25,-29.77,12.35,-30.09,-1.69
53.069,-31.17,-4.86,-30.1,-1.69,-31.06,-4.55
53.084,-32.24,-3.45,-31.08,-4.55,-32.13,-3.56
53.098,-41.7,-13.07,-32.58,-3.6,-40.79,-12.12
53.113,-28.62,0.62,-41.42,-12.13,-29.9,-0.66
53.127,-4.54,21.63,-31.01,-0.65,-7.18,19.4
53.141,-12.25,10.07,-8.06,19.37,-11.83,11.0
53.157,-30.82,-6.07,-12.22,11.01,-28.96,-4.36
53.172,-25.37,-2.42,-29.36,-4.34,-25.77,-2.61
53.187,-26.33,-2.26,-25.94,-2.6,-26.29,-2.29
53.202,-26.74,-2.8,-26.37,-2.28,-26.7,-2.75
53.216,-27.07,-4.02,-27.05,-2.74,-27.07,-3.89
53.231,-27.24,-3.66,-27.39,-3.88,-27.25,-3.68
53.245,-26.43,-1.33,-27.59,-3.66,-26.54,-1.56
53.26,-26.92,-1.22,-26.99,-1.54,-26.92,-1.25
53.274,-24.03,2.01,-27.5,-1.22,-24.38,1.68
53.29,-22.41,1.51,-25.13,1.67,-22.68,1.52
53.304,-22.72,-6.24,-23.37,1.48,-22.78,-5.47
53.318,-24.45,-9.11,-22.73,-5.45,-24.28,-8.75
53.333,-25.01,-11.85,-24.32,-8.73,-24.94,-11.54
53.347,-21.92,7.01,-26.23,-11.49,-22.35,5.16
53.362,-20.6,1.0,-23.22,5.24,-20.86,1.42
53.376,-23.13,-6.17,-20.24,1.45,-22.84,-5.4
53.39,-22.68,-6.29,-22.31,-5.41,-22.64,-6.21
53.405,-18.81,-5.33,-22.69,-6.21,-19.19,-5.42
53.42,-23.01,-3.85,-18.82,-5.43,-22.59,-4.01
53.434,-24.97,-3.42,-21.34,-4.02,-24.6,-3.48
53.448,-25.4,-3.25,-23.21,-3.48,-25.18,-3.27
53.463,-25.85,-4.72,-23.87,-3.27,-25.65,-4.57
53.477,-28.52,-3.93,-23.83,-4.58,-28.05,-3.99
53.492,-32.05,-2.64,-26.26,-3.98,-31.47,-2.77
53.507,-32.4,-2.59,-30.61,-2.75,-32.22,-2.6
53.522,-31.79,-3.77,-32.03,-2.58,-31.81,-3.65
53.536,-32.16,-4.02,-31.89,-3.6,-32.13,-3.98
53.551,-29.29,-2.01,-32.13,-3.93,-29.57,-2.2
53.566,-24.7,-6.01,-29.53,-2.16,-25.18,-5.62
53.581,-34.6,-1.0,-25.11,-5.6,-33.65,-1.46
53.597,-34.45,-0.79,-33.55,-1.46,-34.36,-0.86
53.611,-31.01,-3.47,-34.33,-0.82,-31.34,-3.21
53.626,-31.33,-4.42,-31.34,-3.12,-31.33,-4.29
53.641,-31.68,-7.13,-31.31,-4.2,-31.65,-6.84
53.656,-31.93,-6.11,-31.63,-6.77,-31.9,-6.17
53.671,-32.32,-5.36,-31.91,-6.11,-32.28,-5.44
53.686,-32.28,-5.46,-32.31,-5.38,-32.28,-5.45
53.7,-33.16,-6.29,-32.33,-5.39,-33.08,-6.2
53.715,-34.31,-4.98,-33.18,-6.14,-34.19,-5.1
53.73,-27.82,-6.66,-34.32,-5.02,-28.47,-6.5
53.744,-25.58,-6.33,-28.52,-6.41,-25.87,-6.34
53.759,-31.66,-3.94,-25.83,-6.27,-31.08,-4.17
53.774,-34.4,-1.89,-31.04,-4.09,-34.06,-2.11
53.789,-31.7,-2.91,-34.06,-2.02,-31.93,-2.82
53.804,-29.92,-5.63,-31.91,-2.73,-30.12,-5.34
53.819,-34.56,-1.76,-30.19,-5.2,-34.13,-2.1
53.834,-29.25,-4.11,-34.33,-1.96,-29.76,-3.89
53.849,-32.01,-3.64,-29.88,-3.83,-31.79,-3.66
53.864,-32.66,-3.57,-31.88,-3.6,-32.58,-3.57
53.879,-28.75,-5.78,-32.61,-3.54,-29.14,-5.55
53.894,-29.04,-5.5,-29.11,-5.59,-29.05,-5.51
53.908,-27.9,-9.08,-28.95,-5.58,-28.01,-8.73
53.923,-28.46,-7.58,-27.94,-8.76,-28.4,-7.7
53.937,-31.1,-3.04,-28.35,-7.7,-30.82,-3.5
53.952,-31.18,-1.33,-30.8,-3.5,-31.14,-1.55
53.966,-33.57,0.28,-31.15,-1.54,-33.33,0.1
53.98,-32.78,-5.8,-33.37,0.08,-32.84,-5.21
53.995,-32.73,-6.8,-32.88,-5.24,-32.75,-6.65
54.01,-33.86,-5.44,-32.81,-6.71,-33.75,-5.57
54.024,-29.3,-9.43,-33.84,-5.6,-29.75,-9.05
54.039,-29.32,-7.41,-29.81,-9.07,-29.36,-7.58
54.053,-29.3,-5.25,-29.39,-7.63,-29.31,-5.48
54.067,-28.93,-4.81,-29.27,-5.56,-28.96,-4.88
54.082,-31.26,-3.96,-28.9,-4.97,-31.02,-4.06
54.096,-33.65,-2.91,-30.97,-4.17,-33.38,-3.04
54.111,-34.95,-2.54,-33.35,-3.17,-34.79,-2.6
54.125,-30.3,-6.21,-34.8,-2.77,-30.75,-5.86
54.142,-34.49,-0.97,-30.85,-5.98,-34.13,-1.47
54.156,-30.34,-4.04,-34.13,-1.47,-30.72,-3.78
54.171,-22.53,-7.7,-30.67,-3.78,-23.34,-7.31
54.186,-23.58,-8.52,-23.25,-7.35,-23.54,-8.4
54.201,-32.56,-4.68,-23.49,-8.43,-31.65,-5.05
54.216,-35.35,-3.01,-31.7,-5.03,-34.98,-3.21
54.23,-38.25,-0.74,-35.06,-3.18,-37.93,-0.98
54.246,-28.47,-8.98,-37.95,-0.96,-29.42,-8.18
54.26,-25.48,-9.57,-29.44,-8.15,-25.88,-9.43
54.275,-30.53,-5.01,-25.92,-9.44,-30.07,-5.45
54.289,-31.32,-3.65,-30.07,-5.49,-31.19,-3.83
54.304,-26.75,-6.05,-31.15,-3.89,-27.19,-5.84
54.318,-27.91,-5.41,-27.15,-5.91,-27.83,-5.46
54.333,-27.71,-5.01,-27.79,-5.55,-27.72,-5.06
54.347,-26.81,-5.3,-27.64,-5.15,-26.89,-5.29
54.361,-31.03,-1.55,-26.8,-5.38,-30.61,-1.93
54.375,-30.8,-3.3,-30.56,-2.01,-30.77,-3.17
54.39,-30.6,-6.58,-30.77,-3.21,-30.62,-6.24
54.404,-32.72,-6.44,-30.59,-6.29,-32.51,-6.43
54.419,-32.42,-4.61,-32.44,-6.48,-32.42,-4.8
54.433,-31.31,-3.82,-32.34,-4.83,-31.41,-3.92
54.448,-31.25,-5.11,-31.36,-3.91,-31.26,-4.99
54.462,-28.03,-0.65,-31.2,-4.89,-28.34,-1.08
54.477,-30.77,5.71,-28.24,-0.83,-30.52,5.06
54.491,-35.81,-7.43,-30.28,5.84,-35.26,-6.1
54.506,-32.02,-8.52,-35.0,-5.68,-32.32,-8.24
54.521,-32.55,-7.21,-32.09,-8.34,-32.5,-7.33
54.536,-34.3,-11.32,-32.25,-7.47,-34.09,-10.94
54.551,-35.61,-8.53,-33.87,-11.54,-35.44,-8.83
54.566,-36.8,-1.5,-35.31,-9.69,-36.65,-2.32
54.581,-34.08,2.05,-36.71,-2.98,-34.34,1.55
54.596,-29.16,-0.89,-34.41,1.25,-29.69,-0.67
54.611,-29.97,-2.55,-29.7,-0.67,-29.94,-2.36
54.626,-32.87,-4.54,-29.95,-2.35,-32.58,-4.32
54.641,-33.6,-4.3,-32.59,-4.34,-33.5,-4.3
54.656,-32.9,-4.06,-33.51,-4.34,-32.96,-4.08
54.671,-32.08,-3.44,-32.93,-4.17,-32.16,-3.52
54.686,-31.35,-3.22,-32.12,-3.61,-31.42,-3.26
54.701,-31.3,-3.25,-31.39,-3.34,-31.31,-3.26
54.715,-31.56,-4.09,-31.28,-3.33,-31.53,-4.02
54.73,-32.12,-3.98,-31.53,-4.05,-32.06,-3.99
54.745,-33.91,-3.92,-32.07,-4.0,-33.73,-3.93
54.759,-32.35,-4.72,-33.81,-3.95,-32.5,-4.64
54.774,-30.69,-3.92,-32.57,-4.7,-30.88,-4.0
54.789,-30.79,-3.57,-30.88,-4.09,-30.8,-3.62
54.804,-32.57,-3.15,-30.8,-3.71,-32.39,-3.21
54.819,-32.55,-3.14,-32.38,-3.28,-32.53,-3.15
54.834,-33.15,-3.63,-32.52,-3.21,-33.09,-3.58
54.849,-32.65,-4.19,-33.14,-3.62,-32.7,-4.13
54.864,-31.14,-4.18,-32.77,-4.19,-31.3,-4.18
54.879,-31.2,-3.39,-31.34,-4.26,-31.21,-3.48
54.894,-31.57,-2.74,-31.26,-3.55,-31.54,-2.82
54.909,-31.95,-2.89,-31.57,-2.87,-31.92,-2.88
54.923,-32.6,-3.4,-31.93,-2.92,-32.54,-3.35
54.937,-33.12,-3.55,-32.54,-3.39,-33.07,-3.53
54.952,-33.99,-4.09,-33.08,-3.59,-33.9,-4.04
54.966,-33.58,-3.63,-33.96,-4.19,-33.62,-3.69
54.981,-32.47,-3.14,-33.68,-3.87,-32.59,-3.21
54.996,-30.53,-2.74,-32.63,-3.44,-30.74,-2.81
55.01,-30.88,-1.29,-30.75,-3.04,-30.87,-1.46
55.024,-30.76,-1.31,-30.89,-1.69,-30.77,-1.35
55.039,-29.69,-1.77,-30.82,-1.48,-29.8,-1.74
55.053,-28.76,-3.77,-29.85,-1.83,-28.87,-3.57
55.067,-30.44,-3.39,-28.82,-3.58,-30.28,-3.41
55.082,-30.23,-2.94,-30.2,-3.4,-30.23,-2.98
55.096,-29.29,-3.33,-30.17,-2.98,-29.38,-3.3
55.111,-34.27,-1.48,-29.36,-3.31,-33.78,-1.67
55.125,-34.32,-1.98,-33.79,-1.67,-34.27,-1.95
55.14,-33.06,-2.94,-34.28,-1.95,-33.19,-2.84
55.154,-32.31,-2.68,-33.23,-2.86,-32.4,-2.7
55.169,-32.14,-2.04,-32.46,-2.72,-32.17,-2.11
55.184,-31.0,-2.63,-32.21,-2.15,-31.12,-2.58
55.199,-30.47,-2.96,-31.15,-2.64,-30.54,-2.92
55.214,-31.08,-2.35,-30.61,-3.02,-31.03,-2.42
55.229,-40.37,1.0,-31.11,-2.52,-39.44,0.65
55.243,-55.19,10.79,-39.64,-0.04,-53.64,9.71
55.257,-42.58,5.84,-54.03,8.58,-43.72,6.11
55.272,-23.98,-5.94,-44.16,5.27,-26.0,-4.82
55.286,-26.17,-3.87,-26.02,-4.73,-26.15,-3.95
55.301,-31.9,1.08,-26.08,-3.85,-31.32,0.59
55.315,-30.91,0.85,-31.3,0.57,-30.95,0.82
55.329,-30.72,-0.01,-30.96,0.8,-30.74,0.07
55.343,-32.24,-0.09,-30.74,0.06,-32.09,-0.07
55.358,-31.72,0.04,-32.09,-0.11,-31.75,0.03
55.372,-31.61,0.1,-31.77,-0.13,-31.63,0.07
55.386,-30.97,-0.07,-31.63,-0.1,-31.04,-0.07
55.401,-28.12,-0.47,-31.04,-0.22,-28.41,-0.45
55.415,-28.69,0.17,-28.44,-0.5,-28.66,0.11
55.43,-32.76,2.31,-28.7,0.09,-32.36,2.09
55.444,-32.0,2.24,-32.37,2.04,-32.03,2.22
55.458,-26.49,-3.13,-32.04,2.16,-27.05,-2.6
55.472,-28.55,-2.07,-27.03,-2.61,-28.4,-2.13
55.487,-31.45,0.33,-28.36,-2.12,-31.14,0.08
55.501,-31.12,0.4,-31.13,0.08,-31.12,0.37
55.516,-30.43,-0.01,-31.12,0.36,-30.5,0.02
55.531,-30.29,-0.22,-30.51,0.02,-30.31,-0.2
55.546,-30.72,-0.47,-30.31,-0.2,-30.68,-0.45
55.561,-31.42,-0.73,-30.65,-0.46,-31.34,-0.7
55.575,-31.27,-0.62,-31.32,-0.71,-31.28,-0.63
55.59,-31.29,0.08,-31.26,-0.66,-31.29,0.0
55.605,-30.16,0.37,-31.29,-0.03,-30.28,0.33
55.619,-30.26,0.12,-30.29,0.29,-30.26,0.14
55.634,-31.51,0.52,-30.27,0.1,-31.39,0.48
55.649,-31.41,0.37,-31.39,0.43,-31.41,0.37
55.663,-29.79,-0.57,-31.41,0.32,-29.95,-0.48
55.678,-29.77,-1.58,-29.93,-0.52,-29.78,-1.48
55.693,-29.71,-1.77,-29.77,-1.51,-29.71,-1.75
55.707,-29.24,-1.36,-29.71,-1.78,-29.29,-1.4
55.722,-29.43,-1.09,-29.28,-1.43,-29.42,-1.13
55.737,-30.25,-0.76,-29.41,-1.14,-30.17,-0.8
55.752,-30.41,-0.83,-30.15,-0.8,-30.39,-0.83
55.767,-30.53,-1.1,-30.37,-0.83,-30.51,-1.07
55.782,-30.48,-0.96,-30.51,-1.08,-30.48,-0.97
55.797,-30.55,-0.7,-30.47,-0.98,-30.54,-0.73
55.812,-30.52,-0.66,-30.53,-0.73,-30.52,-0.67
55.827,-30.42,-0.54,-30.51,-0.67,-30.43,-0.55
55.842,-30.35,-0.48,-30.42,-0.55,-30.36,-0.48
55.857,-30.65,-0.62,-30.34,-0.48,-30.62,-0.61
55.872,-31.13,-2.83,-30.61,-0.6,-31.07,-2.61
55.887,-31.14,-3.09,-31.07,-2.61,-31.14,-3.04
55.902,-30.21,0.6,-31.13,-3.03,-30.3,0.24
55.916,-30.1,0.31,-30.31,0.24,-30.12,0.3
55.93,-30.12,-0.27,-30.13,0.3,-30.12,-0.21
55.944,-30.81,-1.15,-30.12,-0.22,-30.74,-1.06
55.958,-30.78,-1.25,-30.75,-1.06,-30.77,-1.23
55.973,-30.27,-0.94,-30.79,-1.23,-30.33,-0.97
55.988,-30.22,-0.83,-30.32,-0.97,-30.23,-0.84
56.002,-30.48,-0.88,-30.22,-0.85,-30.46,-0.87
56.016,-30.69,-1.05,-30.43,-0.88,-30.66,-1.04
56.032,-30.48,-1.1,-30.64,-1.05,-30.49,-1.1
56.047,-30.5,-0.96,-30.48,-1.1,-30.5,-0.97
56.061,-30.67,-0.89,-30.49,-0.97,-30.65,-0.9
56.076,-30.85,-0.9,-30.65,-0.89,-30.83,-0.9
56.09,-31.07,-1.13,-30.84,-0.9,-31.05,-1.1
56.105,-30.75,-1.17,-31.07,-1.11,-30.79,-1.16
56.119,-30.28,-0.89,-30.81,-1.17,-30.33,-0.92
56.134,-29.81,-0.83,-30.32,-0.95,-29.86,-0.84
56.148,-29.59,-1.07,-29.83,-0.87,-29.61,-1.05
56.162,-28.73,-1.77,-29.58,-1.08,-28.81,-1.7
56.177,-29.25,-1.38,-28.8,-1.72,-29.21,-1.41
56.192,-32.36,0.29,-29.2,-1.43,-32.04,0.12
56.207,-33.1,1.97,-32.02,0.1,-32.99,1.79
56.221,-31.85,-1.8,-32.98,1.78,-31.96,-1.44
56.236,-31.25,-1.97,-31.98,-1.46,-31.32,-1.91
56.251,-30.17,-0.91,-31.34,-1.96,-30.28,-1.02
56.266,-27.15,-1.32,-30.29,-1.07,-27.47,-1.3
56.281,-26.02,-1.41,-27.47,-1.34,-26.16,-1.41
56.295,-31.97,0.73,-26.15,-1.44,-31.39,0.51
56.309,-31.87,-0.55,-31.36,0.48,-31.82,-0.45
56.324,-32.16,-0.57,-31.81,-0.48,-32.13,-0.56
56.338,-32.29,-0.07,-32.13,-0.6,-32.27,-0.12
56.353,-31.11,-0.44,-32.28,-0.13,-31.23,-0.41
56.367,-30.45,-0.6,-31.24,-0.41,-30.53,-0.58
56.382,-30.33,-0.5,-30.52,-0.6,-30.35,-0.51
56.396,-29.96,-0.26,-30.33,-0.53,-30.0,-0.29
56.411,-30.15,-0.08,-29.98,-0.3,-30.13,-0.1
56.425,-30.95,-0.03,-30.12,-0.11,-30.87,-0.04
56.44,-30.89,-0.19,-30.87,-0.04,-30.89,-0.18
56.454,-30.81,-0.23,-30.9,-0.17,-30.82,-0.22
56.469,-30.97,-0.34,-30.82,-0.22,-30.96,-0.33
56.483,-30.97,-0.43,-30.96,-0.34,-30.97,-0.42
56.498,-31.37,0.14,-30.96,-0.43,-31.33,0.09
56.512,-31.29,0.23,-31.34,0.08,-31.29,0.21
56.527,-30.73,-0.12,-31.3,0.21,-30.78,-0.09
56.542,-30.8,-0.33,-30.78,-0.1,-30.8,-0.31
56.557,-30.76,-0.12,-30.78,-0.33,-30.76,-0.14
56.572,-30.24,-0.03,-30.75,-0.17,-30.29,-0.05
56.587,-29.95,-0.46,-30.27,-0.08,-29.99,-0.42
56.601,-29.5,-0.72,-29.96,-0.45,-29.54,-0.7
56.616,-29.33,-1.44,-29.52,-0.72,-29.35,-1.37
56.631,-29.88,-1.35,-29.34,-1.36,-29.83,-1.35
56.646,-31.12,-0.45,-29.82,-1.34,-30.99,-0.54
56.661,-31.21,-0.25,-30.99,-0.54,-31.19,-0.28
56.676,-31.49,-0.03,-31.2,-0.29,-31.46,-0.05
56.69,-31.61,0.12,-31.48,-0.06,-31.59,0.11
56.705,-31.73,0.43,-31.61,0.1,-31.72,0.4
56.72,-31.52,0.29,-31.72,0.38,-31.54,0.3
56.734,-30.76,0.47,-31.53,0.28,-30.84,0.45
56.749,-30.13,-0.09,-30.81,0.42,-30.19,-0.04
56.764,-29.64,-0.76,-30.17,-0.06,-29.69,-0.69
56.781,-30.8,0.21,-29.68,-0.71,-30.69,0.12
56.798,-30.42,-0.72,-30.67,0.11,-30.45,-0.63
56.813,-31.08,0.01,-30.43,-0.64,-31.02,-0.06
56.827,-31.11,-0.22,-31.01,-0.07,-31.1,-0.21
56.842,-31.03,-0.17,-31.09,-0.22,-31.03,-0.18
56.857,-31.15,0.28,-31.03,-0.19,-31.14,0.24
56.871,-30.12,-0.51,-31.13,0.22,-30.23,-0.44
56.886,-29.9,-0.52,-30.21,-0.45,-29.93,-0.51
56.901,-30.4,0.07,-29.91,-0.53,-30.35,0.01
56.916,-31.13,0.47,-30.34,0.01,-31.05,0.42
56.93,-30.49,-0.69,-31.04,0.42,-30.54,-0.58
56.945,-30.54,-0.74,-30.54,-0.58,-30.54,-0.73
56.959,-29.99,-1.05,-30.54,-0.73,-30.04,-1.02
56.974,-29.79,-1.32,-30.04,-1.02,-29.82,-1.29
56.988,-29.99,-1.21,-29.81,-1.29,-29.97,-1.22
57.003,-30.6,-0.48,-29.95,-1.22,-30.54,-0.56
57.018,-30.86,-0.23,-30.52,-0.56,-30.83,-0.26
57.032,-31.19,-0.08,-30.81,-0.27,-31.15,-0.1
57.047,-31.2,-0.21,-31.14,-0.1,-31.2,-0.2
57.061,-30.84,-0.52,-31.19,-0.2,-30.88,-0.48
57.076,-30.37,-0.66,-30.88,-0.49,-30.42,-0.64
57.09,-30.13,-0.64,-30.43,-0.65,-30.16,-0.64
57.106,-30.29,-0.47,-30.16,-0.65,-30.27,-0.49
57.121,-30.76,-0.29,-30.26,-0.49,-30.71,-0.31
57.135,-30.99,-0.32,-30.69,-0.32,-30.96,-0.32
57.15,-31.02,-0.29,-30.95,-0.32,-31.01,-0.29
57.164,-30.81,-0.25,-31.01,-0.3,-30.83,-0.26
57.179,-30.79,-0.15,-30.83,-0.27,-30.79,-0.16
57.193,-30.52,-0.22,-30.79,-0.17,-30.55,-0.22
57.208,-30.53,-0.38,-30.54,-0.22,-30.53,-0.36
57.223,-30.77,-0.37,-30.51,-0.36,-30.75,-0.37
57.238,-31.0,-0.27,-30.74,-0.37,-30.97,-0.28
57.253,-30.97,-0.23,-30.97,-0.28,-30.97,-0.24
57.269,-30.88,-0.23,-30.97,-0.24,-30.89,-0.23
57.283,-30.72,-0.28,-30.88,-0.24,-30.74,-0.27
57.298,-30.64,-0.26,-30.73,-0.27,-30.65,-0.26
57.312,-30.64,-0.33,-30.64,-0.26,-30.64,-0.32
57.327,-30.52,-0.48,-30.63,-0.33,-30.53,-0.46
57.341,-30.75,-0.37,-30.52,-0.46,-30.72,-0.38
57.356,-30.94,-0.19,-30.71,-0.38,-30.92,-0.21
57.37,-30.91,-0.16,-30.91,-0.2,-30.91,-0.16
57.385,-30.9,-0.25,-30.91,-0.16,-30.9,-0.25
57.399,-31.01,-0.25,-30.9,-0.24,-31.0,-0.25
57.414,-30.99,-0.24,-30.99,-0.25,-30.99,-0.24
57.428,-30.79,-0.27,-30.99,-0.24,-30.81,-0.27
57.443,-30.76,-0.34,-30.8,-0.26,-30.77,-0.33
57.457,-30.76,-0.33,-30.75,-0.33,-30.76,-0.33
57.472,-30.77,-0.35,-30.75,-0.33,-30.76,-0.35
57.486,-30.86,-0.34,-30.76,-0.35,-30.85,-0.35
57.5,-30.87,-0.31,-30.84,-0.35,-30.87,-0.31
57.515,-30.73,-0.33,-30.87,-0.31,-30.74,-0.33
57.53,-30.73,-0.34,-30.73,-0.33,-30.73,-0.34
57.545,-30.7,-0.35,-30.72,-0.34,-30.7,-0.35
57.559,-30.7,-0.34,-30.68,-0.35,-30.7,-0.34
57.574,-30.83,-0.36,-30.69,-0.34,-30.82,-0.36
57.589,-30.88,-0.38,-30.81,-0.36,-30.88,-0.38
57.604,-30.93,-0.37,-30.87,-0.38,-30.92,-0.37
57.619,-30.91,-0.34,-30.92,-0.37,-30.91,-0.34
57.634,-30.93,-0.19,-30.91,-0.34,-30.93,-0.21
57.649,-30.84,-0.22,-30.92,-0.21,-30.85,-0.22
57.666,-30.83,-0.34,-30.84,-0.22,-30.83,-0.33
57.681,-30.87,-0.41,-30.81,-0.33,-30.87,-0.4
57.696,-30.73,-0.43,-30.86,-0.41,-30.74,-0.42
57.711,-30.74,-0.43,-30.73,-0.42,-30.73,-0.43
57.725,-30.77,-0.43,-30.73,-0.43,-30.76,-0.43
57.74,-30.79,-0.4,-30.76,-0.43,-30.79,-0.4
57.755,-30.86,-0.41,-30.78,-0.4,-30.86,-0.41
57.77,-30.91,-0.45,-30.85,-0.41,-30.9,-0.45
57.784,-30.88,-0.43,-30.9,-0.45,-30.88,-0.43
57.799,-30.89,-0.41,-30.87,-0.43,-30.89,-0.41
57.814,-30.85,-0.39,-30.89,-0.41,-30.86,-0.39
57.828,-30.85,-0.39,-30.85,-0.39,-30.85,-0.39
57.843,-30.9,-0.36,-30.85,-0.39,-30.89,-0.36
57.858,-30.99,-0.34,-30.89,-0.36,-30.98,-0.34
57.873,-31.01,-0.34,-30.98,-0.34,-31.0,-0.34
57.888,-30.96,-0.27,-31.0,-0.34,-30.97,-0.28
57.903,-30.64,-0.43,-30.96,-0.27,-30.67,-0.41
57.918,-30.67,-0.47,-30.66,-0.41,-30.67,-0.46
57.933,-30.89,-0.4,-30.66,-0.46,-30.87,-0.41
57.947,-30.92,-0.41,-30.85,-0.4,-30.92,-0.41
57.961,-30.74,-0.52,-30.9,-0.4,-30.76,-0.51
57.975,-30.84,-0.43,-30.75,-0.51,-30.84,-0.43
57.99,-30.94,-0.31,-30.83,-0.43,-30.93,-0.32
58.004,-30.88,-0.43,-30.92,-0.32,-30.89,-0.42
58.019,-30.77,-0.48,-30.88,-0.41,-30.78,-0.48
58.033,-30.7,-0.52,-30.78,-0.47,-30.71,-0.52
58.048,-30.79,-0.43,-30.7,-0.52,-30.78,-0.44
58.062,-30.83,-0.42,-30.77,-0.43,-30.82,-0.42
58.077,-30.78,-0.5,-30.81,-0.42,-30.78,-0.49
58.091,-30.77,-0.49,-30.78,-0.49,-30.77,-0.49
58.105,-30.78,-0.52,-30.77,-0.49,-30.78,-0.51
58.12,-30.76,-0.52,-30.77,-0.51,-30.76,-0.52
58.134,-30.74,-0.5,-30.76,-0.52,-30.74,-0.5
58.149,-30.84,-0.42,-30.74,-0.5,-30.83,-0.43
58.163,-30.84,-0.42,-30.82,-0.43,-30.84,-0.42
58.178,-30.79,-0.42,-30.83,-0.42,-30.79,-0.42
58.193,-30.76,-0.43,-30.78,-0.42,-30.76,-0.43
58.209,-30.72,-0.47,-30.75,-0.42,-30.73,-0.46
58.224,-30.74,-0.52,-30.71,-0.46,-30.74,-0.52
58.239,-30.86,-0.5,-30.73,-0.52,-30.84,-0.5
58.254,-30.92,-0.53,-30.84,-0.51,-30.91,-0.53
58.268,-30.87,-0.53,-30.9,-0.53,-30.88,-0.53
58.283,-30.83,-0.48,-30.87,-0.53,-30.84,-0.49
58.298,-30.82,-0.46,-30.84,-0.49,-30.82,-0.46
58.312,-30.82,-0.48,-30.81,-0.47,-30.82,-0.48
58.326,-30.81,-0.44,-30.81,-0.48,-30.81,-0.44
58.341,-30.82,-0.44,-30.81,-0.45,-30.82,-0.44
58.355,-30.94,-0.47,-30.82,-0.44,-30.92,-0.47
58.369,-30.86,-0.47,-30.92,-0.47,-30.86,-0.47
58.384,-30.75,-0.5,-30.86,-0.48,-30.76,-0.49
58.398,-30.77,-0.51,-30.76,-0.49,-30.77,-0.51
58.413,-30.83,-0.54,-30.76,-0.51,-30.83,-0.53
58.427,-30.84,-0.5,-30.82,-0.54,-30.83,-0.5
58.441,-30.83,-0.44,-30.82,-0.5,-30.83,-0.45
58.456,-30.81,-0.52,-30.82,-0.45,-30.81,-0.51
58.47,-30.86,-0.5,-30.8,-0.51,-30.85,-0.5
58.484,-30.83,-0.5,-30.85,-0.51,-30.83,-0.5
58.499,-30.79,-0.47,-30.82,-0.5,-30.79,-0.47
58.513,-30.83,-0.42,-30.78,-0.47,-30.82,-0.43
58.528,-30.87,-0.46,-30.82,-0.43,-30.86,-0.46
58.543,-30.87,-0.55,-30.86,-0.46,-30.87,-0.54
58.558,-30.84,-0.58,-30.87,-0.54,-30.84,-0.58
58.573,-30.79,-0.47,-30.84,-0.58,-30.8,-0.48
58.587,-30.74,-0.35,-30.79,-0.48,-30.74,-0.36
58.603,-30.87,-0.43,-30.74,-0.37,-30.86,-0.42
58.617,-30.91,-0.54,-30.85,-0.42,-30.9,-0.53
58.632,-30.92,-0.53,-30.9,-0.53,-30.92,-0.53
58.65,-30.86,-0.49,-30.91,-0.53,-30.87,-0.49
58.665,-30.82,-0.47,-30.86,-0.49,-30.83,-0.48
58.68,-30.83,-0.46,-30.82,-0.48,-30.83,-0.46
58.694,-30.85,-0.47,-30.83,-0.46,-30.85,-0.47
58.709,-30.89,-0.47,-30.84,-0.47,-30.88,-0.47
58.724,-30.89,-0.54,-30.88,-0.47,-30.89,-0.54
58.738,-30.9,-0.56,-30.88,-0.54,-30.9,-0.56
58.753,-30.89,-0.54,-30.89,-0.56,-30.89,-0.54
58.768,-30.86,-0.51,-30.88,-0.54,-30.86,-0.51
58.784,-30.84,-0.47,-30.86,-0.51,-30.84,-0.47
58.798,-30.87,-0.48,-30.83,-0.47,-30.87,-0.48
58.813,-30.77,-0.45,-30.86,-0.48,-30.78,-0.46
58.828,-30.78,-0.48,-30.77,-0.46,-30.78,-0.47
58.843,-30.95,-0.51,-30.77,-0.48,-30.93,-0.51
58.858,-30.87,-0.47,-30.92,-0.51,-30.88,-0.47
58.873,-30.81,-0.39,-30.88,-0.47,-30.82,-0.4
58.888,-30.77,-0.41,-30.81,-0.4,-30.77,-0.41
58.903,-30.77,-0.49,-30.77,-0.41,-30.77,-0.48
58.917,-30.82,-0.47,-30.76,-0.48,-30.81,-0.47
58.932,-30.85,-0.46,-30.8,-0.47,-30.84,-0.46
58.947,-30.88,-0.48,-30.84,-0.46,-30.88,-0.48
58.962,-30.85,-0.46,-30.87,-0.48,-30.86,-0.46
58.976,-30.81,-0.43,-30.85,-0.46,-30.82,-0.43
58.991,-30.78,-0.43,-30.81,-0.43,-30.78,-0.43
59.005,-30.84,-0.48,-30.78,-0.43,-30.84,-0.47
59.02,-30.78,-0.49,-30.83,-0.47,-30.78,-0.49
59.034,-30.75,-0.46,-30.78,-0.49,-30.75,-0.46
59.049,-30.8,-0.48,-30.74,-0.46,-30.79,-0.48
59.063,-30.83,-0.47,-30.78,-0.48,-30.83,-0.47
59.077,-30.86,-0.52,-30.82,-0.47,-30.86,-0.52
59.092,-30.87,-0.5,-30.85,-0.52,-30.86,-0.5
59.106,-30.82,-0.43,-30.86,-0.51,-30.83,-0.44
59.121,-30.8,-0.43,-30.82,-0.44,-30.8,-0.43
59.136,-30.84,-0.53,-30.8,-0.43,-30.84,-0.52
59.15,-30.84,-0.56,-30.83,-0.52,-30.84,-0.56
59.165,-30.79,-0.53,-30.83,-0.56,-30.8,-0.53
59.18,-30.85,-0.51,-30.79,-0.54,-30.85,-0.51
59.194,-30.89,-0.47,-30.83,-0.52,-30.89,-0.47
59.209,-30.94,-0.48,-30.88,-0.47,-30.93,-0.48
59.224,-30.87,-0.52,-30.93,-0.48,-30.88,-0.51
59.239,-30.82,-0.55,-30.87,-0.51,-30.83,-0.55
59.254,-30.78,-0.53,-30.83,-0.55,-30.78,-0.53
59.269,-30.78,-0.51,-30.78,-0.53,-30.78,-0.51
59.283,-30.83,-0.52,-30.78,-0.51,-30.83,-0.52
59.298,-30.82,-0.45,-30.82,-0.52,-30.82,-0.45
59.312,-30.84,-0.45,-30.81,-0.46,-30.84,-0.46
59.327,-30.86,-0.52,-30.83,-0.46,-30.85,-0.52
59.342,-30.92,-0.52,-30.85,-0.52,-30.92,-0.52
59.356,-30.9,-0.49,-30.91,-0.52,-30.9,-0.49
59.371,-30.82,-0.48,-30.9,-0.49,-30.83,-0.48
59.385,-30.79,-0.51,-30.83,-0.48,-30.8,-0.51
59.4,-30.79,-0.54,-30.79,-0.51,-30.79,-0.53
59.414,-30.91,-0.46,-30.78,-0.54,-30.9,-0.47
59.429,-30.95,-0.48,-30.89,-0.47,-30.94,-0.48
59.444,-30.82,-0.52,-30.94,-0.48,-30.83,-0.51
59.458,-30.79,-0.49,-30.83,-0.51,-30.79,-0.49
59.472,-30.73,-0.52,-30.79,-0.49,-30.74,-0.51
59.487,-30.74,-0.52,-30.73,-0.52,-30.74,-0.52
59.501,-30.79,-0.53,-30.73,-0.52,-30.79,-0.53
59.516,-30.82,-0.54,-30.78,-0.53,-30.82,-0.54
59.53,-30.87,-0.56,-30.81,-0.54,-30.86,-0.56
59.545,-30.83,-0.56,-30.85,-0.56,-30.83,-0.56
59.56,-30.78,-0.48,-30.83,-0.56,-30.78,-0.49
59.575,-30.76,-0.45,-30.78,-0.49,-30.76,-0.45
59.589,-30.75,-0.5,-30.76,-0.45,-30.75,-0.49
59.604,-30.9,-0.52,-30.74,-0.49,-30.89,-0.51
59.619,-30.92,-0.53,-30.88,-0.51,-30.92,-0.53
59.633,-30.9,-0.54,-30.91,-0.53,-30.9,-0.54
59.648,-30.85,-0.53,-30.9,-0.54,-30.86,-0.53
59.663,-30.81,-0.45,-30.85,-0.53,-30.82,-0.46
59.678,-30.79,-0.41,-30.82,-0.46,-30.79,-0.41
59.693,-30.72,-0.5,-30.78,-0.41,-30.73,-0.49
59.708,-30.72,-0.54,-30.72,-0.49,-30.72,-0.54
59.723,-30.83,-0.56,-30.71,-0.54,-30.82,-0.56
59.738,-30.79,-0.53,-30.81,-0.56,-30.79,-0.53
59.753,-30.82,-0.49,-30.78,-0.53,-30.82,-0.49
59.768,-30.86,-0.48,-30.81,-0.5,-30.86,-0.48
59.783,-30.85,-0.52,-30.85,-0.49,-30.85,-0.52
59.797,-30.83,-0.54,-30.85,-0.52,-30.83,-0.54
59.812,-30.82,-0.5,-30.83,-0.54,-30.82,-0.51
59.827,-30.79,-0.58,-30.82,-0.51,-30.8,-0.57
59.842,-30.82,-0.59,-30.79,-0.57,-30.81,-0.58
59.857,-30.87,-0.52,-30.81,-0.59,-30.86,-0.52
59.871,-30.83,-0.49,-30.86,-0.52,-30.84,-0.49
59.886,-30.81,-0.52,-30.83,-0.49,-30.81,-0.52
59.901,-30.81,-0.57,-30.8,-0.52,-30.81,-0.57
59.916,-30.83,-0.59,-30.81,-0.57,-30.83,-0.59
59.93,-30.82,-0.53,-30.83,-0.59,-30.82,-0.54
59.945,-30.8,-0.53,-30.81,-0.54,-30.8,-0.53
59.959,-30.78,-0.54,-30.79,-0.53,-30.78,-0.54
59.974,-30.78,-0.52,-30.78,-0.54,-30.78,-0.52
59.988,-30.81,-0.54,-30.77,-0.52,-30.81,-0.54
