Time (s),Accel Roll (deg),Gyro Roll (deg),Filtered Roll (deg),,
0.001,-0.63,-0.61,-0.61,noise,0.010219086
0.009,-0.6,-0.61,-0.61,"drift (10_DEG, 20SEC)",0.005526316
0.024,-0.61,-0.6,-0.6,"drift (0_DEG, 20SEC)",0.324257426
0.038,-0.65,-0.6,-0.61,9.204766764,0.795233236
0.053,-0.7,-0.6,-0.61,,
0.067,-0.69,-0.61,-0.62,,
0.082,-0.65,-0.62,-0.62,,
0.096,-0.54,-0.62,-0.61,,
0.111,-0.56,-0.61,-0.6,,
0.125,-0.66,-0.6,-0.61,,
0.14,-0.64,-0.6,-0.61,,
0.155,-0.7,-0.61,-0.61,,
0.169,-0.7,-0.61,-0.62,,
0.185,-0.63,-0.62,-0.62,,
0.201,-0.63,-0.62,-0.62,,
0.217,-0.65,-0.62,-0.62,,
0.231,-0.66,-0.62,-0.62,,
0.245,-0.67,-0.62,-0.62,,
0.26,-0.66,-0.62,-0.63,,
0.274,-0.55,-0.63,-0.62,,
0.289,-0.56,-0.62,-0.61,,
0.304,-0.67,-0.61,-0.61,,
0.319,-0.7,-0.61,-0.62,,
0.334,-0.74,-0.62,-0.63,,
0.349,-0.71,-0.63,-0.64,,
0.363,-0.57,-0.64,-0.63,,
0.378,-0.56,-0.63,-0.62,,
0.392,-0.67,-0.62,-0.62,,
0.407,-0.75,-0.62,-0.63,,
0.421,-0.76,-0.63,-0.64,,
0.436,-0.7,-0.64,-0.65,,
0.45,-0.61,-0.65,-0.64,,
0.466,-0.63,-0.64,-0.64,,
0.48,-0.71,-0.64,-0.64,,
0.494,-0.69,-0.64,-0.65,,
0.509,-0.68,-0.64,-0.65,,
0.524,-0.63,-0.64,-0.64,,
0.539,-0.57,-0.64,-0.63,,
0.553,-0.6,-0.63,-0.63,,
0.568,-0.67,-0.63,-0.63,,
0.582,-0.76,-0.63,-0.64,,
0.597,-0.74,-0.64,-0.65,,
0.611,-0.6,-0.65,-0.64,,
0.626,-0.55,-0.64,-0.63,,
0.642,-0.63,-0.63,-0.63,,
0.656,-0.69,-0.63,-0.63,,
0.671,-0.76,-0.63,-0.64,,
0.686,-0.75,-0.64,-0.65,,
0.701,-0.63,-0.65,-0.65,,
0.716,-0.57,-0.65,-0.64,,
0.731,-0.57,-0.64,-0.63,,
0.746,-0.7,-0.63,-0.63,,
0.761,-0.74,-0.63,-0.64,,
0.776,-0.64,-0.64,-0.64,,
0.791,-0.57,-0.64,-0.63,,
0.806,-0.64,-0.63,-0.63,,
0.821,-0.67,-0.63,-0.63,,
0.836,-0.72,-0.63,-0.64,,
0.851,-0.71,-0.63,-0.64,,
0.866,-0.58,-0.64,-0.63,,
0.881,-0.52,-0.63,-0.62,,
0.896,-0.59,-0.62,-0.62,,
0.911,-0.62,-0.61,-0.61,,
0.926,-0.68,-0.61,-0.62,,
0.94,-0.75,-0.62,-0.63,,
0.955,-0.65,-0.63,-0.63,,
0.97,-0.57,-0.63,-0.62,,
0.985,-0.61,-0.62,-0.62,,
1,-0.68,-0.61,-0.62,,
1.014,-0.7,-0.62,-0.63,,
1.029,-0.67,-0.62,-0.63,,
1.043,-0.68,-0.63,-0.63,,
1.058,-0.66,-0.63,-0.63,,
1.072,-0.58,-0.63,-0.63,,
1.087,-0.57,-0.62,-0.62,,
1.102,-0.64,-0.61,-0.62,,
1.116,-0.72,-0.62,-0.63,,
1.131,-0.64,-0.62,-0.63,,
1.145,-0.57,-0.62,-0.62,,
1.16,-0.59,-0.62,-0.61,,
1.175,-0.61,-0.61,-0.61,,
1.189,-0.67,-0.61,-0.61,,
1.204,-0.72,-0.61,-0.62,,
1.219,-0.68,-0.62,-0.63,,
1.233,-0.6,-0.63,-0.62,,
1.247,-0.61,-0.62,-0.62,,
1.263,-0.68,-0.62,-0.62,,
1.277,-0.72,-0.62,-0.63,,
1.292,-0.67,-0.63,-0.63,,
1.307,-0.64,-0.63,-0.63,,
1.322,-0.55,-0.63,-0.62,,
1.337,-0.54,-0.62,-0.61,,
1.352,-0.7,-0.61,-0.62,,
1.367,-0.7,-0.62,-0.62,,
1.382,-0.64,-0.62,-0.62,,
1.397,-0.62,-0.62,-0.62,,
1.412,-0.61,-0.62,-0.62,,
1.427,-0.63,-0.62,-0.62,,
1.442,-0.7,-0.61,-0.62,,
1.456,-0.73,-0.62,-0.63,,
1.471,-0.72,-0.63,-0.64,,
1.486,-0.65,-0.63,-0.64,,
1.501,-0.61,-0.63,-0.63,,
1.516,-0.63,-0.63,-0.63,,
1.531,-0.68,-0.63,-0.63,,
1.546,-0.73,-0.63,-0.64,,
1.561,-0.69,-0.64,-0.64,,
1.576,-0.66,-0.64,-0.64,,
1.591,-0.53,-0.64,-0.63,,
1.606,-0.63,-0.62,-0.63,,
1.621,-0.67,-0.62,-0.63,,
1.636,-0.68,-0.62,-0.63,,
1.651,-0.65,-0.63,-0.63,,
1.666,-0.62,-0.63,-0.63,,
1.681,-0.61,-0.62,-0.62,,
1.695,-0.67,-0.62,-0.63,,
1.71,-0.74,-0.62,-0.63,,
1.725,-0.7,-0.63,-0.64,,
1.74,-0.65,-0.63,-0.64,,
1.755,-0.6,-0.63,-0.63,,
1.77,-0.55,-0.63,-0.62,,
1.785,-0.59,-0.62,-0.61,,
1.8,-0.67,-0.61,-0.62,,
1.814,-0.65,-0.62,-0.62,,
1.829,-0.64,-0.62,-0.62,,
1.844,-0.61,-0.62,-0.62,,
1.859,-0.61,-0.61,-0.61,,
1.874,-0.65,-0.61,-0.62,,
1.889,-0.7,-0.61,-0.62,,
1.905,-0.67,-0.62,-0.62,,
1.92,-0.63,-0.62,-0.62,,
1.935,-0.64,-0.62,-0.62,,
1.95,-0.65,-0.62,-0.62,,
1.965,-0.61,-0.62,-0.62,,
1.98,-0.63,-0.62,-0.62,,
1.994,-0.7,-0.61,-0.62,,
2.009,-0.69,-0.62,-0.63,,
2.023,-0.67,-0.63,-0.63,,
2.038,-0.65,-0.63,-0.63,,
2.053,-0.61,-0.63,-0.62,,
2.067,-0.6,-0.62,-0.62,,
2.082,-0.68,-0.62,-0.62,,
2.097,-0.74,-0.62,-0.63,,
2.112,-0.66,-0.63,-0.63,,
2.127,-0.61,-0.63,-0.63,,
2.141,-0.63,-0.63,-0.63,,
2.156,-0.69,-0.62,-0.63,,
2.17,-0.69,-0.63,-0.63,,
2.185,-0.63,-0.63,-0.63,,
2.2,-0.65,-0.63,-0.63,,
2.215,-0.64,-0.63,-0.63,,
2.229,-0.63,-0.63,-0.63,,
2.244,-0.58,-0.62,-0.62,,
2.258,-0.65,-0.62,-0.62,,
2.273,-0.69,-0.62,-0.62,,
2.288,-0.68,-0.62,-0.63,,
2.303,-0.61,-0.63,-0.62,,
2.318,-0.65,-0.62,-0.63,,
2.333,-0.67,-0.62,-0.63,,
2.348,-0.72,-0.62,-0.63,,
2.363,-0.66,-0.63,-0.63,,
2.378,-0.65,-0.63,-0.63,,
2.393,-0.69,-0.63,-0.64,,
2.407,-0.7,-0.63,-0.64,,
2.422,-0.7,-0.64,-0.64,,
2.437,-0.67,-0.64,-0.64,,
2.452,-0.65,-0.64,-0.64,,
2.467,-0.59,-0.64,-0.64,,
2.482,-0.61,-0.63,-0.63,,
2.497,-0.65,-0.63,-0.63,,
2.512,-0.63,-0.63,-0.63,,
2.528,-0.71,-0.63,-0.64,,
2.543,-0.7,-0.63,-0.64,,
2.558,-0.62,-0.64,-0.63,,
2.572,-0.63,-0.63,-0.63,,
2.588,-0.67,-0.63,-0.63,,
2.603,-0.67,-0.63,-0.63,,
2.618,-0.68,-0.63,-0.64,,
2.633,-0.73,-0.63,-0.64,,
2.648,-0.66,-0.64,-0.64,,
2.663,-0.6,-0.64,-0.64,,
2.678,-0.7,-0.63,-0.64,,
2.692,-0.76,-0.64,-0.65,,
2.707,-0.72,-0.65,-0.65,,
2.722,-0.69,-0.65,-0.66,,
2.737,-0.52,-0.65,-0.64,,
2.752,-0.54,-0.64,-0.63,,
2.766,-0.67,-0.62,-0.63,,
2.781,-0.65,-0.63,-0.63,,
2.796,-0.63,-0.63,-0.63,,
2.812,-0.61,-0.62,-0.62,,
2.826,-0.61,-0.62,-0.62,,
2.842,-0.63,-0.62,-0.62,,
2.857,-0.71,-0.61,-0.62,,
2.872,-0.7,-0.62,-0.63,,
2.887,-0.6,-0.63,-0.62,,
2.902,-0.67,-0.62,-0.63,,
2.917,-0.65,-0.62,-0.63,,
2.932,-0.63,-0.62,-0.62,,
2.947,-0.64,-0.62,-0.62,,
2.962,-0.7,-0.62,-0.63,,
2.977,-0.66,-0.63,-0.63,,
2.992,-0.6,-0.63,-0.63,,
3.007,-0.59,-0.62,-0.62,,
3.022,-0.69,-0.62,-0.62,,
3.037,-0.72,-0.62,-0.63,,
3.052,-0.63,-0.63,-0.63,,
3.066,-0.58,-0.62,-0.62,,
3.081,-0.56,-0.62,-0.61,,
3.095,-0.61,-0.61,-0.61,,
3.11,-0.63,-0.61,-0.61,,
3.124,-0.65,-0.61,-0.61,,
3.141,-0.7,-0.61,-0.62,,
3.156,-0.76,-0.62,-0.63,,
3.17,-0.67,-0.63,-0.63,,
3.185,-0.64,-0.63,-0.63,,
3.199,-0.68,-0.63,-0.63,,
3.213,-0.69,-0.63,-0.64,,
3.228,-0.61,-0.63,-0.63,,
3.243,-0.59,-0.63,-0.63,,
3.257,-0.62,-0.62,-0.62,,
3.274,-0.64,-0.62,-0.62,,
3.289,-0.72,-0.62,-0.63,,
3.304,-0.76,-0.63,-0.64,,
3.319,-0.72,-0.64,-0.65,,
3.334,-0.67,-0.65,-0.65,,
3.349,-0.62,-0.65,-0.65,,
3.363,-0.65,-0.65,-0.65,,
3.378,-0.62,-0.65,-0.64,,
3.393,-0.61,-0.64,-0.64,,
3.407,-0.65,-0.63,-0.64,,
3.422,-0.65,-0.63,-0.63,,
3.438,-0.62,-0.63,-0.63,,
3.453,-0.63,-0.63,-0.63,,
3.468,-0.63,-0.63,-0.63,,
3.483,-0.67,-0.63,-0.63,,
3.498,-0.64,-0.63,-0.63,,
3.513,-0.64,-0.63,-0.63,,
3.528,-0.64,-0.63,-0.63,,
3.544,-0.65,-0.63,-0.63,,
3.558,-0.72,-0.63,-0.64,,
3.573,-0.71,-0.63,-0.64,,
3.588,-0.57,-0.64,-0.63,,
3.603,-0.6,-0.63,-0.63,,
3.618,-0.65,-0.62,-0.63,,
3.634,-0.64,-0.62,-0.62,,
3.649,-0.64,-0.62,-0.63,,
3.664,-0.67,-0.62,-0.63,,
3.679,-0.69,-0.63,-0.63,,
3.694,-0.68,-0.63,-0.64,,
3.709,-0.67,-0.64,-0.64,,
3.726,-0.68,-0.64,-0.64,,
3.741,-0.69,-0.64,-0.64,,
3.756,-0.65,-0.64,-0.64,,
3.771,-0.63,-0.64,-0.64,,
3.785,-0.64,-0.64,-0.64,,
3.8,-0.66,-0.64,-0.64,,
3.815,-0.7,-0.64,-0.64,,
3.829,-0.7,-0.64,-0.65,,
3.845,-0.65,-0.64,-0.64,,
3.86,-0.63,-0.64,-0.64,,
3.875,-0.67,-0.64,-0.64,,
3.89,-0.65,-0.64,-0.64,,
3.904,-0.63,-0.64,-0.64,,
3.92,-0.61,-0.63,-0.63,,
3.935,-0.63,-0.63,-0.63,,
3.95,-0.68,-0.63,-0.63,,
3.964,-0.66,-0.63,-0.63,,
3.979,-0.56,-0.63,-0.62,,
3.994,-0.59,-0.62,-0.62,,
4.009,-0.64,-0.62,-0.62,,
4.023,-0.67,-0.62,-0.62,,
4.038,-0.64,-0.62,-0.62,,
4.052,-0.61,-0.62,-0.62,,
4.067,-0.63,-0.62,-0.62,,
4.082,-0.63,-0.62,-0.62,,
4.096,-0.63,-0.62,-0.62,,
4.111,-0.63,-0.62,-0.62,,
4.126,-0.61,-0.62,-0.61,,
4.141,-0.64,-0.61,-0.62,,
4.156,-0.65,-0.61,-0.62,,
4.17,-0.58,-0.62,-0.61,,
4.184,-0.59,-0.61,-0.61,,
4.199,-0.7,-0.61,-0.62,,
4.213,-0.68,-0.61,-0.62,,
4.228,-0.59,-0.62,-0.62,,
4.244,-0.62,-0.61,-0.61,,
4.259,-0.65,-0.61,-0.62,,
4.273,-0.7,-0.61,-0.62,,
4.288,-0.68,-0.62,-0.63,,
4.303,-0.7,-0.62,-0.63,,
4.318,-0.68,-0.63,-0.63,,
4.333,-0.63,-0.63,-0.63,,
4.348,-0.62,-0.63,-0.63,,
4.363,-0.63,-0.63,-0.63,,
4.378,-0.68,-0.62,-0.63,,
4.393,-0.68,-0.63,-0.63,,
4.408,-0.72,-0.63,-0.64,,
4.423,-0.7,-0.64,-0.64,,
4.438,-0.65,-0.64,-0.64,,
4.454,-0.65,-0.64,-0.64,,
4.468,-0.63,-0.64,-0.64,,
4.483,-0.64,-0.64,-0.64,,
4.498,-0.63,-0.64,-0.64,,
4.514,-0.65,-0.63,-0.63,,
4.529,-0.65,-0.63,-0.63,,
4.544,-0.71,-0.63,-0.64,,
4.559,-0.75,-0.64,-0.65,,
4.574,-0.7,-0.65,-0.65,,
4.589,-0.64,-0.65,-0.65,,
4.604,-0.63,-0.65,-0.64,,
4.619,-0.67,-0.64,-0.65,,
4.633,-0.63,-0.64,-0.64,,
4.648,-0.6,-0.64,-0.64,,
4.663,-0.61,-0.64,-0.63,,
4.678,-0.6,-0.63,-0.63,,
4.693,-0.64,-0.63,-0.63,,
4.708,-0.63,-0.63,-0.63,,
4.723,-0.61,-0.62,-0.62,,
4.738,-0.6,-0.62,-0.62,,
4.753,-0.63,-0.62,-0.62,,
4.768,-0.67,-0.62,-0.62,,
4.783,-0.69,-0.62,-0.63,,
4.798,-0.68,-0.63,-0.63,,
4.813,-0.69,-0.63,-0.64,,
4.827,-0.68,-0.63,-0.64,,
4.842,-0.64,-0.64,-0.64,,
4.857,-0.65,-0.64,-0.64,,
4.872,-0.63,-0.64,-0.64,,
4.887,-0.64,-0.63,-0.63,,
4.902,-0.7,-0.63,-0.64,,
4.917,-0.72,-0.64,-0.65,,
4.931,-0.66,-0.64,-0.64,,
4.946,-0.64,-0.64,-0.64,,
4.961,-0.64,-0.64,-0.64,,
4.976,-0.65,-0.64,-0.64,,
4.99,-0.7,-0.64,-0.64,,
5.005,-0.69,-0.64,-0.64,,
5.02,-0.63,-0.64,-0.64,,
5.035,-0.66,-0.64,-0.64,,
5.049,-0.68,-0.64,-0.64,,
5.064,-0.67,-0.64,-0.65,,
5.079,-0.63,-0.64,-0.64,,
5.093,-0.66,-0.64,-0.64,,
5.108,-0.66,-0.64,-0.64,,
5.123,-0.63,-0.64,-0.64,,
5.138,-0.66,-0.64,-0.64,,
5.153,-0.68,-0.64,-0.64,,
5.167,-0.68,-0.64,-0.65,,
5.182,-0.65,-0.64,-0.65,,
5.196,-0.63,-0.64,-0.64,,
5.211,-0.6,-0.64,-0.64,,
5.225,-0.62,-0.63,-0.63,,
5.24,-0.67,-0.63,-0.63,,
5.254,-0.67,-0.63,-0.64,,
5.269,-0.64,-0.63,-0.63,,
5.284,-0.61,-0.63,-0.63,,
5.299,-0.62,-0.63,-0.63,,
5.314,-0.62,-0.63,-0.63,,
5.329,-0.63,-0.63,-0.63,,
5.344,-0.63,-0.63,-0.63,,
5.358,-0.62,-0.62,-0.62,,
5.373,-0.62,-0.62,-0.62,,
5.389,-0.6,-0.62,-0.62,,
5.404,-0.67,-0.62,-0.62,,
5.419,-0.67,-0.62,-0.63,,
5.433,-0.6,-0.62,-0.62,,
5.448,-0.61,-0.62,-0.62,,
5.463,-0.59,-0.62,-0.62,,
5.478,-0.62,-0.61,-0.62,,
5.493,-0.63,-0.61,-0.61,,
5.508,-0.65,-0.61,-0.62,,
5.523,-0.66,-0.61,-0.62,,
5.537,-0.66,-0.62,-0.62,,
5.552,-0.63,-0.62,-0.62,,
5.567,-0.63,-0.62,-0.62,,
5.582,-0.73,-0.62,-0.63,,
5.597,-0.7,-0.63,-0.63,,
5.612,-0.62,-0.63,-0.63,,
5.627,-0.63,-0.63,-0.63,,
5.642,-0.63,-0.62,-0.63,,
5.657,-0.67,-0.62,-0.63,,
5.672,-0.69,-0.62,-0.63,,
5.686,-0.66,-0.63,-0.63,,
5.701,-0.61,-0.63,-0.63,,
5.717,-0.6,-0.63,-0.62,,
5.732,-0.64,-0.62,-0.62,,
5.746,-0.65,-0.62,-0.62,,
5.761,-0.67,-0.62,-0.63,,
5.776,-0.68,-0.63,-0.63,,
5.79,-0.65,-0.63,-0.63,,
5.805,-0.66,-0.63,-0.63,,
5.821,-0.64,-0.63,-0.63,,
5.835,-0.66,-0.63,-0.63,,
5.851,-0.6,-0.63,-0.63,,
5.865,-0.63,-0.62,-0.62,,
5.88,-0.63,-0.62,-0.62,,
5.895,-0.63,-0.62,-0.62,,
5.91,-0.67,-0.62,-0.63,,
5.926,-0.65,-0.63,-0.63,,
5.941,-0.67,-0.63,-0.63,,
5.956,-0.67,-0.63,-0.63,,
5.97,-0.69,-0.63,-0.63,,
5.985,-0.61,-0.63,-0.63,,
6,-0.64,-0.63,-0.63,,
6.015,-0.65,-0.63,-0.63,,
6.03,-0.63,-0.63,-0.63,,
6.044,-0.67,-0.63,-0.63,,
6.059,-0.64,-0.63,-0.63,,
6.074,-0.63,-0.63,-0.63,,
6.09,-0.63,-0.63,-0.63,,
6.104,-0.62,-0.62,-0.62,,
6.119,-0.68,-0.62,-0.63,,
6.133,-0.7,-0.62,-0.63,,
6.148,-0.63,-0.63,-0.63,,
6.164,-0.67,-0.63,-0.63,,
6.179,-0.72,-0.63,-0.64,,
6.194,-0.63,-0.64,-0.64,,
6.208,-0.61,-0.64,-0.63,,
6.223,-0.65,-0.63,-0.63,,
6.238,-0.68,-0.63,-0.64,,
6.252,-0.68,-0.64,-0.64,,
6.267,-0.63,-0.64,-0.64,,
6.281,-0.63,-0.64,-0.64,,
6.296,-0.71,-0.64,-0.64,,
6.311,-0.72,-0.64,-0.65,,
6.325,-0.66,-0.65,-0.65,,
6.34,-0.65,-0.65,-0.65,,
6.355,-0.67,-0.65,-0.65,,
6.37,-0.69,-0.65,-0.65,,
6.386,-0.64,-0.65,-0.65,,
6.4,-0.63,-0.65,-0.65,,
6.415,-0.72,-0.64,-0.65,,
6.431,-0.76,-0.65,-0.66,,
6.446,-0.65,-0.66,-0.66,,
6.461,-0.65,-0.66,-0.66,,
6.476,-0.67,-0.65,-0.66,,
6.491,-0.68,-0.65,-0.66,,
6.506,-0.65,-0.65,-0.65,,
6.521,-0.7,-0.65,-0.66,,
6.536,-0.7,-0.66,-0.66,,
6.55,-0.67,-0.66,-0.66,,
6.565,-0.7,-0.66,-0.66,,
6.581,-0.62,-0.66,-0.65,,
6.595,-0.63,-0.65,-0.65,,
6.61,-0.68,-0.65,-0.65,,
6.625,-0.66,-0.65,-0.65,,
6.641,-0.63,-0.65,-0.65,,
6.656,-0.61,-0.65,-0.64,,
6.67,-0.61,-0.64,-0.64,,
6.686,-0.61,-0.64,-0.63,,
6.703,-0.67,-0.63,-0.64,,
6.718,-0.68,-0.64,-0.64,,
6.733,-0.59,-0.64,-0.63,,
6.748,-0.63,-0.63,-0.63,,
6.762,-0.74,-0.63,-0.64,,
6.778,-0.7,-0.64,-0.65,,
6.792,-0.61,-0.64,-0.64,,
6.808,-0.67,-0.64,-0.64,,
6.822,-0.72,-0.64,-0.65,,
6.838,-0.63,-0.64,-0.64,,
6.853,-0.62,-0.64,-0.64,,
6.869,-0.68,-0.64,-0.64,,
6.887,-0.65,-0.64,-0.64,,
6.902,-0.63,-0.64,-0.64,,
6.917,-0.71,-0.64,-0.64,,
6.931,-0.72,-0.64,-0.65,,
6.947,-0.57,-0.65,-0.64,,
6.961,-0.57,-0.64,-0.63,,
6.976,-0.68,-0.63,-0.64,,
6.99,-0.65,-0.63,-0.64,,
7.005,-0.65,-0.63,-0.63,,
7.02,-0.65,-0.63,-0.63,,
7.034,-0.66,-0.63,-0.64,,
7.049,-0.71,-0.63,-0.64,,
7.063,-0.7,-0.64,-0.65,,
7.078,-0.71,-0.65,-0.65,,
7.092,-0.66,-0.65,-0.65,,
7.107,-0.62,-0.65,-0.65,,
7.121,-0.68,-0.64,-0.65,,
7.136,-0.68,-0.65,-0.65,,
7.151,-0.65,-0.65,-0.65,,
7.165,-0.64,-0.65,-0.65,,
7.18,-0.72,-0.64,-0.65,,
7.194,-0.72,-0.65,-0.65,,
7.209,-0.69,-0.65,-0.66,,
7.223,-0.65,-0.65,-0.65,,
7.238,-0.63,-0.65,-0.65,,
7.252,-0.65,-0.65,-0.65,,
7.267,-0.65,-0.65,-0.65,,
7.282,-0.66,-0.65,-0.65,,
7.296,-0.68,-0.65,-0.65,,
7.311,-0.67,-0.65,-0.65,,
7.326,-0.62,-0.65,-0.65,,
7.341,-0.59,-0.64,-0.64,,
7.356,-0.63,-0.64,-0.64,,
7.371,-0.6,-0.64,-0.63,,
7.386,-0.62,-0.63,-0.63,,
7.401,-0.6,-0.63,-0.62,,
7.416,-0.62,-0.62,-0.62,,
7.431,-0.67,-0.62,-0.62,,
7.446,-0.67,-0.62,-0.63,,
7.461,-0.59,-0.63,-0.62,,
7.476,-0.59,-0.62,-0.62,,
7.491,-0.63,-0.61,-0.62,,
7.506,-0.65,-0.61,-0.62,,
7.521,-0.65,-0.62,-0.62,,
7.536,-0.69,-0.62,-0.63,,
7.551,-0.68,-0.63,-0.63,,
7.566,-0.64,-0.63,-0.63,,
7.582,-0.6,-0.63,-0.63,,
7.599,-0.72,-0.62,-0.63,,
7.614,-0.69,-0.63,-0.64,,
7.629,-0.57,-0.64,-0.63,,
7.644,-0.59,-0.63,-0.62,,
7.659,-0.64,-0.62,-0.62,,
7.674,-0.67,-0.62,-0.63,,
7.689,-0.69,-0.62,-0.63,,
7.704,-0.65,-0.63,-0.63,,
7.719,-0.65,-0.63,-0.63,,
7.733,-0.63,-0.63,-0.63,,
7.749,-0.59,-0.63,-0.63,,
7.764,-0.6,-0.63,-0.62,,
7.779,-0.74,-0.62,-0.63,,
7.794,-0.71,-0.63,-0.64,,
7.809,-0.62,-0.64,-0.63,,
7.824,-0.62,-0.63,-0.63,,
7.839,-0.72,-0.63,-0.64,,
7.854,-0.72,-0.64,-0.65,,
7.869,-0.65,-0.64,-0.64,,
7.884,-0.63,-0.64,-0.64,,
7.898,-0.68,-0.64,-0.64,,
7.913,-0.64,-0.64,-0.64,,
7.928,-0.59,-0.64,-0.63,,
7.943,-0.6,-0.63,-0.63,,
7.958,-0.68,-0.63,-0.63,,
7.973,-0.62,-0.63,-0.63,,
7.988,-0.68,-0.63,-0.63,,
8.003,-0.7,-0.63,-0.64,,
8.017,-0.66,-0.63,-0.64,,
8.032,-0.65,-0.64,-0.64,,
8.047,-0.67,-0.64,-0.64,,
8.062,-0.7,-0.64,-0.64,,
8.076,-0.68,-0.64,-0.65,,
8.091,-0.68,-0.64,-0.65,,
8.106,-0.6,-0.65,-0.64,,
8.12,-0.58,-0.64,-0.63,,
8.135,-0.71,-0.63,-0.64,,
8.149,-0.71,-0.64,-0.65,,
8.164,-0.69,-0.65,-0.65,,
8.179,-0.68,-0.65,-0.65,,
8.193,-0.65,-0.65,-0.65,,
8.207,-0.6,-0.65,-0.64,,
8.222,-0.68,-0.64,-0.64,,
8.237,-0.69,-0.64,-0.65,,
8.251,-0.67,-0.64,-0.65,,
8.265,-0.63,-0.65,-0.64,,
8.28,-0.65,-0.64,-0.64,,
8.294,-0.63,-0.64,-0.64,,
8.309,-0.65,-0.64,-0.64,,
8.324,-0.63,-0.64,-0.64,,
8.339,-0.61,-0.64,-0.63,,
8.354,-0.67,-0.63,-0.64,,
8.369,-0.67,-0.63,-0.64,,
8.384,-0.65,-0.64,-0.64,,
8.399,-0.6,-0.64,-0.63,,
8.414,-0.64,-0.63,-0.63,,
8.428,-0.66,-0.63,-0.63,,
8.443,-0.62,-0.63,-0.63,,
8.458,-0.6,-0.63,-0.63,,
8.473,-0.61,-0.62,-0.62,,
8.488,-0.67,-0.62,-0.62,,
8.503,-0.7,-0.62,-0.63,,
8.518,-0.59,-0.63,-0.62,,
8.533,-0.6,-0.62,-0.62,,
8.548,-0.59,-0.62,-0.62,,
8.563,-0.62,-0.61,-0.61,,
8.578,-0.68,-0.61,-0.62,,
8.593,-0.67,-0.62,-0.62,,
8.608,-0.63,-0.62,-0.62,,
8.623,-0.66,-0.62,-0.62,,
8.638,-0.7,-0.62,-0.63,,
8.653,-0.7,-0.63,-0.63,,
8.668,-0.66,-0.63,-0.63,,
8.683,-0.64,-0.63,-0.63,,
8.698,-0.61,-0.63,-0.63,,
8.713,-0.62,-0.63,-0.63,,
8.728,-0.65,-0.63,-0.63,,
8.743,-0.68,-0.63,-0.63,,
8.758,-0.72,-0.63,-0.64,,
8.773,-0.67,-0.64,-0.64,,
8.788,-0.58,-0.64,-0.63,,
8.803,-0.62,-0.63,-0.63,,
8.818,-0.63,-0.63,-0.63,,
8.833,-0.64,-0.63,-0.63,,
8.848,-0.66,-0.62,-0.63,,
8.863,-0.66,-0.63,-0.63,,
8.878,-0.65,-0.63,-0.63,,
8.893,-0.66,-0.63,-0.63,,
8.909,-0.65,-0.63,-0.63,,
8.923,-0.63,-0.63,-0.63,,
8.939,-0.66,-0.63,-0.63,,
8.954,-0.7,-0.63,-0.64,,
8.969,-0.69,-0.63,-0.64,,
8.984,-0.68,-0.64,-0.64,,
8.998,-0.66,-0.64,-0.64,,
9.013,-0.66,-0.64,-0.64,,
9.028,-0.7,-0.64,-0.64,,
9.043,-0.69,-0.64,-0.65,,
9.058,-0.69,-0.65,-0.65,,
9.073,-0.67,-0.65,-0.65,,
9.087,-0.66,-0.65,-0.65,,
9.102,-0.63,-0.65,-0.65,,
9.117,-0.7,-0.65,-0.65,,
9.132,-0.68,-0.65,-0.66,,
9.146,-0.63,-0.65,-0.65,,
9.161,-0.61,-0.65,-0.65,,
9.175,-0.63,-0.64,-0.64,,
9.19,-0.65,-0.64,-0.64,,
9.204,-0.63,-0.64,-0.64,,
9.219,-0.62,-0.64,-0.64,,
9.234,-0.66,-0.63,-0.64,,
9.249,-0.67,-0.64,-0.64,,
9.264,-0.65,-0.64,-0.64,,
9.278,-0.65,-0.64,-0.64,,
9.293,-0.65,-0.64,-0.64,,
9.307,-0.65,-0.64,-0.64,,
9.323,-0.63,-0.64,-0.64,,
9.337,-0.59,-0.64,-0.63,,
9.352,-0.63,-0.63,-0.63,,
9.367,-0.65,-0.63,-0.63,,
9.381,-0.65,-0.63,-0.63,,
9.396,-0.67,-0.63,-0.63,,
9.411,-0.61,-0.63,-0.63,,
9.427,-0.61,-0.63,-0.62,,
9.442,-0.58,-0.62,-0.62,,
9.457,-0.59,-0.62,-0.61,,
9.472,-0.76,-0.61,-0.63,,
9.486,-1.15,-0.63,-0.68,,
9.502,-0.13,-0.7,-0.65,,
9.517,-0.81,-0.66,-0.68,,
9.532,-0.39,-0.68,-0.66,,
9.547,-0.54,-0.66,-0.65,,
9.562,-0.5,-0.64,-0.63,,
9.577,-0.5,-0.62,-0.61,,
9.592,-0.76,-0.59,-0.61,,
9.607,-0.81,-0.59,-0.61,,
9.622,-1,-0.61,-0.65,,
9.637,-0.54,-0.65,-0.64,,
9.652,-0.48,-0.65,-0.63,,
9.668,-0.56,-0.64,-0.63,,
9.682,-0.68,-0.62,-0.63,,
9.697,-0.64,-0.62,-0.62,,
9.712,-0.82,-0.62,-0.64,,
9.727,-0.57,-0.64,-0.64,,
9.742,-0.51,-0.64,-0.63,,
9.757,-0.54,-0.63,-0.62,,
9.772,-0.63,-0.61,-0.62,,
9.786,-0.6,-0.61,-0.61,,
9.802,-0.48,-0.59,-0.58,,
9.82,-0.66,-0.56,-0.57,,
9.835,0.13,-0.55,-0.48,,
9.849,0.38,-0.43,-0.35,,
9.864,-1.51,-0.26,-0.39,,
9.879,-2.73,-0.28,-0.52,,
9.894,-1.19,-0.46,-0.53,,
9.909,0.06,-0.55,-0.49,,
9.923,0.93,-0.49,-0.35,,
9.938,0.74,-0.23,-0.13,,
9.954,-1.33,0.06,-0.08,,
9.968,-2.36,0.15,-0.1,,
9.983,-4.71,0.14,-0.34,,
9.998,-3.73,-0.27,-0.61,,
10.013,-0.97,-0.63,-0.66,,
10.028,-1.63,-0.67,-0.77,,
10.042,-1.69,-0.77,-0.86,,
10.057,-1.63,-0.85,-0.93,,
10.072,-1.66,-0.92,-1,,
10.086,-1.38,-0.98,-1.02,,
10.101,-0.78,-0.98,-0.96,,
10.115,-3.45,-0.84,-1.1,,
10.13,-2.2,-1.01,-1.13,,
10.145,-1.52,-1.15,-1.19,,
10.159,-1.8,-1.2,-1.26,,
10.174,-1.76,-1.26,-1.31,,
10.189,-2.09,-1.3,-1.38,,
10.203,-2.04,-1.36,-1.43,,
10.218,-2.06,-1.42,-1.48,,
10.232,-2.06,-1.47,-1.52,,
10.247,-2.17,-1.52,-1.58,,
10.262,-2,-1.58,-1.62,,
10.276,-1.82,-1.62,-1.64,,
10.291,-2.15,-1.65,-1.7,,
10.305,-1.68,-1.71,-1.7,,
10.32,-2,-1.71,-1.74,,
10.335,-2.15,-1.73,-1.78,,
10.35,-1.94,-1.77,-1.79,,
10.365,-1.96,-1.79,-1.81,,
10.38,-2.15,-1.8,-1.84,,
10.395,-2.09,-1.83,-1.86,,
10.411,-1.88,-1.86,-1.86,,
10.426,-2.06,-1.85,-1.87,,
10.441,-1.89,-1.87,-1.87,,
10.456,-1.97,-1.86,-1.87,,
10.471,-2.01,-1.86,-1.88,,
10.486,-1.92,-1.87,-1.87,,
10.501,-2.44,-1.86,-1.92,,
10.516,-2.09,-1.91,-1.93,,
10.533,-1.87,-1.94,-1.93,,
10.547,-1.71,-1.95,-1.92,,
10.562,-1.91,-1.92,-1.92,,
10.577,-2.04,-1.91,-1.93,,
10.593,-2.23,-1.91,-1.94,,
10.608,-2.13,-1.93,-1.95,,
10.623,-2.09,-1.95,-1.96,,
10.638,-2.05,-1.96,-1.97,,
10.653,-2.14,-1.97,-1.98,,
10.668,-2.15,-1.98,-2,,
10.683,-2.21,-2.01,-2.03,,
10.698,-1.76,-2.04,-2.02,,
10.713,-1.96,-2.02,-2.02,,
10.728,-2.18,-2.02,-2.04,,
10.743,-2.04,-2.05,-2.04,,
10.758,-1.88,-2.05,-2.04,,
10.773,-1.85,-2.04,-2.03,,
10.788,-1.88,-2.02,-2.01,,
10.803,-2.07,-2,-2,,
10.818,-2.13,-2,-2.01,,
10.833,-2.06,-2.01,-2.01,,
10.848,-1.8,-2.02,-2,,
10.863,-2.38,-2,-2.04,,
10.878,-2.57,-2.05,-2.1,,
10.893,-1.19,-2.13,-2.04,,
10.908,-0.92,-2.06,-1.95,,
10.922,-2.66,-1.94,-2.01,,
10.937,-2.43,-2,-2.04,,
10.952,-1.47,-2.05,-1.99,,
10.967,-2.22,-1.99,-2.01,,
10.982,-1.66,-2,-1.97,,
10.997,-1.61,-1.97,-1.94,,
11.012,-2.09,-1.93,-1.94,,
11.027,-1.69,-1.95,-1.92,,
11.042,-2.14,-1.92,-1.94,,
11.058,-1.96,-1.94,-1.94,,
11.072,-2.08,-1.94,-1.96,,
11.086,-1.99,-1.96,-1.96,,
11.101,-1.91,-1.96,-1.96,,
11.115,-2.03,-1.95,-1.96,,
11.13,-1.97,-1.96,-1.96,,
11.144,-2.04,-1.96,-1.97,,
11.16,-1.93,-1.96,-1.96,,
11.174,-2.05,-1.96,-1.97,,
11.189,-1.93,-1.97,-1.96,,
11.203,-2.07,-1.96,-1.97,,
11.218,-2.71,-1.98,-2.05,,
11.232,-2.66,-2.09,-2.15,,
11.247,-2.22,-2.21,-2.21,,
11.261,-1.23,-2.3,-2.19,,
11.276,-0.95,-2.27,-2.13,,
11.29,-0.84,-2.18,-2.05,,
11.305,-0.94,-2.05,-1.94,,
11.32,-0.53,-1.92,-1.78,,
11.335,-0.22,-1.7,-1.55,,
11.349,-4.21,-1.43,-1.7,,
11.364,-4.88,-1.59,-1.92,,
11.379,-1.49,-1.9,-1.86,,
11.394,-1.71,-1.87,-1.86,,
11.409,-1.95,-1.86,-1.87,,
11.423,-1.8,-1.87,-1.86,,
11.438,-1.98,-1.85,-1.87,,
11.453,-2.04,-1.86,-1.87,,
11.468,-1.92,-1.87,-1.87,,
11.483,-1.96,-1.87,-1.88,,
11.498,-1.92,-1.88,-1.88,,
11.512,-1.91,-1.87,-1.88,,
11.527,-1.98,-1.87,-1.88,,
11.542,-2.08,-1.87,-1.89,,
11.557,-2.18,-1.88,-1.91,,
11.572,-2.1,-1.91,-1.93,,
11.587,-1.92,-1.93,-1.93,,
11.602,-2.05,-1.93,-1.94,,
11.617,-2.1,-1.94,-1.95,,
11.632,-2.08,-1.96,-1.97,,
11.647,-1.71,-1.98,-1.95,,
11.662,-1.84,-1.95,-1.94,,
11.677,-2.11,-1.93,-1.95,,
11.692,-2.1,-1.95,-1.96,,
11.707,-2,-1.96,-1.97,,
11.723,-1.98,-1.97,-1.97,,
11.738,-2.02,-1.97,-1.97,,
11.755,-2.15,-1.97,-1.99,,
11.77,-2.06,-1.99,-2,,
11.785,-2,-2,-2,,
11.8,-1.99,-2,-2,,
11.815,-2.05,-2,-2,,
11.83,-1.98,-2,-2,,
11.845,-2.2,-2,-2.02,,
11.86,-2.13,-2.02,-2.03,,
11.875,-1.89,-2.04,-2.02,,
11.89,-1.9,-2.03,-2.01,,
11.904,-1.93,-2.01,-2,,
11.92,-1.89,-2,-1.99,,
11.935,-2.01,-1.98,-1.99,,
11.95,-2.11,-1.98,-1.99,,
11.965,-2,-2,-2,,
11.98,-1.96,-2,-2,,
11.995,-2.04,-2,-2,,
12.01,-1.95,-2.01,-2,,
12.025,-2.22,-2.01,-2.03,,
12.04,-3.09,-2.04,-2.15,,
12.055,-2.76,-2.22,-2.27,,
12.069,-1.6,-2.38,-2.3,,
12.084,-1.05,-2.43,-2.29,,
12.098,-1.15,-2.4,-2.27,,
12.113,-2.2,-2.35,-2.33,,
12.128,-3.12,-2.41,-2.49,,
12.142,-2.42,-2.68,-2.66,,
12.157,2.61,-2.9,-2.35,,
12.171,0.23,-2.49,-2.22,,
12.186,-1.52,-2.32,-2.24,,
12.2,0.52,-2.34,-2.05,,
12.215,-0.1,-2.11,-1.91,,
12.23,-0.25,-1.93,-1.76,,
12.244,-0.34,-1.75,-1.61,,
12.258,-0.59,-1.6,-1.49,,
12.273,-0.8,-1.47,-1.4,,
12.287,-0.85,-1.39,-1.33,,
12.302,-0.76,-1.34,-1.28,,
12.317,-0.46,-1.29,-1.21,,
12.331,-0.56,-1.22,-1.15,,
12.346,-0.56,-1.16,-1.1,,
12.361,-0.55,-1.11,-1.05,,
12.376,-0.41,-1.06,-1,,
12.391,-0.35,-1,-0.94,,
12.406,-0.36,-0.94,-0.88,,
12.421,-0.39,-0.88,-0.83,,
12.436,-0.56,-0.82,-0.8,,
12.451,-0.56,-0.79,-0.77,,
12.466,-0.51,-0.77,-0.75,,
12.481,-0.5,-0.75,-0.72,,
12.496,-0.51,-0.73,-0.7,,
12.512,-0.49,-0.71,-0.68,,
12.527,-0.45,-0.69,-0.66,,
12.541,-0.46,-0.66,-0.64,,
12.556,-0.5,-0.64,-0.63,,
12.57,-0.43,-0.62,-0.6,,
12.586,-0.43,-0.6,-0.58,,
12.6,-0.48,-0.58,-0.57,,
12.615,-0.5,-0.57,-0.56,,
12.63,-0.5,-0.56,-0.55,,
12.646,-0.48,-0.54,-0.54,,
12.661,-0.46,-0.53,-0.52,,
12.675,-0.45,-0.52,-0.51,,
12.69,-0.54,-0.51,-0.51,,
12.705,-0.61,-0.51,-0.52,,
12.72,-0.53,-0.52,-0.52,,
12.735,-0.46,-0.52,-0.51,,
12.75,-0.48,-0.52,-0.51,,
12.765,-0.5,-0.51,-0.51,,
12.779,-0.52,-0.51,-0.51,,
12.794,-0.46,-0.51,-0.51,,
12.809,-0.43,-0.51,-0.5,,
12.824,-0.46,-0.5,-0.5,,
12.839,-0.46,-0.49,-0.49,,
12.854,-0.52,-0.48,-0.49,,
12.869,-0.6,-0.48,-0.49,,
12.884,-0.54,-0.49,-0.5,,
12.899,-0.47,-0.5,-0.5,,
12.914,-0.56,-0.49,-0.5,,
12.929,-0.54,-0.5,-0.5,,
12.943,-0.54,-0.5,-0.51,,
12.959,-0.44,-0.51,-0.5,,
12.974,-0.39,-0.5,-0.49,,
12.988,-0.47,-0.49,-0.49,,
13.004,-0.54,-0.49,-0.49,,
13.018,-0.47,-0.49,-0.49,,
13.033,-0.43,-0.49,-0.48,,
13.048,-0.47,-0.48,-0.48,,
13.063,-0.52,-0.48,-0.48,,
13.078,-0.61,-0.48,-0.49,,
13.093,-0.61,-0.49,-0.5,,
13.107,-0.45,-0.5,-0.5,,
13.121,-0.4,-0.5,-0.49,,
13.136,-0.41,-0.49,-0.48,,
13.151,-0.45,-0.48,-0.48,,
13.167,-0.57,-0.48,-0.48,,
13.181,-0.57,-0.48,-0.49,,
13.196,-0.4,-0.49,-0.48,,
13.211,-0.41,-0.48,-0.48,,
13.225,-0.47,-0.47,-0.47,,
13.24,-0.48,-0.47,-0.47,,
13.254,-0.51,-0.46,-0.47,,
13.269,-0.56,-0.46,-0.47,,
13.283,-0.58,-0.47,-0.48,,
13.298,-0.53,-0.47,-0.48,,
13.313,-0.5,-0.48,-0.48,,
13.327,-0.52,-0.48,-0.49,,
13.342,-0.49,-0.49,-0.49,,
13.356,-0.5,-0.49,-0.49,,
13.371,-0.5,-0.49,-0.49,,
13.386,-0.43,-0.49,-0.49,,
13.401,-0.41,-0.49,-0.48,,
13.415,-0.47,-0.48,-0.48,,
13.43,-0.51,-0.48,-0.48,,
13.445,-0.49,-0.48,-0.48,,
13.46,-0.45,-0.47,-0.47,,
13.475,-0.39,-0.46,-0.46,,
13.49,-0.37,-0.44,-0.43,,
13.505,-0.63,-0.41,-0.44,,
13.52,-0.67,-0.41,-0.44,,
13.534,-0.67,-0.42,-0.45,,
13.549,-0.52,-0.44,-0.45,,
13.564,-0.42,-0.44,-0.44,,
13.579,-0.55,-0.42,-0.43,,
13.594,-0.54,-0.41,-0.42,,
13.608,0.05,-0.4,-0.35,,
13.623,1.42,-0.31,-0.14,,
13.639,0.86,0.04,0.12,,
13.654,-0.36,0.39,0.32,,
13.67,-1.56,0.64,0.42,,
13.685,-4.7,0.77,0.22,,
13.7,-4.73,0.52,-0.01,,
13.715,-1.51,-0.01,-0.16,,
13.73,-1.68,-0.19,-0.34,,
13.744,-1.87,-0.33,-0.48,,
13.759,-2.1,-0.46,-0.62,,
13.774,-2.15,-0.6,-0.76,,
13.789,-2.2,-0.74,-0.89,,
13.803,-2.2,-0.88,-1.01,,
13.819,-2.24,-1,-1.12,,
13.834,-2.24,-1.12,-1.23,,
13.849,-2.17,-1.24,-1.33,,
13.864,-2.07,-1.34,-1.42,,
13.88,-2.07,-1.43,-1.49,,
13.895,-2.1,-1.5,-1.56,,
13.91,-1.8,-1.58,-1.6,,
13.925,-1.94,-1.6,-1.63,,
13.94,-2.13,-1.62,-1.67,,
13.955,-2.17,-1.67,-1.72,,
13.97,-2.12,-1.71,-1.75,,
13.985,-2.06,-1.75,-1.78,,
14,-2.08,-1.78,-1.81,,
14.015,-2.11,-1.8,-1.83,,
14.03,-2.16,-1.83,-1.86,,
14.045,-2.18,-1.85,-1.89,,
14.06,-2.19,-1.88,-1.91,,
14.075,-2.16,-1.91,-1.93,,
14.09,-2.1,-1.93,-1.95,,
14.104,-2.09,-1.95,-1.96,,
14.119,-2.12,-1.96,-1.98,,
14.133,-2.14,-1.98,-2,,
14.148,-2.11,-2,-2.01,,
14.163,-2.11,-2.01,-2.02,,
14.177,-1.93,-2.03,-2.02,,
14.192,-1.91,-2.02,-2.01,,
14.206,-2.05,-2.01,-2.01,,
14.221,-2.06,-2.01,-2.01,,
14.235,-2.09,-2.01,-2.02,,
14.25,-2.14,-2.01,-2.02,,
14.264,-2.17,-2.02,-2.03,,
14.279,-2.14,-2.03,-2.04,,
14.294,-2.12,-2.04,-2.05,,
14.308,-2.05,-2.05,-2.05,,
14.323,-2.08,-2.05,-2.05,,
14.337,-2.05,-2.05,-2.05,,
14.352,-2.02,-2.05,-2.04,,
14.367,-2.09,-2.04,-2.05,,
14.382,-2.13,-2.05,-2.05,,
14.397,-2.09,-2.05,-2.06,,
14.412,-2.08,-2.05,-2.06,,
14.427,-2.06,-2.05,-2.05,,
14.442,-2.16,-2.05,-2.06,,
14.457,-2.15,-2.06,-2.07,,
14.472,-2.08,-2.07,-2.07,,
14.486,-2.09,-2.07,-2.07,,
14.501,-2.11,-2.07,-2.07,,
14.516,-2.08,-2.07,-2.07,,
14.531,-2.08,-2.06,-2.07,,
14.545,-2.13,-2.06,-2.07,,
14.561,-2.17,-2.06,-2.07,,
14.577,-2.14,-2.07,-2.08,,
14.592,-2.13,-2.08,-2.08,,
14.607,-2.09,-2.09,-2.09,,
14.622,-2.07,-2.09,-2.08,,
14.636,-2.04,-2.09,-2.08,,
14.651,-2.04,-2.09,-2.08,,
14.666,-2.05,-2.08,-2.08,,
14.681,-2.04,-2.07,-2.07,,
14.695,-2.09,-2.06,-2.07,,
14.71,-2.21,-2.06,-2.07,,
14.725,-2.22,-2.07,-2.09,,
14.74,-2.13,-2.09,-2.09,,
14.755,-2.13,-2.1,-2.1,,
14.769,-2.03,-2.1,-2.1,,
14.784,-2.02,-2.1,-2.09,,
14.799,-2.07,-2.09,-2.09,,
14.813,-2.03,-2.09,-2.08,,
14.828,-2.29,-2.08,-2.1,,
14.844,-2.14,-2.1,-2.1,,
14.859,-2.02,-2.11,-2.1,,
14.874,-1.98,-2.1,-2.09,,
14.889,-2.11,-2.08,-2.08,,
14.904,-2.14,-2.08,-2.08,,
14.919,-2.03,-2.08,-2.07,,
14.934,-2.02,-2.07,-2.07,,
14.949,-2.11,-2.06,-2.07,,
14.964,-2.13,-2.06,-2.07,,
14.979,-2.17,-2.07,-2.08,,
14.994,-2.18,-2.07,-2.09,,
15.009,-2.14,-2.09,-2.1,,
15.024,-2.11,-2.1,-2.1,,
15.039,-2.77,-2.11,-2.17,,
15.053,-1.92,-2.2,-2.17,,
15.069,-2.86,-2.21,-2.28,,
15.083,-2.4,-2.33,-2.33,,
15.098,-0.48,-2.41,-2.21,,
15.113,-0.55,-2.23,-2.06,,
15.127,-2.45,-2.04,-2.08,,
15.141,-3.3,-2.04,-2.16,,
15.156,-1.51,-2.16,-2.09,,
15.17,-0.94,-2.12,-2,,
15.185,-2.3,-2,-2.03,,
15.199,-2.75,-2.01,-2.08,,
15.214,-1.45,-2.08,-2.02,,
15.228,-1.35,-2.03,-1.96,,
15.243,-2.49,-1.95,-2,,
15.257,-1.98,-2,-2,,
15.272,-1.76,-2.01,-1.98,,
15.286,-2.23,-1.97,-2,,
15.301,-2.11,-2,-2.01,,
15.315,-1.78,-2.01,-1.99,,
15.33,-2.2,-1.98,-2.01,,
15.344,-1.78,-2,-1.98,,
15.359,-1.89,-1.98,-1.97,,
15.373,-1.92,-1.97,-1.96,,
15.388,-1.78,-1.96,-1.94,,
15.402,-2.01,-1.94,-1.95,,
15.417,-1.89,-1.95,-1.94,,
15.431,-1.99,-1.94,-1.95,,
15.446,-1.93,-1.94,-1.94,,
15.461,-1.97,-1.94,-1.94,,
15.475,-1.96,-1.94,-1.94,,
15.49,-1.92,-1.94,-1.94,,
15.505,-1.98,-1.94,-1.94,,
15.52,-1.95,-1.94,-1.94,,
15.535,-2,-1.94,-1.95,,
15.55,-1.94,-1.94,-1.94,,
15.564,-1.98,-1.94,-1.95,,
15.579,-1.98,-1.95,-1.95,,
15.594,-1.95,-1.95,-1.95,,
15.609,-1.94,-1.94,-1.94,,
15.624,-1.87,-1.94,-1.93,,
15.639,-1.96,-1.93,-1.94,,
15.654,-1.94,-1.93,-1.93,,
15.67,-2.01,-1.93,-1.94,,
15.684,-2,-1.94,-1.95,,
15.7,-1.96,-1.94,-1.95,,
15.714,-1.97,-1.94,-1.95,,
15.729,-2.02,-1.95,-1.95,,
15.744,-1.95,-1.95,-1.95,,
15.76,-1.87,-1.95,-1.94,,
15.774,-1.91,-1.94,-1.94,,
15.792,-1.93,-1.93,-1.93,,
15.806,-1.93,-1.93,-1.93,,
15.821,-1.9,-1.93,-1.93,,
15.836,-1.97,-1.93,-1.93,,
15.851,-1.96,-1.93,-1.93,,
15.866,-1.97,-1.93,-1.93,,
15.881,-1.92,-1.93,-1.93,,
15.895,-1.95,-1.93,-1.93,,
15.91,-1.98,-1.93,-1.94,,
15.929,-2,-1.93,-1.94,,
15.944,-1.96,-1.94,-1.94,,
15.959,-1.92,-1.94,-1.94,,
15.974,-1.86,-1.94,-1.93,,
15.989,-1.94,-1.93,-1.93,,
16.004,-2.11,-1.92,-1.94,,
16.019,-1.94,-1.94,-1.94,,
16.034,-1.8,-1.94,-1.93,,
16.049,-1.91,-1.93,-1.93,,
16.063,-2,-1.92,-1.93,,
16.078,-1.98,-1.93,-1.93,,
16.093,-1.96,-1.93,-1.94,,
16.108,-2.01,-1.93,-1.94,,
16.122,-2.07,-1.94,-1.95,,
16.137,-1.98,-1.95,-1.95,,
16.151,-1.87,-1.95,-1.94,,
16.166,-1.9,-1.94,-1.94,,
16.18,-1.95,-1.93,-1.94,,
16.195,-1.99,-1.93,-1.94,,
16.21,-1.98,-1.94,-1.94,,
16.224,-1.86,-1.94,-1.93,,
16.239,-1.91,-1.93,-1.93,,
16.253,-1.98,-1.93,-1.93,,
16.268,-1.98,-1.93,-1.94,,
16.282,-1.9,-1.94,-1.93,,
16.296,-1.94,-1.93,-1.93,,
16.311,-2.04,-1.93,-1.94,,
16.325,-2,-1.94,-1.95,,
16.34,-1.94,-1.95,-1.95,,
16.354,-1.96,-1.94,-1.95,,
16.369,-1.98,-1.94,-1.95,,
16.384,-1.98,-1.95,-1.95,,
16.399,-1.94,-1.95,-1.95,,
16.414,-1.94,-1.95,-1.95,,
16.429,-2.01,-1.94,-1.95,,
16.444,-2,-1.95,-1.95,,
16.459,-1.97,-1.95,-1.95,,
16.473,-1.94,-1.95,-1.95,,
16.488,-1.95,-1.95,-1.95,,
16.503,-1.96,-1.95,-1.95,,
16.518,-1.95,-1.95,-1.95,,
16.533,-1.93,-1.95,-1.95,,
16.548,-1.94,-1.95,-1.95,,
16.563,-1.96,-1.94,-1.95,,
16.577,-1.99,-1.94,-1.95,,
16.592,-1.97,-1.95,-1.95,,
16.607,-2.02,-1.95,-1.96,,
16.622,-2.05,-1.96,-1.96,,
16.637,-1.99,-1.96,-1.97,,
16.652,-1.92,-1.97,-1.96,,
16.666,-1.89,-1.96,-1.95,,
16.681,-1.92,-1.95,-1.95,,
16.696,-1.99,-1.95,-1.95,,
16.71,-1.97,-1.95,-1.95,,
16.725,-1.96,-1.95,-1.95,,
16.74,-1.94,-1.95,-1.95,,
16.755,-1.96,-1.95,-1.95,,
16.77,-2,-1.95,-1.95,,
16.785,-2.02,-1.95,-1.96,,
16.8,-1.98,-1.96,-1.96,,
16.815,-1.92,-1.96,-1.95,,
16.833,-1.9,-1.95,-1.95,,
16.848,-1.93,-1.95,-1.95,,
16.863,-1.94,-1.94,-1.94,,
16.878,-1.96,-1.94,-1.94,,
16.892,-1.93,-1.94,-1.94,,
16.907,-1.85,-1.94,-1.93,,
16.922,-1.87,-1.93,-1.92,,
16.937,-1.97,-1.92,-1.93,,
16.951,-2,-1.93,-1.93,,
16.966,-1.93,-1.93,-1.93,,
16.982,-1.91,-1.93,-1.93,,
16.997,-1.88,-1.93,-1.92,,
17.011,-1.92,-1.92,-1.92,,
17.026,-2,-1.92,-1.93,,
17.04,-2.01,-1.93,-1.94,,
17.056,-1.97,-1.93,-1.94,,
17.071,-1.95,-1.94,-1.94,,
17.086,-1.93,-1.94,-1.93,,
17.1,-1.94,-1.93,-1.93,,
17.115,-1.97,-1.93,-1.94,,
17.129,-1.99,-1.93,-1.94,,
17.144,-1.97,-1.94,-1.94,,
17.158,-1.97,-1.94,-1.94,,
17.173,-2,-1.94,-1.95,,
17.187,-2,-1.95,-1.95,,
17.201,-1.94,-1.95,-1.95,,
17.216,-1.95,-1.95,-1.95,,
17.23,-2,-1.95,-1.95,,
17.245,-1.97,-1.95,-1.95,,
17.26,-1.95,-1.95,-1.95,,
17.274,-1.98,-1.95,-1.95,,
17.29,-1.92,-1.95,-1.95,,
17.305,-1.93,-1.94,-1.94,,
17.319,-1.97,-1.94,-1.94,,
17.334,-1.95,-1.94,-1.94,,
17.349,-1.98,-1.94,-1.95,,
17.364,-1.98,-1.95,-1.95,,
17.378,-1.94,-1.95,-1.95,,
17.393,-1.93,-1.95,-1.94,,
17.408,-1.93,-1.94,-1.94,,
17.423,-1.94,-1.94,-1.94,,
17.438,-1.89,-1.94,-1.93,,
17.453,-1.91,-1.93,-1.93,,
17.468,-2.03,-1.93,-1.94,,
17.483,-2,-1.93,-1.94,,
17.498,-1.92,-1.94,-1.94,,
17.513,-1.96,-1.94,-1.94,,
17.529,-1.96,-1.94,-1.94,,
17.544,-1.98,-1.94,-1.94,,
17.559,-1.9,-1.94,-1.94,,
17.574,-1.89,-1.94,-1.93,,
17.588,-1.98,-1.93,-1.94,,
17.603,-1.96,-1.94,-1.94,,
17.618,-1.87,-1.94,-1.93,,
17.632,-1.87,-1.93,-1.93,,
17.647,-2.01,-1.92,-1.93,,
17.663,-2.02,-1.93,-1.94,,
17.678,-1.96,-1.94,-1.94,,
17.693,-1.94,-1.94,-1.94,,
17.708,-1.98,-1.94,-1.94,,
17.723,-1.96,-1.94,-1.94,,
17.74,-1.92,-1.94,-1.94,,
17.754,-1.98,-1.94,-1.94,,
17.77,-1.98,-1.94,-1.94,,
17.785,-1.95,-1.94,-1.94,,
17.799,-1.95,-1.94,-1.94,,
17.814,-1.98,-1.94,-1.94,,
17.83,-1.97,-1.94,-1.95,,
17.845,-2,-1.94,-1.95,,
17.86,-1.99,-1.95,-1.95,,
17.875,-1.96,-1.95,-1.95,,
17.89,-1.95,-1.95,-1.95,,
17.905,-1.98,-1.95,-1.95,,
17.92,-1.99,-1.95,-1.95,,
17.934,-1.99,-1.95,-1.96,,
17.949,-1.98,-1.96,-1.96,,
17.964,-1.93,-1.96,-1.95,,
17.979,-1.96,-1.95,-1.95,,
17.994,-1.95,-1.95,-1.95,,
18.009,-1.92,-1.95,-1.95,,
18.024,-1.94,-1.94,-1.94,,
18.039,-1.97,-1.94,-1.95,,
18.054,-1.95,-1.95,-1.95,,
18.069,-1.97,-1.94,-1.95,,
18.084,-1.98,-1.94,-1.95,,
18.099,-1.98,-1.95,-1.95,,
18.113,-1.95,-1.95,-1.95,,
18.128,-1.92,-1.95,-1.94,,
18.142,-1.88,-1.94,-1.94,,
18.156,-1.92,-1.93,-1.93,,
18.171,-2,-1.93,-1.94,,
18.185,-2.01,-1.94,-1.94,,
18.2,-1.93,-1.94,-1.94,,
18.215,-1.95,-1.94,-1.94,,
18.229,-2.04,-1.94,-1.95,,
18.243,-2.04,-1.95,-1.96,,
18.258,-2.02,-1.96,-1.96,,
18.272,-1.96,-1.96,-1.96,,
18.287,-1.98,-1.96,-1.96,,
18.301,-1.95,-1.96,-1.96,,
18.316,-1.89,-1.96,-1.95,,
18.331,-1.91,-1.95,-1.94,,
18.345,-1.97,-1.94,-1.95,,
18.359,-2.03,-1.94,-1.95,,
18.374,-1.99,-1.95,-1.96,,
18.389,-1.95,-1.95,-1.95,,
18.403,-1.94,-1.95,-1.95,,
18.418,-1.89,-1.95,-1.94,,
18.433,-1.92,-1.94,-1.94,,
18.447,-2.01,-1.94,-1.95,,
18.462,-1.98,-1.94,-1.95,,
18.477,-1.97,-1.95,-1.95,,
18.492,-1.98,-1.95,-1.95,,
18.507,-2,-1.95,-1.96,,
18.522,-1.96,-1.96,-1.96,,
18.536,-1.98,-1.95,-1.96,,
18.551,-1.99,-1.95,-1.96,,
18.566,-2,-1.95,-1.96,,
18.581,-1.96,-1.96,-1.96,,
18.596,-1.94,-1.96,-1.96,,
18.612,-1.89,-1.96,-1.95,,
18.626,-2.02,-1.95,-1.96,,
18.642,-2.05,-1.95,-1.96,,
18.656,-1.98,-1.96,-1.96,,
18.671,-1.97,-1.96,-1.96,,
18.686,-1.92,-1.96,-1.96,,
18.701,-1.95,-1.95,-1.95,,
18.716,-1.98,-1.95,-1.95,,
18.731,-2,-1.95,-1.96,,
18.746,-1.92,-1.95,-1.95,,
18.761,-1.89,-1.95,-1.94,,
18.778,-1.91,-1.94,-1.94,,
18.793,-1.96,-1.94,-1.94,,
18.807,-1.98,-1.94,-1.94,,
18.822,-1.97,-1.94,-1.94,,
18.836,-1.93,-1.94,-1.94,,
18.851,-1.89,-1.94,-1.94,,
18.866,-1.91,-1.94,-1.93,,
18.881,-1.95,-1.93,-1.93,,
18.896,-1.92,-1.93,-1.93,,
18.911,-1.96,-1.93,-1.93,,
18.925,-2.01,-1.93,-1.94,,
18.94,-1.96,-1.94,-1.94,,
18.955,-1.92,-1.94,-1.93,,
18.97,-1.94,-1.93,-1.93,,
18.985,-2.03,-1.93,-1.94,,
19,-1.95,-1.94,-1.94,,
19.015,-1.98,-1.94,-1.94,,
19.029,-2.04,-1.94,-1.95,,
19.044,-2.02,-1.95,-1.96,,
19.059,-1.98,-1.96,-1.96,,
19.073,-1.92,-1.96,-1.95,,
19.088,-1.92,-1.95,-1.95,,
19.103,-1.94,-1.95,-1.95,,
19.118,-1.96,-1.95,-1.95,,
19.133,-1.98,-1.95,-1.95,,
19.148,-1.99,-1.95,-1.95,,
19.163,-1.99,-1.95,-1.96,,
19.177,-1.98,-1.96,-1.96,,
19.192,-1.95,-1.96,-1.96,,
19.206,-1.99,-1.96,-1.96,,
19.221,-1.92,-1.96,-1.95,,
19.235,-1.89,-1.95,-1.95,,
19.25,-2.03,-1.95,-1.95,,
19.265,-1.96,-1.95,-1.95,,
19.279,-1.95,-1.95,-1.95,,
19.294,-1.92,-1.95,-1.95,,
19.309,-1.96,-1.95,-1.95,,
19.323,-2.01,-1.95,-1.95,,
19.338,-2,-1.95,-1.96,,
19.352,-1.93,-1.96,-1.95,,
19.367,-1.92,-1.95,-1.95,,
19.381,-1.92,-1.95,-1.94,,
19.396,-1.94,-1.94,-1.94,,
19.411,-1.94,-1.94,-1.94,,
19.426,-1.85,-1.94,-1.93,,
19.441,-1.83,-1.93,-1.92,,
19.459,-2.11,-1.92,-1.94,,
19.474,-1.97,-1.94,-1.94,,
19.489,-1.75,-1.94,-1.92,,
19.504,-1.94,-1.92,-1.92,,
19.519,-2.14,-1.92,-1.94,,
19.533,-1.96,-1.94,-1.94,,
19.548,-1.67,-1.94,-1.92,,
19.563,-1.9,-1.91,-1.91,,
19.578,-2.19,-1.91,-1.93,,
19.593,-2.06,-1.93,-1.95,,
19.608,-1.8,-1.95,-1.93,,
19.623,-2.18,-1.93,-1.95,,
19.638,-2.09,-1.95,-1.97,,
19.653,-1.78,-1.97,-1.95,,
19.668,-1.86,-1.95,-1.94,,
19.683,-2.07,-1.94,-1.95,,
19.697,-2.02,-1.95,-1.96,,
19.712,-1.92,-1.96,-1.95,,
19.727,-1.92,-1.95,-1.95,,
19.742,-2.01,-1.94,-1.95,,
19.757,-2.1,-1.95,-1.96,,
19.772,-1.48,-1.97,-1.92,,
19.787,-1.97,-1.91,-1.92,,
19.804,-2,-1.91,-1.92,,
19.819,-1.44,-1.92,-1.88,,
19.833,-2.27,-1.87,-1.91,,
19.848,-2.35,-1.91,-1.95,,
19.863,-1.65,-1.96,-1.93,,
19.878,-2.02,-1.92,-1.93,,
19.893,-1.86,-1.93,-1.92,,
19.912,-2.34,-1.91,-1.95,,
19.926,-1.74,-1.96,-1.94,,
19.941,-1.61,-1.95,-1.92,,
19.957,-2.37,-1.9,-1.95,,
19.972,-1.77,-1.94,-1.92,,
19.987,-1.6,-1.93,-1.89,,
20.002,-2.04,-1.89,-1.91,,
20.016,-2.11,-1.9,-1.92,,
20.031,-2.09,-1.92,-1.94,,
20.046,-1.75,-1.94,-1.92,,
20.061,-1.92,-1.92,-1.92,,
20.077,-2.12,-1.92,-1.94,,
20.091,-1.99,-1.93,-1.94,,
20.106,-1.75,-1.94,-1.92,,
20.121,-1.91,-1.92,-1.92,,
20.135,-2.22,-1.92,-1.95,,
20.15,-1.74,-1.95,-1.93,,
20.164,-1.54,-1.93,-1.89,,
20.179,-2.12,-1.88,-1.91,,
20.193,-2.34,-1.9,-1.94,,
20.208,-1.63,-1.94,-1.91,,
20.223,-1.5,-1.91,-1.87,,
20.237,-2.33,-1.87,-1.91,,
20.251,-2.2,-1.91,-1.94,,
20.266,-1.62,-1.94,-1.91,,
20.281,-1.62,-1.91,-1.88,,
20.295,-2.32,-1.88,-1.92,,
20.31,-2.3,-1.92,-1.96,,
20.325,-1.88,-1.96,-1.95,,
20.339,-1.45,-1.95,-1.9,,
20.354,-1.95,-1.89,-1.9,,
20.368,-2.22,-1.89,-1.92,,
20.383,-1.75,-1.93,-1.91,,
20.398,-1.81,-1.92,-1.91,,
20.413,-2.14,-1.9,-1.92,,
20.427,-2.03,-1.92,-1.93,,
20.443,-1.76,-1.93,-1.91,,
20.457,-1.88,-1.92,-1.91,,
20.473,-2.14,-1.91,-1.93,,
20.488,-2.08,-1.93,-1.94,,
20.503,-1.75,-1.95,-1.93,,
20.517,-1.76,-1.93,-1.91,,
20.532,-2.24,-1.9,-1.94,,
20.547,-2.05,-1.94,-1.95,,
20.562,-1.8,-1.95,-1.94,,
20.577,-1.92,-1.93,-1.93,,
20.592,-2.02,-1.93,-1.94,,
20.607,-1.86,-1.94,-1.93,,
20.622,-1.81,-1.93,-1.92,,
20.637,-2.03,-1.92,-1.93,,
20.653,-2.02,-1.93,-1.94,,
20.667,-1.95,-1.94,-1.94,,
20.683,-1.68,-1.94,-1.91,,
20.698,-1.84,-1.91,-1.9,,
20.713,-2.14,-1.9,-1.92,,
20.728,-2.1,-1.92,-1.94,,
20.743,-1.9,-1.94,-1.94,,
20.758,-1.87,-1.93,-1.93,,
20.773,-1.87,-1.92,-1.92,,
20.788,-1.87,-1.92,-1.91,,
20.803,-2.01,-1.91,-1.92,,
20.818,-2.02,-1.92,-1.93,,
20.833,-2,-1.93,-1.93,,
20.848,-1.95,-1.93,-1.94,,
20.863,-1.85,-1.94,-1.93,,
20.878,-1.98,-1.92,-1.93,,
20.893,-1.97,-1.93,-1.93,,
20.908,-2,-1.93,-1.94,,
20.923,-1.93,-1.94,-1.93,,
20.938,-1.93,-1.93,-1.93,,
20.953,-1.93,-1.93,-1.93,,
20.968,-1.94,-1.93,-1.93,,
20.983,-2,-1.93,-1.94,,
20.999,-1.96,-1.94,-1.94,,
21.014,-1.88,-1.94,-1.93,,
21.029,-1.92,-1.93,-1.93,,
21.044,-1.95,-1.93,-1.93,,
21.059,-1.97,-1.93,-1.93,,
21.074,-2.07,-1.93,-1.95,,
21.089,-2,-1.94,-1.95,,
21.104,-1.93,-1.95,-1.95,,
21.119,-1.84,-1.94,-1.93,,
21.135,-1.84,-1.93,-1.92,,
21.149,-1.99,-1.92,-1.93,,
21.164,-2.04,-1.93,-1.94,,
21.179,-2.01,-1.94,-1.94,,
21.193,-1.95,-1.94,-1.94,,
21.208,-1.89,-1.94,-1.94,,
21.223,-1.87,-1.94,-1.93,,
21.237,-1.97,-1.93,-1.93,,
21.252,-2.05,-1.93,-1.94,,
21.266,-2.03,-1.94,-1.95,,
21.281,-1.98,-1.95,-1.95,,
21.295,-1.93,-1.95,-1.95,,
21.31,-1.98,-1.94,-1.95,,
21.325,-2.03,-1.95,-1.95,,
21.339,-1.97,-1.95,-1.96,,
21.354,-1.9,-1.96,-1.95,,
21.368,-1.97,-1.95,-1.95,,
21.383,-1.92,-1.95,-1.94,,
21.398,-1.89,-1.94,-1.94,,
21.412,-1.95,-1.94,-1.94,,
21.427,-2.02,-1.94,-1.94,,
21.442,-2.02,-1.94,-1.95,,
21.457,-1.95,-1.95,-1.95,,
21.473,-1.94,-1.95,-1.95,,
21.489,-2.02,-1.94,-1.95,,
21.503,-2.01,-1.95,-1.96,,
21.518,-1.92,-1.95,-1.95,,
21.533,-1.88,-1.95,-1.94,,
21.549,-1.97,-1.94,-1.94,,
21.564,-1.98,-1.94,-1.95,,
21.579,-1.98,-1.94,-1.95,,
21.595,-1.92,-1.95,-1.94,,
21.61,-1.94,-1.94,-1.94,,
21.624,-2.07,-1.94,-1.95,,
21.639,-1.86,-1.96,-1.95,,
21.654,-1.93,-1.95,-1.94,,
21.668,-1.97,-1.94,-1.94,,
21.683,-1.94,-1.94,-1.94,,
21.698,-1.88,-1.94,-1.94,,
21.713,-1.88,-1.94,-1.93,,
21.728,-1.89,-1.93,-1.92,,
21.743,-1.95,-1.92,-1.92,,
21.758,-1.89,-1.92,-1.92,,
21.773,-1.98,-1.92,-1.93,,
21.788,-2.11,-1.92,-1.94,,
21.803,-2.01,-1.94,-1.95,,
21.819,-1.93,-1.95,-1.95,,
21.835,-1.97,-1.94,-1.95,,
21.85,-2.02,-1.94,-1.95,,
21.865,-1.98,-1.95,-1.95,,
21.88,-1.96,-1.95,-1.95,,
21.895,-1.93,-1.95,-1.95,,
21.91,-1.95,-1.95,-1.95,,
21.924,-1.92,-1.95,-1.94,,
21.939,-1.91,-1.94,-1.94,,
21.954,-1.99,-1.94,-1.94,,
21.969,-2.05,-1.94,-1.95,,
21.984,-1.97,-1.95,-1.95,,
21.998,-1.94,-1.95,-1.95,,
22.013,-2,-1.95,-1.95,,
22.029,-1.91,-1.95,-1.95,,
22.043,-1.92,-1.95,-1.94,,
22.058,-1.93,-1.94,-1.94,,
22.073,-1.91,-1.94,-1.94,,
22.088,-2.13,-1.94,-1.96,,
22.103,-2.27,-1.96,-1.99,,
22.118,-2.05,-2,-2.01,,
22.132,-1.65,-2.04,-2,,
22.147,-1.39,-2.02,-1.96,,
22.162,-2.98,-1.94,-2.05,,
22.177,-1.43,-2.06,-1.99,,
22.191,0.7,-2.06,-1.78,,
22.206,-1.34,-1.79,-1.75,,
22.22,-4.91,-1.63,-1.96,,
22.235,-1.92,-1.89,-1.9,,
22.249,-0.91,-1.95,-1.85,,
22.263,-4.65,-1.89,-2.17,,
22.278,-6.85,-2.27,-2.73,,
22.293,-3.54,-2.99,-3.04,,
22.308,5.68,-3.64,-2.71,,
22.322,8.57,-3.17,-2,,
22.337,-0.72,-1.97,-1.85,,
22.351,-1.56,-1.8,-1.77,,
22.366,-0.41,-1.75,-1.61,,
22.38,-0.12,-1.61,-1.46,,
22.395,-0.43,-1.45,-1.35,,
22.409,-0.66,-1.32,-1.25,,
22.424,-0.8,-1.22,-1.17,,
22.439,-1.17,-1.17,-1.17,,
22.454,-0.32,-1.18,-1.09,,
22.468,-0.01,-1.12,-1.01,,
22.483,-0.45,-1.01,-0.95,,
22.498,-0.61,-0.94,-0.91,,
22.512,-0.65,-0.9,-0.87,,
22.527,-0.8,-0.86,-0.86,,
22.542,-0.69,-0.85,-0.83,,
22.557,-0.46,-0.83,-0.8,,
22.572,-0.53,-0.79,-0.77,,
22.587,-0.62,-0.75,-0.74,,
22.602,-0.27,-0.73,-0.68,,
22.616,-0.1,-0.67,-0.61,,
22.632,-1.3,-0.58,-0.65,,
22.647,-0.65,-0.65,-0.65,,
22.662,-0.68,-0.65,-0.65,,
22.676,-0.5,-0.66,-0.64,,
22.692,-0.74,-0.64,-0.65,,
22.706,-0.58,-0.65,-0.64,,
22.723,-0.56,-0.64,-0.63,,
22.738,-0.69,-0.63,-0.64,,
22.754,-0.61,-0.64,-0.63,,
22.768,-0.63,-0.63,-0.63,,
22.783,-0.52,-0.63,-0.62,,
22.798,-0.65,-0.62,-0.62,,
22.813,-0.71,-0.62,-0.63,,
22.828,-0.64,-0.63,-0.63,,
22.842,-0.58,-0.63,-0.62,,
22.858,-0.58,-0.62,-0.62,,
22.872,-0.67,-0.61,-0.62,,
22.887,-0.68,-0.62,-0.62,,
22.902,-0.67,-0.62,-0.63,,
22.917,-0.71,-0.63,-0.63,,
22.932,-0.73,-0.63,-0.64,,
22.948,-0.56,-0.64,-0.63,,
22.963,-0.55,-0.63,-0.62,,
22.978,-0.64,-0.62,-0.62,,
22.992,-0.66,-0.62,-0.63,,
23.008,-0.57,-0.62,-0.62,,
23.022,-0.55,-0.62,-0.61,,
23.037,-0.75,-0.61,-0.62,,
23.052,-0.79,-0.62,-0.64,,
23.067,-0.64,-0.64,-0.64,,
23.082,-0.64,-0.64,-0.64,,
23.097,-0.6,-0.64,-0.63,,
23.112,-0.76,-0.63,-0.64,,
23.127,-0.63,-0.64,-0.64,,
23.142,-0.68,-0.64,-0.64,,
23.157,-0.78,-0.64,-0.65,,
23.172,-0.79,-0.65,-0.67,,
23.186,-0.55,-0.67,-0.65,,
23.201,-0.51,-0.65,-0.64,,
23.215,-0.78,-0.64,-0.65,,
23.23,-0.83,-0.65,-0.67,,
23.245,-0.69,-0.67,-0.67,,
23.259,-0.6,-0.67,-0.66,,
23.273,-0.69,-0.66,-0.66,,
23.289,-0.67,-0.66,-0.66,,
23.303,-0.56,-0.66,-0.65,,
23.318,-0.55,-0.65,-0.64,,
23.332,-0.74,-0.64,-0.65,,
23.347,-0.73,-0.65,-0.66,,
23.362,-0.56,-0.66,-0.65,,
23.376,-0.6,-0.65,-0.64,,
23.391,-0.72,-0.64,-0.65,,
23.405,-0.71,-0.65,-0.65,,
23.42,-0.57,-0.65,-0.64,,
23.435,-0.57,-0.64,-0.63,,
23.45,-0.71,-0.63,-0.64,,
23.465,-0.72,-0.64,-0.65,,
23.48,-0.6,-0.65,-0.64,,
23.495,-0.64,-0.64,-0.64,,
23.511,-0.68,-0.64,-0.64,,
23.526,-0.64,-0.64,-0.64,,
23.541,-0.61,-0.64,-0.64,,
23.556,-0.66,-0.64,-0.64,,
23.571,-0.71,-0.64,-0.64,,
23.586,-0.7,-0.64,-0.65,,
23.601,-0.62,-0.65,-0.65,,
23.615,-0.62,-0.64,-0.64,,
23.63,-0.7,-0.64,-0.65,,
23.645,-0.63,-0.64,-0.64,,
23.66,-0.63,-0.64,-0.64,,
23.674,-0.69,-0.64,-0.64,,
23.689,-0.72,-0.64,-0.65,,
23.704,-0.59,-0.65,-0.64,,
23.718,-0.62,-0.64,-0.64,,
23.733,-0.7,-0.64,-0.64,,
23.748,-0.68,-0.64,-0.64,,
23.764,-0.63,-0.64,-0.64,,
23.779,-0.69,-0.64,-0.65,,
23.794,-0.73,-0.64,-0.65,,
23.808,-0.53,-0.65,-0.64,,
23.823,-0.51,-0.64,-0.63,,
23.838,-0.68,-0.62,-0.63,,
23.852,-0.69,-0.63,-0.63,,
23.867,-0.59,-0.63,-0.63,,
23.882,-0.55,-0.63,-0.62,,
23.897,-0.66,-0.62,-0.62,,
23.912,-0.7,-0.62,-0.63,,
23.927,-0.68,-0.63,-0.63,,
23.942,-0.7,-0.63,-0.64,,
23.957,-0.65,-0.64,-0.64,,
23.972,-0.63,-0.64,-0.64,,
23.987,-0.61,-0.63,-0.63,,
24.002,-0.57,-0.63,-0.62,,
24.017,-0.69,-0.62,-0.63,,
24.032,-0.7,-0.63,-0.64,,
24.047,-0.62,-0.63,-0.63,,
24.062,-0.65,-0.63,-0.63,,
24.077,-0.61,-0.63,-0.63,,
24.092,-0.59,-0.63,-0.63,,
24.107,-0.69,-0.63,-0.63,,
24.122,-0.69,-0.63,-0.63,,
24.137,-0.64,-0.63,-0.63,,
24.153,-0.61,-0.63,-0.63,,
24.168,-0.61,-0.63,-0.63,,
24.183,-0.68,-0.62,-0.63,,
24.198,-0.68,-0.63,-0.63,,
24.212,-0.68,-0.63,-0.64,,
24.227,-0.64,-0.64,-0.64,,
24.241,-0.66,-0.63,-0.64,,
24.255,-0.69,-0.64,-0.64,,
24.27,-0.64,-0.64,-0.64,,
24.285,-0.67,-0.64,-0.64,,
24.299,-0.7,-0.64,-0.64,,
24.314,-0.67,-0.64,-0.65,,
24.328,-0.69,-0.65,-0.65,,
24.343,-0.69,-0.65,-0.65,,
24.357,-0.69,-0.65,-0.66,,
24.372,-0.74,-0.65,-0.66,,
24.387,-0.75,-0.66,-0.67,,
24.401,-0.69,-0.67,-0.67,,
24.416,-0.67,-0.67,-0.67,,
24.43,-0.56,-0.67,-0.66,,
24.444,-0.63,-0.65,-0.65,,
24.46,-0.62,-0.65,-0.65,,
24.474,-0.65,-0.65,-0.65,,
24.489,-0.7,-0.65,-0.65,,
24.504,-0.65,-0.65,-0.65,,
24.519,-0.61,-0.65,-0.65,,
24.534,-0.63,-0.64,-0.64,,
24.549,-0.72,-0.64,-0.65,,
24.564,-0.73,-0.65,-0.65,,
24.579,-0.74,-0.65,-0.66,,
24.594,-0.65,-0.66,-0.66,,
24.608,-0.56,-0.66,-0.65,,
24.624,-0.65,-0.65,-0.65,,
24.638,-0.63,-0.65,-0.64,,
24.653,-0.63,-0.64,-0.64,,
24.668,-0.66,-0.64,-0.64,,
24.683,-0.65,-0.64,-0.64,,
24.698,-0.72,-0.64,-0.65,,
24.713,-0.69,-0.65,-0.65,,
24.728,-0.66,-0.65,-0.65,,
24.743,-0.64,-0.65,-0.65,,
24.758,-0.66,-0.65,-0.65,,
24.773,-0.68,-0.65,-0.65,,
24.788,-0.62,-0.65,-0.65,,
24.803,-0.64,-0.64,-0.64,,
24.818,-0.61,-0.64,-0.64,,
24.833,-0.64,-0.64,-0.64,,
24.848,-0.6,-0.64,-0.63,,
24.863,-0.64,-0.63,-0.63,,
24.877,-0.68,-0.63,-0.64,,
24.892,-0.63,-0.63,-0.63,,
24.907,-0.68,-0.63,-0.64,,
24.922,-0.67,-0.64,-0.64,,
24.936,-0.61,-0.64,-0.64,,
24.952,-0.57,-0.63,-0.63,,
24.966,-0.63,-0.63,-0.63,,
24.981,-0.61,-0.62,-0.62,,
24.996,-0.58,-0.62,-0.62,,
25.011,-0.61,-0.62,-0.62,,
25.026,-0.6,-0.61,-0.61,,
25.041,-0.63,-0.61,-0.61,,
25.055,-0.66,-0.61,-0.62,,
25.07,-0.64,-0.62,-0.62,,
25.085,-0.64,-0.62,-0.62,,
25.1,-0.68,-0.62,-0.63,,
25.117,-0.61,-0.62,-0.62,,
25.132,-0.59,-0.62,-0.62,,
25.147,-0.66,-0.62,-0.62,,
25.162,-0.65,-0.62,-0.62,,
25.177,-0.59,-0.62,-0.62,,
25.191,-0.61,-0.62,-0.62,,
25.206,-0.65,-0.61,-0.62,,
25.22,-0.63,-0.62,-0.62,,
25.235,-0.6,-0.62,-0.61,,
25.25,-0.65,-0.61,-0.62,,
25.265,-0.7,-0.61,-0.62,,
25.279,-0.64,-0.62,-0.62,,
25.294,-0.59,-0.62,-0.62,,
25.308,-0.63,-0.62,-0.62,,
25.323,-0.7,-0.62,-0.62,,
25.338,-0.66,-0.62,-0.63,,
25.352,-0.63,-0.63,-0.63,,
25.367,-0.67,-0.63,-0.63,,
25.381,-0.66,-0.63,-0.63,,
25.396,-0.69,-0.63,-0.64,,
25.411,-0.7,-0.64,-0.64,,
25.425,-0.74,-0.64,-0.65,,
25.44,-0.65,-0.65,-0.65,,
25.455,-0.55,-0.65,-0.64,,
25.47,-0.58,-0.64,-0.63,,
25.485,-0.65,-0.63,-0.63,,
25.499,-0.69,-0.63,-0.64,,
25.514,-0.65,-0.64,-0.64,,
25.529,-0.63,-0.64,-0.64,,
25.544,-0.6,-0.63,-0.63,,
25.559,-0.63,-0.63,-0.63,,
25.574,-0.66,-0.63,-0.63,,
25.589,-0.65,-0.63,-0.63,,
25.604,-0.66,-0.63,-0.63,,
25.619,-0.64,-0.63,-0.63,,
25.634,-0.63,-0.63,-0.63,,
25.649,-0.64,-0.63,-0.63,,
25.664,-0.67,-0.63,-0.63,,
25.679,-0.71,-0.63,-0.64,,
25.694,-0.6,-0.64,-0.63,,
25.709,-0.61,-0.63,-0.63,,
25.724,-0.63,-0.63,-0.63,,
25.739,-0.67,-0.63,-0.63,,
25.754,-0.74,-0.63,-0.64,,
25.769,-0.71,-0.64,-0.64,,
25.784,-0.59,-0.64,-0.64,,
25.799,-0.56,-0.64,-0.63,,
25.814,-0.65,-0.63,-0.63,,
25.829,-0.69,-0.63,-0.63,,
25.844,-0.7,-0.63,-0.64,,
25.859,-0.66,-0.64,-0.64,,
25.873,-0.63,-0.64,-0.64,,
25.888,-0.63,-0.64,-0.64,,
25.906,-0.62,-0.63,-0.63,,
25.92,-0.62,-0.63,-0.63,,
25.935,-0.57,-0.63,-0.62,,
25.95,-0.56,-0.62,-0.61,,
25.965,-1.08,-0.61,-0.65,,
25.98,-0.72,-0.66,-0.66,,
25.995,-0.32,-0.67,-0.63,,
26.01,-0.51,-0.63,-0.62,,
26.024,-0.82,-0.61,-0.63,,
26.039,-0.84,-0.63,-0.65,,
26.054,-0.41,-0.65,-0.62,,
26.069,-0.52,-0.62,-0.61,,
26.084,-0.83,-0.61,-0.63,,
26.099,-0.86,-0.63,-0.65,,
26.114,-0.52,-0.65,-0.64,,
26.129,-0.62,-0.64,-0.64,,
26.144,-0.78,-0.63,-0.65,,
26.159,-0.69,-0.65,-0.65,,
26.174,-0.59,-0.65,-0.64,,
26.188,-0.59,-0.64,-0.64,,
26.203,-0.7,-0.64,-0.64,,
26.218,-0.67,-0.64,-0.65,,
26.233,-0.62,-0.65,-0.64,,
26.247,-0.61,-0.64,-0.64,,
26.262,-0.76,-0.64,-0.65,,
26.277,-0.8,-0.65,-0.66,,
26.291,-0.68,-0.66,-0.66,,
26.306,-0.69,-0.66,-0.66,,
26.32,-0.7,-0.66,-0.67,,
26.335,-0.66,-0.66,-0.66,,
26.349,-0.63,-0.66,-0.66,,
26.364,-0.68,-0.66,-0.66,,
26.378,-0.66,-0.66,-0.66,,
26.393,-0.66,-0.66,-0.66,,
26.407,-0.66,-0.66,-0.66,,
26.422,-0.65,-0.66,-0.66,,
26.436,-0.59,-0.65,-0.65,,
26.451,-0.65,-0.65,-0.65,,
26.466,-0.75,-0.64,-0.65,,
26.481,-0.72,-0.65,-0.66,,
26.496,-0.61,-0.66,-0.65,,
26.511,-0.61,-0.65,-0.65,,
26.526,-0.63,-0.65,-0.64,,
26.54,-0.63,-0.64,-0.64,,
26.556,-0.72,-0.64,-0.65,,
26.57,-0.74,-0.65,-0.66,,
26.585,-0.74,-0.66,-0.66,,
26.6,-0.65,-0.66,-0.66,,
26.615,-0.62,-0.66,-0.66,,
26.63,-0.7,-0.65,-0.66,,
26.645,-0.7,-0.66,-0.66,,
26.659,-0.67,-0.66,-0.66,,
26.674,-0.63,-0.66,-0.66,,
26.689,-0.65,-0.65,-0.65,,
26.704,-0.66,-0.65,-0.65,,
26.719,-0.68,-0.65,-0.65,,
26.734,-0.7,-0.65,-0.66,,
26.748,-0.69,-0.66,-0.66,,
26.763,-0.66,-0.66,-0.66,,
26.778,-0.63,-0.66,-0.66,,
26.793,-0.53,-0.65,-0.64,,
26.808,-0.62,-0.64,-0.64,,
26.823,-0.72,-0.64,-0.65,,
26.838,-0.69,-0.64,-0.65,,
26.853,-0.63,-0.65,-0.65,,
26.868,-0.6,-0.64,-0.64,,
26.883,-0.61,-0.64,-0.64,,
26.899,-0.65,-0.63,-0.64,,
26.914,-0.64,-0.64,-0.64,,
26.928,-0.63,-0.64,-0.63,,
26.943,-0.66,-0.63,-0.64,,
26.958,-0.65,-0.64,-0.64,,
26.973,-0.63,-0.64,-0.64,,
26.988,-0.67,-0.64,-0.64,,
27.003,-0.72,-0.64,-0.65,,
27.018,-0.66,-0.64,-0.65,,
27.033,-0.67,-0.64,-0.65,,
27.048,-0.67,-0.64,-0.65,,
27.063,-0.58,-0.65,-0.64,,
27.078,-0.58,-0.64,-0.63,,
27.093,-0.69,-0.63,-0.64,,
27.107,-0.65,-0.64,-0.64,,
27.122,-0.66,-0.64,-0.64,,
27.138,-0.7,-0.64,-0.64,,
27.152,-0.65,-0.64,-0.64,,
27.167,-0.63,-0.64,-0.64,,
27.182,-0.6,-0.64,-0.63,,
27.196,-0.65,-0.63,-0.64,,
27.211,-0.69,-0.63,-0.64,,
27.225,-0.7,-0.64,-0.64,,
27.24,-0.72,-0.64,-0.65,,
27.254,-0.65,-0.65,-0.65,,
27.269,-0.66,-0.65,-0.65,,
27.284,-0.68,-0.65,-0.65,,
27.299,-0.69,-0.65,-0.65,,
27.313,-0.67,-0.65,-0.65,,
27.328,-0.7,-0.65,-0.66,,
27.343,-0.67,-0.65,-0.66,,
27.357,-0.67,-0.65,-0.66,,
27.372,-0.63,-0.65,-0.65,,
27.387,-0.63,-0.65,-0.65,,
27.402,-0.67,-0.64,-0.65,,
27.416,-0.68,-0.65,-0.65,,
27.431,-0.66,-0.65,-0.65,,
27.446,-0.67,-0.65,-0.65,,
27.46,-0.66,-0.65,-0.65,,
27.475,-0.65,-0.65,-0.65,,
27.49,-0.65,-0.65,-0.65,,
27.505,-0.64,-0.65,-0.65,,
27.52,-0.68,-0.64,-0.65,,
27.535,-0.72,-0.65,-0.65,,
27.55,-0.65,-0.65,-0.65,,
27.565,-0.63,-0.65,-0.65,,
27.58,-0.63,-0.65,-0.65,,
27.595,-0.66,-0.64,-0.65,,
27.61,-0.68,-0.64,-0.65,,
27.625,-0.7,-0.65,-0.65,,
27.64,-0.63,-0.65,-0.65,,
27.655,-0.58,-0.65,-0.64,,
27.67,-0.61,-0.64,-0.64,,
27.685,-0.66,-0.63,-0.64,,
27.7,-0.69,-0.63,-0.64,,
27.715,-0.66,-0.64,-0.64,,
27.73,-0.65,-0.64,-0.64,,
27.745,-0.67,-0.64,-0.64,,
27.76,-0.66,-0.64,-0.64,,
27.775,-0.7,-0.64,-0.65,,
27.79,-0.67,-0.64,-0.65,,
27.805,-0.68,-0.64,-0.65,,
27.82,-0.7,-0.65,-0.65,,
27.835,-0.69,-0.65,-0.65,,
27.85,-0.69,-0.65,-0.66,,
27.865,-0.71,-0.65,-0.66,,
27.879,-0.67,-0.66,-0.66,,
27.894,-0.62,-0.66,-0.65,,
27.909,-0.65,-0.65,-0.65,,
27.924,-0.7,-0.65,-0.66,,
27.94,-0.71,-0.65,-0.66,,
27.955,-0.71,-0.66,-0.66,,
27.97,-0.72,-0.66,-0.67,,
27.985,-0.67,-0.67,-0.67,,
28,-0.61,-0.66,-0.66,,
28.014,-0.63,-0.66,-0.65,,
28.029,-0.6,-0.65,-0.65,,
28.044,-0.63,-0.65,-0.65,,
28.059,-0.68,-0.64,-0.65,,
28.074,-0.65,-0.65,-0.65,,
28.089,-0.65,-0.64,-0.64,,
28.104,-0.7,-0.64,-0.65,,
28.119,-0.68,-0.65,-0.65,,
28.134,-0.6,-0.65,-0.65,,
28.149,-0.61,-0.64,-0.64,,
28.164,-0.63,-0.64,-0.64,,
28.179,-0.66,-0.64,-0.64,,
28.196,-0.68,-0.64,-0.64,,
28.21,-0.63,-0.64,-0.64,,
28.225,-0.6,-0.64,-0.64,,
28.24,-0.59,-0.64,-0.63,,
28.254,-0.59,-0.63,-0.63,,
28.269,-0.65,-0.62,-0.63,,
28.283,-0.67,-0.63,-0.63,,
28.298,-0.64,-0.63,-0.63,,
28.312,-0.59,-0.63,-0.63,,
28.327,-0.56,-0.62,-0.62,,
28.341,-0.63,-0.62,-0.62,,
28.356,-0.65,-0.62,-0.62,,
28.37,-0.63,-0.62,-0.62,,
28.385,-0.7,-0.62,-0.63,,
28.399,-0.72,-0.63,-0.64,,
28.414,-0.58,-0.64,-0.63,,
28.429,-0.58,-0.63,-0.63,,
28.443,-0.62,-0.62,-0.62,,
28.458,-0.66,-0.62,-0.62,,
28.473,-0.66,-0.62,-0.63,,
28.487,-0.59,-0.63,-0.62,,
28.502,-0.57,-0.62,-0.62,,
28.517,-0.66,-0.62,-0.62,,
28.532,-0.61,-0.62,-0.62,,
28.547,-0.58,-0.62,-0.61,,
28.562,-0.63,-0.61,-0.61,,
28.577,-0.61,-0.61,-0.61,,
28.592,-0.67,-0.61,-0.62,,
28.607,-0.65,-0.62,-0.62,,
28.621,-0.61,-0.62,-0.62,,
28.636,-0.67,-0.62,-0.62,,
28.651,-0.68,-0.62,-0.63,,
28.666,-0.64,-0.62,-0.63,,
28.681,-0.62,-0.62,-0.62,,
28.696,-0.62,-0.62,-0.62,,
28.711,-0.64,-0.62,-0.62,,
28.726,-0.64,-0.62,-0.62,,
28.741,-0.67,-0.62,-0.63,,
28.756,-0.67,-0.63,-0.63,,
28.771,-0.63,-0.63,-0.63,,
28.786,-0.61,-0.63,-0.63,,
28.801,-0.65,-0.63,-0.63,,
28.816,-0.7,-0.63,-0.63,,
28.831,-0.67,-0.63,-0.64,,
28.846,-0.68,-0.64,-0.64,,
28.861,-0.73,-0.64,-0.65,,
28.876,-0.73,-0.65,-0.66,,
28.892,-0.62,-0.65,-0.65,,
28.907,-0.61,-0.65,-0.64,,
28.922,-0.65,-0.64,-0.64,,
28.937,-0.65,-0.64,-0.64,,
28.951,-0.6,-0.64,-0.64,,
28.967,-0.58,-0.64,-0.63,,
28.982,-0.63,-0.63,-0.63,,
28.996,-0.66,-0.63,-0.63,,
29.011,-0.67,-0.63,-0.63,,
29.026,-0.69,-0.63,-0.64,,
29.041,-0.72,-0.64,-0.65,,
29.056,-0.7,-0.64,-0.65,,
29.071,-0.63,-0.65,-0.65,,
29.086,-0.61,-0.65,-0.64,,
29.101,-0.67,-0.64,-0.64,,
29.116,-0.7,-0.64,-0.65,,
29.131,-0.65,-0.65,-0.65,,
29.145,-0.65,-0.65,-0.65,,
29.16,-0.64,-0.64,-0.64,,
29.175,-0.59,-0.64,-0.64,,
29.19,-0.59,-0.64,-0.63,,
29.204,-0.6,-0.63,-0.63,,
29.219,-0.66,-0.63,-0.63,,
29.234,-0.71,-0.63,-0.64,,
29.248,-0.64,-0.64,-0.64,,
29.262,-0.61,-0.64,-0.63,,
29.277,-0.66,-0.63,-0.63,,
29.292,-0.67,-0.63,-0.64,,
29.306,-0.67,-0.64,-0.64,,
29.321,-0.7,-0.64,-0.64,,
29.336,-0.67,-0.64,-0.64,,
29.35,-0.68,-0.64,-0.65,,
29.365,-0.67,-0.65,-0.65,,
29.379,-0.64,-0.65,-0.65,,
29.394,-0.65,-0.65,-0.65,,
29.408,-0.69,-0.65,-0.65,,
29.422,-0.62,-0.65,-0.65,,
29.437,-0.54,-0.65,-0.64,,
29.451,-0.55,-0.63,-0.63,,
29.466,-0.73,-0.63,-0.64,,
29.48,-0.67,-0.64,-0.64,,
29.496,-0.6,-0.64,-0.63,,
29.512,-0.69,-0.63,-0.64,,
29.527,-0.67,-0.64,-0.64,,
29.542,-0.64,-0.64,-0.64,,
29.557,-0.63,-0.64,-0.64,,
29.572,-0.6,-0.63,-0.63,,
29.587,-0.59,-0.63,-0.63,,
29.602,-0.61,-0.63,-0.62,,
29.616,-0.63,-0.62,-0.62,,
29.631,-0.65,-0.62,-0.62,,
29.646,-0.63,-0.62,-0.62,,
29.661,-0.66,-0.62,-0.63,,
29.676,-0.65,-0.63,-0.63,,
29.691,-0.71,-0.63,-0.64,,
29.706,-0.69,-0.63,-0.64,,
29.721,-0.62,-0.64,-0.64,,
29.736,-0.65,-0.63,-0.64,,
29.751,-0.71,-0.63,-0.64,,
29.766,-0.67,-0.64,-0.64,,
29.781,-0.65,-0.64,-0.64,,
29.796,-0.67,-0.64,-0.64,,
29.811,-0.68,-0.64,-0.65,,
29.825,-0.67,-0.64,-0.65,,
29.84,-0.64,-0.65,-0.65,,
29.855,-0.64,-0.64,-0.64,,
29.87,-0.62,-0.64,-0.64,,
29.885,-0.66,-0.64,-0.64,,
29.901,-0.64,-0.64,-0.64,,
29.916,-0.66,-0.64,-0.64,,
29.931,-0.64,-0.64,-0.64,,
29.946,-0.66,-0.64,-0.64,,
29.961,-0.7,-0.64,-0.64,,
29.976,-0.73,-0.64,-0.65,,
29.991,-0.69,-0.65,-0.65,,
30.007,-0.64,-0.65,-0.65,,
30.022,-0.65,-0.65,-0.65,,
30.037,-0.63,-0.65,-0.65,,
30.053,-0.6,-0.65,-0.64,,
30.068,-0.69,-0.64,-0.65,,
30.083,-0.75,-0.64,-0.65,,
30.098,-0.66,-0.65,-0.65,,
30.113,-0.57,-0.65,-0.64,,
30.128,-0.62,-0.64,-0.64,,
30.143,-0.63,-0.64,-0.64,,
30.158,-0.65,-0.64,-0.64,,
30.173,-0.66,-0.64,-0.64,,
30.188,-0.63,-0.64,-0.64,,
30.203,-0.65,-0.64,-0.64,,
30.217,-0.65,-0.63,-0.64,,
30.232,-0.61,-0.63,-0.63,,
30.246,-0.63,-0.63,-0.63,,
30.261,-0.66,-0.63,-0.63,,
30.275,-0.7,-0.63,-0.64,,
30.29,-0.69,-0.64,-0.64,,
30.305,-0.63,-0.64,-0.64,,
30.32,-0.61,-0.64,-0.63,,
30.334,-0.68,-0.63,-0.64,,
30.351,-0.73,-0.64,-0.65,,
30.366,-0.61,-0.64,-0.64,,
30.38,-0.61,-0.64,-0.64,,
30.395,-0.68,-0.63,-0.64,,
30.41,-0.68,-0.64,-0.64,,
30.424,-0.61,-0.64,-0.64,,
30.439,-0.65,-0.64,-0.64,,
30.453,-0.59,-0.64,-0.63,,
30.467,-0.6,-0.63,-0.63,,
30.482,-0.69,-0.63,-0.63,,
30.497,-0.65,-0.63,-0.63,,
30.511,-0.59,-0.63,-0.63,,
30.526,-0.57,-0.62,-0.62,,
30.541,-0.72,-0.62,-0.63,,
30.556,-0.75,-0.63,-0.64,,
30.571,-0.65,-0.64,-0.64,,
30.586,-0.62,-0.64,-0.64,,
30.601,-0.63,-0.63,-0.63,,
30.616,-0.66,-0.63,-0.63,,
30.631,-0.63,-0.63,-0.63,,
30.646,-0.61,-0.63,-0.63,,
30.661,-0.6,-0.63,-0.63,,
30.676,-0.63,-0.63,-0.63,,
30.691,-0.67,-0.63,-0.63,,
30.706,-0.67,-0.63,-0.63,,
30.721,-0.69,-0.63,-0.64,,
30.736,-0.67,-0.64,-0.64,,
30.751,-0.69,-0.64,-0.64,,
30.766,-0.66,-0.64,-0.64,,
30.781,-0.66,-0.64,-0.64,,
30.796,-0.67,-0.64,-0.64,,
30.811,-0.65,-0.64,-0.64,,
30.826,-0.67,-0.64,-0.64,,
30.84,-0.62,-0.64,-0.64,,
30.855,-0.63,-0.64,-0.64,,
30.871,-0.68,-0.64,-0.64,,
30.887,-0.63,-0.64,-0.64,,
30.901,-0.62,-0.64,-0.64,,
30.916,-0.67,-0.64,-0.64,,
30.931,-0.69,-0.64,-0.64,,
30.946,-0.61,-0.64,-0.64,,
30.961,-0.65,-0.64,-0.64,,
30.976,-0.7,-0.64,-0.64,,
30.991,-0.65,-0.64,-0.64,,
31.006,-0.64,-0.64,-0.64,,
31.02,-0.64,-0.64,-0.64,,
31.035,-0.61,-0.64,-0.63,,
31.05,-0.66,-0.63,-0.64,,
31.065,-0.64,-0.63,-0.64,,
31.08,-0.63,-0.63,-0.63,,
31.095,-0.67,-0.63,-0.64,,
31.11,-0.7,-0.64,-0.64,,
31.125,-0.69,-0.64,-0.65,,
31.139,-0.68,-0.65,-0.65,,
31.154,-0.73,-0.65,-0.66,,
31.169,-0.72,-0.65,-0.66,,
31.184,-0.67,-0.66,-0.66,,
31.198,-0.63,-0.66,-0.66,,
31.213,-0.66,-0.66,-0.66,,
31.228,-0.63,-0.65,-0.65,,
31.242,-0.64,-0.65,-0.65,,
31.257,-0.7,-0.65,-0.65,,
31.272,-0.7,-0.65,-0.65,,
31.287,-0.68,-0.65,-0.66,,
31.301,-0.7,-0.65,-0.66,,
31.316,-0.71,-0.66,-0.66,,
31.33,-0.7,-0.66,-0.66,,
31.345,-0.71,-0.66,-0.67,,
31.359,-0.67,-0.67,-0.67,,
31.374,-0.61,-0.67,-0.66,,
31.389,-0.63,-0.66,-0.66,,
31.403,-0.67,-0.65,-0.66,,
31.418,-0.67,-0.65,-0.66,,
31.433,-0.68,-0.65,-0.66,,
31.447,-0.72,-0.66,-0.66,,
31.462,-0.68,-0.66,-0.66,,
31.477,-0.65,-0.66,-0.66,,
31.492,-0.61,-0.66,-0.65,,
31.507,-0.64,-0.65,-0.65,,
31.523,-0.68,-0.65,-0.65,,
31.538,-0.67,-0.65,-0.65,,
31.552,-0.7,-0.65,-0.66,,
31.567,-0.71,-0.66,-0.66,,
31.582,-0.66,-0.66,-0.66,,
31.597,-0.64,-0.66,-0.66,,
31.611,-0.64,-0.65,-0.65,,
31.627,-0.61,-0.65,-0.65,,
31.642,-0.6,-0.65,-0.64,,
31.657,-0.6,-0.64,-0.64,,
31.671,-0.63,-0.63,-0.63,,
31.686,-0.68,-0.63,-0.64,,
31.702,-0.7,-0.63,-0.64,,
31.716,-0.66,-0.64,-0.64,,
31.732,-0.63,-0.64,-0.64,,
31.747,-0.68,-0.64,-0.64,,
31.761,-0.7,-0.64,-0.65,,
31.776,-0.73,-0.65,-0.65,,
31.791,-0.72,-0.65,-0.66,,
31.806,-0.63,-0.66,-0.66,,
31.821,-0.59,-0.65,-0.65,,
31.836,-0.65,-0.65,-0.65,,
31.851,-0.69,-0.65,-0.65,,
31.866,-0.66,-0.65,-0.65,,
31.881,-0.67,-0.65,-0.65,,
31.895,-0.63,-0.65,-0.65,,
31.91,-0.63,-0.65,-0.65,,
31.925,-0.66,-0.64,-0.65,,
31.94,-0.66,-0.64,-0.65,,
31.955,-0.63,-0.64,-0.64,,
31.97,-0.59,-0.64,-0.64,,
31.985,-0.66,-0.63,-0.64,,
32,-0.67,-0.64,-0.64,,
32.015,-0.64,-0.64,-0.64,,
32.03,-0.62,-0.64,-0.63,,
32.044,-0.65,-0.63,-0.63,,
32.059,-0.65,-0.63,-0.63,,
32.073,-0.6,-0.63,-0.63,,
32.088,-0.63,-0.63,-0.63,,
32.103,-0.71,-0.63,-0.64,,
32.118,-0.71,-0.63,-0.64,,
32.133,-0.59,-0.64,-0.63,,
32.148,-0.57,-0.63,-0.63,,
32.163,-0.65,-0.63,-0.63,,
32.178,-0.65,-0.63,-0.63,,
32.193,-0.61,-0.63,-0.63,,
32.208,-0.6,-0.62,-0.62,,
32.223,-0.61,-0.62,-0.62,,
32.237,-0.65,-0.62,-0.62,,
32.252,-0.65,-0.62,-0.63,,
32.267,-0.61,-0.62,-0.62,,
32.281,-0.65,-0.62,-0.62,,
32.296,-0.67,-0.62,-0.63,,
32.31,-0.71,-0.63,-0.63,,
32.325,-0.65,-0.63,-0.64,,
32.339,-0.64,-0.63,-0.63,,
32.354,-0.66,-0.63,-0.64,,
32.369,-0.64,-0.63,-0.63,,
32.383,-0.63,-0.63,-0.63,,
32.398,-0.67,-0.63,-0.63,,
32.412,-0.63,-0.63,-0.63,,
32.427,-0.63,-0.63,-0.63,,
32.442,-0.7,-0.63,-0.64,,
32.456,-0.71,-0.64,-0.64,,
32.471,-0.64,-0.64,-0.64,,
32.486,-0.64,-0.64,-0.64,,
32.501,-0.65,-0.64,-0.64,,
32.516,-0.69,-0.64,-0.64,,
32.53,-0.69,-0.64,-0.65,,
32.545,-0.64,-0.64,-0.64,,
32.562,-0.67,-0.64,-0.65,,
32.577,-0.69,-0.64,-0.65,,
32.591,-0.7,-0.65,-0.65,,
32.606,-0.66,-0.65,-0.65,,
32.621,-0.65,-0.65,-0.65,,
32.636,-0.69,-0.65,-0.65,,
32.65,-0.72,-0.65,-0.66,,
32.665,-0.7,-0.66,-0.66,,
32.68,-0.6,-0.66,-0.65,,
32.695,-0.6,-0.65,-0.65,,
32.71,-0.69,-0.65,-0.65,,
32.724,-0.69,-0.65,-0.65,,
32.739,-0.65,-0.65,-0.65,,
32.754,-0.66,-0.65,-0.65,,
32.769,-0.62,-0.65,-0.65,,
32.784,-0.64,-0.64,-0.64,,
32.799,-0.69,-0.64,-0.65,,
32.814,-0.68,-0.64,-0.65,,
32.829,-0.65,-0.65,-0.65,,
32.844,-0.63,-0.65,-0.64,,
32.858,-0.67,-0.64,-0.65,,
32.874,-0.71,-0.64,-0.65,,
32.89,-0.69,-0.65,-0.65,,
32.905,-0.61,-0.65,-0.65,,
32.92,-0.61,-0.65,-0.64,,
32.934,-0.69,-0.64,-0.64,,
32.949,-0.72,-0.64,-0.65,,
32.964,-0.72,-0.65,-0.66,,
32.979,-0.68,-0.66,-0.66,,
32.994,-0.59,-0.66,-0.65,,
33.009,-0.61,-0.65,-0.64,,
33.024,-0.69,-0.64,-0.65,,
33.039,-0.7,-0.65,-0.65,,
33.053,-0.72,-0.65,-0.66,,
33.068,-0.74,-0.66,-0.66,,
33.083,-0.71,-0.66,-0.67,,
33.098,-0.65,-0.66,-0.66,,
33.113,-0.63,-0.66,-0.66,,
33.127,-0.65,-0.66,-0.66,,
33.142,-0.66,-0.65,-0.66,,
33.157,-0.62,-0.65,-0.65,,
33.172,-0.62,-0.65,-0.65,,
33.187,-0.66,-0.64,-0.65,,
33.202,-0.65,-0.64,-0.65,,
33.217,-0.58,-0.64,-0.64,,
33.231,-0.65,-0.64,-0.64,,
33.246,-0.67,-0.64,-0.64,,
33.261,-0.62,-0.64,-0.64,,
33.275,-0.64,-0.64,-0.64,,
33.29,-0.61,-0.64,-0.63,,
33.304,-0.59,-0.63,-0.63,,
33.319,-0.62,-0.63,-0.63,,
33.334,-0.67,-0.62,-0.63,,
33.349,-0.77,-0.63,-0.64,,
33.363,-0.79,-0.64,-0.66,,
33.378,-0.64,-0.65,-0.65,,
33.392,-0.6,-0.65,-0.65,,
33.407,-0.63,-0.64,-0.64,,
33.421,-0.71,-0.64,-0.65,,
33.436,-0.66,-0.65,-0.65,,
33.451,-0.61,-0.65,-0.64,,
33.469,-0.61,-0.64,-0.64,,
33.484,-0.63,-0.64,-0.64,,
33.499,-0.72,-0.64,-0.64,,
33.513,-0.71,-0.64,-0.65,,
33.528,-0.64,-0.65,-0.65,,
33.543,-0.64,-0.65,-0.64,,
33.558,-0.6,-0.64,-0.64,,
33.573,-0.61,-0.64,-0.64,,
33.587,-0.65,-0.63,-0.64,,
33.602,-0.65,-0.63,-0.63,,
33.617,-0.72,-0.63,-0.64,,
33.632,-0.67,-0.64,-0.64,,
33.646,-0.61,-0.64,-0.64,,
33.661,-0.64,-0.64,-0.64,,
33.676,-0.68,-0.64,-0.64,,
33.691,-0.66,-0.64,-0.64,,
33.706,-0.66,-0.64,-0.64,,
33.721,-0.71,-0.64,-0.65,,
33.736,-0.65,-0.65,-0.65,,
33.751,-0.62,-0.65,-0.64,,
33.766,-0.61,-0.64,-0.64,,
33.781,-0.59,-0.64,-0.63,,
33.796,-0.68,-0.63,-0.64,,
33.811,-0.7,-0.64,-0.64,,
33.825,-0.72,-0.64,-0.65,,
33.84,-0.7,-0.65,-0.65,,
33.855,-0.66,-0.65,-0.65,,
33.87,-0.65,-0.65,-0.65,,
33.885,-0.6,-0.65,-0.64,,
33.9,-0.61,-0.64,-0.64,,
33.915,-0.66,-0.64,-0.64,,
33.929,-0.69,-0.64,-0.64,,
33.944,-0.65,-0.64,-0.64,,
33.959,-0.66,-0.64,-0.64,,
33.974,-0.68,-0.64,-0.65,,
33.989,-0.63,-0.65,-0.64,,
34.004,-0.65,-0.64,-0.64,,
34.019,-0.65,-0.64,-0.64,,
34.034,-0.64,-0.64,-0.64,,
34.049,-0.66,-0.64,-0.64,,
34.063,-0.67,-0.64,-0.65,,
34.079,-0.65,-0.64,-0.64,,
34.093,-0.68,-0.64,-0.65,,
34.109,-0.7,-0.65,-0.65,,
34.124,-0.7,-0.65,-0.65,,
34.139,-0.67,-0.65,-0.65,,
34.154,-0.67,-0.65,-0.65,,
34.169,-0.64,-0.65,-0.65,,
34.183,-0.62,-0.65,-0.65,,
34.198,-0.65,-0.65,-0.65,,
34.214,-0.63,-0.64,-0.64,,
34.229,-0.67,-0.64,-0.64,,
34.243,-0.64,-0.64,-0.64,,
34.258,-0.7,-0.64,-0.65,,
34.272,-0.7,-0.65,-0.65,,
34.287,-0.72,-0.65,-0.66,,
34.302,-0.66,-0.66,-0.66,,
34.316,-0.63,-0.66,-0.65,,
34.33,-0.67,-0.65,-0.65,,
34.345,-0.69,-0.65,-0.65,,
34.359,-0.69,-0.65,-0.66,,
34.374,-0.73,-0.65,-0.66,,
34.389,-0.71,-0.66,-0.67,,
34.403,-0.68,-0.66,-0.67,,
34.418,-0.68,-0.66,-0.67,,
34.433,-0.71,-0.66,-0.67,,
34.447,-0.6,-0.67,-0.66,,
34.462,-0.63,-0.66,-0.66,,
34.477,-0.67,-0.65,-0.66,,
34.492,-0.65,-0.65,-0.65,,
34.507,-0.64,-0.65,-0.65,,
34.522,-0.66,-0.65,-0.65,,
34.537,-0.67,-0.65,-0.65,,
34.551,-0.68,-0.65,-0.65,,
34.566,-0.67,-0.65,-0.65,,
34.581,-0.68,-0.65,-0.66,,
34.595,-0.61,-0.65,-0.65,,
34.61,-0.61,-0.65,-0.65,,
34.625,-0.64,-0.64,-0.64,,
34.64,-0.68,-0.64,-0.65,,
34.654,-0.66,-0.64,-0.64,,
34.669,-0.67,-0.64,-0.65,,
34.684,-0.67,-0.65,-0.65,,
34.699,-0.66,-0.65,-0.65,,
34.715,-0.68,-0.65,-0.65,,
34.73,-0.69,-0.65,-0.65,,
34.745,-0.71,-0.65,-0.66,,
34.76,-0.65,-0.66,-0.66,,
34.775,-0.67,-0.66,-0.66,,
34.79,-0.7,-0.66,-0.66,,
34.805,-0.65,-0.66,-0.66,,
34.82,-0.63,-0.66,-0.66,,
34.835,-0.73,-0.66,-0.66,,
34.849,-0.7,-0.66,-0.67,,
34.864,-0.65,-0.67,-0.66,,
34.879,-0.66,-0.66,-0.66,,
34.894,-0.65,-0.66,-0.66,,
34.909,-0.67,-0.66,-0.66,,
34.923,-0.63,-0.66,-0.66,,
34.938,-0.61,-0.66,-0.65,,
34.953,-0.67,-0.65,-0.65,,
34.968,-0.71,-0.65,-0.66,,
34.983,-0.65,-0.66,-0.66,,
34.998,-0.65,-0.66,-0.66,,
35.013,-0.67,-0.65,-0.66,,
35.028,-0.66,-0.66,-0.66,,
35.043,-0.65,-0.66,-0.66,,
35.058,-0.68,-0.66,-0.66,,
35.073,-0.69,-0.66,-0.66,,
35.088,-0.65,-0.66,-0.66,,
35.103,-0.67,-0.65,-0.66,,
35.118,-0.67,-0.65,-0.66,,
35.134,-0.65,-0.66,-0.66,,
35.148,-0.65,-0.65,-0.65,,
35.163,-0.63,-0.65,-0.65,,
35.178,-0.68,-0.65,-0.65,,
35.193,-0.65,-0.65,-0.65,,
35.208,-0.61,-0.65,-0.64,,
35.223,-0.65,-0.64,-0.64,,
35.239,-0.69,-0.64,-0.65,,
35.253,-0.68,-0.65,-0.65,,
35.267,-0.66,-0.65,-0.65,,
35.282,-0.67,-0.65,-0.65,,
35.296,-0.65,-0.65,-0.65,,
35.311,-0.63,-0.65,-0.64,,
35.326,-0.61,-0.64,-0.64,,
35.34,-0.62,-0.64,-0.64,,
35.355,-0.64,-0.63,-0.64,,
35.37,-0.59,-0.63,-0.63,,
35.384,-0.58,-0.63,-0.62,,
35.399,-0.64,-0.62,-0.62,,
35.413,-0.66,-0.62,-0.62,,
35.427,-0.7,-0.62,-0.63,,
35.442,-0.7,-0.63,-0.64,,
35.456,-0.63,-0.64,-0.64,,
35.471,-0.63,-0.63,-0.63,,
35.485,-0.66,-0.63,-0.63,,
35.5,-0.65,-0.63,-0.64,,
35.515,-0.63,-0.64,-0.64,,
35.53,-0.63,-0.63,-0.63,,
35.545,-0.67,-0.63,-0.64,,
35.56,-0.65,-0.63,-0.64,,
35.575,-0.59,-0.64,-0.63,,
35.59,-0.61,-0.63,-0.63,,
35.605,-0.68,-0.63,-0.63,,
35.62,-0.73,-0.63,-0.64,,
35.635,-0.66,-0.64,-0.64,,
35.649,-0.61,-0.64,-0.64,,
35.664,-0.66,-0.64,-0.64,,
35.679,-0.64,-0.64,-0.64,,
35.694,-0.64,-0.64,-0.64,,
35.709,-0.65,-0.64,-0.64,,
35.723,-0.67,-0.64,-0.64,,
35.738,-0.65,-0.64,-0.64,,
35.753,-0.59,-0.64,-0.63,,
35.768,-0.61,-0.63,-0.63,,
35.784,-0.63,-0.63,-0.63,,
35.799,-0.65,-0.63,-0.63,,
35.814,-0.7,-0.63,-0.63,,
35.83,-0.69,-0.63,-0.64,,
35.844,-0.71,-0.64,-0.64,,
35.859,-0.71,-0.64,-0.65,,
35.874,-0.69,-0.65,-0.65,,
35.889,-0.65,-0.65,-0.65,,
35.903,-0.65,-0.65,-0.65,,
35.918,-0.67,-0.65,-0.65,,
35.933,-0.68,-0.65,-0.66,,
35.948,-0.65,-0.65,-0.65,,
35.963,-0.68,-0.65,-0.65,,
35.978,-0.69,-0.65,-0.66,,
35.993,-0.65,-0.66,-0.66,,
36.008,-0.66,-0.65,-0.66,,
36.023,-0.68,-0.65,-0.66,,
36.038,-0.67,-0.66,-0.66,,
36.054,-0.65,-0.66,-0.66,,
36.068,-0.65,-0.65,-0.65,,
36.084,-0.63,-0.65,-0.65,,
36.098,-0.65,-0.65,-0.65,,
36.114,-0.64,-0.65,-0.65,,
36.129,-0.63,-0.65,-0.64,,
36.145,-0.66,-0.64,-0.64,,
36.16,-0.69,-0.64,-0.65,,
36.175,-0.66,-0.64,-0.65,,
36.189,-0.66,-0.64,-0.64,,
36.204,-0.65,-0.64,-0.64,,
36.219,-0.64,-0.64,-0.64,,
36.233,-0.65,-0.64,-0.64,,
36.248,-0.6,-0.64,-0.64,,
36.263,-0.59,-0.64,-0.63,,
36.278,-0.61,-0.63,-0.63,,
36.293,-0.66,-0.63,-0.63,,
36.307,-0.61,-0.63,-0.63,,
36.322,-0.57,-0.62,-0.62,,
36.336,-0.62,-0.62,-0.62,,
36.35,-0.65,-0.62,-0.62,,
36.365,-0.65,-0.62,-0.62,,
36.38,-0.65,-0.62,-0.62,,
36.394,-0.69,-0.62,-0.63,,
36.409,-0.74,-0.63,-0.64,,
36.423,-0.66,-0.64,-0.64,,
36.438,-0.63,-0.64,-0.64,,
36.453,-0.65,-0.64,-0.64,,
36.468,-0.68,-0.64,-0.64,,
36.482,-0.66,-0.64,-0.64,,
36.496,-0.66,-0.64,-0.64,,
36.511,-0.67,-0.64,-0.64,,
36.526,-0.67,-0.64,-0.64,,
36.54,-0.69,-0.64,-0.65,,
36.555,-0.65,-0.65,-0.65,,
36.57,-0.63,-0.64,-0.64,,
36.585,-0.68,-0.64,-0.65,,
36.6,-0.72,-0.65,-0.65,,
36.615,-0.66,-0.65,-0.65,,
36.63,-0.59,-0.65,-0.64,,
36.645,-0.61,-0.64,-0.64,,
36.66,-0.64,-0.64,-0.64,,
36.675,-0.65,-0.64,-0.64,,
36.69,-0.64,-0.64,-0.64,,
36.705,-0.66,-0.64,-0.64,,
36.719,-0.69,-0.64,-0.64,,
36.734,-0.62,-0.64,-0.64,,
36.749,-0.61,-0.64,-0.63,,
36.764,-0.61,-0.63,-0.63,,
36.779,-0.66,-0.63,-0.63,,
36.794,-0.66,-0.63,-0.63,,
36.809,-0.61,-0.63,-0.63,,
36.824,-0.66,-0.63,-0.63,,
36.839,-0.66,-0.63,-0.63,,
36.858,-0.63,-0.63,-0.63,,
36.872,-0.65,-0.63,-0.63,,
36.887,-0.66,-0.63,-0.63,,
36.902,-0.65,-0.63,-0.63,,
36.917,-0.66,-0.63,-0.64,,
36.932,-0.67,-0.63,-0.64,,
36.947,-0.7,-0.64,-0.64,,
36.962,-0.73,-0.64,-0.65,,
36.977,-0.7,-0.65,-0.65,,
36.993,-0.65,-0.65,-0.65,,
37.008,-0.64,-0.65,-0.65,,
37.023,-0.67,-0.65,-0.65,,
37.038,-0.61,-0.65,-0.65,,
37.053,-0.6,-0.64,-0.64,,
37.067,-0.63,-0.64,-0.64,,
37.082,-0.67,-0.64,-0.64,,
37.097,-0.62,-0.64,-0.64,,
37.112,-0.64,-0.64,-0.64,,
37.127,-0.7,-0.64,-0.64,,
37.142,-0.63,-0.64,-0.64,,
37.157,-0.61,-0.64,-0.63,,
37.171,-0.6,-0.63,-0.63,,
37.186,-0.71,-0.63,-0.64,,
37.201,-0.69,-0.64,-0.64,,
37.216,-0.7,-0.64,-0.65,,
37.23,-0.69,-0.64,-0.65,,
37.245,-0.64,-0.65,-0.65,,
37.26,-0.67,-0.65,-0.65,,
37.274,-0.62,-0.65,-0.65,,
37.289,-0.65,-0.64,-0.64,,
37.303,-0.66,-0.64,-0.64,,
37.318,-0.72,-0.64,-0.65,,
37.332,-0.68,-0.65,-0.65,,
37.347,-0.65,-0.65,-0.65,,
37.362,-0.62,-0.65,-0.65,,
37.378,-0.65,-0.65,-0.65,,
37.393,-0.66,-0.65,-0.65,,
37.407,-0.7,-0.65,-0.65,,
37.422,-0.74,-0.65,-0.66,,
37.436,-0.7,-0.66,-0.66,,
37.451,-0.64,-0.66,-0.66,,
37.465,-0.58,-0.66,-0.65,,
37.48,-0.59,-0.65,-0.64,,
37.494,-0.68,-0.64,-0.64,,
37.509,-0.72,-0.64,-0.65,,
37.523,-0.71,-0.65,-0.65,,
37.538,-0.65,-0.65,-0.65,,
37.553,-0.64,-0.65,-0.65,,
37.568,-0.68,-0.65,-0.65,,
37.583,-0.7,-0.65,-0.66,,
37.598,-0.7,-0.65,-0.66,,
37.613,-0.65,-0.66,-0.66,,
37.628,-0.67,-0.66,-0.66,,
37.643,-0.68,-0.66,-0.66,,
37.658,-0.65,-0.66,-0.66,,
37.673,-0.63,-0.66,-0.65,,
37.688,-0.66,-0.65,-0.65,,
37.703,-0.66,-0.65,-0.65,,
37.718,-0.62,-0.65,-0.65,,
37.733,-0.65,-0.64,-0.65,,
37.748,-0.63,-0.65,-0.64,,
37.763,-0.64,-0.64,-0.64,,
37.777,-0.67,-0.64,-0.64,,
37.792,-0.65,-0.64,-0.64,,
37.807,-0.64,-0.64,-0.64,,
37.822,-0.68,-0.64,-0.64,,
37.837,-0.67,-0.64,-0.64,,
37.853,-0.59,-0.64,-0.64,,
37.868,-0.7,-0.64,-0.64,,
37.883,-0.72,-0.64,-0.65,,
37.898,-0.65,-0.65,-0.65,,
37.913,-0.66,-0.65,-0.65,,
37.928,-0.68,-0.65,-0.65,,
37.943,-0.7,-0.65,-0.65,,
37.958,-0.74,-0.65,-0.66,,
37.973,-0.74,-0.66,-0.67,,
37.987,-0.67,-0.67,-0.67,,
38.002,-0.6,-0.67,-0.66,,
38.017,-0.67,-0.66,-0.66,,
38.032,-0.72,-0.66,-0.67,,
38.047,-0.68,-0.66,-0.67,,
38.063,-0.68,-0.67,-0.67,,
38.078,-0.69,-0.67,-0.67,,
38.093,-0.69,-0.67,-0.67,,
38.108,-0.65,-0.67,-0.67,,
38.122,-0.64,-0.66,-0.66,,
38.137,-0.67,-0.66,-0.66,,
38.152,-0.7,-0.66,-0.66,,
38.167,-0.66,-0.66,-0.66,,
38.182,-0.63,-0.66,-0.66,,
38.197,-0.68,-0.66,-0.66,,
38.212,-0.72,-0.66,-0.66,,
38.227,-0.7,-0.66,-0.67,,
38.242,-0.68,-0.66,-0.67,,
38.257,-0.68,-0.66,-0.67,,
38.272,-0.69,-0.66,-0.67,,
38.287,-0.68,-0.66,-0.67,,
38.302,-0.65,-0.66,-0.66,,
38.316,-0.59,-0.66,-0.65,,
38.331,-0.61,-0.65,-0.65,,
38.346,-0.68,-0.65,-0.65,,
38.36,-0.64,-0.65,-0.65,,
38.375,-0.6,-0.65,-0.64,,
38.389,-0.61,-0.64,-0.64,,
38.404,-0.66,-0.64,-0.64,,
38.418,-0.63,-0.64,-0.64,,
38.433,-0.67,-0.63,-0.64,,
38.447,-0.69,-0.64,-0.64,,
38.462,-0.67,-0.64,-0.64,,
38.477,-0.63,-0.64,-0.64,,
38.492,-0.62,-0.64,-0.64,,
38.506,-0.61,-0.64,-0.63,,
38.521,-0.61,-0.63,-0.63,,
38.535,-0.63,-0.63,-0.63,,
38.55,-0.72,-0.63,-0.64,,
38.565,-0.7,-0.63,-0.64,,
38.58,-0.63,-0.64,-0.64,,
38.595,-0.64,-0.64,-0.64,,
38.609,-0.64,-0.64,-0.64,,
38.624,-0.62,-0.64,-0.64,,
38.638,-0.66,-0.63,-0.64,,
38.653,-0.71,-0.64,-0.64,,
38.668,-0.78,-0.64,-0.65,,
38.684,-0.74,-0.65,-0.66,,
38.699,-0.68,-0.66,-0.66,,
38.713,-0.66,-0.66,-0.66,,
38.728,-0.65,-0.66,-0.66,,
38.743,-0.65,-0.66,-0.66,,
38.758,-0.63,-0.66,-0.65,,
38.773,-0.63,-0.65,-0.65,,
38.787,-0.66,-0.65,-0.65,,
38.802,-0.65,-0.65,-0.65,,
38.817,-0.61,-0.65,-0.65,,
38.832,-0.64,-0.64,-0.64,,
38.847,-0.69,-0.64,-0.65,,
38.861,-0.67,-0.65,-0.65,,
38.876,-0.65,-0.65,-0.65,,
38.891,-0.6,-0.64,-0.64,,
38.906,-0.63,-0.64,-0.64,,
38.92,-0.65,-0.64,-0.64,,
38.935,-0.65,-0.64,-0.64,,
38.95,-0.63,-0.64,-0.64,,
38.965,-0.69,-0.64,-0.64,,
38.98,-0.7,-0.64,-0.65,,
38.997,-0.69,-0.64,-0.65,,
39.012,-0.65,-0.65,-0.65,,
39.027,-0.59,-0.64,-0.64,,
39.042,-0.58,-0.64,-0.63,,
39.059,-0.65,-0.63,-0.63,,
39.074,-0.69,-0.63,-0.63,,
39.089,-0.68,-0.63,-0.64,,
39.103,-0.7,-0.64,-0.64,,
39.118,-0.68,-0.64,-0.65,,
39.133,-0.6,-0.65,-0.64,,
39.148,-0.57,-0.64,-0.63,,
39.163,-0.61,-0.63,-0.63,,
39.179,-0.68,-0.63,-0.64,,
39.194,-0.65,-0.63,-0.64,,
39.209,-0.66,-0.63,-0.64,,
39.224,-0.72,-0.64,-0.64,,
39.239,-0.7,-0.64,-0.65,,
39.254,-0.66,-0.65,-0.65,,
39.269,-0.69,-0.65,-0.65,,
39.284,-0.66,-0.65,-0.65,,
39.299,-0.65,-0.65,-0.65,,
39.314,-0.64,-0.65,-0.65,,
39.328,-0.65,-0.65,-0.65,,
39.342,-0.65,-0.65,-0.65,,
39.357,-0.62,-0.65,-0.64,,
39.372,-0.82,-0.64,-0.66,,
39.386,-0.75,-0.66,-0.67,,
39.401,-0.46,-0.67,-0.65,,
39.415,-0.57,-0.65,-0.64,,
39.43,-0.85,-0.64,-0.66,,
39.444,-0.75,-0.66,-0.67,,
39.459,-0.52,-0.67,-0.65,,
39.474,-0.53,-0.65,-0.64,,
39.488,-0.74,-0.64,-0.65,,
39.502,-0.67,-0.64,-0.65,,
39.517,-0.45,-0.65,-0.63,,
39.531,-0.57,-0.63,-0.62,,
39.546,-0.81,-0.62,-0.64,,
39.56,-0.65,-0.63,-0.63,,
39.575,-0.43,-0.64,-0.62,,
39.59,-0.63,-0.62,-0.62,,
39.605,-0.79,-0.61,-0.63,,
39.62,-0.68,-0.63,-0.63,,
39.634,-0.53,-0.63,-0.62,,
39.649,-0.61,-0.62,-0.62,,
39.664,-0.72,-0.62,-0.63,,
39.679,-0.64,-0.63,-0.63,,
39.694,-0.51,-0.63,-0.62,,
39.709,-0.68,-0.62,-0.62,,
39.724,-0.81,-0.62,-0.64,,
39.739,-0.62,-0.64,-0.64,,
39.754,-0.46,-0.64,-0.62,,
39.769,-0.62,-0.62,-0.62,,
39.783,-0.73,-0.62,-0.63,,
39.798,-0.66,-0.62,-0.63,,
39.813,-0.64,-0.63,-0.63,,
39.828,-0.63,-0.63,-0.63,,
39.843,-0.63,-0.62,-0.63,,
39.858,-0.49,-0.62,-0.61,,
39.873,-0.68,-0.61,-0.62,,
39.888,-0.69,-0.61,-0.62,,
39.903,-0.7,-0.62,-0.63,,
39.918,-0.61,-0.63,-0.63,,
39.933,-0.62,-0.63,-0.63,,
39.948,-0.65,-0.62,-0.63,,
39.963,-0.68,-0.62,-0.63,,
39.978,-0.74,-0.63,-0.64,,
39.993,-0.59,-0.64,-0.63,,
40.008,-0.68,-0.63,-0.63,,
40.023,-0.57,-0.63,-0.63,,
40.038,-0.77,-0.62,-0.64,,
40.053,-0.76,-0.63,-0.65,,
40.068,-0.7,-0.65,-0.65,,
40.083,-0.68,-0.65,-0.65,,
40.098,-0.69,-0.65,-0.65,,
40.113,-0.75,-0.65,-0.66,,
40.128,-0.62,-0.66,-0.66,,
40.143,-0.75,-0.65,-0.66,,
40.157,-0.78,-0.66,-0.67,,
40.172,-0.66,-0.67,-0.67,,
40.187,-0.56,-0.67,-0.66,,
40.202,-0.63,-0.66,-0.66,,
40.217,-0.76,-0.65,-0.66,,
40.232,-0.66,-0.66,-0.66,,
40.246,-0.63,-0.66,-0.66,,
40.261,-0.59,-0.66,-0.65,,
40.276,-0.65,-0.65,-0.65,,
40.291,-0.69,-0.65,-0.65,,
40.305,-0.66,-0.65,-0.65,,
40.32,-0.65,-0.65,-0.65,,
40.335,-0.68,-0.65,-0.65,,
40.349,-0.61,-0.65,-0.65,,
40.363,-0.58,-0.65,-0.64,,
40.378,-0.6,-0.64,-0.64,,
40.393,-0.73,-0.63,-0.64,,
40.408,-0.66,-0.64,-0.65,,
40.422,-0.63,-0.65,-0.64,,
40.437,-0.63,-0.64,-0.64,,
40.451,-0.68,-0.64,-0.64,,
40.466,-0.66,-0.64,-0.64,,
40.481,-0.65,-0.64,-0.64,,
40.495,-0.72,-0.64,-0.65,,
40.51,-0.64,-0.65,-0.65,,
40.524,-0.61,-0.64,-0.64,,
40.539,-0.62,-0.64,-0.64,,
40.553,-0.63,-0.64,-0.64,,
40.568,-0.72,-0.63,-0.64,,
40.583,-0.74,-0.64,-0.65,,
40.598,-0.7,-0.65,-0.65,,
40.613,-0.63,-0.65,-0.65,,
40.629,-0.61,-0.65,-0.65,,
40.644,-0.68,-0.65,-0.65,,
40.659,-0.69,-0.65,-0.65,,
40.674,-0.7,-0.65,-0.66,,
40.691,-0.67,-0.65,-0.66,,
40.706,-0.61,-0.66,-0.65,,
40.721,-0.46,-0.65,-0.63,,
40.736,-0.88,-0.63,-0.65,,
40.75,-0.61,-0.65,-0.65,,
40.765,-0.72,-0.65,-0.66,,
40.78,-0.61,-0.66,-0.65,,
40.795,-0.67,-0.65,-0.65,,
40.81,-0.63,-0.65,-0.65,,
40.825,-0.66,-0.65,-0.65,,
40.84,-0.69,-0.65,-0.65,,
40.855,-0.59,-0.65,-0.65,,
40.87,-0.65,-0.64,-0.65,,
40.885,-0.57,-0.64,-0.64,,
40.9,-0.67,-0.64,-0.64,,
40.914,-0.67,-0.64,-0.64,,
40.93,-0.65,-0.64,-0.64,,
40.946,-0.74,-0.64,-0.65,,
40.96,-0.68,-0.65,-0.65,,
40.975,-0.66,-0.65,-0.65,,
40.99,-0.64,-0.65,-0.65,,
41.005,-0.92,-0.65,-0.68,,
41.02,-1.18,-0.69,-0.73,,
41.035,-0.23,-0.76,-0.7,,
41.05,-0.6,-0.71,-0.7,,
41.065,-0.95,-0.7,-0.73,,
41.08,-0.71,-0.72,-0.72,,
41.094,-0.9,-0.72,-0.74,,
41.109,-0.62,-0.74,-0.73,,
41.124,-0.15,-0.73,-0.67,,
41.141,-1.01,-0.66,-0.69,,
41.156,-1.74,-0.66,-0.77,,
41.171,0.08,-0.76,-0.68,,
41.186,-0.62,-0.68,-0.67,,
41.201,-0.41,-0.67,-0.64,,
41.216,-0.61,-0.64,-0.64,,
41.23,-0.54,-0.63,-0.62,,
41.245,-0.73,-0.62,-0.63,,
41.26,-0.5,-0.63,-0.62,,
41.275,-0.72,-0.62,-0.63,,
41.29,-0.58,-0.63,-0.62,,
41.305,-0.8,-0.62,-0.64,,
41.319,-1.13,-0.64,-0.69,,
41.334,-0.14,-0.72,-0.66,,
41.349,-0.99,-0.69,-0.72,,
41.364,-0.52,-0.75,-0.73,,
41.379,-0.61,-0.75,-0.74,,
41.393,-0.14,-0.76,-0.7,,
41.408,-0.54,-0.72,-0.7,,
41.422,-0.36,-0.7,-0.67,,
41.437,-0.56,-0.67,-0.66,,
41.452,-0.61,-0.66,-0.65,,
41.467,-0.71,-0.65,-0.66,,
41.481,-0.8,-0.68,-0.69,,
41.495,-1,-0.71,-0.74,,
41.51,0.01,-0.78,-0.7,,
41.524,0.13,-0.74,-0.66,,
41.539,-0.29,-0.68,-0.64,,
41.554,-0.35,-0.64,-0.61,,
41.568,-0.37,-0.61,-0.58,,
41.586,-0.39,-0.57,-0.56,,
41.602,-0.47,-0.54,-0.54,,
41.617,-0.6,-0.53,-0.53,,
41.632,-0.82,-0.53,-0.56,,
41.646,-0.2,-0.57,-0.53,,
41.661,-0.23,-0.54,-0.51,,
41.676,-0.34,-0.51,-0.5,,
41.691,-0.39,-0.49,-0.48,,
41.706,-0.25,-0.48,-0.46,,
41.721,-0.22,-0.45,-0.43,,
41.736,-0.43,-0.42,-0.43,,
41.751,-0.48,-0.42,-0.42,,
41.766,-0.48,-0.42,-0.43,,
41.781,-0.46,-0.43,-0.43,,
41.795,-0.22,-0.44,-0.41,,
41.81,-0.21,-0.42,-0.39,,
41.825,-0.21,-0.39,-0.37,,
41.84,-0.28,-0.36,-0.35,,
41.855,-0.49,-0.33,-0.35,,
41.87,-0.54,-0.34,-0.36,,
41.885,-0.55,-0.35,-0.37,,
41.9,-0.42,-0.37,-0.38,,
41.916,-0.3,-0.38,-0.37,,
41.931,-0.46,-0.37,-0.38,,
41.946,-0.52,-0.37,-0.39,,
41.961,-0.46,-0.39,-0.4,,
41.976,-0.4,-0.4,-0.4,,
41.991,-0.24,-0.41,-0.39,,
42.006,-0.24,-0.4,-0.38,,
42.021,-0.34,-0.38,-0.38,,
42.037,-0.39,-0.38,-0.38,,
42.052,-0.52,-0.37,-0.39,,
42.066,-0.46,-0.38,-0.39,,
42.081,-0.37,-0.39,-0.39,,
42.096,-0.43,-0.39,-0.4,,
42.11,-0.41,-0.4,-0.4,,
42.125,-0.41,-0.4,-0.4,,
42.141,-0.38,-0.41,-0.4,,
42.156,-0.36,-0.4,-0.4,,
42.171,-0.32,-0.39,-0.39,,
42.186,-0.33,-0.38,-0.38,,
42.201,-0.39,-0.37,-0.38,,
42.217,-0.39,-0.37,-0.37,,
42.232,-0.39,-0.36,-0.37,,
42.247,-0.52,-0.36,-0.38,,
42.261,-0.5,-0.37,-0.38,,
42.276,-0.39,-0.38,-0.38,,
42.291,-0.4,-0.38,-0.38,,
42.306,-0.4,-0.38,-0.38,,
42.32,-0.39,-0.38,-0.38,,
42.335,-0.41,-0.38,-0.38,,
42.35,-0.5,-0.38,-0.39,,
42.366,-0.42,-0.39,-0.4,,
42.381,-0.43,-0.4,-0.4,,
42.395,-0.34,-0.41,-0.41,,
42.41,-0.29,-0.42,-0.4,,
42.424,-0.25,-0.41,-0.39,,
42.439,-0.27,-0.4,-0.38,,
42.453,-0.32,-0.38,-0.37,,
42.469,-0.39,-0.37,-0.37,,
42.483,-0.36,-0.36,-0.36,,
42.499,-0.27,-0.36,-0.35,,
42.514,-0.3,-0.34,-0.34,,
42.529,-0.42,-0.33,-0.34,,
42.543,-0.35,-0.34,-0.34,,
42.558,-0.39,-0.34,-0.34,,
42.573,-0.39,-0.34,-0.35,,
42.589,-0.34,-0.34,-0.34,,
42.604,-0.35,-0.34,-0.34,,
42.619,-0.46,-0.34,-0.35,,
42.634,-0.52,-0.35,-0.37,,
42.649,-0.47,-0.37,-0.38,,
42.664,-0.28,-0.39,-0.37,,
42.679,-0.32,-0.38,-0.37,,
42.694,-0.32,-0.38,-0.37,,
42.709,-0.34,-0.38,-0.37,,
42.724,-0.36,-0.37,-0.37,,
42.739,-0.4,-0.37,-0.37,,
42.754,-0.48,-0.37,-0.38,,
42.768,-0.39,-0.38,-0.38,,
42.783,-0.34,-0.38,-0.37,,
42.798,-0.39,-0.37,-0.37,,
42.817,-0.37,-0.37,-0.37,,
42.828,-0.34,-0.37,-0.37,,
42.843,-0.41,-0.37,-0.37,,
42.858,-0.41,-0.36,-0.37,,
42.873,-0.42,-0.36,-0.37,,
42.888,-0.41,-0.36,-0.37,,
42.903,-0.51,-0.36,-0.37,,
42.918,-0.54,-0.37,-0.39,,
42.933,-0.22,-0.38,-0.37,,
42.948,-0.35,-0.36,-0.36,,
42.963,-0.57,-0.36,-0.38,,
42.978,-0.53,-0.38,-0.4,,
42.993,-0.19,-0.4,-0.38,,
43.007,-0.24,-0.38,-0.36,,
43.022,-0.4,-0.35,-0.36,,
43.037,-0.41,-0.35,-0.36,,
43.052,-0.43,-0.35,-0.36,,
43.067,-0.52,-0.35,-0.37,,
43.082,-0.44,-0.37,-0.38,,
43.097,-0.38,-0.38,-0.38,,
43.112,-0.33,-0.38,-0.38,,
43.126,-0.39,-0.38,-0.38,,
43.141,-0.35,-0.39,-0.38,,
43.156,-0.32,-0.39,-0.38,,
43.171,-0.52,-0.38,-0.39,,
43.186,-0.53,-0.39,-0.4,,
43.201,-0.36,-0.4,-0.4,,
43.216,-0.35,-0.4,-0.4,,
43.231,-0.25,-0.4,-0.38,,
43.246,-0.34,-0.38,-0.38,,
43.261,-0.43,-0.37,-0.38,,
43.275,-0.46,-0.37,-0.38,,
43.29,-0.23,-0.38,-0.36,,
43.305,-0.28,-0.35,-0.35,,
43.32,-0.47,-0.33,-0.35,,
43.334,-0.56,-0.33,-0.35,,
43.349,-0.66,-0.34,-0.37,,
43.363,-0.55,-0.37,-0.39,,
43.378,-0.03,-0.39,-0.35,,
43.392,0.55,-0.33,-0.25,,
43.407,-0.92,-0.2,-0.27,,
43.421,-1.14,-0.19,-0.29,,
43.436,1.32,-0.22,-0.07,,
43.451,1.08,0.05,0.16,,
43.465,-2.64,0.34,0.05,,
43.479,-4.02,0.24,-0.18,,
43.495,-3.13,-0.07,-0.37,,
43.51,-1.61,-0.45,-0.57,,
43.524,-0.74,-0.68,-0.69,,
43.539,-0.82,-0.78,-0.79,,
43.553,-0.75,-0.89,-0.87,,
43.568,0.2,-0.96,-0.85,,
43.583,0.39,-0.92,-0.79,,
43.598,-0.48,-0.78,-0.75,,
43.613,-0.85,-0.72,-0.73,,
43.627,-0.78,-0.7,-0.7,,
43.642,-0.84,-0.67,-0.69,,
43.658,-0.91,-0.65,-0.68,,
43.673,-0.94,-0.65,-0.68,,
43.688,-0.97,-0.65,-0.68,,
43.703,-1.01,-0.66,-0.69,,
43.718,-1.05,-0.67,-0.71,,
43.733,-1.13,-0.68,-0.73,,
43.748,-1.16,-0.71,-0.76,,
43.763,-1.18,-0.75,-0.79,,
43.778,-1.07,-0.79,-0.82,,
43.792,-0.95,-0.83,-0.84,,
43.807,-0.92,-0.85,-0.86,,
43.822,-0.94,-0.88,-0.88,,
43.84,-0.96,-0.9,-0.91,,
43.855,-0.96,-0.93,-0.93,,
43.87,-2.83,-0.95,-1.14,,
43.884,-2.58,-1.23,-1.37,,
43.899,2.74,-1.53,-1.11,,
43.914,-0.32,-1.16,-1.07,,
43.928,-1.14,-1.08,-1.09,,
43.943,-0.9,-1.11,-1.09,,
43.958,0.05,-1.13,-1.01,,
43.973,-0.09,-1.04,-0.94,,
43.988,-0.41,-0.96,-0.9,,
44.003,-0.38,-0.91,-0.86,,
44.018,-0.28,-0.87,-0.81,,
44.033,-0.34,-0.81,-0.76,,
44.048,-0.41,-0.76,-0.73,,
44.063,-0.4,-0.73,-0.69,,
44.078,-0.39,-0.69,-0.66,,
44.092,-0.39,-0.66,-0.63,,
44.107,-0.41,-0.63,-0.61,,
44.122,-0.43,-0.6,-0.59,,
44.138,-0.34,-0.59,-0.56,,
44.153,-0.34,-0.56,-0.54,,
44.168,-0.36,-0.53,-0.51,,
44.183,-0.4,-0.51,-0.5,,
44.198,-0.37,-0.5,-0.48,,
44.213,-0.33,-0.48,-0.47,,
44.228,-0.37,-0.46,-0.45,,
44.243,-0.41,-0.45,-0.45,,
44.258,-0.39,-0.44,-0.44,,
44.273,-0.36,-0.44,-0.43,,
44.288,-0.39,-0.43,-0.42,,
44.303,-0.36,-0.42,-0.41,,
44.317,-0.25,-0.4,-0.39,,
44.332,-0.32,-0.36,-0.36,,
44.346,-0.66,-0.33,-0.36,,
44.361,-0.54,-0.34,-0.36,,
44.376,-0.21,-0.34,-0.33,,
44.39,1.19,-0.3,-0.15,,
44.404,-1.02,-0.07,-0.16,,
44.419,-2.53,-0.01,-0.26,,
44.433,-2.47,-0.15,-0.38,,
44.448,-1.8,-0.39,-0.53,,
44.462,-1.1,-0.58,-0.63,,
44.477,-0.54,-0.69,-0.67,,
44.491,-0.59,-0.73,-0.71,,
44.506,0.58,-0.77,-0.63,,
44.521,0.45,-0.64,-0.53,,
44.535,-0.86,-0.5,-0.53,,
44.55,-0.91,-0.48,-0.53,,
44.564,-1.2,-0.48,-0.55,,
44.579,-1.57,-0.52,-0.62,,
44.594,-1.35,-0.61,-0.68,,
44.609,-0.92,-0.71,-0.73,,
44.624,-0.61,-0.77,-0.75,,
44.639,-0.63,-0.79,-0.77,,
44.653,-0.61,-0.81,-0.79,,
44.668,0.35,-0.83,-0.71,,
44.683,-1.34,-0.74,-0.8,,
44.697,-1.19,-0.81,-0.85,,
44.712,-0.83,-0.88,-0.88,,
44.727,-0.14,-0.94,-0.86,,
44.743,-0.32,-0.92,-0.86,,
44.757,-0.34,-0.88,-0.82,,
44.774,-0.56,-0.83,-0.81,,
44.789,-0.28,-0.82,-0.76,,
44.804,-0.35,-0.77,-0.73,,
44.819,-0.48,-0.73,-0.71,,
44.835,-0.61,-0.71,-0.7,,
44.849,-0.44,-0.71,-0.68,,
44.864,-0.48,-0.7,-0.68,,
44.88,-0.1,-0.7,-0.64,,
44.894,-0.28,-0.64,-0.61,,
44.909,-0.3,-0.61,-0.58,,
44.924,-0.29,-0.57,-0.55,,
44.939,-0.34,-0.54,-0.52,,
44.954,-0.37,-0.52,-0.5,,
44.969,-0.42,-0.5,-0.49,,
44.984,-0.41,-0.49,-0.48,,
44.999,-0.31,-0.47,-0.46,,
45.014,-0.3,-0.46,-0.44,,
45.029,-0.37,-0.44,-0.43,,
45.044,-0.4,-0.43,-0.42,,
45.059,-0.37,-0.42,-0.41,,
45.073,-0.34,-0.41,-0.4,,
45.088,-0.37,-0.4,-0.4,,
45.103,-0.38,-0.39,-0.39,,
45.118,-0.39,-0.38,-0.38,,
45.133,-0.39,-0.38,-0.38,,
45.148,-0.25,-0.37,-0.36,,
45.163,0,-0.34,-0.31,,
45.178,-0.69,-0.27,-0.31,,
45.193,-1.57,-0.25,-0.39,,
45.208,-0.48,-0.36,-0.37,,
45.223,-0.45,-0.37,-0.38,,
45.238,-0.26,-0.37,-0.36,,
45.253,-0.26,-0.34,-0.33,,
45.268,-1.02,-0.3,-0.37,,
45.283,-0.87,-0.35,-0.4,,
45.298,-0.87,-0.4,-0.44,,
45.312,-0.71,-0.45,-0.47,,
45.327,-0.08,-0.48,-0.44,,
45.341,0.52,-0.43,-0.33,,
45.356,-1.67,-0.29,-0.43,,
45.37,-2.3,-0.38,-0.57,,
45.385,-0.5,-0.56,-0.56,,
45.4,0.73,-0.59,-0.46,,
45.414,-1.38,-0.47,-0.56,,
45.429,-1.86,-0.54,-0.67,,
45.443,0.21,-0.68,-0.59,,
45.458,-0.12,-0.59,-0.55,,
45.472,-1.41,-0.53,-0.61,,
45.486,-0.56,-0.62,-0.62,,
45.501,-0.62,-0.63,-0.63,,
45.518,-1.31,-0.62,-0.68,,
45.533,-0.23,-0.68,-0.64,,
45.548,-0.46,-0.64,-0.62,,
45.562,-0.92,-0.61,-0.64,,
45.576,-0.34,-0.65,-0.62,,
45.591,-0.98,-0.62,-0.65,,
45.606,-0.76,-0.65,-0.66,,
45.621,-0.73,-0.67,-0.67,,
45.636,-0.85,-0.67,-0.69,,
45.652,-0.53,-0.69,-0.67,,
45.667,-0.77,-0.67,-0.68,,
45.682,-0.6,-0.68,-0.67,,
45.697,-0.61,-0.67,-0.66,,
45.711,0.01,-0.66,-0.59,,
45.726,-1.7,-0.54,-0.66,,
45.741,-2.16,-0.62,-0.77,,
45.756,1.4,-0.88,-0.66,,
45.77,-0.62,-0.73,-0.72,,
45.787,-0.35,-0.74,-0.7,,
45.801,-0.63,-0.71,-0.7,,
45.817,-0.26,-0.72,-0.67,,
45.832,-0.52,-0.68,-0.66,,
45.847,-0.48,-0.66,-0.64,,
45.862,-0.75,-0.64,-0.65,,
45.877,-0.58,-0.66,-0.65,,
45.892,-0.47,-0.67,-0.65,,
45.907,-0.36,-0.67,-0.64,,
45.923,-0.39,-0.65,-0.62,,
45.938,-0.38,-0.63,-0.6,,
45.953,-0.47,-0.6,-0.59,,
45.968,-0.43,-0.58,-0.57,,
45.983,-0.37,-0.57,-0.55,,
45.998,-0.48,-0.55,-0.54,,
46.013,-0.47,-0.54,-0.53,,
46.027,-0.48,-0.53,-0.52,,
46.042,-0.48,-0.53,-0.52,,
46.057,-0.17,-0.52,-0.49,,
46.072,-0.28,-0.48,-0.46,,
46.087,-0.51,-0.45,-0.46,,
46.102,-0.66,-0.44,-0.46,,
46.117,-0.72,-0.44,-0.47,,
46.132,-0.63,-0.47,-0.49,,
46.147,-0.46,-0.5,-0.49,,
46.162,-0.37,-0.5,-0.49,,
46.177,-0.47,-0.49,-0.49,,
46.192,-0.39,-0.48,-0.47,,
46.207,-0.52,-0.47,-0.47,,
46.222,-0.61,-0.46,-0.48,,
46.236,-0.49,-0.47,-0.47,,
46.251,-0.37,-0.47,-0.46,,
46.266,-0.48,-0.45,-0.45,,
46.281,-0.56,-0.43,-0.45,,
46.296,-0.61,-0.43,-0.45,,
46.311,-0.54,-0.44,-0.45,,
46.326,-0.09,-0.44,-0.4,,
46.34,-0.54,-0.36,-0.38,,
46.355,-1.29,-0.33,-0.43,,
46.37,-1.27,-0.41,-0.49,,
46.384,-0.61,-0.49,-0.51,,
46.399,-0.78,-0.5,-0.53,,
46.414,-0.69,-0.53,-0.55,,
46.428,-0.76,-0.54,-0.57,,
46.443,-0.74,-0.56,-0.58,,
46.458,-0.67,-0.58,-0.59,,
46.476,-0.74,-0.59,-0.6,,
46.49,-0.94,-0.6,-0.63,,
46.505,-0.89,-0.64,-0.66,,
46.519,-0.49,-0.68,-0.66,,
46.534,-0.64,-0.68,-0.67,,
46.548,-0.51,-0.69,-0.68,,
46.563,-0.8,-0.7,-0.71,,
46.577,-0.56,-0.74,-0.72,,
46.592,0.01,-0.75,-0.68,,
46.607,-0.57,-0.69,-0.68,,
46.622,0,-0.68,-0.62,,
46.637,-0.49,-0.62,-0.61,,
46.652,-0.55,-0.61,-0.6,,
46.667,-0.85,-0.6,-0.62,,
46.682,-0.74,-0.64,-0.65,,
46.697,-0.93,-0.67,-0.7,,
46.712,0.1,-0.74,-0.66,,
46.727,0.05,-0.69,-0.61,,
46.742,-0.25,-0.62,-0.58,,
46.757,-0.21,-0.58,-0.55,,
46.772,-0.25,-0.55,-0.52,,
46.787,-0.3,-0.51,-0.49,,
46.802,-0.31,-0.49,-0.47,,
46.817,-0.4,-0.46,-0.45,,
46.832,-0.38,-0.44,-0.44,,
46.847,-0.5,-0.43,-0.43,,
46.861,-0.43,-0.43,-0.43,,
46.876,-0.39,-0.42,-0.42,,
46.891,-0.42,-0.42,-0.42,,
46.907,-0.4,-0.42,-0.41,,
46.922,-0.35,-0.42,-0.41,,
46.936,-0.32,-0.41,-0.4,,
46.952,-0.34,-0.4,-0.39,,
46.967,-0.45,-0.38,-0.39,,
46.981,-0.44,-0.39,-0.39,,
46.996,-0.3,-0.39,-0.38,,
47.011,-0.41,-0.37,-0.38,,
47.027,-0.45,-0.36,-0.37,,
47.042,-0.55,-0.36,-0.38,,
47.057,-0.48,-0.37,-0.38,,
47.071,-0.42,-0.38,-0.38,,
47.087,-0.43,-0.38,-0.38,,
47.102,-0.47,-0.37,-0.38,,
47.117,-0.52,-0.37,-0.38,,
47.132,-0.69,-0.37,-0.4,,
47.147,-0.54,-0.4,-0.41,,
47.162,-0.5,-0.41,-0.42,,
47.179,-0.59,-0.42,-0.44,,
47.194,-0.68,-0.44,-0.46,,
47.209,-0.9,-0.47,-0.51,,
47.224,-0.22,-0.53,-0.5,,
47.239,0.1,-0.49,-0.43,,
47.254,-0.44,-0.43,-0.43,,
47.269,-0.6,-0.42,-0.44,,
47.284,-0.57,-0.43,-0.44,,
47.299,-0.52,-0.44,-0.45,,
47.314,-0.46,-0.45,-0.45,,
47.33,-0.5,-0.45,-0.46,,
47.344,-0.5,-0.46,-0.46,,
47.358,-0.47,-0.47,-0.47,,
47.373,-0.45,-0.47,-0.47,,
47.388,-0.34,-0.47,-0.46,,
47.403,-0.61,-0.46,-0.47,,
47.417,-0.56,-0.47,-0.48,,
47.431,-0.46,-0.48,-0.47,,
47.446,-0.38,-0.47,-0.46,,
47.461,-0.36,-0.46,-0.45,,
47.476,-0.42,-0.45,-0.45,,
47.49,-0.5,-0.44,-0.45,,
47.505,-0.47,-0.44,-0.45,,
47.519,-0.46,-0.44,-0.44,,
47.534,-0.48,-0.44,-0.45,,
47.549,-0.47,-0.45,-0.45,,
47.564,-0.39,-0.45,-0.44,,
47.578,-0.38,-0.44,-0.44,,
47.594,-0.51,-0.43,-0.44,,
47.609,-0.55,-0.44,-0.45,,
47.623,-0.45,-0.45,-0.45,,
47.638,-0.45,-0.45,-0.45,,
47.653,-0.41,-0.45,-0.45,,
47.668,-0.44,-0.45,-0.45,,
47.683,-0.48,-0.45,-0.45,,
47.698,-0.43,-0.45,-0.45,,
47.713,-0.42,-0.45,-0.44,,
47.728,-0.48,-0.44,-0.45,,
47.743,-0.48,-0.45,-0.45,,
47.758,-0.51,-0.45,-0.46,,
47.773,-0.41,-0.46,-0.45,,
47.788,-0.42,-0.45,-0.45,,
47.803,-0.41,-0.45,-0.44,,
47.818,-0.5,-0.44,-0.45,,
47.833,-0.5,-0.45,-0.46,,
47.848,-0.36,-0.46,-0.45,,
47.863,-0.33,-0.45,-0.44,,
47.878,-0.45,-0.43,-0.44,,
47.893,-0.5,-0.43,-0.44,,
47.908,-0.47,-0.44,-0.44,,
47.922,-0.52,-0.44,-0.44,,
47.937,-0.41,-0.44,-0.44,,
47.952,-0.39,-0.43,-0.43,,
47.967,-0.5,-0.43,-0.43,,
47.982,-0.51,-0.43,-0.44,,
47.997,-0.5,-0.44,-0.44,,
48.012,-0.45,-0.44,-0.44,,
48.027,-0.44,-0.44,-0.44,,
48.042,-0.45,-0.43,-0.44,,
48.056,-0.57,-0.43,-0.44,,
48.071,-0.51,-0.44,-0.45,,
48.086,-0.1,-0.44,-0.41,,
48.101,-0.57,-0.39,-0.41,,
48.116,-0.67,-0.4,-0.42,,
48.131,-0.54,-0.42,-0.43,,
48.145,-0.47,-0.43,-0.43,,
48.16,-0.5,-0.43,-0.43,,
48.175,-0.55,-0.43,-0.44,,
48.19,-0.62,-0.44,-0.46,,
48.206,-0.63,-0.46,-0.47,,
48.221,-0.42,-0.47,-0.47,,
48.236,-0.43,-0.46,-0.46,,
48.251,-0.59,-0.45,-0.47,,
48.265,-0.65,-0.46,-0.48,,
48.28,-0.54,-0.48,-0.49,,
48.295,-0.54,-0.49,-0.49,,
48.31,-0.58,-0.49,-0.5,,
48.325,-0.57,-0.5,-0.51,,
48.34,-0.57,-0.51,-0.52,,
48.354,-0.68,-0.52,-0.54,,
48.369,-0.54,-0.55,-0.55,,
48.383,-0.5,-0.57,-0.56,,
48.398,-0.31,-0.58,-0.56,,
48.412,-0.28,-0.57,-0.55,,
48.427,-0.32,-0.54,-0.52,,
48.441,-0.5,-0.51,-0.51,,
48.456,-0.58,-0.5,-0.51,,
48.47,-0.54,-0.5,-0.5,,
48.485,-0.6,-0.5,-0.51,,
48.499,-0.43,-0.51,-0.5,,
48.514,-0.31,-0.5,-0.48,,
48.528,-0.27,-0.49,-0.46,,
48.542,-0.39,-0.45,-0.44,,
48.557,-0.67,-0.42,-0.45,,
48.572,-0.71,-0.43,-0.46,,
48.586,-0.62,-0.45,-0.47,,
48.6,-0.56,-0.47,-0.48,,
48.615,-0.56,-0.48,-0.49,,
48.63,-0.5,-0.49,-0.49,,
48.645,-0.47,-0.5,-0.5,,
48.66,-0.34,-0.5,-0.49,,
48.674,-0.45,-0.48,-0.48,,
48.69,-0.48,-0.48,-0.48,,
48.704,-0.5,-0.47,-0.48,,
48.72,-0.49,-0.48,-0.48,,
48.734,-0.5,-0.48,-0.48,,
48.749,-0.52,-0.48,-0.48,,
48.764,-0.44,-0.48,-0.48,,
48.779,-0.41,-0.47,-0.47,,
48.794,-0.54,-0.46,-0.47,,
48.809,-0.62,-0.46,-0.48,,
48.824,-0.71,-0.47,-0.5,,
48.839,-0.59,-0.5,-0.51,,
48.853,-0.43,-0.51,-0.51,,
48.868,-0.48,-0.51,-0.5,,
48.883,-0.56,-0.5,-0.51,,
48.898,-0.56,-0.52,-0.52,,
48.913,-0.5,-0.53,-0.53,,
48.928,-0.32,-0.54,-0.51,,
48.943,-0.27,-0.52,-0.5,,
48.958,-0.12,-0.49,-0.45,,
48.973,-0.45,-0.44,-0.44,,
48.988,-0.64,-0.4,-0.42,,
49.003,-1.12,-0.38,-0.46,,
49.018,-0.83,-0.45,-0.49,,
49.032,-0.72,-0.49,-0.51,,
49.047,-0.65,-0.52,-0.54,,
49.061,-0.6,-0.55,-0.56,,
49.076,-0.46,-0.58,-0.57,,
49.091,-0.27,-0.59,-0.56,,
49.106,-0.15,-0.58,-0.53,,
49.121,-0.49,-0.54,-0.53,,
49.136,-0.56,-0.52,-0.53,,
49.151,-0.52,-0.52,-0.52,,
49.166,-0.5,-0.52,-0.52,,
49.18,-0.48,-0.52,-0.51,,
49.195,-0.48,-0.51,-0.51,,
49.21,-0.58,-0.51,-0.52,,
49.225,-0.51,-0.51,-0.51,,
49.24,-0.5,-0.51,-0.51,,
49.255,-0.43,-0.51,-0.5,,
49.269,-0.49,-0.51,-0.5,,
49.285,-0.55,-0.5,-0.51,,
49.299,-0.4,-0.5,-0.49,,
49.314,-0.47,-0.49,-0.49,,
49.329,-0.76,-0.48,-0.51,,
49.344,-0.58,-0.52,-0.52,,
49.359,-0.3,-0.53,-0.51,,
49.373,-0.28,-0.51,-0.49,,
49.388,-0.37,-0.48,-0.47,,
49.402,-0.43,-0.46,-0.45,,
49.417,-0.67,-0.44,-0.46,,
49.432,-0.74,-0.45,-0.48,,
49.447,-0.51,-0.48,-0.49,,
49.462,-0.5,-0.49,-0.5,,
49.476,-0.29,-0.5,-0.48,,
49.491,-0.36,-0.48,-0.46,,
49.506,-0.43,-0.45,-0.45,,
49.52,0.44,-0.44,-0.35,,
49.535,2.01,-0.31,-0.08,,
49.549,-1.55,0.03,-0.12,,
49.563,-2.94,0.05,-0.25,,
49.578,-2.7,-0.13,-0.38,,
49.592,-1.89,-0.4,-0.55,,
49.607,-0.73,-0.6,-0.61,,
49.622,-0.63,-0.67,-0.67,,
49.636,-0.66,-0.72,-0.72,,
49.651,-0.33,-0.77,-0.72,,
49.666,0.46,-0.76,-0.64,,
49.681,-0.2,-0.62,-0.57,,
49.696,-0.8,-0.53,-0.55,,
49.711,-0.78,-0.5,-0.53,,
49.725,-1.06,-0.48,-0.54,,
49.74,-1.51,-0.49,-0.59,,
49.755,-1.71,-0.56,-0.68,,
49.77,-1.25,-0.7,-0.76,,
49.784,-0.67,-0.79,-0.78,,
49.799,-0.69,-0.81,-0.8,,
49.814,-0.74,-0.83,-0.82,,
49.828,-0.74,-0.84,-0.83,,
49.843,-0.59,-0.85,-0.82,,
49.858,-0.52,-0.84,-0.81,,
49.873,-0.51,-0.82,-0.78,,
49.888,-0.54,-0.78,-0.76,,
49.902,-0.67,-0.75,-0.74,,
49.917,-0.71,-0.73,-0.72,,
49.932,-0.68,-0.71,-0.7,,
49.947,-0.74,-0.68,-0.68,,
49.963,-0.87,-0.66,-0.68,,
49.978,-0.92,-0.65,-0.68,,
49.993,-1.04,-0.65,-0.69,,
50.008,-1.25,-0.66,-0.72,,
50.023,-1.32,-0.71,-0.77,,
50.038,-1.1,-0.78,-0.81,,
50.053,-0.83,-0.83,-0.83,,
50.068,-0.83,-0.84,-0.84,,
50.083,-0.78,-0.85,-0.85,,
50.098,-0.74,-0.86,-0.85,,
50.113,-0.69,-0.86,-0.84,,
50.127,-0.7,-0.84,-0.83,,
50.142,-0.8,-0.83,-0.83,,
50.157,-0.76,-0.82,-0.82,,
50.172,-0.75,-0.81,-0.81,,
50.187,-0.77,-0.8,-0.79,,
50.202,-0.78,-0.78,-0.78,,
50.217,-0.76,-0.77,-0.77,,
50.232,-0.9,-0.75,-0.77,,
50.247,-1.03,-0.75,-0.78,,
50.262,-1.09,-0.77,-0.8,,
50.277,-1.02,-0.8,-0.82,,
50.291,-0.97,-0.82,-0.84,,
50.306,-0.97,-0.84,-0.85,,
50.321,-0.89,-0.86,-0.86,,
50.336,-0.83,-0.87,-0.87,,
50.35,-0.8,-0.88,-0.87,,
50.365,-0.83,-0.87,-0.87,,
50.38,-0.77,-0.86,-0.86,,
50.397,-0.81,-0.86,-0.85,,
50.412,-0.84,-0.85,-0.85,,
50.426,-0.84,-0.84,-0.84,,
50.441,-0.8,-0.84,-0.83,,
50.455,-0.81,-0.83,-0.83,,
50.47,-0.91,-0.82,-0.83,,
50.484,-1.02,-0.82,-0.84,,
50.499,-1.05,-0.83,-0.85,,
50.513,-0.98,-0.86,-0.87,,
50.528,-0.87,-0.87,-0.87,,
50.542,-0.88,-0.87,-0.87,,
50.557,-0.83,-0.87,-0.87,,
50.572,-0.76,-0.87,-0.86,,
50.587,-0.77,-0.86,-0.86,,
50.601,-0.86,-0.85,-0.85,,
50.616,-0.91,-0.85,-0.85,,
50.63,-0.89,-0.85,-0.85,,
50.645,-0.89,-0.85,-0.85,,
50.66,-0.95,-0.85,-0.86,,
50.675,-1.07,-0.85,-0.87,,
50.69,-0.96,-0.87,-0.88,,
50.705,-0.85,-0.89,-0.88,,
50.72,-0.87,-0.88,-0.88,,
50.735,-0.82,-0.88,-0.87,,
50.75,-0.83,-0.88,-0.87,,
50.765,-0.85,-0.87,-0.87,,
50.78,-0.89,-0.87,-0.87,,
50.795,-0.93,-0.87,-0.87,,
50.811,-0.89,-0.87,-0.87,,
50.826,-0.84,-0.87,-0.87,,
50.841,-0.91,-0.86,-0.87,,
50.856,-1.01,-0.86,-0.88,,
50.871,-1.11,-0.87,-0.9,,
50.886,-0.78,-0.91,-0.9,,
50.901,-0.81,-0.92,-0.91,,
50.916,-1.31,-0.9,-0.94,,
50.931,-1.17,-0.93,-0.95,,
50.946,-0.57,-1,-0.96,,
50.961,-0.37,-1.01,-0.94,,
50.976,-0.62,-0.95,-0.91,,
50.991,-0.92,-0.9,-0.91,,
51.006,-0.74,-0.91,-0.89,,
51.021,-0.39,-0.9,-0.85,,
51.038,-0.67,-0.83,-0.81,,
51.053,-0.95,-0.78,-0.79,,
51.067,-0.71,-0.77,-0.77,,
51.082,-0.82,-0.75,-0.76,,
51.097,-1.48,-0.73,-0.8,,
51.112,-1.52,-0.78,-0.85,,
51.126,-1,-0.88,-0.9,,
51.141,-0.38,-0.94,-0.89,,
51.157,-0.68,-0.91,-0.89,,
51.173,-0.79,-0.9,-0.89,,
51.188,-0.55,-0.89,-0.86,,
51.202,-0.41,-0.86,-0.82,,
51.217,-0.63,-0.81,-0.79,,
51.232,-0.77,-0.77,-0.77,,
51.247,-0.67,-0.75,-0.74,,
51.261,-0.69,-0.72,-0.71,,
51.276,-1.32,-0.68,-0.75,,
51.291,-1.61,-0.72,-0.81,,
51.307,-1.06,-0.81,-0.83,,
51.322,-0.71,-0.86,-0.85,,
51.337,-0.62,-0.87,-0.85,,
51.352,-0.76,-0.86,-0.85,,
51.366,-0.7,-0.86,-0.84,,
51.381,-0.65,-0.85,-0.83,,
51.396,-0.67,-0.83,-0.81,,
51.41,-0.74,-0.8,-0.79,,
51.425,-0.82,-0.78,-0.78,,
51.439,-0.89,-0.76,-0.77,,
51.454,-1.13,-0.75,-0.79,,
51.469,-1.26,-0.78,-0.83,,
51.483,-1.24,-0.83,-0.87,,
51.498,-0.77,-0.89,-0.87,,
51.512,-0.64,-0.89,-0.87,,
51.527,-0.69,-0.88,-0.86,,
51.541,-0.73,-0.86,-0.85,,
51.556,-0.72,-0.85,-0.83,,
51.57,-0.71,-0.83,-0.82,,
51.585,-0.8,-0.81,-0.81,,
51.599,-0.88,-0.79,-0.8,,
51.614,-1.14,-0.78,-0.82,,
51.629,-1.12,-0.81,-0.84,,
51.643,-0.86,-0.85,-0.85,,
51.658,-0.74,-0.86,-0.85,,
51.673,-0.68,-0.86,-0.84,,
51.688,-0.73,-0.85,-0.83,,
51.703,-0.79,-0.84,-0.83,,
51.718,-0.81,-0.82,-0.82,,
51.733,-0.85,-0.81,-0.81,,
51.748,-0.93,-0.8,-0.82,,
51.762,-1.1,-0.81,-0.84,,
51.777,-1.01,-0.84,-0.86,,
51.792,-0.76,-0.87,-0.86,,
51.807,-0.74,-0.86,-0.85,,
51.822,-0.78,-0.85,-0.84,,
51.837,-0.79,-0.84,-0.83,,
51.855,-0.83,-0.83,-0.83,,
51.87,-0.96,-0.82,-0.83,,
51.885,-1,-0.83,-0.85,,
51.9,-0.95,-0.85,-0.86,,
51.915,-0.85,-0.86,-0.86,,
51.93,-0.68,-0.86,-0.84,,
51.945,-0.71,-0.85,-0.83,,
51.96,-0.83,-0.83,-0.83,,
51.974,-0.88,-0.83,-0.83,,
51.99,-0.91,-0.82,-0.83,,
52.005,-0.9,-0.83,-0.84,,
52.02,-0.78,-0.84,-0.83,,
52.035,-0.76,-0.83,-0.83,,
52.051,-0.79,-0.83,-0.82,,
52.067,-0.81,-0.82,-0.82,,
52.081,-0.92,-0.81,-0.82,,
52.096,-0.93,-0.82,-0.83,,
52.111,-0.9,-0.83,-0.84,,
52.126,-0.9,-0.84,-0.84,,
52.141,-0.86,-0.84,-0.85,,
52.156,-0.87,-0.84,-0.85,,
52.171,-0.88,-0.84,-0.85,,
52.186,-0.81,-0.85,-0.84,,
52.201,-0.8,-0.84,-0.84,,
52.216,-0.89,-0.83,-0.84,,
52.231,-0.95,-0.84,-0.85,,
52.246,-0.92,-0.85,-0.85,,
52.262,-0.79,-0.85,-0.85,,
52.277,-0.84,-0.85,-0.85,,
52.291,-0.89,-0.84,-0.85,,
52.31,-0.9,-0.84,-0.85,,
52.325,-0.92,-0.85,-0.85,,
52.34,-0.88,-0.85,-0.85,,
52.356,-0.84,-0.86,-0.85,,
52.371,-0.84,-0.85,-0.85,,
52.386,-0.86,-0.85,-0.85,,
52.4,-0.9,-0.85,-0.85,,
52.416,-0.99,-0.85,-0.86,,
52.43,-0.94,-0.86,-0.87,,
52.444,-0.74,-0.87,-0.86,,
52.459,-0.72,-0.86,-0.85,,
52.474,-0.83,-0.84,-0.84,,
52.489,-0.86,-0.84,-0.84,,
52.503,-0.87,-0.84,-0.84,,
52.518,-0.87,-0.84,-0.84,,
52.534,-0.81,-0.84,-0.84,,
52.548,-0.79,-0.84,-0.83,,
52.563,-0.83,-0.83,-0.83,,
52.577,-0.89,-0.83,-0.83,,
52.592,-0.94,-0.83,-0.84,,
52.606,-0.86,-0.84,-0.84,,
52.621,-0.81,-0.84,-0.84,,
52.636,-0.84,-0.84,-0.84,,
52.651,-0.87,-0.84,-0.84,,
52.665,-0.88,-0.84,-0.84,,
52.68,-0.92,-0.84,-0.85,,
52.695,-0.87,-0.85,-0.85,,
52.71,-0.78,-0.85,-0.84,,
52.725,-0.77,-0.84,-0.84,,
52.74,-0.83,-0.84,-0.84,,
52.755,-0.92,-0.83,-0.84,,
52.77,-0.89,-0.84,-0.84,,
52.785,-0.85,-0.84,-0.84,,
52.8,-0.83,-0.84,-0.84,,
52.815,-0.87,-0.84,-0.84,,
52.83,-0.9,-0.84,-0.85,,
52.844,-0.87,-0.84,-0.85,,
52.859,-0.78,-0.84,-0.84,,
52.874,-0.76,-0.84,-0.83,,
52.889,-0.84,-0.83,-0.83,,
52.904,-0.86,-0.83,-0.83,,
52.918,-0.79,-0.83,-0.83,,
52.933,-0.84,-0.82,-0.82,,
52.948,-0.91,-0.82,-0.83,,
52.963,-0.89,-0.83,-0.84,,
52.978,-0.83,-0.84,-0.84,,
52.993,-0.83,-0.83,-0.83,,
53.008,-0.92,-0.83,-0.84,,
53.023,-0.94,-0.84,-0.85,,
53.038,-0.83,-0.85,-0.85,,
53.053,-0.83,-0.85,-0.85,,
53.067,-0.83,-0.84,-0.84,,
53.082,-0.82,-0.84,-0.84,,
53.097,-0.9,-0.83,-0.84,,
53.112,-0.94,-0.84,-0.85,,
53.127,-0.88,-0.85,-0.85,,
53.142,-0.83,-0.85,-0.85,,
53.157,-0.81,-0.85,-0.84,,
53.173,-0.91,-0.84,-0.84,,
53.188,-0.96,-0.84,-0.85,,
53.203,-0.92,-0.85,-0.86,,
53.218,-0.76,-0.86,-0.85,,
53.233,-0.78,-0.85,-0.84,,
53.248,-0.85,-0.84,-0.84,,
53.263,-0.9,-0.84,-0.84,,
53.277,-0.98,-0.84,-0.85,,
53.292,-0.96,-0.85,-0.86,,
53.307,-0.85,-0.87,-0.86,,
53.323,-0.8,-0.87,-0.86,,
53.338,-0.79,-0.86,-0.85,,
53.352,-0.89,-0.85,-0.85,,
53.367,-0.92,-0.84,-0.85,,
53.382,-0.9,-0.85,-0.85,,
53.396,-0.84,-0.86,-0.86,,
53.411,-0.79,-0.86,-0.85,,
53.425,-0.86,-0.85,-0.85,,
53.44,-0.87,-0.85,-0.85,,
53.454,-0.92,-0.85,-0.85,,
53.469,-0.94,-0.85,-0.86,,
53.483,-0.79,-0.86,-0.85,,
53.498,-0.78,-0.85,-0.84,,
53.512,-0.9,-0.84,-0.85,,
53.527,-0.94,-0.85,-0.86,,
53.542,-0.96,-0.85,-0.86,,
53.556,-0.88,-0.86,-0.86,,
53.571,-0.83,-0.86,-0.86,,
53.585,-0.83,-0.86,-0.86,,
53.6,-0.86,-0.85,-0.85,,
53.614,-0.88,-0.85,-0.85,,
53.629,-0.87,-0.85,-0.85,,
53.644,-0.83,-0.85,-0.85,,
53.658,-0.82,-0.85,-0.85,,
53.673,-0.85,-0.85,-0.85,,
53.688,-0.9,-0.85,-0.85,,
53.703,-0.94,-0.85,-0.86,,
53.718,-0.94,-0.85,-0.86,,
53.733,-0.85,-0.86,-0.86,,
53.748,-0.83,-0.86,-0.86,,
53.762,-0.85,-0.86,-0.86,,
53.777,-0.82,-0.85,-0.85,,
53.791,-0.85,-0.85,-0.85,,
53.806,-0.86,-0.85,-0.85,,
53.821,-0.83,-0.85,-0.84,,
53.836,-0.79,-0.84,-0.84,,
53.851,-0.82,-0.84,-0.83,,
53.867,-0.88,-0.83,-0.84,,
53.881,-0.9,-0.83,-0.84,,
53.896,-0.87,-0.84,-0.84,,
53.912,-0.86,-0.84,-0.84,,
53.926,-0.84,-0.84,-0.84,,
53.941,-0.86,-0.84,-0.84,,
53.956,-0.87,-0.84,-0.84,,
53.97,-0.9,-0.84,-0.85,,
53.985,-0.91,-0.84,-0.85,,
54,-0.87,-0.85,-0.85,,
54.015,-0.85,-0.85,-0.85,,
54.029,-0.85,-0.85,-0.85,,
54.044,-0.84,-0.85,-0.85,,
54.06,-0.79,-0.85,-0.84,,
54.074,-0.91,-0.84,-0.84,,
54.089,-0.94,-0.84,-0.85,,
54.104,-0.89,-0.85,-0.85,,
54.118,-0.83,-0.86,-0.85,,
54.133,-0.84,-0.85,-0.85,,
54.149,-0.84,-0.85,-0.85,,
54.163,-0.87,-0.85,-0.85,,
54.178,-0.87,-0.85,-0.85,,
54.193,-0.89,-0.85,-0.85,,
54.208,-0.87,-0.85,-0.85,,
54.223,-0.85,-0.85,-0.85,,
54.237,-0.83,-0.85,-0.85,,
54.252,-0.8,-0.85,-0.84,,
54.267,-0.89,-0.84,-0.84,,
54.282,-0.91,-0.84,-0.85,,
54.297,-0.92,-0.85,-0.85,,
54.311,-0.84,-0.85,-0.85,,
54.327,-0.78,-0.85,-0.85,,
54.341,-0.83,-0.84,-0.84,,
54.357,-0.86,-0.84,-0.84,,
54.372,-0.82,-0.84,-0.84,,
54.387,-0.81,-0.84,-0.84,,
54.402,-0.8,-0.84,-0.83,,
54.417,-0.82,-0.83,-0.83,,
54.431,-0.86,-0.82,-0.83,,
54.447,-0.87,-0.83,-0.83,,
54.461,-0.87,-0.83,-0.83,,
54.475,-0.85,-0.83,-0.84,,
54.49,-0.75,-0.84,-0.83,,
54.505,-0.79,-0.82,-0.82,,
54.519,-0.93,-0.82,-0.83,,
54.534,-0.87,-0.83,-0.83,,
54.549,-0.78,-0.83,-0.82,,
54.564,-0.8,-0.82,-0.82,,
54.578,-0.82,-0.82,-0.82,,
54.593,-0.85,-0.82,-0.82,,
54.608,-0.87,-0.82,-0.82,,
54.622,-0.9,-0.82,-0.83,,
54.637,-0.88,-0.83,-0.84,,
54.651,-0.79,-0.83,-0.83,,
54.666,-0.84,-0.83,-0.83,,
54.681,-0.86,-0.83,-0.83,,
54.695,-0.87,-0.83,-0.83,,
54.71,-0.9,-0.83,-0.84,,
54.725,-0.84,-0.83,-0.83,,
54.74,-0.78,-0.83,-0.83,,
54.755,-0.76,-0.83,-0.82,,
54.77,-0.9,-0.82,-0.83,,
54.785,-0.94,-0.82,-0.84,,
54.8,-0.85,-0.83,-0.84,,
54.814,-0.85,-0.84,-0.84,,
54.829,-0.83,-0.84,-0.84,,
54.844,-0.83,-0.84,-0.84,,
54.859,-0.86,-0.83,-0.84,,
54.875,-0.89,-0.83,-0.84,,
54.89,-0.94,-0.84,-0.85,,
54.905,-0.85,-0.85,-0.85,,
54.92,-0.79,-0.85,-0.84,,
54.935,-0.78,-0.84,-0.83,,
54.949,-0.8,-0.83,-0.83,,
54.964,-0.88,-0.83,-0.83,,
54.979,-0.85,-0.83,-0.83,,
54.994,-0.81,-0.83,-0.83,,
55.01,-0.82,-0.83,-0.83,,
55.024,-0.85,-0.83,-0.83,,
55.039,-0.87,-0.83,-0.83,,
55.054,-0.94,-0.83,-0.84,,
55.069,-0.94,-0.84,-0.85,,
55.084,-0.76,-0.85,-0.84,,
55.099,-0.73,-0.84,-0.83,,
55.114,-0.81,-0.83,-0.83,,
55.128,-0.92,-0.82,-0.83,,
55.143,-0.97,-0.82,-0.84,,
55.158,-0.9,-0.84,-0.84,,
55.173,-0.83,-0.84,-0.84,,
55.188,-0.81,-0.85,-0.84,,
55.203,-0.76,-0.85,-0.84,,
55.217,-0.79,-0.83,-0.83,,
55.232,-0.91,-0.82,-0.83,,
55.247,-0.92,-0.83,-0.84,,
55.262,-0.86,-0.84,-0.84,,
55.277,-0.79,-0.84,-0.84,,
55.292,-0.77,-0.84,-0.83,,
55.306,-0.81,-0.83,-0.83,,
55.321,-0.9,-0.82,-0.83,,
55.336,-0.92,-0.83,-0.84,,
55.351,-0.89,-0.84,-0.84,,
55.366,-0.83,-0.84,-0.84,,
55.38,-0.8,-0.84,-0.84,,
55.395,-0.83,-0.84,-0.84,,
55.41,-0.93,-0.83,-0.84,,
55.424,-0.92,-0.84,-0.85,,
55.439,-0.81,-0.85,-0.84,,
55.453,-0.8,-0.85,-0.84,,
55.468,-0.82,-0.84,-0.84,,
55.482,-0.89,-0.84,-0.84,,
55.497,-0.9,-0.84,-0.84,,
55.511,-0.9,-0.84,-0.84,,
55.526,-0.9,-0.84,-0.85,,
55.54,-0.83,-0.85,-0.85,,
55.559,-0.83,-0.85,-0.85,,
55.573,-0.84,-0.84,-0.84,,
55.587,-0.86,-0.84,-0.84,,
55.602,-0.84,-0.84,-0.84,,
55.616,-0.85,-0.84,-0.84,,
55.631,-0.86,-0.84,-0.84,,
55.646,-0.85,-0.84,-0.84,,
55.66,-0.87,-0.84,-0.84,,
55.675,-0.85,-0.84,-0.84,,
55.69,-0.83,-0.84,-0.84,,
55.705,-0.78,-0.84,-0.84,,
55.72,-0.77,-0.84,-0.83,,
55.736,-0.83,-0.83,-0.83,,
55.75,-0.9,-0.82,-0.83,,
55.765,-0.91,-0.83,-0.84,,
55.78,-0.89,-0.84,-0.84,,
55.795,-0.81,-0.84,-0.84,,
55.81,-0.81,-0.84,-0.84,,
55.825,-0.85,-0.83,-0.84,,
55.84,-0.87,-0.83,-0.84,,
55.855,-0.92,-0.83,-0.84,,
55.87,-0.89,-0.84,-0.85,,
55.884,-0.74,-0.85,-0.84,,
55.899,-0.69,-0.84,-0.82,,
55.914,-0.79,-0.82,-0.82,,
55.929,-0.86,-0.82,-0.82,,
55.944,-0.96,-0.82,-0.83,,
55.959,-0.87,-0.83,-0.83,,
55.974,-0.79,-0.84,-0.83,,
55.989,-0.79,-0.83,-0.83,,
56.004,-0.83,-0.83,-0.83,,
56.019,-0.88,-0.82,-0.83,,
56.034,-0.9,-0.82,-0.83,,
56.049,-0.87,-0.83,-0.84,,
56.063,-0.74,-0.84,-0.83,,
56.078,-0.73,-0.83,-0.82,,
56.093,-0.8,-0.81,-0.81,,
56.108,-0.83,-0.81,-0.81,,
56.123,-0.9,-0.81,-0.82,,
56.138,-0.88,-0.82,-0.82,,
56.153,-0.8,-0.83,-0.82,,
56.168,-0.78,-0.82,-0.82,,
56.183,-0.88,-0.81,-0.82,,
56.198,-0.9,-0.82,-0.83,,
56.212,-0.8,-0.83,-0.82,,
56.23,-0.79,-0.82,-0.82,,
56.245,-0.78,-0.82,-0.82,,
56.26,-0.79,-0.81,-0.81,,
56.275,-0.92,-0.81,-0.82,,
56.29,-0.95,-0.82,-0.83,,
56.304,-0.83,-0.83,-0.83,,
56.319,-0.8,-0.83,-0.83,,
56.334,-0.85,-0.83,-0.83,,
56.349,-0.86,-0.83,-0.83,,
56.363,-0.9,-0.83,-0.83,,
56.378,-0.92,-0.83,-0.84,,
56.393,-0.86,-0.84,-0.84,,
56.408,-0.74,-0.84,-0.83,,
56.422,-0.79,-0.83,-0.83,,
56.437,-0.86,-0.83,-0.83,,
56.454,-0.9,-0.82,-0.83,,
56.468,-0.92,-0.83,-0.84,,
56.482,-0.85,-0.84,-0.84,,
56.497,-0.77,-0.84,-0.83,,
56.511,-0.79,-0.83,-0.83,,
56.526,-0.79,-0.82,-0.82,,
56.54,-0.88,-0.82,-0.82,,
56.555,-0.9,-0.82,-0.83,,
56.57,-0.84,-0.83,-0.83,,
56.585,-0.83,-0.83,-0.83,,
56.599,-0.76,-0.83,-0.82,,
56.614,-0.72,-0.82,-0.81,,
56.628,-0.84,-0.81,-0.81,,
56.643,-0.94,-0.81,-0.82,,
56.657,-0.88,-0.82,-0.82,,
56.673,-0.82,-0.82,-0.82,,
56.688,-0.72,-0.83,-0.82,,
56.702,-0.76,-0.82,-0.81,,
56.717,-0.9,-0.81,-0.82,,
56.732,-0.93,-0.81,-0.82,,
56.746,-0.89,-0.82,-0.83,,
56.761,-0.88,-0.83,-0.83,,
56.776,-0.82,-0.84,-0.83,,
56.791,-0.79,-0.83,-0.83,,
56.805,-0.81,-0.83,-0.83,,
56.82,-0.87,-0.82,-0.83,,
56.836,-0.96,-0.82,-0.84,,
56.851,-0.92,-0.84,-0.84,,
56.866,-0.81,-0.84,-0.84,,
56.881,-0.79,-0.84,-0.84,,
56.896,-0.83,-0.84,-0.84,,
56.91,-0.86,-0.83,-0.84,,
56.925,-0.89,-0.83,-0.84,,
56.94,-0.85,-0.83,-0.84,,
56.955,-0.85,-0.84,-0.84,,
56.97,-0.83,-0.84,-0.84,,
56.985,-0.8,-0.84,-0.83,,
56.999,-0.85,-0.83,-0.83,,
57.015,-0.9,-0.83,-0.84,,
57.03,-0.94,-0.84,-0.85,,
57.044,-0.87,-0.85,-0.85,,
57.06,-0.85,-0.85,-0.85,,
57.074,-0.79,-0.85,-0.84,,
57.089,-0.82,-0.84,-0.84,,
57.104,-0.9,-0.84,-0.84,,
57.119,-0.9,-0.84,-0.85,,
57.137,-0.85,-0.85,-0.85,,
57.152,-0.78,-0.85,-0.84,,
57.167,-0.76,-0.84,-0.83,,
57.182,-0.81,-0.83,-0.83,,
57.197,-0.88,-0.82,-0.83,,
57.212,-0.85,-0.83,-0.83,,
57.227,-0.84,-0.83,-0.83,,
57.242,-0.85,-0.83,-0.83,,
57.257,-0.81,-0.83,-0.83,,
57.272,-0.78,-0.83,-0.83,,
57.287,-0.83,-0.82,-0.82,,
57.302,-0.93,-0.82,-0.83,,
57.317,-0.94,-0.83,-0.84,,
57.332,-0.82,-0.84,-0.84,,
57.346,-0.73,-0.84,-0.83,,
57.361,-0.78,-0.83,-0.82,,
57.376,-0.87,-0.82,-0.82,,
57.391,-0.96,-0.82,-0.83,,
57.406,-0.94,-0.83,-0.84,,
57.421,-0.83,-0.84,-0.84,,
57.436,-0.79,-0.84,-0.84,,
57.451,-0.83,-0.84,-0.83,,
57.465,-0.85,-0.83,-0.83,,
57.479,-0.82,-0.83,-0.83,,
57.494,-0.83,-0.83,-0.83,,
57.508,-0.84,-0.83,-0.83,,
57.523,-0.8,-0.83,-0.83,,
57.537,-0.87,-0.83,-0.83,,
57.552,-0.92,-0.83,-0.84,,
57.566,-0.91,-0.83,-0.84,,
57.581,-0.88,-0.84,-0.84,,
57.595,-0.81,-0.84,-0.84,,
57.61,-0.78,-0.84,-0.83,,
57.624,-0.75,-0.83,-0.83,,
57.639,-0.77,-0.82,-0.82,,
57.653,-0.84,-0.82,-0.82,,
57.668,-0.99,-0.81,-0.83,,
57.683,-0.99,-0.83,-0.85,,
57.699,-0.84,-0.85,-0.85,,
57.714,-0.78,-0.85,-0.84,,
57.729,-0.83,-0.84,-0.84,,
57.744,-0.81,-0.84,-0.83,,
57.76,-0.87,-0.83,-0.83,,
57.774,-0.94,-0.83,-0.84,,
57.789,-0.88,-0.84,-0.84,,
57.804,-0.72,-0.85,-0.84,,
57.818,-0.72,-0.84,-0.83,,
57.833,-0.81,-0.83,-0.82,,
57.848,-0.88,-0.82,-0.82,,
57.863,-0.94,-0.82,-0.83,,
57.878,-0.96,-0.83,-0.84,,
57.893,-0.79,-0.84,-0.84,,
57.908,-0.75,-0.84,-0.83,,
57.923,-0.81,-0.83,-0.83,,
57.937,-0.86,-0.83,-0.83,,
57.952,-1,-0.82,-0.84,,
57.966,-0.97,-0.84,-0.85,,
57.981,-0.8,-0.85,-0.85,,
57.996,-0.76,-0.85,-0.84,,
58.01,-0.78,-0.84,-0.84,,
58.026,-0.83,-0.83,-0.83,,
58.04,-0.96,-0.82,-0.84,,
58.055,-0.98,-0.84,-0.85,,
58.069,-0.8,-0.85,-0.85,,
58.084,-0.77,-0.85,-0.84,,
58.1,-0.85,-0.84,-0.84,,
58.114,-0.83,-0.84,-0.84,,
58.13,-0.89,-0.83,-0.84,,
58.145,-0.98,-0.83,-0.85,,
58.161,-0.86,-0.85,-0.85,,
58.175,-0.78,-0.85,-0.85,,
58.19,-0.75,-0.85,-0.84,,
58.205,-0.81,-0.84,-0.83,,
58.22,-0.92,-0.83,-0.84,,
58.235,-0.97,-0.83,-0.85,,
58.25,-0.84,-0.85,-0.85,,
58.264,-0.73,-0.85,-0.84,,
58.279,-0.76,-0.84,-0.83,,
58.294,-0.89,-0.82,-0.83,,
58.309,-0.9,-0.83,-0.83,,
58.323,-0.89,-0.83,-0.84,,
58.338,-0.81,-0.84,-0.84,,
58.354,-0.78,-0.84,-0.83,,
58.369,-0.92,-0.83,-0.84,,
58.384,-0.98,-0.83,-0.85,,
58.398,-0.86,-0.84,-0.84,,
58.413,-0.81,-0.85,-0.84,,
58.428,-0.72,-0.85,-0.84,,
58.442,-0.71,-0.84,-0.82,,
58.457,-0.85,-0.82,-0.82,,
58.471,-0.94,-0.82,-0.83,,
58.486,-0.94,-0.82,-0.84,,
58.5,-0.86,-0.84,-0.84,,
58.514,-0.72,-0.84,-0.83,,
58.529,-0.74,-0.83,-0.82,,
58.543,-0.79,-0.82,-0.82,,
58.558,-0.91,-0.81,-0.82,,
58.572,-0.9,-0.82,-0.83,,
58.587,-0.83,-0.82,-0.82,,
58.601,-0.8,-0.82,-0.82,,
58.616,-0.8,-0.82,-0.82,,
58.631,-0.81,-0.82,-0.82,,
58.645,-0.95,-0.81,-0.83,,
58.66,-0.95,-0.82,-0.84,,
58.675,-0.76,-0.84,-0.83,,
58.689,-0.77,-0.83,-0.83,,
58.705,-0.74,-0.83,-0.82,,
58.719,-0.76,-0.81,-0.81,,
58.735,-0.9,-0.8,-0.81,,
58.749,-0.92,-0.81,-0.82,,
58.764,-0.81,-0.82,-0.82,,
58.779,-0.76,-0.82,-0.82,,
58.794,-0.78,-0.82,-0.81,,
58.809,-0.83,-0.81,-0.81,,
58.824,-1.01,-0.8,-0.82,,
58.838,-0.83,-0.82,-0.82,,
58.853,-0.85,-0.83,-0.83,,
58.868,-1.04,-0.82,-0.85,,
58.883,-0.98,-0.84,-0.85,,
58.899,-0.66,-0.86,-0.84,,
58.913,-0.67,-0.86,-0.84,,
58.928,-0.86,-0.83,-0.83,,
58.943,-1.1,-0.82,-0.85,,
58.957,-0.85,-0.85,-0.85,,
58.972,-0.7,-0.85,-0.84,,
58.987,-0.95,-0.83,-0.84,,
59.001,-1.03,-0.83,-0.85,,
59.016,-0.73,-0.86,-0.85,,
59.031,-0.58,-0.86,-0.83,,
59.047,-0.79,-0.83,-0.83,,
59.061,-0.89,-0.82,-0.82,,
59.076,-0.75,-0.82,-0.81,,
59.091,-0.91,-0.81,-0.82,,
59.106,-1.04,-0.81,-0.83,,
59.121,-0.93,-0.83,-0.84,,
59.136,-0.74,-0.85,-0.84,,
59.151,-0.62,-0.85,-0.83,,
59.165,-0.7,-0.83,-0.82,,
59.18,-0.77,-0.81,-0.8,,
59.195,-0.83,-0.79,-0.8,,
59.21,-1.06,-0.79,-0.82,,
59.225,-1.07,-0.81,-0.84,,
59.24,-0.89,-0.84,-0.84,,
59.255,-0.74,-0.85,-0.84,,
59.27,-0.61,-0.84,-0.82,,
59.285,-0.67,-0.81,-0.8,,
59.3,-0.92,-0.79,-0.8,,
59.315,-0.98,-0.8,-0.82,,
59.33,-0.91,-0.82,-0.83,,
59.344,-0.8,-0.83,-0.83,,
59.359,-0.85,-0.83,-0.83,,
59.374,-0.93,-0.83,-0.84,,
59.388,-0.77,-0.84,-0.83,,
59.403,-0.67,-0.83,-0.82,,
59.418,-0.91,-0.82,-0.82,,
59.432,-1.13,-0.81,-0.85,,
59.448,-0.82,-0.86,-0.85,,
59.462,-0.63,-0.87,-0.84,,
59.478,-0.64,-0.84,-0.82,,
59.493,-0.94,-0.81,-0.82,,
59.507,-0.85,-0.81,-0.82,,
59.522,-0.76,-0.82,-0.81,,
59.537,-0.94,-0.81,-0.82,,
59.551,-1.12,-0.81,-0.84,,
59.566,-0.84,-0.84,-0.84,,
59.58,-0.64,-0.85,-0.83,,
59.595,-0.78,-0.84,-0.83,,
59.61,-0.88,-0.83,-0.83,,
59.624,-0.82,-0.83,-0.83,,
59.639,-0.83,-0.82,-0.82,,
59.653,-1.1,-0.81,-0.84,,
59.667,-1.18,-0.84,-0.87,,
59.682,-0.8,-0.88,-0.87,,
59.697,-0.66,-0.88,-0.86,,
59.712,-0.65,-0.87,-0.85,,
59.727,-0.71,-0.84,-0.83,,
59.742,-0.87,-0.82,-0.82,,
59.757,-0.99,-0.81,-0.83,,
59.772,-1.07,-0.82,-0.85,,
59.787,-0.96,-0.85,-0.86,,
59.803,-0.79,-0.87,-0.86,,
59.817,-0.72,-0.86,-0.85,,
59.832,-0.63,-0.85,-0.83,,
59.847,-0.72,-0.83,-0.82,,
59.862,-1.1,-0.8,-0.83,,
59.877,-1.15,-0.82,-0.86,,
59.892,-0.64,-0.86,-0.84,,
59.907,-0.61,-0.85,-0.83,,
59.922,-0.96,-0.82,-0.84,,
59.936,-1.06,-0.83,-0.85,,
59.951,-0.72,-0.85,-0.84,,
59.966,-0.64,-0.84,-0.82,,
59.981,-1.04,-0.82,-0.84,,
59.995,-1.18,-0.83,-0.87,,
60.01,-0.75,-0.87,-0.85,,
60.025,-0.66,-0.86,-0.84,,
60.04,-0.94,-0.84,-0.85,,
60.056,-0.91,-0.85,-0.85,,
60.07,-0.63,-0.86,-0.84,,
60.085,-0.62,-0.84,-0.81,,
60.1,-1.03,-0.81,-0.83,,
60.115,-1.2,-0.82,-0.86,,
60.131,-0.86,-0.87,-0.87,,
60.146,-0.57,-0.88,-0.85,,
60.161,-0.67,-0.85,-0.83,,
60.176,-0.91,-0.82,-0.83,,
60.191,-0.96,-0.82,-0.83,,
60.206,-0.84,-0.83,-0.83,,
60.221,-0.88,-0.83,-0.83,,
60.236,-0.89,-0.84,-0.84,,
60.251,-0.84,-0.84,-0.84,,
60.266,-0.66,-0.85,-0.83,,
60.281,-0.75,-0.83,-0.82,,
60.296,-1.03,-0.81,-0.83,,
60.31,-0.94,-0.83,-0.84,,
60.325,-0.66,-0.84,-0.83,,
60.34,-0.73,-0.82,-0.81,,
60.355,-1.12,-0.8,-0.84,,
60.37,-1.09,-0.83,-0.86,,
60.385,-0.76,-0.86,-0.85,,
60.4,-0.74,-0.86,-0.85,,
60.417,-0.8,-0.85,-0.84,,
60.431,-0.81,-0.84,-0.84,,
60.446,-0.89,-0.83,-0.84,,
60.46,-0.97,-0.83,-0.84,,
60.475,-1.02,-0.84,-0.86,,
60.49,-0.81,-0.87,-0.86,,
60.504,-0.59,-0.87,-0.84,,
60.519,-0.66,-0.84,-0.82,,
60.533,-0.87,-0.81,-0.82,,
60.548,-0.96,-0.81,-0.82,,
60.562,-0.92,-0.82,-0.83,,
60.577,-0.84,-0.83,-0.83,,
60.591,-0.73,-0.84,-0.83,,
60.606,-0.74,-0.83,-0.82,,
60.62,-0.83,-0.82,-0.82,,
60.635,-0.94,-0.81,-0.82,,
60.649,-1.01,-0.82,-0.84,,
60.664,-0.77,-0.83,-0.83,,
60.678,-0.68,-0.83,-0.82,,
60.693,-0.7,-0.82,-0.81,,
60.708,-0.82,-0.8,-0.81,,
60.723,-1.01,-0.8,-0.82,,
60.737,-0.95,-0.82,-0.83,,
60.755,-0.8,-0.84,-0.83,,
60.769,-0.79,-0.83,-0.83,,
60.784,-0.79,-0.83,-0.82,,
60.799,-0.93,-0.82,-0.83,,
60.814,-1.02,-0.82,-0.84,,
60.829,-0.9,-0.84,-0.85,,
60.843,-0.81,-0.85,-0.85,,
60.858,-0.77,-0.85,-0.84,,
60.873,-0.8,-0.84,-0.83,,
60.888,-0.99,-0.83,-0.84,,
60.903,-0.97,-0.84,-0.85,,
60.918,-0.81,-0.85,-0.85,,
60.933,-0.76,-0.85,-0.84,,
60.948,-0.77,-0.85,-0.84,,
60.964,-0.82,-0.83,-0.83,,
60.978,-0.83,-0.83,-0.83,,
60.994,-0.85,-0.82,-0.82,,
61.009,-0.81,-0.82,-0.82,,
61.024,-0.77,-0.83,-0.82,,
61.038,-0.84,-0.82,-0.82,,
61.053,-0.98,-0.82,-0.83,,
61.068,-0.96,-0.83,-0.84,,
61.083,-0.75,-0.85,-0.84,,
61.097,-0.53,-0.86,-0.82,,
61.112,-0.65,-0.83,-0.81,,
61.127,-0.95,-0.8,-0.81,,
61.142,-0.89,-0.8,-0.81,,
61.157,-0.87,-0.8,-0.8,,
61.172,-1.05,-0.8,-0.82,,
61.187,-1.08,-0.82,-0.84,,
61.202,-0.85,-0.86,-0.86,,
61.217,-0.64,-0.88,-0.86,,
61.232,-0.73,-0.86,-0.85,,
61.247,-0.76,-0.84,-0.83,,
61.262,-0.66,-0.83,-0.81,,
61.277,-0.68,-0.8,-0.79,,
61.293,-1.32,-0.77,-0.83,,
61.308,-1.36,-0.82,-0.87,,
61.323,-0.71,-0.88,-0.86,,
61.338,-0.56,-0.88,-0.85,,
61.353,-0.68,-0.86,-0.84,,
61.368,-0.76,-0.84,-0.83,,
61.383,-0.65,-0.83,-0.81,,
61.398,-0.67,-0.81,-0.79,,
61.415,-1.13,-0.78,-0.81,,
61.43,-1.2,-0.79,-0.83,,
61.445,-0.76,-0.83,-0.82,,
61.459,-0.77,-0.84,-0.83,,
61.474,-1.46,-0.84,-0.9,,
61.488,-1.42,-0.9,-0.96,,
61.503,-0.38,-0.98,-0.92,,
61.518,-0.15,-0.97,-0.89,,
61.532,-0.65,-0.91,-0.88,,
61.547,-0.79,-0.88,-0.87,,
61.561,-0.54,-0.86,-0.83,,
61.576,-0.35,-0.83,-0.78,,
61.591,-0.7,-0.77,-0.77,,
61.605,-1,-0.72,-0.75,,
61.62,-1.03,-0.71,-0.74,,
61.634,-1.01,-0.73,-0.76,,
61.651,-1.61,-0.75,-0.83,,
61.665,-1.52,-0.84,-0.9,,
61.68,-0.49,-0.93,-0.89,,
61.694,-0.23,-0.93,-0.86,,
61.709,-0.49,-0.89,-0.85,,
61.724,-0.63,-0.86,-0.84,,
61.739,-0.56,-0.84,-0.81,,
61.757,-0.44,-0.81,-0.77,,
61.773,-0.57,-0.74,-0.72,,
61.788,-0.86,-0.68,-0.7,,
61.802,-0.96,-0.67,-0.7,,
61.818,-1.47,-0.67,-0.75,,
61.833,-1.58,-0.74,-0.83,,
61.848,-0.85,-0.84,-0.84,,
61.863,-0.56,-0.88,-0.85,,
61.878,-0.49,-0.89,-0.85,,
61.892,-0.57,-0.86,-0.84,,
61.908,-0.55,-0.84,-0.82,,
61.923,-0.55,-0.81,-0.79,,
61.937,-0.5,-0.78,-0.75,,
61.952,-0.57,-0.72,-0.71,,
61.967,-0.89,-0.67,-0.7,,
61.982,-1.18,-0.66,-0.71,,
61.997,-1.42,-0.69,-0.76,,
62.011,-1.2,-0.77,-0.81,,
62.027,-0.53,-0.84,-0.81,,
62.042,-0.5,-0.83,-0.8,,
62.056,-0.59,-0.82,-0.79,,
62.071,-0.6,-0.8,-0.78,,
62.088,-0.64,-0.78,-0.77,,
62.103,-0.59,-0.75,-0.73,,
62.118,-0.67,-0.71,-0.71,,
62.132,-0.95,-0.68,-0.71,,
62.147,-1.47,-0.69,-0.76,,
62.162,-1.31,-0.77,-0.82,,
62.178,-0.63,-0.84,-0.82,,
62.193,-0.45,-0.84,-0.8,,
62.208,-0.53,-0.8,-0.78,,
62.223,-0.61,-0.78,-0.76,,
62.238,-0.59,-0.75,-0.73,,
62.253,-0.94,-0.72,-0.74,,
62.268,-1.18,-0.72,-0.77,,
62.283,-1.07,-0.76,-0.79,,
62.298,-0.75,-0.8,-0.8,,
62.313,-0.54,-0.81,-0.79,,
62.328,-0.59,-0.79,-0.77,,
62.343,-0.63,-0.77,-0.76,,
62.358,-0.68,-0.75,-0.74,,
62.373,-1.02,-0.73,-0.76,,
62.387,-1.16,-0.75,-0.79,,
62.402,-0.9,-0.78,-0.8,,
62.417,-0.71,-0.81,-0.8,,
62.431,-0.62,-0.81,-0.79,,
62.446,-0.7,-0.79,-0.78,,
62.461,-0.9,-0.77,-0.78,,
62.475,-0.93,-0.77,-0.79,,
62.49,-0.9,-0.79,-0.8,,
62.504,-0.81,-0.8,-0.8,,
62.519,-0.69,-0.8,-0.79,,
62.533,-0.76,-0.79,-0.79,,
62.549,-0.83,-0.79,-0.79,,
62.563,-0.89,-0.79,-0.8,,
62.578,-0.91,-0.79,-0.81,,
62.593,-0.83,-0.81,-0.81,,
62.608,-0.81,-0.81,-0.81,,
62.622,-0.83,-0.81,-0.81,,
62.638,-0.83,-0.81,-0.81,,
62.653,-0.81,-0.81,-0.81,,
62.667,-0.83,-0.81,-0.81,,
62.681,-0.81,-0.81,-0.81,,
62.696,-0.78,-0.81,-0.81,,
62.711,-0.79,-0.81,-0.8,,
62.726,-0.83,-0.8,-0.81,,
62.741,-0.86,-0.8,-0.81,,
62.756,-0.88,-0.81,-0.81,,
62.771,-0.85,-0.81,-0.82,,
62.786,-0.85,-0.82,-0.82,,
62.801,-0.78,-0.82,-0.82,,
62.816,-0.7,-0.82,-0.81,,
62.831,-0.14,-0.8,-0.74,,
62.847,1.14,-0.72,-0.53,,
62.861,0.61,-0.4,-0.3,,
62.876,-4.98,-0.13,-0.61,,
62.891,0.22,-0.62,-0.54,,
62.905,3.27,-0.54,-0.16,,
62.92,-0.78,0.14,0.05,,
62.935,-7.38,0.43,-0.35,,
62.95,-5.36,-0.23,-0.75,,
62.965,-1.45,-0.79,-0.86,,
62.981,-2.39,-0.97,-1.11,,
63.005,-1.11,-1.37,-1.35,,
63.02,-0.21,-1.51,-1.38,,
63.035,-0.98,-1.48,-1.43,,
63.05,-1.78,-1.41,-1.45,,
63.065,-1.42,-1.44,-1.44,,
63.079,-0.72,-1.5,-1.42,,
63.094,-0.07,-1.54,-1.4,,
63.109,-0.21,-1.52,-1.39,,
63.124,-0.06,-1.47,-1.33,,
63.139,-0.05,-1.35,-1.22,,
63.154,-0.58,-1.22,-1.15,,
63.168,-1.04,-1.11,-1.1,,
63.183,-1.21,-1.06,-1.07,,
63.198,-1.17,-1.04,-1.06,,
63.214,-2.94,-1.03,-1.23,,
63.229,-3.21,-1.27,-1.47,,
63.244,2.48,-1.59,-1.19,,
63.259,1.01,-1.22,-1,,
63.274,-2.22,-0.95,-1.07,,
63.288,-3.27,-1.02,-1.25,,
63.303,0.54,-1.26,-1.08,,
63.318,1,-1.15,-0.93,,
63.333,-3.72,-0.93,-1.21,,
63.348,-3.46,-1.26,-1.48,,
63.363,-2.14,-1.55,-1.61,,
63.378,-0.97,-1.6,-1.53,,
63.393,2.06,-1.42,-1.08,,
63.408,2.48,-0.91,-0.57,,
63.425,0.91,-0.35,-0.23,,
63.44,-2.76,-0.07,-0.34,,
63.455,-1.61,-0.29,-0.42,,
63.469,-1.08,-0.41,-0.47,,
63.484,-2.33,-0.42,-0.61,,
63.498,-2.34,-0.54,-0.72,,
63.513,-1.95,-0.71,-0.83,,
63.527,-2.03,-0.86,-0.97,,
63.542,-1.93,-1.05,-1.14,,
63.557,-2.96,-1.24,-1.41,,
63.571,-2.86,-1.57,-1.7,,
63.585,1.9,-2.02,-1.63,,
63.6,1.78,-1.94,-1.57,,
63.614,-0.6,-1.61,-1.51,,
63.629,-0.9,-1.53,-1.47,,
63.644,-0.29,-1.5,-1.37,,
63.659,0.14,-1.38,-1.23,,
63.673,-0.38,-1.2,-1.11,,
63.687,-0.95,-1.07,-1.06,,
63.702,-0.54,-1.05,-1,,
63.717,-0.54,-1,-0.95,,
63.732,-0.89,-0.98,-0.97,,
63.746,-1.67,-0.99,-1.06,,
63.761,-1.4,-1.06,-1.09,,
63.776,-1.02,-1.1,-1.09,,
63.791,-1.15,-1.1,-1.11,,
63.806,-0.77,-1.13,-1.09,,
63.821,-1.01,-1.09,-1.08,,
63.836,-0.1,-1.05,-0.95,,
63.851,1.29,-0.9,-0.68,,
63.866,4.5,-0.65,-0.13,,
63.881,3.96,-0.02,0.38,,
63.896,0.06,0.61,0.55,,
63.911,-1.71,0.96,0.69,,
63.925,-7.19,1.06,0.23,,
63.94,-6.85,0.1,-0.6,,
63.955,0.05,-1.06,-0.95,,
63.97,0.86,-1.73,-1.47,,
63.985,-3.25,-2.25,-2.35,,
64,-5.11,-2.85,-3.08,,
64.015,-4.37,-3.39,-3.49,,
64.03,-2.03,-3.49,-3.34,,
64.045,1.98,-3.21,-2.69,,
64.06,4.29,-2.43,-1.76,,
64.074,10.06,-1.71,-0.54,,
64.089,6.37,-1.01,-0.27,,
64.103,-4.85,-0.82,-1.22,,
64.118,-3.66,-1.93,-2.1,,
64.135,3.14,-2.78,-2.19,,
64.15,4.85,-2.65,-1.9,,
64.165,7.25,-2.13,-1.19,,
64.179,8.4,-1.27,-0.3,,
64.194,4.06,-0.26,0.17,,
64.209,4.24,0.32,0.72,,
64.224,3.07,0.83,1.05,,
64.238,0.59,1.01,0.97,,
64.253,4.59,0.77,1.15,,
64.268,6.79,0.78,1.38,,
64.282,3.03,1.14,1.33,,
64.297,1.89,1.32,1.38,,
64.311,2.04,1.35,1.42,,
64.326,2.33,1.35,1.45,,
64.341,-0.11,1.46,1.3,,
64.356,-0.46,1.44,1.25,,
64.37,2.83,1.35,1.5,,
64.386,3.68,1.63,1.84,,
64.401,4.57,1.99,2.25,,
64.415,9.09,2.25,2.93,,
64.429,24.15,2.46,4.63,,
64.444,14.76,3.79,4.88,,
64.458,-2.05,4.4,3.76,,
64.473,2.12,3.37,3.25,,
64.487,8.29,2.85,3.39,,
64.502,12.55,2.81,3.78,,
64.516,12.97,3.42,4.38,,
64.53,3.03,4.25,4.13,,
64.545,4.6,3.92,3.99,,
64.559,9.85,3.74,4.35,,
64.573,10.07,4.17,4.76,,
64.587,7.81,4.63,4.94,,
64.601,5.75,4.84,4.93,,
64.616,9.33,4.74,5.2,,
64.63,12.89,4.88,5.68,,
64.644,13.11,5.47,6.23,,
64.66,8.46,6.23,6.45,,
64.674,8.38,6.44,6.64,,
64.689,10.09,6.6,6.95,,
64.703,9.81,6.92,7.21,,
64.717,9.5,7.19,7.42,,
64.731,9.72,7.4,7.64,,
64.746,9.38,7.62,7.8,,
64.761,9.44,7.79,7.96,,
64.775,9.61,7.95,8.11,,
64.79,9.32,8.12,8.24,,
64.805,9.22,8.25,8.34,,
64.819,9.59,8.34,8.46,,
64.834,9.52,8.47,8.57,,
64.849,9.21,8.6,8.66,,
64.863,9.19,8.68,8.73,,
64.877,9.65,8.73,8.82,,
64.892,9.51,8.83,8.9,,
64.907,9.39,8.92,8.97,,
64.922,9.33,8.99,9.03,,
64.936,9.11,9.06,9.06,,
64.95,9.9,9.08,9.16,,
64.964,8.91,9.18,9.15,,
64.979,8.47,9.19,9.12,,
64.993,8.45,9.14,9.07,,
65.008,8.98,9.04,9.03,,
65.022,10.13,8.98,9.09,,
65.037,9.99,9.11,9.2,,
65.052,9.86,9.25,9.32,,
65.066,7.85,9.4,9.25,,
65.08,9.75,9.29,9.34,,
65.095,9.9,9.3,9.36,,
65.109,9.01,9.36,9.33,,
65.124,8.98,9.33,9.3,,
65.139,9.26,9.3,9.3,,
65.154,9.12,9.3,9.28,,
65.168,9.18,9.28,9.27,,
65.183,9.19,9.28,9.27,,
65.197,9.09,9.27,9.25,,
65.211,9.16,9.25,9.25,,
65.226,9.21,9.25,9.24,,
65.241,9.16,9.24,9.24,,
65.255,9.17,9.24,9.23,,
65.27,9.22,9.23,9.23,,
65.284,9.22,9.23,9.23,,
65.299,9.17,9.23,9.22,,
65.315,9.11,9.23,9.22,,
65.33,9.24,9.22,9.22,,
65.345,9.25,9.22,9.22,,
65.359,9.16,9.22,9.22,,
65.374,9.17,9.22,9.21,,
65.389,9.18,9.21,9.21,,
65.404,9.18,9.21,9.21,,
65.419,9.2,9.21,9.21,,
65.433,9.22,9.21,9.21,,
65.447,9.21,9.21,9.21,,
65.462,9.21,9.21,9.21,,
65.476,9.25,9.21,9.22,,
65.491,9.23,9.22,9.22,,
65.505,9.21,9.22,9.22,,
65.519,9.2,9.22,9.22,,
65.533,9.18,9.22,9.22,,
65.547,9.17,9.22,9.21,,
65.561,9.22,9.21,9.21,,
65.576,9.25,9.21,9.22,,
65.59,9.23,9.22,9.22,,
65.605,9.18,9.22,9.22,,
65.619,9.19,9.22,9.22,,
65.634,9.25,9.22,9.22,,
65.648,9.27,9.22,9.23,,
65.663,9.23,9.23,9.23,,
65.677,9.15,9.23,9.22,,
65.691,9.19,9.22,9.22,,
65.706,9.22,9.22,9.22,,
65.72,9.21,9.22,9.22,,
65.735,9.16,9.22,9.22,,
65.75,9.19,9.22,9.21,,
65.764,9.26,9.21,9.22,,
65.779,9.23,9.22,9.22,,
65.793,9.17,9.22,9.22,,
65.808,9.15,9.22,9.21,,
65.823,9.19,9.21,9.21,,
65.837,9.22,9.21,9.21,,
65.852,9.21,9.21,9.21,,
65.867,9.18,9.22,9.21,,
65.882,9.21,9.21,9.21,,
65.897,9.2,9.21,9.21,,
65.911,9.21,9.21,9.21,,
65.926,9.19,9.21,9.21,,
65.941,9.19,9.21,9.21,,
65.957,9.2,9.21,9.21,,
65.972,9.22,9.21,9.22,,
65.987,9.2,9.22,9.21,,
66.002,9.19,9.22,9.21,,
66.016,9.16,9.21,9.21,,
66.031,9.25,9.21,9.21,,
66.046,9.24,9.22,9.22,,
66.06,9.18,9.22,9.22,,
66.075,9.17,9.22,9.21,,
66.09,9.22,9.22,9.22,,
66.104,9.17,9.22,9.21,,
66.119,9.2,9.22,9.21,,
66.133,9.28,9.22,9.22,,
66.148,9.18,9.22,9.22,,
66.163,9.11,9.22,9.21,,
66.177,9.15,9.21,9.2,,
66.192,9.25,9.2,9.21,,
66.206,9.19,9.21,9.21,,
66.221,9.2,9.21,9.21,,
66.235,9.24,9.21,9.22,,
66.25,9.23,9.22,9.22,,
66.265,9.15,9.22,9.21,,
66.279,9.14,9.21,9.2,,
66.294,9.19,9.2,9.2,,
66.309,9.23,9.2,9.21,,
66.323,9.2,9.21,9.21,,
66.338,9.16,9.21,9.2,,
66.352,9.19,9.2,9.2,,
66.367,9.3,9.21,9.21,,
66.382,9.26,9.22,9.22,,
66.396,9.13,9.22,9.21,,
66.411,9.16,9.21,9.21,,
66.426,9.24,9.21,9.21,,
66.44,9.22,9.22,9.22,,
66.455,9.17,9.22,9.21,,
66.469,9.18,9.21,9.21,,
66.485,9.19,9.21,9.21,,
66.5,9.21,9.21,9.21,,
66.515,9.31,9.21,9.22,,
66.529,9.29,9.22,9.23,,
66.543,9.57,9.23,9.26,,
66.557,8.66,9.27,9.21,,
66.572,9.1,9.21,9.2,,
66.586,9.65,9.19,9.24,,
66.6,9.22,9.24,9.24,,
66.615,8.91,9.25,9.21,,
66.629,9.01,9.21,9.19,,
66.644,9.42,9.19,9.21,,
66.659,9.48,9.21,9.24,,
66.673,8.95,9.24,9.21,,
66.687,9,9.22,9.2,,
66.701,9.34,9.2,9.21,,
66.716,9.3,9.21,9.22,,
66.73,9.18,9.22,9.22,,
66.744,9.15,9.22,9.21,,
66.759,9.12,9.21,9.2,,
66.774,9.27,9.2,9.21,,
66.788,9.2,9.21,9.21,,
66.803,9.09,9.21,9.2,,
66.817,9.21,9.2,9.2,,
66.832,9.29,9.2,9.21,,
66.847,9.17,9.21,9.21,,
66.862,9.11,9.21,9.2,,
66.876,9.2,9.2,9.2,,
66.89,9.17,9.2,9.2,,
66.905,9.17,9.2,9.2,,
66.919,9.13,9.2,9.19,,
66.934,9.14,9.19,9.19,,
66.948,9.15,9.19,9.19,,
66.963,9.21,9.19,9.19,,
66.978,9.28,9.19,9.2,,
66.993,9.14,9.2,9.2,,
67.007,9.1,9.2,9.19,,
67.022,9.21,9.19,9.19,,
67.036,9.22,9.19,9.19,,
67.051,9.14,9.19,9.19,,
67.066,9.15,9.19,9.19,,
67.081,9.25,9.19,9.19,,
67.095,9.21,9.19,9.19,,
67.11,9.1,9.2,9.19,,
67.124,9.13,9.19,9.18,,
67.139,9.15,9.18,9.18,,
67.153,9.16,9.18,9.18,,
67.168,9.1,9.18,9.17,,
67.183,9.17,9.17,9.17,,
67.198,9.28,9.17,9.18,,
67.213,9.21,9.18,9.19,,
67.228,9.13,9.19,9.18,,
67.242,9.15,9.18,9.18,,
67.257,9.19,9.18,9.18,,
67.272,9.18,9.18,9.18,,
67.286,9.22,9.19,9.19,,
67.301,9.2,9.19,9.19,,
67.316,9.2,9.19,9.19,,
67.331,9.2,9.19,9.2,,
67.345,9.21,9.2,9.2,,
67.359,9.22,9.2,9.2,,
67.374,9.21,9.2,9.2,,
67.388,9.2,9.2,9.2,,
67.403,9.16,9.2,9.2,,
67.418,9.17,9.2,9.2,,
67.433,9.2,9.2,9.2,,
67.447,9.25,9.2,9.21,,
67.462,9.25,9.21,9.21,,
67.476,9.22,9.21,9.22,,
67.491,9.19,9.22,9.21,,
67.505,9.18,9.22,9.21,,
67.52,9.21,9.21,9.21,,
67.534,9.17,9.22,9.21,,
67.549,9.15,9.21,9.21,,
67.563,9.2,9.21,9.21,,
67.577,9.19,9.21,9.21,,
67.592,9.18,9.21,9.2,,
67.606,9.12,9.21,9.2,,
67.62,9.18,9.2,9.2,,
67.634,9.19,9.2,9.2,,
67.649,9.18,9.2,9.2,,
67.665,9.21,9.2,9.2,,
67.679,9.24,9.2,9.2,,
67.693,9.22,9.2,9.21,,
67.708,9.21,9.21,9.21,,
67.722,9.23,9.21,9.21,,
67.736,9.22,9.21,9.21,,
67.751,9.2,9.21,9.21,,
67.768,9.2,9.21,9.21,,
67.782,9.23,9.21,9.22,,
67.797,9.23,9.22,9.22,,
67.811,9.19,9.22,9.22,,
67.826,9.17,9.22,9.21,,
67.841,9.21,9.21,9.21,,
67.855,9.22,9.21,9.21,,
67.87,9.15,9.22,9.21,,
67.885,9.16,9.21,9.21,,
67.899,9.22,9.21,9.21,,
67.916,9.24,9.21,9.21,,
67.93,9.21,9.21,9.21,,
67.945,9.2,9.21,9.21,,
67.96,9.19,9.21,9.21,,
67.974,9.23,9.21,9.21,,
67.989,9.17,9.21,9.21,,
68.003,9.11,9.21,9.2,,
68.018,9.16,9.2,9.2,,
68.033,9.2,9.2,9.2,,
68.047,9.22,9.2,9.2,,
68.062,9.21,9.2,9.2,,
68.076,9.16,9.2,9.2,,
68.091,9.17,9.2,9.2,,
68.106,9.19,9.2,9.2,,
68.12,9.2,9.2,9.2,,
68.135,9.23,9.2,9.2,,
68.149,9.28,9.2,9.21,,
68.164,9.23,9.21,9.21,,
68.178,9.18,9.21,9.21,,
68.193,9.19,9.21,9.21,,
68.207,9.22,9.21,9.21,,
68.222,9.22,9.21,9.21,,
68.236,9.19,9.22,9.21,,
68.251,9.17,9.21,9.21,,
68.266,9.22,9.21,9.21,,
68.28,9.28,9.21,9.22,,
68.294,9.19,9.22,9.22,,
68.309,9.14,9.22,9.21,,
68.323,9.16,9.21,9.21,,
68.338,9.24,9.21,9.21,,
68.352,9.23,9.21,9.21,,
68.366,9.13,9.22,9.21,,
68.381,9.15,9.21,9.21,,
68.396,9.23,9.21,9.21,,
68.41,9.21,9.21,9.21,,
68.424,9.18,9.21,9.21,,
68.439,9.19,9.21,9.21,,
68.453,9.18,9.21,9.21,,
68.467,9.21,9.21,9.21,,
68.482,9.24,9.21,9.21,,
68.496,9.26,9.21,9.21,,
68.511,9.24,9.22,9.22,,
68.525,9.17,9.22,9.21,,
68.539,9.19,9.21,9.21,,
68.554,9.19,9.21,9.21,,
68.568,9.16,9.21,9.2,,
68.582,9.19,9.21,9.21,,
68.596,9.22,9.21,9.21,,
68.61,9.19,9.21,9.21,,
68.625,9.13,9.21,9.2,,
68.639,9.1,9.2,9.19,,
68.653,9.16,9.19,9.19,,
68.668,9.2,9.19,9.19,,
68.682,9.21,9.19,9.2,,
68.697,9.19,9.2,9.2,,
68.711,9.18,9.2,9.2,,
68.726,9.25,9.2,9.2,,
68.74,9.15,9.2,9.2,,
68.754,9.11,9.2,9.19,,
68.769,9.27,9.19,9.2,,
68.783,9.27,9.2,9.21,,
68.798,9.23,9.21,9.21,,
68.813,9.16,9.21,9.21,,
68.827,9.2,9.21,9.21,,
68.841,9.23,9.21,9.21,,
68.856,9.23,9.21,9.21,,
68.87,9.08,9.21,9.2,,
68.885,9.1,9.2,9.19,,
68.9,9.26,9.19,9.2,,
68.915,9.25,9.2,9.21,,
68.931,9.23,9.21,9.21,,
68.946,9.23,9.21,9.21,,
68.961,9.18,9.22,9.21,,
68.976,9.16,9.21,9.21,,
68.99,9.18,9.21,9.21,,
69.005,9.16,9.21,9.2,,
69.02,9.23,9.2,9.21,,
69.035,9.24,9.21,9.21,,
69.049,9.12,9.21,9.2,,
69.064,9.12,9.2,9.2,,
69.079,9.24,9.2,9.2,,
69.093,9.22,9.2,9.21,,
69.108,9.2,9.21,9.21,,
69.122,8.74,9.21,9.16,,
69.137,9.06,9.16,9.15,,
69.152,9.57,9.15,9.19,,
69.166,9.15,9.19,9.19,,
69.181,9.12,9.19,9.18,,
69.196,9.38,9.19,9.21,,
69.211,9.3,9.21,9.22,,
69.226,9.1,9.22,9.21,,
69.241,9.03,9.21,9.19,,
69.256,9.21,9.19,9.19,,
69.27,9.44,9.19,9.22,,
69.285,9.2,9.22,9.22,,
69.299,8.89,9.22,9.19,,
69.314,9.22,9.19,9.19,,
69.328,9.33,9.19,9.21,,
69.343,9.07,9.21,9.2,,
69.358,9.14,9.2,9.19,,
69.373,9.3,9.19,9.2,,
69.387,9.28,9.2,9.21,,
69.402,9.21,9.21,9.21,,
69.417,9.19,9.21,9.21,,
69.432,9.3,9.21,9.22,,
69.446,9.36,9.22,9.24,,
69.461,9.07,9.24,9.22,,
69.475,9.03,9.23,9.21,,
69.49,9.12,9.21,9.2,,
69.504,9.27,9.2,9.21,,
69.519,9.29,9.21,9.22,,
69.534,9.25,9.22,9.22,,
69.548,9.18,9.22,9.22,,
69.563,9.2,9.22,9.22,,
69.577,9.2,9.22,9.22,,
69.591,9.19,9.22,9.21,,
69.606,9.22,9.21,9.21,,
69.62,9.27,9.22,9.22,,
69.634,9.17,9.22,9.22,,
69.649,9.22,9.22,9.22,,
69.663,9.24,9.22,9.22,,
69.677,9.21,9.22,9.22,,
69.691,9.19,9.23,9.22,,
69.706,9.19,9.22,9.22,,
69.72,9.2,9.22,9.22,,
69.734,9.18,9.22,9.22,,
69.749,9.13,9.22,9.21,,
69.763,9.18,9.21,9.21,,
69.778,9.26,9.21,9.21,,
69.793,9.19,9.22,9.21,,
69.808,9.13,9.22,9.21,,
69.822,9.2,9.21,9.21,,
69.837,9.21,9.21,9.21,,
69.852,9.2,9.21,9.21,,
69.866,9.2,9.21,9.21,,
69.881,9.21,9.21,9.21,,
69.896,9.2,9.22,9.21,,
69.91,9.13,9.22,9.21,,
69.925,9.13,9.21,9.2,,
69.939,9.19,9.2,9.2,,
69.957,9.24,9.2,9.21,,
69.972,9.15,9.21,9.2,,
69.987,9.15,9.21,9.2,,
70.001,9.21,9.2,9.2,,
70.017,9.24,9.2,9.21,,
70.031,9.18,9.21,9.2,,
70.046,9.19,9.21,9.2,,
70.06,9.23,9.21,9.21,,
70.075,9.09,9.21,9.2,,
70.09,9.09,9.2,9.19,,
70.104,9.24,9.19,9.19,,
70.119,9.25,9.2,9.2,,
70.133,9.22,9.2,9.2,,
70.148,9.19,9.21,9.2,,
70.163,9.14,9.21,9.2,,
70.18,9.21,9.2,9.2,,
70.194,9.18,9.2,9.2,,
70.209,9.15,9.2,9.2,,
70.224,9.23,9.2,9.2,,
70.239,9.26,9.2,9.21,,
70.253,9.12,9.21,9.2,,
70.268,9.13,9.2,9.19,,
70.283,9.17,9.19,9.19,,
70.298,9.16,9.19,9.19,,
70.313,9.19,9.19,9.19,,
70.327,9.21,9.19,9.19,,
70.342,9.25,9.2,9.2,,
70.357,9.23,9.2,9.21,,
70.371,9.17,9.21,9.21,,
70.388,9.15,9.21,9.2,,
70.406,9.08,9.2,9.19,,
70.421,9.21,9.19,9.19,,
70.435,9.25,9.2,9.2,,
70.45,9.19,9.2,9.2,,
70.465,9.19,9.2,9.2,,
70.479,9.19,9.2,9.2,,
70.494,9.22,9.2,9.2,,
70.508,9.23,9.2,9.21,,
70.522,9.2,9.21,9.21,,
70.536,9.17,9.21,9.21,,
70.551,9.2,9.21,9.21,,
70.565,9.21,9.21,9.21,,
70.579,9.18,9.21,9.2,,
70.594,9.18,9.21,9.2,,
70.608,9.23,9.2,9.21,,
70.624,9.25,9.21,9.21,,
70.638,9.24,9.22,9.22,,
70.653,9.23,9.22,9.22,,
70.667,9.25,9.22,9.22,,
70.681,9.22,9.22,9.22,,
70.696,9.21,9.23,9.22,,
70.71,9.21,9.23,9.23,,
70.725,9.22,9.23,9.23,,
70.74,9.2,9.23,9.22,,
70.754,9.24,9.23,9.23,,
70.768,9.27,9.23,9.23,,
70.784,9.21,9.23,9.23,,
70.798,9.18,9.23,9.23,,
70.813,9.2,9.23,9.23,,
70.828,9.16,9.23,9.22,,
70.843,9.19,9.22,9.22,,
70.858,9.28,9.22,9.23,,
70.872,9.27,9.23,9.23,,
70.888,9.21,9.23,9.23,,
70.903,9.17,9.23,9.23,,
70.918,9.13,9.23,9.22,,
70.932,9.12,9.22,9.21,,
70.946,9.17,9.21,9.21,,
70.963,9.21,9.21,9.21,,
70.978,9.22,9.22,9.22,,
70.992,9.2,9.22,9.22,,
71.007,9.14,9.22,9.21,,
71.022,9.18,9.21,9.21,,
71.037,9.24,9.21,9.21,,
71.052,9.27,9.21,9.22,,
71.067,9.2,9.22,9.22,,
71.081,9.17,9.22,9.22,,
71.096,9.15,9.22,9.21,,
71.11,9.18,9.21,9.21,,
71.125,9.21,9.21,9.21,,
71.139,9.24,9.21,9.21,,
71.154,9.2,9.21,9.21,,
71.168,9.16,9.21,9.21,,
71.183,9.22,9.21,9.21,,
71.198,9.22,9.21,9.21,,
71.212,9.18,9.22,9.21,,
71.227,9.18,9.21,9.21,,
71.241,9.14,9.21,9.2,,
71.256,9.13,9.2,9.2,,
71.271,9.21,9.2,9.2,,
71.286,9.18,9.2,9.2,,
71.3,9.17,9.2,9.2,,
71.315,9.17,9.2,9.2,,
71.33,9.14,9.2,9.19,,
71.344,9.15,9.19,9.19,,
71.359,9.2,9.19,9.19,,
71.373,9.19,9.19,9.19,,
71.388,9.21,9.19,9.19,,
71.403,9.24,9.19,9.2,,
71.417,9.23,9.2,9.2,,
71.432,9.17,9.21,9.2,,
71.447,9.15,9.2,9.2,,
71.461,9.21,9.2,9.2,,
71.476,9.28,9.2,9.21,,
71.491,9.21,9.21,9.21,,
71.505,9.23,9.21,9.21,,
71.523,9.22,9.21,9.21,,
71.537,9.18,9.21,9.21,,
71.552,9.15,9.21,9.21,,
71.566,9.15,9.21,9.2,,
71.58,9.18,9.2,9.2,,
71.595,9.15,9.2,9.2,,
71.609,9.23,9.2,9.2,,
71.623,9.22,9.2,9.2,,
71.638,9.18,9.2,9.2,,
71.652,9.17,9.2,9.2,,
71.666,9.23,9.2,9.2,,
71.681,9.27,9.2,9.21,,
71.695,9.24,9.21,9.21,,
71.709,9.19,9.22,9.21,,
71.724,9.19,9.22,9.21,,
71.738,9.19,9.21,9.21,,
71.753,9.18,9.21,9.21,,
71.767,9.18,9.21,9.21,,
71.782,9.18,9.21,9.21,,
71.796,9.17,9.21,9.2,,
71.811,9.17,9.2,9.2,,
71.825,9.19,9.2,9.2,,
71.84,9.19,9.2,9.2,,
71.854,9.2,9.2,9.2,,
71.869,9.2,9.2,9.2,,
71.883,9.18,9.2,9.2,,
71.898,9.16,9.2,9.2,,
71.912,9.17,9.2,9.2,,
71.927,9.17,9.2,9.2,,
71.942,9.18,9.2,9.2,,
71.956,9.22,9.2,9.2,,
71.971,9.18,9.2,9.2,,
71.986,9.24,9.2,9.21,,
72.001,9.21,9.21,9.21,,
72.016,9.2,9.21,9.21,,
72.03,9.22,9.21,9.21,,
72.045,9.21,9.21,9.21,,
72.059,9.22,9.21,9.22,,
72.077,9.18,9.22,9.21,,
72.092,9.21,9.21,9.21,,
72.106,9.2,9.21,9.21,,
72.121,9.12,9.22,9.21,,
72.135,9.13,9.21,9.2,,
72.15,9.15,9.2,9.2,,
72.165,9.18,9.2,9.2,,
72.179,9.19,9.2,9.2,,
72.195,9.17,9.2,9.2,,
72.21,9.21,9.2,9.2,,
72.224,9.24,9.2,9.2,,
72.238,9.22,9.21,9.21,,
72.253,9.22,9.21,9.21,,
72.268,9.23,9.21,9.21,,
72.282,9.2,9.21,9.21,,
72.297,9.19,9.21,9.21,,
72.311,9.15,9.21,9.21,,
72.326,9.17,9.21,9.21,,
72.34,9.19,9.21,9.2,,
72.355,9.18,9.21,9.2,,
72.369,9.14,9.21,9.2,,
72.384,9.17,9.2,9.2,,
72.398,9.22,9.2,9.2,,
72.413,9.22,9.2,9.2,,
72.427,9.22,9.2,9.21,,
72.442,9.22,9.21,9.21,,
72.456,9.24,9.21,9.21,,
72.471,9.26,9.22,9.22,,
72.486,9.28,9.22,9.23,,
72.5,9.23,9.23,9.23,,
72.514,9.19,9.23,9.23,,
72.529,9.14,9.23,9.22,,
72.544,9.17,9.22,9.22,,
72.558,9.24,9.22,9.22,,
72.572,9.23,9.22,9.22,,
72.587,9.19,9.22,9.22,,
72.601,9.18,9.22,9.21,,
72.615,9.18,9.22,9.21,,
72.634,9.17,9.21,9.21,,
72.648,9.2,9.21,9.21,,
72.662,9.21,9.21,9.21,,
72.679,9.21,9.21,9.21,,
72.693,9.2,9.22,9.21,,
72.709,9.19,9.22,9.21,,
72.724,9.22,9.21,9.21,,
72.738,9.19,9.21,9.21,,
72.752,9.16,9.21,9.21,,
72.766,9.17,9.21,9.21,,
72.781,9.17,9.21,9.2,,
72.795,9.17,9.2,9.2,,
72.81,9.17,9.2,9.2,,
72.825,9.17,9.2,9.2,,
72.839,9.19,9.2,9.2,,
72.854,9.18,9.2,9.2,,
72.869,9.19,9.2,9.2,,
72.883,9.18,9.2,9.2,,
72.9,9.2,9.2,9.2,,
72.915,9.19,9.2,9.2,,
72.929,9.2,9.2,9.2,,
72.944,9.2,9.2,9.2,,
72.958,9.19,9.2,9.2,,
72.973,9.18,9.2,9.2,,
72.988,9.19,9.2,9.2,,
73.002,9.21,9.2,9.2,,
73.017,9.2,9.2,9.2,,
73.031,9.14,9.21,9.2,,
73.047,9.15,9.2,9.2,,
73.061,9.24,9.2,9.2,,
73.076,9.21,9.2,9.2,,
73.091,9.18,9.21,9.2,,
73.105,9.21,9.2,9.2,,
73.12,9.26,9.21,9.21,,
73.135,9.23,9.21,9.21,,
73.149,9.22,9.22,9.22,,
73.164,9.22,9.22,9.22,,
73.179,9.23,9.22,9.22,,
73.195,9.21,9.22,9.22,,
73.21,9.17,9.22,9.22,,
73.225,9.14,9.22,9.21,,
73.239,9.18,9.21,9.21,,
73.254,9.22,9.21,9.21,,
73.268,9.25,9.21,9.22,,
73.283,9.17,9.22,9.21,,
73.298,9.09,9.21,9.2,,
73.312,9.12,9.2,9.19,,
73.326,9.19,9.2,9.19,,
73.341,9.28,9.2,9.2,,
73.356,9.18,9.21,9.2,,
73.37,9.15,9.21,9.2,,
73.386,9.17,9.2,9.2,,
73.4,9.2,9.2,9.2,,
73.416,9.22,9.2,9.2,,
73.431,9.17,9.2,9.2,,
73.446,9.17,9.2,9.2,,
73.46,9.2,9.2,9.2,,
73.475,9.2,9.2,9.2,,
73.489,9.2,9.2,9.2,,
73.504,9.21,9.21,9.21,,
73.519,9.19,9.21,9.21,,
73.533,9.17,9.21,9.2,,
73.547,9.2,9.2,9.2,,
73.562,9.18,9.2,9.2,,
73.576,9.2,9.2,9.2,,
73.59,9.2,9.21,9.2,,
73.605,9.18,9.21,9.2,,
73.619,9.2,9.2,9.2,,
73.633,9.19,9.2,9.2,,
73.649,9.22,9.2,9.21,,
73.663,9.22,9.21,9.21,,
73.677,9.27,9.21,9.22,,
73.692,9.25,9.22,9.22,,
73.706,9.12,9.22,9.21,,
73.72,9.13,9.21,9.2,,
73.734,9.22,9.21,9.21,,
73.749,9.22,9.21,9.21,,
73.763,9.17,9.21,9.21,,
73.777,9.18,9.21,9.21,,
73.792,9.19,9.21,9.2,,
73.807,9.19,9.21,9.21,,
73.821,9.2,9.21,9.21,,
73.836,9.25,9.21,9.21,,
73.851,9.26,9.21,9.22,,
73.865,9.21,9.22,9.22,,
73.88,9.19,9.22,9.22,,
73.894,9.19,9.22,9.22,,
73.909,9.24,9.22,9.22,,
73.923,9.17,9.22,9.21,,
73.938,9.14,9.22,9.21,,
73.954,9.21,9.21,9.21,,
73.971,9.16,9.21,9.21,,
73.985,9.16,9.21,9.2,,
74,9.18,9.2,9.2,,
74.015,9.19,9.2,9.2,,
74.03,9.3,9.2,9.21,,
74.044,9.3,9.21,9.22,,
74.059,9.18,9.22,9.22,,
74.073,9.19,9.22,9.22,,
74.088,9.18,9.22,9.21,,
74.102,9.15,9.21,9.21,,
74.117,9.18,9.21,9.21,,
74.132,9.24,9.21,9.21,,
74.147,9.21,9.21,9.21,,
74.162,9.15,9.21,9.21,,
74.176,9.2,9.21,9.21,,
74.191,9.23,9.21,9.21,,
74.206,9.22,9.21,9.21,,
74.22,9.18,9.21,9.21,,
74.234,9.12,9.21,9.2,,
74.249,9.18,9.2,9.2,,
74.266,9.21,9.2,9.2,,
74.281,9.25,9.21,9.21,,
74.295,9.24,9.21,9.21,,
74.31,9.17,9.22,9.21,,
74.325,9.18,9.21,9.21,,
74.339,9.16,9.21,9.21,,
74.354,9.14,9.21,9.2,,
74.369,9.14,9.2,9.2,,
74.383,9.13,9.2,9.19,,
74.398,9.19,9.19,9.19,,
74.414,9.2,9.19,9.19,,
74.428,9.2,9.19,9.19,,
74.442,9.24,9.2,9.2,,
74.457,9.26,9.2,9.21,,
74.471,9.21,9.21,9.21,,
74.486,9.14,9.21,9.2,,
74.501,9.17,9.2,9.2,,
74.516,9.23,9.2,9.2,,
74.53,9.2,9.2,9.2,,
74.545,9.21,9.21,9.21,,
74.562,9.23,9.21,9.21,,
74.577,9.21,9.21,9.21,,
74.591,9.21,9.21,9.21,,
74.605,9.18,9.21,9.21,,
74.62,9.2,9.21,9.21,,
74.634,9.19,9.21,9.21,,
74.648,9.21,9.21,9.21,,
74.663,9.23,9.21,9.21,,
74.677,9.19,9.21,9.21,,
74.691,9.15,9.21,9.21,,
74.706,9.13,9.21,9.2,,
74.72,9.17,9.2,9.2,,
74.735,9.19,9.2,9.2,,
74.749,9.15,9.2,9.2,,
74.763,9.17,9.2,9.2,,
74.778,9.19,9.2,9.2,,
74.792,9.17,9.2,9.19,,
74.806,9.18,9.2,9.19,,
74.821,9.17,9.2,9.19,,
74.836,9.17,9.2,9.19,,
74.851,9.17,9.19,9.19,,
74.866,9.18,9.19,9.19,,
74.88,9.19,9.19,9.19,,
74.899,9.23,9.2,9.2,,
74.91,9.22,9.2,9.2,,
74.924,9.16,9.21,9.2,,
74.938,9.15,9.2,9.2,,
74.953,9.23,9.2,9.2,,
74.968,9.18,9.2,9.2,,
74.982,9.15,9.2,9.2,,
74.997,9.18,9.2,9.2,,
75.012,9.23,9.2,9.2,,
75.027,9.23,9.2,9.2,,
75.041,9.19,9.2,9.2,,
75.056,9.2,9.2,9.2,,
75.07,9.2,9.2,9.2,,
75.085,9.22,9.2,9.2,,
75.1,9.21,9.2,9.21,,
75.114,9.18,9.21,9.2,,
75.129,9.23,9.21,9.21,,
75.143,9.29,9.21,9.22,,
75.158,9.25,9.22,9.22,,
75.173,9.21,9.22,9.22,,
75.188,9.17,9.22,9.22,,
75.202,9.17,9.22,9.21,,
75.217,9.2,9.22,9.21,,
75.232,9.24,9.22,9.22,,
75.248,9.22,9.22,9.22,,
75.263,9.19,9.22,9.22,,
75.277,9.21,9.22,9.22,,
75.292,9.19,9.22,9.22,,
75.307,9.21,9.22,9.22,,
75.322,9.2,9.22,9.22,,
75.336,9.2,9.22,9.22,,
75.351,9.19,9.22,9.21,,
75.365,9.26,9.21,9.22,,
75.38,9.22,9.22,9.22,,
75.395,9.15,9.22,9.21,,
75.409,9.22,9.21,9.21,,
75.424,9.27,9.22,9.22,,
75.439,9.25,9.23,9.23,,
75.454,9.19,9.23,9.22,,
75.469,9.18,9.23,9.22,,
75.483,9.16,9.22,9.22,,
75.498,9.18,9.22,9.21,,
75.512,9.22,9.21,9.22,,
75.527,9.18,9.22,9.21,,
75.541,9.15,9.21,9.21,,
75.557,9.21,9.21,9.21,,
75.572,9.22,9.21,9.21,,
75.586,9.24,9.21,9.21,,
75.6,9.28,9.22,9.22,,
75.614,9.18,9.22,9.22,,
75.629,9.17,9.22,9.22,,
75.643,9.19,9.22,9.21,,
75.657,9.18,9.22,9.21,,
75.672,9.21,9.21,9.21,,
75.686,9.17,9.21,9.21,,
75.7,9.19,9.21,9.21,,
75.714,9.27,9.21,9.22,,
75.729,9.29,9.22,9.22,,
75.743,9.18,9.22,9.22,,
75.758,9.14,9.22,9.21,,
75.772,9.12,9.21,9.2,,
75.786,9.16,9.21,9.2,,
75.801,9.22,9.2,9.2,,
75.815,9.17,9.2,9.2,,
75.829,9.2,9.2,9.2,,
75.844,9.2,9.2,9.2,,
75.859,9.14,9.2,9.2,,
75.874,9.16,9.2,9.2,,
75.889,9.22,9.2,9.2,,
75.903,9.22,9.2,9.2,,
75.918,9.23,9.2,9.21,,
75.932,9.18,9.21,9.2,,
75.947,9.19,9.21,9.2,,
75.961,9.21,9.21,9.21,,
75.976,9.2,9.21,9.21,,
75.99,9.17,9.21,9.2,,
76.005,9.18,9.2,9.2,,
76.019,9.18,9.2,9.2,,
76.034,9.14,9.2,9.2,,
76.048,9.16,9.2,9.19,,
76.063,9.17,9.2,9.19,,
76.077,9.22,9.19,9.2,,
76.092,9.22,9.2,9.2,,
76.107,9.24,9.2,9.21,,
76.122,9.23,9.21,9.21,,
76.137,9.17,9.21,9.21,,
76.152,9.17,9.21,9.21,,
76.166,9.19,9.21,9.2,,
76.181,9.17,9.21,9.2,,
76.196,9.16,9.2,9.2,,
76.211,9.18,9.2,9.2,,
76.225,9.22,9.2,9.2,,
76.242,9.2,9.2,9.2,,
76.256,9.15,9.2,9.2,,
76.271,9.16,9.2,9.2,,
76.285,9.16,9.2,9.19,,
76.3,9.2,9.19,9.19,,
76.314,9.23,9.19,9.2,,
76.329,9.21,9.2,9.2,,
76.344,9.19,9.2,9.2,,
76.359,9.2,9.2,9.2,,
76.373,9.21,9.2,9.2,,
76.388,9.23,9.21,9.21,,
76.403,9.22,9.21,9.21,,
76.418,9.2,9.21,9.21,,
76.432,9.14,9.21,9.21,,
76.447,9.18,9.21,9.21,,
76.461,9.18,9.21,9.2,,
76.476,9.22,9.21,9.21,,
76.49,9.24,9.21,9.21,,
76.505,9.24,9.21,9.22,,
76.519,9.22,9.22,9.22,,
76.534,9.18,9.22,9.22,,
76.549,9.17,9.22,9.21,,
76.563,9.19,9.21,9.21,,
76.577,9.2,9.21,9.21,,
76.591,9.17,9.21,9.21,,
76.606,9.16,9.21,9.2,,
76.62,9.21,9.21,9.21,,
76.634,9.18,9.21,9.2,,
76.649,9.17,9.21,9.2,,
76.663,9.23,9.2,9.2,,
76.677,9.24,9.21,9.21,,
76.691,9.21,9.21,9.21,,
76.706,9.17,9.21,9.21,,
76.72,9.23,9.21,9.21,,
76.734,9.25,9.21,9.22,,
76.749,9.11,9.22,9.21,,
76.766,9.12,9.21,9.2,,
76.78,9.15,9.2,9.19,,
76.794,9.17,9.2,9.19,,
76.809,9.21,9.19,9.19,,
76.823,9.21,9.2,9.2,,
76.838,9.22,9.2,9.2,,
76.852,9.26,9.2,9.21,,
76.867,9.29,9.21,9.22,,
76.882,9.19,9.22,9.22,,
76.896,9.18,9.22,9.21,,
76.911,9.18,9.22,9.21,,
76.925,9.18,9.21,9.21,,
76.94,9.2,9.21,9.21,,
76.954,9.18,9.21,9.21,,
76.969,9.2,9.21,9.21,,
76.983,9.19,9.21,9.21,,
76.998,9.21,9.21,9.21,,
77.013,9.21,9.21,9.21,,
77.028,9.17,9.21,9.21,,
77.042,9.17,9.21,9.21,,
77.057,9.17,9.21,9.2,,
77.071,9.21,9.21,9.21,,
77.086,9.22,9.21,9.21,,
77.1,9.22,9.21,9.21,,
77.115,9.15,9.21,9.2,,
77.13,9.17,9.21,9.2,,
77.144,9.23,9.21,9.21,,
77.158,9.23,9.21,9.21,,
77.173,9.16,9.21,9.21,,
77.188,9.16,9.21,9.2,,
77.202,9.18,9.2,9.2,,
77.217,9.24,9.2,9.21,,
77.231,9.24,9.21,9.21,,
77.246,9.25,9.21,9.22,,
77.262,9.19,9.22,9.22,,
77.276,9.21,9.22,9.22,,
77.291,9.19,9.22,9.22,,
77.306,9.2,9.22,9.22,,
77.321,9.21,9.22,9.22,,
77.335,9.22,9.22,9.22,,
77.35,9.18,9.22,9.22,,
77.365,9.16,9.22,9.21,,
77.379,9.2,9.21,9.21,,
77.394,9.28,9.21,9.22,,
77.408,9.29,9.22,9.23,,
77.423,9.21,9.23,9.23,,
77.438,9.16,9.23,9.22,,
77.453,9.19,9.22,9.22,,
77.467,9.26,9.22,9.23,,
77.483,9.23,9.23,9.23,,
77.497,9.19,9.23,9.23,,
77.512,9.2,9.23,9.23,,
77.527,9.24,9.23,9.23,,
77.541,9.16,9.23,9.22,,
77.556,9.17,9.23,9.22,,
77.571,9.26,9.22,9.22,,
77.585,9.23,9.23,9.23,,
77.599,9.21,9.23,9.23,,
77.614,9.22,9.23,9.23,,
77.628,9.2,9.23,9.23,,
77.642,9.25,9.23,9.23,,
77.656,9.26,9.23,9.23,,
77.671,9.24,9.23,9.24,,
77.687,9.24,9.24,9.24,,
77.702,9.14,9.24,9.23,,
77.716,9.17,9.23,9.22,,
77.73,9.23,9.22,9.22,,
77.744,9.21,9.22,9.22,,
77.758,9.24,9.23,9.23,,
77.772,9.21,9.23,9.23,,
77.787,9.18,9.23,9.22,,
77.801,9.21,9.22,9.22,,
77.816,9.24,9.23,9.23,,
77.83,9.27,9.23,9.23,,
77.845,9.22,9.24,9.23,,
77.86,9.17,9.24,9.23,,
77.874,9.19,9.23,9.23,,
77.889,9.2,9.23,9.22,,
77.904,9.2,9.23,9.22,,
77.918,9.2,9.22,9.22,,
77.933,9.21,9.22,9.22,,
77.948,9.23,9.22,9.22,,
77.962,9.26,9.22,9.23,,
77.977,9.19,9.23,9.22,,
77.992,9.18,9.23,9.22,,
78.006,9.21,9.22,9.22,,
78.021,9.2,9.22,9.22,,
78.036,9.12,9.22,9.21,,
78.05,9.18,9.21,9.21,,
78.064,9.18,9.21,9.21,,
78.079,9.19,9.21,9.21,,
78.093,9.2,9.21,9.21,,
78.108,9.13,9.21,9.2,,
78.123,9.13,9.2,9.2,,
78.139,9.19,9.2,9.2,,
78.154,9.25,9.2,9.2,,
78.168,9.23,9.21,9.21,,
78.183,9.24,9.21,9.21,,
78.198,9.2,9.21,9.21,,
78.213,9.17,9.21,9.21,,
78.227,9.21,9.21,9.21,,
78.242,9.22,9.21,9.22,,
78.256,9.21,9.22,9.21,,
78.271,9.17,9.22,9.21,,
78.285,9.2,9.21,9.21,,
78.3,9.24,9.21,9.22,,
78.314,9.2,9.22,9.22,,
78.329,9.16,9.22,9.21,,
78.343,9.17,9.21,9.21,,
78.358,9.15,9.21,9.2,,
78.373,9.16,9.21,9.2,,
78.387,9.19,9.2,9.2,,
78.402,9.17,9.2,9.2,,
78.417,9.2,9.2,9.2,,
78.431,9.18,9.2,9.2,,
78.446,9.22,9.2,9.2,,
78.461,9.19,9.2,9.2,,
78.476,9.19,9.2,9.2,,
78.49,9.2,9.2,9.2,,
78.505,9.17,9.21,9.2,,
78.519,9.11,9.2,9.19,,
78.534,9.14,9.2,9.19,,
78.548,9.26,9.19,9.2,,
78.562,9.26,9.2,9.2,,
78.576,9.24,9.2,9.21,,
78.591,9.24,9.21,9.21,,
78.605,9.21,9.22,9.21,,
78.62,9.2,9.22,9.21,,
78.634,9.17,9.22,9.21,,
78.648,9.14,9.21,9.2,,
78.663,9.21,9.21,9.21,,
78.677,9.21,9.21,9.21,,
78.692,9.19,9.21,9.21,,
78.707,9.16,9.21,9.2,,
78.721,9.16,9.21,9.2,,
78.735,9.14,9.2,9.2,,
78.749,9.17,9.2,9.19,,
78.764,9.23,9.2,9.2,,
78.778,9.23,9.2,9.2,,
78.792,9.21,9.21,9.21,,
78.807,9.16,9.21,9.2,,
78.821,9.18,9.2,9.2,,
78.836,9.23,9.2,9.21,,
78.85,9.2,9.21,9.21,,
78.865,9.17,9.21,9.21,,
78.88,9.18,9.21,9.2,,
78.895,9.18,9.2,9.2,,
78.909,9.16,9.2,9.2,,
78.925,9.21,9.2,9.2,,
78.94,9.24,9.2,9.21,,
78.955,9.22,9.21,9.21,,
78.969,9.18,9.21,9.21,,
78.983,9.19,9.21,9.21,,
78.998,9.15,9.21,9.2,,
79.012,9.12,9.2,9.19,,
79.027,9.24,9.2,9.2,,
79.041,9.25,9.2,9.21,,
79.056,9.2,9.21,9.21,,
79.071,9.19,9.21,9.21,,
79.085,9.19,9.21,9.21,,
79.1,9.23,9.21,9.21,,
79.115,9.23,9.21,9.21,,
79.13,9.21,9.22,9.21,,
79.144,9.24,9.22,9.22,,
79.159,9.23,9.22,9.22,,
79.173,9.16,9.22,9.22,,
79.188,9.18,9.22,9.21,,
79.202,9.26,9.22,9.22,,
79.217,9.2,9.22,9.22,,
79.231,9.19,9.22,9.22,,
79.246,9.24,9.22,9.22,,
79.26,9.27,9.22,9.23,,
79.275,9.24,9.23,9.23,,
79.29,9.21,9.23,9.23,,
79.304,9.25,9.23,9.23,,
79.319,9.24,9.24,9.24,,
79.334,9.19,9.24,9.23,,
79.348,9.18,9.24,9.23,,
79.363,9.17,9.23,9.23,,
79.378,9.17,9.23,9.22,,
79.393,9.16,9.22,9.22,,
79.407,9.19,9.22,9.22,,
79.422,9.24,9.22,9.22,,
79.436,9.24,9.22,9.23,,
79.451,9.2,9.23,9.22,,
79.466,9.24,9.23,9.23,,
79.481,9.25,9.23,9.23,,
79.495,9.22,9.23,9.23,,
79.51,9.18,9.23,9.23,,
79.524,9.2,9.23,9.23,,
79.539,9.2,9.23,9.22,,
79.553,9.2,9.23,9.23,,
79.567,9.2,9.23,9.23,,
79.582,9.2,9.23,9.23,,
79.596,9.22,9.23,9.23,,
79.611,9.16,9.23,9.22,,
79.626,9.24,9.22,9.22,,
79.64,9.24,9.22,9.23,,
79.655,9.22,9.23,9.22,,
79.669,9.2,9.23,9.22,,
79.683,9.17,9.22,9.22,,
79.697,9.15,9.22,9.21,,
79.712,9.21,9.21,9.21,,
79.726,9.23,9.22,9.22,,
79.741,9.21,9.22,9.22,,
79.755,9.23,9.22,9.22,,
79.769,9.23,9.22,9.22,,
79.784,9.21,9.23,9.22,,
79.798,9.21,9.23,9.22,,
79.813,9.21,9.23,9.22,,
79.828,9.18,9.23,9.22,,
79.843,9.14,9.22,9.22,,
79.857,9.17,9.22,9.21,,
79.871,9.18,9.21,9.21,,
79.886,9.2,9.21,9.21,,
79.9,9.2,9.21,9.21,,
79.915,9.22,9.21,9.21,,
79.93,9.19,9.21,9.21,,
79.944,9.14,9.21,9.21,,
79.959,9.17,9.21,9.21,,
79.973,9.19,9.21,9.21,,
79.988,9.19,9.21,9.21,,
80.003,9.2,9.21,9.21,,
80.017,9.22,9.21,9.21,,
80.032,9.2,9.21,9.21,,
80.047,9.17,9.21,9.21,,
80.062,9.2,9.21,9.21,,
80.076,9.21,9.21,9.21,,
80.091,9.22,9.21,9.21,,
80.105,9.22,9.21,9.21,,
80.12,9.22,9.22,9.22,,
80.135,9.17,9.22,9.21,,
80.149,9.17,9.21,9.21,,
80.164,9.18,9.21,9.21,,
80.179,9.19,9.21,9.21,,
80.194,9.15,9.21,9.2,,
80.208,9.19,9.2,9.2,,
80.223,9.21,9.2,9.2,,
80.237,9.18,9.21,9.2,,
80.252,9.21,9.21,9.21,,
80.267,9.21,9.21,9.21,,
80.281,9.22,9.21,9.21,,
80.296,9.19,9.21,9.21,,
80.311,9.15,9.21,9.21,,
80.325,9.18,9.21,9.2,,
80.34,9.16,9.2,9.2,,
80.355,9.15,9.2,9.19,,
80.37,9.18,9.2,9.19,,
80.384,9.2,9.2,9.2,,
80.399,9.2,9.2,9.2,,
80.414,9.17,9.2,9.2,,
80.428,9.22,9.2,9.2,,
80.443,9.23,9.2,9.2,,
80.457,9.19,9.21,9.2,,
80.472,9.19,9.21,9.2,,
80.487,9.2,9.21,9.21,,
80.501,9.21,9.21,9.21,,
80.516,9.2,9.21,9.21,,
80.531,9.18,9.21,9.21,,
80.546,9.21,9.21,9.21,,
80.56,9.22,9.21,9.21,,
80.575,9.23,9.21,9.21,,
80.589,9.23,9.21,9.21,,
80.603,9.2,9.22,9.21,,
80.618,9.21,9.22,9.22,,
80.632,9.23,9.22,9.22,,
80.646,9.22,9.22,9.22,,
80.66,9.22,9.22,9.22,,
80.675,9.24,9.22,9.22,,
80.689,9.27,9.23,9.23,,
80.703,9.26,9.23,9.23,,
80.718,9.16,9.24,9.23,,
80.732,9.18,9.23,9.22,,
80.746,9.21,9.23,9.22,,
80.764,9.22,9.23,9.22,,
80.778,9.19,9.23,9.22,,
80.792,9.2,9.22,9.22,,
80.807,9.21,9.22,9.22,,
80.821,9.19,9.22,9.22,,
80.836,9.15,9.22,9.21,,
80.85,9.18,9.22,9.21,,
80.865,9.16,9.21,9.21,,
80.879,9.18,9.21,9.21,,
80.894,9.19,9.21,9.21,,
80.909,9.18,9.21,9.2,,
80.924,9.14,9.2,9.2,,
80.938,9.19,9.2,9.2,,
80.953,9.25,9.2,9.21,,
80.968,9.23,9.21,9.21,,
80.983,9.13,9.21,9.2,,
80.997,9.16,9.2,9.2,,
81.011,9.24,9.2,9.21,,
81.026,9.2,9.21,9.21,,
81.04,9.14,9.21,9.2,,
81.055,9.16,9.2,9.2,,
81.069,9.18,9.2,9.2,,
81.084,9.17,9.2,9.19,,
81.099,9.16,9.2,9.19,,
81.115,9.24,9.19,9.2,,
81.129,9.21,9.2,9.2,,
81.144,9.17,9.2,9.2,,
81.159,9.18,9.2,9.2,,
81.174,9.21,9.2,9.2,,
81.189,9.25,9.2,9.2,,
81.204,9.21,9.21,9.21,,
81.218,9.18,9.21,9.2,,
81.232,9.18,9.21,9.2,,
81.247,9.18,9.2,9.2,,
81.262,9.15,9.2,9.2,,
81.276,9.15,9.2,9.19,,
81.291,9.22,9.2,9.2,,
81.305,9.21,9.2,9.2,,
81.32,9.2,9.2,9.2,,
81.334,9.2,9.2,9.2,,
81.349,9.18,9.21,9.2,,
81.364,9.2,9.2,9.2,,
81.378,9.23,9.2,9.21,,
81.393,9.23,9.21,9.21,,
81.408,9.24,9.21,9.21,,
81.423,9.24,9.22,9.22,,
81.438,9.21,9.22,9.22,,
81.453,9.21,9.22,9.22,,
81.467,9.18,9.22,9.22,,
81.482,9.15,9.22,9.21,,
81.497,9.21,9.21,9.21,,
81.512,9.2,9.21,9.21,,
81.526,9.16,9.21,9.21,,
81.541,9.18,9.21,9.21,,
81.556,9.19,9.21,9.2,,
81.57,9.2,9.21,9.21,,
81.585,9.19,9.21,9.21,,
81.599,9.18,9.21,9.2,,
81.613,9.18,9.2,9.2,,
81.627,9.17,9.2,9.2,,
81.642,9.24,9.2,9.21,,
81.656,9.23,9.21,9.21,,
81.67,9.22,9.21,9.21,,
81.685,9.21,9.21,9.21,,
81.699,9.2,9.22,9.21,,
81.713,9.18,9.22,9.21,,
81.727,9.21,9.21,9.21,,
81.742,9.23,9.21,9.21,,
81.756,9.19,9.22,9.21,,
81.771,9.17,9.21,9.21,,
81.785,9.19,9.21,9.21,,
81.8,9.22,9.21,9.21,,
81.814,9.21,9.21,9.21,,
81.828,9.21,9.21,9.21,,
81.843,9.17,9.21,9.21,,
81.857,9.19,9.21,9.21,,
81.872,9.16,9.21,9.21,,
81.887,9.17,9.21,9.2,,
81.901,9.16,9.2,9.2,,
81.915,9.17,9.2,9.2,,
81.93,9.24,9.2,9.21,,
81.945,9.26,9.21,9.21,,
81.959,9.27,9.21,9.22,,
81.974,9.18,9.22,9.22,,
81.989,9.21,9.22,9.21,,
82.004,9.23,9.22,9.22,,
82.019,9.2,9.22,9.22,,
82.033,9.21,9.22,9.22,,
82.048,9.21,9.22,9.22,,
82.062,9.19,9.22,9.22,,
82.076,9.18,9.22,9.21,,
82.091,9.2,9.22,9.21,,
82.106,9.17,9.22,9.21,,
82.12,9.18,9.21,9.21,,
82.137,9.2,9.21,9.21,,
82.152,9.17,9.21,9.21,,
82.166,9.17,9.21,9.2,,
82.181,9.21,9.2,9.21,,
82.195,9.2,9.21,9.21,,
82.209,9.18,9.21,9.21,,
82.224,9.22,9.21,9.21,,
82.239,9.26,9.21,9.22,,
82.253,9.28,9.22,9.22,,
82.268,9.17,9.22,9.22,,
82.283,9.16,9.22,9.22,,
82.298,9.22,9.22,9.22,,
82.312,9.2,9.22,9.22,,
82.328,9.16,9.22,9.21,,
82.342,9.18,9.21,9.21,,
82.357,9.24,9.21,9.21,,
82.371,9.21,9.22,9.22,,
82.386,9.13,9.22,9.21,,
82.401,9.14,9.21,9.2,,
82.416,9.16,9.21,9.2,,
82.43,9.17,9.2,9.2,,
82.445,9.14,9.2,9.2,,
82.46,9.18,9.2,9.2,,
82.475,9.19,9.2,9.2,,
82.489,9.2,9.2,9.2,,
82.504,9.2,9.2,9.2,,
82.519,9.18,9.2,9.2,,
82.533,9.13,9.2,9.19,,
82.548,9.17,9.19,9.19,,
82.562,9.2,9.19,9.19,,
82.577,9.18,9.2,9.19,,
82.591,9.16,9.2,9.19,,
82.606,9.19,9.19,9.19,,
82.62,9.22,9.2,9.2,,
82.634,9.23,9.2,9.2,,
82.648,9.24,9.2,9.21,,
82.663,9.18,9.21,9.2,,
82.677,9.16,9.21,9.2,,
82.692,9.21,9.2,9.2,,
82.706,9.18,9.21,9.2,,
82.721,9.19,9.2,9.2,,
82.735,9.21,9.2,9.2,,
82.749,9.19,9.21,9.2,,
82.764,9.21,9.21,9.21,,
82.778,9.23,9.21,9.21,,
82.792,9.21,9.21,9.21,,
82.806,9.18,9.21,9.21,,
82.821,9.2,9.21,9.21,,
82.835,9.21,9.21,9.21,,
82.849,9.21,9.21,9.21,,
82.864,9.18,9.21,9.21,,
82.878,9.17,9.21,9.21,,
82.894,9.16,9.21,9.2,,
82.908,9.19,9.2,9.2,,
82.923,9.26,9.2,9.21,,
82.937,9.22,9.21,9.21,,
82.952,9.17,9.21,9.21,,
82.967,9.22,9.21,9.21,,
82.981,9.22,9.21,9.21,,
82.996,9.2,9.21,9.21,,
83.011,9.23,9.21,9.22,,
83.026,9.23,9.22,9.22,,
83.041,9.16,9.22,9.21,,
83.055,9.15,9.21,9.21,,
83.069,9.19,9.21,9.21,,
83.084,9.2,9.21,9.21,,
83.099,9.24,9.21,9.21,,
83.113,9.24,9.21,9.22,,
83.128,9.2,9.22,9.22,,
83.143,9.2,9.22,9.22,,
83.158,9.2,9.22,9.22,,
83.172,9.21,9.22,9.22,,
83.187,9.24,9.22,9.22,,
83.202,9.27,9.22,9.23,,
83.216,9.22,9.23,9.23,,
83.231,9.18,9.23,9.22,,
83.248,9.17,9.23,9.22,,
83.262,9.2,9.22,9.22,,
83.277,9.24,9.22,9.22,,
83.292,9.23,9.23,9.23,,
83.306,9.18,9.23,9.22,,
83.321,9.19,9.22,9.22,,
83.336,9.22,9.22,9.22,,
83.35,9.23,9.22,9.22,,
83.365,9.2,9.22,9.22,,
83.379,9.17,9.22,9.22,,
83.394,9.18,9.22,9.21,,
83.408,9.21,9.22,9.22,,
83.423,9.2,9.22,9.22,,
83.437,9.25,9.22,9.22,,
83.452,9.28,9.22,9.23,,
83.467,9.2,9.23,9.23,,
83.482,9.17,9.23,9.22,,
83.497,9.22,9.22,9.22,,
83.511,9.18,9.22,9.22,,
83.526,9.2,9.22,9.22,,
83.54,9.22,9.22,9.22,,
83.555,9.16,9.22,9.22,,
83.57,9.17,9.22,9.21,,
83.584,9.21,9.21,9.21,,
83.599,9.21,9.22,9.21,,
83.613,9.25,9.22,9.22,,
83.627,9.24,9.22,9.22,,
83.641,9.23,9.22,9.22,,
83.656,9.24,9.22,9.23,,
83.67,9.23,9.23,9.23,,
83.684,9.21,9.23,9.23,,
83.699,9.24,9.23,9.23,,
83.713,9.24,9.23,9.23,,
83.727,9.2,9.23,9.23,,
83.741,9.19,9.23,9.23,,
83.756,9.24,9.23,9.23,,
83.77,9.22,9.23,9.23,,
83.784,9.24,9.23,9.23,,
83.798,9.21,9.23,9.23,,
83.813,9.19,9.23,9.23,,
83.827,9.22,9.23,9.23,,
83.842,9.21,9.23,9.23,,
83.856,9.22,9.23,9.23,,
83.871,9.21,9.23,9.22,,
83.886,9.2,9.23,9.22,,
83.9,9.18,9.23,9.22,,
83.915,9.14,9.22,9.22,,
83.93,9.21,9.22,9.22,,
83.944,9.23,9.22,9.22,,
83.958,9.25,9.22,9.22,,
83.973,9.21,9.22,9.22,,
83.988,9.16,9.22,9.22,,
84.003,9.19,9.22,9.21,,
84.017,9.21,9.22,9.21,,
84.032,9.2,9.22,9.21,,
84.047,9.23,9.22,9.22,,
84.061,9.23,9.22,9.22,,
84.076,9.15,9.22,9.21,,
84.091,9.13,9.21,9.21,,
84.105,9.15,9.21,9.2,,
84.12,9.24,9.2,9.21,,
84.135,9.28,9.21,9.21,,
84.149,9.2,9.22,9.21,,
84.163,9.21,9.22,9.22,,
84.178,9.2,9.22,9.21,,
84.193,9.17,9.22,9.21,,
84.208,9.18,9.21,9.21,,
84.223,9.19,9.21,9.21,,
84.238,9.2,9.21,9.21,,
84.252,9.2,9.21,9.21,,
84.267,9.26,9.21,9.22,,
84.281,9.28,9.22,9.22,,
84.296,9.17,9.22,9.22,,
84.31,9.19,9.22,9.22,,
84.325,9.24,9.22,9.22,,
84.34,9.19,9.22,9.22,,
84.355,9.16,9.22,9.21,,
84.369,9.16,9.22,9.21,,
84.384,9.23,9.21,9.21,,
84.399,9.25,9.21,9.22,,
84.413,9.23,9.22,9.22,,
84.428,9.21,9.22,9.22,,
84.443,9.16,9.22,9.22,,
84.458,9.14,9.22,9.21,,
84.472,9.25,9.21,9.21,,
84.487,9.26,9.22,9.22,,
84.501,9.2,9.22,9.22,,
84.516,9.16,9.22,9.22,,
84.531,9.15,9.22,9.21,,
84.546,9.18,9.21,9.21,,
84.56,9.21,9.21,9.21,,
84.574,9.17,9.21,9.21,,
84.589,9.19,9.21,9.21,,
84.603,9.19,9.21,9.21,,
84.618,9.21,9.21,9.21,,
84.632,9.26,9.21,9.21,,
84.647,9.21,9.22,9.22,,
84.661,9.19,9.22,9.21,,
84.675,9.16,9.21,9.21,,
84.69,9.19,9.21,9.21,,
84.704,9.2,9.21,9.21,,
84.719,9.19,9.21,9.21,,
84.733,9.18,9.21,9.21,,
84.748,9.17,9.21,9.21,,
84.762,9.22,9.21,9.21,,
84.776,9.21,9.21,9.21,,
84.79,9.21,9.21,9.21,,
84.804,9.18,9.21,9.21,,
84.819,9.27,9.21,9.22,,
84.833,9.25,9.22,9.22,,
84.848,9.21,9.22,9.22,,
84.862,9.2,9.22,9.22,,
84.877,9.19,9.22,9.22,,
84.891,9.21,9.22,9.22,,
84.906,9.21,9.22,9.22,,
84.92,9.27,9.22,9.23,,
84.935,9.28,9.23,9.23,,
84.95,9.17,9.23,9.23,,
84.965,9.17,9.23,9.22,,
84.98,9.2,9.22,9.22,,
84.995,9.19,9.22,9.22,,
85.009,9.2,9.22,9.22,,
85.024,9.23,9.22,9.22,,
85.04,9.17,9.22,9.22,,
85.055,9.17,9.22,9.21,,
85.069,9.16,9.22,9.21,,
85.084,9.18,9.21,9.21,,
85.098,9.19,9.21,9.21,,
85.113,9.22,9.21,9.21,,
85.127,9.21,9.21,9.21,,
85.142,9.16,9.21,9.21,,
85.157,9.17,9.21,9.21,,
85.171,9.17,9.21,9.2,,
85.186,9.15,9.21,9.2,,
85.201,9.18,9.2,9.2,,
85.216,9.21,9.2,9.2,,
85.23,9.21,9.2,9.2,,
85.245,9.13,9.21,9.2,,
85.26,9.17,9.2,9.2,,
85.274,9.21,9.2,9.2,,
85.289,9.24,9.2,9.2,,
85.303,9.13,9.2,9.2,,
85.32,9.11,9.2,9.19,,
85.336,9.2,9.19,9.19,,
85.351,9.23,9.19,9.2,,
85.366,9.17,9.2,9.2,,
85.38,9.18,9.2,9.2,,
85.395,9.2,9.2,9.2,,
85.409,9.21,9.2,9.2,,
85.424,9.22,9.2,9.21,,
85.439,9.22,9.21,9.21,,
85.453,9.23,9.21,9.21,,
85.468,9.21,9.21,9.21,,
85.483,9.18,9.21,9.21,,
85.497,9.18,9.21,9.21,,
85.512,9.21,9.21,9.21,,
85.527,9.24,9.21,9.21,,
85.542,9.19,9.21,9.21,,
85.556,9.19,9.21,9.21,,
85.571,9.23,9.21,9.21,,
85.586,9.24,9.21,9.22,,
85.6,9.19,9.22,9.21,,
85.614,9.15,9.22,9.21,,
85.629,9.19,9.21,9.21,,
85.643,9.18,9.21,9.21,,
85.658,9.18,9.21,9.21,,
85.672,9.15,9.21,9.2,,
85.686,9.17,9.21,9.2,,
85.7,9.26,9.2,9.21,,
85.715,9.21,9.21,9.21,,
85.729,9.17,9.21,9.21,,
85.743,9.19,9.21,9.21,,
85.758,9.17,9.21,9.2,,
85.772,9.14,9.21,9.2,,
85.786,9.17,9.2,9.2,,
85.8,9.23,9.2,9.2,,
85.815,9.21,9.2,9.2,,
85.829,9.21,9.21,9.21,,
85.844,9.19,9.21,9.21,,
85.858,9.19,9.21,9.21,,
85.875,9.22,9.21,9.21,,
85.89,9.27,9.21,9.22,,
85.904,9.21,9.22,9.22,,
85.919,9.15,9.22,9.21,,
85.933,9.18,9.21,9.21,,
85.948,9.17,9.21,9.21,,
85.962,9.14,9.21,9.2,,
85.977,9.18,9.2,9.2,,
85.992,9.23,9.2,9.21,,
86.006,9.23,9.21,9.21,,
86.021,9.2,9.21,9.21,,
86.035,9.19,9.21,9.21,,
86.05,9.19,9.21,9.21,,
86.065,9.16,9.21,9.21,,
86.079,9.2,9.21,9.21,,
86.095,9.18,9.21,9.21,,
86.109,9.16,9.21,9.2,,
86.124,9.21,9.21,9.21,,
86.138,9.22,9.21,9.21,,
86.153,9.23,9.21,9.21,,
86.168,9.21,9.21,9.21,,
86.182,9.18,9.21,9.21,,
86.197,9.2,9.21,9.21,,
86.212,9.19,9.21,9.21,,
86.227,9.2,9.21,9.21,,
86.241,9.18,9.21,9.21,,
86.255,9.2,9.21,9.21,,
86.27,9.19,9.21,9.21,,
86.284,9.21,9.21,9.21,,
86.299,9.21,9.21,9.21,,
86.314,9.14,9.21,9.2,,
86.329,9.17,9.21,9.2,,
86.343,9.19,9.2,9.2,,
86.358,9.17,9.2,9.2,,
86.373,9.17,9.2,9.2,,
86.387,9.2,9.2,9.2,,
86.402,9.2,9.2,9.2,,
86.417,9.17,9.2,9.2,,
86.431,9.22,9.2,9.2,,
86.446,9.21,9.2,9.2,,
86.46,9.14,9.2,9.2,,
86.476,9.13,9.2,9.19,,
86.49,9.19,9.19,9.19,,
86.505,9.18,9.2,9.19,,
86.52,9.21,9.2,9.2,,
86.535,9.2,9.2,9.2,,
86.549,9.17,9.2,9.2,,
86.564,9.2,9.2,9.2,,
86.579,9.18,9.2,9.2,,
86.593,9.17,9.2,9.19,,
86.607,9.17,9.19,9.19,,
86.622,9.2,9.19,9.2,,
86.636,9.24,9.2,9.2,,
86.65,9.21,9.2,9.2,,
86.665,9.17,9.2,9.2,,
86.679,9.14,9.2,9.2,,
86.694,9.17,9.2,9.2,,
86.708,9.17,9.2,9.19,,
86.722,9.1,9.2,9.19,,
86.737,9.13,9.19,9.18,,
86.751,9.18,9.18,9.18,,
86.765,9.23,9.18,9.19,,
86.779,9.11,9.19,9.18,,
86.793,9.16,9.18,9.18,,
86.807,9.28,9.18,9.19,,
86.822,9.22,9.19,9.19,,
86.836,9.21,9.2,9.2,,
86.85,9.22,9.2,9.2,,
86.865,9.21,9.2,9.2,,
86.879,9.19,9.2,9.2,,
86.894,9.17,9.2,9.2,,
86.908,9.2,9.2,9.2,,
86.923,9.21,9.2,9.2,,
86.938,9.14,9.2,9.2,,
86.952,9.09,9.2,9.19,,
86.967,9.14,9.19,9.18,,
86.981,9.17,9.18,9.18,,
86.996,9.22,9.18,9.19,,
87.01,9.21,9.19,9.19,,
87.025,9.15,9.19,9.19,,
87.039,9.11,9.19,9.18,,
87.054,9.2,9.18,9.18,,
87.069,9.21,9.19,9.19,,
87.083,9.22,9.19,9.19,,
87.097,9.21,9.19,9.2,,
87.112,9.22,9.2,9.2,,
87.126,9.23,9.2,9.2,,
87.141,9.19,9.21,9.2,,
87.156,9.18,9.2,9.2,,
87.17,9.19,9.2,9.2,,
87.185,9.25,9.2,9.21,,
87.2,9.26,9.21,9.21,,
87.215,9.19,9.21,9.21,,
87.23,9.18,9.21,9.21,,
87.244,9.26,9.21,9.22,,
87.259,9.27,9.22,9.22,,
87.274,9.19,9.22,9.22,,
87.289,9.14,9.22,9.21,,
87.304,9.17,9.22,9.21,,
87.319,9.27,9.21,9.22,,
87.334,9.27,9.22,9.23,,
87.349,9.22,9.23,9.23,,
87.363,9.22,9.23,9.23,,
87.378,9.23,9.23,9.23,,
87.392,9.13,9.23,9.22,,
87.407,9.13,9.22,9.21,,
87.421,9.23,9.21,9.21,,
87.435,9.25,9.22,9.22,,
87.45,9.17,9.22,9.22,,
87.464,9.1,9.22,9.2,,
87.479,9.18,9.2,9.2,,
87.493,9.24,9.2,9.21,,
87.508,9.16,9.21,9.2,,
87.523,9.16,9.21,9.2,,
87.538,9.2,9.2,9.2,,
87.552,9.15,9.2,9.2,,
87.567,9.2,9.2,9.2,,
87.582,9.29,9.2,9.21,,
87.596,9.24,9.21,9.21,,
87.611,9.18,9.21,9.21,,
87.625,9.19,9.21,9.21,,
87.64,9.23,9.21,9.21,,
87.654,9.14,9.22,9.21,,
87.668,9.15,9.21,9.2,,
87.683,9.24,9.21,9.21,,
87.697,9.2,9.21,9.21,,
87.711,9.18,9.21,9.21,,
87.726,9.23,9.21,9.21,,
87.741,9.17,9.21,9.21,,
87.755,9.1,9.21,9.2,,
87.769,9.14,9.2,9.19,,
87.784,9.26,9.19,9.2,,
87.8,9.22,9.2,9.2,,
87.814,9.22,9.21,9.21,,
87.829,9.16,9.21,9.21,,
87.843,9.12,9.21,9.2,,
87.857,9.16,9.2,9.2,,
87.872,9.24,9.2,9.2,,
87.886,9.23,9.2,9.21,,
87.901,9.17,9.21,9.21,,
87.916,9.15,9.21,9.2,,
87.931,9.19,9.2,9.2,,
87.945,9.23,9.2,9.2,,
87.959,9.24,9.21,9.21,,
87.974,9.24,9.21,9.21,,
87.989,9.23,9.21,9.22,,
88.004,9.16,9.22,9.21,,
88.018,9.14,9.21,9.2,,
88.033,9.14,9.21,9.2,,
88.048,9.16,9.2,9.2,,
88.063,9.22,9.2,9.2,,
88.078,9.19,9.2,9.2,,
88.092,9.16,9.21,9.2,,
88.106,9.15,9.2,9.2,,
88.121,9.24,9.2,9.2,,
88.136,9.27,9.2,9.21,,
88.15,9.23,9.21,9.21,,
88.165,9.2,9.21,9.21,,
88.179,9.18,9.21,9.21,,
88.194,9.17,9.21,9.21,,
88.209,9.15,9.21,9.2,,
88.224,9.18,9.2,9.2,,
88.238,9.2,9.2,9.2,,
88.253,9.17,9.2,9.2,,
88.268,9.15,9.2,9.2,,
88.283,9.21,9.2,9.2,,
88.298,9.22,9.2,9.2,,
88.312,9.26,9.2,9.21,,
88.327,9.29,9.21,9.22,,
88.342,9.2,9.22,9.22,,
88.356,9.1,9.22,9.21,,
88.371,9.09,9.21,9.2,,
88.386,9.16,9.2,9.19,,
88.4,9.28,9.2,9.21,,
88.415,9.32,9.21,9.22,,
88.43,9.22,9.22,9.22,,
88.444,9.17,9.22,9.22,,
88.458,9.17,9.22,9.21,,
88.473,9.23,9.21,9.21,,
88.488,9.28,9.21,9.22,,
88.503,9.24,9.22,9.22,,
88.518,9.17,9.23,9.22,,
88.532,9.15,9.22,9.22,,
88.547,9.11,9.22,9.21,,
88.562,9.16,9.21,9.2,,
88.576,9.26,9.2,9.21,,
88.591,9.23,9.21,9.21,,
88.605,9.12,9.21,9.21,,
88.62,9.15,9.21,9.2,,
88.634,9.18,9.2,9.2,,
88.648,9.18,9.2,9.2,,
88.662,9.22,9.2,9.2,,
88.677,9.26,9.2,9.21,,
88.691,9.21,9.21,9.21,,
88.705,9.06,9.21,9.2,,
88.72,9.06,9.2,9.18,,
88.734,9.24,9.19,9.19,,
88.749,9.26,9.19,9.2,,
88.763,9.28,9.2,9.21,,
88.777,9.21,9.21,9.21,,
88.791,9.16,9.21,9.21,,
88.806,9.09,9.21,9.2,,
88.82,9.13,9.2,9.19,,
88.834,9.25,9.19,9.2,,
88.849,9.28,9.2,9.21,,
88.864,9.2,9.21,9.21,,
88.878,9.13,9.21,9.2,,
88.892,9.14,9.21,9.2,,
88.907,9.13,9.2,9.19,,
88.922,9.18,9.19,9.19,,
88.936,9.22,9.19,9.2,,
88.951,9.24,9.2,9.2,,
88.965,9.16,9.2,9.2,,
88.98,9.15,9.2,9.2,,
88.994,9.25,9.2,9.2,,
89.009,9.22,9.2,9.2,,
89.024,9.23,9.2,9.21,,
89.039,9.25,9.21,9.21,,
89.053,9.18,9.22,9.21,,
89.068,9.14,9.21,9.21,,
89.083,9.14,9.21,9.2,,
89.098,9.18,9.2,9.2,,
89.112,9.24,9.2,9.21,,
89.127,9.23,9.21,9.21,,
89.142,9.16,9.21,9.21,,
89.156,9.17,9.21,9.2,,
89.171,9.21,9.21,9.21,,
89.186,9.23,9.21,9.21,,
89.201,9.26,9.21,9.21,,
89.215,9.23,9.22,9.22,,
89.23,9.15,9.22,9.21,,
89.245,9.16,9.22,9.21,,
89.259,9.14,9.21,9.21,,
89.274,9.14,9.21,9.2,,
89.289,9.25,9.2,9.2,,
89.304,9.19,9.21,9.2,,
89.318,9.15,9.2,9.2,,
89.333,9.18,9.2,9.2,,
89.347,9.21,9.2,9.2,,
89.362,9.25,9.2,9.21,,
89.377,9.25,9.21,9.21,,
89.392,9.21,9.21,9.21,,
89.406,9.18,9.21,9.21,,
89.421,9.19,9.21,9.21,,
89.436,9.17,9.21,9.21,,
89.451,9.18,9.21,9.21,,
89.465,9.18,9.21,9.21,,
89.48,9.15,9.21,9.2,,
89.495,9.2,9.2,9.2,,
89.51,9.19,9.2,9.2,,
89.525,9.17,9.2,9.2,,
89.54,9.2,9.2,9.2,,
89.554,9.23,9.2,9.2,,
89.569,9.19,9.21,9.2,,
89.583,9.17,9.21,9.2,,
89.598,9.22,9.2,9.21,,
89.613,9.21,9.21,9.21,,
89.628,9.21,9.21,9.21,,
89.642,9.19,9.21,9.21,,
89.657,9.19,9.21,9.21,,
89.672,9.21,9.21,9.21,,
89.686,9.11,9.21,9.2,,
89.7,9.11,9.2,9.19,,
89.714,9.24,9.2,9.2,,
89.729,9.27,9.2,9.21,,
89.744,9.17,9.21,9.21,,
89.758,9.16,9.21,9.2,,
89.772,9.15,9.2,9.2,,
89.786,9.18,9.2,9.2,,
89.8,9.23,9.2,9.2,,
89.815,9.19,9.2,9.2,,
89.829,9.16,9.2,9.2,,
89.843,9.23,9.2,9.2,,
89.858,9.23,9.2,9.2,,
89.872,9.16,9.21,9.2,,
89.886,9.17,9.2,9.2,,
89.9,9.27,9.2,9.21,,
89.915,9.26,9.21,9.21,,
89.93,9.16,9.22,9.21,,
89.944,9.13,9.21,9.2,,
89.959,9.14,9.2,9.2,,
89.974,9.21,9.2,9.2,,
89.989,9.17,9.2,9.2,,
90.004,9.17,9.2,9.2,,
90.018,9.17,9.2,9.2,,
90.032,9.17,9.2,9.19,,
90.047,9.14,9.2,9.19,,
90.062,9.23,9.19,9.2,,
90.077,9.23,9.2,9.2,,
90.091,9.21,9.2,9.2,,
90.106,9.16,9.21,9.2,,
90.12,9.17,9.2,9.2,,
90.135,9.25,9.2,9.2,,
90.149,9.21,9.21,9.21,,
90.164,9.2,9.21,9.21,,
90.179,9.22,9.21,9.21,,
90.194,9.22,9.21,9.21,,
90.209,9.24,9.21,9.22,,
90.223,9.2,9.22,9.22,,
90.238,9.16,9.22,9.21,,
90.253,9.18,9.21,9.21,,
90.268,9.2,9.21,9.21,,
90.282,9.21,9.21,9.21,,
90.297,9.2,9.21,9.21,,
90.311,9.18,9.21,9.21,,
90.325,9.2,9.21,9.21,,
90.34,9.21,9.21,9.21,,
90.354,9.18,9.21,9.21,,
90.369,9.15,9.21,9.2,,
90.384,9.15,9.21,9.2,,
90.398,9.19,9.2,9.2,,
90.413,9.2,9.2,9.2,,
90.428,9.15,9.21,9.2,,
90.443,9.17,9.2,9.2,,
90.457,9.19,9.2,9.2,,
90.472,9.2,9.2,9.2,,
90.486,9.21,9.2,9.2,,
90.502,9.17,9.2,9.2,,
90.517,9.15,9.2,9.2,,
90.532,9.16,9.2,9.19,,
90.547,9.19,9.2,9.19,,
90.561,9.16,9.2,9.19,,
90.576,9.13,9.19,9.19,,
90.59,9.15,9.19,9.18,,
90.605,9.2,9.18,9.19,,
90.619,9.19,9.19,9.19,,
90.634,9.19,9.19,9.19,,
90.649,9.21,9.19,9.19,,
90.665,9.17,9.2,9.19,,
90.679,9.19,9.2,9.2,,
90.693,9.2,9.2,9.2,,
90.708,9.2,9.2,9.2,,
90.722,9.2,9.2,9.2,,
90.736,9.2,9.2,9.2,,
90.751,9.22,9.2,9.2,,
90.765,9.22,9.2,9.21,,
90.779,9.22,9.21,9.21,,
90.794,9.22,9.21,9.21,,
90.808,9.21,9.21,9.21,,
90.822,9.22,9.21,9.22,,
90.836,9.19,9.22,9.21,,
90.851,9.23,9.21,9.22,,
90.865,9.24,9.22,9.22,,
90.88,9.23,9.22,9.22,,
90.894,9.21,9.22,9.22,,
90.909,9.19,9.23,9.22,,
90.923,9.22,9.22,9.22,,
90.937,9.22,9.22,9.22,,
90.952,9.22,9.23,9.22,,
90.967,9.19,9.23,9.22,,
90.981,9.15,9.22,9.22,,
90.996,9.19,9.22,9.21,,
91.011,9.13,9.22,9.21,,
91.025,9.14,9.21,9.2,,
91.04,9.17,9.2,9.2,,
91.055,9.2,9.2,9.2,,
91.069,9.23,9.2,9.21,,
91.084,9.26,9.21,9.21,,
91.098,9.19,9.21,9.21,,
91.113,9.16,9.21,9.21,,
91.127,9.18,9.21,9.21,,
91.141,9.19,9.21,9.21,,
91.156,9.24,9.21,9.21,,
91.17,9.26,9.21,9.22,,
91.185,9.21,9.22,9.22,,
91.2,9.18,9.22,9.22,,
91.215,9.19,9.22,9.22,,
91.229,9.16,9.22,9.21,,
91.245,9.19,9.21,9.21,,
91.26,9.2,9.21,9.21,,
91.274,9.21,9.21,9.21,,
91.289,9.16,9.21,9.21,,
91.303,9.18,9.21,9.21,,
91.318,9.19,9.21,9.21,,
91.332,9.2,9.21,9.21,,
91.347,9.18,9.21,9.2,,
91.361,9.18,9.21,9.2,,
91.376,9.22,9.21,9.21,,
91.391,9.22,9.21,9.21,,
91.406,9.22,9.21,9.21,,
91.42,9.2,9.21,9.21,,
91.435,9.21,9.21,9.21,,
91.449,9.19,9.21,9.21,,
91.465,9.15,9.21,9.21,,
91.479,9.15,9.21,9.2,,
91.494,9.19,9.2,9.2,,
91.508,9.2,9.2,9.2,,
91.523,9.16,9.2,9.2,,
91.538,9.18,9.2,9.2,,
91.552,9.2,9.2,9.2,,
91.567,9.23,9.2,9.21,,
91.582,9.21,9.21,9.21,,
91.597,9.13,9.21,9.2,,
91.612,9.15,9.2,9.2,,
91.627,9.21,9.2,9.2,,
91.641,9.22,9.2,9.2,,
91.656,9.22,9.2,9.21,,
91.67,9.2,9.21,9.21,,
91.685,9.15,9.21,9.2,,
91.699,9.14,9.21,9.2,,
91.713,9.17,9.2,9.2,,
91.728,9.15,9.2,9.19,,
91.742,9.23,9.19,9.2,,
91.756,9.25,9.2,9.2,,
91.77,9.2,9.21,9.21,,
91.785,9.23,9.21,9.21,,
91.799,9.25,9.21,9.22,,
91.814,9.22,9.22,9.22,,
91.828,9.2,9.22,9.22,,
91.842,9.19,9.22,9.21,,
91.856,9.15,9.22,9.21,,
91.871,9.17,9.21,9.21,,
91.885,9.19,9.21,9.21,,
91.9,9.24,9.21,9.21,,
91.914,9.18,9.21,9.21,,
91.929,9.18,9.21,9.21,,
91.943,9.18,9.21,9.21,,
91.958,9.13,9.21,9.2,,
91.972,9.15,9.2,9.2,,
91.987,9.21,9.2,9.2,,
92.002,9.21,9.2,9.2,,
92.017,9.15,9.2,9.2,,
92.032,9.2,9.2,9.2,,
92.046,9.25,9.2,9.21,,
92.061,9.23,9.21,9.21,,
92.076,9.24,9.21,9.21,,
92.09,9.25,9.22,9.22,,
92.105,9.24,9.22,9.22,,
92.119,9.24,9.22,9.22,,
92.134,9.19,9.23,9.22,,
92.149,9.16,9.22,9.22,,
92.164,9.18,9.22,9.21,,
92.179,9.28,9.22,9.22,,
92.193,9.28,9.22,9.23,,
92.208,9.22,9.23,9.23,,
92.222,9.18,9.23,9.22,,
92.237,9.18,9.23,9.22,,
92.252,9.19,9.22,9.22,,
92.266,9.18,9.22,9.22,,
92.281,9.19,9.22,9.22,,
92.296,9.27,9.22,9.22,,
92.31,9.23,9.22,9.22,,
92.325,9.15,9.23,9.22,,
92.34,9.15,9.22,9.21,,
92.354,9.16,9.22,9.21,,
92.369,9.18,9.21,9.21,,
92.384,9.2,9.21,9.21,,
92.4,9.19,9.21,9.21,,
92.414,9.2,9.21,9.21,,
92.429,9.23,9.21,9.21,,
92.444,9.2,9.21,9.21,,
92.458,9.15,9.21,9.21,,
92.473,9.18,9.21,9.21,,
92.487,9.17,9.21,9.2,,
92.502,9.14,9.21,9.2,,
92.517,9.17,9.2,9.2,,
92.531,9.21,9.2,9.2,,
92.546,9.24,9.2,9.21,,
92.56,9.22,9.21,9.21,,
92.575,9.17,9.21,9.21,,
92.589,9.17,9.21,9.2,,
92.604,9.23,9.2,9.21,,
92.621,9.22,9.21,9.21,,
92.635,9.23,9.21,9.21,,
92.65,9.21,9.21,9.21,,
92.665,9.2,9.21,9.21,,
92.679,9.2,9.21,9.21,,
92.693,9.18,9.22,9.21,,
92.707,9.19,9.21,9.21,,
92.722,9.23,9.21,9.21,,
92.736,9.21,9.22,9.21,,
92.751,9.21,9.22,9.22,,
92.765,9.22,9.22,9.22,,
92.779,9.21,9.22,9.22,,
92.794,9.2,9.22,9.22,,
92.808,9.21,9.22,9.22,,
92.822,9.23,9.22,9.22,,
92.836,9.22,9.22,9.22,,
92.85,9.17,9.22,9.22,,
92.864,9.16,9.22,9.21,,
92.879,9.23,9.22,9.22,,
92.893,9.24,9.22,9.22,,
92.908,9.18,9.22,9.22,,
92.921,9.2,9.22,9.22,,
92.936,9.22,9.22,9.22,,
92.951,9.21,9.22,9.22,,
92.966,9.14,9.22,9.21,,
92.98,9.13,9.21,9.2,,
92.994,9.21,9.2,9.21,,
93.009,9.26,9.21,9.21,,
93.023,9.19,9.21,9.21,,
93.038,9.18,9.21,9.21,,
93.053,9.2,9.21,9.21,,
93.067,9.17,9.21,9.21,,
93.082,9.16,9.21,9.2,,
93.097,9.19,9.2,9.2,,
93.111,9.2,9.21,9.21,,
93.125,9.25,9.21,9.21,,
93.14,9.22,9.21,9.21,,
93.154,9.16,9.21,9.21,,
93.169,9.21,9.21,9.21,,
93.183,9.18,9.21,9.21,,
93.198,9.16,9.21,9.21,,
93.212,9.17,9.21,9.2,,
93.227,9.21,9.2,9.21,,
93.242,9.22,9.21,9.21,,
93.256,9.25,9.21,9.21,,
93.271,9.22,9.21,9.21,,
93.286,9.2,9.22,9.22,,
93.3,9.2,9.22,9.22,,
93.316,9.18,9.22,9.21,,
93.33,9.21,9.21,9.21,,
93.345,9.2,9.21,9.21,,
93.36,9.18,9.21,9.21,,
93.375,9.18,9.21,9.21,,
93.39,9.18,9.21,9.21,,
93.405,9.18,9.21,9.21,,
93.42,9.16,9.21,9.2,,
93.435,9.15,9.21,9.2,,
93.45,9.2,9.2,9.2,,
93.465,9.18,9.2,9.2,,
93.479,9.16,9.2,9.2,,
93.494,9.18,9.2,9.2,,
93.508,9.17,9.2,9.19,,
93.523,9.19,9.2,9.2,,
93.537,9.16,9.2,9.19,,
93.552,9.13,9.2,9.19,,
93.566,9.14,9.19,9.19,,
93.581,9.18,9.19,9.19,,
93.595,9.19,9.19,9.19,,
93.609,9.22,9.19,9.2,,
93.624,9.2,9.2,9.2,,
93.639,9.16,9.2,9.19,,
93.653,9.18,9.2,9.19,,
93.668,9.25,9.19,9.2,,
93.682,9.27,9.2,9.21,,
93.697,9.27,9.21,9.22,,
93.711,9.2,9.22,9.22,,
93.725,9.19,9.22,9.21,,
93.74,9.21,9.22,9.21,,
93.754,9.2,9.22,9.21,,
93.768,9.21,9.22,9.22,,
93.782,9.2,9.22,9.22,,
93.796,9.21,9.22,9.22,,
93.811,9.19,9.22,9.22,,
93.825,9.18,9.22,9.21,,
93.839,9.15,9.21,9.21,,
93.853,9.17,9.21,9.21,,
93.868,9.17,9.21,9.2,,
93.882,9.18,9.2,9.2,,
93.896,9.19,9.2,9.2,,
93.911,9.17,9.2,9.2,,
93.925,9.22,9.2,9.2,,
93.939,9.23,9.2,9.21,,
93.954,9.23,9.21,9.21,,
93.969,9.22,9.21,9.21,,
93.983,9.2,9.21,9.21,,
93.997,9.14,9.21,9.21,,
94.012,9.14,9.21,9.2,,
94.026,9.27,9.2,9.21,,
94.041,9.29,9.21,9.22,,
94.055,9.24,9.22,9.22,,
94.07,9.2,9.22,9.22,,
94.084,9.17,9.22,9.21,,
94.099,9.19,9.22,9.21,,
94.113,9.21,9.21,9.21,,
94.128,9.19,9.21,9.21,,
94.142,9.2,9.21,9.21,,
94.157,9.19,9.21,9.21,,
94.171,9.2,9.21,9.21,,
94.186,9.24,9.21,9.22,,
94.201,9.23,9.22,9.22,,
94.216,9.21,9.22,9.22,,
94.231,9.27,9.22,9.23,,
94.245,9.17,9.23,9.22,,
94.26,9.19,9.22,9.22,,
94.274,9.19,9.22,9.22,,
94.288,9.16,9.22,9.21,,
94.303,9.17,9.22,9.21,,
94.318,9.2,9.21,9.21,,
94.333,9.19,9.21,9.21,,
94.347,9.15,9.21,9.2,,
94.361,9.06,9.21,9.19,,
94.376,9.1,9.19,9.18,,
94.39,9.23,9.18,9.19,,
94.405,9.27,9.19,9.2,,
94.42,9.2,9.2,9.2,,
94.435,9.15,9.2,9.2,,
94.45,9.21,9.2,9.2,,
94.464,9.23,9.2,9.2,,
94.478,9.25,9.2,9.21,,
94.492,9.17,9.21,9.21,,
94.507,9.19,9.21,9.21,,
94.521,9.25,9.21,9.21,,
94.536,9.22,9.21,9.21,,
94.55,9.2,9.21,9.21,,
94.565,9.23,9.21,9.21,,
94.58,9.16,9.22,9.21,,
94.595,9.14,9.21,9.21,,
94.609,9.19,9.21,9.2,,
94.624,9.16,9.21,9.2,,
94.639,9.19,9.2,9.2,,
94.653,9.17,9.2,9.2,,
94.668,9.17,9.2,9.2,,
94.682,9.19,9.2,9.2,,
94.696,9.17,9.2,9.2,,
94.711,9.17,9.2,9.2,,
94.725,9.15,9.2,9.19,,
94.739,9.2,9.19,9.19,,
94.754,9.23,9.2,9.2,,
94.768,9.2,9.2,9.2,,
94.782,9.16,9.2,9.2,,
94.797,9.1,9.2,9.19,,
94.811,9.18,9.19,9.19,,
94.825,9.21,9.19,9.19,,
94.839,9.17,9.2,9.19,,
94.854,9.18,9.19,9.19,,
94.868,9.19,9.19,9.19,,
94.882,9.17,9.2,9.19,,
94.896,9.15,9.2,9.19,,
94.911,9.14,9.19,9.19,,
94.925,9.1,9.19,9.18,,
94.939,9.14,9.18,9.18,,
94.954,9.18,9.18,9.18,,
94.969,9.16,9.18,9.18,,
94.984,9.16,9.18,9.18,,
94.998,9.22,9.18,9.18,,
95.013,9.27,9.18,9.19,,
95.028,9.24,9.19,9.2,,
95.042,9.15,9.2,9.2,,
95.057,9.16,9.2,9.19,,
95.071,9.19,9.2,9.19,,
95.086,9.18,9.2,9.19,,
95.101,9.17,9.19,9.19,,
95.116,9.16,9.19,9.19,,
95.131,9.14,9.19,9.19,,
95.145,9.21,9.19,9.19,,
95.159,9.24,9.19,9.2,,
95.174,9.22,9.2,9.2,,
95.188,9.25,9.2,9.21,,
95.203,9.22,9.21,9.21,,
95.219,9.15,9.21,9.21,,
95.234,9.18,9.21,9.21,,
95.249,9.22,9.21,9.21,,
95.263,9.22,9.21,9.21,,
95.278,9.19,9.21,9.21,,
95.292,9.21,9.21,9.21,,
95.307,9.21,9.21,9.21,,
95.322,9.18,9.22,9.21,,
95.337,9.18,9.21,9.21,,
95.352,9.16,9.21,9.21,,
95.367,9.14,9.21,9.2,,
95.381,9.19,9.2,9.2,,
95.395,9.21,9.2,9.2,,
95.41,9.19,9.2,9.2,,
95.424,9.19,9.2,9.2,,
95.439,9.2,9.2,9.2,,
95.454,9.2,9.2,9.2,,
95.468,9.18,9.21,9.2,,
95.482,9.2,9.2,9.2,,
95.497,9.24,9.21,9.21,,
95.511,9.16,9.21,9.2,,
95.526,9.11,9.21,9.2,,
95.541,9.14,9.2,9.19,,
95.555,9.2,9.19,9.19,,
95.57,9.25,9.19,9.2,,
95.585,9.24,9.2,9.2,,
95.599,9.15,9.21,9.2,,
95.614,9.19,9.2,9.2,,
95.629,9.31,9.2,9.21,,
95.643,9.27,9.22,9.22,,
95.657,9.17,9.22,9.22,,
95.672,9.17,9.22,9.21,,
95.687,9.2,9.21,9.21,,
95.702,9.2,9.21,9.21,,
95.716,9.25,9.21,9.22,,
95.731,9.21,9.22,9.22,,
95.745,9.24,9.22,9.22,,
95.759,9.2,9.22,9.22,,
95.774,9.19,9.22,9.22,,
95.788,9.27,9.22,9.23,,
95.802,9.25,9.23,9.23,,
95.817,9.13,9.23,9.22,,
95.831,9.11,9.22,9.21,,
95.845,9.05,9.21,9.2,,
95.86,9.13,9.2,9.19,,
95.874,9.21,9.19,9.2,,
95.888,9.15,9.2,9.19,,
95.902,9.14,9.19,9.19,,
95.917,9.21,9.19,9.19,,
95.931,9.22,9.19,9.19,,
95.946,9.28,9.2,9.2,,
95.961,9.25,9.2,9.21,,
95.976,9.21,9.21,9.21,,
95.99,9.28,9.21,9.22,,
96.005,9.23,9.22,9.22,,
96.021,9.09,9.22,9.21,,
96.035,9.15,9.21,9.2,,
96.05,9.25,9.21,9.21,,
96.065,9.26,9.21,9.22,,
96.079,9.22,9.22,9.22,,
96.094,9.15,9.22,9.21,,
96.108,9.03,9.21,9.2,,
96.123,9.23,9.2,9.2,,
96.138,9.31,9.2,9.21,,
96.152,9.19,9.22,9.21,,
96.167,9.23,9.21,9.22,,
96.182,9.22,9.22,9.22,,
96.196,9.21,9.22,9.22,,
96.211,9.12,9.22,9.21,,
96.226,9.21,9.21,9.21,,
96.24,9.26,9.21,9.22,,
96.255,9.23,9.22,9.22,,
96.269,9.16,9.22,9.22,,
96.284,9.18,9.22,9.21,,
96.299,9.18,9.21,9.21,,
96.313,9.23,9.21,9.21,,
96.328,9.27,9.22,9.22,,
96.342,9.22,9.22,9.22,,
96.357,9.18,9.22,9.22,,
96.372,9.15,9.22,9.21,,
96.386,9.14,9.21,9.2,,
96.401,9.2,9.21,9.2,,
96.415,9.23,9.2,9.21,,
96.429,9.28,9.21,9.22,,
96.444,9.18,9.22,9.21,,
96.459,9.19,9.22,9.22,,
96.473,9.21,9.22,9.22,,
96.487,9.21,9.22,9.22,,
96.502,9.2,9.22,9.22,,
96.516,9.26,9.22,9.22,,
96.531,9.26,9.22,9.23,,
96.546,9.11,9.23,9.22,,
96.561,9.11,9.22,9.21,,
96.575,9.24,9.21,9.21,,
96.59,9.26,9.21,9.22,,
96.605,9.12,9.22,9.21,,
96.619,9.1,9.21,9.2,,
96.633,9.12,9.2,9.19,,
96.648,9.17,9.19,9.19,,
96.663,9.17,9.19,9.19,,
96.677,9.26,9.19,9.2,,
96.692,9.27,9.2,9.21,,
96.706,9.14,9.21,9.2,,
96.721,9.16,9.2,9.2,,
96.735,9.2,9.2,9.2,,
96.75,9.2,9.2,9.2,,
96.764,9.22,9.2,9.2,,
96.778,9.22,9.21,9.21,,
96.793,9.17,9.21,9.21,,
96.807,9.17,9.21,9.2,,
96.821,9.19,9.21,9.2,,
96.835,9.21,9.21,9.21,,
96.849,9.2,9.21,9.21,,
96.864,9.24,9.21,9.21,,
96.878,9.2,9.21,9.21,,
96.892,9.18,9.21,9.21,,
96.906,9.17,9.21,9.21,,
96.92,9.19,9.21,9.21,,
96.935,9.28,9.21,9.22,,
96.949,9.23,9.22,9.22,,
96.964,9.19,9.22,9.21,,
96.978,9.19,9.22,9.21,,
96.993,9.13,9.22,9.21,,
97.007,9.14,9.21,9.2,,
97.022,9.22,9.21,9.21,,
97.036,9.24,9.21,9.21,,
97.051,9.2,9.21,9.21,,
97.066,9.19,9.21,9.21,,
97.08,9.19,9.21,9.21,,
97.094,9.23,9.21,9.21,,
97.109,9.22,9.21,9.22,,
97.123,9.21,9.22,9.22,,
97.138,9.17,9.22,9.21,,
97.153,9.16,9.21,9.21,,
97.167,9.17,9.21,9.21,,
97.182,9.19,9.21,9.21,,
97.196,9.19,9.21,9.21,,
97.211,9.18,9.21,9.2,,
97.225,9.17,9.21,9.2,,
97.24,9.17,9.2,9.2,,
97.255,9.18,9.2,9.2,,
97.269,9.19,9.2,9.2,,
97.284,9.2,9.2,9.2,,
97.299,9.21,9.2,9.2,,
97.314,9.17,9.2,9.2,,
97.328,9.2,9.2,9.2,,
97.343,9.18,9.2,9.2,,
97.357,9.13,9.2,9.19,,
97.372,9.17,9.19,9.19,,
97.389,9.22,9.19,9.2,,
97.404,9.2,9.2,9.2,,
97.418,9.18,9.2,9.2,,
97.433,9.2,9.2,9.2,,
97.447,9.21,9.2,9.2,,
97.462,9.22,9.2,9.2,,
97.476,9.23,9.21,9.21,,
97.49,9.23,9.21,9.21,,
97.505,9.19,9.22,9.21,,
97.52,9.19,9.21,9.21,,
97.534,9.2,9.21,9.21,,
97.549,9.19,9.21,9.21,,
97.563,9.23,9.21,9.21,,
97.578,9.27,9.22,9.22,,
97.593,9.22,9.22,9.22,,
97.608,9.17,9.23,9.22,,
97.623,9.19,9.22,9.22,,
97.637,9.21,9.22,9.22,,
97.652,9.25,9.22,9.22,,
97.666,9.24,9.23,9.23,,
97.682,9.25,9.23,9.23,,
97.697,9.18,9.23,9.23,,
97.711,9.18,9.23,9.22,,
97.725,9.24,9.22,9.23,,
97.74,9.26,9.23,9.23,,
97.754,9.17,9.23,9.23,,
97.768,9.22,9.23,9.23,,
97.782,9.2,9.23,9.23,,
97.796,9.19,9.23,9.22,,
97.811,9.18,9.22,9.22,,
97.825,9.2,9.22,9.22,,
97.839,9.19,9.22,9.22,,
97.854,9.2,9.22,9.22,,
97.869,9.17,9.22,9.21,,
97.883,9.2,9.21,9.21,,
97.897,9.18,9.21,9.21,,
97.911,9.15,9.21,9.21,,
97.925,9.17,9.21,9.21,,
97.939,9.18,9.21,9.2,,
97.954,9.19,9.21,9.2,,
97.968,9.21,9.2,9.2,,
97.983,9.21,9.21,9.21,,
97.998,9.22,9.21,9.21,,
98.013,9.18,9.21,9.21,,
98.028,9.19,9.21,9.2,,
98.043,9.17,9.21,9.2,,
98.058,9.18,9.2,9.2,,
98.072,9.19,9.2,9.2,,
98.088,9.17,9.2,9.2,,
98.102,9.22,9.2,9.2,,
98.117,9.24,9.2,9.21,,
98.131,9.24,9.21,9.21,,
98.146,9.22,9.21,9.22,,
98.161,9.18,9.22,9.21,,
98.176,9.17,9.22,9.21,,
98.19,9.22,9.21,9.21,,
98.205,9.2,9.22,9.21,,
98.219,9.23,9.22,9.22,,
98.234,9.24,9.22,9.22,,
98.248,9.19,9.22,9.22,,
98.263,9.2,9.22,9.22,,
98.278,9.19,9.22,9.22,,
98.292,9.19,9.22,9.22,,
98.307,9.18,9.22,9.22,,
98.322,9.16,9.22,9.21,,
98.336,9.15,9.21,9.21,,
98.351,9.17,9.21,9.2,,
98.365,9.2,9.2,9.2,,
98.38,9.2,9.21,9.21,,
98.394,9.22,9.21,9.21,,
98.409,9.22,9.21,9.21,,
98.423,9.23,9.21,9.21,,
98.438,9.14,9.22,9.21,,
98.453,9.1,9.21,9.2,,
98.468,9.16,9.2,9.2,,
98.483,9.16,9.2,9.19,,
98.497,9.18,9.19,9.19,,
98.512,9.22,9.19,9.2,,
98.527,9.21,9.2,9.2,,
98.542,9.21,9.2,9.2,,
98.556,9.22,9.2,9.2,,
98.571,9.23,9.2,9.2,,
98.585,9.19,9.21,9.2,,
98.6,9.19,9.21,9.2,,
98.615,9.23,9.21,9.21,,
98.63,9.28,9.21,9.22,,
98.644,9.22,9.22,9.22,,
98.659,9.16,9.22,9.21,,
98.673,9.16,9.22,9.21,,
98.688,9.22,9.21,9.21,,
98.703,9.2,9.21,9.21,,
98.717,9.2,9.21,9.21,,
98.731,9.19,9.21,9.21,,
98.746,9.14,9.21,9.21,,
98.76,9.14,9.21,9.2,,
98.774,9.11,9.2,9.19,,
98.788,9.15,9.19,9.19,,
98.802,9.2,9.19,9.19,,
98.817,9.2,9.19,9.19,,
98.831,9.21,9.2,9.2,,
98.845,9.15,9.2,9.19,,
98.86,9.18,9.19,9.19,,
98.874,9.17,9.19,9.19,,
98.888,9.18,9.19,9.19,,
98.902,9.19,9.19,9.19,,
98.916,9.22,9.19,9.2,,
98.931,9.18,9.2,9.2,,
98.945,9.15,9.2,9.19,,
98.959,9.18,9.19,9.19,,
98.974,9.17,9.19,9.19,,
98.988,9.26,9.19,9.2,,
99.003,9.29,9.2,9.21,,
99.017,9.24,9.21,9.21,,
99.032,9.13,9.22,9.21,,
99.046,9.15,9.21,9.2,,
99.06,9.21,9.21,9.21,,
99.075,9.21,9.21,9.21,,
99.089,9.21,9.21,9.21,,
99.104,9.21,9.21,9.21,,
99.118,9.18,9.21,9.21,,
99.132,9.18,9.21,9.21,,
99.147,9.25,9.21,9.21,,
99.162,9.14,9.22,9.21,,
99.176,9.15,9.21,9.2,,
99.19,9.23,9.2,9.21,,
99.205,9.28,9.21,9.22,,
99.219,9.28,9.22,9.22,,
99.234,9.22,9.22,9.22,,
99.248,9.18,9.22,9.22,,
99.262,9.2,9.22,9.22,,
99.277,9.17,9.22,9.22,,
99.291,9.19,9.22,9.22,,
99.309,9.21,9.22,9.22,,
99.324,9.21,9.22,9.22,,
99.338,9.12,9.22,9.21,,
99.353,9.13,9.21,9.2,,
99.368,9.24,9.2,9.21,,
99.382,9.26,9.21,9.21,,
99.397,9.22,9.22,9.22,,
99.412,9.19,9.22,9.21,,
99.427,9.19,9.21,9.21,,
99.441,9.19,9.21,9.21,,
99.457,9.22,9.21,9.21,,
99.472,9.25,9.22,9.22,,
99.487,9.18,9.22,9.22,,
99.502,9.14,9.22,9.21,,
99.517,9.17,9.21,9.21,,
99.531,9.16,9.21,9.21,,
99.546,9.22,9.21,9.21,,
99.561,9.25,9.21,9.21,,
99.575,9.16,9.21,9.21,,
99.59,9.18,9.21,9.21,,
99.604,9.17,9.21,9.21,,
99.619,9.19,9.21,9.2,,
99.633,9.24,9.2,9.21,,
99.647,9.25,9.21,9.21,,
99.662,9.2,9.21,9.21,,
99.677,9.18,9.21,9.21,,
99.692,9.18,9.21,9.21,,
99.706,9.19,9.21,9.21,,
99.72,9.22,9.21,9.21,,
99.735,9.22,9.21,9.21,,
99.749,9.21,9.21,9.21,,
99.764,9.17,9.21,9.21,,
99.778,9.15,9.21,9.2,,
99.792,9.21,9.21,9.21,,
99.806,9.25,9.21,9.21,,
99.821,9.25,9.21,9.22,,
99.835,9.22,9.22,9.22,,
99.849,9.14,9.22,9.21,,
99.863,9.14,9.21,9.21,,
99.877,9.15,9.21,9.2,,
99.892,9.13,9.2,9.19,,
99.906,9.16,9.19,9.19,,
99.921,9.18,9.19,9.19,,
99.935,9.18,9.19,9.19,,
99.95,9.14,9.19,9.19,,
99.964,9.12,9.19,9.18,,
99.979,9.21,9.19,9.19,,
99.994,9.27,9.19,9.2,,
100.008,9.16,9.2,9.2,,
100.022,9.12,9.2,9.19,,
100.036,9.18,9.19,9.19,,
100.052,9.2,9.19,9.19,,
100.066,9.16,9.19,9.19,,
100.081,9.2,9.19,9.19,,
100.095,9.18,9.19,9.19,,
100.11,9.17,9.19,9.19,,
100.124,9.15,9.19,9.19,,
100.139,9.1,9.19,9.18,,
100.154,9.14,9.18,9.18,,
100.169,9.21,9.18,9.18,,
100.184,9.27,9.19,9.19,,
100.199,9.19,9.2,9.2,,
100.214,9.12,9.2,9.19,,
100.228,9.12,9.19,9.18,,
100.243,9.18,9.19,9.18,,
100.258,9.21,9.19,9.19,,
100.273,9.22,9.19,9.19,,
100.288,9.22,9.2,9.2,,
100.303,9.17,9.2,9.2,,
100.317,9.13,9.2,9.19,,
100.332,9.24,9.19,9.2,,
100.346,9.28,9.2,9.21,,
100.361,9.23,9.21,9.21,,
100.375,9.18,9.21,9.21,,
100.39,9.24,9.21,9.22,,
100.405,9.24,9.22,9.22,,
100.42,9.2,9.22,9.22,,
100.435,9.21,9.22,9.22,,
100.452,9.18,9.22,9.22,,
100.467,9.18,9.22,9.21,,
100.482,9.19,9.22,9.21,,
100.497,9.2,9.22,9.21,,
100.511,9.24,9.22,9.22,,
100.526,9.25,9.22,9.22,,
100.541,9.21,9.22,9.22,,
100.555,9.16,9.22,9.22,,
100.57,9.13,9.22,9.21,,
100.585,9.2,9.21,9.21,,
100.599,9.24,9.21,9.21,,
100.614,9.27,9.21,9.22,,
100.629,9.23,9.22,9.22,,
100.643,9.14,9.22,9.21,,
100.658,9.16,9.22,9.21,,
100.672,9.2,9.21,9.21,,
100.686,9.23,9.21,9.21,,
100.701,9.28,9.21,9.22,,
100.716,9.29,9.22,9.23,,
100.73,9.13,9.23,9.22,,
100.744,9.11,9.22,9.21,,
100.758,9.21,9.21,9.21,,
100.773,9.25,9.21,9.22,,
100.787,9.29,9.22,9.23,,
100.801,9.25,9.23,9.23,,
100.815,9.21,9.23,9.23,,
100.829,9.17,9.23,9.23,,
100.844,9.19,9.23,9.22,,
100.858,9.3,9.22,9.23,,
100.872,9.29,9.23,9.24,,
100.886,9.21,9.24,9.24,,
100.9,9.16,9.24,9.23,,
100.915,9.2,9.23,9.23,,
100.929,9.21,9.23,9.23,,
100.943,9.21,9.23,9.23,,
100.958,9.26,9.23,9.23,,
100.973,9.23,9.23,9.23,,
100.988,9.19,9.23,9.23,,
101.003,9.18,9.23,9.23,,
101.016,9.18,9.23,9.22,,
101.031,9.2,9.23,9.22,,
101.045,9.21,9.22,9.22,,
101.06,9.25,9.22,9.23,,
101.075,9.19,9.23,9.22,,
101.089,9.13,9.22,9.21,,
101.104,9.19,9.22,9.21,,
101.119,9.19,9.21,9.21,,
101.136,9.22,9.21,9.21,,
101.151,9.24,9.21,9.22,,
101.166,9.19,9.22,9.22,,
101.18,9.14,9.22,9.21,,
101.198,9.17,9.21,9.21,,
101.212,9.2,9.21,9.21,,
101.227,9.22,9.21,9.21,,
101.241,9.2,9.21,9.21,,
101.256,9.18,9.21,9.21,,
101.27,9.15,9.21,9.2,,
101.285,9.18,9.2,9.2,,
101.299,9.17,9.2,9.2,,
101.314,9.21,9.2,9.2,,
101.329,9.18,9.2,9.2,,
101.344,9.25,9.2,9.21,,
101.358,9.27,9.21,9.22,,
101.372,9.19,9.22,9.22,,
101.387,9.19,9.22,9.21,,
101.402,9.2,9.21,9.21,,
101.416,9.21,9.21,9.21,,
101.431,9.18,9.21,9.21,,
101.446,9.19,9.21,9.21,,
101.461,9.15,9.21,9.21,,
101.475,9.13,9.21,9.2,,
101.49,9.19,9.2,9.2,,
101.504,9.22,9.2,9.2,,
101.519,9.19,9.2,9.2,,
101.533,9.13,9.2,9.2,,
101.548,9.16,9.2,9.19,,
101.563,9.2,9.2,9.2,,
101.577,9.2,9.2,9.2,,
101.592,9.22,9.2,9.2,,
101.607,9.21,9.2,9.2,,
101.621,9.18,9.2,9.2,,
101.636,9.19,9.2,9.2,,
101.651,9.21,9.2,9.2,,
101.665,9.14,9.2,9.2,,
101.679,9.15,9.2,9.19,,
101.693,9.15,9.19,9.19,,
101.708,9.15,9.19,9.19,,
101.722,9.19,9.19,9.19,,
101.736,9.21,9.19,9.19,,
101.751,9.27,9.19,9.2,,
101.765,9.2,9.2,9.2,,
101.78,9.2,9.2,9.2,,
101.794,9.17,9.2,9.2,,
101.808,9.13,9.2,9.19,,
101.826,9.16,9.2,9.19,,
101.84,9.2,9.19,9.19,,
101.854,9.18,9.2,9.19,,
101.868,9.17,9.19,9.19,,
101.883,9.2,9.19,9.19,,
101.897,9.17,9.2,9.19,,
101.912,9.18,9.19,9.19,,
101.926,9.22,9.19,9.2,,
101.94,9.22,9.2,9.2,,
101.955,9.12,9.2,9.19,,
101.969,9.12,9.19,9.19,,
101.983,9.17,9.19,9.19,,
101.998,9.2,9.19,9.19,,
102.012,9.18,9.19,9.19,,
102.027,9.14,9.19,9.18,,
102.041,9.14,9.19,9.18,,
102.056,9.22,9.18,9.19,,
102.071,9.19,9.19,9.19,,
102.085,9.14,9.19,9.19,,
102.1,9.17,9.19,9.19,,
102.114,9.24,9.19,9.19,,
102.129,9.22,9.2,9.2,,
102.144,9.18,9.2,9.2,,
102.158,9.2,9.2,9.2,,
102.172,9.23,9.2,9.2,,
102.187,9.21,9.2,9.21,,
102.202,9.26,9.21,9.21,,
102.217,9.25,9.21,9.22,,
102.231,9.14,9.22,9.21,,
102.246,9.11,9.21,9.2,,
102.26,9.15,9.2,9.2,,
102.275,9.25,9.2,9.21,,
102.29,9.22,9.21,9.21,,
102.304,9.13,9.21,9.2,,
102.319,9.13,9.2,9.2,,
102.333,9.17,9.2,9.2,,
102.348,9.2,9.2,9.2,,
102.362,9.19,9.2,9.2,,
102.377,9.17,9.2,9.2,,
102.391,9.16,9.2,9.2,,
102.406,9.13,9.2,9.19,,
102.42,9.17,9.19,9.19,,
102.435,9.19,9.19,9.19,,
102.449,9.23,9.19,9.2,,
102.464,9.23,9.2,9.2,,
102.478,9.2,9.21,9.2,,
102.493,9.16,9.21,9.2,,
102.508,9.15,9.2,9.2,,
102.522,9.2,9.2,9.2,,
102.537,9.19,9.2,9.2,,
102.551,9.17,9.2,9.2,,
102.566,9.18,9.2,9.2,,
102.58,9.14,9.2,9.19,,
102.595,9.11,9.19,9.18,,
102.609,9.2,9.18,9.19,,
102.624,9.24,9.19,9.19,,
102.639,9.22,9.19,9.2,,
102.653,9.19,9.2,9.2,,
102.668,9.1,9.2,9.19,,
102.683,9.1,9.19,9.18,,
102.697,9.18,9.18,9.18,,
102.711,9.21,9.18,9.19,,
102.725,9.22,9.19,9.19,,
102.739,9.17,9.19,9.19,,
102.754,9.18,9.19,9.19,,
102.768,9.22,9.19,9.19,,
102.782,9.2,9.19,9.2,,
102.797,9.19,9.2,9.2,,
102.811,9.22,9.2,9.2,,
102.826,9.21,9.2,9.2,,
102.84,9.2,9.2,9.2,,
102.854,9.19,9.21,9.2,,
102.868,9.21,9.21,9.21,,
102.883,9.18,9.21,9.21,,
102.897,9.19,9.21,9.2,,
102.912,9.22,9.21,9.21,,
102.926,9.16,9.21,9.2,,
102.941,9.13,9.21,9.2,,
102.955,9.18,9.2,9.2,,
102.969,9.21,9.2,9.2,,
102.984,9.24,9.2,9.21,,
102.999,9.21,9.21,9.21,,
103.014,9.15,9.21,9.2,,
103.029,9.17,9.2,9.2,,
103.044,9.24,9.2,9.21,,
103.058,9.2,9.21,9.21,,
103.073,9.14,9.21,9.2,,
103.088,9.17,9.2,9.2,,
103.102,9.24,9.2,9.21,,
103.117,9.24,9.21,9.21,,
103.132,9.16,9.21,9.21,,
103.146,9.15,9.21,9.2,,
103.162,9.18,9.2,9.2,,
103.177,9.17,9.2,9.2,,
103.191,9.17,9.2,9.2,,
103.206,9.18,9.2,9.2,,
103.22,9.22,9.2,9.2,,
103.235,9.21,9.2,9.2,,
103.25,9.16,9.2,9.2,,
103.264,9.16,9.2,9.19,,
103.279,9.18,9.19,9.19,,
103.296,9.23,9.19,9.2,,
103.31,9.16,9.2,9.2,,
103.325,9.17,9.2,9.19,,
103.339,9.23,9.19,9.2,,
103.354,9.21,9.2,9.2,,
103.369,9.09,9.2,9.19,,
103.384,9.11,9.19,9.18,,
103.398,9.23,9.18,9.19,,
103.413,9.24,9.19,9.19,,
103.428,9.22,9.2,9.2,,
103.442,9.25,9.2,9.2,,
103.457,9.26,9.2,9.21,,
103.472,9.11,9.21,9.2,,
103.486,9.12,9.2,9.2,,
103.501,9.27,9.2,9.2,,
103.515,9.23,9.21,9.21,,
103.53,9.18,9.21,9.21,,
103.545,9.17,9.21,9.2,,
103.56,9.2,9.21,9.21,,
103.574,9.21,9.21,9.21,,
103.588,9.22,9.21,9.21,,
103.603,9.19,9.21,9.21,,
103.618,9.2,9.21,9.21,,
103.633,9.2,9.21,9.21,,
103.648,9.17,9.21,9.21,,
103.663,9.19,9.21,9.21,,
103.677,9.19,9.21,9.2,,
103.693,9.2,9.21,9.21,,
103.707,9.23,9.21,9.21,,
103.721,9.2,9.21,9.21,,
103.736,9.19,9.21,9.21,,
103.75,9.17,9.21,9.21,,
103.764,9.22,9.21,9.21,,
103.779,9.26,9.21,9.22,,
103.793,9.27,9.22,9.22,,
103.807,9.14,9.22,9.21,,
103.822,9.09,9.22,9.2,,
103.836,9.23,9.2,9.21,,
103.85,9.27,9.21,9.21,,
103.864,9.22,9.22,9.22,,
103.878,9.21,9.22,9.22,,
103.893,9.23,9.22,9.22,,
103.907,9.24,9.22,9.22,,
103.922,9.22,9.22,9.22,,
103.936,9.17,9.22,9.22,,
103.95,9.15,9.22,9.21,,
103.964,9.16,9.21,9.21,,
103.978,9.17,9.21,9.2,,
103.993,9.18,9.2,9.2,,
104.008,9.19,9.2,9.2,,
104.022,9.23,9.2,9.21,,
104.037,9.22,9.21,9.21,,
104.052,9.3,9.21,9.22,,
104.066,9.29,9.22,9.23,,
104.081,9.21,9.23,9.23,,
104.096,9.21,9.23,9.23,,
104.11,9.19,9.23,9.22,,
104.125,9.17,9.23,9.22,,
104.139,9.2,9.22,9.22,,
104.153,9.25,9.22,9.22,,
104.168,9.19,9.23,9.22,,
104.182,9.18,9.22,9.22,,
104.197,9.21,9.22,9.22,,
104.212,9.22,9.22,9.22,,
104.226,9.2,9.22,9.22,,
104.241,9.17,9.22,9.22,,
104.257,9.18,9.22,9.21,,
104.274,9.2,9.22,9.21,,
104.288,9.14,9.22,9.21,,
104.303,9.17,9.21,9.2,,
104.317,9.19,9.21,9.2,,
104.332,9.24,9.21,9.21,,
104.346,9.23,9.21,9.21,,
104.361,9.19,9.21,9.21,,
104.376,9.21,9.21,9.21,,
104.391,9.2,9.21,9.21,,
104.406,9.17,9.21,9.21,,
104.42,9.15,9.21,9.2,,
104.434,9.15,9.2,9.2,,
104.449,9.23,9.2,9.2,,
104.463,9.22,9.21,9.21,,
104.478,9.12,9.21,9.2,,
104.493,9.11,9.2,9.19,,
104.507,9.22,9.19,9.2,,
104.522,9.24,9.2,9.2,,
104.538,9.18,9.2,9.2,,
104.553,9.16,9.2,9.2,,
104.567,9.17,9.2,9.2,,
104.582,9.18,9.2,9.2,,
104.597,9.19,9.2,9.2,,
104.612,9.18,9.2,9.2,,
104.627,9.15,9.2,9.19,,
104.641,9.2,9.2,9.2,,
104.656,9.26,9.2,9.2,,
104.67,9.21,9.2,9.21,,
104.685,9.15,9.21,9.2,,
104.699,9.14,9.21,9.2,,
104.714,9.19,9.2,9.2,,
104.728,9.21,9.2,9.2,,
104.742,9.18,9.2,9.2,,
104.757,9.17,9.2,9.2,,
104.771,9.2,9.2,9.2,,
104.786,9.23,9.2,9.2,,
104.8,9.17,9.21,9.2,,
104.814,9.19,9.2,9.2,,
104.829,9.21,9.2,9.2,,
104.843,9.14,9.21,9.2,,
104.858,9.15,9.2,9.2,,
104.872,9.2,9.2,9.2,,
104.886,9.2,9.2,9.2,,
104.9,9.2,9.2,9.2,,
104.915,9.17,9.2,9.2,,
104.929,9.23,9.2,9.2,,
104.943,9.22,9.2,9.21,,
104.957,9.19,9.21,9.2,,
104.972,9.18,9.21,9.2,,
104.986,9.14,9.2,9.2,,
105,9.16,9.2,9.2,,
105.015,9.18,9.2,9.2,,
105.03,9.17,9.2,9.19,,
105.045,9.14,9.19,9.19,,
105.06,9.2,9.19,9.19,,
105.074,9.19,9.19,9.19,,
105.089,9.18,9.19,9.19,,
105.103,9.15,9.19,9.19,,
105.118,9.19,9.19,9.19,,
105.132,9.22,9.19,9.2,,
105.146,9.23,9.2,9.2,,
105.161,9.25,9.2,9.21,,
105.175,9.2,9.21,9.21,,
105.19,9.21,9.21,9.21,,
105.205,9.22,9.21,9.21,,
105.22,9.16,9.21,9.21,,
105.235,9.18,9.21,9.21,,
105.249,9.22,9.21,9.21,,
105.264,9.2,9.21,9.21,,
105.279,9.14,9.21,9.2,,
105.294,9.12,9.2,9.2,,
105.308,9.14,9.2,9.19,,
105.323,9.2,9.19,9.19,,
105.337,9.28,9.2,9.21,,
105.352,9.24,9.21,9.21,,
105.366,9.15,9.21,9.2,,
105.381,9.17,9.21,9.2,,
105.396,9.18,9.2,9.2,,
105.411,9.13,9.2,9.19,,
105.425,9.18,9.2,9.19,,
105.44,9.22,9.2,9.2,,
105.455,9.22,9.2,9.2,,
105.469,9.18,9.2,9.2,,
105.484,9.19,9.2,9.2,,
105.499,9.18,9.2,9.2,,
105.513,9.21,9.2,9.2,,
105.528,9.2,9.2,9.2,,
105.543,9.15,9.2,9.2,,
105.558,9.19,9.2,9.2,,
105.572,9.27,9.2,9.21,,
105.587,9.17,9.21,9.21,,
105.601,9.2,9.21,9.2,,
105.615,9.26,9.21,9.21,,
105.63,9.22,9.21,9.21,,
105.645,9.15,9.21,9.21,,
105.659,9.18,9.21,9.21,,
105.674,9.21,9.21,9.21,,
105.688,9.19,9.21,9.21,,
105.703,9.2,9.21,9.21,,
105.717,9.2,9.21,9.21,,
105.732,9.17,9.21,9.21,,
105.747,9.18,9.21,9.21,,
105.762,9.2,9.21,9.21,,
105.777,9.19,9.21,9.21,,
105.791,9.22,9.21,9.21,,
105.805,9.16,9.21,9.2,,
105.819,9.18,9.21,9.2,,
105.833,9.2,9.2,9.2,,
105.847,9.19,9.21,9.2,,
105.862,9.19,9.21,9.2,,
105.876,9.2,9.21,9.2,,
105.89,9.14,9.21,9.2,,
105.904,9.16,9.2,9.2,,
105.919,9.19,9.2,9.2,,
105.933,9.12,9.2,9.19,,
105.947,9.1,9.19,9.18,,
105.962,9.2,9.19,9.19,,
105.976,9.23,9.19,9.19,,
105.99,9.21,9.2,9.2,,
106.005,9.2,9.2,9.2,,
106.019,9.22,9.2,9.2,,
106.034,9.21,9.2,9.2,,
106.048,9.18,9.21,9.2,,
106.063,9.19,9.2,9.2,,
106.077,9.18,9.21,9.2,,
106.092,9.18,9.2,9.2,,
106.106,9.19,9.2,9.2,,
106.12,9.2,9.2,9.2,,
106.135,9.22,9.2,9.21,,
106.15,9.22,9.21,9.21,,
106.164,9.22,9.21,9.21,,
106.178,9.19,9.21,9.21,,
106.193,9.22,9.21,9.21,,
106.207,9.19,9.21,9.21,,
106.221,9.17,9.21,9.21,,
106.236,9.23,9.21,9.21,,
106.25,9.22,9.21,9.21,,
106.265,9.23,9.21,9.21,,
106.279,9.15,9.22,9.21,,
106.294,9.15,9.21,9.2,,
106.309,9.21,9.21,9.21,,
106.323,9.14,9.21,9.2,,
106.338,9.13,9.2,9.2,,
106.352,9.22,9.2,9.2,,
106.367,9.22,9.2,9.2,,
106.381,9.19,9.2,9.2,,
106.396,9.16,9.2,9.2,,
106.411,9.17,9.2,9.2,,
106.425,9.12,9.2,9.19,,
106.44,9.13,9.2,9.19,,
106.455,9.24,9.19,9.2,,
106.469,9.23,9.2,9.2,,
106.484,9.2,9.2,9.2,,
106.498,9.19,9.2,9.2,,
106.513,9.2,9.2,9.2,,
106.527,9.19,9.2,9.2,,
106.542,9.19,9.2,9.2,,
106.557,9.18,9.2,9.2,,
106.571,9.17,9.2,9.2,,
106.585,9.19,9.2,9.2,,
106.6,9.24,9.2,9.2,,
106.615,9.19,9.2,9.2,,
106.629,9.19,9.2,9.2,,
106.644,9.19,9.2,9.2,,
106.658,9.19,9.2,9.2,,
106.673,9.21,9.2,9.2,,
106.688,9.19,9.21,9.2,,
106.702,9.23,9.21,9.21,,
106.717,9.23,9.21,9.21,,
106.732,9.18,9.21,9.21,,
106.746,9.16,9.21,9.21,,
106.76,9.19,9.21,9.21,,
106.774,9.19,9.21,9.21,,
106.788,9.19,9.21,9.21,,
106.802,9.11,9.21,9.2,,
106.817,9.15,9.2,9.2,,
106.831,9.19,9.2,9.2,,
106.845,9.2,9.2,9.2,,
106.859,9.21,9.2,9.2,,
106.873,9.22,9.2,9.2,,
106.888,9.2,9.21,9.21,,
106.902,9.24,9.21,9.21,,
106.916,9.27,9.21,9.22,,
106.931,9.25,9.22,9.22,,
106.945,9.25,9.22,9.22,,
106.959,9.14,9.23,9.22,,
106.973,9.12,9.22,9.21,,
106.988,9.16,9.21,9.2,,
107.002,9.21,9.21,9.21,,
107.017,9.2,9.21,9.21,,
107.031,9.21,9.21,9.21,,
107.046,9.25,9.21,9.21,,
107.06,9.18,9.22,9.21,,
107.075,9.12,9.21,9.2,,
107.089,9.19,9.21,9.21,,
107.104,9.23,9.21,9.21,,
107.119,9.21,9.21,9.21,,
107.134,9.17,9.21,9.21,,
107.148,9.19,9.21,9.21,,
107.162,9.21,9.21,9.21,,
107.177,9.19,9.21,9.21,,
107.192,9.18,9.21,9.21,,
107.207,9.16,9.21,9.21,,
107.222,9.13,9.21,9.2,,
107.236,9.18,9.2,9.2,,
107.251,9.2,9.2,9.2,,
107.265,9.19,9.2,9.2,,
107.28,9.22,9.2,9.2,,
107.294,9.24,9.2,9.2,,
107.309,9.23,9.21,9.21,,
107.324,9.19,9.21,9.21,,
107.338,9.17,9.21,9.21,,
107.353,9.18,9.21,9.21,,
107.368,9.18,9.21,9.2,,
107.382,9.16,9.21,9.2,,
107.397,9.17,9.2,9.2,,
107.411,9.17,9.2,9.2,,
107.427,9.18,9.2,9.2,,
107.441,9.18,9.2,9.2,,
107.456,9.18,9.2,9.2,,
107.47,9.21,9.2,9.2,,
107.485,9.22,9.2,9.2,,
107.5,9.22,9.2,9.2,,
107.514,9.19,9.21,9.2,,
107.529,9.18,9.21,9.2,,
107.543,9.21,9.21,9.21,,
107.557,9.22,9.21,9.21,,
107.572,9.24,9.21,9.21,,
107.587,9.18,9.21,9.21,,
107.601,9.15,9.21,9.21,,
107.616,9.17,9.21,9.2,,
107.631,9.18,9.21,9.2,,
107.646,9.22,9.2,9.21,,
107.661,9.21,9.21,9.21,,
107.676,9.19,9.21,9.21,,
107.69,9.24,9.21,9.21,,
107.705,9.23,9.21,9.22,,
107.719,9.2,9.22,9.22,,
107.734,9.18,9.22,9.21,,
107.749,9.16,9.21,9.21,,
107.763,9.16,9.21,9.2,,
107.777,9.16,9.2,9.2,,
107.792,9.21,9.2,9.2,,
107.806,9.21,9.2,9.2,,
107.821,9.23,9.2,9.21,,
107.835,9.21,9.21,9.21,,
107.849,9.23,9.21,9.21,,
107.863,9.21,9.21,9.21,,
107.877,9.18,9.22,9.21,,
107.892,9.19,9.21,9.21,,
107.906,9.18,9.21,9.21,,
107.923,9.17,9.21,9.21,,
107.937,9.16,9.21,9.21,,
107.951,9.2,9.21,9.21,,
107.965,9.22,9.21,9.21,,
107.98,9.17,9.21,9.2,,
107.994,9.18,9.21,9.2,,
108.008,9.15,9.21,9.2,,
108.023,9.16,9.2,9.2,,
108.038,9.23,9.2,9.2,,
108.052,9.22,9.2,9.21,,
108.067,9.17,9.21,9.2,,
108.081,9.14,9.2,9.2,,
108.096,9.18,9.2,9.2,,
108.111,9.19,9.2,9.2,,
108.126,9.18,9.2,9.19,,
108.141,9.17,9.2,9.19,,
108.159,9.19,9.19,9.19,,
108.172,9.23,9.19,9.2,,
108.187,9.25,9.2,9.2,,
108.202,9.22,9.21,9.21,,
108.216,9.17,9.21,9.21,,
108.231,9.16,9.21,9.2,,
108.246,9.13,9.2,9.2,,
108.26,9.14,9.2,9.19,,
108.275,9.18,9.19,9.19,,
108.29,9.19,9.19,9.19,,
108.305,9.18,9.19,9.19,,
108.319,9.17,9.19,9.19,,
108.334,9.25,9.19,9.2,,
108.349,9.26,9.2,9.2,,
108.363,9.2,9.2,9.2,,
108.378,9.2,9.21,9.21,,
108.393,9.21,9.21,9.21,,
108.407,9.17,9.21,9.2,,
108.421,9.15,9.2,9.2,,
108.436,9.15,9.2,9.19,,
108.451,9.18,9.2,9.19,,
108.465,9.2,9.2,9.2,,
108.48,9.18,9.2,9.2,,
108.494,9.2,9.2,9.2,,
108.508,9.22,9.2,9.2,,
108.523,9.2,9.2,9.2,,
108.537,9.19,9.21,9.2,,
108.552,9.22,9.21,9.21,,
108.566,9.24,9.21,9.21,,
108.581,9.22,9.21,9.22,,
108.595,9.22,9.22,9.22,,
108.61,9.23,9.22,9.22,,
108.624,9.2,9.22,9.22,,
108.639,9.16,9.22,9.21,,
108.654,9.16,9.22,9.21,,
108.668,9.18,9.21,9.21,,
108.683,9.23,9.21,9.21,,
108.697,9.21,9.22,9.21,,
108.712,9.22,9.22,9.22,,
108.727,9.24,9.22,9.22,,
108.741,9.18,9.22,9.22,,
108.755,9.15,9.22,9.21,,
108.77,9.14,9.21,9.21,,
108.784,9.15,9.21,9.2,,
108.798,9.16,9.2,9.2,,
108.812,9.15,9.2,9.19,,
108.832,9.19,9.2,9.2,,
108.846,9.17,9.2,9.19,,
108.861,9.18,9.19,9.19,,
108.875,9.22,9.19,9.2,,
108.889,9.18,9.2,9.2,,
108.903,9.17,9.2,9.2,,
108.917,9.2,9.2,9.2,,
108.932,9.18,9.2,9.2,,
108.946,9.26,9.2,9.2,,
108.961,9.23,9.21,9.21,,
108.975,9.19,9.21,9.21,,
108.99,9.2,9.21,9.21,,
109.005,9.19,9.21,9.21,,
109.019,9.12,9.21,9.2,,
109.034,9.14,9.2,9.19,,
109.048,9.2,9.2,9.2,,
109.062,9.19,9.2,9.2,,
109.077,9.22,9.2,9.2,,
109.092,9.2,9.2,9.2,,
109.107,9.21,9.2,9.2,,
109.122,9.19,9.21,9.2,,
109.137,9.18,9.21,9.2,,
109.151,9.19,9.21,9.2,,
109.166,9.2,9.21,9.2,,
109.18,9.16,9.21,9.2,,
109.195,9.2,9.2,9.2,,
109.21,9.18,9.2,9.2,,
109.225,9.2,9.2,9.2,,
109.239,9.22,9.21,9.21,,
109.254,9.21,9.21,9.21,,
109.268,9.23,9.21,9.21,,
109.283,9.17,9.21,9.21,,
109.297,9.15,9.21,9.21,,
109.312,9.14,9.21,9.2,,
109.326,9.19,9.2,9.2,,
109.341,9.21,9.2,9.2,,
109.355,9.15,9.2,9.2,,
109.37,9.14,9.2,9.19,,
109.385,9.26,9.2,9.2,,
109.402,9.18,9.2,9.2,,
109.416,9.16,9.2,9.2,,
109.431,9.19,9.2,9.2,,
109.446,9.22,9.2,9.2,,
109.461,9.19,9.2,9.2,,
109.476,9.2,9.2,9.2,,
109.49,9.18,9.21,9.2,,
109.505,9.18,9.2,9.2,,
109.52,9.18,9.2,9.2,,
109.534,9.22,9.2,9.2,,
109.549,9.16,9.2,9.2,,
109.563,9.15,9.2,9.2,,
109.578,9.17,9.2,9.19,,
109.593,9.23,9.2,9.2,,
109.608,9.22,9.2,9.2,,
109.622,9.15,9.2,9.2,,
109.636,9.12,9.2,9.19,,
109.651,9.2,9.19,9.19,,
109.666,9.24,9.2,9.2,,
109.68,9.21,9.2,9.2,,
109.695,9.17,9.2,9.2,,
109.71,9.19,9.2,9.2,,
109.725,9.15,9.2,9.2,,
109.74,9.21,9.2,9.2,,
109.755,9.22,9.2,9.2,,
109.769,9.15,9.2,9.2,,
109.783,9.19,9.2,9.2,,
109.798,9.16,9.2,9.19,,
109.812,9.14,9.2,9.19,,
109.828,9.21,9.19,9.19,,
109.842,9.21,9.19,9.2,,
109.856,9.13,9.2,9.19,,
109.87,9.14,9.19,9.19,,
109.884,9.19,9.19,9.19,,
109.899,9.22,9.19,9.19,,
109.913,9.18,9.19,9.19,,
109.928,9.15,9.19,9.19,,
109.942,9.14,9.19,9.19,,
109.956,9.17,9.19,9.19,,
109.973,9.16,9.19,9.18,,
109.987,9.25,9.18,9.19,,
110.003,9.26,9.19,9.2,,
110.017,9.19,9.2,9.2,,
110.032,9.19,9.2,9.2,,
110.046,9.17,9.2,9.2,,
110.061,9.2,9.2,9.2,,
110.075,9.24,9.2,9.21,,
110.09,9.22,9.21,9.21,,
110.105,9.24,9.21,9.21,,
110.119,9.18,9.21,9.21,,
110.134,9.14,9.21,9.2,,
110.149,9.14,9.21,9.2,,
110.164,9.2,9.2,9.2,,
110.179,9.25,9.2,9.21,,
110.194,9.12,9.21,9.2,,
110.208,9.13,9.2,9.19,,
110.223,9.17,9.19,9.19,,
110.237,9.16,9.19,9.19,,
110.252,9.13,9.19,9.19,,
110.266,9.15,9.19,9.18,,
110.281,9.21,9.18,9.19,,
110.296,9.24,9.19,9.2,,
110.311,9.18,9.2,9.2,,
110.325,9.13,9.2,9.19,,
110.34,9.17,9.19,9.19,,
110.357,9.18,9.19,9.19,,
110.371,9.19,9.19,9.19,,
110.386,9.18,9.19,9.19,,
110.401,9.19,9.19,9.19,,
110.416,9.18,9.2,9.19,,
110.43,9.14,9.2,9.19,,
110.445,9.14,9.19,9.19,,
110.46,9.24,9.19,9.19,,
110.474,9.22,9.2,9.2,,
110.489,9.15,9.2,9.2,,
110.504,9.14,9.2,9.19,,
110.518,9.23,9.19,9.2,,
110.533,9.23,9.2,9.2,,
110.548,9.26,9.2,9.21,,
110.562,9.24,9.21,9.21,,
110.577,9.16,9.22,9.21,,
110.592,9.14,9.21,9.21,,
110.607,9.15,9.21,9.2,,
110.621,9.12,9.2,9.19,,
110.636,9.17,9.19,9.19,,
110.65,9.24,9.19,9.2,,
110.664,9.23,9.2,9.2,,
110.679,9.14,9.2,9.2,,
110.693,9.17,9.2,9.2,,
110.708,9.21,9.2,9.2,,
110.722,9.18,9.2,9.2,,
110.736,9.13,9.2,9.19,,
110.751,9.16,9.19,9.19,,
110.765,9.24,9.19,9.19,,
110.78,9.19,9.2,9.19,,
110.794,9.16,9.2,9.19,,
110.808,9.2,9.19,9.2,,
110.822,9.2,9.2,9.2,,
110.837,9.16,9.2,9.2,,
110.851,9.23,9.2,9.2,,
110.865,9.27,9.2,9.21,,
110.88,9.22,9.21,9.21,,
110.894,9.24,9.21,9.21,,
110.908,9.24,9.21,9.22,,
110.923,9.2,9.22,9.22,,
110.937,9.16,9.22,9.21,,
110.951,9.19,9.21,9.21,,
110.966,9.25,9.21,9.22,,
110.98,9.25,9.22,9.22,,
110.995,9.2,9.22,9.22,,
111.009,9.2,9.22,9.22,,
111.024,9.19,9.22,9.22,,
111.039,9.23,9.22,9.22,,
111.053,9.21,9.22,9.22,,
111.067,9.19,9.22,9.22,,
111.082,9.19,9.22,9.22,,
111.097,9.13,9.22,9.21,,
111.112,9.09,9.21,9.2,,
111.126,9.16,9.2,9.2,,
111.141,9.23,9.2,9.2,,
111.156,9.24,9.2,9.21,,
111.171,9.22,9.21,9.21,,
111.185,9.23,9.21,9.21,,
111.2,9.21,9.21,9.21,,
111.214,9.15,9.22,9.21,,
111.229,9.21,9.21,9.21,,
111.243,9.25,9.21,9.22,,
111.258,9.24,9.22,9.22,,
111.272,9.21,9.22,9.22,,
111.287,9.17,9.22,9.22,,
111.302,9.12,9.22,9.21,,
111.317,9.13,9.21,9.2,,
111.331,9.16,9.2,9.2,,
111.346,9.16,9.2,9.2,,
111.36,9.19,9.2,9.2,,
111.375,9.21,9.2,9.2,,
111.39,9.2,9.2,9.2,,
111.405,9.21,9.2,9.2,,
111.419,9.23,9.2,9.21,,
111.434,9.2,9.21,9.21,,
111.448,9.16,9.21,9.2,,
111.462,9.17,9.21,9.2,,
111.477,9.13,9.2,9.2,,
111.492,9.12,9.2,9.19,,
111.506,9.16,9.19,9.19,,
111.521,9.21,9.19,9.19,,
111.535,9.2,9.19,9.19,,
111.55,9.12,9.19,9.19,,
111.564,9.14,9.19,9.18,,
111.579,9.19,9.18,9.18,,
111.593,9.24,9.19,9.19,,
111.608,9.22,9.19,9.2,,
111.623,9.19,9.2,9.2,,
111.637,9.19,9.2,9.2,,
111.652,9.17,9.2,9.2,,
111.667,9.16,9.2,9.19,,
111.681,9.18,9.2,9.19,,
111.696,9.14,9.2,9.19,,
111.71,9.15,9.19,9.19,,
111.725,9.19,9.19,9.19,,
111.739,9.23,9.19,9.19,,
111.754,9.23,9.19,9.2,,
111.768,9.16,9.2,9.19,,
111.783,9.16,9.2,9.19,,
111.797,9.21,9.19,9.19,,
111.811,9.23,9.2,9.2,,
111.826,9.22,9.2,9.2,,
111.84,9.17,9.2,9.2,,
111.854,9.17,9.2,9.2,,
111.869,9.17,9.2,9.2,,
111.883,9.15,9.2,9.19,,
111.897,9.18,9.2,9.19,,
111.912,9.18,9.19,9.19,,
111.926,9.18,9.19,9.19,,
111.941,9.2,9.2,9.2,,
111.955,9.21,9.2,9.2,,
111.97,9.19,9.2,9.2,,
111.984,9.17,9.2,9.2,,
111.998,9.19,9.2,9.2,,
112.012,9.23,9.2,9.2,,
112.027,9.26,9.2,9.21,,
112.042,9.25,9.21,9.21,,
112.057,9.23,9.21,9.22,,
112.072,9.19,9.22,9.21,,
112.086,9.21,9.21,9.21,,
112.101,9.15,9.21,9.21,,
112.116,9.13,9.21,9.2,,
112.13,9.16,9.2,9.2,,
112.145,9.17,9.2,9.2,,
112.159,9.19,9.2,9.2,,
112.174,9.17,9.2,9.2,,
112.188,9.16,9.2,9.19,,
112.203,9.26,9.2,9.2,,
112.218,9.26,9.21,9.21,,
112.233,9.19,9.21,9.21,,
112.25,9.17,9.21,9.21,,
112.265,9.18,9.21,9.21,,
112.279,9.19,9.21,9.2,,
112.293,9.24,9.21,9.21,,
112.308,9.15,9.21,9.21,,
112.323,9.16,9.21,9.2,,
112.337,9.23,9.2,9.21,,
112.352,9.15,9.21,9.2,,
112.367,9.11,9.2,9.19,,
112.381,9.2,9.19,9.2,,
112.396,9.21,9.2,9.2,,
112.41,9.19,9.2,9.2,,
112.426,9.23,9.2,9.2,,
112.44,9.19,9.2,9.2,,
112.455,9.18,9.2,9.2,,
112.469,9.27,9.2,9.21,,
112.484,9.25,9.21,9.22,,
112.499,9.2,9.22,9.22,,
112.513,9.13,9.22,9.21,,
112.528,9.19,9.21,9.21,,
112.542,9.19,9.21,9.21,,
112.557,9.21,9.21,9.21,,
112.574,9.21,9.21,9.21,,
112.587,9.19,9.21,9.21,,
112.602,9.18,9.21,9.21,,
112.616,9.2,9.21,9.21,,
112.631,9.15,9.21,9.2,,
112.646,9.23,9.2,9.21,,
112.66,9.23,9.21,9.21,,
112.674,9.08,9.21,9.2,,
112.692,9.14,9.2,9.19,,
112.706,9.25,9.19,9.2,,
112.722,9.25,9.2,9.21,,
112.737,9.18,9.21,9.21,,
112.752,9.14,9.21,9.2,,
112.766,9.07,9.2,9.19,,
112.781,9.12,9.19,9.18,,
112.795,9.26,9.18,9.19,,
112.81,9.21,9.19,9.19,,
112.824,9.21,9.19,9.2,,
112.839,9.19,9.2,9.2,,
112.853,9.15,9.2,9.19,,
112.867,9.13,9.19,9.19,,
112.882,9.25,9.19,9.19,,
112.896,9.27,9.2,9.2,,
112.91,9.23,9.21,9.21,,
112.924,9.15,9.21,9.2,,
112.939,9.13,9.21,9.2,,
112.953,9.16,9.2,9.2,,
112.967,9.22,9.2,9.2,,
112.982,9.25,9.2,9.2,,
112.996,9.21,9.21,9.21,,
113.01,9.16,9.21,9.2,,
113.024,9.15,9.21,9.2,,
113.039,9.13,9.2,9.19,,
113.054,9.22,9.2,9.2,,
113.068,9.17,9.2,9.2,,
113.082,9.19,9.2,9.2,,
113.097,9.16,9.2,9.19,,
113.112,9.14,9.2,9.19,,
113.126,9.14,9.19,9.18,,
113.141,9.21,9.19,9.19,,
113.156,9.2,9.19,9.19,,
113.17,9.16,9.19,9.19,,
113.185,9.14,9.19,9.18,,
113.2,9.17,9.19,9.18,,
113.214,9.23,9.19,9.19,,
113.23,9.3,9.19,9.2,,
113.244,9.29,9.2,9.21,,
113.259,9.23,9.21,9.22,,
113.273,9.16,9.22,9.21,,
113.287,9.12,9.21,9.2,,
113.302,9.13,9.2,9.2,,
113.317,9.16,9.2,9.19,,
113.331,9.21,9.19,9.2,,
113.346,9.2,9.2,9.2,,
113.36,9.16,9.2,9.2,,
113.375,9.15,9.2,9.19,,
113.389,9.18,9.19,9.19,,
113.404,9.22,9.19,9.2,,
113.418,9.21,9.2,9.2,,
113.433,9.23,9.2,9.2,,
113.447,9.21,9.2,9.2,,
113.462,9.11,9.21,9.2,,
113.476,9.09,9.2,9.19,,
113.491,9.14,9.19,9.18,,
113.505,9.22,9.18,9.19,,
113.52,9.21,9.19,9.19,,
113.534,9.15,9.19,9.19,,
113.549,9.17,9.19,9.19,,
113.564,9.14,9.19,9.19,,
113.578,9.18,9.19,9.19,,
113.593,9.22,9.19,9.19,,
113.607,9.2,9.19,9.19,,
113.622,9.19,9.19,9.19,,
113.637,9.14,9.2,9.19,,
113.651,9.14,9.19,9.19,,
113.666,9.23,9.19,9.19,,
113.681,9.22,9.19,9.19,,
113.695,9.25,9.2,9.2,,
113.71,9.24,9.2,9.21,,
113.724,9.2,9.21,9.21,,
113.738,9.22,9.21,9.21,,
113.753,9.27,9.21,9.22,,
113.768,9.28,9.22,9.22,,
113.782,9.15,9.23,9.22,,
113.796,9.09,9.22,9.21,,
113.811,9.14,9.21,9.2,,
113.825,9.19,9.2,9.2,,
113.84,9.23,9.2,9.21,,
113.854,9.27,9.21,9.21,,
113.868,9.18,9.21,9.21,,
113.883,9.14,9.21,9.2,,
113.897,9.16,9.21,9.2,,
113.912,9.15,9.2,9.2,,
113.926,9.17,9.2,9.19,,
113.94,9.26,9.2,9.2,,
113.954,9.29,9.2,9.21,,
113.969,9.2,9.21,9.21,,
113.984,9.12,9.21,9.21,,
113.998,9.14,9.21,9.2,,
114.012,9.23,9.2,9.21,,
114.027,9.24,9.21,9.21,,
114.041,9.22,9.21,9.21,,
114.056,9.19,9.21,9.21,,
114.071,9.16,9.21,9.2,,
114.085,9.16,9.21,9.2,,
114.1,9.23,9.2,9.2,,
114.115,9.25,9.21,9.21,,
114.129,9.15,9.21,9.2,,
114.144,9.14,9.21,9.2,,
114.159,9.21,9.2,9.2,,
114.173,9.2,9.2,9.2,,
114.188,9.2,9.21,9.21,,
114.202,9.22,9.21,9.21,,
114.217,9.18,9.21,9.21,,
114.232,9.12,9.21,9.2,,
114.247,9.14,9.2,9.2,,
114.262,9.19,9.2,9.2,,
114.276,9.23,9.2,9.2,,
114.291,9.2,9.2,9.2,,
114.305,9.16,9.2,9.2,,
114.32,9.19,9.2,9.2,,
114.335,9.21,9.2,9.2,,
114.349,9.19,9.2,9.2,,
114.364,9.2,9.2,9.2,,
114.379,9.14,9.2,9.2,,
114.393,9.17,9.2,9.19,,
114.411,9.18,9.2,9.19,,
114.426,9.15,9.2,9.19,,
114.441,9.17,9.19,9.19,,
114.455,9.2,9.19,9.19,,
114.47,9.2,9.19,9.19,,
114.485,9.16,9.19,9.19,,
114.499,9.14,9.19,9.19,,
114.514,9.19,9.19,9.19,,
114.529,9.2,9.19,9.19,,
114.543,9.19,9.19,9.19,,
114.558,9.2,9.19,9.19,,
114.573,9.16,9.19,9.19,,
114.587,9.13,9.19,9.19,,
114.602,9.22,9.19,9.19,,
114.617,9.26,9.19,9.2,,
114.632,9.22,9.2,9.2,,
114.646,9.22,9.21,9.21,,
114.66,9.22,9.21,9.21,,
114.675,9.15,9.21,9.21,,
114.69,9.16,9.21,9.2,,
114.704,9.14,9.2,9.2,,
114.719,9.18,9.2,9.2,,
114.733,9.22,9.2,9.2,,
114.748,9.22,9.2,9.21,,
114.762,9.2,9.21,9.21,,
114.777,9.19,9.21,9.21,,
114.791,9.17,9.21,9.2,,
114.806,9.2,9.2,9.2,,
114.82,9.21,9.21,9.21,,
114.834,9.18,9.21,9.2,,
114.848,9.12,9.21,9.2,,
114.863,9.17,9.2,9.19,,
114.878,9.2,9.2,9.2,,
114.892,9.21,9.2,9.2,,
114.906,9.21,9.2,9.2,,
114.92,9.19,9.2,9.2,,
114.935,9.16,9.2,9.2,,
114.949,9.12,9.2,9.19,,
114.963,9.13,9.19,9.19,,
114.978,9.24,9.19,9.19,,
114.992,9.29,9.19,9.2,,
115.007,9.28,9.21,9.21,,
115.021,9.18,9.21,9.21,,
115.035,9.18,9.21,9.21,,
115.051,9.22,9.21,9.21,,
115.065,9.19,9.21,9.21,,
115.08,9.25,9.21,9.21,,
115.094,9.24,9.22,9.22,,
115.109,9.13,9.22,9.21,,
115.124,9.09,9.21,9.2,,
115.138,9.2,9.2,9.2,,
115.153,9.27,9.2,9.21,,
115.168,9.21,9.21,9.21,,
115.183,9.19,9.21,9.21,,
115.197,9.15,9.21,9.2,,
115.212,9.15,9.21,9.2,,
115.226,9.16,9.2,9.2,,
115.241,9.2,9.2,9.2,,
115.255,9.27,9.2,9.21,,
115.27,9.23,9.21,9.21,,
115.285,9.14,9.21,9.21,,
115.3,9.16,9.21,9.2,,
115.315,9.2,9.2,9.2,,
115.329,9.23,9.2,9.21,,
115.344,9.18,9.21,9.21,,
115.359,9.16,9.21,9.2,,
115.373,9.18,9.2,9.2,,
115.388,9.19,9.2,9.2,,
115.402,9.16,9.2,9.2,,
115.417,9.21,9.2,9.2,,
115.435,9.17,9.2,9.2,,
115.446,9.18,9.2,9.2,,
115.461,9.18,9.2,9.2,,
115.476,9.14,9.2,9.2,,
115.49,9.16,9.2,9.19,,
115.505,9.23,9.19,9.2,,
115.52,9.25,9.2,9.2,,
115.534,9.23,9.2,9.2,,
115.549,9.27,9.21,9.21,,
115.564,9.25,9.22,9.22,,
115.578,9.22,9.22,9.22,,
115.593,9.22,9.22,9.22,,
115.607,9.23,9.22,9.22,,
115.622,9.19,9.22,9.22,,
115.637,9.17,9.22,9.22,,
115.652,9.15,9.22,9.21,,
115.666,9.17,9.21,9.21,,
115.681,9.17,9.21,9.21,,
115.695,9.15,9.21,9.2,,
115.71,9.15,9.2,9.2,,
115.724,9.12,9.2,9.19,,
115.739,9.19,9.19,9.19,,
115.754,9.22,9.19,9.2,,
115.77,9.22,9.2,9.2,,
115.784,9.21,9.2,9.2,,
115.799,9.18,9.2,9.2,,
115.813,9.19,9.2,9.2,,
115.828,9.19,9.2,9.2,,
115.842,9.19,9.2,9.2,,
115.856,9.21,9.2,9.2,,
115.87,9.18,9.2,9.2,,
115.885,9.16,9.2,9.2,,
115.899,9.22,9.2,9.2,,
115.913,9.25,9.2,9.21,,
115.928,9.15,9.21,9.2,,
115.942,9.13,9.2,9.2,,
115.956,9.14,9.2,9.19,,
115.971,9.21,9.19,9.19,,
115.985,9.21,9.19,9.2,,
115.999,9.2,9.2,9.2,,
116.013,9.19,9.2,9.2,,
116.028,9.15,9.2,9.19,,
116.042,9.14,9.19,9.19,,
116.057,9.19,9.19,9.19,,
116.071,9.21,9.19,9.19,,
116.086,9.18,9.19,9.19,,
116.1,9.17,9.19,9.19,,
116.115,9.17,9.19,9.19,,
116.129,9.18,9.19,9.19,,
116.144,9.19,9.19,9.19,,
116.158,9.14,9.19,9.19,,
116.173,9.18,9.19,9.19,,
116.189,9.21,9.19,9.19,,
116.203,9.18,9.19,9.19,,
116.218,9.2,9.19,9.2,,
116.232,9.23,9.2,9.2,,
116.247,9.17,9.2,9.2,,
116.261,9.15,9.2,9.19,,
116.276,9.2,9.2,9.2,,
116.29,9.21,9.2,9.2,,
116.304,9.18,9.2,9.2,,
116.319,9.18,9.2,9.2,,
116.334,9.16,9.2,9.2,,
116.349,9.19,9.2,9.2,,
116.363,9.21,9.2,9.2,,
116.377,9.2,9.2,9.2,,
116.391,9.22,9.2,9.2,,
116.406,9.17,9.21,9.2,,
116.421,9.15,9.2,9.2,,
116.436,9.17,9.2,9.2,,
116.45,9.18,9.2,9.2,,
116.465,9.11,9.2,9.19,,
116.479,9.12,9.19,9.18,,
116.494,9.22,9.19,9.19,,
116.509,9.23,9.19,9.2,,
116.523,9.23,9.2,9.2,,
116.538,9.21,9.2,9.2,,
116.553,9.14,9.2,9.2,,
116.567,9.17,9.2,9.2,,
116.581,9.18,9.2,9.2,,
116.596,9.19,9.2,9.2,,
116.61,9.16,9.2,9.19,,
116.625,9.16,9.19,9.19,,
116.64,9.18,9.19,9.19,,
116.655,9.14,9.19,9.19,,
116.669,9.24,9.19,9.19,,
116.684,9.26,9.2,9.2,,
116.699,9.19,9.21,9.2,,
116.713,9.13,9.21,9.2,,
116.728,9.18,9.2,9.2,,
116.742,9.21,9.2,9.2,,
116.757,9.19,9.2,9.2,,
116.772,9.2,9.2,9.2,,
116.786,9.24,9.2,9.21,,
116.801,9.16,9.21,9.2,,
116.815,9.18,9.2,9.2,,
116.829,9.2,9.2,9.2,,
116.844,9.18,9.2,9.2,,
116.858,9.21,9.2,9.2,,
116.872,9.24,9.2,9.21,,
116.886,9.13,9.21,9.2,,
116.901,9.16,9.2,9.2,,
116.915,9.18,9.2,9.2,,
116.929,9.25,9.2,9.2,,
116.944,9.24,9.21,9.21,,
116.958,9.16,9.21,9.21,,
116.972,9.15,9.21,9.2,,
116.987,9.19,9.2,9.2,,
117.001,9.2,9.2,9.2,,
117.015,9.21,9.2,9.2,,
117.029,9.2,9.21,9.2,,
117.043,9.15,9.21,9.2,,
117.058,9.16,9.2,9.2,,
117.073,9.17,9.2,9.2,,
117.087,9.18,9.2,9.19,,
117.101,9.17,9.2,9.19,,
117.116,9.22,9.2,9.2,,
117.13,9.23,9.2,9.2,,
117.145,9.16,9.2,9.2,,
117.159,9.18,9.2,9.2,,
117.173,9.18,9.2,9.2,,
117.188,9.19,9.2,9.2,,
117.202,9.22,9.2,9.2,,
117.217,9.21,9.2,9.2,,
117.232,9.19,9.2,9.2,,
117.246,9.14,9.2,9.2,,
117.261,9.14,9.2,9.19,,
117.275,9.24,9.19,9.2,,
117.29,9.24,9.2,9.2,,
117.304,9.22,9.2,9.21,,
117.319,9.2,9.21,9.21,,
117.334,9.21,9.21,9.21,,
117.348,9.22,9.21,9.21,,
117.362,9.21,9.21,9.21,,
117.377,9.19,9.22,9.21,,
117.392,9.15,9.21,9.21,,
117.406,9.16,9.21,9.2,,
117.421,9.18,9.2,9.2,,
117.437,9.18,9.2,9.2,,
117.452,9.21,9.2,9.2,,
117.466,9.19,9.2,9.2,,
117.481,9.19,9.2,9.2,,
117.495,9.19,9.2,9.2,,
117.51,9.23,9.2,9.21,,
117.524,9.23,9.21,9.21,,
117.539,9.25,9.21,9.22,,
117.554,9.25,9.22,9.22,,
117.568,9.22,9.22,9.22,,
117.583,9.17,9.22,9.22,,
117.598,9.16,9.22,9.21,,
117.612,9.2,9.21,9.21,,
117.627,9.2,9.21,9.21,,
117.642,9.19,9.21,9.21,,
117.657,9.18,9.21,9.21,,
117.671,9.23,9.21,9.21,,
117.686,9.22,9.22,9.22,,
117.7,9.23,9.22,9.22,,
117.715,9.2,9.22,9.22,,
117.73,9.18,9.22,9.21,,
117.744,9.18,9.21,9.21,,
117.759,9.16,9.21,9.21,,
117.773,9.14,9.21,9.2,,
117.788,9.16,9.2,9.2,,
117.802,9.2,9.2,9.2,,
117.817,9.18,9.2,9.2,,
117.831,9.19,9.2,9.2,,
117.845,9.26,9.2,9.21,,
117.859,9.2,9.21,9.21,,
117.874,9.15,9.21,9.2,,
117.888,9.19,9.2,9.2,,
117.903,9.23,9.2,9.21,,
117.917,9.17,9.21,9.2,,
117.932,9.14,9.21,9.2,,
117.946,9.13,9.2,9.19,,
117.961,9.17,9.2,9.19,,
117.975,9.21,9.19,9.2,,
117.989,9.19,9.2,9.2,,
118.003,9.22,9.2,9.2,,
118.018,9.2,9.2,9.2,,
118.032,9.14,9.2,9.2,,
118.046,9.18,9.2,9.2,,
118.061,9.25,9.2,9.2,,
118.075,9.21,9.2,9.2,,
118.09,9.2,9.2,9.2,,
118.104,9.16,9.21,9.2,,
118.119,9.13,9.2,9.2,,
118.134,9.21,9.2,9.2,,
118.148,9.19,9.2,9.2,,
118.163,9.22,9.2,9.2,,
118.177,9.21,9.2,9.2,,
118.192,9.14,9.2,9.2,,
118.206,9.17,9.2,9.2,,
118.221,9.19,9.2,9.2,,
118.235,9.19,9.2,9.2,,
118.25,9.21,9.2,9.2,,
118.265,9.21,9.2,9.2,,
118.279,9.16,9.2,9.2,,
118.294,9.14,9.2,9.2,,
118.308,9.16,9.2,9.19,,
118.323,9.23,9.19,9.2,,
118.337,9.24,9.2,9.2,,
118.352,9.16,9.2,9.2,,
118.366,9.13,9.2,9.19,,
118.381,9.17,9.2,9.19,,
118.395,9.19,9.19,9.19,,
118.409,9.19,9.19,9.19,,
118.424,9.21,9.19,9.2,,
118.438,9.19,9.2,9.2,,
118.453,9.12,9.2,9.19,,
118.467,9.09,9.19,9.18,,
118.482,9.14,9.18,9.18,,
118.496,9.18,9.18,9.18,,
118.511,9.24,9.18,9.19,,
118.525,9.22,9.19,9.19,,
118.54,9.15,9.19,9.19,,
118.555,9.14,9.19,9.18,,
118.569,9.19,9.18,9.19,,
118.584,9.21,9.19,9.19,,
118.598,9.19,9.19,9.19,,
118.613,9.18,9.19,9.19,,
118.628,9.17,9.19,9.19,,
118.643,9.17,9.19,9.19,,
118.657,9.14,9.19,9.18,,
118.672,9.17,9.19,9.18,,
118.687,9.23,9.18,9.19,,
118.702,9.26,9.19,9.2,,
118.716,9.18,9.2,9.19,,
118.731,9.17,9.19,9.19,,
118.746,9.26,9.19,9.2,,
118.76,9.26,9.2,9.21,,
118.775,9.2,9.21,9.21,,
118.789,9.15,9.21,9.2,,
118.804,9.16,9.21,9.2,,
118.818,9.17,9.2,9.2,,
118.832,9.15,9.2,9.2,,
118.846,9.15,9.2,9.19,,
118.861,9.2,9.19,9.19,,
118.875,9.21,9.19,9.2,,
118.889,9.2,9.2,9.2,,
118.903,9.16,9.2,9.2,,
118.918,9.18,9.2,9.2,,
118.932,9.2,9.2,9.2,,
118.946,9.18,9.2,9.2,,
118.96,9.2,9.2,9.2,,
118.975,9.26,9.2,9.2,,
118.989,9.25,9.21,9.21,,
119.004,9.23,9.21,9.21,,
119.019,9.22,9.22,9.22,,
119.033,9.16,9.22,9.21,,
119.047,9.15,9.21,9.21,,
119.061,9.18,9.21,9.21,,
119.076,9.23,9.21,9.21,,
119.09,9.2,9.21,9.21,,
119.105,9.18,9.21,9.2,,
119.12,9.22,9.21,9.21,,
119.135,9.19,9.21,9.21,,
119.15,9.15,9.21,9.2,,
119.164,9.2,9.2,9.2,,
119.179,9.22,9.2,9.2,,
119.193,9.24,9.21,9.21,,
119.208,9.24,9.21,9.21,,
119.223,9.17,9.21,9.21,,
119.238,9.19,9.21,9.21,,
119.253,9.23,9.21,9.21,,
119.267,9.24,9.21,9.22,,
119.282,9.24,9.22,9.22,,
119.296,9.2,9.22,9.22,,
119.311,9.14,9.22,9.21,,
119.326,9.18,9.21,9.21,,
119.34,9.17,9.21,9.21,,
119.355,9.13,9.21,9.2,,
119.369,9.13,9.2,9.19,,
119.384,9.16,9.19,9.19,,
119.398,9.19,9.19,9.19,,
119.413,9.15,9.19,9.19,,
119.428,9.13,9.19,9.18,,
119.443,9.14,9.18,9.18,,
119.457,9.21,9.18,9.18,,
119.472,9.2,9.18,9.19,,
119.486,9.16,9.19,9.18,,
119.501,9.19,9.19,9.19,,
119.516,9.25,9.19,9.19,,
119.531,9.21,9.19,9.2,,
119.545,9.19,9.2,9.2,,
119.561,9.19,9.2,9.2,,
119.576,9.17,9.2,9.2,,
119.59,9.16,9.2,9.19,,
119.605,9.16,9.2,9.19,,
119.619,9.17,9.19,9.19,,
119.634,9.16,9.19,9.19,,
119.649,9.18,9.19,9.19,,
119.663,9.17,9.19,9.19,,
119.678,9.14,9.19,9.19,,
119.693,9.15,9.19,9.19,,
119.708,9.19,9.19,9.19,,
119.723,9.18,9.19,9.19,,
119.737,9.18,9.19,9.19,,
119.751,9.2,9.19,9.19,,
119.766,9.17,9.19,9.19,,
119.781,9.15,9.19,9.18,,
119.796,9.13,9.19,9.18,,
119.81,9.14,9.18,9.18,,
119.824,9.23,9.18,9.18,,
119.838,9.25,9.19,9.19,,
119.853,9.23,9.19,9.2,,
119.867,9.24,9.2,9.2,,
119.881,9.26,9.2,9.21,,
119.895,9.23,9.21,9.21,,
119.91,9.21,9.21,9.21,,
119.924,9.18,9.21,9.21,,
119.938,9.16,9.21,9.2,,
119.953,9.17,9.21,9.2,,
119.967,9.21,9.2,9.2,,
119.981,9.24,9.2,9.21,,
119.996,9.23,9.21,9.21,,
