Time (s),Accel Roll (deg),Gyro Roll (deg),Filtered Roll (deg),,
0.001,-0.55,-0.52,-0.52,noise (0),0.271118742
0.005,-0.49,-0.52,-0.51,noise (10),0.115786864
0.02,-0.49,-0.51,-0.51,drift(10DEG),
0.035,-0.56,-0.51,-0.52,drift(0DEG),
0.05,-0.51,-0.52,-0.52,,
0.065,-0.5,-0.51,-0.51,,
0.08,-0.49,-0.51,-0.51,,
0.095,-0.45,-0.5,-0.49,,
0.11,-0.48,-0.49,-0.49,,
0.125,-0.48,-0.49,-0.49,,
0.14,-0.48,-0.48,-0.48,,
0.154,-0.45,-0.48,-0.48,,
0.169,-0.45,-0.47,-0.47,,
0.185,-0.49,-0.47,-0.47,,
0.2,-0.46,-0.47,-0.47,,
0.215,-0.45,-0.47,-0.46,,
0.23,-0.48,-0.46,-0.47,,
0.245,-0.54,-0.46,-0.48,,
0.261,-0.52,-0.48,-0.48,,
0.276,-0.51,-0.48,-0.49,,
0.291,-0.5,-0.49,-0.49,,
0.306,-0.48,-0.49,-0.49,,
0.321,-0.48,-0.49,-0.48,,
0.336,-0.49,-0.48,-0.48,,
0.351,-0.46,-0.48,-0.48,,
0.367,-0.5,-0.48,-0.48,,
0.381,-0.53,-0.48,-0.49,,
0.397,-0.54,-0.49,-0.5,,
0.412,-0.47,-0.5,-0.49,,
0.427,-0.48,-0.49,-0.49,,
0.442,-0.48,-0.49,-0.48,,
0.457,-0.46,-0.48,-0.48,,
0.472,-0.48,-0.48,-0.48,,
0.487,-0.47,-0.47,-0.47,,
0.502,-0.54,-0.47,-0.49,,
0.517,-0.53,-0.49,-0.49,,
0.532,-0.5,-0.49,-0.49,,
0.547,-0.5,-0.49,-0.49,,
0.562,-0.54,-0.49,-0.5,,
0.577,-0.53,-0.5,-0.51,,
0.592,-0.51,-0.51,-0.51,,
0.607,-0.52,-0.5,-0.51,,
0.622,-0.52,-0.51,-0.51,,
0.637,-0.5,-0.51,-0.51,,
0.652,-0.45,-0.51,-0.49,,
0.667,-0.45,-0.49,-0.48,,
0.682,-0.48,-0.48,-0.48,,
0.697,-0.51,-0.48,-0.49,,
0.712,-0.49,-0.48,-0.48,,
0.727,-0.49,-0.48,-0.48,,
0.742,-0.5,-0.48,-0.49,,
0.756,-0.51,-0.48,-0.49,,
0.771,-0.45,-0.49,-0.48,,
0.786,-0.43,-0.48,-0.47,,
0.8,-0.46,-0.47,-0.47,,
0.815,-0.51,-0.46,-0.47,,
0.829,-0.48,-0.47,-0.47,,
0.844,-0.44,-0.47,-0.47,,
0.858,-0.46,-0.46,-0.46,,
0.873,-0.5,-0.46,-0.47,,
0.887,-0.5,-0.47,-0.47,,
0.902,-0.5,-0.47,-0.48,,
0.916,-0.51,-0.48,-0.48,,
0.931,-0.5,-0.48,-0.49,,
0.946,-0.5,-0.48,-0.49,,
0.96,-0.5,-0.49,-0.49,,
0.975,-0.5,-0.49,-0.49,,
0.989,-0.47,-0.49,-0.49,,
1.003,-0.46,-0.49,-0.48,,
1.018,-0.48,-0.48,-0.48,,
1.032,-0.48,-0.48,-0.48,,
1.047,-0.5,-0.48,-0.48,,
1.062,-0.5,-0.48,-0.49,,
1.077,-0.54,-0.48,-0.5,,
1.092,-0.55,-0.49,-0.51,,
1.106,-0.52,-0.5,-0.51,,
1.121,-0.53,-0.51,-0.51,,
1.136,-0.55,-0.51,-0.52,,
1.15,-0.54,-0.52,-0.52,,
1.165,-0.4,-0.52,-0.5,,
1.18,-0.47,-0.5,-0.49,,
1.195,-0.49,-0.49,-0.49,,
1.21,-0.48,-0.49,-0.49,,
1.224,-0.46,-0.48,-0.48,,
1.239,-0.48,-0.48,-0.48,,
1.254,-0.52,-0.48,-0.48,,
1.269,-0.53,-0.48,-0.49,,
1.284,-0.5,-0.49,-0.49,,
1.299,-0.52,-0.49,-0.5,,
1.314,-0.49,-0.49,-0.49,,
1.328,-0.48,-0.49,-0.49,,
1.343,-0.43,-0.49,-0.48,,
1.358,-0.54,-0.47,-0.49,,
1.373,-0.54,-0.49,-0.5,,
1.388,-0.54,-0.49,-0.5,,
1.403,-0.54,-0.5,-0.51,,
1.417,-0.52,-0.51,-0.51,,
1.432,-0.54,-0.51,-0.51,,
1.447,-0.52,-0.51,-0.51,,
1.463,-0.5,-0.51,-0.51,,
1.477,-0.49,-0.51,-0.5,,
1.492,-0.52,-0.5,-0.51,,
1.507,-0.54,-0.5,-0.51,,
1.521,-0.49,-0.51,-0.51,,
1.536,-0.54,-0.51,-0.51,,
1.551,-0.55,-0.51,-0.52,,
1.566,-0.45,-0.52,-0.5,,
1.581,-0.45,-0.5,-0.49,,
1.595,-0.48,-0.49,-0.49,,
1.61,-0.55,-0.49,-0.5,,
1.625,-0.54,-0.5,-0.51,,
1.64,-0.52,-0.5,-0.51,,
1.654,-0.53,-0.51,-0.51,,
1.669,-0.46,-0.51,-0.5,,
1.684,-0.45,-0.5,-0.49,,
1.699,-0.52,-0.49,-0.49,,
1.714,-0.5,-0.49,-0.49,,
1.729,-0.48,-0.49,-0.49,,
1.744,-0.52,-0.49,-0.49,,
1.759,-0.54,-0.49,-0.5,,
1.773,-0.55,-0.5,-0.51,,
1.788,-0.48,-0.51,-0.5,,
1.802,-0.48,-0.5,-0.5,,
1.817,-0.49,-0.49,-0.49,,
1.831,-0.5,-0.49,-0.49,,
1.846,-0.48,-0.49,-0.49,,
1.86,-0.48,-0.49,-0.49,,
1.875,-0.52,-0.49,-0.49,,
1.889,-0.55,-0.49,-0.5,,
1.903,-0.58,-0.5,-0.52,,
1.918,-0.56,-0.52,-0.52,,
1.933,-0.45,-0.52,-0.51,,
1.948,-0.43,-0.51,-0.49,,
1.962,-0.45,-0.49,-0.48,,
1.977,-0.49,-0.48,-0.48,,
1.991,-0.55,-0.48,-0.5,,
2.006,-0.56,-0.5,-0.51,,
2.02,-0.54,-0.51,-0.51,,
2.035,-0.52,-0.51,-0.52,,
2.05,-0.56,-0.51,-0.52,,
2.065,-0.5,-0.52,-0.52,,
2.079,-0.47,-0.52,-0.51,,
2.094,-0.44,-0.51,-0.49,,
2.109,-0.48,-0.49,-0.49,,
2.124,-0.53,-0.49,-0.5,,
2.139,-0.5,-0.5,-0.5,,
2.154,-0.5,-0.5,-0.5,,
2.169,-0.52,-0.5,-0.5,,
2.184,-0.47,-0.5,-0.49,,
2.199,-0.51,-0.49,-0.49,,
2.214,-0.58,-0.49,-0.51,,
2.228,-0.56,-0.51,-0.52,,
2.243,-0.42,-0.52,-0.5,,
2.258,-0.55,-0.5,-0.51,,
2.273,-0.58,-0.51,-0.52,,
2.288,-0.52,-0.52,-0.52,,
2.303,-0.53,-0.52,-0.52,,
2.318,-0.49,-0.52,-0.51,,
2.333,-0.49,-0.51,-0.51,,
2.348,-0.49,-0.5,-0.5,,
2.362,-0.52,-0.5,-0.5,,
2.377,-0.5,-0.5,-0.5,,
2.392,-0.47,-0.5,-0.5,,
2.407,-0.53,-0.5,-0.5,,
2.421,-0.54,-0.5,-0.51,,
2.436,-0.52,-0.51,-0.51,,
2.45,-0.47,-0.51,-0.5,,
2.465,-0.45,-0.5,-0.49,,
2.48,-0.5,-0.49,-0.49,,
2.495,-0.51,-0.49,-0.49,,
2.51,-0.52,-0.49,-0.49,,
2.524,-0.48,-0.49,-0.49,,
2.539,-0.5,-0.49,-0.49,,
2.553,-0.51,-0.49,-0.49,,
2.568,-0.49,-0.49,-0.49,,
2.583,-0.47,-0.49,-0.49,,
2.598,-0.48,-0.48,-0.48,,
2.613,-0.52,-0.48,-0.49,,
2.627,-0.52,-0.49,-0.49,,
2.642,-0.51,-0.49,-0.5,,
2.657,-0.48,-0.49,-0.49,,
2.671,-0.43,-0.49,-0.48,,
2.686,-0.54,-0.48,-0.49,,
2.7,-0.55,-0.49,-0.5,,
2.715,-0.53,-0.5,-0.51,,
2.73,-0.53,-0.51,-0.51,,
2.744,-0.52,-0.51,-0.51,,
2.759,-0.51,-0.51,-0.51,,
2.774,-0.49,-0.51,-0.51,,
2.788,-0.52,-0.5,-0.51,,
2.803,-0.5,-0.51,-0.51,,
2.817,-0.51,-0.5,-0.51,,
2.832,-0.55,-0.5,-0.51,,
2.846,-0.58,-0.51,-0.53,,
2.861,-0.58,-0.52,-0.54,,
2.875,-0.56,-0.53,-0.54,,
2.89,-0.54,-0.54,-0.54,,
2.905,-0.49,-0.54,-0.53,,
2.919,-0.49,-0.53,-0.52,,
2.934,-0.48,-0.52,-0.51,,
2.948,-0.49,-0.51,-0.51,,
2.963,-0.51,-0.51,-0.51,,
2.977,-0.46,-0.51,-0.5,,
2.992,-0.55,-0.5,-0.51,,
3.006,-0.57,-0.51,-0.52,,
3.021,-0.54,-0.52,-0.52,,
3.035,-0.54,-0.52,-0.52,,
3.05,-0.5,-0.52,-0.52,,
3.065,-0.48,-0.52,-0.51,,
3.08,-0.49,-0.51,-0.5,,
3.094,-0.49,-0.5,-0.5,,
3.109,-0.52,-0.5,-0.5,,
3.124,-0.51,-0.5,-0.5,,
3.138,-0.52,-0.5,-0.5,,
3.153,-0.5,-0.5,-0.5,,
3.168,-0.48,-0.5,-0.5,,
3.182,-0.46,-0.5,-0.49,,
3.197,-0.5,-0.49,-0.49,,
3.212,-0.57,-0.49,-0.51,,
3.226,-0.53,-0.51,-0.51,,
3.241,-0.51,-0.51,-0.51,,
3.255,-0.5,-0.51,-0.51,,
3.27,-0.49,-0.51,-0.5,,
3.285,-0.5,-0.5,-0.5,,
3.299,-0.56,-0.5,-0.51,,
3.314,-0.53,-0.51,-0.52,,
3.329,-0.46,-0.52,-0.5,,
3.344,-0.46,-0.5,-0.49,,
3.358,-0.56,-0.49,-0.5,,
3.373,-0.55,-0.5,-0.51,,
3.387,-0.46,-0.51,-0.5,,
3.402,-0.49,-0.5,-0.5,,
3.417,-0.49,-0.5,-0.5,,
3.432,-0.48,-0.5,-0.49,,
3.446,-0.48,-0.49,-0.49,,
3.461,-0.49,-0.49,-0.49,,
3.476,-0.6,-0.49,-0.51,,
3.491,-0.6,-0.51,-0.53,,
3.506,-0.5,-0.53,-0.52,,
3.521,-0.45,-0.52,-0.5,,
3.536,-0.51,-0.5,-0.5,,
3.55,-0.54,-0.5,-0.51,,
3.565,-0.54,-0.51,-0.52,,
3.58,-0.5,-0.51,-0.51,,
3.594,-0.53,-0.51,-0.51,,
3.609,-0.48,-0.51,-0.5,,
3.624,-0.43,-0.5,-0.49,,
3.639,-0.49,-0.49,-0.49,,
3.654,-0.6,-0.49,-0.51,,
3.669,-0.57,-0.51,-0.52,,
3.684,-0.48,-0.52,-0.51,,
3.698,-0.5,-0.51,-0.51,,
3.713,-0.52,-0.5,-0.51,,
3.727,-0.53,-0.5,-0.51,,
3.742,-0.51,-0.51,-0.51,,
3.757,-0.47,-0.51,-0.5,,
3.772,-0.41,-0.5,-0.48,,
3.786,-0.45,-0.48,-0.47,,
3.8,-0.53,-0.47,-0.48,,
3.815,-0.48,-0.48,-0.48,,
3.829,-0.37,-0.48,-0.46,,
3.844,-0.47,-0.46,-0.46,,
3.858,-0.56,-0.46,-0.48,,
3.873,-0.51,-0.48,-0.48,,
3.887,-0.37,-0.48,-0.46,,
3.902,-0.5,-0.46,-0.47,,
3.917,-0.58,-0.46,-0.49,,
3.932,-0.5,-0.48,-0.49,,
3.946,-0.44,-0.49,-0.48,,
3.961,-0.47,-0.48,-0.47,,
3.975,-0.53,-0.47,-0.49,,
3.989,-0.5,-0.48,-0.49,,
4.004,-0.45,-0.49,-0.48,,
4.018,-0.48,-0.48,-0.48,,
4.033,-0.54,-0.47,-0.49,,
4.048,-0.53,-0.48,-0.49,,
4.063,-0.46,-0.49,-0.49,,
4.078,-0.5,-0.48,-0.49,,
4.093,-0.5,-0.49,-0.49,,
4.108,-0.45,-0.49,-0.48,,
4.122,-0.43,-0.48,-0.47,,
4.138,-0.52,-0.47,-0.48,,
4.153,-0.52,-0.48,-0.49,,
4.168,-0.46,-0.48,-0.48,,
4.183,-0.43,-0.48,-0.47,,
4.197,-0.55,-0.47,-0.49,,
4.212,-0.54,-0.48,-0.5,,
4.227,-0.48,-0.49,-0.49,,
4.241,-0.49,-0.49,-0.49,,
4.256,-0.56,-0.49,-0.5,,
4.271,-0.53,-0.5,-0.51,,
4.286,-0.5,-0.5,-0.5,,
4.3,-0.51,-0.5,-0.5,,
4.315,-0.52,-0.5,-0.5,,
4.33,-0.5,-0.5,-0.5,,
4.345,-0.52,-0.5,-0.51,,
4.36,-0.53,-0.5,-0.51,,
4.374,-0.51,-0.51,-0.51,,
4.389,-0.47,-0.51,-0.5,,
4.404,-0.43,-0.5,-0.48,,
4.419,-0.5,-0.48,-0.49,,
4.433,-0.54,-0.48,-0.49,,
4.448,-0.57,-0.49,-0.51,,
4.463,-0.53,-0.51,-0.51,,
4.478,-0.48,-0.51,-0.51,,
4.493,-0.5,-0.5,-0.5,,
4.507,-0.54,-0.5,-0.51,,
4.522,-0.5,-0.51,-0.51,,
4.538,-0.56,-0.5,-0.52,,
4.553,-0.48,-0.52,-0.51,,
4.568,-0.46,-0.51,-0.5,,
4.583,-0.48,-0.5,-0.49,,
4.598,-0.5,-0.49,-0.49,,
4.612,-0.5,-0.49,-0.49,,
4.627,-0.48,-0.49,-0.49,,
4.642,-0.51,-0.49,-0.49,,
4.657,-0.53,-0.49,-0.5,,
4.672,-0.5,-0.5,-0.5,,
4.686,-0.5,-0.5,-0.5,,
4.701,-0.55,-0.49,-0.51,,
4.716,-0.5,-0.5,-0.5,,
4.731,-0.47,-0.5,-0.49,,
4.748,-0.17,-0.49,-0.43,,
4.763,-1.09,-0.42,-0.55,,
4.779,-1.43,-0.53,-0.71,,
4.793,-0.04,-0.72,-0.59,,
4.807,-0.81,-0.58,-0.63,,
4.822,-0.37,-0.63,-0.57,,
4.836,-0.8,-0.57,-0.62,,
4.851,-0.45,-0.62,-0.58,,
4.865,-0.76,-0.58,-0.62,,
4.88,-0.59,-0.61,-0.61,,
4.895,-0.7,-0.61,-0.63,,
4.91,-0.58,-0.63,-0.62,,
4.924,-0.56,-0.61,-0.6,,
4.939,-0.55,-0.6,-0.59,,
4.953,-0.43,-0.59,-0.56,,
4.968,-0.51,-0.56,-0.55,,
4.982,-0.5,-0.55,-0.54,,
4.996,-0.6,-0.54,-0.55,,
5.011,-0.54,-0.55,-0.55,,
5.025,-0.56,-0.55,-0.55,,
5.041,-0.51,-0.55,-0.54,,
5.056,-0.49,-0.54,-0.53,,
5.07,-0.49,-0.53,-0.52,,
5.085,-0.45,-0.52,-0.5,,
5.1,-0.52,-0.5,-0.51,,
5.115,-0.49,-0.51,-0.5,,
5.13,-0.5,-0.5,-0.5,,
5.145,-0.5,-0.5,-0.5,,
5.16,-0.48,-0.5,-0.49,,
5.175,-0.48,-0.49,-0.49,,
5.19,-0.48,-0.49,-0.49,,
5.205,-0.51,-0.48,-0.49,,
5.22,-0.52,-0.49,-0.49,,
5.234,-0.53,-0.49,-0.5,,
5.249,-0.54,-0.5,-0.51,,
5.264,-0.52,-0.52,-0.52,,
5.279,-0.76,-0.51,-0.56,,
5.294,-0.54,-0.55,-0.55,,
5.309,-0.54,-0.55,-0.55,,
5.324,-0.61,-0.55,-0.56,,
5.339,-0.49,-0.56,-0.55,,
5.354,-0.53,-0.54,-0.54,,
5.369,-0.5,-0.54,-0.53,,
5.384,-0.51,-0.53,-0.53,,
5.399,-0.47,-0.53,-0.52,,
5.414,-0.48,-0.51,-0.51,,
5.429,-0.57,-0.51,-0.52,,
5.444,-0.46,-0.52,-0.51,,
5.46,-0.49,-0.5,-0.5,,
5.475,-0.55,-0.5,-0.51,,
5.49,-0.57,-0.51,-0.52,,
5.505,-0.49,-0.52,-0.51,,
5.52,-0.5,-0.51,-0.51,,
5.535,-0.54,-0.51,-0.51,,
5.55,-0.51,-0.51,-0.51,,
5.566,-0.51,-0.51,-0.51,,
5.58,-0.5,-0.51,-0.51,,
5.595,-0.67,-0.51,-0.54,,
5.611,-0.47,-0.55,-0.53,,
5.628,-0.48,-0.54,-0.53,,
5.644,-0.44,-0.54,-0.52,,
5.659,-0.48,-0.52,-0.51,,
5.674,-0.5,-0.52,-0.52,,
5.689,-0.5,-0.53,-0.52,,
5.704,-0.41,-0.53,-0.5,,
5.719,-0.43,-0.51,-0.5,,
5.733,-0.39,-0.5,-0.48,,
5.748,-0.4,-0.49,-0.47,,
5.763,-0.43,-0.47,-0.47,,
5.778,-0.41,-0.47,-0.46,,
5.793,-0.44,-0.47,-0.46,,
5.808,-0.46,-0.47,-0.47,,
5.822,-0.25,-0.48,-0.43,,
5.837,-0.31,-0.44,-0.41,,
5.852,-0.35,-0.42,-0.4,,
5.866,-0.42,-0.41,-0.41,,
5.88,-0.37,-0.42,-0.41,,
5.895,-0.35,-0.42,-0.41,,
5.91,-0.4,-0.42,-0.41,,
5.925,-0.45,-0.42,-0.43,,
5.939,-0.07,-0.44,-0.37,,
5.954,-0.13,-0.38,-0.33,,
5.969,-0.23,-0.33,-0.31,,
5.984,-0.31,-0.31,-0.31,,
5.999,-0.34,-0.31,-0.31,,
6.013,-0.32,-0.32,-0.32,,
6.028,-0.32,-0.32,-0.32,,
6.042,-0.29,-0.32,-0.32,,
6.058,-0.32,-0.33,-0.32,,
6.073,-0.03,-0.34,-0.28,,
6.088,-0.26,-0.29,-0.29,,
6.103,-0.25,-0.3,-0.29,,
6.118,-0.05,-0.3,-0.25,,
6.134,-0.04,-0.26,-0.21,,
6.149,-0.19,-0.21,-0.21,,
6.164,-0.19,-0.21,-0.2,,
6.178,-0.19,-0.2,-0.2,,
6.193,-0.17,-0.2,-0.19,,
6.209,-0.17,-0.19,-0.19,,
6.223,-0.21,-0.19,-0.19,,
6.239,-0.23,-0.19,-0.2,,
6.254,-0.23,-0.2,-0.21,,
6.269,-0.22,-0.21,-0.21,,
6.284,-0.15,-0.21,-0.2,,
6.299,-0.14,-0.2,-0.19,,
6.314,-0.11,-0.19,-0.18,,
6.329,-0.16,-0.17,-0.17,,
6.344,-0.14,-0.16,-0.16,,
6.359,-0.24,-0.15,-0.17,,
6.374,-0.26,-0.16,-0.18,,
6.389,-0.26,-0.17,-0.19,,
6.404,-0.2,-0.18,-0.19,,
6.419,-0.31,-0.18,-0.21,,
6.434,-0.13,-0.2,-0.19,,
6.449,-0.23,-0.18,-0.19,,
6.464,-0.23,-0.19,-0.2,,
6.479,-0.21,-0.19,-0.2,,
6.494,-0.36,-0.19,-0.23,,
6.509,-0.52,-0.22,-0.28,,
6.524,-0.18,-0.29,-0.27,,
6.539,-0.21,-0.28,-0.26,,
6.554,-0.21,-0.27,-0.25,,
6.569,-0.14,-0.26,-0.24,,
6.583,-0.14,-0.24,-0.22,,
6.598,-0.14,-0.22,-0.2,,
6.613,-0.19,-0.2,-0.2,,
6.628,-0.21,-0.2,-0.2,,
6.643,-0.33,-0.19,-0.22,,
6.658,-0.28,-0.22,-0.23,,
6.672,-0.2,-0.23,-0.23,,
6.687,-0.21,-0.23,-0.23,,
6.702,-0.21,-0.22,-0.22,,
6.717,-0.23,-0.22,-0.22,,
6.732,-0.25,-0.22,-0.23,,
6.747,-0.23,-0.23,-0.23,,
6.762,-0.13,-0.23,-0.21,,
6.777,-0.11,-0.21,-0.19,,
6.792,-0.12,-0.19,-0.18,,
6.807,-0.19,-0.18,-0.18,,
6.822,-0.15,-0.18,-0.17,,
6.836,-0.19,-0.18,-0.18,,
6.851,-0.19,-0.18,-0.18,,
6.865,-0.16,-0.18,-0.18,,
6.88,-0.15,-0.17,-0.17,,
6.894,-0.18,-0.16,-0.17,,
6.908,-0.2,-0.16,-0.17,,
6.924,-0.18,-0.16,-0.17,,
6.938,-0.19,-0.16,-0.17,,
6.953,-0.15,-0.16,-0.16,,
6.967,-0.17,-0.15,-0.16,,
6.982,-0.21,-0.15,-0.16,,
6.996,-0.28,-0.16,-0.18,,
7.011,-0.24,-0.18,-0.19,,
7.025,-0.33,-0.19,-0.22,,
7.04,-0.3,-0.22,-0.23,,
7.054,-0.1,-0.23,-0.21,,
7.069,-0.14,-0.21,-0.19,,
7.084,-0.25,-0.19,-0.2,,
7.099,-0.25,-0.2,-0.21,,
7.114,-0.3,-0.2,-0.22,,
7.129,-0.25,-0.22,-0.23,,
7.144,-0.22,-0.23,-0.23,,
7.159,-0.24,-0.23,-0.23,,
7.174,-0.26,-0.23,-0.24,,
7.189,-0.26,-0.24,-0.24,,
7.204,-0.14,-0.24,-0.22,,
7.219,-0.21,-0.22,-0.22,,
7.233,-0.18,-0.22,-0.21,,
7.249,-0.18,-0.21,-0.2,,
7.263,-0.34,-0.2,-0.22,,
7.278,-0.36,-0.22,-0.25,,
7.293,-0.23,-0.25,-0.25,,
7.308,-0.15,-0.25,-0.23,,
7.322,-0.03,-0.24,-0.2,,
7.338,-0.13,-0.19,-0.18,,
7.352,-0.28,-0.17,-0.19,,
7.367,-0.32,-0.19,-0.21,,
7.382,-0.21,-0.21,-0.21,,
7.397,-0.24,-0.21,-0.22,,
7.412,-0.3,-0.22,-0.23,,
7.427,-0.27,-0.23,-0.24,,
7.442,-0.15,-0.24,-0.23,,
7.457,-0.15,-0.23,-0.21,,
7.472,-0.13,-0.21,-0.2,,
7.487,-0.19,-0.19,-0.19,,
7.502,-0.28,-0.19,-0.2,,
7.517,-0.32,-0.2,-0.22,,
7.532,-0.24,-0.21,-0.22,,
7.548,-0.27,-0.22,-0.23,,
7.563,-0.15,-0.23,-0.21,,
7.578,-0.23,-0.21,-0.22,,
7.594,-0.31,-0.22,-0.23,,
7.608,-0.25,-0.24,-0.24,,
7.624,-0.1,-0.25,-0.22,,
7.639,-0.06,-0.23,-0.2,,
7.653,-0.12,-0.2,-0.18,,
7.668,-0.17,-0.18,-0.18,,
7.684,-0.18,-0.17,-0.17,,
7.699,-0.25,-0.17,-0.18,,
7.713,-0.29,-0.17,-0.2,,
7.728,-0.34,-0.19,-0.22,,
7.743,-0.18,-0.23,-0.22,,
7.759,-0.14,-0.22,-0.21,,
7.773,-0.12,-0.21,-0.19,,
7.788,-0.19,-0.19,-0.19,,
7.803,-0.29,-0.18,-0.2,,
7.817,-0.15,-0.2,-0.19,,
7.832,-0.21,-0.18,-0.19,,
7.847,-0.26,-0.18,-0.2,,
7.861,-0.25,-0.19,-0.2,,
7.876,-0.24,-0.2,-0.21,,
7.89,-0.35,-0.21,-0.24,,
7.904,-0.54,-0.24,-0.3,,
7.919,0.06,-0.32,-0.24,,
7.933,0,-0.26,-0.21,,
7.948,-0.14,-0.21,-0.2,,
7.962,-0.28,-0.19,-0.21,,
7.977,-0.32,-0.2,-0.22,,
7.992,-0.06,-0.22,-0.19,,
8.006,-0.39,-0.18,-0.22,,
8.021,-0.37,-0.21,-0.24,,
8.035,-0.39,-0.24,-0.27,,
8.05,-0.32,-0.27,-0.28,,
8.064,-0.17,-0.28,-0.26,,
8.079,-0.1,-0.27,-0.23,,
8.094,-0.12,-0.24,-0.22,,
8.11,-0.15,-0.22,-0.21,,
8.125,-0.21,-0.21,-0.21,,
8.14,-0.19,-0.21,-0.21,,
8.155,-0.11,-0.21,-0.19,,
8.17,-0.14,-0.19,-0.18,,
8.185,-0.2,-0.17,-0.18,,
8.199,-0.24,-0.17,-0.19,,
8.214,-0.19,-0.18,-0.18,,
8.229,-0.28,-0.18,-0.2,,
8.244,-0.32,-0.19,-0.22,,
8.259,-0.3,-0.22,-0.23,,
8.274,-0.1,-0.24,-0.21,,
8.289,-0.03,-0.21,-0.17,,
8.304,-0.11,-0.17,-0.16,,
8.319,-0.43,-0.14,-0.19,,
8.334,-0.39,-0.18,-0.22,,
8.348,-0.25,-0.22,-0.23,,
8.363,-0.23,-0.23,-0.23,,
8.378,-0.26,-0.24,-0.24,,
8.393,-0.06,-0.24,-0.21,,
8.408,-0.1,-0.21,-0.18,,
8.423,-0.34,-0.18,-0.21,,
8.437,-0.23,-0.21,-0.22,,
8.452,-0.12,-0.22,-0.2,,
8.467,-0.11,-0.2,-0.18,,
8.482,-0.2,-0.17,-0.18,,
8.497,-0.43,-0.17,-0.22,,
8.512,-0.12,-0.23,-0.21,,
8.527,-0.17,-0.21,-0.2,,
8.542,-0.27,-0.19,-0.21,,
8.557,-0.17,-0.2,-0.2,,
8.573,-0.14,-0.19,-0.18,,
8.587,-0.18,-0.17,-0.18,,
8.602,-0.18,-0.17,-0.17,,
8.617,-0.34,-0.16,-0.2,,
8.632,-0.3,-0.19,-0.21,,
8.647,-0.28,-0.21,-0.22,,
8.662,-0.28,-0.22,-0.23,,
8.677,-0.26,-0.23,-0.24,,
8.691,-0.22,-0.24,-0.23,,
8.706,-0.25,-0.23,-0.24,,
8.721,-0.22,-0.23,-0.23,,
8.736,-0.21,-0.23,-0.23,,
8.751,-0.27,-0.22,-0.23,,
8.765,-0.27,-0.22,-0.23,,
8.78,-0.3,-0.23,-0.25,,
8.795,-0.23,-0.25,-0.24,,
8.81,-0.21,-0.25,-0.24,,
8.825,-0.28,-0.24,-0.25,,
8.839,-0.23,-0.25,-0.24,,
8.854,-0.2,-0.24,-0.23,,
8.868,-0.22,-0.22,-0.22,,
8.883,-0.2,-0.21,-0.21,,
8.898,-0.35,-0.2,-0.23,,
8.912,-0.39,-0.22,-0.26,,
8.927,-0.41,-0.25,-0.29,,
8.941,-0.43,-0.29,-0.31,,
8.956,-0.25,-0.32,-0.3,,
8.97,-0.23,-0.31,-0.29,,
8.985,-0.26,-0.3,-0.29,,
9,-0.25,-0.29,-0.29,,
9.014,-0.32,-0.29,-0.3,,
9.029,-0.25,-0.3,-0.29,,
9.043,-0.02,-0.3,-0.24,,
9.058,-0.29,-0.24,-0.25,,
9.073,-0.32,-0.25,-0.26,,
9.088,-0.19,-0.27,-0.25,,
9.103,-0.19,-0.26,-0.24,,
9.118,-0.21,-0.24,-0.24,,
9.133,-0.12,-0.24,-0.21,,
9.148,-0.21,-0.21,-0.21,,
9.163,-0.22,-0.21,-0.21,,
9.178,-0.28,-0.21,-0.22,,
9.193,-0.21,-0.23,-0.22,,
9.208,-0.17,-0.22,-0.21,,
9.224,-0.29,-0.21,-0.22,,
9.238,-0.25,-0.22,-0.23,,
9.254,-0.29,-0.23,-0.24,,
9.268,-0.48,-0.23,-0.28,,
9.283,-0.18,-0.28,-0.26,,
9.298,0.05,-0.26,-0.2,,
9.313,-0.21,-0.19,-0.19,,
9.328,-0.37,-0.18,-0.22,,
9.343,-0.39,-0.22,-0.25,,
9.358,-0.17,-0.25,-0.23,,
9.373,-0.21,-0.23,-0.23,,
9.388,-0.35,-0.22,-0.25,,
9.403,-0.23,-0.25,-0.25,,
9.418,-0.11,-0.24,-0.22,,
9.433,-0.33,-0.21,-0.23,,
9.448,-0.5,-0.23,-0.28,,
9.463,-0.17,-0.29,-0.26,,
9.478,-0.15,-0.27,-0.24,,
9.493,-0.3,-0.25,-0.26,,
9.508,-0.21,-0.27,-0.25,,
9.522,-0.12,-0.26,-0.23,,
9.537,-0.13,-0.23,-0.21,,
9.552,-0.2,-0.21,-0.2,,
9.567,-0.31,-0.2,-0.22,,
9.582,-0.21,-0.22,-0.22,,
9.597,-0.04,-0.22,-0.19,,
9.612,-0.23,-0.18,-0.19,,
9.627,-0.16,-0.19,-0.19,,
9.642,-0.06,-0.18,-0.16,,
9.656,-0.19,-0.15,-0.16,,
9.671,-0.27,-0.15,-0.18,,
9.686,-0.23,-0.17,-0.18,,
9.701,-0.21,-0.18,-0.18,,
9.716,-0.28,-0.18,-0.2,,
9.731,-0.29,-0.19,-0.21,,
9.746,-0.3,-0.21,-0.23,,
9.761,-0.25,-0.23,-0.23,,
9.776,-0.23,-0.24,-0.24,,
9.791,-0.3,-0.24,-0.25,,
9.807,-0.2,-0.25,-0.24,,
9.822,-0.13,-0.24,-0.22,,
9.836,-0.29,-0.22,-0.23,,
9.851,-0.33,-0.23,-0.25,,
9.865,-0.24,-0.25,-0.25,,
9.88,-0.21,-0.25,-0.24,,
9.894,-0.21,-0.24,-0.23,,
9.909,-0.14,-0.24,-0.22,,
9.923,-0.3,-0.22,-0.23,,
9.937,-0.3,-0.23,-0.25,,
9.952,-0.21,-0.24,-0.24,,
9.966,-0.21,-0.24,-0.23,,
9.981,-0.1,-0.23,-0.2,,
9.995,-0.14,-0.2,-0.19,,
10.01,-0.19,-0.19,-0.19,,
10.025,-0.22,-0.18,-0.19,,
10.04,-0.27,-0.18,-0.2,,
10.055,-0.28,-0.2,-0.21,,
10.069,-0.28,-0.21,-0.23,,
10.084,-0.27,-0.22,-0.23,,
10.099,-0.26,-0.23,-0.24,,
10.114,-0.3,-0.24,-0.25,,
10.129,-0.28,-0.25,-0.25,,
10.144,-0.24,-0.25,-0.25,,
10.159,-0.25,-0.25,-0.25,,
10.174,-0.3,-0.25,-0.26,,
10.189,-0.28,-0.26,-0.26,,
10.204,-0.23,-0.26,-0.26,,
10.219,-0.29,-0.26,-0.26,,
10.234,-0.21,-0.27,-0.25,,
10.248,-0.12,-0.26,-0.23,,
10.263,-0.17,-0.23,-0.22,,
10.278,-0.26,-0.21,-0.22,,
10.293,-0.3,-0.22,-0.24,,
10.308,-0.29,-0.23,-0.24,,
10.323,-0.23,-0.24,-0.24,,
10.338,-0.19,-0.24,-0.23,,
10.353,-0.23,-0.23,-0.23,,
10.368,-0.21,-0.23,-0.23,,
10.382,-0.2,-0.22,-0.22,,
10.397,-0.24,-0.22,-0.22,,
10.412,-0.24,-0.22,-0.23,,
10.427,-0.19,-0.23,-0.22,,
10.442,-0.17,-0.22,-0.21,,
10.457,-0.29,-0.2,-0.22,,
10.472,-0.32,-0.21,-0.24,,
10.487,-0.31,-0.23,-0.25,,
10.502,-0.32,-0.24,-0.26,,
10.517,-0.26,-0.26,-0.26,,
10.531,-0.21,-0.26,-0.25,,
10.547,-0.17,-0.25,-0.23,,
10.562,-0.19,-0.23,-0.22,,
10.576,-0.32,-0.22,-0.24,,
10.591,-0.31,-0.24,-0.26,,
10.606,-0.2,-0.26,-0.24,,
10.621,-0.2,-0.24,-0.24,,
10.636,-0.21,-0.24,-0.23,,
10.651,-0.23,-0.23,-0.23,,
10.666,-0.26,-0.23,-0.24,,
10.681,-0.27,-0.23,-0.24,,
10.696,-0.21,-0.24,-0.23,,
10.711,-0.23,-0.23,-0.23,,
10.726,-0.28,-0.23,-0.24,,
10.741,-0.21,-0.24,-0.24,,
10.756,-0.11,-0.24,-0.22,,
10.771,-0.21,-0.21,-0.21,,
10.786,-0.35,-0.21,-0.24,,
10.801,-0.33,-0.24,-0.26,,
10.816,-0.16,-0.26,-0.24,,
10.831,-0.2,-0.25,-0.24,,
10.845,-0.19,-0.24,-0.23,,
10.86,-0.19,-0.23,-0.22,,
10.876,-0.33,-0.21,-0.24,,
10.891,-0.64,-0.24,-0.32,,
10.905,-0.12,-0.33,-0.29,,
10.92,0.06,-0.31,-0.23,,
10.934,0.21,-0.24,-0.15,,
10.949,-0.16,-0.13,-0.13,,
10.963,-0.69,-0.11,-0.23,,
10.978,-0.21,-0.23,-0.23,,
10.993,-0.03,-0.25,-0.2,,
11.007,-0.25,-0.21,-0.22,,
11.022,-0.03,-0.22,-0.18,,
11.037,0.08,-0.18,-0.13,,
11.051,-0.08,-0.12,-0.12,,
11.065,-0.22,-0.1,-0.12,,
11.08,-0.43,-0.11,-0.17,,
11.095,-0.39,-0.17,-0.21,,
11.11,-0.25,-0.21,-0.22,,
11.125,0.06,-0.23,-0.17,,
11.14,-0.08,-0.18,-0.16,,
11.155,-0.08,-0.16,-0.14,,
11.169,-0.33,-0.13,-0.17,,
11.185,-0.48,-0.16,-0.22,,
11.2,-0.29,-0.22,-0.23,,
11.215,-0.02,-0.24,-0.2,,
11.23,-0.05,-0.2,-0.17,,
11.245,-0.23,-0.17,-0.18,,
11.26,-0.25,-0.17,-0.19,,
11.275,-0.21,-0.19,-0.19,,
11.29,-0.08,-0.2,-0.17,,
11.305,-0.1,-0.18,-0.16,,
11.32,-0.06,-0.17,-0.15,,
11.335,-0.11,-0.15,-0.14,,
11.35,-0.23,-0.13,-0.15,,
11.365,-0.06,-0.14,-0.13,,
11.381,-0.34,-0.11,-0.15,,
11.396,-0.44,-0.14,-0.2,,
11.411,-0.21,-0.2,-0.2,,
11.426,-0.08,-0.21,-0.18,,
11.441,-0.29,-0.17,-0.2,,
11.456,-0.34,-0.19,-0.22,,
11.471,-0.25,-0.22,-0.22,,
11.486,-0.34,-0.22,-0.24,,
11.501,-0.28,-0.24,-0.25,,
11.516,-0.19,-0.25,-0.24,,
11.531,-0.25,-0.24,-0.24,,
11.546,-0.26,-0.25,-0.25,,
11.561,-0.34,-0.25,-0.27,,
11.576,-0.1,-0.27,-0.24,,
11.591,-0.19,-0.24,-0.23,,
11.607,-0.19,-0.23,-0.22,,
11.622,-0.08,-0.22,-0.19,,
11.637,-0.23,-0.18,-0.19,,
11.652,-0.38,-0.18,-0.22,,
11.667,-0.21,-0.21,-0.21,,
11.683,-0.33,-0.21,-0.23,,
11.697,-0.32,-0.24,-0.25,,
11.712,-0.38,-0.26,-0.28,,
11.727,-0.34,-0.29,-0.3,,
11.742,-0.19,-0.31,-0.28,,
11.757,-0.22,-0.29,-0.28,,
11.772,-0.03,-0.29,-0.24,,
11.787,-0.1,-0.24,-0.21,,
11.802,-0.45,-0.22,-0.26,,
11.817,-0.13,-0.28,-0.25,,
11.832,0.01,-0.26,-0.21,,
11.846,-0.06,-0.21,-0.18,,
11.861,-0.1,-0.17,-0.16,,
11.876,-0.08,-0.16,-0.14,,
11.89,-0.19,-0.13,-0.14,,
11.905,-0.09,-0.14,-0.13,,
11.919,-0.14,-0.12,-0.13,,
11.933,-0.14,-0.12,-0.12,,
11.948,-0.15,-0.12,-0.13,,
11.963,-0.23,-0.12,-0.14,,
11.977,-0.23,-0.14,-0.16,,
11.992,-0.14,-0.16,-0.16,,
12.007,-0.18,-0.15,-0.16,,
12.021,-0.21,-0.16,-0.17,,
12.036,-0.19,-0.17,-0.17,,
12.051,-0.12,-0.17,-0.16,,
12.065,-0.03,-0.16,-0.14,,
12.08,0.09,-0.13,-0.09,,
12.095,0.1,-0.06,-0.03,,
12.11,-0.43,0,-0.08,,
12.125,-0.22,-0.05,-0.08,,
12.14,-0.54,-0.05,-0.15,,
12.155,-0.14,-0.11,-0.12,,
12.17,-0.78,-0.08,-0.22,,
12.185,-0.87,-0.19,-0.33,,
12.2,-0.09,-0.32,-0.27,,
12.215,-0.05,-0.27,-0.22,,
12.23,-0.26,-0.2,-0.21,,
12.245,-0.21,-0.18,-0.19,,
12.259,0.5,-0.15,-0.02,,
12.274,0.65,0.07,0.19,,
12.29,-0.12,0.36,0.26,,
12.304,-0.5,0.45,0.26,,
12.319,-0.54,0.48,0.27,,
12.334,0.1,0.5,0.42,,
12.349,-4.78,0.77,-0.34,,
12.363,-6.37,-0.06,-1.32,,
12.378,-1.97,-1.3,-1.44,,
12.393,-1.71,-1.43,-1.49,,
12.408,-2.2,-1.47,-1.62,,
12.423,-2.25,-1.61,-1.74,,
12.438,-2.07,-1.74,-1.8,,
12.453,-2.03,-1.81,-1.85,,
12.468,-1.99,-1.86,-1.89,,
12.483,-1.86,-1.9,-1.89,,
12.499,-1.95,-1.9,-1.91,,
12.513,-2.01,-1.91,-1.93,,
12.529,-2.04,-1.93,-1.95,,
12.544,-2.1,-1.95,-1.98,,
12.559,-2.05,-1.98,-2,,
12.574,-1.9,-2,-1.98,,
12.589,-1.86,-1.99,-1.97,,
12.604,-1.91,-1.98,-1.96,,
12.619,-1.84,-1.97,-1.94,,
12.633,-1.89,-1.95,-1.93,,
12.648,-1.92,-1.93,-1.93,,
12.663,-2.01,-1.92,-1.94,,
12.678,-1.99,-1.93,-1.94,,
12.693,-2.15,-1.93,-1.98,,
12.708,-2.07,-1.98,-2,,
12.723,-2.01,-2,-2,,
12.738,-2,-2.01,-2.01,,
12.753,-1.97,-2.01,-2.01,,
12.768,-2,-2.01,-2.01,,
12.783,-1.88,-2.01,-1.98,,
12.798,-1.93,-1.99,-1.98,,
12.813,-1.87,-1.98,-1.96,,
12.828,-1.82,-1.96,-1.93,,
12.843,-1.79,-1.92,-1.9,,
12.858,-1.91,-1.89,-1.89,,
12.872,-2.07,-1.88,-1.92,,
12.887,-2.06,-1.91,-1.94,,
12.902,-2.11,-1.93,-1.97,,
12.917,-2.11,-1.97,-2,,
12.931,-1.86,-2,-1.97,,
12.945,-1.95,-1.98,-1.97,,
12.96,-1.94,-1.98,-1.97,,
12.975,-1.94,-1.98,-1.97,,
12.989,-2.08,-1.98,-2,,
13.004,-2,-2.02,-2.01,,
13.019,-2,-2.03,-2.03,,
13.033,-1.87,-2.05,-2.01,,
13.048,-1.77,-2.04,-1.99,,
13.062,-2.1,-2.01,-2.03,,
13.077,-3.34,-2.06,-2.31,,
13.091,-3.92,-2.43,-2.73,,
13.106,-3.43,-2.92,-3.02,,
13.121,-2.59,-3.38,-3.22,,
13.136,5.49,-3.68,-1.85,,
13.151,3.63,-2.14,-0.98,,
13.165,-0.72,-1.09,-1.01,,
13.18,-0.49,-1.05,-0.94,,
13.196,0.1,-0.98,-0.76,,
13.21,0.37,-0.79,-0.56,,
13.225,0.03,-0.58,-0.45,,
13.24,-0.21,-0.46,-0.41,,
13.255,-0.08,-0.41,-0.34,,
13.27,-0.04,-0.34,-0.28,,
13.285,-0.09,-0.28,-0.24,,
13.3,-0.1,-0.23,-0.21,,
13.315,-0.21,-0.2,-0.2,,
13.33,-0.26,-0.19,-0.21,,
13.345,-0.2,-0.2,-0.2,,
13.36,-0.2,-0.21,-0.2,,
13.375,-0.1,-0.21,-0.19,,
13.39,-0.06,-0.19,-0.17,,
13.405,-0.07,-0.17,-0.15,,
13.42,-0.11,-0.14,-0.14,,
13.435,-0.12,-0.13,-0.13,,
13.449,-0.12,-0.12,-0.12,,
13.464,-0.13,-0.11,-0.12,,
13.479,-0.16,-0.11,-0.12,,
13.494,-0.17,-0.12,-0.13,,
13.508,-0.15,-0.13,-0.13,,
13.523,-0.14,-0.13,-0.13,,
13.538,-0.12,-0.14,-0.13,,
13.554,-0.02,-0.14,-0.12,,
13.569,-0.03,-0.12,-0.1,,
13.584,-0.1,-0.1,-0.1,,
13.598,-0.1,-0.1,-0.1,,
13.613,-0.13,-0.09,-0.1,,
13.628,-0.12,-0.09,-0.1,,
13.643,-0.14,-0.09,-0.1,,
13.658,-0.16,-0.1,-0.11,,
13.672,-0.08,-0.11,-0.11,,
13.687,-0.08,-0.1,-0.1,,
13.702,-0.1,-0.1,-0.1,,
13.717,-0.13,-0.09,-0.1,,
13.732,-0.08,-0.1,-0.09,,
13.747,-0.06,-0.09,-0.08,,
13.762,-0.11,-0.08,-0.09,,
13.777,-0.1,-0.09,-0.09,,
13.793,-0.04,-0.09,-0.08,,
13.808,-0.1,-0.07,-0.08,,
13.823,-0.13,-0.08,-0.09,,
13.838,-0.11,-0.09,-0.09,,
13.852,-0.08,-0.09,-0.09,,
13.867,-0.09,-0.09,-0.09,,
13.882,-0.09,-0.09,-0.09,,
13.896,-0.1,-0.09,-0.09,,
13.911,-0.08,-0.09,-0.09,,
13.925,-0.11,-0.09,-0.09,,
13.94,-0.14,-0.09,-0.1,,
13.954,-0.15,-0.1,-0.11,,
13.969,-0.1,-0.11,-0.11,,
13.984,-0.02,-0.11,-0.09,,
13.999,-0.07,-0.1,-0.09,,
14.014,-0.09,-0.09,-0.09,,
14.029,-0.06,-0.09,-0.08,,
14.044,-0.08,-0.08,-0.08,,
14.058,-0.14,-0.08,-0.09,,
14.073,-0.14,-0.09,-0.1,,
14.087,-0.13,-0.1,-0.11,,
14.102,-0.12,-0.11,-0.11,,
14.116,-0.17,-0.11,-0.12,,
14.13,-0.3,-0.12,-0.15,,
14.145,-0.01,-0.15,-0.12,,
14.16,0.01,-0.13,-0.1,,
14.175,-0.06,-0.1,-0.09,,
14.19,-0.07,-0.09,-0.09,,
14.205,-0.08,-0.08,-0.08,,
14.22,-0.09,-0.08,-0.08,,
14.235,-0.08,-0.08,-0.08,,
14.25,-0.08,-0.07,-0.07,,
14.265,-0.12,-0.07,-0.08,,
14.28,-0.07,-0.08,-0.08,,
14.295,-0.13,-0.07,-0.08,,
14.31,-0.13,-0.09,-0.09,,
14.325,-0.03,-0.1,-0.08,,
14.34,-0.09,-0.08,-0.08,,
14.355,-0.2,-0.08,-0.1,,
14.37,-0.17,-0.1,-0.11,,
14.384,-0.13,-0.11,-0.11,,
14.399,-0.12,-0.11,-0.11,,
14.414,-0.09,-0.11,-0.11,,
14.429,-0.1,-0.11,-0.1,,
14.444,-0.13,-0.1,-0.11,,
14.459,-0.16,-0.11,-0.12,,
14.473,-0.08,-0.12,-0.11,,
14.489,-0.11,-0.11,-0.11,,
14.503,-0.14,-0.11,-0.12,,
14.518,-0.12,-0.12,-0.12,,
14.533,-0.1,-0.12,-0.12,,
14.548,-0.12,-0.12,-0.12,,
14.563,-0.13,-0.12,-0.12,,
14.578,-0.11,-0.12,-0.11,,
14.593,-0.12,-0.11,-0.11,,
14.609,-0.1,-0.11,-0.11,,
14.623,-0.1,-0.1,-0.1,,
14.638,-0.11,-0.1,-0.1,,
14.653,-0.1,-0.1,-0.1,,
14.668,-0.15,-0.1,-0.11,,
14.682,-0.12,-0.11,-0.11,,
14.697,-0.17,-0.11,-0.12,,
14.713,-0.15,-0.12,-0.12,,
14.727,-0.12,-0.12,-0.12,,
14.742,-0.1,-0.12,-0.11,,
14.757,-0.13,-0.11,-0.11,,
14.775,-0.11,-0.11,-0.11,,
14.788,-0.11,-0.11,-0.11,,
14.803,-0.12,-0.11,-0.11,,
14.818,-0.1,-0.11,-0.1,,
14.833,-0.1,-0.1,-0.1,,
14.847,-0.1,-0.1,-0.1,,
14.862,-0.13,-0.1,-0.1,,
14.877,-0.08,-0.1,-0.1,,
14.891,-0.06,-0.1,-0.09,,
14.906,-0.06,-0.09,-0.08,,
14.92,-0.08,-0.08,-0.08,,
14.935,-0.1,-0.08,-0.09,,
14.95,-0.1,-0.09,-0.09,,
14.964,-0.08,-0.09,-0.09,,
14.979,-0.12,-0.08,-0.09,,
14.994,-0.16,-0.09,-0.1,,
15.008,-0.1,-0.1,-0.1,,
15.023,-0.08,-0.1,-0.1,,
15.037,-0.14,-0.1,-0.11,,
15.052,-0.16,-0.11,-0.12,,
15.067,-0.09,-0.12,-0.11,,
15.081,0.03,-0.11,-0.08,,
15.096,-0.06,-0.08,-0.07,,
15.11,-0.1,-0.07,-0.08,,
15.125,-0.19,-0.08,-0.1,,
15.139,-0.19,-0.1,-0.11,,
15.154,-0.1,-0.11,-0.11,,
15.169,-0.1,-0.11,-0.11,,
15.184,-0.14,-0.11,-0.11,,
15.199,-0.12,-0.11,-0.11,,
15.215,-0.13,-0.11,-0.12,,
15.23,-0.17,-0.11,-0.13,,
15.245,-0.16,-0.12,-0.13,,
15.26,-0.11,-0.13,-0.12,,
15.275,-0.09,-0.12,-0.12,,
15.29,-0.09,-0.12,-0.11,,
15.305,-0.1,-0.11,-0.11,,
15.32,-0.1,-0.11,-0.11,,
15.335,-0.1,-0.11,-0.11,,
15.35,-0.1,-0.11,-0.11,,
15.365,-0.1,-0.1,-0.1,,
15.38,-0.1,-0.1,-0.1,,
15.395,-0.08,-0.1,-0.1,,
15.41,-0.14,-0.1,-0.11,,
15.426,-0.18,-0.11,-0.12,,
15.44,-0.12,-0.12,-0.12,,
15.455,-0.08,-0.12,-0.11,,
15.47,-0.14,-0.11,-0.11,,
15.485,-0.17,-0.11,-0.13,,
15.5,-0.1,-0.13,-0.12,,
15.515,-0.08,-0.12,-0.11,,
15.53,-0.1,-0.11,-0.11,,
15.545,-0.14,-0.1,-0.11,,
15.561,-0.13,-0.11,-0.11,,
15.575,-0.12,-0.11,-0.12,,
15.59,-0.1,-0.11,-0.11,,
15.605,-0.12,-0.11,-0.11,,
15.62,-0.08,-0.11,-0.1,,
15.635,-0.12,-0.1,-0.1,,
15.649,-0.12,-0.1,-0.1,,
15.664,-0.07,-0.1,-0.1,,
15.679,-0.17,-0.09,-0.11,,
15.694,-0.2,-0.11,-0.12,,
15.709,-0.13,-0.12,-0.13,,
15.724,-0.13,-0.13,-0.13,,
15.739,-0.12,-0.13,-0.13,,
15.754,-0.09,-0.12,-0.12,,
15.769,-0.12,-0.12,-0.12,,
15.784,-0.11,-0.12,-0.12,,
15.799,0,-0.12,-0.1,,
15.814,-0.04,-0.09,-0.08,,
15.829,-0.14,-0.07,-0.09,,
15.845,-0.22,-0.08,-0.11,,
15.86,-0.11,-0.11,-0.11,,
15.875,-0.01,-0.11,-0.09,,
15.891,-0.02,-0.09,-0.08,,
15.906,-0.02,-0.08,-0.06,,
15.92,-0.12,-0.06,-0.07,,
15.935,-0.12,-0.07,-0.08,,
15.949,-0.08,-0.08,-0.08,,
15.964,-0.12,-0.08,-0.09,,
15.979,-0.1,-0.09,-0.09,,
15.993,-0.08,-0.09,-0.09,,
16.008,-0.12,-0.08,-0.09,,
16.022,-0.14,-0.09,-0.1,,
16.037,-0.1,-0.1,-0.1,,
16.051,-0.12,-0.1,-0.1,,
16.066,-0.14,-0.1,-0.11,,
16.08,-0.16,-0.1,-0.11,,
16.095,-0.16,-0.11,-0.12,,
16.109,-0.12,-0.12,-0.12,,
16.124,-0.05,-0.12,-0.1,,
16.138,-0.1,-0.1,-0.1,,
16.153,-0.19,-0.1,-0.12,,
16.168,-0.14,-0.11,-0.12,,
16.183,-0.14,-0.11,-0.12,,
16.198,-0.17,-0.12,-0.13,,
16.213,-0.1,-0.12,-0.12,,
16.228,-0.1,-0.12,-0.11,,
16.243,-0.15,-0.11,-0.12,,
16.258,-0.17,-0.12,-0.13,,
16.273,-0.07,-0.13,-0.12,,
16.288,-0.07,-0.12,-0.11,,
16.302,-0.17,-0.1,-0.11,,
16.317,-0.17,-0.11,-0.12,,
16.332,-0.12,-0.12,-0.12,,
16.346,-0.12,-0.12,-0.12,,
16.361,-0.12,-0.12,-0.12,,
16.376,-0.14,-0.12,-0.12,,
16.39,-0.09,-0.13,-0.12,,
16.405,-0.19,-0.12,-0.13,,
16.42,-0.06,-0.13,-0.12,,
16.434,-0.06,-0.12,-0.11,,
16.449,-0.15,-0.1,-0.11,,
16.464,-0.22,-0.11,-0.13,,
16.479,-0.19,-0.12,-0.14,,
16.493,-0.17,-0.13,-0.14,,
16.508,-0.12,-0.14,-0.13,,
16.523,-0.14,-0.13,-0.13,,
16.538,-0.06,-0.14,-0.12,,
16.552,-0.08,-0.12,-0.11,,
16.567,-0.1,-0.11,-0.11,,
16.582,-0.13,-0.11,-0.11,,
16.597,-0.16,-0.11,-0.12,,
16.612,-0.13,-0.12,-0.12,,
16.626,-0.08,-0.12,-0.11,,
16.641,-0.1,-0.11,-0.11,,
16.656,-0.12,-0.11,-0.11,,
16.671,-0.11,-0.11,-0.11,,
16.686,-0.11,-0.11,-0.11,,
16.701,-0.17,-0.11,-0.12,,
16.716,-0.17,-0.12,-0.13,,
16.731,-0.14,-0.13,-0.13,,
16.746,-0.19,-0.12,-0.14,,
16.761,-0.25,-0.13,-0.15,,
16.775,-0.16,-0.15,-0.15,,
16.79,-0.15,-0.15,-0.15,,
16.805,-0.16,-0.15,-0.15,,
16.82,-0.19,-0.15,-0.15,,
16.835,-0.19,-0.15,-0.16,,
16.851,-0.16,-0.16,-0.16,,
16.866,-0.18,-0.16,-0.17,,
16.88,-0.12,-0.17,-0.16,,
16.895,-0.07,-0.16,-0.14,,
16.91,-0.1,-0.14,-0.13,,
16.924,-0.08,-0.13,-0.12,,
16.939,-0.15,-0.12,-0.13,,
16.953,-0.14,-0.13,-0.13,,
16.968,-0.1,-0.13,-0.12,,
16.983,-0.12,-0.12,-0.12,,
16.997,-0.14,-0.12,-0.12,,
17.012,-0.15,-0.12,-0.13,,
17.026,-0.15,-0.12,-0.13,,
17.041,-0.14,-0.13,-0.13,,
17.055,-0.07,-0.13,-0.12,,
17.07,-0.16,-0.11,-0.12,,
17.084,-0.1,-0.12,-0.12,,
17.099,-0.08,-0.11,-0.11,,
17.115,-0.21,-0.1,-0.12,,
17.13,-0.18,-0.12,-0.13,,
17.144,-0.16,-0.13,-0.14,,
17.159,-0.17,-0.14,-0.14,,
17.174,-0.06,-0.15,-0.13,,
17.189,-0.04,-0.13,-0.11,,
17.204,-0.12,-0.11,-0.11,,
17.22,-0.07,-0.11,-0.1,,
17.235,-0.12,-0.1,-0.1,,
17.25,-0.19,-0.1,-0.11,,
17.265,-0.13,-0.11,-0.12,,
17.28,-0.15,-0.11,-0.12,,
17.295,-0.2,-0.12,-0.13,,
17.31,-0.14,-0.13,-0.13,,
17.326,-0.11,-0.14,-0.13,,
17.341,-0.01,-0.13,-0.11,,
17.356,-0.06,-0.1,-0.09,,
17.371,-0.14,-0.09,-0.1,,
17.386,-0.15,-0.09,-0.1,,
17.401,-0.21,-0.1,-0.12,,
17.416,-0.13,-0.12,-0.12,,
17.431,-0.1,-0.12,-0.12,,
17.447,-0.16,-0.12,-0.12,,
17.462,-0.19,-0.12,-0.14,,
17.477,-0.19,-0.14,-0.15,,
17.493,-0.19,-0.15,-0.16,,
17.508,-0.05,-0.16,-0.14,,
17.523,-0.07,-0.14,-0.13,,
17.538,-0.14,-0.12,-0.13,,
17.553,-0.12,-0.12,-0.12,,
17.568,-0.17,-0.12,-0.13,,
17.583,-0.18,-0.13,-0.14,,
17.598,-0.16,-0.14,-0.14,,
17.613,-0.15,-0.14,-0.15,,
17.628,-0.14,-0.15,-0.14,,
17.643,-0.17,-0.14,-0.15,,
17.658,-0.17,-0.15,-0.15,,
17.673,-0.19,-0.15,-0.16,,
17.688,-0.12,-0.16,-0.15,,
17.703,-0.13,-0.15,-0.15,,
17.718,-0.12,-0.15,-0.14,,
17.733,-0.03,-0.15,-0.12,,
17.748,-0.1,-0.12,-0.12,,
17.763,-0.14,-0.11,-0.12,,
17.778,-0.19,-0.11,-0.13,,
17.793,-0.12,-0.13,-0.13,,
17.809,-0.08,-0.13,-0.12,,
17.823,-0.01,-0.13,-0.1,,
17.838,-0.03,-0.1,-0.09,,
17.853,-0.1,-0.09,-0.09,,
17.868,-0.12,-0.09,-0.1,,
17.883,-0.06,-0.1,-0.09,,
17.898,-0.05,-0.09,-0.08,,
17.912,-0.12,-0.08,-0.08,,
17.927,-0.19,-0.08,-0.1,,
17.941,-0.09,-0.1,-0.09,,
17.96,-0.17,-0.09,-0.1,,
17.974,-0.15,-0.1,-0.11,,
17.989,-0.09,-0.11,-0.11,,
18.003,-0.12,-0.11,-0.11,,
18.018,-0.09,-0.12,-0.11,,
18.033,-0.13,-0.11,-0.12,,
18.047,-0.08,-0.11,-0.11,,
18.062,-0.08,-0.1,-0.1,,
18.076,-0.1,-0.1,-0.1,,
18.091,-0.12,-0.09,-0.1,,
18.105,-0.16,-0.09,-0.1,,
18.12,-0.06,-0.1,-0.09,,
18.135,-0.1,-0.09,-0.09,,
18.149,-0.09,-0.08,-0.08,,
18.164,-0.08,-0.08,-0.08,,
18.179,-0.09,-0.08,-0.08,,
18.194,-0.09,-0.08,-0.08,,
18.209,-0.19,-0.07,-0.1,,
18.224,-0.19,-0.09,-0.11,,
18.239,-0.18,-0.11,-0.12,,
18.254,-0.2,-0.12,-0.14,,
18.269,-0.17,-0.14,-0.14,,
18.284,-0.14,-0.14,-0.14,,
18.299,-0.1,-0.14,-0.13,,
18.314,-0.1,-0.14,-0.13,,
18.329,-0.14,-0.13,-0.13,,
18.344,-0.08,-0.14,-0.12,,
18.359,0,-0.13,-0.1,,
18.374,-0.18,-0.09,-0.11,,
18.388,-0.25,-0.1,-0.13,,
18.404,-0.23,-0.12,-0.14,,
18.419,-0.26,-0.14,-0.16,,
18.434,-0.31,-0.16,-0.19,,
18.449,-0.11,-0.2,-0.18,,
18.464,-0.09,-0.19,-0.17,,
18.479,-0.06,-0.18,-0.16,,
18.494,0,-0.16,-0.13,,
18.509,-0.08,-0.13,-0.12,,
18.524,-0.15,-0.12,-0.12,,
18.539,-0.14,-0.12,-0.13,,
18.554,-0.11,-0.13,-0.12,,
18.569,-0.05,-0.12,-0.1,,
18.584,-0.17,-0.1,-0.11,,
18.599,-0.17,-0.1,-0.12,,
18.615,-0.13,-0.11,-0.11,,
18.63,-0.12,-0.11,-0.11,,
18.645,-0.16,-0.1,-0.11,,
18.659,-0.14,-0.11,-0.12,,
18.674,-0.1,-0.12,-0.11,,
18.689,-0.1,-0.11,-0.11,,
18.704,-0.08,-0.11,-0.11,,
18.719,-0.08,-0.1,-0.1,,
18.734,-0.2,-0.09,-0.11,,
18.749,-0.24,-0.11,-0.13,,
18.764,-0.25,-0.13,-0.15,,
18.779,-0.21,-0.15,-0.17,,
18.794,-0.15,-0.17,-0.17,,
18.809,-0.19,-0.17,-0.18,,
18.824,-0.09,-0.19,-0.17,,
18.839,-0.11,-0.17,-0.16,,
18.855,-0.12,-0.17,-0.16,,
18.869,-0.22,-0.16,-0.17,,
18.884,-0.01,-0.17,-0.14,,
18.899,0.02,-0.14,-0.11,,
18.914,-0.06,-0.1,-0.09,,
18.928,0.01,-0.09,-0.07,,
18.942,-0.06,-0.06,-0.06,,
18.957,-0.11,-0.05,-0.06,,
18.971,-0.14,-0.05,-0.07,,
18.986,-0.2,-0.05,-0.08,,
19,-0.34,-0.07,-0.12,,
19.015,-0.33,-0.12,-0.16,,
19.03,-0.1,-0.16,-0.15,,
19.046,-0.06,-0.15,-0.13,,
19.062,-0.19,-0.13,-0.15,,
19.077,-0.27,-0.14,-0.17,,
19.091,-0.23,-0.16,-0.18,,
19.106,-0.19,-0.18,-0.18,,
19.121,-0.14,-0.19,-0.18,,
19.135,-0.17,-0.19,-0.18,,
19.15,-0.08,-0.19,-0.17,,
19.165,-0.06,-0.17,-0.15,,
19.18,-0.09,-0.16,-0.14,,
19.195,-0.06,-0.15,-0.13,,
19.209,-0.08,-0.13,-0.12,,
19.224,-0.12,-0.12,-0.12,,
19.239,-0.12,-0.11,-0.12,,
19.254,-0.1,-0.11,-0.11,,
19.269,-0.15,-0.1,-0.11,,
19.284,-0.14,-0.11,-0.11,,
19.299,-0.14,-0.11,-0.12,,
19.313,-0.12,-0.12,-0.12,,
19.328,-0.14,-0.12,-0.12,,
19.343,-0.14,-0.12,-0.13,,
19.358,-0.09,-0.13,-0.12,,
19.373,-0.09,-0.12,-0.12,,
19.388,-0.06,-0.12,-0.11,,
19.403,-0.06,-0.11,-0.1,,
19.418,-0.14,-0.1,-0.11,,
19.433,-0.1,-0.1,-0.1,,
19.448,-0.06,-0.1,-0.09,,
19.463,-0.08,-0.09,-0.09,,
19.478,-0.12,-0.08,-0.09,,
19.492,-0.12,-0.08,-0.09,,
19.507,-0.12,-0.09,-0.09,,
19.523,-0.15,-0.09,-0.1,,
19.538,-0.13,-0.1,-0.11,,
19.553,-0.12,-0.11,-0.11,,
19.568,-0.17,-0.11,-0.12,,
19.582,-0.19,-0.12,-0.13,,
19.597,-0.17,-0.13,-0.14,,
19.612,-0.17,-0.14,-0.15,,
19.628,0.01,-0.15,-0.12,,
19.643,-0.04,-0.12,-0.1,,
19.658,-0.07,-0.1,-0.1,,
19.672,-0.14,-0.09,-0.1,,
19.687,-0.14,-0.1,-0.11,,
19.703,-0.15,-0.11,-0.12,,
19.718,-0.16,-0.12,-0.12,,
19.733,-0.07,-0.13,-0.11,,
19.748,-0.02,-0.12,-0.1,,
19.764,-0.03,-0.1,-0.09,,
19.779,-0.07,-0.08,-0.08,,
19.793,-0.12,-0.08,-0.09,,
19.808,-0.14,-0.08,-0.1,,
19.823,-0.13,-0.09,-0.1,,
19.838,-0.14,-0.1,-0.11,,
19.853,-0.11,-0.1,-0.11,,
19.868,-0.1,-0.1,-0.1,,
19.883,-0.07,-0.1,-0.09,,
19.898,-0.1,-0.09,-0.09,,
19.912,-0.14,-0.1,-0.1,,
19.927,-0.1,-0.1,-0.1,,
19.942,-0.08,-0.1,-0.1,,
19.956,-0.07,-0.09,-0.09,,
19.971,-0.14,-0.08,-0.1,,
19.985,-0.14,-0.09,-0.1,,
20,-0.17,-0.1,-0.11,,
20.014,-0.14,-0.11,-0.12,,
20.028,-0.13,-0.11,-0.12,,
20.043,-0.11,-0.12,-0.12,,
20.058,-0.08,-0.12,-0.11,,
20.072,-0.06,-0.12,-0.1,,
20.087,-0.03,-0.11,-0.09,,
20.102,-0.1,-0.09,-0.09,,
20.117,-0.12,-0.09,-0.1,,
20.131,-0.1,-0.09,-0.09,,
20.146,-0.09,-0.09,-0.09,,
20.16,-0.11,-0.08,-0.09,,
20.175,-0.17,-0.08,-0.1,,
20.19,-0.16,-0.1,-0.11,,
20.205,-0.21,-0.11,-0.13,,
20.22,-0.22,-0.13,-0.15,,
20.235,-0.08,-0.15,-0.13,,
20.251,-0.1,-0.14,-0.13,,
20.265,-0.16,-0.13,-0.14,,
20.28,-0.09,-0.14,-0.13,,
20.295,-0.13,-0.13,-0.13,,
20.311,-0.14,-0.13,-0.13,,
20.326,-0.12,-0.13,-0.13,,
20.34,-0.08,-0.13,-0.12,,
20.355,-0.06,-0.12,-0.11,,
20.37,-0.08,-0.11,-0.1,,
20.385,-0.11,-0.1,-0.1,,
20.4,-0.09,-0.1,-0.09,,
20.415,-0.11,-0.09,-0.09,,
20.43,-0.11,-0.09,-0.09,,
20.445,-0.06,-0.08,-0.08,,
20.459,-0.17,-0.08,-0.09,,
20.474,-0.12,-0.09,-0.1,,
20.49,-0.08,-0.1,-0.1,,
20.505,-0.14,-0.1,-0.1,,
20.52,-0.19,-0.1,-0.12,,
20.535,-0.06,-0.12,-0.11,,
20.55,-0.06,-0.11,-0.1,,
20.565,-0.11,-0.1,-0.1,,
20.58,-0.14,-0.1,-0.11,,
20.595,-0.17,-0.11,-0.12,,
20.61,-0.13,-0.12,-0.12,,
20.625,-0.09,-0.12,-0.11,,
20.64,-0.03,-0.11,-0.1,,
20.655,-0.11,-0.1,-0.1,,
20.669,-0.04,-0.1,-0.09,,
20.684,-0.13,-0.09,-0.09,,
20.699,-0.13,-0.09,-0.1,,
20.714,-0.11,-0.1,-0.1,,
20.729,-0.14,-0.1,-0.1,,
20.744,-0.18,-0.1,-0.12,,
20.759,-0.17,-0.11,-0.12,,
20.774,-0.1,-0.12,-0.11,,
20.789,-0.07,-0.11,-0.1,,
20.804,-0.25,-0.1,-0.13,,
20.819,-0.17,-0.13,-0.14,,
20.834,-0.17,-0.14,-0.15,,
20.849,-0.45,-0.15,-0.21,,
20.864,-0.28,-0.22,-0.23,,
20.879,-0.07,-0.23,-0.2,,
20.894,-0.17,-0.2,-0.19,,
20.909,-0.14,-0.19,-0.18,,
20.924,-0.07,-0.18,-0.15,,
20.938,-0.14,-0.15,-0.15,,
20.953,-0.18,-0.15,-0.16,,
20.967,-0.09,-0.16,-0.14,,
20.982,-0.13,-0.14,-0.14,,
20.997,-0.13,-0.14,-0.13,,
21.011,-0.1,-0.14,-0.13,,
21.026,-0.08,-0.13,-0.12,,
21.041,-0.12,-0.12,-0.12,,
21.056,-0.17,-0.12,-0.13,,
21.07,-0.17,-0.13,-0.14,,
21.085,-0.3,-0.14,-0.17,,
21.1,-0.08,-0.18,-0.16,,
21.115,-0.08,-0.16,-0.15,,
21.129,-0.12,-0.15,-0.14,,
21.144,-0.07,-0.14,-0.13,,
21.158,-0.11,-0.13,-0.13,,
21.173,-0.13,-0.12,-0.12,,
21.188,-0.09,-0.12,-0.11,,
21.203,-0.08,-0.1,-0.1,,
21.219,-0.19,-0.09,-0.11,,
21.234,-0.12,-0.11,-0.11,,
21.249,-0.17,-0.1,-0.12,,
21.264,-0.15,-0.11,-0.12,,
21.279,-0.08,-0.12,-0.11,,
21.294,-0.01,-0.11,-0.09,,
21.309,-0.06,-0.09,-0.08,,
21.324,-0.14,-0.09,-0.1,,
21.339,-0.13,-0.1,-0.11,,
21.354,-0.16,-0.11,-0.12,,
21.369,-0.16,-0.12,-0.13,,
21.384,-0.11,-0.13,-0.12,,
21.399,-0.19,-0.12,-0.14,,
21.414,-0.19,-0.13,-0.14,,
21.429,-0.12,-0.14,-0.14,,
21.444,-0.04,-0.13,-0.11,,
21.459,0.54,-0.11,0.02,,
21.474,-0.7,0.04,-0.11,,
21.489,-0.09,-0.11,-0.1,,
21.504,-0.14,-0.1,-0.11,,
21.519,-0.45,-0.09,-0.16,,
21.534,-0.24,-0.15,-0.17,,
21.549,-0.08,-0.18,-0.16,,
21.564,-0.11,-0.16,-0.15,,
21.579,-0.06,-0.16,-0.14,,
21.594,-0.12,-0.14,-0.13,,
21.609,-0.15,-0.13,-0.13,,
21.624,-0.14,-0.12,-0.13,,
21.639,-0.17,-0.12,-0.13,,
21.654,-0.16,-0.13,-0.13,,
21.669,-0.11,-0.14,-0.13,,
21.684,-0.16,-0.13,-0.14,,
21.699,-0.21,-0.13,-0.15,,
21.715,-0.15,-0.15,-0.15,,
21.729,-0.08,-0.15,-0.14,,
21.744,-0.1,-0.14,-0.13,,
21.759,-0.12,-0.13,-0.13,,
21.774,-0.1,-0.12,-0.12,,
21.789,-0.15,-0.11,-0.12,,
21.803,-0.26,-0.11,-0.14,,
21.818,-0.19,-0.14,-0.15,,
21.833,-0.16,-0.15,-0.15,,
21.848,-0.12,-0.16,-0.15,,
21.862,-0.12,-0.15,-0.15,,
21.877,-0.14,-0.15,-0.15,,
21.892,-0.11,-0.14,-0.14,,
21.907,-0.1,-0.13,-0.13,,
21.922,-0.14,-0.12,-0.13,,
21.936,-0.22,-0.12,-0.14,,
21.951,-0.22,-0.14,-0.15,,
21.965,-0.17,-0.15,-0.15,,
21.98,-0.2,-0.15,-0.16,,
21.995,-0.18,-0.17,-0.17,,
22.009,-0.14,-0.18,-0.17,,
22.024,-0.13,-0.17,-0.16,,
22.038,-0.03,-0.17,-0.14,,
22.053,-0.06,-0.14,-0.12,,
22.068,-0.15,-0.12,-0.13,,
22.082,-0.13,-0.12,-0.12,,
22.096,-0.14,-0.12,-0.13,,
22.111,-0.17,-0.13,-0.14,,
22.125,-0.16,-0.14,-0.14,,
22.14,-0.14,-0.14,-0.14,,
22.155,-0.2,-0.14,-0.15,,
22.169,-0.21,-0.15,-0.16,,
22.184,-0.16,-0.16,-0.16,,
22.198,-0.14,-0.17,-0.16,,
22.213,-0.13,-0.16,-0.16,,
22.228,-0.11,-0.15,-0.15,,
22.243,-0.1,-0.15,-0.14,,
22.258,-0.15,-0.13,-0.14,,
22.273,-0.17,-0.13,-0.14,,
22.288,-0.16,-0.13,-0.14,,
22.303,-0.19,-0.14,-0.15,,
22.317,-0.16,-0.15,-0.15,,
22.332,-0.08,-0.15,-0.14,,
22.347,-0.06,-0.14,-0.12,,
22.362,-0.08,-0.13,-0.12,,
22.377,-0.1,-0.12,-0.11,,
22.392,-0.14,-0.11,-0.12,,
22.406,-0.19,-0.11,-0.13,,
22.421,-0.14,-0.13,-0.13,,
22.436,-0.06,-0.13,-0.12,,
22.452,-0.08,-0.12,-0.11,,
22.466,-0.07,-0.11,-0.1,,
22.481,-0.15,-0.1,-0.11,,
22.497,-0.15,-0.11,-0.12,,
22.512,-0.19,-0.11,-0.13,,
22.527,-0.19,-0.13,-0.14,,
22.541,-0.1,-0.14,-0.13,,
22.557,-0.12,-0.13,-0.13,,
22.572,-0.06,-0.13,-0.11,,
22.587,-0.04,-0.11,-0.1,,
22.601,-0.07,-0.1,-0.09,,
22.617,-0.07,-0.09,-0.08,,
22.631,-0.1,-0.08,-0.08,,
22.646,-0.13,-0.08,-0.09,,
22.661,-0.12,-0.09,-0.09,,
22.676,-0.12,-0.09,-0.1,,
22.691,-0.19,-0.1,-0.11,,
22.706,-0.17,-0.11,-0.13,,
22.722,-0.13,-0.12,-0.13,,
22.737,-0.19,-0.12,-0.14,,
22.752,-0.16,-0.13,-0.14,,
22.767,-0.15,-0.14,-0.14,,
22.782,-0.17,-0.14,-0.15,,
22.797,-0.17,-0.15,-0.15,,
22.812,-0.14,-0.15,-0.15,,
22.827,-0.07,-0.16,-0.14,,
22.842,-0.06,-0.14,-0.12,,
22.857,-0.09,-0.12,-0.12,,
22.872,-0.11,-0.11,-0.11,,
22.887,-0.09,-0.11,-0.11,,
22.902,-0.09,-0.1,-0.1,,
22.917,-0.13,-0.1,-0.1,,
22.932,-0.1,-0.1,-0.1,,
22.946,-0.13,-0.1,-0.1,,
22.961,-0.19,-0.1,-0.12,,
22.975,-0.14,-0.11,-0.12,,
22.99,-0.14,-0.12,-0.12,,
23.004,-0.12,-0.12,-0.12,,
23.02,-0.09,-0.12,-0.11,,
23.034,-0.12,-0.11,-0.11,,
23.049,-0.12,-0.11,-0.11,,
23.063,-0.07,-0.11,-0.1,,
23.078,-0.1,-0.1,-0.1,,
23.092,-0.12,-0.1,-0.11,,
23.107,-0.13,-0.11,-0.11,,
23.121,-0.08,-0.11,-0.1,,
23.136,-0.06,-0.1,-0.09,,
23.151,-0.08,-0.09,-0.09,,
23.166,-0.19,-0.08,-0.1,,
23.18,-0.19,-0.1,-0.12,,
23.195,-0.1,-0.12,-0.11,,
23.21,-0.08,-0.11,-0.1,,
23.225,-0.06,-0.1,-0.09,,
23.24,-0.08,-0.09,-0.09,,
23.255,-0.17,-0.08,-0.1,,
23.269,-0.2,-0.1,-0.12,,
23.284,-0.12,-0.12,-0.12,,
23.299,-0.14,-0.12,-0.12,,
23.314,-0.18,-0.12,-0.13,,
23.329,-0.16,-0.13,-0.14,,
23.344,-0.17,-0.14,-0.14,,
23.359,-0.19,-0.14,-0.15,,
23.373,-0.09,-0.15,-0.14,,
23.388,-0.06,-0.14,-0.12,,
23.403,-0.13,-0.12,-0.12,,
23.418,-0.15,-0.12,-0.13,,
23.433,-0.2,-0.13,-0.14,,
23.447,-0.14,-0.14,-0.14,,
23.462,-0.07,-0.14,-0.13,,
23.477,-0.1,-0.13,-0.12,,
23.492,-0.15,-0.12,-0.13,,
23.507,-0.15,-0.12,-0.13,,
23.522,-0.24,-0.13,-0.15,,
23.537,-0.2,-0.15,-0.16,,
23.551,-0.12,-0.16,-0.15,,
23.566,-0.08,-0.16,-0.14,,
23.581,-0.08,-0.15,-0.13,,
23.596,-0.03,-0.13,-0.11,,
23.611,-0.08,-0.11,-0.11,,
23.626,-0.11,-0.11,-0.11,,
23.641,-0.14,-0.1,-0.11,,
23.656,-0.13,-0.11,-0.11,,
23.671,-0.17,-0.11,-0.12,,
23.686,-0.14,-0.12,-0.13,,
23.7,-0.11,-0.12,-0.12,,
23.715,-0.13,-0.12,-0.12,,
23.73,-0.15,-0.12,-0.12,,
23.745,-0.13,-0.12,-0.12,,
23.759,-0.11,-0.12,-0.12,,
23.774,-0.09,-0.12,-0.11,,
23.789,-0.13,-0.11,-0.11,,
23.804,-0.19,-0.11,-0.13,,
23.819,-0.12,-0.13,-0.12,,
23.833,-0.08,-0.12,-0.12,,
23.848,-0.13,-0.12,-0.12,,
23.863,-0.12,-0.12,-0.12,,
23.878,-0.07,-0.12,-0.11,,
23.893,-0.1,-0.11,-0.1,,
23.908,-0.2,-0.1,-0.12,,
23.923,-0.19,-0.12,-0.14,,
23.938,-0.06,-0.14,-0.12,,
23.952,-0.04,-0.12,-0.1,,
23.967,-0.09,-0.1,-0.1,,
23.981,-0.11,-0.1,-0.1,,
23.996,-0.14,-0.1,-0.11,,
24.01,-0.17,-0.1,-0.11,,
24.025,-0.11,-0.11,-0.11,,
24.04,-0.12,-0.11,-0.11,,
24.054,-0.19,-0.11,-0.12,,
24.068,-0.18,-0.12,-0.13,,
24.083,-0.14,-0.13,-0.13,,
24.097,-0.06,-0.13,-0.12,,
24.112,-0.1,-0.12,-0.11,,
24.126,-0.13,-0.11,-0.12,,
24.141,-0.1,-0.12,-0.11,,
24.155,-0.1,-0.11,-0.11,,
24.17,-0.06,-0.1,-0.09,,
24.185,-0.11,-0.09,-0.09,,
24.2,-0.16,-0.09,-0.1,,
24.215,-0.14,-0.1,-0.11,,
24.23,-0.14,-0.11,-0.12,,
24.245,-0.12,-0.12,-0.12,,
24.26,-0.12,-0.12,-0.12,,
24.275,-0.06,-0.12,-0.11,,
24.29,-0.1,-0.11,-0.11,,
24.305,-0.15,-0.11,-0.12,,
24.32,-0.06,-0.12,-0.1,,
24.335,-0.01,-0.1,-0.09,,
24.35,-0.07,-0.08,-0.08,,
24.366,-0.12,-0.08,-0.09,,
24.381,-0.12,-0.08,-0.09,,
24.396,-0.13,-0.08,-0.09,,
24.411,-0.17,-0.09,-0.11,,
24.426,-0.15,-0.1,-0.11,,
24.441,-0.13,-0.11,-0.12,,
24.456,-0.15,-0.12,-0.12,,
24.471,-0.09,-0.12,-0.12,,
24.486,-0.1,-0.11,-0.11,,
24.502,-0.13,-0.11,-0.11,,
24.517,-0.14,-0.11,-0.12,,
24.532,-0.14,-0.11,-0.12,,
24.547,-0.11,-0.12,-0.12,,
24.562,-0.1,-0.12,-0.11,,
24.577,-0.13,-0.11,-0.12,,
24.591,-0.11,-0.12,-0.12,,
24.606,-0.09,-0.12,-0.11,,
24.621,-0.08,-0.11,-0.1,,
24.636,-0.14,-0.1,-0.11,,
24.651,-0.17,-0.11,-0.12,,
24.666,-0.11,-0.12,-0.12,,
24.68,-0.11,-0.11,-0.11,,
24.695,-0.13,-0.11,-0.11,,
24.71,-0.14,-0.11,-0.12,,
24.725,-0.21,-0.12,-0.13,,
24.74,-0.15,-0.14,-0.14,,
24.755,-0.14,-0.14,-0.14,,
24.769,-0.11,-0.14,-0.14,,
24.784,-0.07,-0.14,-0.12,,
24.799,-0.06,-0.12,-0.11,,
24.814,-0.06,-0.1,-0.1,,
24.829,-0.14,-0.09,-0.1,,
24.844,-0.22,-0.1,-0.12,,
24.86,-0.23,-0.12,-0.14,,
24.874,-0.17,-0.14,-0.14,,
24.889,-0.09,-0.15,-0.13,,
24.905,-0.12,-0.14,-0.13,,
24.919,-0.12,-0.13,-0.13,,
24.934,-0.08,-0.13,-0.12,,
24.949,-0.1,-0.12,-0.12,,
24.964,-0.14,-0.12,-0.12,,
24.978,-0.09,-0.12,-0.12,,
24.993,-0.03,-0.12,-0.1,,
25.007,-0.07,-0.1,-0.09,,
25.022,-0.18,-0.09,-0.11,,
25.037,-0.16,-0.1,-0.11,,
25.052,-0.14,-0.11,-0.11,,
25.067,-0.17,-0.11,-0.12,,
25.081,-0.18,-0.12,-0.13,,
25.096,-0.14,-0.13,-0.14,,
25.11,-0.1,-0.14,-0.13,,
25.125,-0.03,-0.13,-0.11,,
25.139,-0.08,-0.11,-0.1,,
25.154,-0.17,-0.1,-0.12,,
25.169,-0.15,-0.11,-0.12,,
25.184,-0.1,-0.12,-0.11,,
25.199,-0.11,-0.11,-0.11,,
25.213,-0.15,-0.11,-0.12,,
25.228,-0.12,-0.12,-0.12,,
25.244,-0.05,-0.12,-0.11,,
25.258,-0.04,-0.11,-0.1,,
25.273,-0.07,-0.09,-0.09,,
25.288,-0.06,-0.09,-0.08,,
25.303,-0.1,-0.08,-0.08,,
25.318,-0.14,-0.08,-0.09,,
25.333,-0.16,-0.09,-0.1,,
25.348,-0.16,-0.1,-0.11,,
25.362,-0.04,-0.11,-0.1,,
25.377,-0.06,-0.1,-0.09,,
25.392,-0.1,-0.09,-0.09,,
25.407,-0.06,-0.09,-0.09,,
25.421,-0.01,-0.08,-0.07,,
25.436,-0.05,-0.07,-0.06,,
25.451,-0.14,-0.06,-0.07,,
25.466,-0.17,-0.07,-0.09,,
25.481,-0.2,-0.09,-0.11,,
25.496,-0.22,-0.11,-0.13,,
25.511,-0.06,-0.14,-0.12,,
25.526,-0.02,-0.12,-0.1,,
25.541,-0.06,-0.1,-0.09,,
25.556,-0.09,-0.09,-0.09,,
25.57,-0.09,-0.09,-0.09,,
25.585,-0.09,-0.09,-0.09,,
25.6,-0.09,-0.09,-0.09,,
25.615,-0.17,-0.09,-0.1,,
25.63,-0.14,-0.1,-0.11,,
25.644,-0.12,-0.1,-0.11,,
25.659,-0.11,-0.11,-0.11,,
25.674,-0.08,-0.1,-0.1,,
25.689,-0.1,-0.1,-0.1,,
25.704,-0.14,-0.09,-0.1,,
25.719,-0.12,-0.11,-0.11,,
25.735,-0.08,-0.11,-0.1,,
25.749,-0.07,-0.11,-0.1,,
25.764,-0.06,-0.1,-0.09,,
25.779,-0.11,-0.09,-0.09,,
25.794,-0.12,-0.08,-0.09,,
25.808,-0.12,-0.08,-0.09,,
25.824,-0.19,-0.09,-0.11,,
25.839,-0.23,-0.1,-0.13,,
25.854,-0.11,-0.13,-0.12,,
25.869,-0.12,-0.12,-0.12,,
25.884,-0.13,-0.12,-0.12,,
25.899,-0.09,-0.12,-0.12,,
25.914,-0.1,-0.12,-0.11,,
25.929,-0.1,-0.11,-0.11,,
25.943,-0.14,-0.11,-0.12,,
25.958,-0.13,-0.12,-0.12,,
25.972,-0.11,-0.12,-0.12,,
25.987,-0.17,-0.12,-0.13,,
26.002,-0.16,-0.13,-0.13,,
26.016,-0.09,-0.13,-0.12,,
26.031,-0.01,-0.12,-0.1,,
26.046,-0.01,-0.1,-0.08,,
26.06,-0.1,-0.08,-0.09,,
26.074,-0.17,-0.09,-0.1,,
26.089,-0.16,-0.1,-0.11,,
26.104,-0.12,-0.11,-0.11,,
26.118,-0.12,-0.11,-0.11,,
26.133,-0.13,-0.11,-0.11,,
26.148,-0.12,-0.11,-0.12,,
26.162,-0.09,-0.12,-0.11,,
26.177,-0.15,-0.11,-0.12,,
26.191,-0.16,-0.12,-0.13,,
26.206,-0.15,-0.12,-0.13,,
26.222,-0.12,-0.12,-0.12,,
26.237,-0.09,-0.12,-0.12,,
26.252,-0.1,-0.11,-0.11,,
26.267,-0.14,-0.11,-0.11,,
26.282,-0.17,-0.11,-0.12,,
26.297,-0.17,-0.12,-0.13,,
26.312,-0.14,-0.13,-0.13,,
26.327,-0.08,-0.13,-0.12,,
26.343,-0.08,-0.12,-0.11,,
26.357,-0.06,-0.11,-0.1,,
26.373,-0.06,-0.1,-0.09,,
26.388,-0.15,-0.09,-0.1,,
26.403,-0.17,-0.1,-0.11,,
26.418,-0.11,-0.11,-0.11,,
26.432,-0.09,-0.11,-0.11,,
26.447,-0.08,-0.11,-0.1,,
26.462,-0.09,-0.1,-0.1,,
26.476,-0.12,-0.1,-0.1,,
26.491,-0.1,-0.1,-0.1,,
26.506,-0.12,-0.1,-0.1,,
26.521,-0.14,-0.1,-0.11,,
26.536,-0.14,-0.11,-0.11,,
26.552,-0.06,-0.11,-0.1,,
26.567,-0.07,-0.1,-0.1,,
26.581,-0.09,-0.1,-0.1,,
26.596,-0.08,-0.09,-0.09,,
26.611,-0.06,-0.09,-0.08,,
26.626,-0.12,-0.08,-0.09,,
26.641,-0.13,-0.09,-0.1,,
26.656,-0.1,-0.1,-0.1,,
26.671,-0.12,-0.1,-0.1,,
26.686,-0.08,-0.1,-0.1,,
26.7,-0.04,-0.1,-0.08,,
26.715,-0.1,-0.08,-0.09,,
26.73,-0.1,-0.09,-0.09,,
26.745,-0.1,-0.09,-0.09,,
26.76,-0.14,-0.09,-0.1,,
26.775,-0.06,-0.1,-0.09,,
26.79,-0.06,-0.09,-0.08,,
26.805,-0.08,-0.08,-0.08,,
26.82,-0.13,-0.08,-0.09,,
26.835,-0.12,-0.09,-0.09,,
26.849,-0.12,-0.09,-0.1,,
26.865,-0.06,-0.1,-0.09,,
26.88,-0.06,-0.08,-0.08,,
26.895,-0.09,-0.08,-0.08,,
26.91,-0.1,-0.08,-0.09,,
26.925,-0.1,-0.08,-0.09,,
26.939,-0.06,-0.09,-0.08,,
26.954,-0.03,-0.08,-0.07,,
26.969,-0.06,-0.06,-0.06,,
26.983,-0.1,-0.06,-0.07,,
26.997,-0.07,-0.07,-0.07,,
27.012,-0.06,-0.07,-0.06,,
27.027,-0.07,-0.06,-0.06,,
27.041,-0.11,-0.06,-0.07,,
27.056,-0.08,-0.07,-0.07,,
27.07,-0.1,-0.07,-0.08,,
27.084,-0.12,-0.07,-0.08,,
27.099,-0.09,-0.08,-0.08,,
27.114,-0.09,-0.08,-0.08,,
27.128,-0.13,-0.08,-0.09,,
27.143,-0.12,-0.09,-0.1,,
27.157,-0.03,-0.1,-0.09,,
27.172,-0.03,-0.09,-0.08,,
27.187,-0.04,-0.08,-0.07,,
27.201,-0.05,-0.07,-0.06,,
27.217,-0.08,-0.06,-0.06,,
27.232,-0.03,-0.06,-0.05,,
27.247,-0.02,-0.05,-0.04,,
27.262,-0.05,-0.03,-0.04,,
27.277,-0.09,-0.03,-0.04,,
27.292,-0.11,-0.03,-0.05,,
27.307,-0.12,-0.04,-0.06,,
27.322,-0.1,-0.06,-0.07,,
27.337,-0.13,-0.07,-0.08,,
27.352,-0.12,-0.08,-0.09,,
27.367,-0.08,-0.09,-0.09,,
27.382,-0.06,-0.09,-0.08,,
27.397,-0.12,-0.08,-0.09,,
27.412,-0.14,-0.08,-0.09,,
27.427,-0.17,-0.09,-0.1,,
27.442,-0.17,-0.1,-0.11,,
27.457,-0.16,-0.11,-0.12,,
27.472,-0.13,-0.12,-0.12,,
27.487,-0.14,-0.12,-0.13,,
27.502,-0.17,-0.13,-0.14,,
27.517,-0.06,-0.14,-0.12,,
27.532,-0.05,-0.12,-0.11,,
27.546,-0.07,-0.11,-0.1,,
27.561,-0.11,-0.09,-0.1,,
27.576,-0.19,-0.09,-0.11,,
27.591,-0.17,-0.11,-0.12,,
27.606,-0.12,-0.12,-0.12,,
27.621,-0.11,-0.12,-0.12,,
27.636,-0.1,-0.12,-0.12,,
27.651,-0.12,-0.12,-0.12,,
27.666,-0.1,-0.12,-0.12,,
27.681,-0.06,-0.12,-0.11,,
27.696,-0.14,-0.11,-0.11,,
27.711,-0.16,-0.11,-0.12,,
27.726,-0.05,-0.12,-0.1,,
27.74,-0.06,-0.1,-0.09,,
27.755,-0.13,-0.09,-0.1,,
27.77,-0.17,-0.1,-0.11,,
27.785,-0.14,-0.11,-0.12,,
27.8,-0.04,-0.12,-0.1,,
27.815,-0.06,-0.1,-0.1,,
27.83,-0.1,-0.09,-0.09,,
27.845,-0.12,-0.09,-0.1,,
27.86,-0.12,-0.1,-0.1,,
27.876,-0.11,-0.1,-0.1,,
27.891,-0.14,-0.1,-0.11,,
27.906,-0.13,-0.11,-0.11,,
27.921,-0.14,-0.11,-0.12,,
27.936,-0.18,-0.12,-0.13,,
27.95,-0.08,-0.13,-0.12,,
27.965,-0.11,-0.12,-0.12,,
27.979,-0.08,-0.12,-0.11,,
27.994,-0.03,-0.11,-0.1,,
28.008,-0.11,-0.1,-0.1,,
28.023,-0.1,-0.1,-0.1,,
28.038,-0.05,-0.09,-0.08,,
28.053,-0.08,-0.08,-0.08,,
28.067,-0.14,-0.08,-0.09,,
28.082,-0.12,-0.09,-0.09,,
28.096,-0.09,-0.09,-0.09,,
28.111,-0.11,-0.09,-0.09,,
28.126,-0.05,-0.09,-0.08,,
28.14,-0.12,-0.08,-0.09,,
28.155,-0.14,-0.09,-0.1,,
28.17,-0.08,-0.1,-0.1,,
28.184,-0.06,-0.09,-0.09,,
28.199,-0.08,-0.08,-0.08,,
28.214,-0.15,-0.08,-0.09,,
28.228,-0.12,-0.09,-0.1,,
28.243,-0.11,-0.09,-0.1,,
28.258,-0.06,-0.1,-0.09,,
28.273,-0.06,-0.09,-0.08,,
28.288,-0.09,-0.09,-0.09,,
28.303,-0.08,-0.09,-0.09,,
28.317,-0.09,-0.09,-0.09,,
28.333,-0.16,-0.09,-0.1,,
28.348,-0.2,-0.1,-0.12,,
28.363,-0.16,-0.12,-0.13,,
28.378,-0.08,-0.13,-0.12,,
28.393,-0.09,-0.11,-0.11,,
28.407,-0.01,-0.11,-0.09,,
28.422,-0.02,-0.08,-0.07,,
28.437,-0.1,-0.07,-0.07,,
28.452,-0.08,-0.07,-0.07,,
28.467,-0.1,-0.07,-0.08,,
28.482,-0.08,-0.08,-0.08,,
28.497,-0.12,-0.08,-0.09,,
28.511,-0.12,-0.09,-0.09,,
28.526,-0.06,-0.09,-0.09,,
28.542,-0.07,-0.08,-0.08,,
28.557,-0.09,-0.08,-0.08,,
28.572,-0.14,-0.08,-0.09,,
28.587,-0.14,-0.09,-0.1,,
28.601,-0.1,-0.09,-0.09,,
28.616,-0.1,-0.09,-0.09,,
28.631,-0.03,-0.09,-0.08,,
28.646,-0.03,-0.08,-0.07,,
28.661,-0.08,-0.07,-0.07,,
28.676,-0.1,-0.07,-0.08,,
28.691,-0.09,-0.08,-0.08,,
28.706,-0.02,-0.08,-0.07,,
28.721,-0.08,-0.06,-0.07,,
28.736,-0.15,-0.06,-0.08,,
28.751,-0.14,-0.08,-0.09,,
28.765,-0.1,-0.09,-0.09,,
28.78,-0.06,-0.1,-0.09,,
28.795,-0.03,-0.09,-0.08,,
28.81,-0.01,-0.08,-0.07,,
28.825,-0.04,-0.07,-0.06,,
28.839,-0.13,-0.06,-0.07,,
28.854,-0.14,-0.07,-0.08,,
28.869,-0.14,-0.08,-0.09,,
28.883,-0.08,-0.09,-0.09,,
28.898,-0.1,-0.09,-0.09,,
28.913,-0.13,-0.09,-0.1,,
28.927,-0.01,-0.1,-0.08,,
28.942,-0.04,-0.08,-0.07,,
28.957,-0.1,-0.07,-0.08,,
28.972,-0.14,-0.07,-0.08,,
28.986,-0.1,-0.08,-0.09,,
29,-0.09,-0.08,-0.08,,
29.015,-0.09,-0.08,-0.09,,
29.029,-0.07,-0.08,-0.08,,
29.044,-0.1,-0.08,-0.08,,
29.058,-0.08,-0.08,-0.08,,
29.073,-0.05,-0.08,-0.07,,
29.087,-0.12,-0.07,-0.08,,
29.102,-0.12,-0.08,-0.09,,
29.117,-0.12,-0.09,-0.09,,
29.132,-0.09,-0.09,-0.09,,
29.146,-0.01,-0.09,-0.08,,
29.161,-0.01,-0.07,-0.06,,
29.175,-0.14,-0.06,-0.08,,
29.19,-0.15,-0.07,-0.09,,
29.205,-0.09,-0.09,-0.09,,
29.22,-0.08,-0.09,-0.08,,
29.235,-0.1,-0.08,-0.08,,
29.25,-0.12,-0.08,-0.09,,
29.265,-0.1,-0.08,-0.08,,
29.28,-0.19,-0.08,-0.1,,
29.296,-0.21,-0.1,-0.12,,
29.31,-0.14,-0.12,-0.13,,
29.325,-0.06,-0.13,-0.11,,
29.34,-0.08,-0.11,-0.11,,
29.355,-0.06,-0.11,-0.1,,
29.37,-0.1,-0.1,-0.1,,
29.385,-0.15,-0.1,-0.11,,
29.401,-0.19,-0.1,-0.12,,
29.416,-0.11,-0.12,-0.12,,
29.43,-0.07,-0.11,-0.11,,
29.445,-0.08,-0.1,-0.1,,
29.46,-0.11,-0.1,-0.1,,
29.475,-0.19,-0.1,-0.12,,
29.491,-0.13,-0.12,-0.12,,
29.505,-0.01,-0.12,-0.1,,
29.521,-0.03,-0.1,-0.09,,
29.535,-0.11,-0.08,-0.09,,
29.55,-0.12,-0.09,-0.09,,
29.565,-0.12,-0.09,-0.1,,
29.58,-0.15,-0.1,-0.11,,
29.595,-0.12,-0.11,-0.11,,
29.61,-0.08,-0.11,-0.11,,
29.625,-0.08,-0.1,-0.1,,
29.64,-0.09,-0.09,-0.09,,
29.655,-0.08,-0.09,-0.09,,
29.669,-0.08,-0.08,-0.08,,
29.684,-0.08,-0.08,-0.08,,
29.7,-0.11,-0.07,-0.08,,
29.714,-0.14,-0.08,-0.09,,
29.73,-0.18,-0.09,-0.11,,
29.744,-0.17,-0.11,-0.12,,
29.759,-0.03,-0.12,-0.1,,
29.774,0.01,-0.1,-0.08,,
29.789,-0.03,-0.08,-0.07,,
29.804,-0.07,-0.07,-0.07,,
29.819,-0.17,-0.06,-0.08,,
29.834,-0.16,-0.08,-0.09,,
29.849,-0.1,-0.09,-0.09,,
29.863,-0.08,-0.09,-0.09,,
29.878,-0.09,-0.09,-0.09,,
29.893,-0.13,-0.09,-0.1,,
29.908,-0.19,-0.1,-0.11,,
29.923,-0.21,-0.11,-0.13,,
29.938,-0.13,-0.13,-0.13,,
29.953,-0.08,-0.13,-0.12,,
29.967,-0.07,-0.11,-0.1,,
29.982,-0.12,-0.1,-0.11,,
29.996,-0.17,-0.1,-0.12,,
30.011,-0.18,-0.11,-0.13,,
30.026,-0.11,-0.12,-0.12,,
30.04,-0.06,-0.12,-0.11,,
30.055,-0.09,-0.11,-0.1,,
30.069,-0.17,-0.11,-0.12,,
30.084,-0.2,-0.12,-0.14,,
30.099,-0.1,-0.14,-0.13,,
30.113,-0.06,-0.13,-0.12,,
30.128,-0.03,-0.12,-0.1,,
30.142,-0.01,-0.1,-0.08,,
30.157,-0.1,-0.08,-0.08,,
30.172,-0.14,-0.08,-0.09,,
30.186,-0.14,-0.09,-0.1,,
30.201,-0.08,-0.11,-0.1,,
30.215,-0.01,-0.1,-0.08,,
30.23,-0.08,-0.08,-0.08,,
30.245,-0.14,-0.09,-0.1,,
30.261,-0.14,-0.1,-0.1,,
30.276,-0.13,-0.1,-0.11,,
30.291,-0.11,-0.11,-0.11,,
30.306,-0.08,-0.11,-0.1,,
30.322,-0.03,-0.1,-0.09,,
30.336,-0.1,-0.09,-0.09,,
30.352,-0.09,-0.09,-0.09,,
30.367,-0.1,-0.08,-0.09,,
30.382,-0.08,-0.09,-0.08,,
30.397,-0.05,-0.08,-0.07,,
30.412,-0.13,-0.07,-0.08,,
30.427,-0.15,-0.08,-0.09,,
30.442,-0.12,-0.09,-0.1,,
30.456,-0.13,-0.1,-0.1,,
30.471,-0.05,-0.1,-0.09,,
30.486,-0.01,-0.09,-0.08,,
30.502,-0.06,-0.08,-0.07,,
30.516,-0.1,-0.07,-0.08,,
30.532,-0.02,-0.08,-0.07,,
30.546,0.01,-0.07,-0.05,,
30.561,-0.01,-0.05,-0.04,,
30.576,-0.06,-0.04,-0.04,,
30.591,-0.14,-0.04,-0.06,,
30.606,-0.14,-0.06,-0.07,,
30.622,-0.16,-0.08,-0.09,,
30.637,-0.15,-0.09,-0.11,,
30.652,-0.04,-0.11,-0.09,,
30.666,-0.01,-0.09,-0.08,,
30.681,-0.06,-0.08,-0.07,,
30.696,-0.08,-0.07,-0.07,,
30.711,-0.1,-0.06,-0.07,,
30.726,-0.11,-0.07,-0.08,,
30.742,-0.03,-0.08,-0.07,,
30.757,-0.04,-0.07,-0.06,,
30.772,-0.04,-0.06,-0.06,,
30.787,-0.12,-0.06,-0.07,,
30.802,-0.17,-0.07,-0.09,,
30.816,-0.12,-0.09,-0.09,,
30.832,-0.1,-0.09,-0.09,,
30.846,-0.11,-0.09,-0.1,,
30.861,-0.12,-0.1,-0.1,,
30.876,-0.08,-0.1,-0.1,,
30.891,-0.03,-0.1,-0.08,,
30.906,-0.06,-0.08,-0.08,,
30.921,-0.08,-0.08,-0.08,,
30.936,-0.13,-0.08,-0.09,,
30.951,-0.12,-0.09,-0.09,,
30.966,-0.1,-0.09,-0.09,,
30.98,-0.07,-0.09,-0.08,,
30.995,-0.09,-0.08,-0.08,,
31.009,-0.09,-0.08,-0.08,,
31.024,-0.01,-0.08,-0.07,,
31.039,-0.02,-0.07,-0.06,,
31.054,-0.1,-0.06,-0.07,,
31.068,-0.1,-0.07,-0.07,,
31.083,-0.06,-0.07,-0.07,,
31.097,-0.03,-0.07,-0.06,,
31.112,-0.06,-0.06,-0.06,,
31.126,-0.06,-0.05,-0.05,,
31.141,-0.08,-0.05,-0.06,,
31.155,-0.1,-0.05,-0.06,,
31.17,-0.08,-0.06,-0.06,,
31.184,-0.06,-0.06,-0.06,,
31.199,-0.05,-0.07,-0.06,,
31.213,-0.03,-0.06,-0.06,,
31.228,-0.05,-0.05,-0.05,,
31.243,-0.05,-0.05,-0.05,,
31.258,-0.06,-0.05,-0.05,,
31.272,-0.01,-0.05,-0.04,,
31.287,-0.01,-0.04,-0.03,,
31.302,-0.11,-0.03,-0.04,,
31.316,-0.12,-0.04,-0.06,,
31.331,-0.06,-0.06,-0.06,,
31.346,-0.02,-0.06,-0.05,,
31.361,0.01,-0.05,-0.04,,
31.376,0,-0.04,-0.03,,
31.39,-0.1,-0.03,-0.04,,
31.405,-0.11,-0.04,-0.05,,
31.42,-0.1,-0.05,-0.06,,
31.435,-0.06,-0.06,-0.06,,
31.45,-0.02,-0.06,-0.05,,
31.465,-0.03,-0.05,-0.05,,
31.479,-0.06,-0.05,-0.05,,
31.494,-0.07,-0.05,-0.05,,
31.509,-0.12,-0.05,-0.06,,
31.524,-0.09,-0.06,-0.07,,
31.539,-0.09,-0.07,-0.07,,
31.554,-0.11,-0.08,-0.08,,
31.569,-0.05,-0.09,-0.08,,
31.583,-0.06,-0.08,-0.07,,
31.598,-0.05,-0.07,-0.07,,
31.613,-0.03,-0.06,-0.06,,
31.628,-0.03,-0.05,-0.05,,
31.643,-0.04,-0.04,-0.04,,
31.658,-0.06,-0.04,-0.04,,
31.673,-0.08,-0.04,-0.05,,
31.688,-0.06,-0.05,-0.05,,
31.703,-0.07,-0.05,-0.05,,
31.718,-0.1,-0.05,-0.06,,
31.733,-0.09,-0.06,-0.06,,
31.748,-0.06,-0.06,-0.06,,
31.763,-0.06,-0.06,-0.06,,
31.781,-0.05,-0.06,-0.05,,
31.796,-0.11,-0.05,-0.06,,
31.811,-0.1,-0.06,-0.07,,
31.826,-0.04,-0.07,-0.07,,
31.841,-0.04,-0.07,-0.06,,
31.856,-0.05,-0.06,-0.06,,
31.871,-0.07,-0.06,-0.06,,
31.887,-0.05,-0.06,-0.05,,
31.901,-0.06,-0.05,-0.05,,
31.916,-0.11,-0.05,-0.06,,
31.931,-0.06,-0.06,-0.06,,
31.945,-0.04,-0.06,-0.05,,
31.96,-0.06,-0.05,-0.05,,
31.975,-0.12,-0.05,-0.07,,
31.99,-0.11,-0.07,-0.07,,
32.004,-0.02,-0.07,-0.06,,
32.019,-0.03,-0.06,-0.06,,
32.034,-0.04,-0.06,-0.05,,
32.048,-0.07,-0.05,-0.05,,
32.063,-0.03,-0.05,-0.05,,
32.077,-0.07,-0.04,-0.05,,
32.092,-0.01,-0.05,-0.04,,
32.106,-0.03,-0.04,-0.04,,
32.121,-0.06,-0.04,-0.04,,
32.135,-0.03,-0.04,-0.04,,
32.15,-0.02,-0.04,-0.03,,
32.164,-0.09,-0.03,-0.04,,
32.179,-0.08,-0.04,-0.05,,
32.194,-0.05,-0.05,-0.05,,
32.208,-0.06,-0.05,-0.05,,
32.223,-0.03,-0.05,-0.04,,
32.237,-0.06,-0.04,-0.04,,
32.252,-0.17,-0.04,-0.06,,
32.267,-0.12,-0.06,-0.07,,
32.282,-0.11,-0.07,-0.08,,
32.296,-0.08,-0.08,-0.08,,
32.311,0,-0.08,-0.07,,
32.326,0.01,-0.07,-0.05,,
32.341,-0.03,-0.05,-0.04,,
32.357,-0.08,-0.04,-0.05,,
32.371,-0.08,-0.04,-0.05,,
32.386,-0.06,-0.04,-0.05,,
32.401,-0.07,-0.04,-0.05,,
32.416,-0.1,-0.05,-0.06,,
32.431,-0.03,-0.06,-0.05,,
32.445,-0.04,-0.05,-0.05,,
32.46,-0.1,-0.05,-0.06,,
32.475,-0.08,-0.05,-0.06,,
32.49,-0.06,-0.06,-0.06,,
32.504,-0.08,-0.06,-0.06,,
32.519,-0.14,-0.06,-0.07,,
32.534,-0.1,-0.07,-0.08,,
32.549,-0.12,-0.07,-0.08,,
32.563,-0.1,-0.08,-0.08,,
32.578,-0.03,-0.08,-0.07,,
32.593,-0.05,-0.07,-0.07,,
32.608,-0.14,-0.06,-0.08,,
32.623,-0.1,-0.08,-0.08,,
32.638,-0.11,-0.08,-0.09,,
32.653,-0.1,-0.08,-0.09,,
32.668,-0.1,-0.08,-0.09,,
32.683,-0.1,-0.08,-0.09,,
32.698,-0.05,-0.09,-0.08,,
32.713,-0.02,-0.08,-0.07,,
32.728,-0.08,-0.07,-0.07,,
32.743,-0.07,-0.07,-0.07,,
32.758,-0.12,-0.07,-0.08,,
32.773,-0.13,-0.08,-0.09,,
32.788,-0.05,-0.09,-0.08,,
32.803,0.01,-0.08,-0.07,,
32.817,0.03,-0.07,-0.05,,
32.832,0.04,-0.05,-0.03,,
32.847,0,-0.02,-0.02,,
32.861,-0.06,-0.01,-0.02,,
32.876,-0.14,-0.02,-0.04,,
32.891,-0.11,-0.04,-0.05,,
32.906,-0.08,-0.05,-0.06,,
32.921,-0.13,-0.06,-0.07,,
32.935,-0.12,-0.07,-0.08,,
32.95,-0.11,-0.08,-0.09,,
32.965,-0.06,-0.09,-0.08,,
32.98,-0.08,-0.07,-0.08,,
32.995,-0.15,-0.07,-0.09,,
33.01,-0.16,-0.08,-0.1,,
33.024,-0.09,-0.1,-0.09,,
33.039,-0.02,-0.1,-0.08,,
33.053,-0.1,-0.08,-0.09,,
33.068,-0.08,-0.09,-0.09,,
33.083,0.01,-0.09,-0.07,,
33.097,-0.09,-0.07,-0.07,,
33.112,-0.04,-0.07,-0.06,,
33.127,-0.08,-0.06,-0.07,,
33.142,-0.12,-0.07,-0.08,,
33.156,-0.08,-0.08,-0.08,,
33.171,-0.03,-0.08,-0.07,,
33.185,-0.03,-0.07,-0.06,,
33.2,-0.08,-0.06,-0.07,,
33.215,-0.14,-0.07,-0.08,,
33.23,-0.01,-0.08,-0.07,,
33.244,0,-0.07,-0.05,,
33.259,-0.05,-0.05,-0.05,,
33.274,-0.08,-0.05,-0.05,,
33.289,-0.12,-0.05,-0.06,,
33.303,-0.06,-0.06,-0.06,,
33.318,0.04,-0.06,-0.04,,
33.333,0.05,-0.04,-0.02,,
33.347,0,-0.02,-0.02,,
33.362,-0.09,-0.01,-0.03,,
33.377,-0.12,-0.03,-0.05,,
33.392,-0.09,-0.04,-0.05,,
33.408,-0.03,-0.05,-0.05,,
33.422,-0.02,-0.05,-0.04,,
33.437,-0.03,-0.04,-0.04,,
33.452,-0.01,-0.04,-0.03,,
33.467,-0.06,-0.03,-0.04,,
33.481,-0.05,-0.04,-0.04,,
33.496,-0.03,-0.04,-0.04,,
33.511,-0.03,-0.03,-0.03,,
33.526,-0.03,-0.03,-0.03,,
33.54,-0.08,-0.03,-0.04,,
33.555,-0.09,-0.04,-0.05,,
33.571,-0.03,-0.05,-0.05,,
33.585,-0.08,-0.05,-0.06,,
33.6,-0.67,-0.06,-0.18,,
33.615,0.6,-0.2,-0.04,,
33.629,0.55,-0.08,0.04,,
33.644,0.15,0.03,0.06,,
33.658,-0.08,0.06,0.03,,
33.673,0.01,0.03,0.03,,
33.687,0.1,0.03,0.04,,
33.702,0.03,0.04,0.04,,
33.716,0.02,0.04,0.04,,
33.731,0.03,0.03,0.03,,
33.746,0.08,0.03,0.04,,
33.76,0.1,0.04,0.05,,
33.775,0.15,0.05,0.07,,
33.79,0.1,0.08,0.08,,
33.804,0.01,0.09,0.07,,
33.819,0,0.08,0.06,,
33.833,0.04,0.07,0.06,,
33.847,0.03,0.07,0.06,,
33.862,0.01,0.06,0.05,,
33.876,0.01,0.05,0.05,,
33.891,-0.01,0.05,0.03,,
33.905,0.04,0.03,0.04,,
33.92,0.03,0.04,0.03,,
33.935,0.08,0.03,0.04,,
33.949,0.12,0.04,0.06,,
33.964,0.06,0.05,0.05,,
33.978,0.01,0.05,0.04,,
33.993,0.05,0.04,0.05,,
34.007,0.01,0.05,0.04,,
34.022,0.02,0.04,0.04,,
34.036,0.03,0.04,0.04,,
34.05,0.06,0.04,0.04,,
34.064,0.08,0.04,0.05,,
34.079,0.07,0.05,0.05,,
34.093,0.03,0.06,0.05,,
34.107,0.04,0.05,0.05,,
34.121,0.04,0.05,0.05,,
34.136,0.03,0.05,0.05,,
34.15,0.02,0.05,0.04,,
34.164,0.01,0.04,0.04,,
34.178,0.01,0.04,0.03,,
34.192,0.06,0.03,0.04,,
34.206,0.07,0.04,0.04,,
34.221,0.06,0.05,0.05,,
34.235,0.04,0.05,0.05,,
34.249,0.08,0.05,0.05,,
34.263,0.12,0.05,0.07,,
34.278,0.12,0.07,0.08,,
34.293,0.1,0.08,0.09,,
34.308,0.04,0.09,0.08,,
34.322,0.06,0.08,0.08,,
34.337,0.06,0.08,0.08,,
34.352,0.02,0.08,0.07,,
34.367,0.01,0.07,0.06,,
34.381,0.07,0.06,0.06,,
34.395,0.1,0.06,0.07,,
34.41,0.06,0.07,0.06,,
34.425,0.03,0.07,0.06,,
34.44,0.08,0.06,0.07,,
34.455,0.08,0.07,0.07,,
34.469,0.05,0.08,0.07,,
34.484,0.06,0.07,0.07,,
34.498,0.08,0.07,0.07,,
34.513,0.06,0.07,0.07,,
34.527,-0.01,0.07,0.05,,
34.542,0,0.05,0.04,,
34.556,0.01,0.04,0.04,,
34.571,0.05,0.04,0.04,,
34.585,0.01,0.04,0.04,,
34.6,-0.03,0.04,0.02,,
34.614,0.05,0.03,0.03,,
34.629,0.08,0.03,0.04,,
34.644,0.12,0.05,0.06,,
34.659,0.11,0.06,0.07,,
34.674,0.04,0.08,0.07,,
34.688,0.07,0.07,0.07,,
34.703,0.01,0.07,0.06,,
34.717,0.02,0.06,0.05,,
34.732,0.03,0.06,0.05,,
34.747,0,0.06,0.05,,
34.761,-0.01,0.05,0.04,,
34.776,-0.03,0.04,0.02,,
34.791,0.02,0.02,0.02,,
34.806,0.06,0.01,0.02,,
34.821,0.06,0.02,0.03,,
34.836,0.09,0.03,0.04,,
34.851,0.13,0.04,0.06,,
34.865,0.11,0.07,0.07,,
34.88,0.06,0.08,0.07,,
34.895,-0.02,0.08,0.06,,
34.909,0.02,0.06,0.05,,
34.924,0.1,0.05,0.06,,
34.938,0.07,0.06,0.06,,
34.953,0.03,0.06,0.06,,
34.967,0.02,0.06,0.05,,
34.982,0.03,0.05,0.05,,
34.997,0.01,0.05,0.04,,
35.011,0.11,0.04,0.05,,
35.026,0.11,0.05,0.06,,
35.042,-0.01,0.07,0.05,,
35.056,-0.03,0.06,0.04,,
35.07,0.04,0.04,0.04,,
35.085,0.08,0.04,0.05,,
35.099,0.1,0.05,0.06,,
35.113,0.09,0.07,0.07,,
35.128,-0.01,0.07,0.06,,
35.142,-0.03,0.06,0.04,,
35.156,-0.07,0.05,0.02,,
35.171,-0.05,0.03,0.01,,
35.185,0.03,0.01,0.02,,
35.199,0.05,0.02,0.02,,
35.213,0,0.02,0.02,,
35.228,-0.04,0.02,0.01,,
35.243,-0.01,0.01,0,,
35.257,0.06,0.01,0.02,,
35.272,0.06,0.02,0.03,,
35.287,0.01,0.03,0.03,,
35.302,0.05,0.03,0.03,,
35.317,-0.01,0.04,0.03,,
35.331,-0.03,0.03,0.02,,
35.346,0.05,0.02,0.03,,
35.361,0.07,0.03,0.04,,
35.375,0,0.04,0.03,,
35.39,0,0.03,0.03,,
35.404,-0.01,0.03,0.02,,
35.419,-0.03,0.02,0.01,,
35.434,0.02,0.01,0.01,,
35.449,0.04,0.01,0.02,,
35.463,0.03,0.02,0.02,,
35.478,0.09,0.02,0.04,,
35.493,0.06,0.04,0.05,,
35.508,-0.05,0.05,0.03,,
35.522,-0.01,0.03,0.02,,
35.537,0.06,0.03,0.03,,
35.552,0.02,0.04,0.03,,
35.566,0.01,0.03,0.03,,
35.581,0.01,0.03,0.03,,
35.596,-0.02,0.03,0.02,,
35.61,-0.01,0.02,0.01,,
35.625,0.03,0.01,0.02,,
35.639,0.02,0.02,0.02,,
35.654,-0.06,0.02,0,,
35.668,-0.03,0.01,0,,
35.683,0.01,0,0,,
35.698,-0.02,0,0,,
35.713,0.05,0,0.01,,
35.728,0.08,0.01,0.02,,
35.742,0.08,0.02,0.04,,
35.757,0.06,0.04,0.04,,
35.772,0.01,0.05,0.04,,
35.786,-0.03,0.04,0.03,,
35.801,0.01,0.03,0.03,,
35.816,0.06,0.03,0.03,,
35.83,0.02,0.03,0.03,,
35.845,0.04,0.03,0.03,,
35.86,0.1,0.03,0.04,,
35.874,0.08,0.04,0.05,,
35.889,0.07,0.05,0.06,,
35.903,0.04,0.06,0.05,,
35.918,0.01,0.06,0.05,,
35.932,0.01,0.05,0.04,,
35.949,0.01,0.05,0.04,,
35.963,0,0.04,0.03,,
35.978,0.03,0.03,0.03,,
35.992,0.02,0.03,0.03,,
36.007,0.01,0.03,0.02,,
36.022,-0.01,0.03,0.02,,
36.036,-0.03,0.03,0.01,,
36.05,0.01,0.02,0.02,,
36.065,-0.01,0.02,0.01,,
36.079,0.03,0.01,0.01,,
36.093,0.03,0.01,0.02,,
36.108,0.02,0.02,0.02,,
36.122,0.04,0.02,0.02,,
36.136,0.03,0.03,0.03,,
36.15,0.02,0.03,0.03,,
36.164,0,0.03,0.02,,
36.179,0.03,0.02,0.02,,
36.193,-0.04,0.03,0.01,,
36.207,0.06,0.01,0.02,,
36.221,0.03,0.02,0.02,,
36.236,0.01,0.03,0.02,,
36.251,0.01,0.03,0.02,,
36.265,0.05,0.03,0.03,,
36.279,0.06,0.03,0.04,,
36.293,0.03,0.03,0.03,,
36.308,0.03,0.03,0.03,,
36.323,-0.01,0.04,0.03,,
36.338,-0.02,0.03,0.02,,
36.352,0.03,0.02,0.02,,
36.367,0,0.03,0.02,,
36.381,0.01,0.02,0.02,,
36.396,0.03,0.02,0.02,,
36.411,-0.03,0.02,0.01,,
36.426,-0.05,0.01,0,,
36.44,-0.03,0,-0.01,,
36.455,0.02,-0.01,0,,
36.47,0.04,0,0.01,,
36.485,-0.01,0.01,0,,
36.499,-0.01,0,0,,
36.514,0.07,0,0.01,,
36.529,0.06,0.02,0.03,,
36.543,0.02,0.03,0.03,,
36.557,0.01,0.04,0.03,,
36.572,-0.11,0.03,0.01,,
36.588,-0.08,0.01,-0.01,,
36.603,0.07,-0.01,0,,
36.617,0.1,0,0.02,,
36.634,0.06,0.02,0.03,,
36.649,0.03,0.03,0.03,,
36.663,-0.05,0.04,0.02,,
36.678,-0.07,0.02,0,,
36.692,0.04,0.01,0.01,,
36.707,0.06,0.01,0.02,,
36.722,0.1,0.02,0.03,,
36.737,0.1,0.03,0.05,,
36.751,0.04,0.05,0.05,,
36.766,0.01,0.05,0.04,,
36.781,0.03,0.04,0.04,,
36.795,0.03,0.05,0.04,,
36.81,-0.02,0.05,0.03,,
36.825,-0.03,0.04,0.02,,
36.84,-0.03,0.02,0.01,,
36.855,0.02,0.01,0.01,,
36.869,0.05,0.01,0.02,,
36.884,0.08,0.02,0.03,,
36.899,0.06,0.03,0.03,,
36.913,-0.03,0.04,0.02,,
36.928,-0.01,0.03,0.02,,
36.943,-0.01,0.02,0.02,,
36.957,0.01,0.02,0.02,,
36.972,0.02,0.02,0.02,,
36.989,0.01,0.02,0.02,,
37.004,-0.01,0.02,0.02,,
37.019,0.01,0.02,0.02,,
37.033,0.04,0.02,0.02,,
37.047,0.06,0.02,0.03,,
37.062,0.02,0.03,0.03,,
37.077,0.05,0.03,0.03,,
37.091,0.08,0.04,0.05,,
37.105,0.1,0.05,0.06,,
37.119,0.09,0.06,0.07,,
37.133,0.05,0.07,0.06,,
37.148,-0.01,0.07,0.05,,
37.162,-0.01,0.05,0.04,,
37.176,0.01,0.04,0.04,,
37.19,0.01,0.04,0.03,,
37.205,0,0.03,0.03,,
37.219,0.02,0.03,0.03,,
37.233,0.04,0.03,0.03,,
37.247,0.02,0.03,0.03,,
37.262,0.01,0.03,0.03,,
37.276,0.04,0.03,0.03,,
37.291,0.02,0.03,0.03,,
37.305,0.02,0.03,0.03,,
37.32,0.05,0.03,0.03,,
37.334,0.01,0.03,0.03,,
37.349,-0.03,0.03,0.02,,
37.363,-0.01,0.02,0.02,,
37.378,-0.03,0.02,0.01,,
37.393,0.03,0.01,0.02,,
37.407,0.02,0.02,0.02,,
37.422,0.08,0.02,0.03,,
37.436,0.07,0.03,0.04,,
37.451,0.03,0.04,0.04,,
37.465,0.02,0.04,0.04,,
37.48,-0.01,0.04,0.03,,
37.495,-0.01,0.03,0.02,,
37.511,0.01,0.03,0.02,,
37.525,0.01,0.02,0.02,,
37.54,0.05,0.02,0.02,,
37.554,0.02,0.02,0.02,,
37.569,0.01,0.02,0.02,,
37.584,0.01,0.02,0.01,,
37.598,0.03,0.02,0.02,,
37.613,0.01,0.02,0.02,,
37.628,-0.01,0.02,0.02,,
37.643,0.03,0.02,0.02,,
37.657,0.02,0.03,0.03,,
37.672,-0.04,0.03,0.02,,
37.686,-0.03,0.02,0.01,,
37.701,0.07,0.01,0.02,,
37.716,0.08,0.02,0.03,,
37.731,0.04,0.03,0.03,,
37.746,0,0.03,0.03,,
37.761,-0.03,0.03,0.02,,
37.776,-0.03,0.02,0.01,,
37.791,0.02,0.01,0.01,,
37.805,0.04,0.01,0.02,,
37.82,0.03,0.02,0.02,,
37.835,-0.01,0.03,0.02,,
37.849,-0.01,0.02,0.02,,
37.864,-0.02,0.02,0.01,,
37.879,0,0.01,0.01,,
37.894,0.03,0.01,0.01,,
37.908,0,0.02,0.01,,
37.923,0,0.01,0.01,,
37.938,0.03,0.01,0.02,,
37.952,0.03,0.02,0.02,,
37.967,0.01,0.02,0.02,,
37.982,-0.01,0.02,0.01,,
37.997,0.04,0.01,0.02,,
38.011,0.06,0.02,0.03,,
38.026,0.01,0.03,0.02,,
38.04,0,0.03,0.02,,
38.055,-0.01,0.02,0.02,,
38.069,-0.03,0.02,0.01,,
38.084,-0.09,0.01,-0.01,,
38.098,-0.03,-0.01,-0.02,,
38.113,0.03,-0.02,-0.01,,
38.128,0.06,-0.01,0.01,,
38.142,0.03,0.01,0.01,,
38.156,0.03,0.02,0.02,,
38.171,0.03,0.02,0.02,,
38.185,0.06,0.03,0.03,,
38.199,0.06,0.04,0.04,,
38.213,0,0.04,0.04,,
38.228,-0.03,0.04,0.03,,
38.242,-0.06,0.03,0.01,,
38.256,-0.03,0.02,0.01,,
38.271,0.02,0.01,0.01,,
38.285,0.04,0.02,0.02,,
38.3,0.03,0.03,0.03,,
38.315,-0.03,0.03,0.02,,
38.329,-0.06,0.02,0,,
38.344,-0.04,0.01,0,,
38.358,-0.03,0,-0.01,,
38.373,0.03,-0.01,0,,
38.388,0.05,0,0.01,,
38.403,0.02,0.01,0.01,,
38.418,-0.01,0.02,0.01,,
38.433,-0.01,0.01,0.01,,
38.448,-0.05,0.01,0,,
38.463,0.05,0,0.01,,
38.477,0.04,0.01,0.02,,
38.492,-0.06,0.02,0,,
38.507,-0.07,0,-0.01,,
38.522,-0.03,-0.01,-0.01,,
38.537,0.01,-0.01,-0.01,,
38.552,0.04,-0.01,0,,
38.566,0.03,0.01,0.01,,
38.581,0.01,0.01,0.01,,
38.596,0.02,0.01,0.02,,
38.61,0.04,0.02,0.02,,
38.625,0.03,0.02,0.03,,
38.639,0.02,0.03,0.03,,
38.654,0.01,0.03,0.03,,
38.669,0.02,0.03,0.03,,
38.683,-0.01,0.03,0.02,,
38.698,-0.04,0.02,0.01,,
38.712,-0.02,0.01,0.01,,
38.727,-0.01,0.01,0,,
38.742,-0.03,0,0,,
38.757,-0.03,0,-0.01,,
38.772,0.01,-0.01,0,,
38.786,0.05,0,0.01,,
38.802,0.03,0.01,0.01,,
38.816,0.02,0.01,0.01,,
38.83,0.02,0.02,0.02,,
38.844,0.01,0.02,0.02,,
38.859,0.03,0.02,0.02,,
38.873,0.02,0.02,0.02,,
38.888,-0.03,0.02,0.01,,
38.903,-0.01,0.01,0.01,,
38.917,0,0.01,0.01,,
38.932,0.01,0.01,0.01,,
38.946,-0.03,0.01,0,,
38.961,0.01,0,0,,
38.976,0.04,0,0.01,,
38.991,0.05,0.01,0.02,,
39.005,0.07,0.02,0.03,,
39.02,0.06,0.03,0.04,,
39.037,-0.03,0.04,0.03,,
39.051,-0.05,0.03,0.02,,
39.065,-0.01,0.02,0.01,,
39.08,0.03,0.01,0.02,,
39.094,0,0.02,0.01,,
39.108,-0.01,0.01,0.01,,
39.123,0.03,0.01,0.01,,
39.137,0.03,0.01,0.02,,
39.151,0.03,0.02,0.02,,
39.165,-0.11,0.03,0,,
39.18,-0.08,0,-0.01,,
39.194,0.01,-0.01,-0.01,,
39.209,0.06,-0.01,0,,
39.223,0.07,0,0.02,,
39.237,0.06,0.01,0.02,,
39.252,0.12,0.02,0.04,,
39.266,0.09,0.05,0.05,,
39.28,0.01,0.06,0.05,,
39.294,-0.05,0.05,0.03,,
39.309,-0.05,0.04,0.02,,
39.323,-0.01,0.02,0.02,,
39.338,-0.02,0.02,0.01,,
39.353,0.06,0.01,0.02,,
39.368,0.1,0.01,0.03,,
39.382,0.03,0.03,0.03,,
39.397,0.01,0.03,0.03,,
39.412,0.05,0.03,0.04,,
39.427,0.02,0.04,0.04,,
39.441,-0.06,0.04,0.02,,
39.456,-0.02,0.02,0.01,,
39.471,0.06,0.01,0.02,,
39.485,0.04,0.02,0.03,,
39.5,0.06,0.03,0.03,,
39.515,0.02,0.04,0.03,,
39.529,-0.04,0.03,0.02,,
39.544,-0.05,0.02,0.01,,
39.559,-0.05,0.01,0,,
39.574,-0.06,0,-0.01,,
39.589,0.07,-0.01,0.01,,
39.603,0.1,0.01,0.03,,
39.617,-0.01,0.03,0.02,,
39.632,-0.01,0.02,0.02,,
39.647,0.03,0.02,0.02,,
39.662,0.02,0.02,0.02,,
39.676,0.03,0.02,0.03,,
39.691,0.01,0.03,0.03,,
39.706,-0.03,0.03,0.02,,
39.72,-0.01,0.02,0.01,,
39.735,-0.01,0.02,0.01,,
39.75,0.02,0.01,0.01,,
39.764,0.03,0.01,0.01,,
39.779,0.06,0.01,0.02,,
39.794,0.07,0.02,0.03,,
39.809,0.04,0.03,0.03,,
39.825,0.07,0.03,0.04,,
39.839,0.06,0.04,0.04,,
39.854,0.01,0.05,0.04,,
39.868,0.03,0.04,0.04,,
39.883,0.03,0.04,0.04,,
39.897,-0.03,0.04,0.02,,
39.912,-0.02,0.02,0.01,,
39.927,0.09,0.01,0.03,,
39.943,0.08,0.03,0.04,,
39.958,0.09,0.04,0.05,,
39.973,0.07,0.05,0.06,,
39.987,0.01,0.06,0.05,,
40.002,0.01,0.05,0.04,,
40.016,0.1,0.04,0.05,,
40.031,0.12,0.06,0.07,,
40.045,0.03,0.07,0.06,,
40.059,0.03,0.07,0.06,,
40.073,0.03,0.06,0.06,,
40.088,0.02,0.06,0.05,,
40.102,0.07,0.05,0.06,,
40.116,0.06,0.06,0.06,,
40.132,0.04,0.06,0.05,,
40.147,0.09,0.06,0.06,,
40.161,-0.01,0.06,0.05,,
40.175,-0.03,0.05,0.03,,
40.19,0.02,0.03,0.03,,
40.204,0.06,0.03,0.04,,
40.218,0.03,0.04,0.04,,
40.232,-0.01,0.04,0.03,,
40.247,-0.03,0.03,0.02,,
40.262,0.01,0.02,0.02,,
40.276,0.01,0.02,0.02,,
40.29,0.04,0.02,0.03,,
40.305,0.04,0.03,0.03,,
40.319,0.03,0.03,0.03,,
40.334,0.03,0.03,0.03,,
40.348,0.01,0.04,0.03,,
40.363,-0.01,0.04,0.03,,
40.378,0,0.03,0.02,,
40.392,0,0.02,0.02,,
40.407,-0.01,0.02,0.01,,
40.422,-0.01,0.02,0.01,,
40.436,-0.04,0.01,0,,
40.451,0.06,0,0.01,,
40.466,0.04,0.02,0.02,,
40.481,0.05,0.02,0.03,,
40.495,0.03,0.03,0.03,,
40.509,-0.05,0.04,0.02,,
40.524,-0.03,0.02,0.01,,
40.539,-0.04,0.01,0,,
40.554,0.01,0,0,,
40.569,0.12,0,0.02,,
40.583,0.1,0.02,0.04,,
40.598,-0.06,0.05,0.02,,
40.613,-0.02,0.03,0.02,,
40.627,0.06,0.02,0.03,,
40.642,0.05,0.03,0.04,,
40.657,-0.06,0.04,0.02,,
40.672,0.06,0.02,0.03,,
40.686,-0.03,0.02,0.01,,
40.701,-0.1,0.01,-0.01,,
40.716,-0.02,-0.01,-0.02,,
40.731,0.03,-0.02,-0.01,,
40.746,0.09,-0.02,0.01,,
40.761,0.11,0,0.02,,
40.775,0.03,0.02,0.03,,
40.791,0,0.03,0.02,,
40.806,0.01,0.03,0.02,,
40.82,0,0.03,0.02,,
40.835,0.06,0.03,0.03,,
40.849,0.05,0.04,0.04,,
40.864,-0.01,0.05,0.03,,
40.879,-0.05,0.04,0.02,,
40.894,-0.01,0.03,0.02,,
40.908,-0.01,0.02,0.02,,
40.922,0.01,0.02,0.02,,
40.937,0.04,0.02,0.02,,
40.952,0.01,0.02,0.02,,
40.97,-0.03,0.02,0.01,,
40.985,-0.01,0.01,0.01,,
40.999,0.01,0.01,0.01,,
41.014,0.03,0.01,0.01,,
41.028,0.04,0.01,0.02,,
41.043,0.03,0.02,0.02,,
41.057,0.03,0.03,0.03,,
41.071,-0.06,0.03,0.01,,
41.086,-0.02,0.01,0,,
41.1,0.03,0,0.01,,
41.115,0,0.01,0.01,,
41.13,0.03,0.01,0.01,,
41.144,0.03,0.02,0.02,,
41.159,0.03,0.03,0.03,,
41.173,0.01,0.03,0.03,,
41.188,0.01,0.03,0.03,,
41.202,0,0.03,0.02,,
41.216,0.02,0.03,0.03,,
41.23,0,0.03,0.02,,
41.244,-0.01,0.02,0.02,,
41.259,-0.01,0.02,0.01,,
41.273,-0.03,0.01,0,,
41.287,-0.03,0,0,,
41.302,0,0,0,,
41.317,0.02,0,0,,
41.331,0.02,0,0.01,,
41.346,0.02,0.01,0.01,,
41.361,0.03,0.01,0.01,,
41.375,0.04,0.02,0.02,,
41.39,0.03,0.02,0.02,,
41.404,-0.02,0.02,0.01,,
41.419,-0.06,0.02,0,,
41.434,0.01,0,0,,
41.448,0.03,0,0.01,,
41.462,0.03,0.01,0.01,,
41.477,0.01,0.02,0.02,,
41.491,0,0.02,0.01,,
41.506,-0.02,0.02,0.01,,
41.52,-0.01,0.01,0.01,,
41.535,0.03,0.01,0.01,,
41.549,0.01,0.01,0.01,,
41.564,0.01,0.01,0.01,,
41.579,0.02,0.01,0.01,,
41.593,0.06,0.01,0.02,,
41.607,0.01,0.02,0.02,,
41.622,-0.01,0.02,0.01,,
41.636,0.04,0.01,0.02,,
41.651,0.03,0.02,0.02,,
41.665,0,0.02,0.02,,
41.68,-0.01,0.02,0.02,,
41.694,-0.01,0.02,0.01,,
41.709,-0.03,0.02,0.01,,
41.724,-0.03,0.01,0,,
41.738,-0.05,0.01,0,,
41.753,-0.09,0,-0.02,,
41.768,-0.02,-0.02,-0.02,,
41.783,-0.01,-0.02,-0.02,,
41.798,0.07,-0.02,0,,
41.813,-0.06,0,-0.01,,
41.827,-0.01,-0.01,-0.01,,
41.842,0.01,-0.01,-0.01,,
41.857,-0.06,0,-0.01,,
41.872,0.08,-0.01,0.01,,
41.887,0,0.01,0.01,,
41.901,0.03,0.02,0.02,,
41.916,0.03,0.02,0.02,,
41.93,-0.01,0.03,0.02,,
41.945,-0.03,0.02,0.01,,
41.959,-0.09,0.01,-0.01,,
41.974,-0.05,-0.01,-0.02,,
41.989,0,-0.01,-0.01,,
42.004,-0.01,-0.01,-0.01,,
42.018,0.16,-0.01,0.03,,
42.033,-0.1,0.03,0,,
42.047,0.09,0.01,0.02,,
42.062,-0.18,0.03,-0.01,,
42.077,0.06,-0.01,0,,
42.091,-0.16,0,-0.03,,
42.105,-0.03,-0.03,-0.03,,
42.12,0.01,-0.03,-0.02,,
42.134,0.01,-0.02,-0.02,,
42.149,-0.03,-0.02,-0.02,,
42.163,0.06,-0.02,0,,
42.178,-0.01,0.01,0,,
42.192,-0.1,0.01,-0.01,,
42.206,-0.08,-0.01,-0.02,,
42.221,-0.01,-0.02,-0.02,,
42.235,-0.01,-0.02,-0.02,,
42.25,0.01,-0.02,-0.01,,
42.264,0.01,-0.01,-0.01,,
42.278,-0.04,0,-0.01,,
42.293,-0.08,-0.01,-0.02,,
42.307,-0.03,-0.02,-0.02,,
42.322,-0.01,-0.02,-0.02,,
42.337,0.05,-0.02,-0.01,,
42.351,0,-0.01,0,,
42.366,-0.03,0,-0.01,,
42.381,-0.01,-0.01,-0.01,,
42.395,-0.01,-0.01,-0.01,,
42.41,-0.02,-0.01,-0.01,,
42.425,-0.01,-0.01,-0.01,,
42.44,-0.01,-0.01,-0.01,,
42.455,0.01,0,0,,
42.469,-0.03,0,-0.01,,
42.484,-0.02,0,-0.01,,
42.499,0,-0.01,0,,
42.513,-0.01,0,0,,
42.528,0.01,0,0,,
42.543,-0.01,0,0,,
42.558,-0.08,0,-0.02,,
42.572,-0.03,-0.01,-0.02,,
42.587,-0.01,-0.02,-0.02,,
42.602,0.03,-0.01,-0.01,,
42.616,0.02,0,0,,
42.631,-0.03,0.01,0,,
42.646,-0.12,0,-0.02,,
42.661,-0.08,-0.02,-0.03,,
42.676,-0.05,-0.03,-0.04,,
42.691,-0.03,-0.04,-0.04,,
42.705,0.04,-0.04,-0.02,,
42.72,0.1,-0.02,0,,
42.735,-0.03,0,-0.01,,
42.749,-0.06,0,-0.02,,
42.764,0,-0.01,-0.01,,
42.779,0.01,-0.01,-0.01,,
42.793,-0.01,-0.01,-0.01,,
42.808,0.06,-0.01,0,,
42.823,0.08,0,0.02,,
42.838,0.03,0.02,0.02,,
42.852,-0.01,0.03,0.02,,
42.867,0,0.02,0.02,,
42.881,0.01,0.02,0.02,,
42.896,-0.03,0.02,0.01,,
42.91,-0.05,0.01,0,,
42.925,-0.01,0,0,,
42.94,0.08,0,0.02,,
42.955,0.08,0.02,0.03,,
42.969,-0.08,0.03,0.01,,
42.984,-0.1,0.01,-0.01,,
42.999,-0.03,-0.01,-0.01,,
43.014,0.01,-0.01,-0.01,,
43.029,0.06,-0.01,0.01,,
43.043,0.06,0.01,0.02,,
43.058,0.03,0.02,0.02,,
43.073,-0.01,0.02,0.01,,
43.087,-0.04,0.01,0,,
43.101,-0.06,0,-0.01,,
43.116,-0.04,-0.01,-0.02,,
43.13,0.04,-0.01,0,,
43.144,0.04,0,0.01,,
43.159,-0.03,0.01,0,,
43.173,-0.03,0.01,0,,
43.187,0,0,0,,
43.202,-0.01,0,0,,
43.216,-0.03,0,0,,
43.23,-0.06,0,-0.01,,
43.245,-0.02,-0.01,-0.01,,
43.259,0,-0.01,-0.01,,
43.274,-0.06,-0.01,-0.02,,
43.288,-0.02,-0.02,-0.02,,
43.303,0.05,-0.02,-0.01,,
43.317,0.13,-0.01,0.02,,
43.331,0.07,0.02,0.03,,
43.346,-0.06,0.03,0.01,,
43.361,-0.08,0.02,0,,
43.375,0.02,0,0.01,,
43.389,0.04,0.01,0.01,,
43.404,0.04,0.01,0.02,,
43.419,-0.01,0.02,0.01,,
43.433,-0.05,0.01,0,,
43.448,0.03,0,0.01,,
43.462,0.04,0.01,0.02,,
43.477,0.06,0.02,0.02,,
43.492,0.03,0.03,0.03,,
43.506,-0.08,0.03,0.01,,
43.52,-0.09,0.01,-0.01,,
43.535,0.05,-0.01,0,,
43.55,0.06,0,0.01,,
43.564,0.01,0.01,0.01,,
43.579,-0.03,0.02,0.01,,
43.594,-0.03,0.01,0,,
43.609,-0.08,0,-0.01,,
43.624,-0.1,-0.01,-0.03,,
43.639,0.09,-0.04,-0.01,,
43.654,0.05,-0.02,0,,
43.669,0.08,-0.01,0.01,,
43.683,0.09,0.01,0.02,,
43.699,-0.01,0.03,0.02,,
43.714,-0.01,0.02,0.02,,
43.729,0,0.02,0.02,,
43.743,0.16,0.02,0.05,,
43.758,0.15,0.05,0.07,,
43.773,-0.08,0.08,0.05,,
43.787,-0.06,0.05,0.03,,
43.802,-0.01,0.03,0.02,,
43.817,-0.03,0.02,0.01,,
43.831,0.04,0.01,0.02,,
43.846,0.06,0.02,0.03,,
43.86,-0.01,0.03,0.02,,
43.875,0.01,0.02,0.02,,
43.889,0.01,0.02,0.02,,
43.903,-0.08,0.02,0,,
43.918,-0.02,0,0,,
43.932,0.25,-0.01,0.04,,
43.947,0.16,0.04,0.06,,
43.962,-0.05,0.06,0.04,,
43.977,-0.01,0.04,0.03,,
43.991,0.06,0.03,0.04,,
44.006,0.06,0.04,0.04,,
44.022,0.01,0.05,0.04,,
44.036,-0.06,0.04,0.02,,
44.051,0.08,0.02,0.04,,
44.065,-0.06,0.04,0.02,,
44.079,0.08,0.02,0.03,,
44.094,0.06,0.03,0.04,,
44.108,0.03,0.04,0.04,,
44.122,-0.01,0.04,0.03,,
44.137,0.02,0.03,0.03,,
44.151,0.01,0.03,0.03,,
44.166,0.03,0.03,0.03,,
44.18,0.03,0.03,0.03,,
44.194,-0.01,0.03,0.02,,
44.208,-0.01,0.02,0.02,,
44.223,-0.03,0.02,0.01,,
44.237,0,0.01,0.01,,
44.251,-0.02,0.01,0,,
44.265,0.13,0.01,0.03,,
44.279,0.01,0.03,0.03,,
44.294,-0.04,0.03,0.01,,
44.308,0.04,0.01,0.02,,
44.322,0.02,0.02,0.02,,
44.337,0.03,0.02,0.02,,
44.351,0.06,0.02,0.03,,
44.366,0.07,0.03,0.04,,
44.38,0.03,0.05,0.04,,
44.395,-0.01,0.05,0.04,,
44.409,-0.03,0.04,0.03,,
44.424,0.01,0.03,0.02,,
44.439,0.06,0.02,0.03,,
44.454,0.04,0.03,0.03,,
44.468,0.03,0.03,0.03,,
44.482,0.01,0.03,0.03,,
44.497,0.06,0.03,0.03,,
44.512,0.07,0.03,0.04,,
44.526,0.07,0.04,0.05,,
44.541,0.08,0.05,0.06,,
44.556,0.01,0.06,0.05,,
44.571,0.02,0.05,0.05,,
44.585,-0.04,0.05,0.03,,
44.6,-0.04,0.03,0.02,,
44.615,-0.01,0.02,0.01,,
44.63,0.04,0.01,0.02,,
44.645,0,0.02,0.02,,
44.659,-0.02,0.02,0.01,,
44.674,0.02,0.01,0.01,,
44.689,0.04,0.02,0.02,,
44.704,0.07,0.02,0.03,,
44.718,0.01,0.03,0.03,,
44.733,-0.01,0.03,0.02,,
44.747,0.03,0.02,0.02,,
44.762,0.07,0.02,0.03,,
44.777,0.05,0.03,0.04,,
44.791,0.06,0.04,0.04,,
44.808,0.08,0.04,0.05,,
44.823,0.06,0.05,0.05,,
44.838,0.03,0.05,0.05,,
44.853,0.03,0.05,0.05,,
44.867,0.06,0.05,0.05,,
44.882,0.06,0.05,0.05,,
44.896,0.02,0.05,0.05,,
44.911,-0.01,0.05,0.04,,
44.926,0.01,0.04,0.03,,
44.94,0.01,0.04,0.03,,
44.955,0.03,0.04,0.04,,
44.969,0.06,0.04,0.04,,
44.985,0.06,0.04,0.04,,
45,-0.03,0.05,0.03,,
45.015,-0.03,0.03,0.02,,
45.03,0.02,0.02,0.02,,
45.044,-0.01,0.02,0.02,,
45.058,0.04,0.02,0.02,,
45.073,-0.03,0.03,0.01,,
45.088,0.08,0.01,0.03,,
45.102,-0.02,0.03,0.02,,
45.117,0.05,0.02,0.03,,
45.131,0.03,0.03,0.03,,
45.145,0.04,0.03,0.03,,
45.159,0.08,0.03,0.04,,
45.174,0.01,0.04,0.04,,
45.188,0.08,0.04,0.05,,
45.202,0.08,0.05,0.06,,
45.216,0.03,0.06,0.06,,
45.23,0.01,0.06,0.05,,
45.245,-0.03,0.05,0.04,,
45.259,0.07,0.03,0.04,,
45.273,0.09,0.04,0.05,,
45.287,0.03,0.05,0.05,,
45.301,0.02,0.05,0.05,,
45.316,0,0.05,0.04,,
45.33,-0.01,0.04,0.03,,
45.344,0,0.03,0.02,,
45.359,0.01,0.02,0.02,,
45.374,0.08,0.02,0.03,,
45.388,0.09,0.03,0.05,,
45.403,0.07,0.05,0.05,,
45.418,0.03,0.05,0.05,,
45.432,-0.01,0.05,0.04,,
45.447,-0.01,0.04,0.03,,
45.462,0.03,0.03,0.03,,
45.477,0.06,0.03,0.04,,
45.494,-0.03,0.04,0.03,,
45.509,-0.06,0.03,0.01,,
45.524,0.02,0.02,0.02,,
45.539,0.04,0.02,0.02,,
45.553,0.06,0.02,0.03,,
45.568,0.01,0.03,0.03,,
45.583,0.01,0.03,0.03,,
45.598,0.04,0.03,0.03,,
45.612,0.1,0.03,0.04,,
45.627,0.06,0.04,0.05,,
45.642,0.08,0.05,0.05,,
45.657,0.06,0.06,0.06,,
45.671,-0.01,0.06,0.05,,
45.686,0.02,0.05,0.04,,
45.701,0.01,0.04,0.03,,
45.716,-0.01,0.03,0.02,,
45.731,0,0.02,0.02,,
45.746,0.02,0.02,0.02,,
45.76,0.05,0.02,0.03,,
45.774,0.05,0.03,0.04,,
45.789,-0.02,0.04,0.03,,
45.804,-0.05,0.03,0.01,,
45.818,0.05,0.02,0.02,,
45.833,0.06,0.02,0.03,,
45.847,0.06,0.03,0.04,,
45.862,0.06,0.04,0.04,,
45.877,0.02,0.04,0.04,,
45.891,0.06,0.04,0.04,,
45.906,0.08,0.04,0.05,,
45.921,0.05,0.05,0.05,,
45.935,-0.01,0.05,0.04,,
45.95,0.03,0.04,0.04,,
45.965,0.04,0.04,0.04,,
45.979,-0.01,0.04,0.03,,
45.994,0,0.04,0.03,,
46.009,0.08,0.03,0.04,,
46.023,0.07,0.04,0.05,,
46.038,0.04,0.05,0.05,,
46.052,0,0.05,0.04,,
46.067,-0.07,0.04,0.02,,
46.081,-0.06,0.02,0.01,,
46.096,0.01,0.01,0.01,,
46.11,0.01,0,0.01,,
46.125,0.02,0,0.01,,
46.139,0.03,0.01,0.01,,
46.153,0.05,0.01,0.02,,
46.167,0.07,0.02,0.03,,
46.181,0.05,0.03,0.03,,
46.198,0.01,0.04,0.03,,
46.212,0.01,0.04,0.03,,
46.226,0.01,0.03,0.03,,
46.24,0.03,0.03,0.03,,
46.255,-0.03,0.03,0.02,,
46.269,-0.02,0.02,0.01,,
46.284,0,0.01,0.01,,
46.298,-0.01,0.01,0.01,,
46.313,0,0.01,0.01,,
46.327,0.04,0.01,0.01,,
46.342,0.14,0.02,0.04,,
46.356,0.1,0.04,0.05,,
46.371,0.05,0.06,0.05,,
46.385,0.08,0.06,0.06,,
46.4,0.1,0.06,0.07,,
46.414,0.03,0.08,0.07,,
46.429,0,0.07,0.05,,
46.444,-0.03,0.06,0.04,,
46.459,-0.01,0.04,0.03,,
46.473,0.03,0.03,0.03,,
46.488,0.02,0.04,0.03,,
46.503,-0.07,0.04,0.02,,
46.517,-0.01,0.02,0.01,,
46.532,0.05,0.01,0.02,,
46.547,0.03,0.02,0.02,,
46.562,0.01,0.02,0.02,,
46.576,0.01,0.02,0.02,,
46.591,-0.02,0.02,0.01,,
46.605,-0.04,0.01,0,,
46.62,0.02,0,0.01,,
46.635,0.01,0.01,0.01,,
46.649,-0.01,0.01,0.01,,
46.664,-0.06,0.01,0,,
46.679,0,0,0,,
46.694,-0.02,0,-0.01,,
46.709,0.03,-0.01,0,,
46.724,0.07,0,0.01,,
46.741,0.08,0.01,0.02,,
46.755,0.01,0.03,0.02,,
46.769,-0.05,0.03,0.01,,
46.784,-0.01,0.02,0.01,,
46.799,0,0.01,0.01,,
46.814,0.03,0.01,0.01,,
46.828,0.03,0.02,0.02,,
46.843,0.03,0.02,0.02,,
46.858,0.01,0.03,0.02,,
46.875,-0.03,0.03,0.01,,
46.889,-0.05,0.01,0,,
46.904,-0.04,0,-0.01,,
46.921,0.06,0,0.01,,
46.936,0.02,0.01,0.01,,
46.95,-0.02,0.02,0.01,,
46.965,0,0.01,0.01,,
46.98,0,0.01,0.01,,
46.994,0.07,0.01,0.02,,
47.009,0,0.02,0.02,,
47.024,-0.05,0.02,0.01,,
47.038,-0.05,0.01,0,,
47.053,0.02,0,0,,
47.068,0,0,0,,
47.083,0,0.01,0,,
47.097,-0.01,0.01,0,,
47.111,-0.02,0.01,0,,
47.126,-0.02,0,0,,
47.14,0.01,0,0,,
47.155,0.04,0,0.01,,
47.169,0.04,0.01,0.02,,
47.184,-0.03,0.02,0.01,,
47.198,-0.01,0.01,0,,
47.212,0.01,0.01,0.01,,
47.226,-0.01,0.01,0,,
47.241,0.04,0,0.01,,
47.255,0.03,0.01,0.01,,
47.27,0.04,0.02,0.02,,
47.284,0.02,0.02,0.02,,
47.299,0.01,0.02,0.02,,
47.313,0.03,0.02,0.02,,
47.327,0,0.03,0.02,,
47.341,-0.01,0.02,0.02,,
47.356,-0.01,0.02,0.01,,
47.37,0,0.01,0.01,,
47.385,-0.03,0.01,0.01,,
47.4,0,0.01,0.01,,
47.415,0.01,0.01,0.01,,
47.429,0.07,0,0.02,,
47.444,0.08,0.02,0.03,,
47.46,-0.01,0.03,0.02,,
47.475,-0.04,0.03,0.01,,
47.49,0.06,0.02,0.03,,
47.504,0.09,0.03,0.04,,
47.519,0.03,0.04,0.04,,
47.534,0.03,0.04,0.04,,
47.549,0.04,0.04,0.04,,
47.563,0.02,0.04,0.04,,
47.578,0.04,0.04,0.04,,
47.593,0.01,0.04,0.04,,
47.608,0.06,0.04,0.04,,
47.623,0.03,0.04,0.04,,
47.638,-0.06,0.04,0.02,,
47.653,0,0.02,0.01,,
47.667,0.08,0.01,0.03,,
47.682,0.1,0.03,0.04,,
47.698,-0.03,0.04,0.03,,
47.713,0.01,0.03,0.02,,
47.73,0.03,0.03,0.03,,
47.744,-0.01,0.03,0.02,,
47.759,0.08,0.02,0.03,,
47.774,0.08,0.03,0.04,,
47.788,0.05,0.04,0.05,,
47.803,0.01,0.05,0.04,,
47.818,0.07,0.04,0.05,,
47.832,0.03,0.05,0.05,,
47.848,0.04,0.05,0.05,,
47.862,0.06,0.05,0.05,,
47.877,0.08,0.05,0.06,,
47.891,0.01,0.06,0.05,,
47.906,-0.02,0.05,0.04,,
47.921,0.01,0.04,0.04,,
47.935,0.05,0.04,0.04,,
47.95,0.08,0.04,0.05,,
47.965,0.03,0.05,0.05,,
47.979,0.01,0.05,0.04,,
47.993,-0.03,0.05,0.03,,
48.008,-0.02,0.03,0.02,,
48.023,0.01,0.02,0.02,,
48.038,0.01,0.02,0.02,,
48.053,-0.03,0.02,0.01,,
48.068,-0.02,0.01,0,,
48.082,0.08,0,0.02,,
48.096,0.08,0.02,0.03,,
48.111,-0.03,0.04,0.02,,
48.126,0,0.03,0.02,,
48.14,0.03,0.02,0.02,,
48.154,0.08,0.02,0.03,,
48.169,0.11,0.04,0.05,,
48.183,0.03,0.05,0.05,,
48.197,0.03,0.05,0.05,,
48.211,0,0.05,0.04,,
48.225,0.1,0.04,0.05,,
48.24,0.02,0.05,0.05,,
48.254,0,0.05,0.04,,
48.268,0.05,0.04,0.04,,
48.283,-0.01,0.04,0.03,,
48.297,-0.03,0.03,0.02,,
48.312,0.06,0.02,0.03,,
48.326,0.08,0.03,0.04,,
48.34,0.07,0.04,0.04,,
48.354,0.01,0.05,0.04,,
48.369,-0.04,0.04,0.03,,
48.384,-0.06,0.03,0.01,,
48.399,0.08,0.02,0.03,,
48.414,0.08,0.03,0.04,,
48.428,-0.05,0.04,0.02,,
48.443,-0.01,0.02,0.02,,
48.458,0.01,0.02,0.02,,
48.473,-0.02,0.02,0.01,,
48.488,-0.03,0.01,0,,
48.503,-0.06,0,-0.01,,
48.518,0.12,-0.01,0.01,,
48.533,0.08,0.01,0.03,,
48.547,0.07,0.03,0.04,,
48.562,0.04,0.04,0.04,,
48.576,0.06,0.03,0.04,,
48.591,0.08,0.04,0.05,,
48.605,0.08,0.05,0.05,,
48.619,0.06,0.05,0.06,,
48.634,0.06,0.06,0.06,,
48.649,0.02,0.06,0.05,,
48.663,0.02,0.06,0.05,,
48.678,0.06,0.05,0.05,,
48.692,0.09,0.05,0.06,,
48.707,0.1,0.06,0.07,,
48.721,0.1,0.07,0.07,,
48.737,-0.01,0.08,0.06,,
48.751,0.04,0.06,0.06,,
48.766,-0.01,0.06,0.04,,
48.78,-0.04,0.04,0.03,,
48.795,0.16,0.02,0.05,,
48.81,0.13,0.05,0.06,,
48.824,0.12,0.07,0.08,,
48.839,0.15,0.08,0.1,,
48.854,-0.07,0.11,0.07,,
48.868,-0.01,0.08,0.06,,
48.883,-0.03,0.06,0.04,,
48.898,0.07,0.05,0.05,,
48.912,0.06,0.05,0.05,,
48.927,0.01,0.05,0.05,,
48.941,0.05,0.04,0.04,,
48.956,0.01,0.05,0.04,,
48.971,0.02,0.04,0.04,,
48.986,0.05,0.04,0.04,,
49,0.01,0.05,0.04,,
49.015,-0.01,0.04,0.03,,
49.029,0.04,0.04,0.04,,
49.044,-0.04,0.04,0.03,,
49.059,-0.08,0.03,0.01,,
49.074,-0.04,0.01,0,,
49.089,-0.03,0,-0.01,,
49.104,0.07,-0.01,0,,
49.118,0.11,0,0.02,,
49.132,0.06,0.02,0.03,,
49.147,0.08,0.02,0.03,,
49.161,0.05,0.03,0.04,,
49.175,0.03,0.04,0.04,,
49.189,0.01,0.04,0.03,,
49.205,0.03,0.04,0.04,,
49.22,0.01,0.04,0.03,,
49.235,0.02,0.03,0.03,,
49.249,0.05,0.03,0.03,,
49.263,0.04,0.03,0.03,,
49.278,0.04,0.03,0.03,,
49.292,0.09,0.03,0.04,,
49.306,0.03,0.05,0.04,,
49.32,-0.05,0.05,0.03,,
49.335,-0.04,0.03,0.02,,
49.349,0.06,0.02,0.03,,
49.363,0.03,0.02,0.02,,
49.378,0.05,0.02,0.03,,
49.393,0.05,0.03,0.03,,
49.407,0.01,0.04,0.03,,
49.422,0.02,0.04,0.03,,
49.437,0.05,0.04,0.04,,
49.451,0.03,0.04,0.04,,
49.466,0.03,0.04,0.04,,
49.48,-0.01,0.04,0.03,,
49.495,0,0.03,0.03,,
49.51,0.04,0.03,0.03,,
49.524,0.06,0.03,0.04,,
49.539,0.01,0.04,0.03,,
49.554,0,0.03,0.03,,
49.569,0.05,0.03,0.03,,
49.583,0.03,0.03,0.03,,
49.598,0.06,0.03,0.04,,
49.613,0.02,0.04,0.04,,
49.627,-0.03,0.04,0.02,,
49.642,0,0.03,0.02,,
49.657,0.04,0.02,0.03,,
49.671,0.05,0.03,0.03,,
49.686,0.03,0.04,0.04,,
49.701,0.03,0.04,0.04,,
49.715,0.03,0.04,0.03,,
49.73,0.06,0.03,0.04,,
49.745,0.07,0.04,0.05,,
49.761,0.01,0.05,0.04,,
49.776,-0.06,0.05,0.03,,
49.791,-0.03,0.03,0.02,,
49.805,0.06,0.02,0.03,,
49.82,0.08,0.03,0.04,,
49.835,0.01,0.04,0.04,,
49.85,0.04,0.04,0.04,,
49.865,0.04,0.04,0.04,,
49.88,0.05,0.04,0.04,,
49.894,0.02,0.04,0.04,,
49.909,-0.01,0.04,0.03,,
49.923,0.02,0.03,0.03,,
49.938,0.03,0.03,0.03,,
49.953,0.03,0.03,0.03,,
49.968,0.03,0.03,0.03,,
49.983,0.03,0.03,0.03,,
49.997,0.01,0.03,0.03,,
50.012,0.06,0.03,0.04,,
50.026,0.06,0.04,0.04,,
50.041,0.08,0.04,0.05,,
50.056,0.06,0.05,0.05,,
50.071,0,0.06,0.04,,
50.086,-0.01,0.04,0.03,,
50.101,0.04,0.03,0.03,,
50.116,0.06,0.03,0.04,,
50.13,0.14,0.04,0.06,,
50.144,0.09,0.06,0.07,,
50.158,0.03,0.07,0.06,,
50.172,0.03,0.07,0.06,,
50.186,0.01,0.06,0.05,,
50.201,-0.03,0.06,0.04,,
50.215,-0.02,0.04,0.03,,
50.23,0.03,0.03,0.03,,
50.244,-0.01,0.03,0.02,,
50.258,0.02,0.02,0.02,,
50.272,0.04,0.02,0.02,,
50.287,0.01,0.02,0.02,,
50.301,-0.01,0.02,0.01,,
50.315,-0.01,0.01,0.01,,
50.329,-0.05,0.01,0,,
50.344,0.01,0,0,,
50.359,0.1,0,0.02,,
50.374,0.1,0.02,0.03,,
50.388,0.06,0.03,0.04,,
50.403,0.04,0.04,0.04,,
50.417,0.03,0.05,0.04,,
50.432,0.06,0.05,0.05,,
50.447,0.06,0.06,0.06,,
50.461,-0.03,0.07,0.05,,
50.476,-0.01,0.05,0.04,,
50.49,0.06,0.04,0.04,,
50.505,0.03,0.04,0.04,,
50.519,0.01,0.04,0.03,,
50.534,0.09,0.03,0.04,,
50.548,0.1,0.04,0.05,,
50.564,0.03,0.05,0.05,,
50.578,0.05,0.05,0.05,,
50.593,0.05,0.05,0.05,,
50.607,-0.03,0.06,0.04,,
50.622,-0.03,0.04,0.03,,
50.637,0.05,0.03,0.03,,
50.651,0.06,0.04,0.04,,
50.666,0.01,0.04,0.04,,
50.681,0.04,0.04,0.04,,
50.695,0.03,0.04,0.04,,
50.709,-0.01,0.04,0.03,,
50.724,-0.07,0.04,0.02,,
50.738,-0.08,0.02,0,,
50.753,0.05,0,0.01,,
50.768,0.05,0.01,0.02,,
50.782,0.02,0.01,0.01,,
50.797,0.04,0.01,0.02,,
50.812,0.03,0.01,0.02,,
50.826,0.03,0.02,0.02,,
50.841,0.03,0.03,0.03,,
50.856,0.01,0.03,0.03,,
50.87,-0.02,0.03,0.02,,
50.884,-0.04,0.03,0.01,,
50.899,-0.01,0.02,0.01,,
50.914,0.01,0.02,0.01,,
50.929,0.03,0.02,0.02,,
50.944,0.07,0.02,0.03,,
50.958,0.05,0.04,0.04,,
50.973,-0.05,0.04,0.02,,
50.988,-0.03,0.03,0.02,,
51.002,-0.01,0.02,0.01,,
51.017,0,0.01,0.01,,
51.032,0.01,0.01,0.01,,
51.047,0.04,0,0.01,,
51.061,0.05,0.01,0.01,,
51.076,0.11,0.01,0.03,,
51.09,0.08,0.03,0.04,,
51.105,0.02,0.04,0.04,,
51.119,-0.04,0.04,0.02,,
51.134,-0.03,0.03,0.02,,
51.148,0.04,0.02,0.02,,
51.162,0.06,0.02,0.03,,
51.177,0.1,0.03,0.05,,
51.191,0.01,0.05,0.04,,
51.205,-0.06,0.05,0.03,,
51.22,0,0.03,0.02,,
51.234,0.03,0.03,0.03,,
51.248,0.03,0.03,0.03,,
51.263,-0.05,0.03,0.02,,
51.277,-0.04,0.02,0,,
51.292,0.02,0,0.01,,
51.306,0.06,0.01,0.02,,
51.32,0.06,0.02,0.02,,
51.335,-0.01,0.03,0.02,,
51.349,0.01,0.02,0.02,,
51.363,0.03,0.02,0.02,,
51.377,-0.03,0.02,0.01,,
51.392,-0.04,0.01,0,,
51.407,0.08,0,0.02,,
51.421,0.1,0.02,0.03,,
51.436,0.03,0.04,0.04,,
51.451,0.07,0.04,0.04,,
51.466,0.06,0.05,0.05,,
51.48,0.01,0.06,0.05,,
51.495,-0.03,0.05,0.04,,
51.51,0.01,0.04,0.04,,
51.525,-0.01,0.04,0.03,,
51.54,0.01,0.03,0.02,,
51.555,0.1,0.02,0.04,,
51.569,0.11,0.03,0.05,,
51.584,0.01,0.05,0.04,,
51.599,0,0.05,0.04,,
51.614,0.03,0.04,0.04,,
51.628,0.03,0.04,0.04,,
51.643,0.03,0.04,0.04,,
51.658,0.04,0.03,0.04,,
51.673,0.1,0.03,0.05,,
51.688,0.1,0.05,0.06,,
51.703,0.1,0.06,0.07,,
51.718,0.08,0.07,0.07,,
51.732,0.02,0.08,0.07,,
51.746,-0.03,0.07,0.05,,
51.761,-0.03,0.05,0.04,,
51.775,-0.01,0.04,0.03,,
51.79,0.06,0.03,0.04,,
51.805,0.04,0.04,0.04,,
51.82,0.03,0.04,0.04,,
51.834,-0.01,0.04,0.03,,
51.849,-0.09,0.03,0.01,,
51.864,-0.06,0.01,0,,
51.878,-0.01,0,0,,
51.893,0.01,-0.01,0,,
51.908,0.03,0,0,,
51.923,0.06,0,0.01,,
51.939,0.01,0.01,0.01,,
51.954,-0.03,0.02,0.01,,
51.969,0.02,0.01,0.01,,
51.983,0.05,0.01,0.02,,
51.998,0.03,0.02,0.02,,
52.013,0.01,0.03,0.02,,
52.028,0.03,0.02,0.02,,
52.042,0.02,0.03,0.03,,
52.057,0.01,0.03,0.02,,
52.072,0.01,0.03,0.02,,
52.086,-0.03,0.03,0.01,,
52.101,-0.04,0.02,0,,
52.116,0.04,0.01,0.01,,
52.131,0.06,0.01,0.02,,
52.145,0.04,0.02,0.03,,
52.159,0.05,0.03,0.03,,
52.173,0.06,0.03,0.04,,
52.188,0,0.04,0.03,,
52.202,-0.01,0.03,0.03,,
52.217,-0.03,0.03,0.02,,
52.231,-0.01,0.02,0.01,,
52.245,-0.03,0.02,0.01,,
52.259,0.01,0.02,0.01,,
52.274,0.01,0.02,0.02,,
52.288,-0.07,0.02,0,,
52.302,-0.02,0.01,0,,
52.316,-0.04,0.01,0,,
52.331,-0.04,0,-0.01,,
52.345,-0.03,-0.01,-0.02,,
52.36,-0.03,-0.02,-0.02,,
52.375,0.06,-0.02,-0.01,,
52.389,0.11,0,0.02,,
52.404,-0.01,0.03,0.02,,
52.418,-0.03,0.03,0.01,,
52.432,-0.04,0.02,0.01,,
52.447,-0.08,0.02,0,,
52.461,-0.06,0.01,-0.01,,
52.475,-0.04,0,-0.01,,
52.49,-0.09,-0.01,-0.02,,
52.505,-0.06,-0.02,-0.03,,
52.52,-0.08,-0.03,-0.04,,
52.535,-0.02,-0.04,-0.04,,
52.55,-0.03,-0.04,-0.04,,
52.564,0.01,-0.03,-0.02,,
52.579,0.01,-0.02,-0.02,,
52.594,-0.12,-0.01,-0.03,,
52.609,-0.09,-0.03,-0.05,,
52.625,-0.02,-0.05,-0.04,,
52.64,0.02,-0.04,-0.03,,
52.654,0.01,-0.03,-0.02,,
52.669,0.03,-0.02,-0.01,,
52.684,0,-0.01,0,,
52.699,-0.03,0,0,,
52.714,-0.02,0,0,,
52.729,-0.03,0,-0.01,,
52.744,-0.03,0,-0.01,,
52.758,-0.06,-0.01,-0.02,,
52.773,-0.03,-0.02,-0.02,,
52.788,-0.02,-0.02,-0.02,,
52.803,-0.07,-0.02,-0.03,,
52.818,-0.05,-0.03,-0.03,,
52.834,-0.07,-0.03,-0.04,,
52.849,-0.09,-0.04,-0.05,,
52.864,-0.04,-0.05,-0.05,,
52.878,0.02,-0.04,-0.03,,
52.893,-0.07,-0.03,-0.04,,
52.908,-0.01,-0.04,-0.03,,
52.923,0.01,-0.03,-0.02,,
52.938,-0.1,-0.02,-0.04,,
52.954,-0.1,-0.04,-0.05,,
52.97,0.03,-0.05,-0.03,,
52.985,-0.01,-0.03,-0.03,,
53,-0.12,-0.03,-0.05,,
53.014,0.13,-0.06,-0.02,,
53.029,0.12,-0.03,0,,
53.044,0.03,0,0.01,,
53.059,-0.01,0.01,0.01,,
53.073,0.03,0.02,0.02,,
53.088,-0.05,0.03,0.01,,
53.103,-0.1,0.02,0,,
53.117,-0.13,0,-0.03,,
53.132,-0.09,-0.03,-0.04,,
53.146,0.02,-0.04,-0.03,,
53.161,0.06,-0.03,-0.01,,
53.176,0.01,-0.01,-0.01,,
53.19,-0.02,0,-0.01,,
53.205,-0.11,0,-0.02,,
53.219,-0.15,-0.02,-0.04,,
53.234,-0.08,-0.04,-0.05,,
53.248,-0.03,-0.05,-0.05,,
53.263,0.06,-0.05,-0.03,,
53.278,0.08,-0.03,-0.01,,
53.293,-0.01,-0.01,-0.01,,
53.307,0.04,-0.01,0,,
53.322,0.03,0,0.01,,
53.336,0.06,0.01,0.02,,
53.351,-0.03,0.02,0.01,,
53.365,-0.06,0.02,0,,
53.379,-0.06,0.01,-0.01,,
53.394,-0.06,0,-0.01,,
53.409,-0.03,-0.01,-0.02,,
53.424,-0.03,-0.02,-0.02,,
53.438,-0.04,-0.02,-0.02,,
53.453,-0.06,-0.02,-0.03,,
53.468,-0.02,-0.03,-0.03,,
53.483,-0.02,-0.03,-0.03,,
53.498,-0.02,-0.03,-0.03,,
53.513,0.05,-0.03,-0.01,,
53.528,0.01,-0.01,-0.01,,
53.543,-0.03,-0.01,-0.01,,
53.558,-0.02,-0.01,-0.01,,
53.574,0.06,-0.01,0,,
53.589,0.06,0,0.01,,
53.604,0,0.01,0.01,,
53.618,0.01,0.01,0.01,,
53.633,-0.01,0.01,0.01,,
53.648,-0.03,0.01,0,,
53.662,0.03,0,0.01,,
53.676,0.04,0.01,0.02,,
53.691,0.04,0.02,0.02,,
53.706,0.03,0.03,0.03,,
53.72,-0.1,0.03,0.01,,
53.735,-0.12,0.01,-0.02,,
53.75,-0.02,-0.02,-0.02,,
53.765,0.02,-0.02,-0.01,,
53.781,0.03,-0.01,0,,
53.795,0,0,0,,
53.81,0.05,0,0.01,,
53.824,-0.01,0.01,0.01,,
53.839,-0.08,0.01,-0.01,,
53.854,-0.03,-0.01,-0.01,,
53.868,0.03,-0.01,0,,
53.883,0.03,0,0.01,,
53.898,-0.03,0.01,0,,
53.912,-0.01,0,0,,
53.926,-0.01,0,0,,
53.941,-0.02,0,0,,
53.956,-0.01,0,-0.01,,
53.972,0.02,-0.01,0,,
53.986,-0.01,0,0,,
54.001,-0.06,0,-0.01,,
54.016,-0.1,0,-0.02,,
54.031,-0.1,-0.02,-0.04,,
54.046,-0.05,-0.03,-0.04,,
54.061,-0.01,-0.04,-0.03,,
54.075,0.01,-0.03,-0.02,,
54.09,0.03,-0.03,-0.01,,
54.105,-0.03,-0.01,-0.02,,
54.12,-0.04,-0.01,-0.02,,
54.134,-0.01,-0.01,-0.01,,
54.149,0.02,-0.02,-0.01,,
54.164,0.04,-0.01,0,,
54.178,0.01,0,0,,
54.192,0.01,0,0,,
54.207,-0.01,0,0,,
54.221,-0.03,0,0,,
54.236,-0.04,0,-0.01,,
54.25,-0.03,-0.01,-0.01,,
54.266,-0.01,-0.01,-0.01,,
54.281,-0.02,-0.01,-0.01,,
54.295,0.01,-0.01,0,,
54.31,0.02,0,0.01,,
54.324,-0.09,0.01,-0.01,,
54.339,-0.07,-0.01,-0.02,,
54.353,0,-0.02,-0.02,,
54.367,0.02,-0.02,-0.02,,
54.382,0.12,-0.02,0.01,,
54.397,0.1,0.01,0.03,,
54.412,0.03,0.03,0.03,,
54.427,-0.01,0.04,0.03,,
54.442,0.04,0.03,0.03,,
54.456,0.03,0.03,0.03,,
54.471,-0.03,0.03,0.02,,
54.486,0.03,0.02,0.02,,
54.5,0.03,0.02,0.03,,
54.515,0.02,0.03,0.03,,
54.53,-0.08,0.03,0.01,,
54.545,-0.06,0.01,0,,
54.559,-0.03,0,-0.01,,
54.574,-0.01,-0.01,-0.01,,
54.589,0.06,-0.01,0,,
54.604,0.06,0,0.01,,
54.619,-0.03,0.02,0.01,,
54.634,-0.06,0.01,0,,
54.648,-0.02,0,0,,
54.663,-0.03,0,0,,
54.679,-0.08,0,-0.01,,
54.693,-0.06,-0.01,-0.02,,
54.708,-0.02,-0.02,-0.02,,
54.723,-0.01,-0.02,-0.02,,
54.738,0.01,-0.02,-0.01,,
54.752,0.02,-0.01,0,,
54.768,-0.05,0,-0.01,,
54.783,0,-0.01,0,,
54.797,0.03,0,0,,
54.812,0.03,0,0.01,,
54.827,0.04,0.01,0.02,,
54.841,0,0.02,0.01,,
54.856,-0.07,0.02,0,,
54.871,-0.01,0,0,,
54.885,-0.03,0,0,,
54.9,-0.06,0,-0.01,,
54.915,-0.01,-0.01,-0.01,,
54.93,-0.01,-0.01,-0.01,,
54.945,-0.03,-0.01,-0.01,,
54.96,-0.02,-0.01,-0.01,,
54.975,-0.03,-0.01,-0.02,,
54.99,-0.02,-0.01,-0.02,,
55.004,0.02,-0.02,-0.01,,
55.019,0.06,-0.01,0,,
55.034,0.05,0,0.01,,
55.048,0.01,0.02,0.02,,
55.063,-0.03,0.02,0.01,,
55.077,-0.08,0.01,0,,
55.092,-0.05,0,-0.01,,
55.107,-0.01,-0.01,-0.01,,
55.122,0,-0.01,-0.01,,
55.137,0.03,-0.01,0,,
55.152,0.01,0,0,,
55.166,0.01,0,0.01,,
55.18,-0.01,0.01,0.01,,
55.194,-0.07,0.01,-0.01,,
55.209,-0.07,0,-0.02,,
55.224,-0.02,-0.02,-0.02,,
55.239,0.02,-0.02,-0.01,,
55.253,-0.01,-0.01,-0.01,,
55.267,0.01,-0.01,-0.01,,
55.282,0,0,0,,
55.296,-0.04,0,-0.01,,
55.311,-0.04,-0.01,-0.01,,
55.325,-0.07,-0.01,-0.02,,
55.34,-0.03,-0.02,-0.02,,
55.355,0,-0.02,-0.02,,
55.369,0,-0.02,-0.01,,
55.383,-0.03,-0.01,-0.01,,
55.398,-0.03,-0.01,-0.02,,
55.413,-0.05,-0.02,-0.02,,
55.428,-0.02,-0.02,-0.02,,
55.443,-0.04,-0.02,-0.02,,
55.458,-0.08,-0.02,-0.03,,
55.473,-0.06,-0.03,-0.04,,
55.488,0.01,-0.04,-0.03,,
55.504,-0.02,-0.03,-0.03,,
55.518,-0.1,-0.02,-0.04,,
55.533,-0.1,-0.04,-0.05,,
55.548,-0.03,-0.05,-0.04,,
55.563,0.03,-0.04,-0.03,,
55.578,-0.02,-0.03,-0.03,,
55.593,-0.01,-0.03,-0.03,,
55.608,0.1,-0.03,0,,
55.623,0.1,0,0.02,,
55.638,0.02,0.02,0.02,,
55.653,0.01,0.02,0.02,,
55.667,-0.06,0.02,0,,
55.682,-0.01,0,0,,
55.697,0.06,0,0.01,,
55.712,0.06,0.01,0.02,,
55.726,0.03,0.02,0.02,,
55.741,0,0.03,0.02,,
55.756,-0.11,0.03,0,,
55.771,-0.08,0,-0.01,,
55.786,0.03,-0.02,-0.01,,
55.801,0.08,-0.01,0.01,,
55.816,0.06,0.01,0.02,,
55.831,0.03,0.02,0.02,,
55.845,0.03,0.02,0.02,,
55.86,0.02,0.03,0.03,,
55.875,0,0.03,0.02,,
55.889,-0.01,0.02,0.02,,
55.904,-0.07,0.01,0,,
55.919,-0.06,0,-0.02,,
55.934,0.06,-0.02,0,,
55.948,0.11,0,0.02,,
55.963,0.08,0.02,0.03,,
55.978,0.06,0.04,0.04,,
55.993,-0.06,0.04,0.02,,
56.008,-0.06,0.03,0.01,,
56.023,0.01,0.01,0.01,,
56.037,0.04,0.01,0.01,,
56.051,0.03,0.01,0.02,,
56.066,-0.05,0.02,0,,
56.08,-0.01,0,0,,
56.095,0.02,0,0,,
56.11,0.02,0,0.01,,
56.125,0.04,0.01,0.02,,
56.14,0.04,0.02,0.02,,
56.154,0.01,0.03,0.02,,
56.168,0.01,0.02,0.02,,
56.183,-0.04,0.02,0.01,,
56.197,0,0.01,0.01,,
56.211,0.09,0.01,0.03,,
56.226,0.05,0.03,0.03,,
56.24,-0.02,0.03,0.02,,
56.255,-0.01,0.02,0.01,,
56.269,0.02,0.01,0.01,,
56.284,0.01,0.01,0.01,,
56.298,-0.01,0.01,0.01,,
56.312,0.03,0.01,0.02,,
56.326,0.03,0.02,0.02,,
56.341,0.01,0.02,0.02,,
56.355,0.01,0.02,0.02,,
56.369,0.04,0.02,0.02,,
56.384,0.1,0.02,0.04,,
56.398,0.08,0.04,0.05,,
56.413,0.04,0.05,0.05,,
56.427,-0.02,0.05,0.03,,
56.442,-0.03,0.04,0.02,,
56.457,-0.02,0.03,0.02,,
56.471,0.05,0.02,0.03,,
56.486,0.06,0.03,0.03,,
56.501,0.07,0.03,0.04,,
56.515,0.03,0.03,0.03,,
56.53,0.05,0.03,0.03,,
56.545,0.08,0.03,0.04,,
56.56,0.02,0.04,0.04,,
56.575,0.03,0.04,0.04,,
56.59,0.03,0.04,0.04,,
56.605,-0.01,0.04,0.03,,
56.62,-0.07,0.03,0.01,,
56.634,-0.06,0.01,0,,
56.649,0.06,0,0.01,,
56.664,0.1,0.01,0.03,,
56.678,0.1,0.03,0.04,,
56.693,0.03,0.05,0.04,,
56.708,-0.08,0.05,0.03,,
56.722,-0.03,0.03,0.02,,
56.737,0.01,0.02,0.02,,
56.752,-0.02,0.01,0.01,,
56.767,0.06,0,0.01,,
56.781,0.06,0.01,0.02,,
56.796,-0.02,0.02,0.01,,
56.811,0.01,0.02,0.02,,
56.826,0.01,0.02,0.02,,
56.84,0.01,0.02,0.02,,
56.855,0.05,0.02,0.02,,
56.869,0.09,0.02,0.03,,
56.884,0.03,0.03,0.03,,
56.899,0.03,0.03,0.03,,
56.913,0.04,0.03,0.04,,
56.928,0.01,0.04,0.03,,
56.942,0.01,0.03,0.03,,
56.957,0.02,0.03,0.03,,
56.973,0.07,0.03,0.03,,
56.988,0.12,0.04,0.05,,
57.002,0.04,0.05,0.05,,
57.017,0.01,0.06,0.05,,
57.032,-0.05,0.05,0.03,,
57.047,-0.06,0.03,0.01,,
57.061,0.01,0.01,0.01,,
57.076,0.05,0.01,0.02,,
57.091,0.06,0.02,0.03,,
57.105,0.08,0.03,0.04,,
57.12,-0.01,0.04,0.03,,
57.135,-0.01,0.03,0.02,,
57.149,0.03,0.02,0.02,,
57.163,0.07,0.02,0.03,,
57.178,0.09,0.03,0.04,,
57.192,0.02,0.04,0.04,,
57.207,-0.01,0.04,0.03,,
57.221,-0.03,0.03,0.02,,
57.235,0.04,0.02,0.02,,
57.249,0.1,0.02,0.04,,
57.264,0.1,0.03,0.05,,
57.278,0.05,0.05,0.05,,
57.292,0.1,0.05,0.06,,
57.307,0.06,0.06,0.06,,
57.321,0.01,0.07,0.06,,
57.335,0.04,0.06,0.06,,
57.349,0.02,0.06,0.05,,
57.363,0.04,0.05,0.05,,
57.378,0.09,0.05,0.06,,
57.392,0.08,0.06,0.06,,
57.407,0.1,0.06,0.07,,
57.421,0.12,0.07,0.08,,
57.436,0.12,0.08,0.09,,
57.452,0.05,0.09,0.08,,
57.466,0.03,0.09,0.08,,
57.481,0.04,0.08,0.07,,
57.496,0.06,0.07,0.07,,
57.51,0.02,0.07,0.06,,
57.525,0.06,0.06,0.06,,
57.54,0.08,0.06,0.07,,
57.555,0.08,0.07,0.07,,
57.57,0.04,0.07,0.06,,
57.584,0.06,0.06,0.06,,
57.599,0.14,0.06,0.08,,
57.613,0.14,0.08,0.09,,
57.628,0.11,0.09,0.1,,
57.642,0.06,0.1,0.09,,
57.657,0.03,0.09,0.08,,
57.671,0.03,0.08,0.07,,
57.686,0.08,0.08,0.08,,
57.7,0.07,0.08,0.08,,
57.715,0.02,0.08,0.07,,
57.73,0.01,0.07,0.06,,
57.744,0.04,0.06,0.06,,
57.758,0.05,0.06,0.06,,
57.773,0.1,0.06,0.07,,
57.788,0.09,0.07,0.07,,
57.803,0.06,0.07,0.07,,
57.817,0.08,0.07,0.07,,
57.832,0.04,0.07,0.07,,
57.846,0.06,0.07,0.07,,
57.861,0.06,0.07,0.07,,
57.875,0.01,0.07,0.06,,
57.89,-0.02,0.06,0.04,,
57.905,-0.03,0.05,0.03,,
57.92,0.02,0.03,0.03,,
57.934,0.08,0.03,0.04,,
57.949,0.07,0.04,0.04,,
57.963,0.03,0.05,0.04,,
57.978,0.04,0.04,0.04,,
57.993,0.04,0.04,0.04,,
58.007,0.03,0.05,0.04,,
58.022,-0.06,0.05,0.03,,
58.037,-0.03,0.03,0.02,,
58.052,0.04,0.02,0.02,,
58.07,0.11,0.02,0.04,,
58.084,0.07,0.04,0.05,,
58.099,0.02,0.05,0.05,,
58.114,0.06,0.05,0.05,,
58.128,0.03,0.06,0.05,,
58.143,0.03,0.05,0.05,,
58.157,0.04,0.05,0.05,,
58.172,0.12,0.05,0.06,,
58.186,0.1,0.06,0.07,,
58.2,0.05,0.07,0.07,,
58.215,0.05,0.07,0.06,,
58.229,0.05,0.07,0.06,,
58.243,0.05,0.07,0.06,,
58.257,0.03,0.06,0.06,,
58.272,0.01,0.06,0.05,,
58.287,0.07,0.05,0.05,,
58.301,0.08,0.05,0.06,,
58.315,0.06,0.06,0.06,,
58.329,0.02,0.06,0.05,,
58.344,0.05,0.05,0.05,,
58.358,0.1,0.05,0.06,,
58.373,0.08,0.07,0.07,,
58.387,0.05,0.07,0.07,,
58.401,0.02,0.07,0.06,,
58.415,0.01,0.06,0.05,,
58.43,0.01,0.05,0.04,,
58.444,0.02,0.04,0.04,,
58.459,0.12,0.03,0.05,,
58.474,0.13,0.05,0.07,,
58.488,0.05,0.07,0.07,,
58.503,-0.02,0.07,0.05,,
58.518,-0.04,0.05,0.04,,
58.532,0.03,0.04,0.04,,
58.547,0.07,0.04,0.04,,
58.562,0.1,0.04,0.05,,
58.577,-0.02,0.05,0.04,,
58.593,-0.04,0.04,0.02,,
58.608,-0.01,0.02,0.02,,
58.622,0.08,0.02,0.03,,
58.637,0.14,0.03,0.05,,
58.651,0.07,0.06,0.06,,
58.666,0.01,0.06,0.05,,
58.68,0.01,0.06,0.05,,
58.695,-0.07,0.06,0.03,,
58.71,-0.12,0.03,0,,
58.724,-0.02,0,0,,
58.739,0.06,0,0.01,,
58.754,0.06,0.01,0.02,,
58.769,0.06,0.02,0.03,,
58.783,0,0.03,0.02,,
58.798,-0.06,0.03,0.01,,
58.812,0,0.01,0.01,,
58.827,0.04,0.01,0.02,,
58.842,0.06,0.02,0.02,,
58.856,0.09,0.02,0.04,,
58.871,0.1,0.04,0.05,,
58.885,0.07,0.05,0.05,,
58.9,-0.01,0.06,0.04,,
58.915,0.05,0.05,0.05,,
58.93,0.05,0.05,0.05,,
58.944,0.04,0.05,0.05,,
58.959,0.03,0.05,0.04,,
58.974,0.02,0.04,0.04,,
58.988,0.02,0.04,0.04,,
59.003,0.03,0.04,0.04,,
59.017,0.01,0.04,0.03,,
59.032,-0.02,0.04,0.03,,
59.047,-0.01,0.03,0.02,,
59.061,-0.1,0.02,0,,
59.077,-0.03,-0.01,-0.01,,
59.092,0.15,-0.01,0.02,,
59.106,0.08,0.03,0.04,,
59.121,0.07,0.04,0.05,,
59.135,-0.03,0.05,0.04,,
59.15,0.14,0.04,0.06,,
59.164,0.15,0.06,0.08,,
59.178,-0.12,0.09,0.05,,
59.193,-0.1,0.06,0.03,,
59.207,0.14,0.04,0.06,,
59.222,-0.01,0.07,0.05,,
59.236,-0.12,0.07,0.03,,
59.251,-0.05,0.03,0.02,,
59.265,0.15,0.02,0.05,,
59.279,0.23,0.06,0.09,,
59.294,0.08,0.12,0.12,,
59.308,-0.51,0.16,0.02,,
59.323,-0.54,0.05,-0.07,,
59.337,-0.37,-0.06,-0.12,,
59.353,-0.25,-0.14,-0.16,,
59.368,0.1,-0.18,-0.12,,
59.383,0.3,-0.14,-0.05,,
59.397,-0.1,-0.06,-0.07,,
59.412,-0.32,-0.06,-0.11,,
59.426,0.17,-0.11,-0.05,,
59.441,0.02,-0.05,-0.04,,
59.456,-0.23,-0.03,-0.07,,
59.471,-0.12,-0.07,-0.08,,
59.486,0.07,-0.08,-0.05,,
59.501,-0.06,-0.04,-0.04,,
59.516,0.08,-0.03,-0.01,,
59.53,0.21,0,0.05,,
59.545,-0.19,0.07,0.02,,
59.56,-0.3,0.06,-0.01,,
59.575,0.19,0.02,0.05,,
59.59,0.11,0.1,0.1,,
59.605,-1.19,0.16,-0.11,,
59.62,-0.56,-0.1,-0.19,,
59.635,-0.4,-0.21,-0.25,,
59.65,-0.34,-0.27,-0.28,,
59.665,0.06,-0.31,-0.23,,
59.679,0.12,-0.24,-0.17,,
59.694,-0.32,-0.16,-0.19,,
59.71,-0.43,-0.17,-0.22,,
59.725,-0.1,-0.21,-0.19,,
59.74,-0.05,-0.17,-0.14,,
59.754,-0.37,-0.11,-0.16,,
59.769,-0.17,-0.12,-0.13,,
59.784,-0.39,-0.08,-0.15,,
59.799,-0.52,-0.1,-0.18,,
59.814,-1.24,-0.15,-0.37,,
59.829,0.07,-0.37,-0.28,,
59.844,-1.31,-0.26,-0.47,,
59.859,-0.66,-0.46,-0.5,,
59.874,-0.62,-0.49,-0.52,,
59.889,-0.54,-0.52,-0.52,,
59.904,-0.54,-0.52,-0.52,,
59.919,-0.65,-0.52,-0.54,,
59.934,-0.21,-0.55,-0.48,,
59.949,2.28,-0.47,0.08,,
59.964,4.26,0.24,1.04,,
59.979,0.65,1.38,1.23,,
59.994,-7.88,1.83,-0.11,,
60.008,-6.02,0.33,-0.94,,
60.023,0.27,-1.07,-0.8,,
60.038,-0.61,-0.93,-0.87,,
60.053,0.13,-0.87,-0.67,,
60.068,-2.61,-0.62,-1.02,,
60.083,-3.8,-0.92,-1.5,,
60.098,-2.55,-1.48,-1.69,,
60.112,-2.5,-1.74,-1.89,,
60.127,-1.04,-1.95,-1.77,,
60.142,-1.77,-1.82,-1.81,,
60.157,-5.76,-1.85,-2.63,,
60.172,-4.45,-2.85,-3.17,,
60.186,4.43,-3.49,-1.9,,
60.201,3.99,-2.03,-0.82,,
60.215,-1.17,-0.78,-0.86,,
60.229,-3.06,-0.68,-1.16,,
60.244,-3.25,-1.05,-1.49,,
60.258,-2.51,-1.44,-1.66,,
60.273,-3.32,-1.7,-2.02,,
60.287,-0.98,-2.14,-1.91,,
60.302,0.88,-2.14,-1.53,,
60.316,0.41,-1.75,-1.31,,
60.331,-1.28,-1.38,-1.36,,
60.346,-1.56,-1.4,-1.43,,
60.361,0.89,-1.47,-1,,
60.375,1.02,-1,-0.6,,
60.39,-1.29,-0.46,-0.62,,
60.405,-1.36,-0.52,-0.69,,
60.419,-1.07,-0.69,-0.77,,
60.434,0.82,-0.83,-0.5,,
60.448,-0.26,-0.65,-0.57,,
60.464,-4.05,-0.66,-1.34,,
60.478,-1.25,-1.53,-1.48,,
60.493,-1.2,-1.66,-1.56,,
60.508,-1.49,-1.44,-1.45,,
60.523,-1.01,-1.37,-1.3,,
60.538,-3.03,-1.33,-1.67,,
60.552,-0.84,-1.83,-1.63,,
60.567,0.22,-1.82,-1.41,,
60.582,-1.84,-1.55,-1.61,,
60.597,-2.29,-1.67,-1.79,,
60.612,3.75,-1.79,-0.68,,
60.627,5.61,-0.7,0.56,,
60.642,-1.43,0.5,0.11,,
60.656,-2.66,0.04,-0.5,,
60.671,-0.02,-0.6,-0.49,,
60.686,-0.31,-0.61,-0.55,,
60.701,0.57,-0.63,-0.39,,
60.715,2.55,-0.47,0.14,,
60.73,2.73,0.03,0.57,,
60.746,2.38,0.4,0.8,,
60.761,1.43,0.61,0.78,,
60.776,0.59,0.57,0.58,,
60.79,-0.34,0.38,0.23,,
60.805,1.56,-0.07,0.25,,
60.819,5.07,-0.05,0.97,,
60.834,5.24,0.77,1.66,,
60.848,1.36,1.56,1.52,,
60.863,0.15,1.42,1.17,,
60.878,2.67,0.99,1.32,,
60.893,2.64,1.08,1.39,,
60.907,0.95,1.15,1.11,,
60.922,1,0.75,0.8,,
60.936,1.06,0.32,0.47,,
60.952,3.81,-0.12,0.66,,
60.966,3.14,0.13,0.73,,
60.981,3.31,0.36,0.95,,
60.996,5.91,0.62,1.68,,
61.011,8.78,1.48,2.94,,
61.026,5.41,2.73,3.27,,
61.041,4.73,2.9,3.26,,
61.055,6.32,2.82,3.52,,
61.069,9.76,3.03,4.37,,
61.084,8.47,4.04,4.93,,
61.098,7.03,4.64,5.12,,
61.113,7.64,5.05,5.57,,
61.127,10.41,5.54,6.51,,
61.141,11.7,6.4,7.46,,
61.156,8.79,7.31,7.61,,
61.171,9.02,7.36,7.69,,
61.185,8.61,7.42,7.66,,
61.2,7.9,7.58,7.64,,
61.214,11.39,7.52,8.29,,
61.228,8.95,8.15,8.31,,
61.243,2.97,8.24,7.19,,
61.257,1.29,7,5.86,,
61.271,4.82,5.37,5.26,,
61.285,7.39,4.9,5.4,,
61.3,7.89,5.29,5.81,,
61.314,21.85,5.59,8.84,,
61.328,27.94,8.8,12.63,,
61.342,28.96,12.98,16.17,,
61.356,6.89,16.83,14.84,,
61.37,3.51,15.39,13.01,,
61.384,6.03,13.24,11.8,,
61.398,3.25,11.85,10.13,,
61.413,8.24,10.06,9.7,,
61.427,10.18,9.48,9.62,,
61.441,9.75,9.41,9.48,,
61.456,9.97,9.37,9.49,,
61.47,10.78,9.42,9.69,,
61.485,9.38,9.71,9.65,,
61.499,9.27,9.68,9.6,,
61.513,9.77,9.62,9.65,,
61.528,9.45,9.68,9.63,,
61.542,8.75,9.67,9.49,,
61.557,8.61,9.5,9.32,,
61.571,9.52,9.31,9.35,,
61.586,9.5,9.34,9.37,,
61.6,9.29,9.36,9.35,,
61.615,9.61,9.35,9.4,,
61.629,9.69,9.41,9.47,,
61.644,9.17,9.5,9.43,,
61.658,8.76,9.47,9.33,,
61.673,8.98,9.33,9.26,,
61.687,9.11,9.24,9.22,,
61.702,9.51,9.2,9.26,,
61.716,9.47,9.24,9.29,,
61.731,9.5,9.27,9.32,,
61.745,9.52,9.31,9.35,,
61.76,9.13,9.35,9.3,,
61.774,9.07,9.3,9.26,,
61.789,9.25,9.25,9.25,,
61.804,9.31,9.24,9.25,,
61.818,9.48,9.23,9.28,,
61.833,9.54,9.27,9.32,,
61.848,9.43,9.31,9.33,,
61.863,9.45,9.33,9.35,,
61.877,9.39,9.35,9.35,,
61.892,9.38,9.35,9.36,,
61.906,9.77,9.35,9.44,,
61.921,9.68,9.45,9.5,,
61.935,9.3,9.51,9.47,,
61.95,9.26,9.49,9.44,,
61.965,9.36,9.45,9.43,,
61.979,9.45,9.44,9.44,,
61.994,9.37,9.45,9.44,,
62.009,9.52,9.45,9.47,,
62.024,9.6,9.48,9.51,,
62.038,9.44,9.54,9.52,,
62.053,9.47,9.55,9.53,,
62.067,9.26,9.58,9.51,,
62.082,8.87,9.55,9.42,,
62.096,8.97,9.45,9.35,,
62.111,9.3,9.35,9.34,,
62.126,9.31,9.33,9.32,,
62.14,9.16,9.33,9.29,,
62.155,9.17,9.3,9.27,,
62.17,9.21,9.27,9.26,,
62.185,9.14,9.26,9.24,,
62.199,9.19,9.24,9.23,,
62.214,9.23,9.23,9.23,,
62.228,9.2,9.23,9.23,,
62.242,9.25,9.23,9.23,,
62.256,9.24,9.23,9.23,,
62.27,9.29,9.24,9.25,,
62.285,9.21,9.25,9.24,,
62.299,9.18,9.24,9.23,,
62.314,9.24,9.23,9.23,,
62.328,9.25,9.23,9.24,,
62.343,9.21,9.24,9.23,,
62.357,9.2,9.23,9.23,,
62.371,9.2,9.23,9.22,,
62.385,9.2,9.23,9.22,,
62.4,9.18,9.22,9.21,,
62.414,9.2,9.22,9.21,,
62.428,9.2,9.21,9.21,,
62.443,9.22,9.21,9.21,,
62.457,9.18,9.22,9.21,,
62.475,9.17,9.21,9.2,,
62.49,9.22,9.2,9.21,,
62.504,9.25,9.21,9.22,,
62.519,9.21,9.22,9.22,,
62.533,9.17,9.22,9.21,,
62.548,9.16,9.21,9.2,,
62.562,8.41,9.2,9.04,,
62.577,9.06,9.01,9.02,,
62.591,9.9,8.98,9.17,,
62.605,9.47,9.16,9.22,,
62.62,9.35,9.22,9.25,,
62.635,9.29,9.26,9.26,,
62.65,9.25,9.28,9.27,,
62.664,9.29,9.28,9.28,,
62.679,9.21,9.28,9.27,,
62.694,9.23,9.27,9.26,,
62.709,9.41,9.25,9.29,,
62.723,9.43,9.28,9.31,,
62.738,9.34,9.32,9.32,,
62.753,9.22,9.33,9.31,,
62.767,9.11,9.32,9.28,,
62.782,9.25,9.27,9.27,,
62.797,9.39,9.26,9.28,,
62.811,9.36,9.28,9.29,,
62.826,9.25,9.29,9.28,,
62.84,9.27,9.28,9.27,,
62.855,9.36,9.27,9.29,,
62.87,9.34,9.28,9.29,,
62.885,9.29,9.29,9.29,,
62.899,9.23,9.28,9.27,,
62.914,9.21,9.26,9.25,,
62.928,9.46,9.24,9.29,,
62.942,9.52,9.28,9.33,,
62.957,9.4,9.32,9.34,,
62.972,9.3,9.34,9.33,,
62.987,9.32,9.34,9.33,,
63.001,9.33,9.33,9.33,,
63.016,9.34,9.33,9.33,,
63.031,9.41,9.33,9.35,,
63.045,9.39,9.35,9.35,,
63.059,9.29,9.36,9.35,,
63.074,9.28,9.35,9.34,,
63.089,9.28,9.34,9.33,,
63.103,9.3,9.33,9.32,,
63.118,9.23,9.32,9.3,,
63.133,9.44,9.29,9.32,,
63.148,9.47,9.31,9.34,,
63.163,9.43,9.33,9.35,,
63.177,9.34,9.35,9.35,,
63.192,9.41,9.34,9.36,,
63.206,9.47,9.35,9.38,,
63.221,9.45,9.37,9.39,,
63.235,9.41,9.38,9.39,,
63.249,9.37,9.38,9.38,,
63.263,9.46,9.38,9.4,,
63.278,9.46,9.4,9.41,,
63.292,9.42,9.41,9.41,,
63.306,9.4,9.42,9.42,,
63.32,9.39,9.42,9.41,,
63.335,9.41,9.41,9.41,,
63.349,9.4,9.41,9.41,,
63.363,9.41,9.41,9.41,,
63.378,9.38,9.41,9.41,,
63.392,9.46,9.41,9.42,,
63.406,9.39,9.42,9.42,,
63.421,9.33,9.42,9.4,,
63.435,9.27,9.41,9.38,,
63.449,9.37,9.38,9.38,,
63.464,9.39,9.37,9.38,,
63.479,9.43,9.37,9.38,,
63.494,9.46,9.38,9.4,,
63.508,9.35,9.4,9.39,,
63.523,9.42,9.39,9.4,,
63.537,9.4,9.4,9.4,,
63.552,9.35,9.4,9.39,,
63.567,9.4,9.39,9.4,,
63.581,9.48,9.4,9.41,,
63.596,9.43,9.42,9.42,,
63.611,9.44,9.42,9.42,,
63.626,9.44,9.42,9.43,,
63.64,9.35,9.43,9.41,,
63.655,9.35,9.42,9.4,,
63.67,9.35,9.41,9.4,,
63.685,9.44,9.39,9.4,,
63.7,9.53,9.4,9.43,,
63.715,9.5,9.43,9.45,,
63.729,9.28,9.46,9.42,,
63.744,9.3,9.42,9.4,,
63.759,9.42,9.4,9.4,,
63.774,9.46,9.4,9.41,,
63.788,9.44,9.42,9.42,,
63.803,9.41,9.42,9.42,,
63.818,9.36,9.42,9.41,,
63.832,9.41,9.41,9.41,,
63.847,9.37,9.42,9.41,,
63.862,9.36,9.41,9.4,,
63.876,9.36,9.41,9.4,,
63.891,9.37,9.4,9.4,,
63.906,9.35,9.4,9.39,,
63.92,9.37,9.4,9.39,,
63.935,9.39,9.4,9.4,,
63.95,9.36,9.4,9.39,,
63.964,9.42,9.39,9.4,,
63.979,9.43,9.4,9.41,,
63.993,9.4,9.42,9.42,,
64.008,9.4,9.44,9.43,,
64.022,9.17,9.45,9.39,,
64.037,8.98,9.42,9.33,,
64.052,9.51,9.34,9.37,,
64.066,9.69,9.38,9.44,,
64.081,9.5,9.46,9.47,,
64.096,9.09,9.49,9.41,,
64.11,9.19,9.43,9.38,,
64.125,9.02,9.4,9.32,,
64.139,9.2,9.33,9.3,,
64.154,9.25,9.3,9.29,,
64.168,9.23,9.29,9.28,,
64.183,9.25,9.28,9.28,,
64.197,9.23,9.28,9.27,,
64.211,9.26,9.27,9.27,,
64.226,9.24,9.27,9.26,,
64.24,9.2,9.27,9.25,,
64.254,9.23,9.26,9.25,,
64.268,9.19,9.25,9.24,,
64.283,9.24,9.24,9.24,,
64.298,9.23,9.24,9.24,,
64.312,9.17,9.24,9.23,,
64.326,9.19,9.23,9.22,,
64.34,9.2,9.23,9.22,,
64.355,9.18,9.22,9.21,,
64.369,9.26,9.21,9.22,,
64.383,9.29,9.23,9.24,,
64.397,9.3,9.24,9.25,,
64.412,9.23,9.25,9.25,,
64.426,9.21,9.25,9.24,,
64.44,9.27,9.24,9.25,,
64.455,9.26,9.25,9.25,,
64.469,9.21,9.25,9.24,,
64.484,9.2,9.25,9.24,,
64.499,9.18,9.24,9.23,,
64.513,9.18,9.23,9.22,,
64.528,9.21,9.22,9.22,,
64.543,9.21,9.22,9.22,,
64.557,9.26,9.22,9.23,,
64.571,9.23,9.23,9.23,,
64.586,9.12,9.23,9.21,,
64.601,9.3,9.2,9.22,,
64.615,9.2,9.22,9.21,,
64.63,9.19,9.21,9.21,,
64.645,9.42,9.21,9.25,,
64.66,9.3,9.25,9.26,,
64.674,9.4,9.26,9.29,,
64.689,9.22,9.29,9.27,,
64.705,9.17,9.28,9.25,,
64.72,9.21,9.26,9.25,,
64.734,9.21,9.25,9.24,,
64.749,9.28,9.25,9.25,,
64.764,9.2,9.26,9.24,,
64.778,9.15,9.24,9.23,,
64.793,9.13,9.23,9.21,,
64.808,9.44,9.21,9.25,,
64.822,9.16,9.26,9.24,,
64.837,9.26,9.24,9.25,,
64.852,9.27,9.25,9.25,,
64.867,9.19,9.26,9.24,,
64.881,9.23,9.25,9.24,,
64.896,9.21,9.25,9.24,,
64.911,9.31,9.24,9.26,,
64.925,9.2,9.26,9.25,,
64.94,9.18,9.25,9.24,,
64.955,9.26,9.24,9.24,,
64.969,9.25,9.24,9.24,,
64.984,9.28,9.24,9.25,,
64.998,9.22,9.25,9.24,,
65.013,9.3,9.25,9.26,,
65.028,9.31,9.26,9.27,,
65.043,9.27,9.27,9.27,,
65.058,9.34,9.27,9.28,,
65.072,9.3,9.28,9.29,,
65.086,9.26,9.29,9.29,,
65.101,9.17,9.29,9.27,,
65.115,9.16,9.27,9.25,,
65.13,9.2,9.24,9.24,,
65.145,9.23,9.23,9.23,,
65.159,9.44,9.22,9.26,,
65.174,9.36,9.26,9.28,,
65.189,9.29,9.28,9.28,,
65.204,9.27,9.28,9.28,,
65.218,9.26,9.28,9.28,,
65.232,9.22,9.28,9.26,,
65.246,9.29,9.26,9.27,,
65.261,9.31,9.27,9.28,,
65.275,9.27,9.29,9.28,,
65.29,9.09,9.3,9.26,,
65.304,9.16,9.26,9.24,,
65.318,9.3,9.25,9.26,,
65.332,9.2,9.27,9.25,,
65.347,9.24,9.26,9.25,,
65.361,9.19,9.25,9.24,,
65.375,9.2,9.24,9.23,,
65.39,9.22,9.24,9.23,,
65.404,9.22,9.23,9.23,,
65.419,9.23,9.23,9.23,,
65.433,9.21,9.23,9.23,,
65.447,9.28,9.23,9.24,,
65.462,9.31,9.24,9.25,,
65.476,9.24,9.26,9.25,,
65.491,9.24,9.25,9.25,,
65.506,9.25,9.25,9.25,,
65.52,9.28,9.25,9.26,,
65.535,9.2,9.26,9.25,,
65.55,9.19,9.25,9.24,,
65.565,9.2,9.24,9.23,,
65.579,9.18,9.23,9.22,,
65.594,9.22,9.22,9.22,,
65.609,9.2,9.22,9.22,,
65.623,9.17,9.22,9.21,,
65.637,9.2,9.21,9.21,,
65.652,9.2,9.21,9.21,,
65.666,9.22,9.21,9.21,,
65.681,9.2,9.21,9.21,,
65.696,9.17,9.21,9.2,,
65.71,9.23,9.2,9.21,,
65.725,9.2,9.21,9.21,,
65.74,9.2,9.21,9.21,,
65.754,9.23,9.21,9.21,,
65.769,9.25,9.21,9.22,,
65.783,9.17,9.22,9.21,,
65.797,9.19,9.21,9.21,,
65.812,9.25,9.21,9.22,,
65.827,9.23,9.22,9.22,,
65.842,9.28,9.23,9.24,,
65.857,9.29,9.24,9.25,,
65.871,9.2,9.25,9.24,,
65.886,9.17,9.24,9.23,,
65.901,9.21,9.23,9.23,,
65.916,9.27,9.23,9.24,,
65.93,9.27,9.24,9.24,,
65.945,9.18,9.24,9.23,,
65.96,9.2,9.23,9.23,,
65.974,9.19,9.23,9.22,,
65.989,9.19,9.22,9.21,,
66.003,9.25,9.22,9.22,,
66.018,9.27,9.22,9.23,,
66.033,9.21,9.23,9.23,,
66.047,9.22,9.23,9.23,,
66.062,9.21,9.23,9.22,,
66.078,9.2,9.23,9.22,,
66.092,9.25,9.22,9.23,,
66.107,9.25,9.23,9.23,,
66.121,9.18,9.23,9.22,,
66.136,9.2,9.23,9.22,,
66.151,9.22,9.22,9.22,,
66.165,9.24,9.22,9.23,,
66.18,9.19,9.23,9.22,,
66.196,9.17,9.22,9.21,,
66.21,9.23,9.21,9.22,,
66.225,9.26,9.22,9.23,,
66.239,9.19,9.23,9.22,,
66.253,9.19,9.22,9.22,,
66.268,9.25,9.22,9.22,,
66.282,9.23,9.22,9.22,,
66.297,9.21,9.23,9.22,,
66.311,9.2,9.22,9.22,,
66.325,9.21,9.22,9.22,,
66.34,9.27,9.22,9.23,,
66.354,9.24,9.23,9.23,,
66.368,9.19,9.23,9.23,,
66.382,9.22,9.23,9.23,,
66.398,9.25,9.23,9.23,,
66.413,9.26,9.23,9.24,,
66.427,9.25,9.24,9.24,,
66.442,9.23,9.24,9.24,,
66.457,9.23,9.24,9.24,,
66.471,9.26,9.24,9.24,,
66.486,9.21,9.25,9.24,,
66.501,9.15,9.24,9.22,,
66.516,9.23,9.22,9.23,,
66.531,9.27,9.23,9.24,,
66.545,9.22,9.24,9.23,,
66.561,9.2,9.24,9.23,,
66.576,9.22,9.23,9.23,,
66.59,9.2,9.23,9.22,,
66.605,9.21,9.22,9.22,,
66.62,9.21,9.22,9.22,,
66.634,9.29,9.22,9.23,,
66.649,9.25,9.24,9.24,,
66.663,9.17,9.24,9.23,,
66.677,9.2,9.23,9.22,,
66.692,9.28,9.23,9.24,,
66.706,9.31,9.24,9.25,,
66.721,9.28,9.25,9.26,,
66.736,9.17,9.26,9.24,,
66.751,9.17,9.24,9.23,,
66.765,9.21,9.23,9.23,,
66.78,9.2,9.23,9.22,,
66.794,9.25,9.22,9.23,,
66.809,9.28,9.23,9.24,,
66.824,9.25,9.24,9.24,,
66.838,9.3,9.24,9.25,,
66.853,9.47,9.26,9.3,,
66.868,9.18,9.3,9.28,,
66.882,9,9.29,9.23,,
66.897,9.36,9.23,9.25,,
66.912,9.42,9.25,9.29,,
66.926,9,9.29,9.23,,
66.941,8.99,9.23,9.19,,
66.956,9.29,9.19,9.21,,
66.97,9.26,9.21,9.22,,
66.985,9.23,9.22,9.22,,
66.999,9.18,9.23,9.22,,
67.015,9.24,9.22,9.22,,
67.029,9.12,9.22,9.2,,
67.044,9.1,9.21,9.19,,
67.059,9.26,9.19,9.2,,
67.074,9.34,9.2,9.23,,
67.088,9.14,9.23,9.21,,
67.102,9.1,9.22,9.19,,
67.117,9.26,9.19,9.21,,
67.133,9.23,9.21,9.21,,
67.148,9.13,9.21,9.2,,
67.162,9.17,9.2,9.19,,
67.177,9.3,9.19,9.22,,
67.193,9.27,9.22,9.23,,
67.207,9.14,9.23,9.21,,
67.221,9.1,9.21,9.19,,
67.236,9.28,9.19,9.21,,
67.25,9.31,9.21,9.23,,
67.264,9.23,9.23,9.23,,
67.279,9.24,9.23,9.23,,
67.293,9.26,9.23,9.24,,
67.307,9.19,9.24,9.23,,
67.322,9.23,9.23,9.23,,
67.336,9.28,9.23,9.24,,
67.35,9.28,9.24,9.25,,
67.365,9.14,9.25,9.23,,
67.379,9.11,9.23,9.21,,
67.393,9.19,9.21,9.2,,
67.407,9.28,9.2,9.22,,
67.421,9.33,9.22,9.24,,
67.436,9.16,9.24,9.23,,
67.45,9.08,9.23,9.2,,
67.464,9.15,9.2,9.19,,
67.479,9.21,9.19,9.2,,
67.493,9.24,9.2,9.21,,
67.508,9.24,9.21,9.21,,
67.522,9.22,9.21,9.21,,
67.537,9.17,9.22,9.21,,
67.551,9.15,9.21,9.2,,
67.566,9.17,9.2,9.19,,
67.58,9.24,9.19,9.2,,
67.595,9.26,9.21,9.22,,
67.609,9.23,9.22,9.22,,
67.624,9.17,9.22,9.21,,
67.638,9.16,9.21,9.2,,
67.652,9.14,9.2,9.19,,
67.667,9.22,9.19,9.2,,
67.682,9.27,9.2,9.21,,
67.696,9.29,9.21,9.23,,
67.711,9.19,9.23,9.22,,
67.725,9.12,9.22,9.2,,
67.74,9.18,9.2,9.2,,
67.754,9.25,9.2,9.21,,
67.769,9.29,9.21,9.23,,
67.784,9.22,9.23,9.23,,
67.799,9.21,9.23,9.23,,
67.814,9.21,9.23,9.22,,
67.828,9.21,9.22,9.22,,
67.843,9.26,9.22,9.23,,
67.857,9.23,9.23,9.23,,
67.872,9.19,9.23,9.22,,
67.887,9.18,9.23,9.22,,
67.901,9.18,9.22,9.21,,
67.916,9.18,9.21,9.21,,
67.93,9.22,9.21,9.21,,
67.945,9.24,9.21,9.22,,
67.96,9.22,9.22,9.22,,
67.974,9.2,9.22,9.22,,
67.989,9.19,9.22,9.21,,
68.004,9.19,9.21,9.21,,
68.019,9.21,9.21,9.21,,
68.033,9.22,9.21,9.21,,
68.048,9.23,9.21,9.22,,
68.062,9.2,9.22,9.22,,
68.077,9.13,9.22,9.2,,
68.091,9.11,9.2,9.18,,
68.106,9.24,9.18,9.2,,
68.121,9.23,9.2,9.2,,
68.135,9.2,9.2,9.2,,
68.15,9.19,9.21,9.2,,
68.164,9.21,9.2,9.21,,
68.179,9.15,9.21,9.19,,
68.194,9.19,9.19,9.19,,
68.209,9.22,9.19,9.2,,
68.223,9.19,9.2,9.2,,
68.237,9.13,9.2,9.19,,
68.251,9.17,9.19,9.19,,
68.266,9.22,9.19,9.19,,
68.28,9.2,9.19,9.19,,
68.295,9.18,9.19,9.19,,
68.309,9.18,9.2,9.19,,
68.323,9.2,9.2,9.2,,
68.337,9.2,9.2,9.2,,
68.352,9.19,9.2,9.2,,
68.366,9.17,9.2,9.19,,
68.38,9.18,9.19,9.19,,
68.395,9.21,9.19,9.2,,
68.409,9.18,9.2,9.19,,
68.424,9.18,9.19,9.19,,
68.438,9.2,9.19,9.19,,
68.452,9.24,9.19,9.2,,
68.466,9.21,9.2,9.21,,
68.481,9.16,9.21,9.2,,
68.495,9.16,9.2,9.19,,
68.51,9.21,9.19,9.2,,
68.525,9.21,9.2,9.2,,
68.539,9.19,9.2,9.2,,
68.554,9.21,9.2,9.2,,
68.569,9.17,9.2,9.2,,
68.583,9.16,9.2,9.19,,
68.598,9.16,9.19,9.19,,
68.613,9.24,9.19,9.2,,
68.627,9.24,9.2,9.21,,
68.642,9.2,9.21,9.21,,
68.657,9.2,9.21,9.21,,
68.671,9.23,9.21,9.21,,
68.686,9.21,9.21,9.21,,
68.7,9.19,9.21,9.21,,
68.715,9.18,9.21,9.21,,
68.73,9.19,9.21,9.2,,
68.745,9.17,9.21,9.2,,
68.759,9.18,9.2,9.2,,
68.774,9.18,9.2,9.19,,
68.788,9.19,9.19,9.19,,
68.803,9.21,9.19,9.2,,
68.818,9.21,9.2,9.2,,
68.832,9.19,9.2,9.2,,
68.847,9.17,9.2,9.19,,
68.862,9.2,9.2,9.2,,
68.876,9.2,9.2,9.2,,
68.891,9.2,9.2,9.2,,
68.906,9.16,9.2,9.19,,
68.923,9.14,9.2,9.18,,
68.938,9.23,9.19,9.19,,
68.952,9.25,9.2,9.21,,
68.967,9.22,9.21,9.21,,
68.982,9.2,9.21,9.21,,
68.997,9.19,9.21,9.21,,
69.011,9.21,9.21,9.21,,
69.026,9.16,9.21,9.2,,
69.04,9.18,9.2,9.2,,
69.054,9.21,9.2,9.2,,
69.069,9.14,9.2,9.19,,
69.084,9.15,9.19,9.18,,
69.098,9.2,9.18,9.19,,
69.113,9.21,9.19,9.19,,
69.127,9.19,9.19,9.19,,
69.142,9.19,9.19,9.19,,
69.156,9.2,9.19,9.19,,
69.171,9.23,9.2,9.2,,
69.186,9.2,9.21,9.2,,
69.2,9.19,9.2,9.2,,
69.216,9.17,9.2,9.2,,
69.23,9.19,9.2,9.2,,
69.245,9.23,9.2,9.2,,
69.259,9.23,9.21,9.21,,
69.273,9.17,9.21,9.2,,
69.287,9.22,9.2,9.21,,
69.302,9.25,9.21,9.22,,
69.317,9.13,9.22,9.2,,
69.333,9.17,9.21,9.2,,
69.347,9.2,9.2,9.2,,
69.361,9.24,9.2,9.21,,
69.376,9.18,9.21,9.2,,
69.39,9.15,9.21,9.2,,
69.404,9.2,9.2,9.2,,
69.419,9.18,9.2,9.19,,
69.435,9.23,9.2,9.2,,
69.449,9.23,9.2,9.21,,
69.463,9.19,9.21,9.21,,
69.478,9.17,9.21,9.2,,
69.492,9.18,9.2,9.2,,
69.507,9.2,9.2,9.2,,
69.522,9.24,9.2,9.21,,
69.536,9.19,9.21,9.21,,
69.551,9.18,9.21,9.2,,
69.565,9.2,9.2,9.2,,
69.58,9.22,9.2,9.21,,
69.594,9.22,9.21,9.21,,
69.609,9.2,9.21,9.21,,
69.624,9.18,9.21,9.2,,
69.639,9.25,9.21,9.21,,
69.654,9.31,9.22,9.24,,
69.668,9.25,9.24,9.24,,
69.683,9.19,9.24,9.23,,
69.698,9.21,9.23,9.23,,
69.713,9.2,9.23,9.22,,
69.727,9.22,9.23,9.23,,
69.742,9.15,9.23,9.21,,
69.756,9.18,9.21,9.21,,
69.772,9.18,9.21,9.2,,
69.787,9.18,9.21,9.2,,
69.802,9.16,9.2,9.19,,
69.816,9.18,9.2,9.19,,
69.831,9.23,9.19,9.2,,
69.846,9.24,9.2,9.21,,
69.86,9.2,9.21,9.21,,
69.875,9.19,9.21,9.21,,
69.89,9.22,9.21,9.21,,
69.905,9.17,9.21,9.2,,
69.921,9.07,9.2,9.18,,
69.935,9.12,9.18,9.17,,
69.949,9.27,9.17,9.19,,
69.964,9.26,9.19,9.21,,
69.979,9.22,9.21,9.21,,
69.994,9.25,9.21,9.22,,
70.008,9.22,9.22,9.22,,
70.023,9.17,9.22,9.21,,
70.038,9.2,9.21,9.21,,
70.052,9.2,9.21,9.21,,
70.067,9.17,9.21,9.2,,
70.081,9.19,9.2,9.2,,
70.096,9.25,9.2,9.21,,
70.111,9.23,9.21,9.22,,
70.125,9.15,9.22,9.2,,
70.14,9.19,9.2,9.2,,
70.154,9.22,9.2,9.21,,
70.169,9.19,9.21,9.2,,
70.184,9.18,9.21,9.2,,
70.198,9.2,9.2,9.2,,
70.213,9.21,9.2,9.2,,
70.227,9.23,9.21,9.21,,
70.241,9.21,9.21,9.21,,
70.256,9.17,9.21,9.2,,
70.27,9.15,9.2,9.19,,
70.285,9.18,9.2,9.19,,
70.299,9.2,9.19,9.2,,
70.313,9.22,9.2,9.2,,
70.327,9.25,9.2,9.21,,
70.342,9.17,9.21,9.2,,
70.357,9.18,9.21,9.2,,
70.371,9.19,9.2,9.2,,
70.385,9.17,9.2,9.19,,
70.4,9.17,9.19,9.19,,
70.414,9.22,9.19,9.19,,
70.428,9.19,9.2,9.2,,
70.442,9.2,9.2,9.2,,
70.457,9.2,9.2,9.2,,
70.471,9.14,9.2,9.19,,
70.486,9.14,9.19,9.18,,
70.5,9.26,9.18,9.2,,
70.515,9.28,9.2,9.21,,
70.53,9.21,9.22,9.21,,
70.544,9.16,9.22,9.21,,
70.559,9.19,9.21,9.2,,
70.574,9.19,9.2,9.2,,
70.588,9.17,9.2,9.2,,
70.603,9.18,9.2,9.2,,
70.618,9.19,9.2,9.19,,
70.632,9.17,9.19,9.19,,
70.647,9.15,9.19,9.18,,
70.661,9.2,9.18,9.19,,
70.676,9.23,9.19,9.2,,
70.691,9.25,9.2,9.21,,
70.706,9.23,9.21,9.21,,
70.721,9.21,9.22,9.22,,
70.735,9.2,9.22,9.22,,
70.749,9.19,9.22,9.21,,
70.764,9.19,9.21,9.21,,
70.779,9.19,9.21,9.2,,
70.793,9.19,9.21,9.2,,
70.808,9.29,9.2,9.22,,
70.822,9.28,9.22,9.23,,
70.837,9.16,9.23,9.22,,
70.852,9.15,9.22,9.21,,
70.866,9.15,9.21,9.19,,
70.881,9.17,9.2,9.19,,
70.895,9.22,9.19,9.2,,
70.91,9.21,9.2,9.2,,
70.925,9.2,9.2,9.2,,
70.939,9.23,9.2,9.21,,
70.954,9.19,9.21,9.21,,
70.968,9.19,9.21,9.2,,
70.983,9.21,9.21,9.21,,
70.997,9.19,9.21,9.2,,
71.012,9.21,9.21,9.21,,
71.027,9.22,9.21,9.21,,
71.042,9.18,9.21,9.2,,
71.057,9.17,9.2,9.2,,
71.072,9.19,9.2,9.2,,
71.087,9.19,9.2,9.2,,
71.101,9.21,9.2,9.2,,
71.116,9.22,9.2,9.2,,
71.131,9.18,9.2,9.2,,
71.145,9.14,9.2,9.19,,
71.16,9.18,9.19,9.19,,
71.175,9.17,9.19,9.19,,
71.189,9.15,9.19,9.18,,
71.204,9.16,9.18,9.18,,
71.219,9.18,9.18,9.18,,
71.235,9.21,9.18,9.19,,
71.25,9.22,9.19,9.2,,
71.264,9.17,9.2,9.19,,
71.278,9.21,9.19,9.2,,
71.292,9.25,9.2,9.21,,
71.306,9.21,9.21,9.21,,
71.321,9.2,9.21,9.21,,
71.335,9.2,9.21,9.21,,
71.349,9.24,9.21,9.22,,
71.363,9.23,9.22,9.22,,
71.378,9.2,9.22,9.22,,
71.392,9.21,9.22,9.22,,
71.407,9.2,9.22,9.21,,
71.421,9.2,9.22,9.21,,
71.435,9.24,9.22,9.22,,
71.45,9.19,9.22,9.22,,
71.464,9.14,9.22,9.2,,
71.478,9.24,9.2,9.21,,
71.493,9.26,9.21,9.22,,
71.507,9.28,9.22,9.23,,
71.521,9.01,9.24,9.19,,
71.536,8.65,9.19,9.08,,
71.551,9.43,9.06,9.13,,
71.566,9.18,9.11,9.13,,
71.582,9.24,9.11,9.13,,
71.597,9.47,9.12,9.19,,
71.612,9.4,9.17,9.22,,
71.627,9.39,9.21,9.24,,
71.645,9.4,9.24,9.27,,
71.659,9.23,9.27,9.26,,
71.674,9.2,9.26,9.25,,
71.689,9.28,9.24,9.25,,
71.703,9.44,9.23,9.27,,
71.719,9.48,9.25,9.3,,
71.734,9.51,9.28,9.33,,
71.75,9.5,9.32,9.35,,
71.764,9.46,9.35,9.37,,
71.779,9.44,9.37,9.39,,
71.793,9.41,9.39,9.4,,
71.808,9.47,9.4,9.41,,
71.823,9.4,9.42,9.42,,
71.837,9.28,9.42,9.4,,
71.852,9.31,9.4,9.38,,
71.866,9.36,9.39,9.38,,
71.881,9.4,9.38,9.39,,
71.895,9.3,9.39,9.37,,
71.91,9.31,9.37,9.36,,
71.925,9.45,9.35,9.37,,
71.939,9.49,9.37,9.39,,
71.954,9.36,9.39,9.38,,
71.969,9.3,9.38,9.36,,
71.983,9.39,9.36,9.37,,
71.998,9.4,9.36,9.37,,
72.012,9.47,9.37,9.39,,
72.027,9.53,9.38,9.41,,
72.042,9.41,9.41,9.41,,
72.057,9.37,9.41,9.4,,
72.072,9.47,9.4,9.41,,
72.086,9.47,9.41,9.42,,
72.101,9.4,9.42,9.42,,
72.115,9.4,9.42,9.42,,
72.13,9.44,9.41,9.42,,
72.144,9.49,9.42,9.43,,
72.159,9.48,9.43,9.44,,
72.173,9.52,9.44,9.46,,
72.188,9.52,9.46,9.47,,
72.203,9.47,9.47,9.47,,
72.217,9.46,9.47,9.47,,
72.232,9.45,9.47,9.47,,
72.246,9.43,9.47,9.46,,
72.26,9.45,9.46,9.46,,
72.275,9.47,9.46,9.46,,
72.289,9.52,9.46,9.47,,
72.303,9.52,9.47,9.48,,
72.318,9.51,9.48,9.49,,
72.332,9.51,9.49,9.49,,
72.347,9.44,9.49,9.48,,
72.361,9.4,9.48,9.47,,
72.375,9.48,9.47,9.47,,
72.389,9.46,9.48,9.47,,
72.404,9.38,9.48,9.46,,
72.418,9.42,9.47,9.46,,
72.432,9.46,9.46,9.46,,
72.446,9.45,9.46,9.45,,
72.461,9.5,9.45,9.46,,
72.475,9.51,9.46,9.47,,
72.49,9.45,9.48,9.47,,
72.505,9.46,9.47,9.47,,
72.52,9.56,9.47,9.49,,
72.534,9.54,9.49,9.5,,
72.55,9.46,9.51,9.5,,
72.564,9.47,9.5,9.49,,
72.579,9.45,9.5,9.49,,
72.593,9.44,9.49,9.48,,
72.608,9.48,9.48,9.48,,
72.625,9.45,9.48,9.47,,
72.64,9.52,9.47,9.48,,
72.655,9.48,9.49,9.49,,
72.669,9.41,9.49,9.47,,
72.684,9.4,9.48,9.46,,
72.698,9.44,9.47,9.46,,
72.713,9.46,9.46,9.46,,
72.728,9.5,9.46,9.47,,
72.742,9.46,9.48,9.47,,
72.757,9.43,9.47,9.47,,
72.772,9.43,9.47,9.46,,
72.786,9.49,9.46,9.47,,
72.801,9.52,9.47,9.48,,
72.815,9.46,9.48,9.47,,
72.83,9.41,9.48,9.46,,
72.844,9.39,9.47,9.45,,
72.86,9.41,9.45,9.45,,
72.874,9.52,9.45,9.46,,
72.889,9.56,9.46,9.48,,
72.903,9.42,9.48,9.47,,
72.918,9.39,9.47,9.46,,
72.932,9.46,9.46,9.46,,
72.947,9.46,9.46,9.46,,
72.961,9.4,9.46,9.45,,
72.976,9.39,9.45,9.44,,
72.991,9.51,9.44,9.45,,
73.006,9.44,9.45,9.45,,
73.02,9.36,9.45,9.43,,
73.035,9.45,9.43,9.44,,
73.049,9.47,9.44,9.45,,
73.064,9.45,9.45,9.45,,
73.078,9.4,9.45,9.44,,
73.093,9.41,9.44,9.44,,
73.108,9.44,9.44,9.44,,
73.122,9.44,9.44,9.44,,
73.137,9.45,9.44,9.44,,
73.152,9.45,9.44,9.44,,
73.166,9.42,9.44,9.44,,
73.181,9.48,9.44,9.44,,
73.196,9.46,9.45,9.45,,
73.21,9.42,9.45,9.44,,
73.224,9.43,9.45,9.44,,
73.239,9.47,9.44,9.45,,
73.253,9.46,9.45,9.45,,
73.267,9.45,9.45,9.45,,
73.282,9.41,9.46,9.45,,
73.296,9.42,9.45,9.44,,
73.313,9.47,9.44,9.45,,
73.327,9.48,9.45,9.46,,
73.341,9.49,9.46,9.46,,
73.355,9.48,9.46,9.47,,
73.371,9.48,9.47,9.47,,
73.385,9.45,9.47,9.47,,
73.399,9.45,9.47,9.47,,
73.413,9.48,9.47,9.47,,
73.427,9.52,9.47,9.48,,
73.442,9.48,9.48,9.48,,
73.456,9.45,9.48,9.48,,
73.47,9.45,9.48,9.47,,
73.485,9.42,9.48,9.46,,
73.499,9.45,9.47,9.46,,
73.514,9.49,9.47,9.47,,
73.529,9.52,9.47,9.48,,
73.543,9.41,9.48,9.47,,
73.558,9.4,9.47,9.46,,
73.573,9.46,9.46,9.46,,
73.587,9.5,9.46,9.47,,
73.602,9.49,9.47,9.47,,
73.617,9.43,9.48,9.47,,
73.632,9.43,9.47,9.46,,
73.646,9.47,9.46,9.46,,
73.66,9.48,9.46,9.47,,
73.675,9.45,9.47,9.46,,
73.69,9.46,9.46,9.46,,
73.704,9.48,9.47,9.47,,
73.719,9.49,9.47,9.47,,
73.733,9.44,9.48,9.47,,
73.748,9.46,9.47,9.47,,
73.763,9.5,9.46,9.47,,
73.777,9.46,9.47,9.47,,
73.792,9.4,9.48,9.46,,
73.807,9.38,9.46,9.45,,
73.821,9.35,9.45,9.43,,
73.836,9.42,9.43,9.43,,
73.85,9.48,9.43,9.44,,
73.865,9.53,9.44,9.46,,
73.879,9.51,9.46,9.47,,
73.895,9.45,9.47,9.47,,
73.911,9.42,9.47,9.46,,
73.925,9.41,9.46,9.45,,
73.94,9.44,9.45,9.45,,
73.954,9.43,9.45,9.45,,
73.969,9.44,9.45,9.45,,
73.984,9.47,9.45,9.45,,
73.999,9.38,9.46,9.44,,
74.013,9.44,9.44,9.44,,
74.028,9.49,9.44,9.45,,
74.042,9.4,9.46,9.44,,
74.056,9.36,9.45,9.43,,
74.071,9.43,9.43,9.43,,
74.086,9.44,9.43,9.43,,
74.1,9.44,9.44,9.44,,
74.115,9.43,9.44,9.44,,
74.129,9.48,9.44,9.45,,
74.147,9.48,9.45,9.45,,
74.158,9.43,9.45,9.45,,
74.173,9.41,9.45,9.44,,
74.188,9.5,9.44,9.45,,
74.203,9.52,9.46,9.47,,
74.217,9.47,9.47,9.47,,
74.232,9.45,9.48,9.47,,
74.246,9.41,9.47,9.46,,
74.261,9.38,9.46,9.44,,
74.275,9.4,9.44,9.43,,
74.289,9.44,9.43,9.43,,
74.303,9.44,9.44,9.44,,
74.318,9.39,9.44,9.43,,
74.332,9.38,9.43,9.42,,
74.347,9.36,9.42,9.41,,
74.361,9.4,9.41,9.41,,
74.375,9.45,9.41,9.42,,
74.389,9.48,9.42,9.43,,
74.403,9.44,9.44,9.44,,
74.418,9.4,9.44,9.43,,
74.432,9.42,9.43,9.43,,
74.446,9.46,9.43,9.44,,
74.46,9.43,9.44,9.44,,
74.475,9.45,9.44,9.44,,
74.489,9.4,9.44,9.43,,
74.503,9.35,9.43,9.42,,
74.518,9.39,9.42,9.41,,
74.533,9.41,9.41,9.41,,
74.547,9.42,9.41,9.42,,
74.562,9.45,9.42,9.43,,
74.577,9.47,9.43,9.44,,
74.592,9.43,9.44,9.44,,
74.606,9.49,9.44,9.45,,
74.623,9.45,9.45,9.45,,
74.638,9.39,9.45,9.44,,
74.653,9.42,9.44,9.44,,
74.667,9.45,9.44,9.44,,
74.682,9.41,9.45,9.44,,
74.696,9.39,9.44,9.43,,
74.711,9.38,9.43,9.42,,
74.726,9.43,9.43,9.43,,
74.74,9.41,9.43,9.43,,
74.755,9.42,9.42,9.42,,
74.772,9.46,9.42,9.43,,
74.787,9.45,9.43,9.43,,
74.802,9.42,9.43,9.43,,
74.817,9.4,9.44,9.43,,
74.831,9.41,9.44,9.43,,
74.846,9.46,9.43,9.43,,
74.86,9.5,9.43,9.44,,
74.875,9.46,9.44,9.45,,
74.89,9.46,9.45,9.45,,
74.905,9.42,9.45,9.45,,
74.919,9.42,9.45,9.44,,
74.937,9.45,9.45,9.45,,
74.952,9.44,9.45,9.45,,
74.967,9.39,9.45,9.44,,
74.982,9.35,9.44,9.42,,
74.997,9.38,9.42,9.41,,
75.011,9.4,9.41,9.41,,
75.026,9.4,9.42,9.41,,
75.04,9.43,9.42,9.42,,
75.055,9.41,9.42,9.42,,
75.069,9.44,9.42,9.42,,
75.084,9.41,9.43,9.42,,
75.098,9.33,9.43,9.41,,
75.113,9.38,9.41,9.41,,
75.127,9.41,9.41,9.41,,
75.142,9.39,9.41,9.4,,
75.157,9.45,9.4,9.41,,
75.171,9.48,9.41,9.43,,
75.186,9.46,9.43,9.44,,
75.2,9.46,9.44,9.45,,
75.215,9.4,9.45,9.44,,
75.23,9.39,9.44,9.43,,
75.244,9.47,9.43,9.44,,
75.258,9.45,9.44,9.44,,
75.273,9.44,9.44,9.44,,
75.287,9.37,9.45,9.43,,
75.301,9.35,9.44,9.42,,
75.316,9.39,9.42,9.42,,
75.33,9.42,9.42,9.42,,
75.344,9.5,9.42,9.44,,
75.359,9.46,9.44,9.44,,
75.373,9.44,9.44,9.44,,
75.387,9.39,9.44,9.43,,
75.401,9.39,9.44,9.43,,
75.416,9.41,9.43,9.42,,
75.43,9.37,9.42,9.41,,
75.444,9.38,9.41,9.41,,
75.459,9.39,9.41,9.4,,
75.473,9.47,9.41,9.42,,
75.487,9.41,9.42,9.42,,
75.502,9.32,9.43,9.41,,
75.516,9.41,9.41,9.41,,
75.531,9.46,9.41,9.42,,
75.545,9.48,9.42,9.43,,
75.56,9.49,9.44,9.45,,
75.575,9.39,9.45,9.44,,
75.589,9.32,9.45,9.42,,
75.604,9.35,9.42,9.41,,
75.618,9.42,9.4,9.41,,
75.633,9.43,9.4,9.41,,
75.648,9.44,9.41,9.41,,
75.662,9.35,9.41,9.4,,
75.677,9.35,9.4,9.39,,
75.691,9.38,9.4,9.39,,
75.706,9.36,9.39,9.39,,
75.72,9.35,9.39,9.38,,
75.735,9.43,9.38,9.39,,
75.749,9.48,9.39,9.41,,
75.763,9.43,9.41,9.41,,
75.778,9.4,9.41,9.41,,
75.793,9.42,9.41,9.41,,
75.807,9.44,9.41,9.42,,
75.822,9.44,9.42,9.42,,
75.836,9.46,9.43,9.43,,
75.85,9.43,9.44,9.44,,
75.865,9.42,9.44,9.44,,
75.88,9.42,9.44,9.44,,
75.894,9.46,9.44,9.44,,
75.909,9.43,9.45,9.45,,
75.924,9.38,9.45,9.44,,
75.938,9.45,9.44,9.44,,
75.953,9.48,9.45,9.45,,
75.967,9.39,9.46,9.45,,
75.982,9.36,9.45,9.43,,
75.996,9.32,9.44,9.42,,
76.011,9.28,9.42,9.39,,
76.026,9.28,9.39,9.37,,
76.04,9.4,9.37,9.37,,
76.055,9.37,9.37,9.37,,
76.069,9.43,9.36,9.38,,
76.083,9.43,9.37,9.39,,
76.098,9.46,9.39,9.4,,
76.112,9.45,9.4,9.41,,
76.127,9.41,9.42,9.41,,
76.142,9.39,9.42,9.41,,
76.157,9.34,9.42,9.4,,
76.171,9.37,9.4,9.4,,
76.186,9.43,9.4,9.4,,
76.201,9.42,9.41,9.41,,
76.215,9.37,9.41,9.41,,
76.23,9.35,9.41,9.4,,
76.245,9.32,9.4,9.39,,
76.259,9.35,9.39,9.38,,
76.273,9.35,9.38,9.38,,
76.287,9.31,9.38,9.36,,
76.301,9.35,9.36,9.36,,
76.316,9.37,9.36,9.36,,
76.33,9.39,9.36,9.37,,
76.344,9.4,9.37,9.37,,
76.358,9.37,9.38,9.38,,
76.376,9.39,9.38,9.38,,
76.39,9.38,9.38,9.38,,
76.405,9.42,9.38,9.38,,
76.419,9.49,9.39,9.41,,
76.434,9.38,9.41,9.4,,
76.448,9.29,9.41,9.39,,
76.462,9.34,9.39,9.38,,
76.477,9.39,9.38,9.38,,
76.491,9.35,9.38,9.38,,
76.505,9.38,9.38,9.38,,
76.519,9.38,9.38,9.38,,
76.534,9.31,9.38,9.37,,
76.548,9.32,9.37,9.36,,
76.563,9.33,9.36,9.35,,
76.578,9.34,9.35,9.35,,
76.592,9.36,9.35,9.35,,
76.607,9.41,9.36,9.37,,
76.621,9.46,9.37,9.39,,
76.636,9.48,9.39,9.41,,
76.65,9.29,9.42,9.39,,
76.665,9.24,9.4,9.37,,
76.68,9.36,9.37,9.37,,
76.694,9.37,9.36,9.36,,
76.709,9.33,9.36,9.36,,
76.724,9.33,9.36,9.35,,
76.738,9.36,9.35,9.36,,
76.753,9.32,9.36,9.35,,
76.767,9.31,9.36,9.35,,
76.782,9.37,9.35,9.35,,
76.797,9.35,9.35,9.35,,
76.811,9.28,9.36,9.34,,
76.826,9.35,9.34,9.34,,
76.841,9.45,9.34,9.36,,
76.855,9.4,9.37,9.37,,
76.87,9.33,9.38,9.37,,
76.885,9.33,9.37,9.36,,
76.9,9.41,9.36,9.37,,
76.915,9.39,9.37,9.38,,
76.93,9.38,9.38,9.38,,
76.945,9.38,9.38,9.38,,
76.959,9.42,9.38,9.38,,
76.974,9.44,9.38,9.4,,
76.989,9.38,9.4,9.4,,
77.003,9.36,9.4,9.39,,
77.018,9.3,9.4,9.38,,
77.033,9.32,9.38,9.37,,
77.048,9.63,9.37,9.42,,
77.062,9.86,9.44,9.53,,
77.077,8.83,9.56,9.41,,
77.092,8.89,9.45,9.34,,
77.107,8.98,9.36,9.28,,
77.122,9.54,9.28,9.33,,
77.137,9.24,9.33,9.31,,
77.151,9.24,9.31,9.3,,
77.165,9.54,9.3,9.35,,
77.179,9.28,9.36,9.34,,
77.194,9.24,9.36,9.33,,
77.209,8.78,9.35,9.24,,
77.223,9.21,9.25,9.24,,
77.238,9.17,9.24,9.23,,
77.252,9.26,9.23,9.23,,
77.267,9.2,9.23,9.23,,
77.281,9.17,9.23,9.22,,
77.295,9.28,9.22,9.23,,
77.309,9.21,9.23,9.23,,
77.324,9.22,9.23,9.23,,
77.338,9.21,9.23,9.23,,
77.353,9.19,9.23,9.22,,
77.367,9.21,9.22,9.22,,
77.384,9.2,9.22,9.22,,
77.401,9.24,9.22,9.22,,
77.415,9.23,9.23,9.23,,
77.43,9.25,9.23,9.23,,
77.444,9.25,9.23,9.24,,
77.458,9.23,9.24,9.24,,
77.473,9.22,9.24,9.24,,
77.487,9.23,9.24,9.23,,
77.501,9.23,9.24,9.24,,
77.515,9.2,9.24,9.23,,
77.53,9.18,9.23,9.22,,
77.544,9.2,9.22,9.22,,
77.558,9.24,9.22,9.22,,
77.573,9.18,9.23,9.22,,
77.587,9.18,9.22,9.21,,
77.602,9.16,9.21,9.2,,
77.617,9.19,9.2,9.2,,
77.632,9.23,9.2,9.21,,
77.647,9.19,9.21,9.2,,
77.661,9.22,9.21,9.21,,
77.676,9.23,9.21,9.21,,
77.69,9.18,9.22,9.21,,
77.705,9.18,9.21,9.2,,
77.719,9.27,9.21,9.22,,
77.733,9.27,9.22,9.23,,
77.748,9.22,9.23,9.23,,
77.762,9.27,9.23,9.24,,
77.777,9.13,9.24,9.22,,
77.791,9.14,9.22,9.2,,
77.805,9.17,9.2,9.2,,
77.82,9.27,9.2,9.21,,
77.834,9.2,9.22,9.21,,
77.849,9.16,9.22,9.2,,
77.863,9.24,9.21,9.21,,
77.878,9.3,9.22,9.23,,
77.892,9.23,9.23,9.23,,
77.906,9.17,9.24,9.22,,
77.921,9.24,9.22,9.23,,
77.935,9.23,9.23,9.23,,
77.949,9.14,9.23,9.21,,
77.964,9.18,9.21,9.21,,
77.978,9.23,9.21,9.21,,
77.993,9.18,9.21,9.21,,
78.007,9.12,9.21,9.19,,
78.023,9.11,9.19,9.18,,
78.037,9.19,9.18,9.18,,
78.051,9.19,9.18,9.18,,
78.066,9.25,9.19,9.2,,
78.081,9.27,9.2,9.22,,
78.096,9.16,9.22,9.21,,
78.111,9.17,9.21,9.2,,
78.126,9.23,9.2,9.2,,
78.14,9.23,9.21,9.21,,
78.155,9.21,9.21,9.21,,
78.169,9.25,9.21,9.22,,
78.184,9.24,9.22,9.23,,
78.198,9.24,9.23,9.23,,
78.213,9.16,9.23,9.22,,
78.227,9.16,9.22,9.21,,
78.242,9.26,9.21,9.22,,
78.257,9.23,9.22,9.22,,
78.272,9.17,9.22,9.21,,
78.286,9.23,9.21,9.22,,
78.3,9.23,9.22,9.22,,
78.314,9.17,9.22,9.21,,
78.328,9.19,9.21,9.21,,
78.343,9.24,9.21,9.21,,
78.358,9.21,9.22,9.21,,
78.372,9.19,9.22,9.21,,
78.386,9.22,9.21,9.21,,
78.4,9.23,9.22,9.22,,
78.414,9.21,9.22,9.22,,
78.429,9.21,9.22,9.22,,
78.443,9.26,9.22,9.22,,
78.457,9.23,9.23,9.23,,
78.471,9.2,9.23,9.22,,
78.485,9.2,9.22,9.22,,
78.5,9.24,9.22,9.22,,
78.514,9.24,9.22,9.23,,
78.529,9.13,9.23,9.21,,
78.543,9.13,9.21,9.2,,
78.558,9.21,9.2,9.2,,
78.573,9.25,9.2,9.21,,
78.588,9.28,9.21,9.23,,
78.602,9.21,9.23,9.22,,
78.617,9.19,9.22,9.22,,
78.631,9.2,9.22,9.21,,
78.646,9.24,9.22,9.22,,
78.66,9.2,9.22,9.22,,
78.675,9.21,9.22,9.21,,
78.689,9.18,9.22,9.21,,
78.704,9.15,9.21,9.2,,
78.718,9.13,9.2,9.19,,
78.733,9.15,9.19,9.18,,
78.747,9.21,9.18,9.19,,
78.762,9.18,9.19,9.19,,
78.777,9.16,9.19,9.18,,
78.792,9.19,9.19,9.19,,
78.807,9.22,9.19,9.19,,
78.822,9.28,9.19,9.21,,
78.836,9.22,9.21,9.21,,
78.85,9.17,9.22,9.21,,
78.865,9.14,9.21,9.19,,
78.88,9.19,9.2,9.19,,
78.895,9.21,9.2,9.2,,
78.909,9.18,9.2,9.2,,
78.924,9.19,9.2,9.2,,
78.939,9.22,9.2,9.2,,
78.954,9.24,9.2,9.21,,
78.969,9.25,9.21,9.22,,
78.984,9.17,9.22,9.21,,
78.998,9.18,9.21,9.21,,
79.013,9.23,9.21,9.21,,
79.028,9.25,9.21,9.22,,
79.043,9.26,9.22,9.23,,
79.057,9.21,9.23,9.23,,
79.072,9.18,9.23,9.22,,
79.086,9.19,9.22,9.21,,
79.101,9.18,9.22,9.21,,
79.115,9.21,9.21,9.21,,
79.13,9.21,9.21,9.21,,
79.144,9.18,9.21,9.21,,
79.159,9.2,9.21,9.21,,
79.174,9.18,9.21,9.2,,
79.189,9.22,9.2,9.21,,
79.203,9.27,9.21,9.22,,
79.218,9.22,9.22,9.22,,
79.232,9.18,9.22,9.22,,
79.246,9.2,9.22,9.21,,
79.261,9.11,9.21,9.19,,
79.275,9.17,9.2,9.19,,
79.29,9.17,9.19,9.19,,
79.305,9.16,9.19,9.18,,
79.319,9.19,9.19,9.19,,
79.333,9.19,9.19,9.19,,
79.348,9.15,9.19,9.18,,
79.362,9.27,9.18,9.2,,
79.376,9.28,9.2,9.22,,
79.391,9.23,9.22,9.22,,
79.405,9.24,9.22,9.23,,
79.419,9.2,9.23,9.22,,
79.436,9.17,9.22,9.21,,
79.45,9.18,9.21,9.21,,
79.464,9.2,9.21,9.21,,
79.478,9.25,9.21,9.22,,
79.492,9.3,9.22,9.23,,
79.507,9.27,9.24,9.24,,
79.521,9.12,9.25,9.22,,
79.535,9.11,9.22,9.2,,
79.549,9.23,9.2,9.21,,
79.565,9.31,9.21,9.23,,
79.58,9.28,9.23,9.24,,
79.594,9.23,9.24,9.24,,
79.609,9.15,9.24,9.23,,
79.624,9.12,9.23,9.21,,
79.64,9.23,9.21,9.21,,
79.655,9.25,9.21,9.22,,
79.67,9.22,9.22,9.22,,
79.684,9.19,9.22,9.22,,
79.698,9.14,9.22,9.2,,
79.713,9.16,9.21,9.2,,
79.727,9.23,9.2,9.2,,
79.742,9.29,9.2,9.22,,
79.757,9.29,9.22,9.23,,
79.772,9.25,9.24,9.24,,
79.787,9.18,9.24,9.23,,
79.802,9.22,9.23,9.23,,
79.817,9.26,9.23,9.23,,
79.832,9.25,9.23,9.24,,
79.846,9.21,9.24,9.23,,
79.863,9.22,9.23,9.23,,
79.878,9.21,9.23,9.23,,
79.892,9.18,9.23,9.22,,
79.907,9.16,9.22,9.21,,
79.921,9.2,9.21,9.21,,
79.936,9.3,9.21,9.23,,
79.95,9.23,9.23,9.23,,
79.965,9.07,9.23,9.2,,
79.98,9.11,9.2,9.18,,
79.995,9.2,9.18,9.19,,
80.01,9.18,9.19,9.19,,
80.024,9.16,9.19,9.18,,
80.038,9.15,9.18,9.18,,
80.053,9.24,9.18,9.19,,
80.068,9.24,9.19,9.2,,
80.083,9.22,9.2,9.21,,
80.098,9.25,9.21,9.22,,
80.112,9.26,9.22,9.23,,
80.127,9.24,9.23,9.23,,
80.141,9.18,9.23,9.22,,
80.156,9.21,9.22,9.22,,
80.171,9.22,9.22,9.22,,
80.185,9.22,9.22,9.22,,
80.2,9.25,9.22,9.23,,
80.215,9.22,9.23,9.23,,
80.23,9.14,9.23,9.21,,
80.245,9.22,9.21,9.21,,
80.259,9.28,9.22,9.23,,
80.273,9.26,9.23,9.24,,
80.288,9.22,9.24,9.23,,
80.302,9.16,9.24,9.22,,
80.316,9.15,9.22,9.21,,
80.331,9.19,9.21,9.2,,
80.345,9.22,9.2,9.21,,
80.36,9.24,9.21,9.21,,
80.374,9.22,9.22,9.22,,
80.388,9.19,9.22,9.21,,
80.403,9.16,9.21,9.2,,
80.417,9.19,9.2,9.2,,
80.431,9.2,9.2,9.2,,
80.445,9.23,9.2,9.21,,
80.46,9.25,9.21,9.22,,
80.474,9.24,9.22,9.22,,
80.489,9.2,9.22,9.22,,
80.503,9.18,9.22,9.21,,
80.517,9.18,9.22,9.21,,
80.531,9.19,9.21,9.21,,
80.546,9.21,9.21,9.21,,
80.561,9.18,9.21,9.2,,
80.575,9.13,9.21,9.19,,
80.59,9.17,9.19,9.19,,
80.604,9.18,9.19,9.19,,
80.619,9.19,9.19,9.19,,
80.634,9.2,9.19,9.19,,
80.649,9.27,9.19,9.21,,
80.663,9.25,9.21,9.22,,
80.677,9.17,9.22,9.21,,
80.692,9.17,9.21,9.2,,
80.707,9.27,9.21,9.22,,
80.722,9.23,9.22,9.22,,
80.736,9.12,9.22,9.2,,
80.751,9.16,9.2,9.2,,
80.766,9.19,9.2,9.2,,
80.78,9.19,9.2,9.2,,
80.795,9.25,9.2,9.21,,
80.81,9.22,9.21,9.21,,
80.825,9.21,9.22,9.21,,
80.839,9.23,9.22,9.22,,
80.853,9.23,9.22,9.22,,
80.869,9.23,9.23,9.23,,
80.883,9.27,9.23,9.24,,
80.898,9.27,9.24,9.24,,
80.912,9.21,9.24,9.24,,
80.927,9.23,9.24,9.24,,
80.942,9.24,9.24,9.24,,
80.956,9.2,9.24,9.23,,
80.97,9.16,9.23,9.22,,
80.985,9.16,9.22,9.21,,
81,9.22,9.21,9.21,,
81.014,9.2,9.21,9.21,,
81.029,9.18,9.21,9.2,,
81.044,9.2,9.2,9.2,,
81.059,9.22,9.21,9.21,,
81.074,9.2,9.21,9.21,,
81.089,9.18,9.21,9.2,,
81.104,9.19,9.21,9.2,,
81.118,9.23,9.2,9.21,,
81.133,9.21,9.21,9.21,,
81.148,9.19,9.21,9.21,,
81.162,9.18,9.21,9.2,,
81.177,9.23,9.2,9.21,,
81.191,9.19,9.21,9.21,,
81.206,9.19,9.21,9.2,,
81.221,9.18,9.2,9.2,,
81.236,9.18,9.2,9.2,,
81.25,9.18,9.2,9.19,,
81.265,9.2,9.2,9.2,,
81.279,9.24,9.2,9.21,,
81.294,9.19,9.21,9.2,,
81.308,9.21,9.2,9.21,,
81.322,9.22,9.21,9.21,,
81.337,9.18,9.21,9.21,,
81.351,9.21,9.21,9.21,,
81.366,9.2,9.21,9.21,,
81.38,9.26,9.21,9.22,,
81.394,9.27,9.22,9.23,,
81.409,9.23,9.23,9.23,,
81.423,9.24,9.23,9.23,,
81.437,9.25,9.23,9.24,,
81.451,9.25,9.24,9.24,,
81.466,9.25,9.24,9.24,,
81.48,9.22,9.25,9.24,,
81.494,9.23,9.24,9.24,,
81.509,9.19,9.24,9.23,,
81.523,9.17,9.23,9.22,,
81.538,9.17,9.22,9.21,,
81.552,9.18,9.21,9.2,,
81.566,9.2,9.21,9.21,,
81.581,9.22,9.21,9.21,,
81.596,9.19,9.21,9.21,,
81.61,9.21,9.21,9.21,,
81.625,9.21,9.21,9.21,,
81.639,9.21,9.21,9.21,,
81.654,9.23,9.21,9.22,,
81.669,9.19,9.22,9.21,,
81.683,9.15,9.21,9.2,,
81.697,9.2,9.2,9.2,,
81.712,9.24,9.2,9.21,,
81.728,9.23,9.21,9.21,,
81.742,9.18,9.22,9.21,,
81.757,9.17,9.21,9.2,,
81.771,9.19,9.2,9.2,,
81.786,9.24,9.2,9.21,,
81.803,9.23,9.21,9.22,,
81.818,9.2,9.22,9.21,,
81.833,9.23,9.22,9.22,,
81.847,9.24,9.22,9.23,,
81.861,9.21,9.23,9.22,,
81.876,9.14,9.23,9.21,,
81.891,9.19,9.21,9.21,,
81.906,9.2,9.21,9.2,,
81.921,9.19,9.21,9.2,,
81.936,9.21,9.2,9.2,,
81.951,9.18,9.21,9.2,,
81.965,9.19,9.2,9.2,,
81.98,9.18,9.2,9.2,,
81.995,9.2,9.2,9.2,,
82.01,9.17,9.2,9.2,,
82.024,9.15,9.2,9.19,,
82.039,9.24,9.19,9.2,,
82.054,9.24,9.2,9.21,,
82.068,9.23,9.21,9.21,,
82.083,9.21,9.21,9.21,,
82.098,9.2,9.21,9.21,,
82.112,9.2,9.21,9.21,,
82.127,9.21,9.21,9.21,,
82.142,9.18,9.21,9.21,,
82.156,9.18,9.21,9.2,,
82.171,9.15,9.2,9.19,,
82.185,9.19,9.19,9.19,,
82.2,9.17,9.19,9.19,,
82.216,9.18,9.19,9.19,,
82.231,9.21,9.19,9.2,,
82.245,9.21,9.2,9.2,,
82.26,9.19,9.2,9.2,,
82.275,9.17,9.2,9.2,,
82.29,9.17,9.2,9.19,,
82.304,9.18,9.19,9.19,,
82.318,9.2,9.19,9.19,,
82.332,9.18,9.19,9.19,,
82.347,9.14,9.19,9.18,,
82.361,9.2,9.18,9.19,,
82.375,9.21,9.19,9.19,,
82.39,9.18,9.19,9.19,,
82.404,9.19,9.19,9.19,,
82.418,9.2,9.19,9.2,,
82.432,9.18,9.2,9.19,,
82.447,9.19,9.2,9.19,,
82.461,9.2,9.2,9.2,,
82.475,9.21,9.2,9.2,,
82.49,9.23,9.2,9.21,,
82.504,9.25,9.21,9.22,,
82.518,9.25,9.22,9.22,,
82.533,9.23,9.22,9.23,,
82.547,9.2,9.23,9.22,,
82.561,9.21,9.22,9.22,,
82.576,9.22,9.22,9.22,,
82.59,9.21,9.22,9.22,,
82.604,9.2,9.22,9.22,,
82.619,9.23,9.22,9.22,,
82.633,9.19,9.22,9.22,,
82.648,9.18,9.22,9.21,,
82.662,9.19,9.21,9.21,,
82.677,9.23,9.21,9.21,,
82.691,9.2,9.21,9.21,,
82.706,9.22,9.21,9.22,,
82.72,9.25,9.22,9.22,,
82.735,9.25,9.22,9.23,,
82.75,9.2,9.23,9.22,,
82.764,9.2,9.22,9.22,,
82.779,9.25,9.22,9.23,,
82.793,9.21,9.23,9.22,,
82.808,9.17,9.22,9.21,,
82.822,9.22,9.21,9.22,,
82.837,9.22,9.22,9.22,,
82.852,9.22,9.22,9.22,,
82.866,9.22,9.22,9.22,,
82.881,9.21,9.22,9.22,,
82.895,9.2,9.22,9.22,,
82.91,9.15,9.22,9.21,,
82.925,9.16,9.21,9.2,,
82.94,9.23,9.2,9.21,,
82.955,9.24,9.21,9.21,,
82.969,9.21,9.22,9.21,,
82.984,9.2,9.21,9.21,,
82.998,9.16,9.21,9.2,,
83.013,9.15,9.2,9.19,,
83.028,9.19,9.2,9.19,,
83.042,9.23,9.2,9.2,,
83.057,9.23,9.2,9.21,,
83.072,9.17,9.21,9.2,,
83.087,9.13,9.21,9.19,,
83.101,9.26,9.19,9.21,,
83.116,9.26,9.21,9.22,,
83.13,9.23,9.22,9.22,,
83.144,9.23,9.22,9.22,,
83.159,9.17,9.23,9.21,,
83.173,9.21,9.22,9.21,,
83.188,9.19,9.22,9.21,,
83.203,9.21,9.21,9.21,,
83.217,9.23,9.21,9.21,,
83.232,9.22,9.22,9.22,,
83.246,9.15,9.22,9.2,,
83.261,9.2,9.2,9.2,,
83.275,9.22,9.2,9.21,,
83.29,9.2,9.21,9.21,,
83.305,9.2,9.21,9.21,,
83.319,9.19,9.21,9.21,,
83.333,9.19,9.21,9.21,,
83.347,9.24,9.21,9.21,,
83.362,9.27,9.22,9.23,,
83.376,9.19,9.23,9.22,,
83.39,9.16,9.22,9.21,,
83.404,9.17,9.21,9.2,,
83.419,9.17,9.2,9.2,,
83.433,9.18,9.2,9.19,,
83.447,9.18,9.2,9.19,,
83.461,9.22,9.19,9.2,,
83.476,9.2,9.2,9.2,,
83.49,9.24,9.2,9.21,,
83.504,9.21,9.21,9.21,,
83.518,9.18,9.21,9.21,,
83.533,9.19,9.21,9.21,,
83.547,9.2,9.21,9.21,,
83.561,9.19,9.21,9.2,,
83.576,9.21,9.21,9.21,,
83.59,9.2,9.21,9.21,,
83.604,9.19,9.21,9.21,,
83.619,9.18,9.21,9.2,,
83.633,9.19,9.2,9.2,,
83.648,9.21,9.2,9.2,,
83.662,9.23,9.2,9.21,,
83.676,9.22,9.21,9.21,,
83.691,9.24,9.21,9.22,,
83.706,9.24,9.22,9.22,,
83.72,9.19,9.22,9.22,,
83.735,9.16,9.22,9.21,,
83.749,9.19,9.21,9.21,,
83.764,9.26,9.21,9.22,,
83.778,9.22,9.22,9.22,,
83.793,9.17,9.22,9.21,,
83.808,9.17,9.21,9.2,,
83.822,9.19,9.2,9.2,,
83.837,9.19,9.2,9.2,,
83.852,9.18,9.2,9.2,,
83.866,9.2,9.2,9.2,,
83.88,9.22,9.2,9.21,,
83.895,9.23,9.21,9.21,,
83.91,9.22,9.21,9.21,,
83.925,9.19,9.22,9.21,,
83.939,9.22,9.21,9.21,,
83.954,9.2,9.22,9.21,,
83.969,9.21,9.21,9.21,,
83.983,9.19,9.21,9.21,,
83.998,9.2,9.21,9.21,,
84.013,9.24,9.21,9.21,,
84.027,9.24,9.22,9.22,,
84.042,9.2,9.22,9.22,,
84.057,9.2,9.22,9.22,,
84.072,9.23,9.22,9.22,,
84.086,9.2,9.22,9.22,,
84.101,9.19,9.22,9.21,,
84.115,9.16,9.21,9.2,,
84.13,9.18,9.2,9.2,,
84.145,9.24,9.2,9.21,,
84.159,9.19,9.21,9.21,,
84.174,9.15,9.21,9.2,,
84.189,9.19,9.2,9.19,,
84.203,9.26,9.19,9.21,,
84.219,9.27,9.21,9.22,,
84.233,9.28,9.22,9.23,,
84.248,9.2,9.23,9.23,,
84.262,9.21,9.23,9.23,,
84.276,9.22,9.23,9.22,,
84.291,9.18,9.23,9.22,,
84.305,9.2,9.22,9.21,,
84.319,9.23,9.21,9.22,,
84.334,9.19,9.22,9.21,,
84.348,9.18,9.22,9.21,,
84.362,9.18,9.21,9.21,,
84.377,9.18,9.21,9.2,,
84.391,9.21,9.2,9.2,,
84.405,9.18,9.21,9.2,,
84.42,9.17,9.2,9.2,,
84.434,9.2,9.2,9.2,,
84.448,9.17,9.2,9.19,,
84.462,9.19,9.19,9.19,,
84.476,9.2,9.2,9.2,,
84.491,9.21,9.2,9.2,,
84.505,9.22,9.2,9.2,,
84.519,9.22,9.21,9.21,,
84.533,9.19,9.21,9.21,,
84.548,9.18,9.21,9.2,,
84.562,9.24,9.2,9.21,,
84.577,9.23,9.21,9.22,,
84.592,9.25,9.22,9.22,,
84.606,9.23,9.23,9.23,,
84.621,9.13,9.23,9.21,,
84.635,9.16,9.21,9.2,,
84.649,9.23,9.2,9.2,,
84.664,9.26,9.21,9.22,,
84.678,9.24,9.22,9.22,,
84.693,9.19,9.22,9.22,,
84.707,9.19,9.22,9.21,,
84.722,9.21,9.21,9.21,,
84.736,9.25,9.21,9.22,,
84.751,9.25,9.22,9.23,,
84.766,9.24,9.23,9.23,,
84.78,9.27,9.23,9.24,,
84.794,9.27,9.24,9.25,,
84.81,9.2,9.25,9.24,,
84.824,9.2,9.24,9.23,,
84.839,9.22,9.24,9.23,,
84.853,9.23,9.23,9.23,,
84.868,9.17,9.24,9.22,,
84.882,9.18,9.22,9.22,,
84.897,9.15,9.22,9.2,,
84.912,9.16,9.2,9.19,,
84.927,9.18,9.19,9.19,,
84.942,9.2,9.19,9.19,,
84.956,9.23,9.2,9.2,,
84.97,9.19,9.2,9.2,,
84.985,9.17,9.2,9.2,,
85,9.2,9.2,9.2,,
85.014,9.21,9.2,9.2,,
85.029,9.18,9.2,9.2,,
85.044,9.14,9.2,9.19,,
85.058,9.19,9.19,9.19,,
85.073,9.2,9.19,9.19,,
85.087,9.19,9.2,9.19,,
85.102,9.22,9.2,9.2,,
85.116,9.24,9.2,9.21,,
85.131,9.23,9.21,9.22,,
85.145,9.23,9.22,9.22,,
85.16,9.25,9.22,9.23,,
85.174,9.16,9.23,9.21,,
85.189,9.11,9.22,9.19,,
85.203,9.14,9.2,9.18,,
85.218,9.17,9.19,9.18,,
85.232,9.18,9.18,9.18,,
85.247,9.18,9.18,9.18,,
85.262,9.14,9.18,9.18,,
85.277,9.21,9.18,9.19,,
85.291,9.24,9.19,9.2,,
85.305,9.23,9.2,9.21,,
85.319,9.22,9.21,9.21,,
85.334,9.19,9.21,9.21,,
85.348,9.18,9.21,9.2,,
85.362,9.19,9.2,9.2,,
85.377,9.23,9.2,9.21,,
85.391,9.24,9.21,9.22,,
85.405,9.18,9.22,9.21,,
85.419,9.17,9.21,9.2,,
85.434,9.21,9.2,9.2,,
85.449,9.21,9.21,9.21,,
85.463,9.24,9.21,9.21,,
85.477,9.18,9.22,9.21,,
85.492,9.19,9.21,9.21,,
85.506,9.23,9.21,9.21,,
85.52,9.21,9.21,9.21,,
85.534,9.21,9.21,9.21,,
85.549,9.2,9.21,9.21,,
85.563,9.21,9.21,9.21,,
85.577,9.18,9.21,9.21,,
85.592,9.15,9.21,9.2,,
85.606,9.18,9.2,9.2,,
85.621,9.2,9.2,9.2,,
85.635,9.21,9.2,9.2,,
85.65,9.2,9.2,9.2,,
85.664,9.25,9.21,9.21,,
85.679,9.23,9.22,9.22,,
85.693,9.19,9.22,9.21,,
85.708,9.21,9.22,9.21,,
85.723,9.2,9.22,9.21,,
85.737,9.15,9.21,9.2,,
85.751,9.17,9.2,9.2,,
85.766,9.19,9.2,9.2,,
85.781,9.19,9.2,9.2,,
85.795,9.19,9.2,9.2,,
85.81,9.21,9.2,9.2,,
85.825,9.23,9.2,9.21,,
85.84,9.25,9.21,9.22,,
85.855,9.23,9.22,9.22,,
85.87,9.23,9.22,9.22,,
85.884,9.25,9.23,9.23,,
85.899,9.23,9.23,9.23,,
85.914,9.19,9.23,9.23,,
85.929,9.22,9.23,9.23,,
85.943,9.25,9.23,9.23,,
85.958,9.22,9.23,9.23,,
85.973,9.23,9.23,9.23,,
85.988,9.21,9.23,9.23,,
86.002,9.2,9.23,9.23,,
86.017,9.22,9.23,9.23,,
86.032,9.21,9.23,9.22,,
86.046,9.18,9.22,9.22,,
86.061,9.21,9.22,9.21,,
86.075,9.26,9.21,9.22,,
86.09,9.24,9.22,9.23,,
86.105,9.15,9.23,9.21,,
86.12,9.14,9.21,9.2,,
86.135,9.18,9.2,9.2,,
86.149,9.22,9.2,9.2,,
86.164,9.22,9.2,9.21,,
86.179,9.22,9.21,9.21,,
86.194,9.19,9.21,9.21,,
86.208,9.17,9.21,9.2,,
86.223,9.22,9.2,9.21,,
86.238,9.25,9.21,9.22,,
86.253,9.28,9.22,9.23,,
86.267,9.21,9.23,9.23,,
86.282,9.18,9.23,9.22,,
86.296,9.22,9.22,9.22,,
86.311,9.21,9.22,9.22,,
86.326,9.18,9.22,9.21,,
86.34,9.21,9.22,9.22,,
86.354,9.18,9.22,9.21,,
86.368,9.19,9.21,9.21,,
86.382,9.22,9.21,9.21,,
86.397,9.22,9.21,9.21,,
86.411,9.15,9.21,9.2,,
86.425,9.17,9.2,9.2,,
86.439,9.17,9.2,9.19,,
86.454,9.13,9.19,9.18,,
86.468,9.13,9.18,9.17,,
86.482,9.24,9.18,9.19,,
86.497,9.24,9.19,9.2,,
86.511,9.19,9.2,9.2,,
86.525,9.18,9.2,9.19,,
86.54,9.17,9.19,9.19,,
86.554,9.2,9.19,9.19,,
86.568,9.21,9.2,9.2,,
86.582,9.2,9.2,9.2,,
86.597,9.21,9.2,9.2,,
86.612,9.24,9.2,9.21,,
86.626,9.2,9.21,9.21,,
86.641,9.19,9.21,9.2,,
86.656,9.2,9.21,9.21,,
86.67,9.26,9.21,9.22,,
86.685,9.27,9.22,9.23,,
86.7,9.2,9.23,9.23,,
86.714,9.18,9.23,9.22,,
86.729,9.2,9.22,9.21,,
86.744,9.21,9.21,9.21,,
86.758,9.22,9.21,9.21,,
86.773,9.23,9.22,9.22,,
86.787,9.23,9.22,9.22,,
86.801,9.22,9.23,9.22,,
86.816,9.2,9.23,9.22,,
86.831,9.21,9.22,9.22,,
86.845,9.26,9.22,9.23,,
86.86,9.25,9.23,9.23,,
86.874,9.18,9.24,9.22,,
86.889,9.21,9.22,9.22,,
86.904,9.19,9.22,9.22,,
86.918,9.17,9.22,9.21,,
86.933,9.22,9.21,9.21,,
86.948,9.26,9.21,9.22,,
86.962,9.2,9.22,9.22,,
86.977,9.14,9.22,9.2,,
86.993,9.16,9.21,9.2,,
87.007,9.28,9.2,9.21,,
87.022,9.24,9.22,9.22,,
87.036,9.14,9.22,9.2,,
87.051,9.17,9.21,9.2,,
87.065,9.22,9.2,9.21,,
87.08,9.2,9.21,9.21,,
87.094,9.19,9.21,9.2,,
87.109,9.22,9.2,9.21,,
87.124,9.24,9.21,9.21,,
87.138,9.17,9.22,9.21,,
87.153,9.18,9.21,9.2,,
87.167,9.17,9.2,9.2,,
87.182,9.25,9.2,9.21,,
87.196,9.26,9.21,9.22,,
87.211,9.24,9.22,9.22,,
87.226,9.18,9.23,9.22,,
87.241,9.14,9.22,9.2,,
87.255,9.2,9.2,9.2,,
87.27,9.22,9.2,9.21,,
87.285,9.16,9.21,9.2,,
87.3,9.15,9.2,9.19,,
87.315,9.18,9.19,9.19,,
87.33,9.24,9.19,9.2,,
87.344,9.23,9.2,9.2,,
87.358,9.25,9.21,9.21,,
87.373,9.26,9.22,9.22,,
87.387,9.24,9.23,9.23,,
87.402,9.16,9.23,9.22,,
87.416,9.2,9.22,9.21,,
87.43,9.17,9.21,9.21,,
87.444,9.16,9.21,9.2,,
87.458,9.25,9.2,9.21,,
87.473,9.24,9.21,9.22,,
87.487,9.19,9.22,9.21,,
87.501,9.18,9.21,9.21,,
87.515,9.19,9.21,9.2,,
87.529,9.22,9.2,9.21,,
87.544,9.27,9.21,9.22,,
87.558,9.22,9.22,9.22,,
87.572,9.18,9.22,9.21,,
87.586,9.21,9.21,9.21,,
87.601,9.18,9.22,9.21,,
87.615,9.16,9.21,9.2,,
87.63,9.17,9.2,9.2,,
87.645,9.2,9.2,9.2,,
87.659,9.2,9.2,9.2,,
87.674,9.15,9.2,9.19,,
87.689,9.18,9.19,9.19,,
87.703,9.21,9.19,9.19,,
87.718,9.2,9.2,9.2,,
87.732,9.21,9.2,9.2,,
87.747,9.18,9.2,9.2,,
87.762,9.15,9.2,9.19,,
87.777,9.15,9.19,9.18,,
87.792,9.19,9.18,9.18,,
87.806,9.24,9.19,9.2,,
87.821,9.21,9.2,9.2,,
87.835,9.22,9.2,9.21,,
87.85,9.24,9.21,9.21,,
87.865,9.17,9.21,9.21,,
87.88,9.16,9.21,9.2,,
87.894,9.22,9.2,9.2,,
87.911,9.19,9.21,9.2,,
87.927,9.2,9.21,9.2,,
87.941,9.23,9.21,9.21,,
87.956,9.23,9.21,9.22,,
87.971,9.24,9.22,9.22,,
87.986,9.25,9.22,9.23,,
88,9.22,9.23,9.23,,
88.015,9.2,9.23,9.22,,
88.03,9.2,9.22,9.22,,
88.044,9.22,9.22,9.22,,
88.058,9.2,9.22,9.22,,
88.073,9.2,9.22,9.21,,
88.088,9.24,9.21,9.22,,
88.103,9.22,9.22,9.22,,
88.118,9.2,9.22,9.22,,
88.133,9.18,9.22,9.21,,
88.147,9.18,9.21,9.21,,
88.161,9.25,9.21,9.22,,
88.176,9.23,9.22,9.22,,
88.191,9.18,9.22,9.21,,
88.206,9.18,9.21,9.21,,
88.22,9.2,9.21,9.21,,
88.235,9.21,9.21,9.21,,
88.25,9.2,9.21,9.21,,
88.265,9.17,9.21,9.2,,
88.279,9.17,9.2,9.2,,
88.294,9.19,9.2,9.19,,
88.308,9.22,9.2,9.2,,
88.323,9.24,9.2,9.21,,
88.338,9.26,9.21,9.22,,
88.352,9.27,9.22,9.23,,
88.367,9.25,9.23,9.24,,
88.381,9.2,9.24,9.23,,
88.395,9.19,9.23,9.22,,
88.409,9.2,9.22,9.22,,
88.424,9.22,9.22,9.22,,
88.439,9.22,9.22,9.22,,
88.454,9.24,9.22,9.23,,
88.468,9.25,9.23,9.23,,
88.482,9.2,9.23,9.23,,
88.497,9.18,9.23,9.22,,
88.511,9.22,9.22,9.22,,
88.525,9.25,9.22,9.22,,
88.539,9.24,9.23,9.23,,
88.553,9.23,9.23,9.23,,
88.568,9.19,9.23,9.22,,
88.582,9.22,9.22,9.22,,
88.596,9.23,9.23,9.23,,
88.611,9.22,9.23,9.23,,
88.625,9.22,9.23,9.23,,
88.64,9.21,9.23,9.22,,
88.655,9.15,9.22,9.21,,
88.669,9.17,9.21,9.2,,
88.684,9.22,9.21,9.21,,
88.698,9.23,9.21,9.21,,
88.713,9.24,9.21,9.22,,
88.728,9.24,9.22,9.23,,
88.742,9.21,9.23,9.22,,
88.757,9.17,9.23,9.21,,
88.772,9.19,9.22,9.21,,
88.786,9.2,9.21,9.21,,
88.8,9.21,9.21,9.21,,
88.815,9.14,9.21,9.2,,
88.83,9.13,9.2,9.19,,
88.845,9.25,9.19,9.2,,
88.859,9.26,9.2,9.21,,
88.873,9.26,9.21,9.22,,
88.888,9.23,9.22,9.22,,
88.902,9.19,9.23,9.22,,
88.917,9.21,9.22,9.22,,
88.931,9.23,9.22,9.22,,
88.946,9.19,9.22,9.22,,
88.96,9.17,9.22,9.21,,
88.975,9.23,9.21,9.21,,
88.989,9.22,9.21,9.21,,
89.004,9.25,9.22,9.22,,
89.018,9.25,9.22,9.23,,
89.033,9.25,9.23,9.23,,
89.047,9.21,9.24,9.23,,
89.062,9.18,9.23,9.22,,
89.076,9.22,9.23,9.22,,
89.091,9.2,9.23,9.22,,
89.105,9.19,9.22,9.22,,
89.12,9.21,9.22,9.22,,
89.135,9.22,9.22,9.22,,
89.149,9.22,9.22,9.22,,
89.164,9.22,9.22,9.22,,
89.179,9.21,9.22,9.22,,
89.194,9.22,9.22,9.22,,
89.208,9.24,9.22,9.23,,
89.223,9.25,9.23,9.23,,
89.238,9.25,9.23,9.24,,
89.253,9.25,9.24,9.24,,
89.267,9.19,9.24,9.23,,
89.282,9.21,9.23,9.23,,
89.297,9.25,9.23,9.23,,
89.311,9.23,9.23,9.23,,
89.326,9.22,9.24,9.23,,
89.341,9.26,9.23,9.24,,
89.356,9.23,9.24,9.24,,
89.37,9.19,9.24,9.23,,
89.384,9.21,9.23,9.23,,
89.399,9.25,9.23,9.23,,
89.413,9.21,9.23,9.23,,
89.428,9.17,9.23,9.22,,
89.442,9.24,9.22,9.23,,
89.456,9.24,9.23,9.23,,
89.47,9.21,9.23,9.23,,
89.485,9.22,9.23,9.23,,
89.499,9.26,9.23,9.23,,
89.514,9.21,9.24,9.23,,
89.529,9.18,9.23,9.22,,
89.543,9.19,9.22,9.22,,
89.557,9.19,9.22,9.21,,
89.571,9.2,9.21,9.21,,
89.585,9.21,9.21,9.21,,
89.6,9.19,9.21,9.21,,
89.614,9.18,9.21,9.2,,
89.628,9.19,9.2,9.2,,
89.643,9.15,9.2,9.19,,
89.658,9.14,9.19,9.18,,
89.673,9.16,9.18,9.18,,
89.687,9.16,9.18,9.17,,
89.702,9.13,9.18,9.17,,
89.716,9.21,9.17,9.17,,
89.731,9.22,9.18,9.18,,
89.746,9.2,9.18,9.19,,
89.761,9.19,9.19,9.19,,
89.775,9.17,9.19,9.19,,
89.79,9.17,9.19,9.19,,
89.805,9.23,9.19,9.2,,
89.819,9.21,9.2,9.2,,
89.834,9.18,9.2,9.2,,
89.848,9.15,9.2,9.19,,
89.863,9.16,9.19,9.18,,
89.878,9.18,9.18,9.18,,
89.892,9.23,9.18,9.19,,
89.908,9.26,9.2,9.21,,
89.922,9.12,9.21,9.19,,
89.937,9.13,9.19,9.18,,
89.953,9.2,9.18,9.19,,
89.967,9.21,9.19,9.19,,
89.981,9.21,9.19,9.2,,
89.996,9.2,9.2,9.2,,
90.01,9.17,9.2,9.19,,
90.025,9.17,9.2,9.19,,
90.04,9.19,9.19,9.19,,
90.055,9.22,9.19,9.2,,
90.072,9.19,9.2,9.2,,
90.086,9.2,9.2,9.2,,
90.101,9.18,9.2,9.2,,
90.115,9.18,9.2,9.19,,
90.13,9.25,9.2,9.21,,
90.145,9.28,9.21,9.22,,
90.16,9.22,9.22,9.22,,
90.175,9.18,9.22,9.22,,
90.19,9.21,9.22,9.21,,
90.204,9.24,9.22,9.22,,
90.218,9.22,9.22,9.22,,
90.233,9.2,9.22,9.22,,
90.248,9.19,9.22,9.21,,
90.263,9.18,9.22,9.21,,
90.278,9.18,9.21,9.21,,
90.292,9.19,9.21,9.2,,
90.306,9.26,9.2,9.22,,
90.321,9.27,9.22,9.23,,
90.335,9.22,9.23,9.23,,
90.35,9.22,9.23,9.23,,
90.364,9.23,9.23,9.23,,
90.378,9.2,9.23,9.22,,
90.392,9.21,9.22,9.22,,
90.407,9.19,9.22,9.22,,
90.421,9.19,9.22,9.21,,
90.435,9.19,9.21,9.21,,
90.45,9.19,9.21,9.21,,
90.464,9.21,9.21,9.21,,
90.479,9.18,9.21,9.2,,
90.493,9.14,9.21,9.19,,
90.507,9.24,9.19,9.2,,
90.521,9.25,9.2,9.21,,
90.535,9.22,9.22,9.22,,
90.549,9.21,9.22,9.22,,
90.564,9.15,9.22,9.2,,
90.578,9.16,9.21,9.2,,
90.592,9.18,9.2,9.2,,
90.607,9.22,9.2,9.2,,
90.621,9.24,9.2,9.21,,
90.635,9.24,9.21,9.22,,
90.65,9.27,9.22,9.23,,
90.665,9.21,9.23,9.23,,
90.679,9.18,9.23,9.22,,
90.696,9.2,9.22,9.22,,
90.711,9.18,9.22,9.21,,
90.725,9.2,9.21,9.21,,
90.74,9.18,9.21,9.2,,
90.754,9.17,9.21,9.2,,
90.768,9.19,9.2,9.2,,
90.783,9.18,9.2,9.2,,
90.797,9.16,9.2,9.19,,
90.812,9.17,9.19,9.19,,
90.826,9.22,9.19,9.19,,
90.841,9.22,9.19,9.2,,
90.856,9.2,9.2,9.2,,
90.871,9.2,9.2,9.2,,
90.885,9.2,9.2,9.2,,
90.9,9.23,9.2,9.21,,
90.914,9.22,9.21,9.21,,
90.929,9.21,9.21,9.21,,
90.944,9.21,9.21,9.21,,
90.958,9.19,9.21,9.21,,
90.973,9.2,9.21,9.21,,
90.988,9.19,9.21,9.21,,
91.002,9.15,9.21,9.2,,
91.017,9.16,9.2,9.19,,
91.031,9.19,9.19,9.19,,
91.046,9.19,9.19,9.19,,
91.061,9.21,9.19,9.2,,
91.076,9.21,9.2,9.2,,
91.091,9.2,9.2,9.2,,
91.105,9.2,9.2,9.2,,
91.12,9.18,9.2,9.2,,
91.135,9.19,9.2,9.2,,
91.149,9.18,9.2,9.2,,
91.164,9.18,9.2,9.19,,
91.178,9.15,9.2,9.19,,
91.193,9.19,9.19,9.19,,
91.208,9.19,9.19,9.19,,
91.222,9.15,9.19,9.18,,
91.237,9.22,9.18,9.19,,
91.252,9.25,9.19,9.2,,
91.267,9.16,9.21,9.2,,
91.281,9.16,9.2,9.19,,
91.296,9.2,9.19,9.19,,
91.311,9.18,9.2,9.19,,
91.325,9.22,9.19,9.2,,
91.34,9.2,9.2,9.2,,
91.354,9.12,9.2,9.19,,
91.369,9.16,9.19,9.18,,
91.383,9.25,9.18,9.2,,
91.398,9.21,9.2,9.2,,
91.412,9.15,9.2,9.19,,
91.427,9.14,9.19,9.18,,
91.441,9.22,9.18,9.19,,
91.455,9.24,9.19,9.2,,
91.47,9.18,9.2,9.2,,
91.484,9.11,9.2,9.18,,
91.498,9.15,9.18,9.18,,
91.513,9.25,9.18,9.19,,
91.527,9.22,9.19,9.2,,
91.541,9.17,9.2,9.19,,
91.555,9.15,9.19,9.19,,
91.57,9.16,9.19,9.18,,
91.584,9.2,9.18,9.19,,
91.598,9.19,9.19,9.19,,
91.612,9.17,9.19,9.19,,
91.627,9.22,9.19,9.19,,
91.642,9.24,9.19,9.2,,
91.656,9.22,9.2,9.21,,
91.671,9.18,9.21,9.2,,
91.685,9.16,9.2,9.19,,
91.7,9.14,9.2,9.19,,
91.715,9.14,9.19,9.18,,
91.729,9.15,9.18,9.17,,
91.744,9.18,9.18,9.18,,
91.759,9.18,9.18,9.18,,
91.775,9.18,9.18,9.18,,
91.789,9.18,9.18,9.18,,
91.804,9.17,9.18,9.18,,
91.818,9.17,9.18,9.18,,
91.833,9.2,9.18,9.18,,
91.847,9.21,9.19,9.19,,
91.862,9.21,9.19,9.2,,
91.877,9.19,9.2,9.2,,
91.891,9.24,9.2,9.21,,
91.906,9.24,9.21,9.21,,
91.92,9.21,9.22,9.21,,
91.935,9.19,9.22,9.21,,
91.95,9.22,9.21,9.21,,
91.964,9.19,9.21,9.21,,
91.979,9.16,9.21,9.2,,
91.993,9.16,9.2,9.2,,
92.007,9.19,9.2,9.2,,
92.022,9.2,9.2,9.2,,
92.037,9.2,9.2,9.2,,
92.051,9.2,9.2,9.2,,
92.066,9.21,9.2,9.2,,
92.081,9.2,9.21,9.2,,
92.095,9.17,9.21,9.2,,
92.11,9.19,9.2,9.2,,
92.125,9.17,9.2,9.19,,
92.14,9.23,9.2,9.2,,
92.155,9.19,9.21,9.2,,
92.169,9.2,9.2,9.2,,
92.184,9.19,9.2,9.2,,
92.199,9.13,9.2,9.19,,
92.213,9.13,9.19,9.18,,
92.228,9.23,9.18,9.19,,
92.243,9.29,9.19,9.21,,
92.257,9.24,9.21,9.22,,
92.272,9.19,9.22,9.21,,
92.287,9.2,9.21,9.21,,
92.301,9.18,9.21,9.2,,
92.316,9.19,9.21,9.2,,
92.331,9.17,9.21,9.2,,
92.345,9.23,9.2,9.21,,
92.36,9.24,9.21,9.21,,
92.374,9.21,9.21,9.21,,
92.388,9.18,9.21,9.21,,
92.403,9.19,9.21,9.21,,
92.417,9.17,9.21,9.2,,
92.431,9.19,9.2,9.2,,
92.445,9.17,9.2,9.19,,
92.459,9.15,9.2,9.19,,
92.473,9.16,9.19,9.18,,
92.487,9.17,9.18,9.18,,
92.501,9.21,9.18,9.19,,
92.516,9.22,9.19,9.2,,
92.53,9.24,9.2,9.21,,
92.544,9.2,9.21,9.2,,
92.558,9.2,9.21,9.2,,
92.573,9.18,9.2,9.2,,
92.588,9.18,9.2,9.2,,
92.602,9.16,9.2,9.19,,
92.616,9.13,9.19,9.18,,
92.631,9.22,9.18,9.19,,
92.645,9.17,9.19,9.18,,
92.66,9.19,9.19,9.19,,
92.674,9.21,9.19,9.19,,
92.689,9.18,9.19,9.19,,
92.703,9.13,9.19,9.18,,
92.717,9.13,9.18,9.17,,
92.732,9.23,9.17,9.18,,
92.746,9.24,9.18,9.19,,
92.761,9.25,9.2,9.21,,
92.776,9.22,9.21,9.21,,
92.79,9.17,9.21,9.2,,
92.805,9.18,9.2,9.2,,
92.819,9.22,9.2,9.2,,
92.834,9.23,9.21,9.21,,
92.849,9.27,9.21,9.22,,
92.863,9.26,9.23,9.23,,
92.878,9.26,9.23,9.24,,
92.892,9.22,9.24,9.23,,
92.907,9.18,9.24,9.22,,
92.922,9.16,9.23,9.21,,
92.936,9.22,9.21,9.21,,
92.951,9.23,9.22,9.22,,
92.965,9.22,9.22,9.22,,
92.979,9.24,9.22,9.22,,
92.994,9.24,9.23,9.23,,
93.008,9.23,9.23,9.23,,
93.023,9.22,9.23,9.23,,
93.042,9.24,9.23,9.23,,
93.056,9.21,9.23,9.23,,
93.071,9.19,9.23,9.22,,
93.085,9.21,9.23,9.22,,
93.1,9.2,9.22,9.22,,
93.115,9.21,9.22,9.22,,
93.129,9.23,9.22,9.22,,
93.144,9.21,9.22,9.22,,
93.158,9.2,9.22,9.22,,
93.173,9.18,9.22,9.21,,
93.188,9.21,9.21,9.21,,
93.202,9.23,9.21,9.22,,
93.217,9.17,9.22,9.21,,
93.232,9.16,9.21,9.2,,
93.246,9.24,9.2,9.21,,
93.261,9.18,9.21,9.2,,
93.275,9.14,9.2,9.19,,
93.29,9.21,9.19,9.2,,
93.304,9.18,9.2,9.19,,
93.318,9.15,9.2,9.19,,
93.333,9.24,9.19,9.2,,
93.348,9.24,9.2,9.21,,
93.362,9.22,9.21,9.21,,
93.377,9.22,9.21,9.21,,
93.391,9.18,9.21,9.21,,
93.405,9.16,9.21,9.2,,
93.419,9.19,9.2,9.2,,
93.434,9.27,9.2,9.21,,
93.448,9.27,9.22,9.23,,
93.462,9.25,9.23,9.23,,
93.477,9.21,9.23,9.23,,
93.491,9.2,9.23,9.22,,
93.506,9.21,9.22,9.22,,
93.52,9.25,9.22,9.23,,
93.535,9.26,9.23,9.23,,
93.549,9.19,9.24,9.23,,
93.563,9.18,9.23,9.22,,
93.578,9.18,9.22,9.21,,
93.592,9.16,9.21,9.2,,
93.606,9.18,9.2,9.2,,
93.621,9.26,9.2,9.21,,
93.635,9.23,9.21,9.22,,
93.649,9.13,9.22,9.2,,
93.663,9.16,9.2,9.19,,
93.678,9.27,9.2,9.21,,
93.692,9.25,9.21,9.22,,
93.706,9.2,9.22,9.22,,
93.721,9.18,9.22,9.21,,
93.736,9.18,9.21,9.21,,
93.75,9.18,9.21,9.2,,
93.764,9.18,9.2,9.2,,
93.779,9.23,9.2,9.21,,
93.793,9.22,9.21,9.21,,
93.809,9.22,9.21,9.21,,
93.824,9.19,9.21,9.21,,
93.839,9.17,9.21,9.2,,
93.854,9.17,9.2,9.2,,
93.869,9.2,9.2,9.2,,
93.883,9.22,9.2,9.2,,
93.898,9.17,9.2,9.2,,
93.913,9.19,9.2,9.2,,
93.927,9.22,9.2,9.2,,
93.942,9.23,9.2,9.21,,
93.956,9.22,9.21,9.21,,
93.971,9.23,9.21,9.22,,
93.985,9.19,9.22,9.21,,
94,9.13,9.21,9.2,,
94.014,9.16,9.2,9.19,,
94.029,9.15,9.19,9.18,,
94.043,9.14,9.19,9.18,,
94.058,9.24,9.18,9.19,,
94.072,9.29,9.19,9.21,,
94.087,9.26,9.21,9.22,,
94.101,9.19,9.22,9.21,,
94.116,9.17,9.22,9.21,,
94.13,9.15,9.21,9.2,,
94.145,9.17,9.2,9.19,,
94.159,9.18,9.19,9.19,,
94.174,9.18,9.19,9.19,,
94.189,9.19,9.19,9.19,,
94.203,9.2,9.19,9.19,,
94.218,9.25,9.19,9.21,,
94.233,9.22,9.21,9.21,,
94.248,9.22,9.21,9.21,,
94.263,9.23,9.21,9.22,,
94.277,9.21,9.22,9.22,,
94.292,9.2,9.22,9.21,,
94.307,9.19,9.21,9.21,,
94.322,9.24,9.21,9.22,,
94.338,9.23,9.22,9.22,,
94.352,9.14,9.22,9.2,,
94.367,9.18,9.2,9.2,,
94.382,9.24,9.2,9.21,,
94.396,9.19,9.21,9.21,,
94.41,9.21,9.21,9.21,,
94.425,9.21,9.21,9.21,,
94.439,9.22,9.21,9.21,,
94.454,9.2,9.21,9.21,,
94.468,9.15,9.21,9.2,,
94.482,9.16,9.2,9.19,,
94.497,9.16,9.19,9.19,,
94.511,9.2,9.19,9.19,,
94.525,9.19,9.19,9.19,,
94.539,9.22,9.19,9.2,,
94.554,9.22,9.2,9.2,,
94.568,9.25,9.2,9.21,,
94.583,9.23,9.21,9.22,,
94.597,9.23,9.22,9.22,,
94.611,9.25,9.22,9.23,,
94.625,9.21,9.23,9.23,,
94.64,9.18,9.23,9.22,,
94.654,9.19,9.22,9.21,,
94.669,9.21,9.22,9.21,,
94.684,9.21,9.22,9.22,,
94.698,9.23,9.22,9.22,,
94.713,9.21,9.22,9.22,,
94.728,9.18,9.22,9.21,,
94.743,9.18,9.22,9.21,,
94.757,9.2,9.21,9.21,,
94.772,9.24,9.21,9.21,,
94.786,9.21,9.21,9.21,,
94.801,9.2,9.22,9.21,,
94.817,9.2,9.22,9.21,,
94.831,9.19,9.21,9.21,,
94.846,9.21,9.21,9.21,,
94.86,9.24,9.21,9.22,,
94.875,9.22,9.22,9.22,,
94.889,9.18,9.22,9.21,,
94.904,9.21,9.21,9.21,,
94.919,9.22,9.21,9.22,,
94.934,9.21,9.22,9.22,,
94.948,9.2,9.22,9.21,,
94.963,9.22,9.21,9.22,,
94.977,9.22,9.22,9.22,,
94.992,9.2,9.22,9.21,,
95.006,9.19,9.22,9.21,,
95.021,9.2,9.21,9.21,,
95.035,9.22,9.21,9.21,,
95.05,9.23,9.21,9.22,,
95.064,9.19,9.22,9.21,,
95.079,9.18,9.22,9.21,,
95.094,9.19,9.21,9.21,,
95.109,9.18,9.21,9.2,,
95.124,9.24,9.2,9.21,,
95.138,9.22,9.21,9.21,,
95.152,9.18,9.21,9.21,,
95.167,9.18,9.21,9.2,,
95.182,9.18,9.2,9.2,,
95.197,9.21,9.2,9.2,,
95.211,9.16,9.2,9.19,,
95.226,9.14,9.19,9.18,,
95.243,9.18,9.18,9.18,,
95.257,9.2,9.18,9.19,,
95.272,9.23,9.19,9.2,,
95.287,9.2,9.2,9.2,,
95.301,9.19,9.2,9.2,,
95.316,9.2,9.2,9.2,,
95.33,9.27,9.2,9.21,,
95.345,9.24,9.22,9.22,,
95.36,9.18,9.22,9.21,,
95.374,9.19,9.21,9.21,,
95.388,9.13,9.21,9.19,,
95.403,9.11,9.19,9.18,,
95.417,9.14,9.18,9.17,,
95.431,9.21,9.17,9.18,,
95.445,9.21,9.18,9.19,,
95.46,9.2,9.19,9.19,,
95.474,9.2,9.19,9.19,,
95.489,9.22,9.19,9.2,,
95.503,9.2,9.2,9.2,,
95.517,9.17,9.2,9.2,,
95.531,9.16,9.2,9.19,,
95.545,9.19,9.19,9.19,,
95.56,9.18,9.19,9.19,,
95.574,9.21,9.19,9.2,,
95.589,9.22,9.2,9.2,,
95.603,9.18,9.21,9.2,,
95.617,9.17,9.2,9.19,,
95.631,9.18,9.2,9.19,,
95.646,9.21,9.19,9.2,,
95.66,9.2,9.2,9.2,,
95.674,9.19,9.2,9.2,,
95.689,9.22,9.2,9.2,,
95.703,9.24,9.2,9.21,,
95.718,9.24,9.21,9.22,,
95.734,9.26,9.22,9.23,,
95.748,9.17,9.23,9.22,,
95.763,9.22,9.22,9.22,,
95.777,9.26,9.22,9.23,,
95.792,9.25,9.23,9.23,,
95.807,9.25,9.23,9.24,,
95.821,9.22,9.24,9.23,,
95.836,9.17,9.23,9.22,,
95.851,9.15,9.22,9.21,,
95.866,9.18,9.21,9.2,,
95.88,9.18,9.21,9.2,,
95.895,9.16,9.2,9.19,,
95.91,9.19,9.19,9.19,,
95.924,9.24,9.19,9.2,,
95.939,9.22,9.21,9.21,,
95.954,9.15,9.21,9.2,,
95.969,9.15,9.2,9.19,,
95.984,9.15,9.19,9.18,,
95.998,9.18,9.18,9.18,,
96.013,9.21,9.19,9.19,,
96.028,9.19,9.19,9.19,,
96.042,9.27,9.2,9.21,,
96.057,9.27,9.21,9.22,,
96.072,9.19,9.22,9.22,,
96.087,9.3,9.22,9.23,,
96.101,9.19,9.24,9.23,,
96.118,9.21,9.23,9.22,,
96.133,9.28,9.22,9.24,,
96.148,9.19,9.24,9.23,,
96.162,9.12,9.23,9.21,,
96.176,9.19,9.21,9.2,,
96.192,9.29,9.2,9.22,,
96.206,9.34,9.22,9.25,,
96.221,9.02,9.25,9.2,,
96.236,9.16,9.21,9.2,,
96.251,9.19,9.2,9.2,,
96.265,9.23,9.2,9.2,,
96.279,9.19,9.2,9.2,,
96.294,9.35,9.2,9.23,,
96.309,9.18,9.24,9.23,,
96.324,8.3,9.27,9.07,,
96.339,9.09,9.09,9.09,,
96.353,9.21,9.08,9.11,,
96.368,9.1,9.1,9.1,,
96.383,9.27,9.1,9.13,,
96.397,9.09,9.13,9.12,,
96.411,9.17,9.12,9.13,,
96.426,9.15,9.13,9.13,,
96.44,8.91,9.13,9.09,,
96.454,9.08,9.08,9.08,,
96.468,9.16,9.07,9.08,,
96.483,9.45,9.07,9.15,,
96.497,9.29,9.14,9.17,,
96.511,9.25,9.17,9.18,,
96.525,9.24,9.19,9.2,,
96.539,9.16,9.2,9.19,,
96.554,9.22,9.2,9.2,,
96.568,9.07,9.2,9.18,,
96.582,9.26,9.16,9.18,,
96.597,9.34,9.17,9.2,,
96.611,9.06,9.19,9.16,,
96.625,9.32,9.15,9.18,,
96.64,9.42,9.17,9.22,,
96.654,9.57,9.22,9.29,,
96.668,9.35,9.29,9.3,,
96.683,9.22,9.3,9.29,,
96.698,9.26,9.29,9.28,,
96.713,9.33,9.29,9.29,,
96.727,9.62,9.3,9.36,,
96.741,9.56,9.37,9.41,,
96.756,8.97,9.42,9.33,,
96.771,9.02,9.33,9.27,,
96.785,9.33,9.26,9.27,,
96.8,9.45,9.27,9.3,,
96.815,9.23,9.31,9.29,,
96.83,9.24,9.29,9.28,,
96.845,9.34,9.28,9.29,,
96.859,9.26,9.29,9.28,,
96.874,9.31,9.28,9.28,,
96.888,9.35,9.28,9.29,,
96.903,9.11,9.29,9.25,,
96.918,8.8,9.25,9.16,,
96.932,9.7,9.15,9.26,,
96.946,9.88,9.25,9.37,,
96.962,9.39,9.37,9.37,,
96.976,9.33,9.38,9.37,,
96.991,9.26,9.38,9.35,,
97.005,9.32,9.35,9.35,,
97.02,9.37,9.35,9.35,,
97.034,9.37,9.35,9.36,,
97.049,9.36,9.36,9.36,,
97.063,9.42,9.35,9.37,,
97.078,9.45,9.37,9.38,,
97.093,9.37,9.39,9.38,,
97.107,9.31,9.39,9.37,,
97.122,9.33,9.38,9.37,,
97.136,9.33,9.37,9.36,,
97.151,9.34,9.36,9.36,,
97.166,9.36,9.36,9.36,,
97.18,9.37,9.36,9.36,,
97.195,9.43,9.36,9.37,,
97.21,9.36,9.37,9.37,,
97.224,9.36,9.37,9.37,,
97.239,9.36,9.37,9.37,,
97.253,9.34,9.37,9.36,,
97.268,9.31,9.36,9.35,,
97.283,9.34,9.35,9.35,,
97.297,9.41,9.35,9.36,,
97.312,9.44,9.36,9.38,,
97.327,9.31,9.38,9.37,,
97.342,9.26,9.37,9.35,,
97.356,9.32,9.35,9.34,,
97.371,9.34,9.34,9.34,,
97.385,9.37,9.34,9.34,,
97.4,9.39,9.34,9.35,,
97.414,9.37,9.36,9.36,,
97.429,9.42,9.36,9.38,,
97.443,9.39,9.38,9.38,,
97.457,9.34,9.39,9.38,,
97.471,9.37,9.38,9.37,,
97.486,9.38,9.37,9.38,,
97.501,9.37,9.38,9.38,,
97.516,9.32,9.38,9.37,,
97.531,9.31,9.37,9.36,,
97.545,9.43,9.36,9.37,,
97.559,9.4,9.38,9.38,,
97.574,9.3,9.38,9.37,,
97.588,9.35,9.37,9.36,,
97.603,9.39,9.36,9.37,,
97.617,9.33,9.37,9.36,,
97.632,9.37,9.36,9.36,,
97.646,9.4,9.36,9.37,,
97.66,9.41,9.37,9.37,,
97.675,9.44,9.37,9.39,,
97.689,9.42,9.39,9.4,,
97.704,9.4,9.4,9.4,,
97.719,9.35,9.4,9.39,,
97.733,9.27,9.39,9.36,,
97.748,9.32,9.36,9.36,,
97.762,9.37,9.36,9.36,,
97.777,9.39,9.37,9.37,,
97.792,9.36,9.37,9.37,,
97.806,9.35,9.37,9.37,,
97.821,9.32,9.37,9.36,,
97.835,9.37,9.36,9.36,,
97.85,9.41,9.37,9.38,,
97.864,9.37,9.38,9.38,,
97.878,9.31,9.38,9.37,,
97.893,9.33,9.37,9.36,,
97.907,9.37,9.36,9.36,,
97.922,9.35,9.36,9.36,,
97.937,9.36,9.36,9.36,,
97.951,9.41,9.36,9.37,,
97.966,9.37,9.37,9.37,,
97.981,9.34,9.38,9.37,,
97.997,9.36,9.37,9.37,,
98.012,9.36,9.37,9.37,,
98.026,9.34,9.37,9.36,,
98.041,9.29,9.37,9.35,,
98.055,9.36,9.35,9.35,,
98.07,9.39,9.35,9.36,,
98.084,9.42,9.36,9.37,,
98.099,9.42,9.37,9.38,,
98.113,9.36,9.38,9.38,,
98.128,9.37,9.38,9.38,,
98.142,9.36,9.38,9.38,,
98.157,9.32,9.38,9.37,,
98.171,9.32,9.37,9.36,,
98.186,9.29,9.36,9.34,,
98.202,9.39,9.35,9.35,,
98.216,9.39,9.36,9.36,,
98.231,9.41,9.37,9.38,,
98.245,9.38,9.38,9.38,,
98.26,9.29,9.38,9.36,,
98.275,9.3,9.36,9.35,,
98.29,9.4,9.35,9.36,,
98.305,9.39,9.36,9.37,,
98.32,9.34,9.37,9.36,,
98.337,9.31,9.37,9.35,,
98.352,9.3,9.36,9.35,,
98.366,9.34,9.35,9.35,,
98.381,9.39,9.35,9.35,,
98.396,9.38,9.35,9.36,,
98.411,9.32,9.36,9.35,,
98.425,9.27,9.35,9.34,,
98.44,9.26,9.34,9.32,,
98.454,9.33,9.32,9.32,,
98.468,9.37,9.32,9.33,,
98.483,9.38,9.33,9.34,,
98.497,9.37,9.34,9.35,,
98.511,9.33,9.35,9.34,,
98.526,9.33,9.34,9.34,,
98.54,9.33,9.34,9.34,,
98.555,9.37,9.34,9.35,,
98.57,9.34,9.35,9.35,,
98.584,9.34,9.35,9.34,,
98.599,9.33,9.35,9.34,,
98.613,9.36,9.34,9.35,,
98.627,9.4,9.35,9.36,,
98.642,9.4,9.36,9.37,,
98.656,9.37,9.37,9.37,,
98.671,9.34,9.37,9.37,,
98.686,9.33,9.37,9.36,,
98.7,9.36,9.36,9.36,,
98.715,9.45,9.36,9.38,,
98.73,9.38,9.38,9.38,,
98.744,9.28,9.38,9.36,,
98.759,9.28,9.36,9.34,,
98.773,9.35,9.34,9.35,,
98.788,9.38,9.35,9.35,,
98.802,9.41,9.35,9.36,,
98.817,9.42,9.37,9.38,,
98.831,9.4,9.38,9.38,,
98.846,9.38,9.39,9.39,,
98.86,9.28,9.39,9.37,,
98.875,9.27,9.37,9.35,,
98.89,9.32,9.35,9.34,,
98.905,9.36,9.34,9.35,,
98.919,9.36,9.35,9.35,,
98.933,9.35,9.35,9.35,,
98.947,9.36,9.35,9.35,,
98.962,9.32,9.35,9.35,,
98.976,9.39,9.34,9.35,,
98.991,9.4,9.35,9.36,,
99.006,9.44,9.36,9.38,,
99.021,9.34,9.38,9.37,,
99.035,9.3,9.37,9.36,,
99.05,9.37,9.35,9.36,,
99.065,9.4,9.35,9.36,,
99.079,9.37,9.36,9.36,,
99.094,9.33,9.37,9.36,,
99.109,9.3,9.36,9.35,,
99.124,9.44,9.35,9.37,,
99.138,9.46,9.36,9.38,,
99.153,9.43,9.38,9.39,,
99.168,9.4,9.39,9.39,,
99.182,9.39,9.39,9.39,,
99.197,9.52,9.39,9.42,,
99.211,9.47,9.42,9.43,,
99.226,9.35,9.43,9.42,,
99.241,9.33,9.42,9.4,,
99.255,9.27,9.4,9.37,,
99.27,9.41,9.37,9.38,,
99.284,9.52,9.37,9.4,,
99.299,9.46,9.4,9.42,,
99.314,9.44,9.42,9.42,,
99.328,9.36,9.42,9.41,,
99.343,9.36,9.41,9.4,,
99.358,9.41,9.4,9.4,,
99.372,9.42,9.4,9.4,,
99.387,9.54,9.39,9.42,,
99.401,9.52,9.42,9.44,,
99.416,9.28,9.45,9.41,,
99.43,9.33,9.42,9.4,,
99.444,9.4,9.4,9.4,,
99.459,9.45,9.4,9.41,,
99.473,9.49,9.41,9.42,,
99.488,9.44,9.42,9.43,,
99.502,9.42,9.43,9.43,,
99.516,9.41,9.43,9.43,,
99.531,9.36,9.43,9.41,,
99.545,9.37,9.42,9.41,,
99.559,9.41,9.41,9.41,,
99.574,9.42,9.41,9.41,,
99.589,9.36,9.41,9.4,,
99.604,9.42,9.41,9.41,,
99.618,9.45,9.41,9.42,,
99.633,9.43,9.42,9.42,,
99.648,9.46,9.42,9.43,,
99.662,9.37,9.43,9.42,,
99.676,9.39,9.42,9.41,,
99.691,9.41,9.41,9.41,,
99.706,9.44,9.41,9.41,,
99.72,9.41,9.42,9.41,,
99.735,9.42,9.42,9.42,,
99.75,9.4,9.42,9.41,,
99.764,9.34,9.42,9.4,,
99.779,9.48,9.4,9.42,,
99.794,9.45,9.42,9.42,,
99.809,9.4,9.42,9.42,,
99.823,9.46,9.42,9.43,,
99.838,9.5,9.43,9.44,,
99.852,9.42,9.45,9.44,,
99.867,9.4,9.44,9.43,,
99.882,9.42,9.44,9.43,,
99.896,9.42,9.44,9.43,,
99.911,9.46,9.44,9.44,,
99.926,9.47,9.45,9.45,,
99.941,9.51,9.45,9.46,,
99.955,9.49,9.46,9.47,,
99.969,9.41,9.47,9.46,,
99.985,9.39,9.46,9.45,,
99.999,9.35,9.45,9.43,,
100.014,9.36,9.43,9.42,,
100.028,9.39,9.42,9.42,,
100.043,9.37,9.42,9.41,,
100.057,9.37,9.42,9.41,,
100.072,9.37,9.41,9.4,,
100.087,9.4,9.4,9.4,,
100.102,9.45,9.4,9.41,,
100.116,9.48,9.41,9.42,,
100.13,9.44,9.43,9.43,,
100.145,9.43,9.43,9.43,,
100.159,9.49,9.44,9.45,,
100.174,9.46,9.45,9.45,,
100.189,9.45,9.45,9.45,,
100.204,9.44,9.45,9.45,,
100.218,9.45,9.45,9.45,,
100.233,9.43,9.45,9.45,,
100.248,9.43,9.45,9.45,,
100.265,9.41,9.45,9.44,,
100.279,9.43,9.45,9.44,,
100.294,9.43,9.44,9.44,,
100.308,9.44,9.44,9.44,,
100.323,9.38,9.44,9.43,,
100.338,9.39,9.43,9.42,,
100.352,9.42,9.43,9.43,,
100.367,9.47,9.43,9.44,,
100.382,9.49,9.44,9.45,,
100.397,9.36,9.45,9.43,,
100.411,9.34,9.44,9.42,,
100.427,9.42,9.42,9.42,,
100.441,9.49,9.42,9.43,,
100.455,9.39,9.43,9.42,,
100.47,9.41,9.42,9.42,,
100.484,9.4,9.42,9.42,,
100.498,9.38,9.42,9.41,,
100.512,9.42,9.41,9.41,,
100.527,9.42,9.41,9.41,,
100.541,9.52,9.42,9.44,,
100.555,9.46,9.44,9.44,,
100.57,9.44,9.44,9.44,,
100.584,9.46,9.44,9.45,,
100.599,9.44,9.45,9.45,,
100.613,9.39,9.45,9.44,,
100.627,9.39,9.44,9.43,,
100.641,9.39,9.43,9.42,,
100.656,9.41,9.42,9.42,,
100.67,9.49,9.42,9.43,,
100.685,9.49,9.43,9.44,,
100.699,9.41,9.44,9.44,,
100.714,9.38,9.44,9.43,,
100.728,9.39,9.43,9.42,,
100.743,9.42,9.42,9.42,,
100.758,9.44,9.42,9.42,,
100.773,9.43,9.42,9.43,,
100.788,9.37,9.43,9.42,,
100.802,9.38,9.42,9.41,,
100.817,9.42,9.41,9.42,,
100.832,9.44,9.42,9.42,,
100.847,9.45,9.42,9.43,,
100.861,9.37,9.43,9.42,,
100.876,9.36,9.42,9.41,,
100.891,9.47,9.41,9.42,,
100.905,9.44,9.42,9.42,,
100.92,9.39,9.42,9.42,,
100.934,9.37,9.42,9.41,,
100.949,9.45,9.41,9.42,,
100.964,9.46,9.42,9.43,,
100.978,9.38,9.43,9.42,,
100.993,9.38,9.42,9.41,,
101.007,9.44,9.41,9.42,,
101.022,9.46,9.42,9.43,,
101.036,9.43,9.43,9.43,,
101.05,9.41,9.43,9.43,,
101.065,9.38,9.43,9.42,,
101.08,9.37,9.42,9.41,,
101.094,9.39,9.42,9.41,,
101.109,9.4,9.41,9.41,,
101.123,9.41,9.41,9.41,,
101.138,9.42,9.41,9.41,,
101.152,9.42,9.41,9.41,,
101.167,9.4,9.42,9.41,,
101.181,9.39,9.41,9.41,,
101.196,9.38,9.41,9.4,,
101.21,9.41,9.41,9.41,,
101.225,9.44,9.41,9.41,,
101.239,9.44,9.41,9.42,,
101.254,9.37,9.42,9.41,,
101.269,9.4,9.41,9.41,,
101.284,9.4,9.41,9.41,,
101.299,9.47,9.41,9.42,,
101.313,9.48,9.43,9.44,,
101.327,9.48,9.44,9.45,,
101.342,9.37,9.46,9.44,,
101.357,9.37,9.44,9.43,,
101.371,9.47,9.43,9.44,,
101.385,9.47,9.44,9.44,,
101.4,9.42,9.45,9.44,,
101.414,9.37,9.45,9.43,,
101.429,9.37,9.43,9.42,,
101.443,9.38,9.42,9.41,,
101.457,9.45,9.42,9.42,,
101.472,9.44,9.43,9.43,,
101.486,9.31,9.44,9.41,,
101.501,9.39,9.42,9.41,,
101.515,9.4,9.41,9.41,,
101.53,9.4,9.42,9.41,,
101.546,9.44,9.42,9.42,,
101.56,9.39,9.43,9.42,,
101.575,9.36,9.42,9.41,,
101.589,9.4,9.41,9.41,,
101.603,9.38,9.41,9.4,,
101.618,9.36,9.41,9.4,,
101.632,9.34,9.4,9.39,,
101.646,9.33,9.39,9.38,,
101.66,9.45,9.38,9.39,,
101.674,9.39,9.39,9.39,,
101.689,9.33,9.39,9.38,,
101.703,9.33,9.38,9.37,,
101.718,9.32,9.37,9.36,,
101.733,9.38,9.36,9.36,,
101.747,9.44,9.36,9.38,,
101.762,9.36,9.38,9.38,,
101.777,9.38,9.38,9.38,,
101.791,9.44,9.38,9.39,,
101.806,9.35,9.4,9.39,,
101.821,9.33,9.4,9.38,,
101.836,9.39,9.39,9.39,,
101.85,9.45,9.39,9.4,,
101.864,9.43,9.4,9.41,,
101.879,9.28,9.41,9.38,,
101.893,9.35,9.38,9.37,,
101.908,9.44,9.37,9.39,,
101.923,9.46,9.39,9.4,,
101.937,9.3,9.4,9.38,,
101.952,9.24,9.39,9.36,,
101.966,9.42,9.36,9.37,,
101.981,9.43,9.37,9.38,,
101.995,9.35,9.38,9.38,,
102.01,9.38,9.38,9.38,,
102.025,9.37,9.38,9.38,,
102.04,9.3,9.38,9.36,,
102.055,9.26,9.36,9.34,,
102.07,9.38,9.34,9.35,,
102.085,9.54,9.35,9.38,,
102.099,9.43,9.39,9.4,,
102.117,9.25,9.4,9.37,,
102.132,9.33,9.37,9.36,,
102.146,9.33,9.37,9.36,,
102.161,9.3,9.36,9.35,,
102.175,9.4,9.35,9.36,,
102.19,9.43,9.36,9.37,,
102.205,9.37,9.37,9.37,,
102.219,9.34,9.37,9.37,,
102.234,9.33,9.37,9.36,,
102.248,9.34,9.36,9.36,,
102.263,9.48,9.36,9.38,,
102.278,9.45,9.38,9.4,,
102.292,9.3,9.4,9.38,,
102.306,9.35,9.38,9.37,,
102.321,9.41,9.37,9.38,,
102.336,9.37,9.38,9.38,,
102.35,9.35,9.38,9.38,,
102.365,9.36,9.38,9.37,,
102.38,9.31,9.38,9.36,,
102.397,9.29,9.37,9.35,,
102.412,9.33,9.35,9.35,,
102.426,9.38,9.35,9.35,,
102.441,9.44,9.36,9.37,,
102.455,9.42,9.37,9.38,,
102.469,9.31,9.39,9.37,,
102.484,9.32,9.37,9.36,,
102.498,9.29,9.37,9.35,,
102.513,9.29,9.35,9.34,,
102.527,9.34,9.34,9.34,,
102.541,9.41,9.34,9.35,,
102.556,9.39,9.35,9.36,,
102.57,9.36,9.37,9.36,,
102.584,9.3,9.37,9.35,,
102.599,9.27,9.36,9.34,,
102.613,9.38,9.34,9.35,,
102.627,9.37,9.34,9.35,,
102.642,9.35,9.35,9.35,,
102.656,9.37,9.35,9.35,,
102.67,9.39,9.35,9.36,,
102.684,9.38,9.36,9.36,,
102.699,9.46,9.36,9.38,,
102.713,9.45,9.39,9.4,,
102.728,9.34,9.4,9.39,,
102.743,9.36,9.39,9.39,,
102.757,9.44,9.39,9.4,,
102.772,9.49,9.4,9.42,,
102.787,9.41,9.42,9.42,,
102.801,9.36,9.43,9.41,,
102.816,9.33,9.42,9.4,,
102.83,9.32,9.4,9.38,,
102.845,9.38,9.38,9.38,,
102.859,9.42,9.38,9.39,,
102.874,9.48,9.39,9.41,,
102.889,9.39,9.42,9.41,,
102.904,9.23,9.42,9.38,,
102.919,9.32,9.38,9.37,,
102.933,9.39,9.37,9.37,,
102.948,9.37,9.37,9.37,,
102.963,9.39,9.37,9.37,,
102.977,9.43,9.38,9.39,,
102.992,9.36,9.39,9.38,,
103.007,9.31,9.39,9.37,,
103.021,9.4,9.37,9.38,,
103.035,9.41,9.38,9.38,,
103.05,9.38,9.39,9.38,,
103.065,9.34,9.39,9.38,,
103.08,9.33,9.39,9.37,,
103.094,9.3,9.38,9.36,,
103.109,9.35,9.36,9.36,,
103.124,9.43,9.36,9.37,,
103.139,9.46,9.37,9.39,,
103.154,9.42,9.39,9.4,,
103.168,9.36,9.4,9.39,,
103.183,9.31,9.4,9.38,,
103.198,9.31,9.39,9.37,,
103.212,9.39,9.37,9.38,,
103.227,9.43,9.37,9.38,,
103.242,9.39,9.38,9.39,,
103.256,9.38,9.39,9.39,,
103.271,9.3,9.39,9.37,,
103.285,9.32,9.37,9.36,,
103.3,9.33,9.36,9.36,,
103.315,9.36,9.36,9.36,,
103.329,9.33,9.36,9.35,,
103.344,9.36,9.36,9.36,,
103.359,9.36,9.36,9.36,,
103.373,9.38,9.36,9.37,,
103.387,9.38,9.37,9.37,,
103.402,9.38,9.38,9.38,,
103.417,9.4,9.38,9.38,,
103.431,9.33,9.39,9.38,,
103.446,9.3,9.38,9.36,,
103.461,9.37,9.36,9.36,,
103.475,9.41,9.36,9.37,,
103.49,9.42,9.37,9.38,,
103.504,9.45,9.38,9.4,,
103.518,9.36,9.4,9.39,,
103.533,9.34,9.39,9.38,,
103.547,9.41,9.39,9.39,,
103.561,9.37,9.39,9.39,,
103.575,9.35,9.39,9.38,,
103.589,9.38,9.38,9.38,,
103.604,9.42,9.38,9.39,,
103.618,9.38,9.39,9.39,,
103.632,9.3,9.39,9.37,,
103.647,9.36,9.37,9.37,,
103.661,9.4,9.37,9.37,,
103.675,9.39,9.37,9.38,,
103.69,9.36,9.38,9.37,,
103.704,9.29,9.38,9.36,,
103.719,9.34,9.36,9.35,,
103.733,9.39,9.35,9.36,,
103.748,9.42,9.35,9.37,,
103.763,9.39,9.37,9.37,,
103.777,9.35,9.38,9.37,,
103.792,9.31,9.38,9.36,,
103.807,9.36,9.37,9.36,,
103.821,9.41,9.36,9.37,,
103.836,9.47,9.37,9.39,,
103.851,9.44,9.39,9.4,,
103.865,9.42,9.4,9.4,,
103.88,9.43,9.4,9.41,,
103.895,9.41,9.41,9.41,,
103.91,9.42,9.41,9.41,,
103.924,9.38,9.41,9.41,,
103.939,9.37,9.41,9.4,,
103.955,9.37,9.4,9.4,,
103.969,9.37,9.4,9.39,,
103.984,9.42,9.39,9.4,,
103.999,9.44,9.4,9.4,,
104.014,9.4,9.41,9.4,,
104.028,9.35,9.41,9.4,,
104.043,9.32,9.4,9.38,,
104.058,9.36,9.39,9.38,,
104.073,9.36,9.39,9.38,,
104.088,9.4,9.38,9.38,,
104.103,9.33,9.38,9.37,,
104.117,9.34,9.38,9.37,,
104.132,9.33,9.38,9.37,,
104.146,9.31,9.37,9.36,,
104.161,9.34,9.36,9.36,,
104.176,9.38,9.36,9.36,,
104.191,9.45,9.36,9.38,,
104.206,9.45,9.37,9.39,,
104.22,9.4,9.39,9.39,,
104.235,9.38,9.4,9.39,,
104.25,9.36,9.39,9.39,,
104.264,9.36,9.39,9.38,,
104.279,9.35,9.38,9.38,,
104.293,9.33,9.38,9.37,,
104.307,9.32,9.37,9.36,,
104.322,9.36,9.36,9.36,,
104.336,9.36,9.36,9.36,,
104.351,9.4,9.36,9.37,,
104.365,9.45,9.37,9.38,,
104.38,9.35,9.39,9.38,,
104.395,9.35,9.39,9.38,,
104.409,9.36,9.38,9.38,,
104.424,9.36,9.38,9.38,,
104.438,9.34,9.38,9.37,,
104.453,9.33,9.37,9.36,,
104.468,9.37,9.36,9.36,,
104.482,9.34,9.36,9.36,,
104.496,9.4,9.36,9.37,,
104.51,9.42,9.37,9.38,,
104.524,9.38,9.39,9.39,,
104.539,9.33,9.39,9.38,,
104.553,9.33,9.38,9.37,,
104.567,9.31,9.37,9.36,,
104.582,9.33,9.36,9.36,,
104.596,9.4,9.36,9.37,,
104.61,9.42,9.37,9.38,,
104.624,9.36,9.38,9.38,,
104.638,9.37,9.38,9.38,,
104.653,9.39,9.38,9.38,,
104.667,9.35,9.38,9.38,,
104.681,9.4,9.38,9.38,,
104.695,9.44,9.38,9.39,,
104.71,9.43,9.39,9.4,,
104.725,9.4,9.4,9.4,,
104.739,9.35,9.41,9.4,,
104.754,9.33,9.4,9.39,,
104.769,9.39,9.38,9.38,,
104.784,9.4,9.38,9.39,,
104.798,9.42,9.39,9.39,,
104.813,9.44,9.39,9.4,,
104.827,9.39,9.4,9.4,,
104.842,9.34,9.4,9.39,,
104.857,9.36,9.39,9.38,,
104.871,9.36,9.38,9.38,,
104.886,9.32,9.38,9.37,,
104.901,9.35,9.37,9.37,,
104.916,9.41,9.37,9.38,,
104.93,9.44,9.38,9.39,,
104.945,9.39,9.39,9.39,,
104.96,9.38,9.39,9.39,,
104.975,9.44,9.39,9.4,,
104.99,9.44,9.4,9.41,,
105.004,9.47,9.41,9.42,,
105.018,9.46,9.42,9.43,,
105.033,9.35,9.43,9.41,,
105.048,9.34,9.41,9.4,,
105.062,9.4,9.4,9.4,,
105.077,9.41,9.4,9.41,,
105.092,9.37,9.41,9.4,,
105.106,9.37,9.4,9.4,,
105.121,9.37,9.4,9.39,,
105.136,9.39,9.39,9.39,,
105.15,9.45,9.39,9.41,,
105.165,9.42,9.41,9.41,,
105.181,9.39,9.41,9.41,,
105.195,9.38,9.41,9.4,,
105.21,9.37,9.4,9.4,,
105.224,9.33,9.4,9.38,,
105.239,9.38,9.39,9.38,,
105.253,9.39,9.39,9.39,,
105.268,9.42,9.39,9.39,,
105.282,9.36,9.4,9.39,,
105.298,9.37,9.4,9.39,,
105.313,9.39,9.39,9.39,,
105.328,9.38,9.39,9.39,,
105.342,9.39,9.39,9.39,,
105.356,9.46,9.39,9.4,,
105.371,9.44,9.41,9.41,,
105.386,9.39,9.41,9.41,,
105.4,9.38,9.41,9.41,,
105.415,9.4,9.41,9.41,,
105.43,9.4,9.41,9.41,,
105.445,9.37,9.41,9.4,,
105.461,9.39,9.4,9.4,,
105.475,9.34,9.4,9.39,,
105.489,9.3,9.39,9.37,,
105.504,9.31,9.37,9.36,,
105.518,9.39,9.36,9.36,,
105.532,9.41,9.36,9.37,,
105.547,9.44,9.37,9.38,,
105.561,9.45,9.39,9.4,,
105.575,9.33,9.4,9.39,,
105.59,9.31,9.39,9.37,,
105.604,9.39,9.37,9.38,,
105.618,9.43,9.38,9.39,,
105.632,9.46,9.39,9.4,,
105.647,9.36,9.4,9.4,,
105.661,9.32,9.4,9.38,,
105.675,9.3,9.39,9.37,,
105.69,9.32,9.37,9.36,,
105.704,9.39,9.36,9.37,,
105.719,9.38,9.37,9.37,,
105.733,9.35,9.37,9.37,,
105.748,9.38,9.37,9.37,,
105.763,9.4,9.38,9.38,,
105.777,9.35,9.38,9.38,,
105.792,9.36,9.38,9.38,,
105.806,9.38,9.38,9.38,,
105.821,9.47,9.38,9.4,,
105.835,9.43,9.4,9.4,,
105.85,9.38,9.41,9.4,,
105.864,9.38,9.4,9.4,,
105.879,9.45,9.4,9.41,,
105.893,9.44,9.41,9.42,,
105.908,9.36,9.42,9.41,,
105.923,9.34,9.41,9.4,,
105.938,9.38,9.4,9.39,,
105.953,9.38,9.39,9.39,,
105.967,9.38,9.39,9.39,,
105.982,9.4,9.39,9.39,,
105.997,9.41,9.39,9.4,,
106.011,9.37,9.4,9.39,,
106.026,9.34,9.39,9.38,,
106.041,9.37,9.38,9.38,,
106.055,9.43,9.38,9.39,,
106.07,9.42,9.39,9.4,,
106.085,9.41,9.4,9.4,,
106.099,9.35,9.41,9.39,,
106.114,9.35,9.4,9.39,,
106.128,9.37,9.39,9.39,,
106.143,9.36,9.39,9.38,,
106.157,9.44,9.38,9.39,,
106.172,9.41,9.4,9.4,,
106.186,9.39,9.4,9.4,,
106.2,9.4,9.4,9.4,,
106.215,9.41,9.4,9.4,,
106.23,9.4,9.41,9.4,,
106.245,9.42,9.41,9.41,,
106.259,9.35,9.41,9.4,,
106.274,9.3,9.4,9.38,,
106.288,9.35,9.38,9.38,,
106.303,9.41,9.38,9.38,,
106.317,9.4,9.39,9.39,,
106.332,9.39,9.39,9.39,,
106.347,9.39,9.4,9.4,,
106.361,9.41,9.4,9.4,,
106.376,9.37,9.4,9.4,,
106.39,9.37,9.39,9.39,,
106.405,9.41,9.39,9.39,,
106.421,9.45,9.39,9.41,,
106.435,9.5,9.41,9.42,,
106.45,9.48,9.43,9.44,,
106.464,9.42,9.44,9.44,,
106.478,9.33,9.44,9.42,,
106.494,9.39,9.42,9.42,,
106.509,9.41,9.42,9.42,,
106.523,9.44,9.42,9.42,,
106.537,9.47,9.42,9.43,,
106.551,9.48,9.43,9.44,,
106.565,9.36,9.44,9.43,,
106.58,9.32,9.43,9.41,,
106.594,9.34,9.41,9.4,,
106.608,9.33,9.4,9.39,,
106.622,9.39,9.39,9.39,,
106.637,9.35,9.39,9.38,,
106.651,9.35,9.38,9.38,,
106.666,9.41,9.37,9.38,,
106.68,9.45,9.38,9.39,,
106.694,9.4,9.4,9.4,,
106.709,9.39,9.4,9.39,,
106.724,9.4,9.39,9.39,,
106.738,9.37,9.39,9.39,,
106.752,9.37,9.39,9.39,,
106.767,9.41,9.39,9.39,,
106.781,9.39,9.4,9.4,,
106.795,9.36,9.4,9.39,,
106.81,9.38,9.39,9.39,,
106.824,9.42,9.39,9.4,,
106.839,9.35,9.4,9.39,,
106.854,9.34,9.39,9.38,,
106.868,9.35,9.38,9.38,,
106.883,9.36,9.38,9.38,,
106.897,9.34,9.38,9.37,,
106.912,9.38,9.37,9.37,,
106.927,9.4,9.38,9.38,,
106.942,9.35,9.38,9.38,,
106.957,9.35,9.38,9.37,,
106.972,9.3,9.38,9.36,,
106.989,9.46,9.36,9.38,,
107.004,9.46,9.37,9.39,,
107.02,9.34,9.39,9.38,,
107.035,9.33,9.38,9.37,,
107.05,9.4,9.38,9.38,,
107.065,9.42,9.38,9.39,,
107.079,9.48,9.38,9.4,,
107.094,9.44,9.4,9.41,,
107.108,9.39,9.41,9.4,,
107.123,9.39,9.4,9.4,,
107.137,9.45,9.4,9.41,,
107.152,9.43,9.41,9.41,,
107.167,9.4,9.41,9.41,,
107.181,9.42,9.41,9.41,,
107.196,9.43,9.42,9.42,,
107.21,9.42,9.42,9.42,,
107.225,9.44,9.42,9.42,,
107.239,9.44,9.42,9.43,,
107.254,9.4,9.43,9.42,,
107.269,9.37,9.43,9.41,,
107.283,9.4,9.42,9.42,,
107.298,9.38,9.42,9.41,,
107.312,9.38,9.41,9.41,,
107.327,9.45,9.41,9.42,,
107.341,9.43,9.42,9.42,,
107.356,9.41,9.42,9.42,,
107.37,9.4,9.42,9.42,,
107.385,9.37,9.42,9.41,,
107.4,9.4,9.41,9.41,,
107.414,9.36,9.42,9.4,,
107.429,9.35,9.41,9.4,,
107.443,9.39,9.4,9.39,,
107.458,9.33,9.4,9.38,,
107.472,9.37,9.38,9.38,,
107.486,9.43,9.38,9.39,,
107.501,9.45,9.39,9.4,,
107.515,9.43,9.4,9.41,,
107.529,9.41,9.41,9.41,,
107.543,9.39,9.41,9.41,,
107.558,9.37,9.41,9.4,,
107.572,9.38,9.41,9.4,,
107.586,9.45,9.4,9.41,,
107.601,9.42,9.41,9.41,,
107.615,9.4,9.41,9.41,,
107.629,9.4,9.41,9.41,,
107.645,9.42,9.41,9.42,,
107.659,9.4,9.42,9.41,,
107.673,9.38,9.42,9.41,,
107.687,9.39,9.41,9.41,,
107.702,9.34,9.41,9.4,,
107.716,9.33,9.4,9.38,,
107.73,9.34,9.38,9.37,,
107.745,9.36,9.37,9.37,,
107.759,9.39,9.37,9.38,,
107.773,9.37,9.38,9.38,,
107.788,9.37,9.38,9.38,,
107.802,9.35,9.38,9.37,,
107.817,9.35,9.38,9.37,,
107.832,9.38,9.37,9.37,,
107.846,9.43,9.37,9.39,,
107.861,9.45,9.39,9.4,,
107.876,9.43,9.4,9.41,,
107.89,9.36,9.41,9.4,,
107.905,9.34,9.4,9.39,,
107.919,9.36,9.39,9.38,,
107.934,9.39,9.38,9.39,,
107.948,9.38,9.39,9.38,,
107.963,9.41,9.39,9.39,,
107.977,9.37,9.39,9.39,,
107.992,9.36,9.39,9.38,,
108.006,9.48,9.38,9.4,,
108.021,9.43,9.4,9.41,,
108.035,9.42,9.41,9.41,,
108.05,9.41,9.41,9.41,,
108.064,9.37,9.41,9.41,,
108.079,9.34,9.41,9.39,,
108.093,9.37,9.4,9.39,,
108.108,9.43,9.39,9.4,,
108.122,9.41,9.41,9.41,,
108.137,9.35,9.41,9.4,,
108.152,9.34,9.4,9.39,,
108.166,9.36,9.39,9.39,,
108.181,9.36,9.39,9.38,,
108.195,9.46,9.38,9.4,,
108.209,9.47,9.4,9.41,,
108.224,9.4,9.41,9.41,,
108.238,9.31,9.41,9.39,,
108.253,9.25,9.39,9.36,,
108.267,9.39,9.36,9.37,,
108.282,9.45,9.37,9.39,,
108.296,9.39,9.39,9.39,,
108.311,9.37,9.39,9.38,,
108.325,9.37,9.38,9.38,,
108.34,9.4,9.38,9.38,,
108.354,9.44,9.38,9.39,,
108.369,9.43,9.4,9.4,,
108.384,9.4,9.41,9.4,,
108.398,9.41,9.41,9.41,,
108.412,9.39,9.41,9.41,,
108.427,9.37,9.41,9.4,,
108.442,9.34,9.4,9.39,,
108.456,9.39,9.39,9.39,,
108.471,9.43,9.39,9.4,,
108.485,9.39,9.4,9.4,,
108.499,9.31,9.4,9.38,,
108.514,9.34,9.39,9.38,,
108.528,9.38,9.38,9.38,,
108.542,9.38,9.38,9.38,,
108.556,9.39,9.38,9.38,,
108.571,9.4,9.39,9.39,,
108.585,9.4,9.39,9.39,,
108.599,9.37,9.4,9.39,,
108.614,9.38,9.39,9.39,,
108.628,9.4,9.39,9.39,,
108.642,9.4,9.39,9.39,,
108.656,9.37,9.4,9.39,,
108.67,9.34,9.4,9.38,,
108.685,9.33,9.38,9.37,,
108.699,9.31,9.37,9.36,,
108.714,9.35,9.36,9.36,,
108.728,9.39,9.36,9.37,,
108.742,9.38,9.36,9.37,,
108.757,9.4,9.37,9.38,,
108.771,9.39,9.38,9.38,,
108.786,9.42,9.38,9.39,,
108.8,9.39,9.39,9.39,,
108.815,9.38,9.39,9.39,,
108.829,9.37,9.39,9.39,,
108.844,9.36,9.39,9.38,,
108.859,9.39,9.38,9.38,,
108.874,9.45,9.39,9.4,,
108.888,9.37,9.4,9.4,,
108.903,9.34,9.4,9.39,,
108.918,9.36,9.39,9.38,,
108.932,9.35,9.38,9.37,,
108.947,9.4,9.38,9.38,,
108.962,9.38,9.38,9.38,,
108.976,9.32,9.39,9.37,,
108.992,9.35,9.37,9.37,,
109.006,9.44,9.37,9.38,,
109.02,9.47,9.38,9.4,,
109.035,9.33,9.4,9.39,,
109.05,9.39,9.39,9.39,,
109.064,9.38,9.39,9.39,,
109.079,9.35,9.39,9.38,,
109.094,9.41,9.38,9.39,,
109.109,9.42,9.39,9.39,,
109.123,9.38,9.39,9.39,,
109.14,9.37,9.39,9.39,,
109.154,9.36,9.39,9.38,,
109.169,9.35,9.38,9.38,,
109.184,9.43,9.38,9.39,,
109.199,9.43,9.39,9.4,,
109.214,9.41,9.4,9.4,,
109.228,9.42,9.4,9.41,,
109.243,9.41,9.41,9.41,,
109.258,9.45,9.41,9.42,,
109.273,9.42,9.42,9.42,,
109.287,9.41,9.42,9.42,,
109.302,9.33,9.42,9.4,,
109.317,9.38,9.4,9.39,,
109.331,9.35,9.4,9.39,,
109.346,9.34,9.39,9.38,,
109.361,9.32,9.38,9.37,,
109.375,9.33,9.37,9.36,,
109.39,9.35,9.37,9.36,,
109.404,9.38,9.36,9.37,,
109.419,9.4,9.37,9.37,,
109.434,9.39,9.37,9.38,,
109.448,9.36,9.38,9.38,,
109.463,9.33,9.38,9.37,,
109.479,9.34,9.38,9.37,,
109.493,9.37,9.37,9.37,,
109.507,9.41,9.37,9.38,,
109.521,9.39,9.37,9.38,,
109.535,9.37,9.38,9.38,,
109.55,9.35,9.38,9.37,,
109.564,9.35,9.37,9.37,,
109.578,9.41,9.37,9.38,,
109.592,9.43,9.38,9.39,,
109.607,9.38,9.39,9.39,,
109.621,9.39,9.39,9.39,,
109.635,9.42,9.39,9.4,,
109.65,9.4,9.4,9.4,,
109.664,9.39,9.4,9.4,,
109.678,9.38,9.4,9.39,,
109.692,9.44,9.39,9.4,,
109.706,9.45,9.4,9.41,,
109.721,9.34,9.42,9.4,,
109.735,9.38,9.4,9.4,,
109.749,9.44,9.4,9.41,,
109.764,9.45,9.41,9.42,,
109.778,9.39,9.42,9.41,,
109.793,9.38,9.42,9.41,,
109.808,9.43,9.41,9.41,,
109.822,9.45,9.42,9.42,,
109.836,9.4,9.43,9.42,,
109.851,9.37,9.42,9.41,,
109.866,9.35,9.41,9.4,,
109.88,9.37,9.4,9.4,,
109.895,9.4,9.4,9.4,,
109.909,9.4,9.4,9.4,,
109.924,9.38,9.4,9.4,,
109.939,9.36,9.4,9.39,,
109.954,9.39,9.39,9.39,,
109.969,9.44,9.39,9.4,,
109.983,9.38,9.4,9.4,,
109.998,9.39,9.4,9.4,,
110.012,9.43,9.4,9.41,,
110.027,9.45,9.41,9.41,,
110.042,9.34,9.42,9.4,,
110.057,9.4,9.4,9.4,,
110.072,9.4,9.4,9.4,,
110.087,9.48,9.41,9.42,,
110.101,9.44,9.42,9.43,,
110.115,9.38,9.43,9.42,,
110.13,9.39,9.42,9.41,,
110.145,9.41,9.41,9.41,,
110.159,9.42,9.41,9.41,,
110.175,9.43,9.41,9.42,,
110.189,9.45,9.42,9.42,,
110.204,9.38,9.43,9.42,,
110.218,9.36,9.42,9.41,,
110.233,9.32,9.41,9.39,,
110.247,9.36,9.39,9.38,,
110.262,9.47,9.38,9.4,,
110.276,9.47,9.4,9.41,,
110.291,9.41,9.41,9.41,,
110.306,9.37,9.42,9.41,,
110.321,9.31,9.41,9.39,,
110.335,9.37,9.39,9.39,,
110.351,9.44,9.39,9.4,,
110.365,9.47,9.4,9.41,,
110.379,9.44,9.42,9.42,,
110.394,9.34,9.42,9.41,,
110.409,9.26,9.41,9.38,,
110.423,9.36,9.38,9.37,,
110.438,9.51,9.37,9.4,,
110.452,9.46,9.4,9.41,,
110.467,9.43,9.41,9.42,,
110.481,9.5,9.42,9.44,,
110.496,9.45,9.44,9.44,,
110.51,9.36,9.44,9.43,,
110.524,9.34,9.43,9.41,,
110.539,9.38,9.41,9.41,,
110.553,9.42,9.41,9.41,,
110.567,9.43,9.41,9.41,,
110.581,9.43,9.42,9.42,,
110.595,9.45,9.42,9.43,,
110.61,9.41,9.43,9.42,,
110.624,9.43,9.43,9.43,,
110.638,9.36,9.43,9.42,,
110.653,9.4,9.42,9.41,,
110.667,9.39,9.41,9.41,,
110.681,9.37,9.41,9.4,,
110.695,9.36,9.4,9.39,,
110.709,9.41,9.39,9.39,,
110.724,9.42,9.39,9.4,,
110.738,9.43,9.4,9.41,,
110.753,9.39,9.41,9.41,,
110.768,9.36,9.41,9.4,,
110.782,9.38,9.4,9.39,,
110.797,9.38,9.39,9.39,,
110.811,9.39,9.39,9.39,,
110.826,9.47,9.39,9.41,,
110.84,9.44,9.41,9.41,,
110.855,9.35,9.42,9.4,,
110.87,9.37,9.4,9.4,,
110.885,9.37,9.4,9.39,,
110.9,9.4,9.39,9.39,,
110.914,9.36,9.4,9.39,,
110.928,9.36,9.39,9.38,,
110.943,9.43,9.39,9.4,,
110.958,9.4,9.4,9.4,,
110.972,9.41,9.4,9.4,,
110.987,9.4,9.4,9.4,,
111.002,9.43,9.4,9.41,,
111.016,9.42,9.41,9.41,,
111.031,9.38,9.41,9.41,,
111.045,9.41,9.41,9.41,,
111.06,9.42,9.41,9.41,,
111.074,9.44,9.42,9.42,,
111.089,9.43,9.42,9.42,,
111.104,9.5,9.42,9.44,,
111.118,9.46,9.44,9.44,,
111.133,9.39,9.44,9.43,,
111.148,9.4,9.43,9.43,,
111.162,9.42,9.42,9.42,,
111.178,9.44,9.42,9.43,,
111.192,9.38,9.43,9.42,,
111.208,9.4,9.42,9.42,,
111.223,9.43,9.42,9.42,,
111.238,9.41,9.42,9.42,,
111.252,9.41,9.42,9.42,,
111.266,9.41,9.42,9.42,,
111.281,9.43,9.42,9.42,,
111.296,9.49,9.42,9.44,,
111.311,9.4,9.44,9.43,,
111.326,9.38,9.44,9.42,,
111.341,9.39,9.43,9.42,,
111.356,9.36,9.42,9.41,,
111.37,9.38,9.41,9.4,,
111.385,9.46,9.4,9.41,,
111.399,9.49,9.41,9.43,,
111.414,9.39,9.43,9.42,,
111.431,9.4,9.43,9.42,,
111.445,9.43,9.42,9.43,,
111.459,9.42,9.43,9.43,,
111.475,9.43,9.43,9.43,,
111.489,9.42,9.43,9.43,,
111.504,9.39,9.43,9.42,,
111.518,9.33,9.42,9.41,,
111.532,9.36,9.41,9.4,,
111.547,9.51,9.4,9.42,,
111.561,9.49,9.42,9.43,,
111.576,9.46,9.43,9.44,,
111.591,9.4,9.44,9.43,,
111.606,9.36,9.43,9.42,,
111.62,9.37,9.42,9.41,,
111.634,9.41,9.41,9.41,,
111.648,9.45,9.41,9.42,,
111.663,9.51,9.42,9.44,,
111.677,9.46,9.44,9.44,,
111.691,9.43,9.45,9.44,,
111.705,9.38,9.45,9.43,,
111.72,9.41,9.43,9.43,,
111.734,9.45,9.43,9.43,,
111.748,9.4,9.44,9.43,,
111.764,9.33,9.43,9.41,,
111.779,9.31,9.42,9.4,,
111.793,9.41,9.4,9.4,,
111.808,9.45,9.4,9.41,,
111.823,9.51,9.41,9.43,,
111.837,9.51,9.43,9.45,,
111.852,9.45,9.45,9.45,,
111.867,9.4,9.45,9.44,,
111.882,9.39,9.44,9.43,,
111.896,9.39,9.43,9.42,,
111.911,9.41,9.43,9.42,,
111.926,9.44,9.42,9.43,,
111.941,9.42,9.43,9.43,,
111.955,9.38,9.43,9.42,,
111.97,9.38,9.42,9.41,,
111.984,9.45,9.41,9.42,,
111.999,9.43,9.42,9.42,,
112.014,9.39,9.42,9.42,,
112.028,9.43,9.42,9.42,,
112.043,9.44,9.42,9.43,,
112.057,9.42,9.42,9.42,,
112.071,9.48,9.42,9.43,,
112.086,9.45,9.43,9.44,,
112.101,9.16,9.44,9.38,,
112.115,9.47,9.37,9.39,,
112.13,9.56,9.37,9.41,,
112.145,9.48,9.41,9.42,,
112.16,9.51,9.42,9.44,,
112.175,9.57,9.44,9.47,,
112.189,9.45,9.47,9.46,,
112.204,9.43,9.46,9.46,,
112.219,9.4,9.46,9.45,,
112.234,9.42,9.45,9.44,,
112.248,9.46,9.44,9.44,,
112.263,9.49,9.44,9.45,,
112.279,9.47,9.45,9.46,,
112.293,9.49,9.45,9.46,,
112.307,9.55,9.46,9.48,,
112.322,9.5,9.48,9.48,,
112.336,9.44,9.48,9.47,,
112.351,9.46,9.47,9.47,,
112.365,9.45,9.47,9.47,,
112.38,9.51,9.47,9.48,,
112.395,9.51,9.48,9.48,,
112.409,9.43,9.48,9.47,,
112.424,9.44,9.47,9.47,,
112.438,9.5,9.47,9.47,,
112.453,9.47,9.47,9.47,,
112.468,9.45,9.48,9.47,,
112.483,9.47,9.47,9.47,,
112.5,9.48,9.47,9.47,,
112.514,9.44,9.48,9.47,,
112.528,9.49,9.47,9.47,,
112.542,9.46,9.47,9.47,,
112.556,9.49,9.47,9.47,,
112.571,9.5,9.47,9.48,,
112.585,9.5,9.48,9.48,,
112.599,9.46,9.49,9.48,,
112.614,9.43,9.48,9.47,,
112.631,9.47,9.48,9.47,,
112.645,9.51,9.47,9.48,,
112.659,9.51,9.48,9.49,,
112.674,9.45,9.49,9.48,,
112.688,9.47,9.48,9.48,,
112.702,9.48,9.48,9.48,,
112.717,9.48,9.48,9.48,,
112.732,9.46,9.48,9.48,,
112.746,9.48,9.48,9.48,,
112.76,9.49,9.49,9.49,,
112.775,9.47,9.49,9.48,,
112.789,9.43,9.49,9.47,,
112.804,9.44,9.48,9.47,,
112.818,9.44,9.47,9.46,,
112.832,9.48,9.46,9.47,,
112.847,9.51,9.47,9.47,,
112.861,9.49,9.47,9.48,,
112.876,9.49,9.48,9.48,,
112.89,9.48,9.48,9.48,,
112.904,9.46,9.48,9.48,,
112.919,9.51,9.48,9.49,,
112.933,9.53,9.49,9.5,,
112.947,9.51,9.5,9.5,,
112.962,9.46,9.5,9.49,,
112.976,9.44,9.49,9.48,,
112.991,9.48,9.48,9.48,,
113.005,9.48,9.48,9.48,,
113.02,9.49,9.48,9.48,,
113.035,9.48,9.49,9.49,,
113.049,9.48,9.49,9.49,,
113.064,9.47,9.49,9.49,,
113.078,9.47,9.49,9.49,,
113.093,9.48,9.49,9.49,,
113.107,9.5,9.49,9.49,,
113.122,9.43,9.49,9.48,,
113.137,9.42,9.48,9.47,,
113.151,9.55,9.47,9.49,,
113.166,9.58,9.49,9.5,,
113.181,9.5,9.51,9.51,,
113.195,9.5,9.51,9.51,,
113.21,9.47,9.51,9.5,,
113.224,9.52,9.5,9.5,,
113.239,9.53,9.5,9.51,,
113.254,9.48,9.51,9.5,,
113.269,9.45,9.51,9.5,,
113.283,9.45,9.5,9.49,,
113.298,9.46,9.49,9.48,,
113.312,9.5,9.49,9.49,,
113.327,9.55,9.49,9.5,,
113.342,9.52,9.5,9.51,,
113.356,9.49,9.51,9.5,,
113.371,9.45,9.51,9.5,,
113.386,9.4,9.5,9.48,,
113.4,9.44,9.48,9.48,,
113.415,9.49,9.48,9.48,,
113.43,9.47,9.48,9.48,,
113.444,9.47,9.48,9.48,,
113.458,9.46,9.48,9.47,,
113.473,9.47,9.48,9.48,,
113.488,9.44,9.48,9.47,,
113.502,9.41,9.48,9.46,,
113.517,9.49,9.46,9.47,,
113.534,9.55,9.47,9.48,,
113.548,9.54,9.48,9.49,,
113.563,9.54,9.49,9.5,,
113.577,9.48,9.5,9.5,,
113.592,9.44,9.5,9.49,,
113.606,9.41,9.49,9.48,,
113.62,9.41,9.48,9.46,,
113.635,9.49,9.47,9.47,,
113.649,9.52,9.47,9.48,,
113.663,9.5,9.48,9.48,,
113.678,9.49,9.49,9.49,,
113.692,9.48,9.49,9.49,,
113.706,9.49,9.49,9.49,,
113.721,9.5,9.49,9.49,,
113.735,9.45,9.49,9.48,,
113.749,9.49,9.48,9.49,,
113.763,9.54,9.49,9.5,,
113.778,9.5,9.5,9.5,,
113.792,9.46,9.5,9.49,,
113.807,9.53,9.49,9.5,,
113.821,9.54,9.5,9.51,,
113.836,9.53,9.51,9.51,,
113.85,9.48,9.51,9.51,,
113.865,9.46,9.51,9.5,,
113.88,9.49,9.5,9.5,,
113.894,9.49,9.5,9.49,,
113.909,9.46,9.49,9.49,,
113.923,9.47,9.49,9.48,,
113.938,9.47,9.48,9.48,,
113.952,9.48,9.48,9.48,,
113.967,9.51,9.48,9.49,,
113.982,9.51,9.49,9.49,,
113.996,9.52,9.49,9.5,,
114.011,9.49,9.5,9.5,,
114.026,9.49,9.5,9.5,,
114.041,9.47,9.5,9.49,,
114.056,9.44,9.5,9.48,,
114.07,9.48,9.48,9.48,,
114.085,9.49,9.49,9.49,,
114.099,9.47,9.49,9.48,,
114.114,9.5,9.48,9.49,,
114.129,9.55,9.48,9.5,,
114.143,9.52,9.5,9.5,,
114.158,9.45,9.51,9.49,,
114.172,9.51,9.5,9.5,,
114.187,9.55,9.51,9.51,,
114.202,9.53,9.51,9.52,,
114.216,9.52,9.51,9.51,,
114.231,9.48,9.51,9.51,,
114.245,9.48,9.51,9.5,,
114.26,9.52,9.51,9.51,,
114.275,9.51,9.51,9.51,,
114.29,9.51,9.51,9.51,,
114.306,9.47,9.51,9.51,,
114.321,9.46,9.51,9.5,,
114.335,9.5,9.5,9.5,,
114.35,9.53,9.5,9.51,,
114.365,9.5,9.51,9.51,,
114.379,9.5,9.51,9.51,,
114.394,9.55,9.5,9.51,,
114.409,9.56,9.52,9.52,,
114.424,9.57,9.53,9.53,,
114.438,9.58,9.54,9.55,,
114.453,9.52,9.55,9.54,,
114.467,9.46,9.55,9.53,,
114.481,9.5,9.53,9.52,,
114.496,9.55,9.52,9.53,,
114.511,9.54,9.53,9.53,,
114.525,9.5,9.53,9.52,,
114.539,9.46,9.53,9.51,,
114.554,9.37,9.52,9.49,,
114.568,9.41,9.49,9.47,,
114.582,9.57,9.47,9.49,,
114.597,9.57,9.49,9.51,,
114.611,9.57,9.51,9.52,,
114.625,9.53,9.52,9.52,,
114.639,9.47,9.53,9.52,,
114.654,9.46,9.52,9.51,,
114.668,9.49,9.51,9.51,,
114.682,9.5,9.51,9.5,,
114.697,9.53,9.5,9.51,,
114.711,9.57,9.51,9.52,,
114.725,9.52,9.52,9.52,,
114.74,9.47,9.53,9.52,,
114.754,9.44,9.52,9.5,,
114.768,9.48,9.5,9.5,,
114.783,9.58,9.5,9.51,,
114.797,9.57,9.51,9.52,,
114.812,9.46,9.53,9.51,,
114.826,9.44,9.52,9.5,,
114.841,9.52,9.51,9.51,,
114.856,9.55,9.51,9.52,,
114.87,9.51,9.52,9.52,,
114.884,9.52,9.52,9.52,,
114.9,9.55,9.52,9.52,,
114.915,9.55,9.53,9.53,,
114.929,9.48,9.53,9.52,,
114.944,9.49,9.52,9.52,,
114.959,9.49,9.52,9.51,,
114.973,9.45,9.52,9.5,,
114.988,9.51,9.5,9.51,,
115.002,9.53,9.51,9.51,,
115.017,9.54,9.51,9.52,,
115.032,9.54,9.52,9.52,,
115.046,9.55,9.52,9.53,,
115.061,9.52,9.53,9.53,,
115.076,9.46,9.53,9.52,,
115.091,9.42,9.52,9.5,,
115.105,9.48,9.5,9.5,,
115.12,9.53,9.49,9.5,,
115.135,9.58,9.5,9.52,,
115.15,9.52,9.52,9.52,,
115.164,9.5,9.52,9.52,,
115.179,9.52,9.52,9.52,,
115.193,9.5,9.52,9.52,,
115.208,9.53,9.52,9.52,,
115.223,9.56,9.52,9.53,,
115.237,9.57,9.53,9.54,,
115.252,9.48,9.54,9.53,,
115.267,9.46,9.53,9.52,,
115.282,9.48,9.52,9.51,,
115.296,9.45,9.52,9.5,,
115.311,9.46,9.5,9.49,,
115.325,9.5,9.5,9.5,,
115.342,9.51,9.5,9.5,,
115.356,9.43,9.5,9.49,,
115.371,9.43,9.49,9.47,,
115.388,9.58,9.47,9.49,,
115.402,9.64,9.5,9.53,,
115.417,9.59,9.53,9.54,,
115.431,9.53,9.55,9.54,,
115.446,9.48,9.54,9.53,,
115.461,9.51,9.53,9.52,,
115.475,9.58,9.52,9.53,,
115.49,9.57,9.54,9.54,,
115.504,9.45,9.55,9.53,,
115.519,9.39,9.53,9.5,,
115.534,9.47,9.51,9.5,,
115.548,9.53,9.5,9.5,,
115.562,9.56,9.5,9.51,,
115.576,9.53,9.52,9.52,,
115.591,9.47,9.52,9.51,,
115.605,9.47,9.51,9.5,,
115.619,9.49,9.5,9.5,,
115.634,9.53,9.5,9.51,,
115.648,9.56,9.5,9.51,,
115.662,9.5,9.51,9.51,,
115.678,9.51,9.51,9.51,,
115.692,9.47,9.52,9.51,,
115.706,9.47,9.51,9.5,,
115.721,9.5,9.5,9.5,,
115.735,9.53,9.5,9.51,,
115.75,9.56,9.51,9.52,,
115.765,9.53,9.52,9.52,,
115.779,9.5,9.53,9.52,,
115.793,9.52,9.52,9.52,,
115.808,9.53,9.52,9.52,,
115.822,9.5,9.53,9.52,,
115.837,9.44,9.52,9.51,,
115.851,9.5,9.51,9.51,,
115.866,9.52,9.51,9.51,,
115.881,9.47,9.52,9.51,,
115.896,9.47,9.51,9.5,,
115.91,9.43,9.5,9.49,,
115.925,9.43,9.49,9.48,,
115.939,9.56,9.48,9.5,,
115.954,9.53,9.5,9.5,,
115.969,9.45,9.5,9.49,,
115.984,9.49,9.5,9.49,,
115.998,9.49,9.5,9.5,,
116.013,9.46,9.5,9.49,,
116.028,9.52,9.49,9.5,,
116.042,9.56,9.49,9.51,,
116.057,9.54,9.5,9.51,,
116.072,9.52,9.51,9.51,,
116.086,9.54,9.51,9.52,,
116.101,9.51,9.52,9.52,,
116.116,9.5,9.52,9.52,,
116.131,9.47,9.52,9.51,,
116.145,9.49,9.51,9.51,,
116.16,9.48,9.51,9.5,,
116.175,9.49,9.5,9.5,,
116.19,9.48,9.5,9.5,,
116.204,9.5,9.5,9.5,,
116.219,9.51,9.5,9.5,,
116.234,9.47,9.5,9.5,,
116.251,9.49,9.5,9.5,,
116.266,9.47,9.5,9.49,,
116.28,9.43,9.5,9.48,,
116.295,9.45,9.49,9.48,,
116.31,9.45,9.48,9.47,,
116.325,9.48,9.48,9.48,,
116.339,9.48,9.48,9.48,,
116.354,9.51,9.48,9.49,,
116.369,9.53,9.49,9.5,,
116.383,9.52,9.5,9.5,,
116.398,9.52,9.5,9.51,,
116.413,9.49,9.51,9.51,,
116.427,9.48,9.51,9.5,,
116.442,9.47,9.5,9.5,,
116.457,9.52,9.5,9.5,,
116.471,9.5,9.5,9.5,,
116.486,9.53,9.5,9.51,,
116.5,9.53,9.51,9.52,,
116.515,9.5,9.52,9.51,,
116.53,9.48,9.51,9.51,,
116.545,9.47,9.51,9.5,,
116.559,9.48,9.5,9.5,,
116.573,9.56,9.5,9.51,,
116.589,9.53,9.51,9.52,,
116.603,9.49,9.51,9.51,,
116.618,9.46,9.51,9.5,,
116.632,9.49,9.5,9.5,,
116.646,9.55,9.5,9.51,,
116.661,9.51,9.51,9.51,,
116.675,9.45,9.51,9.5,,
116.689,9.46,9.5,9.49,,
116.703,9.53,9.49,9.5,,
116.718,9.57,9.5,9.51,,
116.732,9.54,9.52,9.52,,
116.746,9.49,9.53,9.52,,
116.761,9.47,9.52,9.51,,
116.775,9.5,9.51,9.51,,
116.789,9.53,9.51,9.51,,
116.804,9.56,9.51,9.52,,
116.818,9.5,9.53,9.52,,
116.833,9.45,9.53,9.51,,
116.848,9.43,9.51,9.5,,
116.863,9.45,9.5,9.49,,
116.877,9.5,9.49,9.49,,
116.892,9.52,9.5,9.5,,
116.906,9.5,9.5,9.5,,
116.923,9.5,9.5,9.5,,
116.937,9.49,9.5,9.5,,
116.952,9.49,9.5,9.5,,
116.966,9.55,9.5,9.51,,
116.981,9.52,9.51,9.51,,
116.996,9.53,9.51,9.51,,
117.011,9.53,9.51,9.52,,
117.025,9.52,9.52,9.52,,
117.039,9.52,9.52,9.52,,
117.054,9.49,9.52,9.51,,
117.069,9.52,9.52,9.52,,
117.083,9.51,9.52,9.52,,
117.099,9.5,9.52,9.52,,
117.113,9.52,9.52,9.52,,
117.128,9.59,9.52,9.53,,
117.143,9.56,9.53,9.53,,
117.157,9.54,9.54,9.54,,
117.172,9.54,9.54,9.54,,
117.188,9.48,9.55,9.53,,
117.203,9.44,9.54,9.52,,
117.217,9.38,9.52,9.49,,
117.232,9.38,9.49,9.47,,
117.247,9.52,9.47,9.48,,
117.261,9.55,9.48,9.49,,
117.276,9.43,9.49,9.48,,
117.29,9.51,9.48,9.49,,
117.305,9.5,9.49,9.49,,
117.319,9.51,9.49,9.5,,
117.334,9.5,9.5,9.5,,
117.349,9.52,9.5,9.5,,
117.364,9.57,9.5,9.52,,
117.378,9.52,9.52,9.52,,
117.393,9.5,9.52,9.52,,
117.408,9.49,9.52,9.52,,
117.422,9.46,9.53,9.51,,
117.437,9.48,9.52,9.51,,
117.451,9.45,9.52,9.5,,
117.466,9.46,9.5,9.49,,
117.482,9.52,9.49,9.5,,
117.496,9.49,9.5,9.5,,
117.51,9.47,9.5,9.49,,
117.525,9.48,9.5,9.49,,
117.539,9.45,9.49,9.48,,
117.554,9.49,9.48,9.48,,
117.568,9.53,9.48,9.49,,
117.582,9.51,9.49,9.49,,
117.597,9.51,9.5,9.5,,
117.611,9.54,9.5,9.51,,
117.625,9.49,9.51,9.51,,
117.639,9.47,9.51,9.5,,
117.654,9.48,9.5,9.5,,
117.668,9.42,9.5,9.48,,
117.682,9.44,9.48,9.47,,
117.696,9.46,9.47,9.47,,
117.711,9.5,9.47,9.48,,
117.726,9.53,9.48,9.49,,
117.741,9.51,9.49,9.49,,
117.755,9.51,9.49,9.5,,
117.769,9.51,9.5,9.5,,
117.783,9.51,9.5,9.5,,
117.797,9.56,9.5,9.51,,
117.812,9.56,9.51,9.52,,
117.826,9.5,9.53,9.52,,
117.841,9.46,9.52,9.51,,
117.856,9.52,9.51,9.51,,
117.871,9.52,9.52,9.52,,
117.885,9.49,9.52,9.51,,
117.9,9.49,9.51,9.51,,
117.914,9.51,9.51,9.51,,
117.929,9.5,9.51,9.51,,
117.944,9.51,9.51,9.51,,
117.958,9.48,9.51,9.51,,
117.973,9.49,9.5,9.5,,
117.987,9.55,9.5,9.51,,
118.002,9.56,9.51,9.52,,
118.017,9.54,9.52,9.53,,
118.031,9.52,9.53,9.53,,
118.046,9.47,9.53,9.52,,
118.061,9.49,9.52,9.51,,
118.075,9.5,9.52,9.51,,
118.09,9.51,9.51,9.51,,
118.104,9.45,9.52,9.5,,
118.119,9.46,9.51,9.5,,
118.133,9.44,9.5,9.49,,
118.148,9.46,9.49,9.49,,
118.162,9.56,9.49,9.5,,
118.177,9.54,9.5,9.51,,
118.191,9.5,9.51,9.51,,
118.207,9.51,9.51,9.51,,
118.221,9.52,9.51,9.51,,
118.236,9.52,9.51,9.51,,
118.25,9.53,9.51,9.52,,
118.265,9.56,9.52,9.53,,
118.28,9.53,9.53,9.53,,
118.294,9.47,9.53,9.52,,
118.309,9.49,9.52,9.52,,
118.323,9.59,9.52,9.53,,
118.337,9.61,9.53,9.55,,
118.352,9.45,9.55,9.53,,
118.366,9.45,9.53,9.52,,
118.381,9.49,9.52,9.51,,
118.395,9.53,9.52,9.52,,
118.409,9.52,9.52,9.52,,
118.424,9.49,9.52,9.52,,
118.438,9.49,9.52,9.51,,
118.453,9.52,9.51,9.52,,
118.467,9.54,9.52,9.52,,
118.482,9.53,9.52,9.52,,
118.496,9.52,9.53,9.52,,
118.511,9.49,9.53,9.52,,
118.526,9.54,9.52,9.52,,
118.54,9.5,9.53,9.52,,
118.555,9.46,9.52,9.51,,
118.569,9.51,9.51,9.51,,
118.583,9.5,9.51,9.51,,
118.597,9.46,9.51,9.5,,
118.612,9.44,9.5,9.49,,
118.626,9.47,9.49,9.49,,
118.64,9.5,9.49,9.49,,
118.654,9.49,9.49,9.49,,
118.669,9.52,9.49,9.5,,
118.683,9.53,9.5,9.51,,
118.698,9.42,9.51,9.49,,
118.712,9.41,9.49,9.48,,
118.726,9.57,9.47,9.49,,
118.741,9.59,9.49,9.51,,
118.755,9.53,9.51,9.51,,
118.769,9.51,9.52,9.52,,
118.784,9.5,9.52,9.52,,
118.798,9.48,9.52,9.51,,
118.813,9.48,9.51,9.51,,
118.827,9.47,9.51,9.5,,
118.842,9.46,9.5,9.49,,
118.857,9.5,9.5,9.5,,
118.872,9.51,9.5,9.5,,
118.886,9.46,9.5,9.49,,
118.901,9.48,9.5,9.5,,
118.915,9.55,9.5,9.51,,
118.93,9.53,9.51,9.51,,
118.944,9.48,9.51,9.51,,
118.96,9.47,9.51,9.5,,
118.974,9.53,9.5,9.51,,
118.989,9.55,9.51,9.52,,
119.003,9.52,9.52,9.52,,
119.017,9.51,9.52,9.52,,
119.032,9.5,9.52,9.51,,
119.046,9.49,9.51,9.51,,
119.061,9.52,9.51,9.51,,
119.076,9.5,9.52,9.51,,
119.09,9.49,9.51,9.51,,
119.105,9.5,9.51,9.51,,
119.119,9.51,9.51,9.51,,
119.134,9.46,9.51,9.5,,
119.148,9.46,9.51,9.5,,
119.162,9.53,9.5,9.5,,
119.177,9.54,9.5,9.51,,
119.194,9.49,9.51,9.51,,
119.208,9.49,9.51,9.5,,
119.223,9.5,9.51,9.51,,
119.237,9.52,9.51,9.51,,
119.252,9.52,9.51,9.51,,
119.266,9.5,9.52,9.51,,
119.281,9.49,9.51,9.51,,
119.296,9.5,9.51,9.51,,
119.311,9.51,9.51,9.51,,
119.325,9.51,9.51,9.51,,
119.34,9.54,9.51,9.52,,
119.354,9.53,9.52,9.52,,
119.369,9.5,9.52,9.52,,
119.383,9.52,9.52,9.52,,
119.399,9.47,9.52,9.51,,
119.413,9.49,9.51,9.51,,
119.428,9.52,9.51,9.51,,
119.442,9.49,9.51,9.51,,
119.457,9.48,9.51,9.5,,
119.471,9.54,9.5,9.51,,
119.486,9.59,9.51,9.53,,
119.501,9.52,9.53,9.53,,
119.515,9.46,9.53,9.52,,
119.53,9.46,9.52,9.51,,
119.545,9.48,9.51,9.5,,
119.559,9.54,9.5,9.51,,
119.573,9.54,9.51,9.52,,
119.587,9.54,9.52,9.52,,
119.602,9.46,9.53,9.51,,
119.616,9.46,9.52,9.5,,
119.63,9.48,9.51,9.5,,
119.644,9.5,9.5,9.5,,
119.658,9.47,9.5,9.5,,
119.672,9.48,9.5,9.5,,
119.687,9.47,9.5,9.49,,
119.701,9.47,9.5,9.49,,
119.715,9.48,9.49,9.49,,
119.73,9.51,9.49,9.49,,
119.744,9.55,9.49,9.5,,
119.758,9.54,9.5,9.51,,
119.772,9.53,9.51,9.51,,
119.787,9.52,9.51,9.52,,
119.801,9.51,9.52,9.52,,
119.815,9.51,9.52,9.52,,
119.829,9.49,9.52,9.51,,
119.844,9.46,9.52,9.51,,
119.858,9.51,9.51,9.51,,
119.873,9.57,9.51,9.52,,
119.888,9.56,9.52,9.53,,
119.902,9.5,9.53,9.52,,
119.917,9.5,9.52,9.52,,
119.931,9.5,9.52,9.52,,
119.946,9.49,9.52,9.52,,
119.96,9.48,9.52,9.51,,
119.975,9.44,9.51,9.5,,
119.989,9.46,9.5,9.49,,
