Time (s),Accel Roll (deg),Accel Pitch (deg),Gyro Roll (deg),Gyro Pitch (deg),Filtered Roll (deg),Filtered Pitch (deg)
0.001,28.05,-1.66,28.25,-1.68,28.25,-1.68
0.01,28.06,-1.67,28.25,-1.68,28.25,-1.68
0.024,28.12,-1.68,28.25,-1.68,28.25,-1.68
0.038,28.09,-1.69,28.25,-1.68,28.25,-1.68
0.052,28.06,-1.73,28.26,-1.68,28.25,-1.68
0.066,28.03,-1.71,28.26,-1.68,28.25,-1.68
0.08,28.04,-1.65,28.25,-1.68,28.25,-1.68
0.095,28.05,-1.67,28.25,-1.68,28.25,-1.68
0.109,28.01,-1.71,28.25,-1.68,28.25,-1.68
0.123,28.06,-1.7,28.25,-1.68,28.25,-1.68
0.137,28.07,-1.69,28.25,-1.68,28.25,-1.68
0.152,28.05,-1.69,28.26,-1.68,28.25,-1.68
0.166,28.04,-1.62,28.26,-1.68,28.25,-1.68
0.18,28.06,-1.65,28.26,-1.68,28.25,-1.68
0.194,28.06,-1.7,28.26,-1.68,28.25,-1.68
0.209,28.06,-1.71,28.26,-1.68,28.25,-1.68
0.223,28.1,-1.65,28.25,-1.68,28.25,-1.68
0.237,28.04,-1.66,28.25,-1.68,28.25,-1.68
0.252,27.99,-1.7,28.25,-1.68,28.25,-1.68
0.266,28.02,-1.71,28.25,-1.68,28.25,-1.68
0.28,28.06,-1.69,28.25,-1.68,28.25,-1.68
0.294,28.03,-1.71,28.25,-1.68,28.25,-1.68
0.308,28.05,-1.71,28.25,-1.68,28.25,-1.68
0.322,28.05,-1.69,28.25,-1.68,28.25,-1.68
0.337,28.04,-1.71,28.25,-1.68,28.25,-1.68
0.351,28.02,-1.67,28.25,-1.67,28.25,-1.67
0.365,28.04,-1.63,28.25,-1.67,28.25,-1.67
0.379,28.1,-1.61,28.25,-1.67,28.25,-1.67
0.393,28.09,-1.66,28.25,-1.67,28.25,-1.67
0.408,28.05,-1.69,28.25,-1.67,28.25,-1.67
0.422,28.04,-1.68,28.25,-1.67,28.25,-1.67
0.436,28.05,-1.69,28.25,-1.67,28.25,-1.67
0.45,28.04,-1.69,28.25,-1.67,28.25,-1.67
0.465,28.04,-1.67,28.25,-1.67,28.25,-1.67
0.479,28.14,-1.66,28.25,-1.67,28.25,-1.67
0.493,28.13,-1.65,28.25,-1.67,28.25,-1.67
0.507,28.08,-1.67,28.25,-1.67,28.25,-1.67
0.521,27.97,-1.71,28.25,-1.68,28.25,-1.68
0.535,27.99,-1.68,28.25,-1.68,28.25,-1.68
0.55,28.07,-1.71,28.25,-1.68,28.25,-1.68
0.564,28.05,-1.71,28.25,-1.68,28.25,-1.68
0.578,28.06,-1.63,28.25,-1.68,28.25,-1.68
0.592,28.06,-1.65,28.25,-1.68,28.25,-1.68
0.607,28.07,-1.7,28.25,-1.68,28.25,-1.68
0.621,28.01,-1.75,28.25,-1.68,28.25,-1.68
0.635,27.99,-1.71,28.25,-1.68,28.25,-1.68
0.649,28.1,-1.63,28.25,-1.68,28.25,-1.68
0.664,28.12,-1.65,28.25,-1.68,28.25,-1.68
0.678,28.01,-1.69,28.25,-1.68,28.25,-1.68
0.692,27.96,-1.69,28.25,-1.68,28.25,-1.68
0.707,28.08,-1.69,28.25,-1.68,28.25,-1.68
0.722,28.11,-1.69,28.25,-1.68,28.25,-1.68
0.735,28.09,-1.66,28.25,-1.67,28.25,-1.67
0.749,28.03,-1.65,28.25,-1.67,28.25,-1.67
0.764,28.05,-1.67,28.25,-1.67,28.25,-1.67
0.778,28.04,-1.62,28.26,-1.67,28.25,-1.67
0.792,28.01,-1.63,28.26,-1.67,28.25,-1.67
0.807,28.09,-1.73,28.26,-1.67,28.25,-1.67
0.821,28.14,-1.75,28.26,-1.67,28.25,-1.67
0.835,28.13,-1.68,28.26,-1.67,28.26,-1.67
0.849,28.09,-1.73,28.26,-1.67,28.26,-1.67
0.863,28.07,-1.74,28.26,-1.67,28.26,-1.67
0.877,28.04,-1.67,28.26,-1.67,28.26,-1.67
0.891,28.06,-1.66,28.26,-1.67,28.26,-1.67
0.906,28.14,-1.69,28.26,-1.67,28.26,-1.67
0.92,28.13,-1.67,28.26,-1.67,28.26,-1.67
0.934,28.08,-1.65,28.26,-1.67,28.26,-1.67
0.948,28.05,-1.65,28.26,-1.67,28.26,-1.67
0.963,28.05,-1.65,28.26,-1.67,28.26,-1.67
0.977,28.06,-1.66,28.26,-1.67,28.26,-1.67
0.991,28.09,-1.65,28.26,-1.67,28.26,-1.67
1.006,28.03,-1.71,28.26,-1.67,28.26,-1.67
1.02,28.0,-1.72,28.26,-1.67,28.26,-1.67
1.034,28.01,-1.7,28.26,-1.68,28.26,-1.68
1.048,28.02,-1.7,28.26,-1.68,28.26,-1.68
1.062,28.03,-1.67,28.26,-1.68,28.25,-1.68
1.077,28.05,-1.67,28.26,-1.68,28.25,-1.68
1.091,28.04,-1.67,28.26,-1.68,28.25,-1.68
1.105,28.04,-1.71,28.25,-1.68,28.25,-1.68
1.119,28.09,-1.75,28.25,-1.68,28.25,-1.68
1.133,28.11,-1.72,28.25,-1.68,28.25,-1.68
1.148,28.09,-1.72,28.25,-1.68,28.25,-1.68
1.162,28.06,-1.68,28.25,-1.68,28.25,-1.68
1.176,28.09,-1.69,28.25,-1.68,28.25,-1.68
1.19,28.08,-1.67,28.25,-1.67,28.25,-1.67
1.205,28.06,-1.66,28.26,-1.68,28.25,-1.68
1.219,28.04,-1.73,28.26,-1.68,28.25,-1.68
1.233,28.06,-1.69,28.26,-1.68,28.25,-1.68
1.247,28.1,-1.66,28.25,-1.68,28.25,-1.67
1.262,28.1,-1.68,28.25,-1.67,28.25,-1.67
1.276,28.06,-1.67,28.26,-1.67,28.25,-1.67
1.29,28.07,-1.67,28.25,-1.67,28.25,-1.67
1.304,28.03,-1.67,28.25,-1.67,28.25,-1.67
1.319,28.03,-1.67,28.25,-1.67,28.25,-1.67
1.333,28.07,-1.67,28.25,-1.68,28.25,-1.68
1.347,28.07,-1.65,28.25,-1.68,28.25,-1.68
1.361,28.1,-1.66,28.25,-1.68,28.25,-1.68
1.375,28.04,-1.68,28.26,-1.68,28.25,-1.68
1.389,27.99,-1.67,28.26,-1.68,28.25,-1.68
1.404,28.02,-1.68,28.26,-1.68,28.25,-1.68
1.418,28.04,-1.68,28.26,-1.68,28.25,-1.68
1.432,28.06,-1.67,28.26,-1.68,28.25,-1.68
1.446,28.09,-1.66,28.26,-1.68,28.25,-1.68
1.46,28.06,-1.69,28.25,-1.68,28.25,-1.68
1.474,28.03,-1.71,28.25,-1.68,28.25,-1.68
1.489,28.03,-1.71,28.25,-1.68,28.25,-1.68
1.503,28.05,-1.68,28.25,-1.68,28.25,-1.68
1.517,28.06,-1.64,28.25,-1.68,28.25,-1.68
1.531,28.1,-1.61,28.25,-1.68,28.25,-1.68
1.545,28.1,-1.67,28.25,-1.68,28.25,-1.68
1.559,28.05,-1.69,28.26,-1.68,28.25,-1.68
1.573,28.05,-1.69,28.26,-1.68,28.25,-1.68
1.587,28.05,-1.67,28.25,-1.68,28.25,-1.68
1.604,28.06,-1.64,28.25,-1.68,28.25,-1.68
1.618,28.07,-1.69,28.25,-1.68,28.25,-1.68
1.632,28.07,-1.68,28.25,-1.68,28.25,-1.68
1.646,28.04,-1.69,28.26,-1.68,28.25,-1.68
1.66,28.04,-1.7,28.25,-1.67,28.25,-1.68
1.675,28.05,-1.69,28.25,-1.68,28.25,-1.68
1.689,28.06,-1.69,28.25,-1.68,28.25,-1.68
1.703,28.08,-1.7,28.25,-1.68,28.25,-1.68
1.717,28.03,-1.7,28.25,-1.68,28.25,-1.68
1.731,27.99,-1.71,28.25,-1.68,28.25,-1.68
1.745,28.04,-1.74,28.25,-1.68,28.25,-1.68
1.76,28.06,-1.71,28.25,-1.68,28.25,-1.68
1.774,28.05,-1.64,28.25,-1.68,28.25,-1.68
1.789,28.07,-1.67,28.25,-1.68,28.25,-1.68
1.803,28.07,-1.68,28.26,-1.68,28.25,-1.68
1.817,28.09,-1.75,28.26,-1.68,28.25,-1.68
1.831,28.07,-1.72,28.26,-1.68,28.25,-1.68
1.845,28.06,-1.69,28.26,-1.68,28.25,-1.68
1.86,28.05,-1.68,28.26,-1.68,28.25,-1.68
1.874,28.03,-1.68,28.26,-1.68,28.25,-1.68
1.888,28.02,-1.69,28.26,-1.68,28.25,-1.68
1.902,28.08,-1.71,28.26,-1.68,28.25,-1.68
1.917,28.09,-1.7,28.26,-1.68,28.25,-1.68
1.931,28.09,-1.7,28.26,-1.68,28.25,-1.68
1.945,28.04,-1.68,28.26,-1.68,28.25,-1.68
1.959,28.04,-1.69,28.26,-1.67,28.25,-1.67
1.973,28.08,-1.74,28.26,-1.67,28.25,-1.68
1.988,28.03,-1.76,28.26,-1.68,28.25,-1.68
2.002,28.08,-1.65,28.25,-1.68,28.25,-1.68
2.016,28.07,-1.65,28.25,-1.68,28.25,-1.67
2.031,28.05,-1.65,28.25,-1.67,28.25,-1.67
2.045,28.05,-1.65,28.25,-1.67,28.25,-1.67
2.059,28.03,-1.67,28.25,-1.67,28.25,-1.67
2.074,28.05,-1.71,28.25,-1.67,28.25,-1.67
2.088,28.04,-1.69,28.25,-1.67,28.25,-1.67
2.102,28.06,-1.68,28.25,-1.67,28.25,-1.67
2.117,28.07,-1.68,28.25,-1.67,28.25,-1.67
2.131,28.14,-1.72,28.25,-1.67,28.25,-1.68
2.145,28.12,-1.74,28.25,-1.68,28.25,-1.68
2.159,28.07,-1.74,28.25,-1.68,28.25,-1.68
2.173,28.05,-1.69,28.25,-1.68,28.25,-1.68
2.188,28.04,-1.67,28.25,-1.68,28.25,-1.68
2.202,28.07,-1.71,28.25,-1.67,28.25,-1.68
2.216,28.07,-1.74,28.25,-1.67,28.25,-1.68
2.231,28.1,-1.68,28.25,-1.68,28.25,-1.68
2.245,28.08,-1.62,28.25,-1.68,28.25,-1.68
2.259,28.02,-1.66,28.26,-1.68,28.25,-1.68
2.274,28.03,-1.7,28.26,-1.68,28.25,-1.68
2.288,28.06,-1.71,28.26,-1.68,28.25,-1.68
2.302,28.05,-1.69,28.26,-1.68,28.25,-1.68
2.316,28.02,-1.68,28.25,-1.68,28.25,-1.68
2.33,28.04,-1.67,28.25,-1.68,28.25,-1.68
2.345,28.03,-1.69,28.25,-1.68,28.25,-1.68
2.359,28.07,-1.65,28.25,-1.68,28.25,-1.68
2.373,28.08,-1.64,28.25,-1.68,28.25,-1.68
2.387,28.09,-1.67,28.25,-1.68,28.25,-1.68
2.402,28.04,-1.71,28.25,-1.68,28.25,-1.68
2.416,28.02,-1.71,28.25,-1.68,28.25,-1.68
2.43,28.03,-1.64,28.25,-1.68,28.25,-1.68
2.445,27.99,-1.6,28.25,-1.68,28.25,-1.68
2.459,28.02,-1.67,28.25,-1.68,28.25,-1.68
2.473,28.06,-1.72,28.25,-1.67,28.25,-1.68
2.487,28.09,-1.76,28.25,-1.67,28.25,-1.68
2.501,28.07,-1.73,28.25,-1.67,28.25,-1.67
2.516,28.05,-1.66,28.26,-1.67,28.25,-1.67
2.53,28.08,-1.66,28.25,-1.67,28.25,-1.67
2.544,28.11,-1.66,28.25,-1.67,28.25,-1.67
2.558,28.06,-1.7,28.26,-1.67,28.25,-1.67
2.572,28.0,-1.7,28.25,-1.67,28.25,-1.67
2.587,28.06,-1.63,28.25,-1.67,28.25,-1.67
2.601,28.1,-1.62,28.25,-1.67,28.25,-1.67
2.615,28.07,-1.69,28.25,-1.67,28.25,-1.67
2.629,28.04,-1.7,28.25,-1.67,28.25,-1.67
2.643,28.04,-1.67,28.25,-1.67,28.25,-1.67
2.657,28.08,-1.69,28.25,-1.67,28.25,-1.67
2.672,28.09,-1.68,28.25,-1.67,28.25,-1.67
2.686,28.06,-1.7,28.25,-1.67,28.25,-1.67
2.7,28.09,-1.71,28.25,-1.67,28.25,-1.67
2.715,28.04,-1.66,28.25,-1.67,28.25,-1.67
2.729,28.0,-1.68,28.26,-1.67,28.25,-1.67
2.743,28.05,-1.67,28.25,-1.67,28.25,-1.67
2.757,28.04,-1.63,28.25,-1.67,28.25,-1.67
2.771,28.04,-1.63,28.25,-1.67,28.25,-1.67
2.786,28.07,-1.69,28.25,-1.67,28.25,-1.67
2.8,28.05,-1.71,28.25,-1.67,28.25,-1.67
2.814,28.01,-1.7,28.25,-1.67,28.25,-1.67
2.829,28.03,-1.7,28.25,-1.67,28.25,-1.67
2.842,28.02,-1.69,28.25,-1.67,28.25,-1.67
2.856,28.06,-1.67,28.25,-1.67,28.25,-1.67
2.87,28.1,-1.66,28.25,-1.67,28.25,-1.67
2.885,28.07,-1.65,28.25,-1.67,28.25,-1.67
2.899,28.05,-1.7,28.25,-1.67,28.25,-1.67
2.913,28.02,-1.7,28.25,-1.67,28.25,-1.67
2.927,28.06,-1.68,28.25,-1.67,28.25,-1.67
2.942,28.07,-1.67,28.25,-1.67,28.25,-1.67
2.956,28.06,-1.66,28.25,-1.67,28.25,-1.67
2.97,28.03,-1.65,28.25,-1.67,28.25,-1.67
2.984,27.96,-1.65,28.25,-1.67,28.25,-1.67
2.998,28.0,-1.68,28.25,-1.67,28.25,-1.67
3.012,28.06,-1.69,28.25,-1.67,28.25,-1.67
3.027,28.02,-1.66,28.25,-1.67,28.25,-1.67
3.041,28.05,-1.64,28.25,-1.67,28.25,-1.67
3.055,28.04,-1.64,28.25,-1.67,28.25,-1.67
3.069,27.99,-1.71,28.25,-1.67,28.25,-1.67
3.084,28.0,-1.66,28.25,-1.67,28.24,-1.67
3.098,28.03,-1.6,28.25,-1.67,28.24,-1.67
3.112,28.05,-1.62,28.25,-1.66,28.24,-1.66
3.126,28.03,-1.66,28.25,-1.66,28.24,-1.66
3.141,28.03,-1.65,28.25,-1.66,28.24,-1.66
3.155,28.04,-1.69,28.25,-1.66,28.25,-1.66
3.169,28.06,-1.75,28.25,-1.66,28.24,-1.66
3.183,28.06,-1.72,28.25,-1.66,28.24,-1.67
3.197,28.04,-1.66,28.25,-1.67,28.24,-1.67
3.211,28.01,-1.64,28.25,-1.66,28.24,-1.66
3.226,28.05,-1.67,28.24,-1.66,28.24,-1.66
3.24,28.11,-1.69,28.24,-1.67,28.24,-1.67
3.254,28.08,-1.72,28.24,-1.67,28.24,-1.67
3.268,28.05,-1.7,28.24,-1.67,28.24,-1.67
3.282,28.0,-1.65,28.24,-1.67,28.24,-1.67
3.297,28.0,-1.62,28.24,-1.67,28.24,-1.67
3.311,28.06,-1.69,28.24,-1.67,28.24,-1.67
3.325,28.07,-1.71,28.24,-1.67,28.24,-1.67
3.34,28.04,-1.65,28.24,-1.67,28.24,-1.67
3.354,27.99,-1.66,28.24,-1.67,28.24,-1.67
3.368,28.07,-1.67,28.24,-1.67,28.24,-1.67
3.382,28.1,-1.66,28.24,-1.67,28.24,-1.67
3.396,28.07,-1.68,28.24,-1.67,28.24,-1.67
3.411,28.04,-1.69,28.24,-1.67,28.24,-1.67
3.425,28.01,-1.67,28.24,-1.67,28.24,-1.67
3.439,28.06,-1.62,28.24,-1.67,28.24,-1.67
3.453,28.04,-1.62,28.24,-1.66,28.24,-1.66
3.468,28.02,-1.69,28.24,-1.66,28.24,-1.66
3.482,28.02,-1.72,28.24,-1.66,28.24,-1.66
3.496,28.07,-1.72,28.24,-1.66,28.24,-1.67
3.51,28.04,-1.72,28.24,-1.67,28.24,-1.67
3.524,27.99,-1.72,28.24,-1.67,28.23,-1.67
3.538,28.02,-1.68,28.24,-1.67,28.23,-1.67
3.552,28.06,-1.66,28.23,-1.67,28.23,-1.67
3.566,28.09,-1.71,28.23,-1.67,28.23,-1.67
3.581,28.1,-1.72,28.24,-1.67,28.23,-1.67
3.595,28.08,-1.69,28.24,-1.67,28.23,-1.67
3.609,28.05,-1.7,28.24,-1.67,28.23,-1.67
3.623,28.08,-1.7,28.24,-1.67,28.24,-1.67
3.637,28.1,-1.67,28.24,-1.67,28.24,-1.67
3.652,28.11,-1.64,28.24,-1.67,28.24,-1.67
3.666,28.07,-1.64,28.24,-1.67,28.24,-1.66
3.68,28.06,-1.71,28.24,-1.66,28.24,-1.66
3.695,28.02,-1.73,28.24,-1.66,28.24,-1.66
3.709,28.05,-1.69,28.24,-1.66,28.24,-1.66
3.723,28.14,-1.71,28.24,-1.66,28.24,-1.67
3.737,28.1,-1.71,28.24,-1.67,28.24,-1.67
3.751,28.06,-1.68,28.24,-1.67,28.23,-1.67
3.765,28.09,-1.64,28.24,-1.67,28.23,-1.67
3.779,28.08,-1.64,28.24,-1.66,28.23,-1.66
3.793,28.06,-1.67,28.24,-1.66,28.23,-1.66
3.807,28.1,-1.7,28.24,-1.66,28.23,-1.66
3.821,28.06,-1.7,28.24,-1.66,28.23,-1.66
3.835,28.06,-1.69,28.24,-1.66,28.23,-1.66
3.849,28.08,-1.69,28.24,-1.66,28.23,-1.66
3.864,28.03,-1.62,28.24,-1.66,28.23,-1.66
3.878,28.0,-1.66,28.24,-1.66,28.23,-1.66
3.892,28.05,-1.69,28.23,-1.66,28.23,-1.66
3.906,28.05,-1.72,28.23,-1.66,28.23,-1.66
3.92,28.1,-1.71,28.23,-1.66,28.23,-1.66
3.934,28.1,-1.67,28.24,-1.66,28.23,-1.66
3.949,28.0,-1.63,28.24,-1.66,28.23,-1.66
3.963,28.02,-1.71,28.24,-1.66,28.23,-1.66
3.977,28.01,-1.77,28.24,-1.66,28.23,-1.66
3.992,28.06,-1.72,28.24,-1.66,28.23,-1.66
4.006,28.07,-1.68,28.23,-1.66,28.23,-1.66
4.02,27.98,-1.67,28.23,-1.66,28.23,-1.66
4.034,28.01,-1.66,28.23,-1.66,28.23,-1.66
4.048,28.04,-1.65,28.23,-1.66,28.23,-1.66
4.062,28.03,-1.72,28.23,-1.66,28.23,-1.66
4.076,28.04,-1.72,28.23,-1.66,28.23,-1.67
4.09,28.11,-1.66,28.23,-1.67,28.23,-1.67
4.105,28.13,-1.69,28.23,-1.67,28.23,-1.67
4.119,28.05,-1.71,28.24,-1.67,28.23,-1.67
4.133,28.02,-1.69,28.24,-1.67,28.23,-1.67
4.147,27.99,-1.67,28.24,-1.67,28.23,-1.67
4.161,28.08,-1.65,28.24,-1.67,28.24,-1.67
4.176,28.11,-1.63,28.24,-1.67,28.24,-1.67
4.19,28.09,-1.67,28.24,-1.67,28.24,-1.67
4.204,28.04,-1.71,28.24,-1.67,28.24,-1.67
4.218,28.06,-1.69,28.24,-1.67,28.24,-1.67
4.233,28.09,-1.68,28.24,-1.67,28.24,-1.67
4.247,28.1,-1.73,28.24,-1.67,28.23,-1.67
4.261,28.09,-1.71,28.24,-1.67,28.24,-1.67
4.275,28.08,-1.69,28.24,-1.67,28.24,-1.67
4.289,28.08,-1.66,28.24,-1.67,28.24,-1.67
4.303,28.07,-1.69,28.24,-1.67,28.24,-1.67
4.318,28.05,-1.72,28.24,-1.67,28.24,-1.67
4.332,28.1,-1.67,28.24,-1.67,28.24,-1.67
4.346,28.13,-1.67,28.24,-1.67,28.24,-1.67
4.36,28.11,-1.67,28.24,-1.67,28.24,-1.67
4.374,28.09,-1.66,28.24,-1.67,28.24,-1.67
4.388,28.04,-1.68,28.24,-1.67,28.24,-1.67
4.402,28.06,-1.7,28.24,-1.67,28.24,-1.67
4.416,28.04,-1.68,28.24,-1.67,28.24,-1.67
4.43,28.03,-1.68,28.24,-1.67,28.24,-1.67
4.444,28.03,-1.67,28.24,-1.67,28.24,-1.67
4.458,28.08,-1.67,28.24,-1.67,28.24,-1.67
4.472,28.09,-1.69,28.24,-1.67,28.24,-1.67
4.486,28.08,-1.71,28.24,-1.67,28.24,-1.67
4.5,28.08,-1.67,28.24,-1.67,28.24,-1.67
4.514,28.15,-1.65,28.24,-1.67,28.24,-1.67
4.528,28.16,-1.64,28.25,-1.68,28.25,-1.68
4.543,28.14,-1.65,28.25,-1.68,28.25,-1.68
4.557,28.01,-1.76,28.25,-1.68,28.25,-1.68
4.571,28.01,-1.69,28.25,-1.68,28.25,-1.68
4.585,28.04,-1.63,28.25,-1.68,28.24,-1.68
4.599,28.04,-1.64,28.25,-1.68,28.24,-1.68
4.613,28.04,-1.67,28.25,-1.68,28.25,-1.68
4.627,28.05,-1.69,28.25,-1.68,28.25,-1.68
4.641,28.05,-1.7,28.25,-1.68,28.25,-1.68
4.656,28.07,-1.69,28.25,-1.68,28.25,-1.68
4.67,28.07,-1.67,28.25,-1.68,28.25,-1.68
4.684,28.11,-1.67,28.25,-1.68,28.25,-1.68
4.698,28.04,-1.7,28.25,-1.68,28.25,-1.68
4.712,27.98,-1.69,28.25,-1.68,28.25,-1.68
4.727,27.98,-1.69,28.25,-1.68,28.24,-1.68
4.741,28.05,-1.72,28.25,-1.68,28.24,-1.68
4.755,28.06,-1.72,28.25,-1.68,28.24,-1.68
4.769,28.07,-1.71,28.25,-1.68,28.25,-1.68
4.784,28.07,-1.66,28.25,-1.68,28.25,-1.68
4.798,28.06,-1.67,28.25,-1.68,28.25,-1.68
4.812,28.06,-1.63,28.25,-1.68,28.25,-1.68
4.826,28.09,-1.66,28.25,-1.68,28.25,-1.68
4.84,28.09,-1.67,28.25,-1.68,28.25,-1.68
4.854,28.07,-1.69,28.25,-1.68,28.25,-1.68
4.868,28.07,-1.69,28.25,-1.68,28.25,-1.68
4.882,28.07,-1.66,28.25,-1.68,28.25,-1.68
4.896,28.06,-1.65,28.25,-1.68,28.25,-1.68
4.91,28.06,-1.67,28.25,-1.68,28.25,-1.68
4.924,28.06,-1.64,28.25,-1.68,28.25,-1.68
4.938,28.03,-1.65,28.25,-1.67,28.25,-1.67
4.952,28.01,-1.71,28.25,-1.67,28.25,-1.67
4.967,28.0,-1.74,28.25,-1.67,28.25,-1.68
4.981,28.06,-1.7,28.25,-1.68,28.25,-1.68
4.995,28.07,-1.66,28.25,-1.67,28.25,-1.67
5.009,28.07,-1.67,28.25,-1.67,28.25,-1.67
5.023,28.08,-1.65,28.25,-1.67,28.25,-1.67
5.038,28.08,-1.7,28.25,-1.67,28.25,-1.67
5.052,28.06,-1.7,28.25,-1.67,28.25,-1.67
5.066,28.07,-1.69,28.25,-1.67,28.24,-1.67
5.08,28.05,-1.66,28.25,-1.67,28.24,-1.67
5.094,28.06,-1.66,28.24,-1.67,28.24,-1.67
5.108,28.12,-1.67,28.24,-1.67,28.24,-1.67
5.122,28.1,-1.67,28.25,-1.67,28.24,-1.67
5.137,28.02,-1.7,28.25,-1.67,28.24,-1.67
5.151,28.01,-1.7,28.25,-1.67,28.24,-1.67
5.165,28.05,-1.67,28.25,-1.67,28.24,-1.67
5.179,28.06,-1.63,28.24,-1.67,28.24,-1.67
5.193,28.06,-1.65,28.25,-1.67,28.24,-1.67
5.208,28.08,-1.66,28.25,-1.67,28.24,-1.67
5.222,28.06,-1.66,28.25,-1.67,28.24,-1.67
5.236,28.07,-1.66,28.25,-1.67,28.24,-1.67
5.25,28.06,-1.66,28.25,-1.67,28.24,-1.67
5.264,28.06,-1.65,28.25,-1.67,28.24,-1.67
5.278,28.11,-1.62,28.25,-1.67,28.24,-1.67
5.293,28.1,-1.6,28.25,-1.67,28.25,-1.67
5.307,27.99,-1.72,28.25,-1.67,28.24,-1.67
5.321,27.98,-1.72,28.25,-1.67,28.24,-1.67
5.335,28.02,-1.67,28.24,-1.67,28.24,-1.67
5.349,28.03,-1.7,28.24,-1.67,28.24,-1.67
5.364,28.05,-1.63,28.24,-1.67,28.24,-1.67
5.378,28.06,-1.62,28.24,-1.67,28.24,-1.67
5.392,28.06,-1.68,28.24,-1.67,28.24,-1.67
5.406,28.08,-1.7,28.24,-1.67,28.24,-1.67
5.42,28.09,-1.66,28.24,-1.67,28.24,-1.67
5.434,28.06,-1.63,28.24,-1.67,28.24,-1.67
5.449,28.03,-1.67,28.24,-1.67,28.24,-1.67
5.463,28.02,-1.72,28.24,-1.67,28.24,-1.67
5.477,27.98,-1.7,28.24,-1.67,28.24,-1.67
5.491,28.01,-1.72,28.24,-1.67,28.24,-1.67
5.505,28.11,-1.71,28.24,-1.67,28.24,-1.67
5.519,28.08,-1.67,28.24,-1.67,28.24,-1.67
5.534,28.05,-1.7,28.24,-1.67,28.24,-1.67
5.548,28.05,-1.67,28.24,-1.67,28.24,-1.67
5.562,28.07,-1.67,28.24,-1.67,28.24,-1.67
5.576,28.07,-1.7,28.24,-1.67,28.24,-1.67
5.59,28.07,-1.7,28.25,-1.67,28.24,-1.67
5.604,28.08,-1.69,28.25,-1.67,28.24,-1.67
5.618,28.06,-1.68,28.25,-1.67,28.24,-1.67
5.632,28.05,-1.73,28.25,-1.67,28.25,-1.67
5.646,28.02,-1.78,28.25,-1.67,28.24,-1.67
5.661,28.07,-1.68,28.24,-1.67,28.24,-1.67
5.675,28.08,-1.64,28.25,-1.67,28.24,-1.67
5.689,28.11,-1.65,28.25,-1.67,28.25,-1.67
5.703,28.1,-1.68,28.25,-1.67,28.25,-1.67
5.717,28.08,-1.7,28.25,-1.67,28.25,-1.67
5.732,28.03,-1.73,28.25,-1.67,28.25,-1.67
5.746,28.04,-1.69,28.25,-1.67,28.25,-1.67
5.76,28.06,-1.68,28.25,-1.67,28.25,-1.67
5.774,28.04,-1.67,28.25,-1.67,28.25,-1.67
5.788,28.02,-1.67,28.25,-1.67,28.25,-1.67
5.802,28.14,-1.65,28.25,-1.67,28.25,-1.67
5.817,28.09,-1.68,28.25,-1.67,28.25,-1.67
5.831,28.04,-1.67,28.25,-1.67,28.25,-1.67
5.845,28.0,-1.7,28.25,-1.67,28.25,-1.67
5.859,27.98,-1.67,28.25,-1.67,28.25,-1.67
5.874,28.07,-1.63,28.25,-1.67,28.25,-1.67
5.888,28.11,-1.69,28.25,-1.67,28.25,-1.67
5.902,28.12,-1.72,28.25,-1.67,28.25,-1.67
5.917,28.09,-1.7,28.25,-1.67,28.25,-1.67
5.931,28.1,-1.64,28.25,-1.67,28.25,-1.67
5.945,28.13,-1.64,28.25,-1.67,28.25,-1.67
5.959,28.01,-1.68,28.25,-1.67,28.25,-1.67
5.973,28.04,-1.7,28.25,-1.67,28.25,-1.67
5.988,28.13,-1.73,28.25,-1.67,28.25,-1.67
6.002,28.11,-1.7,28.25,-1.67,28.25,-1.67
6.016,28.09,-1.65,28.25,-1.67,28.25,-1.67
6.03,28.1,-1.62,28.25,-1.67,28.25,-1.67
6.044,28.06,-1.65,28.25,-1.67,28.25,-1.67
6.058,28.07,-1.76,28.25,-1.67,28.25,-1.67
6.072,28.08,-1.72,28.25,-1.67,28.25,-1.67
6.086,28.1,-1.6,28.25,-1.67,28.25,-1.67
6.101,28.1,-1.63,28.25,-1.67,28.25,-1.67
6.114,28.01,-1.67,28.25,-1.67,28.25,-1.67
6.128,27.98,-1.69,28.25,-1.67,28.25,-1.67
6.142,28.08,-1.7,28.25,-1.67,28.25,-1.67
6.156,28.11,-1.67,28.25,-1.67,28.25,-1.67
6.17,28.06,-1.64,28.25,-1.67,28.25,-1.67
6.185,28.05,-1.68,28.25,-1.67,28.25,-1.67
6.199,27.99,-1.74,28.25,-1.67,28.25,-1.67
6.213,27.97,-1.75,28.25,-1.67,28.25,-1.67
6.227,28.06,-1.67,28.25,-1.67,28.25,-1.67
6.241,28.12,-1.66,28.25,-1.67,28.25,-1.67
6.255,28.12,-1.63,28.25,-1.67,28.25,-1.67
6.269,28.07,-1.61,28.25,-1.67,28.25,-1.67
6.283,28.02,-1.69,28.25,-1.67,28.25,-1.67
6.297,28.04,-1.73,28.25,-1.67,28.25,-1.67
6.312,28.09,-1.75,28.25,-1.67,28.25,-1.67
6.326,28.1,-1.69,28.25,-1.67,28.25,-1.67
6.34,28.08,-1.66,28.25,-1.67,28.25,-1.67
6.354,28.03,-1.6,28.25,-1.67,28.25,-1.67
6.368,28.02,-1.67,28.25,-1.67,28.25,-1.67
6.382,28.04,-1.77,28.25,-1.67,28.25,-1.67
6.396,28.05,-1.73,28.25,-1.67,28.25,-1.67
6.41,28.01,-1.68,28.25,-1.67,28.25,-1.67
6.425,28.12,-1.63,28.25,-1.67,28.25,-1.67
6.439,28.12,-1.64,28.25,-1.67,28.25,-1.67
6.453,28.06,-1.76,28.25,-1.67,28.25,-1.67
6.467,28.03,-1.78,28.25,-1.67,28.25,-1.67
6.481,28.08,-1.72,28.25,-1.67,28.25,-1.67
6.495,28.11,-1.67,28.25,-1.67,28.25,-1.67
6.509,28.12,-1.61,28.25,-1.67,28.25,-1.67
6.524,28.03,-1.64,28.25,-1.67,28.25,-1.67
6.538,27.99,-1.74,28.25,-1.67,28.25,-1.67
6.552,28.04,-1.77,28.25,-1.67,28.25,-1.67
6.566,28.07,-1.7,28.25,-1.67,28.25,-1.67
6.58,28.1,-1.67,28.25,-1.67,28.25,-1.67
6.594,28.11,-1.67,28.25,-1.67,28.25,-1.67
6.609,28.1,-1.67,28.25,-1.67,28.25,-1.67
6.623,28.02,-1.62,28.25,-1.67,28.25,-1.67
6.637,28.02,-1.64,28.25,-1.67,28.25,-1.67
6.651,28.07,-1.7,28.25,-1.67,28.25,-1.67
6.666,28.07,-1.7,28.25,-1.67,28.25,-1.67
6.68,28.09,-1.71,28.25,-1.67,28.25,-1.67
6.694,28.1,-1.71,28.25,-1.67,28.25,-1.67
6.708,28.06,-1.73,28.25,-1.67,28.25,-1.67
6.722,28.01,-1.71,28.25,-1.67,28.25,-1.67
6.736,28.0,-1.7,28.25,-1.67,28.25,-1.67
6.75,28.14,-1.69,28.25,-1.67,28.25,-1.67
6.764,28.15,-1.65,28.25,-1.67,28.25,-1.67
6.778,28.09,-1.69,28.25,-1.67,28.25,-1.67
6.792,28.11,-1.72,28.25,-1.67,28.25,-1.67
6.806,28.09,-1.76,28.25,-1.67,28.25,-1.67
6.82,28.05,-1.75,28.25,-1.67,28.25,-1.68
6.835,28.06,-1.7,28.25,-1.68,28.25,-1.68
6.849,28.13,-1.63,28.25,-1.68,28.25,-1.68
6.863,28.11,-1.65,28.25,-1.67,28.25,-1.67
6.877,28.04,-1.73,28.25,-1.67,28.25,-1.67
6.891,28.02,-1.75,28.25,-1.67,28.25,-1.67
6.905,28.01,-1.73,28.25,-1.67,28.25,-1.68
6.919,28.06,-1.64,28.25,-1.68,28.25,-1.67
6.934,28.1,-1.63,28.25,-1.67,28.25,-1.67
6.948,28.07,-1.63,28.25,-1.67,28.25,-1.67
6.962,28.06,-1.71,28.25,-1.67,28.25,-1.67
6.976,28.07,-1.73,28.25,-1.67,28.25,-1.67
6.99,28.02,-1.69,28.25,-1.67,28.25,-1.67
7.004,28.04,-1.7,28.25,-1.67,28.25,-1.67
7.018,28.13,-1.67,28.25,-1.67,28.25,-1.67
7.032,28.07,-1.62,28.25,-1.67,28.25,-1.67
7.046,27.99,-1.65,28.25,-1.67,28.25,-1.67
7.061,28.02,-1.74,28.25,-1.67,28.25,-1.67
7.075,28.03,-1.72,28.25,-1.67,28.25,-1.67
7.089,28.02,-1.69,28.25,-1.67,28.25,-1.67
7.103,28.02,-1.68,28.25,-1.67,28.24,-1.67
7.117,28.05,-1.63,28.24,-1.67,28.24,-1.67
7.131,28.04,-1.66,28.24,-1.67,28.24,-1.67
7.145,28.07,-1.71,28.24,-1.67,28.24,-1.67
7.16,28.09,-1.65,28.24,-1.66,28.24,-1.66
7.174,28.13,-1.67,28.24,-1.66,28.24,-1.66
7.188,28.13,-1.66,28.24,-1.66,28.24,-1.66
7.202,28.12,-1.68,28.24,-1.66,28.24,-1.66
7.216,28.11,-1.73,28.24,-1.66,28.24,-1.66
7.23,28.11,-1.74,28.24,-1.66,28.24,-1.66
7.244,28.01,-1.68,28.24,-1.66,28.24,-1.66
7.259,28.03,-1.65,28.24,-1.66,28.24,-1.66
7.273,28.08,-1.69,28.24,-1.66,28.24,-1.66
7.287,28.1,-1.73,28.24,-1.66,28.24,-1.66
7.301,28.09,-1.77,28.24,-1.66,28.24,-1.67
7.315,28.13,-1.73,28.24,-1.67,28.24,-1.67
7.329,28.1,-1.73,28.24,-1.67,28.24,-1.67
7.343,28.09,-1.65,28.24,-1.67,28.24,-1.67
7.357,28.12,-1.65,28.24,-1.67,28.24,-1.67
7.371,28.06,-1.65,28.24,-1.67,28.24,-1.67
7.386,28.08,-1.67,28.24,-1.67,28.24,-1.67
7.4,28.13,-1.72,28.24,-1.67,28.24,-1.67
7.414,28.13,-1.74,28.24,-1.67,28.24,-1.67
7.428,28.12,-1.71,28.24,-1.67,28.24,-1.67
7.442,28.07,-1.65,28.24,-1.67,28.24,-1.67
7.457,28.04,-1.65,28.24,-1.67,28.24,-1.67
7.473,28.02,-1.64,28.24,-1.67,28.24,-1.67
7.487,28.05,-1.69,28.24,-1.67,28.24,-1.67
7.501,28.09,-1.7,28.24,-1.67,28.24,-1.67
7.515,28.09,-1.66,28.24,-1.67,28.24,-1.67
7.529,28.06,-1.73,28.25,-1.66,28.24,-1.67
7.544,28.0,-1.77,28.25,-1.67,28.24,-1.67
7.559,28.0,-1.74,28.25,-1.67,28.24,-1.67
7.573,28.01,-1.69,28.25,-1.67,28.24,-1.67
7.587,28.08,-1.71,28.25,-1.67,28.24,-1.67
7.601,28.08,-1.67,28.25,-1.67,28.24,-1.67
7.615,28.05,-1.67,28.25,-1.67,28.25,-1.67
7.63,28.07,-1.69,28.25,-1.67,28.25,-1.67
7.644,28.12,-1.72,28.25,-1.67,28.25,-1.67
7.658,28.15,-1.7,28.25,-1.67,28.25,-1.67
7.672,28.13,-1.68,28.25,-1.67,28.25,-1.67
7.687,28.06,-1.68,28.25,-1.67,28.25,-1.67
7.701,28.09,-1.65,28.25,-1.67,28.25,-1.67
7.715,28.14,-1.69,28.26,-1.67,28.25,-1.67
7.729,28.11,-1.76,28.26,-1.67,28.26,-1.67
7.743,28.07,-1.73,28.26,-1.68,28.26,-1.68
7.757,28.11,-1.76,28.26,-1.68,28.26,-1.68
7.771,28.11,-1.72,28.26,-1.68,28.26,-1.68
7.786,28.08,-1.66,28.26,-1.68,28.26,-1.68
7.8,27.95,-1.64,28.26,-1.68,28.26,-1.68
7.814,27.94,-1.65,28.26,-1.68,28.26,-1.68
7.828,28.05,-1.67,28.26,-1.68,28.26,-1.68
7.842,27.99,-1.67,28.26,-1.68,28.26,-1.68
7.856,27.98,-1.65,28.26,-1.68,28.26,-1.68
7.871,28.08,-1.66,28.26,-1.68,28.26,-1.68
7.885,28.12,-1.67,28.26,-1.68,28.26,-1.68
7.899,28.06,-1.64,28.26,-1.68,28.26,-1.68
7.913,28.05,-1.68,28.26,-1.68,28.26,-1.68
7.928,28.06,-1.73,28.26,-1.68,28.26,-1.68
7.942,28.08,-1.71,28.26,-1.68,28.26,-1.68
7.956,28.05,-1.67,28.27,-1.68,28.26,-1.68
7.97,28.04,-1.68,28.27,-1.68,28.26,-1.68
7.984,28.06,-1.69,28.27,-1.68,28.26,-1.68
7.999,28.07,-1.7,28.27,-1.68,28.26,-1.68
8.013,28.06,-1.65,28.27,-1.68,28.26,-1.68
8.027,28.06,-1.64,28.27,-1.68,28.26,-1.68
8.041,28.05,-1.65,28.27,-1.68,28.26,-1.68
8.056,27.98,-1.65,28.27,-1.68,28.26,-1.68
8.07,27.98,-1.69,28.27,-1.68,28.26,-1.68
8.085,28.1,-1.76,28.26,-1.68,28.26,-1.68
8.099,28.13,-1.69,28.26,-1.68,28.26,-1.68
8.114,28.05,-1.6,28.27,-1.68,28.27,-1.68
8.128,28.04,-1.63,28.27,-1.68,28.26,-1.68
8.142,28.07,-1.71,28.27,-1.68,28.26,-1.68
8.157,28.08,-1.68,28.27,-1.68,28.27,-1.68
8.171,28.06,-1.67,28.27,-1.68,28.27,-1.68
8.185,28.04,-1.7,28.27,-1.68,28.27,-1.68
8.199,28.04,-1.68,28.27,-1.69,28.27,-1.69
8.214,28.09,-1.65,28.27,-1.69,28.27,-1.69
8.228,28.06,-1.65,28.27,-1.69,28.27,-1.68
8.242,28.04,-1.69,28.27,-1.68,28.27,-1.69
8.256,28.04,-1.71,28.27,-1.69,28.27,-1.69
8.27,28.08,-1.72,28.27,-1.69,28.27,-1.69
8.285,28.08,-1.64,28.27,-1.69,28.27,-1.69
8.3,28.07,-1.63,28.27,-1.69,28.27,-1.68
8.314,28.09,-1.69,28.27,-1.68,28.27,-1.68
8.328,28.09,-1.73,28.27,-1.68,28.27,-1.69
8.342,28.05,-1.73,28.27,-1.69,28.27,-1.69
8.356,28.07,-1.72,28.27,-1.68,28.27,-1.69
8.37,28.12,-1.67,28.27,-1.68,28.27,-1.68
8.385,28.07,-1.67,28.27,-1.68,28.27,-1.68
8.399,28.03,-1.7,28.27,-1.68,28.27,-1.68
8.413,28.04,-1.67,28.27,-1.68,28.27,-1.68
8.427,28.06,-1.66,28.27,-1.69,28.27,-1.69
8.442,28.1,-1.67,28.27,-1.69,28.27,-1.69
8.456,28.07,-1.67,28.27,-1.69,28.27,-1.69
8.47,27.99,-1.64,28.27,-1.69,28.26,-1.69
8.484,28.0,-1.66,28.27,-1.69,28.26,-1.69
8.498,28.05,-1.64,28.27,-1.69,28.26,-1.68
8.513,28.06,-1.67,28.26,-1.68,28.26,-1.68
8.526,28.04,-1.73,28.26,-1.68,28.26,-1.69
8.541,28.07,-1.67,28.26,-1.69,28.26,-1.69
8.555,28.11,-1.64,28.26,-1.69,28.26,-1.68
8.569,28.08,-1.66,28.26,-1.68,28.26,-1.68
8.583,28.02,-1.7,28.27,-1.68,28.26,-1.68
8.598,27.99,-1.73,28.27,-1.68,28.26,-1.68
8.612,28.03,-1.72,28.26,-1.69,28.26,-1.69
8.626,28.07,-1.67,28.26,-1.69,28.26,-1.69
8.64,28.08,-1.67,28.26,-1.69,28.26,-1.69
8.655,28.08,-1.67,28.26,-1.69,28.26,-1.69
8.669,28.03,-1.69,28.26,-1.69,28.26,-1.69
8.683,28.05,-1.71,28.26,-1.69,28.26,-1.69
8.697,28.04,-1.69,28.26,-1.69,28.26,-1.69
8.711,28.05,-1.65,28.26,-1.69,28.26,-1.69
8.725,28.05,-1.65,28.26,-1.69,28.26,-1.69
8.739,28.05,-1.63,28.26,-1.69,28.26,-1.69
8.753,28.03,-1.68,28.26,-1.69,28.26,-1.69
8.768,28.0,-1.66,28.26,-1.69,28.26,-1.69
8.782,28.02,-1.61,28.26,-1.69,28.26,-1.69
8.796,28.1,-1.72,28.26,-1.69,28.26,-1.69
8.81,28.07,-1.73,28.26,-1.69,28.26,-1.69
8.824,28.03,-1.71,28.26,-1.69,28.26,-1.69
8.838,28.06,-1.67,28.26,-1.69,28.26,-1.69
8.853,28.05,-1.7,28.26,-1.69,28.26,-1.69
8.867,28.05,-1.73,28.26,-1.69,28.26,-1.69
8.881,28.01,-1.69,28.26,-1.69,28.26,-1.69
8.895,28.06,-1.6,28.26,-1.69,28.26,-1.69
8.91,28.08,-1.65,28.26,-1.69,28.26,-1.69
8.924,28.1,-1.67,28.26,-1.69,28.26,-1.69
8.938,28.06,-1.65,28.26,-1.69,28.26,-1.69
8.952,28.04,-1.65,28.26,-1.69,28.26,-1.69
8.967,28.11,-1.67,28.26,-1.69,28.26,-1.69
8.981,28.11,-1.7,28.26,-1.69,28.26,-1.69
8.995,27.99,-1.67,28.26,-1.69,28.26,-1.69
9.009,27.98,-1.65,28.26,-1.69,28.26,-1.69
9.023,28.08,-1.67,28.26,-1.69,28.26,-1.69
9.038,28.11,-1.73,28.26,-1.69,28.26,-1.69
9.052,27.99,-1.71,28.26,-1.69,28.26,-1.69
9.066,27.95,-1.65,28.26,-1.69,28.26,-1.69
9.08,28.03,-1.63,28.26,-1.69,28.26,-1.69
9.095,28.09,-1.65,28.26,-1.69,28.26,-1.69
9.109,28.03,-1.66,28.26,-1.69,28.26,-1.69
9.124,28.0,-1.63,28.26,-1.69,28.25,-1.69
9.138,28.1,-1.65,28.26,-1.69,28.25,-1.69
9.152,28.11,-1.67,28.26,-1.69,28.25,-1.69
9.167,28.04,-1.66,28.26,-1.69,28.25,-1.69
9.181,28.01,-1.73,28.26,-1.69,28.26,-1.69
9.195,28.12,-1.74,28.26,-1.69,28.25,-1.69
9.209,28.16,-1.73,28.25,-1.69,28.25,-1.69
9.224,27.98,-1.67,28.26,-1.69,28.25,-1.69
9.238,27.91,-1.63,28.26,-1.69,28.25,-1.69
9.252,28.1,-1.7,28.26,-1.69,28.25,-1.69
9.266,28.09,-1.71,28.26,-1.69,28.25,-1.69
9.281,28.0,-1.67,28.26,-1.69,28.25,-1.69
9.295,27.98,-1.7,28.26,-1.69,28.25,-1.69
9.309,28.14,-1.66,28.25,-1.69,28.25,-1.69
9.324,28.15,-1.66,28.26,-1.69,28.25,-1.69
9.338,28.08,-1.66,28.26,-1.69,28.25,-1.69
9.352,27.97,-1.66,28.26,-1.69,28.25,-1.69
9.366,28.02,-1.69,28.25,-1.69,28.25,-1.69
9.381,28.11,-1.7,28.25,-1.69,28.25,-1.69
9.395,28.05,-1.67,28.25,-1.69,28.25,-1.69
9.409,27.99,-1.67,28.25,-1.69,28.25,-1.69
9.423,28.08,-1.69,28.25,-1.69,28.25,-1.69
9.437,28.12,-1.7,28.25,-1.69,28.25,-1.69
9.451,28.04,-1.7,28.25,-1.69,28.25,-1.69
9.466,27.98,-1.69,28.25,-1.69,28.25,-1.69
9.48,28.04,-1.67,28.25,-1.69,28.25,-1.69
9.494,28.12,-1.65,28.25,-1.69,28.24,-1.69
9.509,28.1,-1.67,28.25,-1.69,28.25,-1.69
9.523,28.09,-1.73,28.25,-1.69,28.25,-1.69
9.537,28.15,-1.72,28.25,-1.69,28.25,-1.69
9.551,28.15,-1.68,28.25,-1.69,28.25,-1.69
9.565,28.07,-1.66,28.25,-1.69,28.25,-1.69
9.579,27.97,-1.66,28.25,-1.69,28.25,-1.69
9.594,28.02,-1.7,28.25,-1.69,28.25,-1.69
9.608,28.06,-1.76,28.25,-1.69,28.24,-1.69
9.623,28.06,-1.75,28.25,-1.69,28.24,-1.69
9.637,28.03,-1.65,28.25,-1.69,28.24,-1.69
9.651,28.04,-1.62,28.25,-1.69,28.24,-1.69
9.665,28.06,-1.66,28.25,-1.69,28.24,-1.69
9.68,28.05,-1.69,28.24,-1.69,28.24,-1.69
9.694,28.08,-1.69,28.24,-1.69,28.24,-1.69
9.708,28.12,-1.68,28.24,-1.69,28.24,-1.69
9.722,28.1,-1.69,28.24,-1.69,28.24,-1.69
9.737,28.01,-1.7,28.24,-1.69,28.24,-1.69
9.751,27.99,-1.72,28.25,-1.69,28.24,-1.69
9.765,28.02,-1.67,28.24,-1.69,28.24,-1.69
9.779,28.05,-1.66,28.24,-1.69,28.24,-1.69
9.793,28.09,-1.65,28.24,-1.69,28.24,-1.69
9.807,28.09,-1.71,28.24,-1.69,28.24,-1.69
9.822,28.1,-1.72,28.24,-1.69,28.24,-1.69
9.836,28.09,-1.71,28.24,-1.69,28.24,-1.69
9.85,28.1,-1.69,28.25,-1.69,28.24,-1.69
9.864,27.99,-1.6,28.25,-1.69,28.24,-1.69
9.879,27.99,-1.64,28.25,-1.69,28.24,-1.69
9.893,28.08,-1.72,28.25,-1.69,28.24,-1.69
9.907,28.07,-1.75,28.25,-1.69,28.24,-1.69
9.922,28.02,-1.74,28.25,-1.69,28.24,-1.69
9.936,27.99,-1.66,28.25,-1.69,28.24,-1.69
9.95,28.04,-1.65,28.24,-1.69,28.24,-1.69
9.964,28.07,-1.66,28.24,-1.69,28.24,-1.69
9.978,28.08,-1.66,28.24,-1.69,28.24,-1.69
9.993,28.07,-1.68,28.24,-1.69,28.24,-1.69
10.007,28.1,-1.71,28.24,-1.69,28.24,-1.69
10.021,28.1,-1.71,28.24,-1.69,28.24,-1.69
10.035,28.0,-1.64,28.24,-1.69,28.24,-1.69
10.049,27.98,-1.66,28.24,-1.69,28.24,-1.69
10.064,28.01,-1.64,28.24,-1.69,28.24,-1.69
10.078,28.05,-1.64,28.24,-1.68,28.24,-1.68
10.092,28.05,-1.69,28.24,-1.68,28.24,-1.68
10.106,28.06,-1.68,28.24,-1.68,28.24,-1.68
10.121,28.09,-1.71,28.24,-1.68,28.24,-1.68
10.135,28.06,-1.67,28.24,-1.68,28.24,-1.68
10.149,28.06,-1.64,28.24,-1.68,28.24,-1.68
10.164,28.06,-1.68,28.24,-1.68,28.24,-1.68
10.178,28.06,-1.68,28.24,-1.68,28.24,-1.68
10.192,28.09,-1.71,28.24,-1.68,28.24,-1.68
10.208,28.08,-1.7,28.24,-1.68,28.24,-1.68
10.223,28.09,-1.65,28.24,-1.68,28.24,-1.68
10.237,28.15,-1.67,28.24,-1.68,28.24,-1.68
10.251,28.15,-1.72,28.24,-1.68,28.24,-1.68
10.265,28.09,-1.73,28.24,-1.68,28.24,-1.68
10.279,28.06,-1.69,28.25,-1.68,28.24,-1.68
10.294,28.06,-1.6,28.24,-1.68,28.24,-1.68
10.308,28.09,-1.59,28.24,-1.68,28.24,-1.68
10.322,28.08,-1.63,28.24,-1.68,28.24,-1.68
10.336,28.06,-1.62,28.25,-1.68,28.24,-1.68
10.351,28.07,-1.67,28.25,-1.68,28.24,-1.68
10.365,28.02,-1.71,28.25,-1.68,28.24,-1.68
10.379,28.03,-1.67,28.24,-1.68,28.24,-1.68
10.393,28.05,-1.66,28.24,-1.68,28.24,-1.68
10.408,28.05,-1.74,28.24,-1.68,28.24,-1.68
10.422,28.01,-1.75,28.24,-1.68,28.24,-1.68
10.436,27.99,-1.73,28.24,-1.68,28.24,-1.68
10.45,28.09,-1.67,28.24,-1.68,28.24,-1.68
10.465,28.1,-1.67,28.24,-1.68,28.24,-1.68
10.479,28.06,-1.67,28.24,-1.68,28.24,-1.68
10.493,28.01,-1.66,28.24,-1.68,28.24,-1.68
10.508,28.04,-1.71,28.24,-1.68,28.24,-1.68
10.522,28.06,-1.7,28.24,-1.68,28.24,-1.68
10.536,28.05,-1.65,28.24,-1.68,28.24,-1.68
10.55,28.02,-1.65,28.24,-1.68,28.24,-1.68
10.564,28.01,-1.64,28.24,-1.68,28.24,-1.68
10.579,28.1,-1.73,28.24,-1.68,28.24,-1.68
10.593,28.12,-1.75,28.24,-1.68,28.24,-1.68
10.607,28.08,-1.7,28.24,-1.68,28.24,-1.68
10.621,28.05,-1.67,28.25,-1.68,28.24,-1.68
10.636,28.1,-1.67,28.25,-1.68,28.24,-1.68
10.65,28.07,-1.65,28.25,-1.68,28.24,-1.68
10.664,28.08,-1.72,28.25,-1.68,28.24,-1.68
10.679,28.11,-1.76,28.25,-1.68,28.25,-1.68
10.693,28.06,-1.73,28.25,-1.68,28.24,-1.68
10.707,27.97,-1.63,28.25,-1.68,28.24,-1.68
10.722,28.0,-1.64,28.25,-1.68,28.24,-1.68
10.736,28.0,-1.71,28.25,-1.68,28.24,-1.68
10.75,28.02,-1.74,28.24,-1.68,28.24,-1.68
10.764,28.06,-1.66,28.24,-1.68,28.24,-1.68
10.778,28.07,-1.64,28.24,-1.68,28.24,-1.68
10.793,28.08,-1.65,28.24,-1.68,28.24,-1.68
10.807,28.07,-1.65,28.24,-1.68,28.24,-1.68
10.822,28.05,-1.67,28.24,-1.68,28.24,-1.68
10.836,28.04,-1.67,28.24,-1.69,28.24,-1.69
10.85,28.05,-1.69,28.25,-1.69,28.24,-1.69
10.865,28.08,-1.72,28.25,-1.69,28.24,-1.69
10.879,28.12,-1.67,28.25,-1.68,28.25,-1.68
10.893,28.06,-1.62,28.25,-1.68,28.25,-1.68
10.907,28.03,-1.64,28.25,-1.68,28.25,-1.68
10.922,27.98,-1.7,28.25,-1.68,28.25,-1.68
10.936,27.99,-1.69,28.25,-1.68,28.25,-1.68
10.951,27.99,-1.65,28.25,-1.69,28.24,-1.69
10.965,28.03,-1.68,28.25,-1.69,28.24,-1.69
10.979,28.07,-1.64,28.25,-1.69,28.24,-1.69
10.993,28.07,-1.61,28.25,-1.69,28.25,-1.68
11.007,28.04,-1.65,28.25,-1.68,28.24,-1.68
11.021,28.04,-1.72,28.25,-1.68,28.24,-1.68
11.036,28.06,-1.72,28.25,-1.68,28.24,-1.68
11.05,28.0,-1.64,28.25,-1.68,28.24,-1.68
11.064,27.97,-1.64,28.24,-1.68,28.24,-1.68
11.078,28.02,-1.68,28.24,-1.68,28.24,-1.68
11.093,28.11,-1.73,28.24,-1.68,28.24,-1.68
11.107,28.06,-1.71,28.24,-1.68,28.24,-1.68
11.121,27.96,-1.67,28.24,-1.68,28.24,-1.68
11.135,27.97,-1.69,28.24,-1.68,28.24,-1.68
11.15,28.07,-1.69,28.24,-1.68,28.24,-1.68
11.164,28.11,-1.64,28.24,-1.68,28.24,-1.68
11.179,28.05,-1.63,28.24,-1.68,28.24,-1.68
11.193,28.01,-1.65,28.24,-1.68,28.24,-1.68
11.207,28.04,-1.67,28.24,-1.68,28.24,-1.68
11.222,28.04,-1.72,28.24,-1.68,28.24,-1.68
11.236,28.06,-1.71,28.24,-1.68,28.24,-1.68
11.25,28.09,-1.73,28.24,-1.68,28.24,-1.68
11.264,28.02,-1.72,28.24,-1.68,28.24,-1.69
11.278,28.03,-1.69,28.24,-1.69,28.24,-1.69
11.292,28.07,-1.69,28.24,-1.69,28.24,-1.69
11.307,28.01,-1.65,28.24,-1.69,28.24,-1.69
11.321,27.98,-1.62,28.24,-1.69,28.24,-1.69
11.335,28.01,-1.65,28.24,-1.69,28.24,-1.69
11.349,28.1,-1.71,28.24,-1.69,28.24,-1.69
11.364,28.07,-1.69,28.24,-1.69,28.24,-1.69
11.378,28.0,-1.68,28.24,-1.68,28.24,-1.68
11.392,27.99,-1.71,28.24,-1.69,28.24,-1.69
11.407,27.98,-1.67,28.24,-1.69,28.24,-1.69
11.421,28.01,-1.67,28.24,-1.68,28.24,-1.68
11.435,28.08,-1.71,28.24,-1.68,28.24,-1.68
11.449,28.07,-1.69,28.24,-1.68,28.23,-1.68
11.463,28.07,-1.66,28.24,-1.68,28.23,-1.68
11.478,28.02,-1.66,28.24,-1.68,28.23,-1.68
11.492,28.05,-1.66,28.24,-1.68,28.23,-1.68
11.506,28.06,-1.66,28.24,-1.68,28.23,-1.68
11.52,28.03,-1.7,28.24,-1.68,28.23,-1.68
11.535,27.99,-1.74,28.23,-1.68,28.23,-1.68
11.548,28.0,-1.72,28.23,-1.68,28.23,-1.68
11.563,28.02,-1.69,28.23,-1.68,28.23,-1.68
11.577,28.05,-1.6,28.23,-1.68,28.23,-1.68
11.591,28.07,-1.66,28.23,-1.68,28.23,-1.68
11.605,28.11,-1.69,28.23,-1.68,28.23,-1.68
11.619,28.07,-1.65,28.24,-1.68,28.23,-1.68
11.633,28.03,-1.66,28.24,-1.68,28.23,-1.68
11.648,28.02,-1.65,28.24,-1.68,28.23,-1.68
11.662,28.02,-1.67,28.24,-1.68,28.23,-1.68
11.676,28.08,-1.65,28.24,-1.68,28.24,-1.68
11.691,28.09,-1.64,28.24,-1.68,28.24,-1.68
11.705,28.1,-1.67,28.24,-1.68,28.24,-1.68
11.719,28.09,-1.67,28.24,-1.68,28.24,-1.68
11.733,28.1,-1.6,28.24,-1.68,28.24,-1.68
11.747,28.07,-1.64,28.24,-1.68,28.24,-1.68
11.762,28.03,-1.68,28.24,-1.68,28.24,-1.68
11.776,28.05,-1.64,28.24,-1.68,28.24,-1.68
11.79,28.07,-1.68,28.24,-1.68,28.23,-1.68
11.804,28.08,-1.73,28.24,-1.68,28.23,-1.68
11.819,27.99,-1.68,28.24,-1.68,28.23,-1.68
11.833,28.0,-1.64,28.23,-1.68,28.23,-1.68
11.847,28.02,-1.66,28.23,-1.68,28.23,-1.68
11.861,28.05,-1.67,28.23,-1.68,28.23,-1.68
11.875,28.07,-1.68,28.23,-1.68,28.23,-1.68
11.889,28.09,-1.69,28.23,-1.68,28.23,-1.68
11.904,28.05,-1.67,28.24,-1.68,28.23,-1.68
11.918,28.05,-1.66,28.23,-1.68,28.23,-1.68
11.932,28.02,-1.68,28.23,-1.67,28.23,-1.67
11.947,28.01,-1.72,28.23,-1.67,28.23,-1.67
11.961,28.09,-1.7,28.23,-1.67,28.23,-1.67
11.975,28.1,-1.65,28.23,-1.67,28.23,-1.67
11.989,28.02,-1.67,28.24,-1.67,28.23,-1.67
12.003,28.0,-1.68,28.24,-1.67,28.23,-1.67
12.018,28.04,-1.67,28.24,-1.67,28.23,-1.67
12.031,28.0,-1.66,28.24,-1.67,28.23,-1.67
12.046,27.99,-1.64,28.24,-1.67,28.23,-1.67
12.06,28.02,-1.68,28.23,-1.67,28.23,-1.67
12.074,28.07,-1.65,28.23,-1.67,28.23,-1.67
12.09,28.06,-1.63,28.23,-1.67,28.23,-1.67
12.104,28.03,-1.62,28.23,-1.67,28.23,-1.67
12.118,28.04,-1.65,28.23,-1.67,28.23,-1.67
12.133,28.08,-1.67,28.23,-1.67,28.23,-1.67
12.147,28.07,-1.67,28.23,-1.67,28.23,-1.67
12.161,28.02,-1.69,28.23,-1.67,28.23,-1.67
12.176,28.08,-1.71,28.23,-1.67,28.23,-1.67
12.19,28.09,-1.61,28.23,-1.67,28.23,-1.67
12.204,28.02,-1.62,28.23,-1.67,28.23,-1.67
12.218,28.0,-1.71,28.23,-1.67,28.23,-1.67
12.232,28.07,-1.66,28.23,-1.67,28.23,-1.67
12.246,28.09,-1.64,28.23,-1.67,28.23,-1.67
12.261,28.01,-1.67,28.23,-1.67,28.23,-1.67
12.275,27.97,-1.7,28.23,-1.67,28.23,-1.67
12.289,28.08,-1.7,28.23,-1.67,28.23,-1.67
12.304,28.15,-1.69,28.23,-1.67,28.23,-1.67
12.318,28.07,-1.75,28.23,-1.67,28.23,-1.67
12.332,28.01,-1.7,28.23,-1.67,28.23,-1.67
12.346,28.07,-1.68,28.23,-1.67,28.23,-1.67
12.361,28.08,-1.7,28.23,-1.67,28.23,-1.67
12.375,28.05,-1.66,28.23,-1.67,28.23,-1.67
12.39,28.04,-1.64,28.23,-1.67,28.23,-1.67
12.404,28.04,-1.67,28.23,-1.67,28.23,-1.67
12.418,28.04,-1.7,28.23,-1.67,28.23,-1.67
12.432,28.03,-1.69,28.23,-1.67,28.23,-1.67
12.447,28.04,-1.7,28.23,-1.67,28.23,-1.67
12.461,28.08,-1.67,28.23,-1.67,28.23,-1.67
12.475,28.05,-1.61,28.23,-1.67,28.23,-1.67
12.489,28.08,-1.65,28.23,-1.67,28.23,-1.67
12.504,28.02,-1.7,28.23,-1.67,28.23,-1.67
12.518,27.98,-1.67,28.23,-1.67,28.23,-1.67
12.532,28.05,-1.64,28.23,-1.67,28.23,-1.67
12.546,28.15,-1.7,28.23,-1.67,28.23,-1.67
12.56,28.07,-1.7,28.23,-1.67,28.23,-1.67
12.574,28.0,-1.62,28.23,-1.67,28.23,-1.67
12.588,28.05,-1.64,28.23,-1.67,28.23,-1.67
12.603,28.09,-1.67,28.23,-1.67,28.23,-1.67
12.617,28.04,-1.63,28.23,-1.67,28.23,-1.67
12.631,27.98,-1.62,28.23,-1.67,28.23,-1.67
12.645,28.03,-1.69,28.23,-1.67,28.23,-1.67
12.66,28.07,-1.67,28.23,-1.67,28.23,-1.67
12.674,28.15,-1.69,28.23,-1.67,28.23,-1.67
12.688,28.13,-1.7,28.23,-1.67,28.23,-1.67
12.702,28.0,-1.69,28.23,-1.67,28.23,-1.67
12.717,28.02,-1.67,28.23,-1.67,28.23,-1.67
12.731,28.05,-1.7,28.23,-1.67,28.23,-1.67
12.745,28.02,-1.7,28.23,-1.67,28.23,-1.67
12.759,28.05,-1.69,28.23,-1.67,28.23,-1.67
12.773,28.02,-1.67,28.23,-1.67,28.23,-1.67
12.788,28.02,-1.66,28.23,-1.67,28.23,-1.67
12.802,28.07,-1.68,28.23,-1.67,28.23,-1.67
12.816,28.05,-1.69,28.23,-1.67,28.23,-1.67
12.83,28.06,-1.68,28.23,-1.67,28.23,-1.67
12.845,28.05,-1.66,28.23,-1.67,28.23,-1.67
12.859,28.08,-1.68,28.23,-1.67,28.23,-1.67
12.873,28.07,-1.69,28.24,-1.67,28.23,-1.67
12.887,28.04,-1.69,28.24,-1.67,28.23,-1.67
12.901,28.05,-1.67,28.24,-1.67,28.24,-1.67
12.916,28.05,-1.68,28.24,-1.67,28.24,-1.67
12.93,28.03,-1.67,28.24,-1.67,28.23,-1.67
12.944,28.02,-1.71,28.24,-1.67,28.23,-1.67
12.958,28.09,-1.71,28.24,-1.67,28.23,-1.67
12.972,28.11,-1.69,28.24,-1.67,28.24,-1.67
12.987,28.09,-1.71,28.24,-1.67,28.24,-1.67
13.001,28.02,-1.71,28.24,-1.67,28.23,-1.67
13.015,28.02,-1.69,28.24,-1.67,28.23,-1.67
13.03,28.06,-1.67,28.23,-1.67,28.23,-1.67
13.044,28.08,-1.67,28.23,-1.67,28.23,-1.67
13.058,28.05,-1.77,28.23,-1.67,28.23,-1.67
13.072,28.05,-1.7,28.23,-1.67,28.23,-1.67
13.086,28.08,-1.67,28.23,-1.67,28.23,-1.67
13.1,28.03,-1.68,28.23,-1.67,28.23,-1.67
13.114,28.05,-1.72,28.23,-1.67,28.23,-1.67
13.128,28.05,-1.68,28.24,-1.67,28.23,-1.67
13.143,28.03,-1.63,28.24,-1.67,28.23,-1.67
13.157,28.07,-1.62,28.24,-1.67,28.23,-1.67
13.171,28.05,-1.64,28.24,-1.67,28.23,-1.67
13.185,28.02,-1.67,28.24,-1.67,28.24,-1.67
13.199,28.03,-1.71,28.24,-1.67,28.23,-1.67
13.213,28.05,-1.69,28.24,-1.67,28.23,-1.67
13.227,28.01,-1.69,28.24,-1.67,28.23,-1.67
13.242,28.02,-1.72,28.24,-1.67,28.23,-1.67
13.256,28.05,-1.75,28.24,-1.68,28.23,-1.68
13.27,28.04,-1.74,28.24,-1.68,28.23,-1.68
13.284,28.05,-1.69,28.23,-1.68,28.23,-1.68
13.298,28.02,-1.71,28.23,-1.68,28.23,-1.68
13.313,28.03,-1.72,28.23,-1.68,28.23,-1.68
13.327,28.06,-1.68,28.23,-1.68,28.23,-1.68
13.341,28.02,-1.69,28.23,-1.68,28.23,-1.68
13.355,28.09,-1.74,28.23,-1.68,28.23,-1.68
13.369,28.08,-1.71,28.23,-1.68,28.23,-1.68
13.384,28.05,-1.67,28.23,-1.68,28.23,-1.68
13.398,28.05,-1.69,28.23,-1.68,28.23,-1.68
13.412,28.05,-1.69,28.23,-1.68,28.23,-1.68
13.427,28.06,-1.63,28.23,-1.68,28.23,-1.68
13.441,28.07,-1.64,28.23,-1.68,28.23,-1.68
13.455,28.04,-1.65,28.23,-1.68,28.23,-1.68
13.47,28.05,-1.67,28.23,-1.68,28.23,-1.68
13.484,28.01,-1.7,28.23,-1.68,28.23,-1.68
13.498,28.03,-1.67,28.23,-1.68,28.23,-1.68
13.512,28.03,-1.68,28.23,-1.68,28.23,-1.68
13.526,28.06,-1.69,28.24,-1.68,28.23,-1.68
13.541,28.06,-1.66,28.24,-1.68,28.23,-1.68
13.555,28.06,-1.63,28.24,-1.68,28.23,-1.68
13.569,28.04,-1.61,28.24,-1.68,28.23,-1.68
13.583,28.01,-1.68,28.24,-1.68,28.24,-1.68
13.597,28.0,-1.69,28.24,-1.68,28.24,-1.68
13.612,28.08,-1.7,28.24,-1.68,28.24,-1.68
13.626,28.06,-1.72,28.24,-1.68,28.24,-1.68
13.64,28.04,-1.69,28.24,-1.68,28.24,-1.68
13.654,28.01,-1.67,28.24,-1.68,28.23,-1.68
13.669,28.03,-1.68,28.24,-1.68,28.23,-1.68
13.683,28.03,-1.72,28.24,-1.68,28.23,-1.68
13.697,28.01,-1.72,28.24,-1.68,28.23,-1.68
13.712,28.06,-1.68,28.23,-1.68,28.23,-1.68
13.726,28.1,-1.66,28.23,-1.68,28.23,-1.68
13.74,28.05,-1.67,28.23,-1.68,28.23,-1.68
13.754,28.01,-1.72,28.23,-1.68,28.23,-1.68
13.768,28.03,-1.72,28.23,-1.68,28.23,-1.68
13.782,28.04,-1.69,28.23,-1.68,28.23,-1.68
13.796,28.02,-1.69,28.23,-1.68,28.23,-1.68
13.811,28.02,-1.71,28.23,-1.68,28.23,-1.68
13.825,28.05,-1.69,28.23,-1.68,28.23,-1.68
13.839,28.05,-1.67,28.23,-1.68,28.23,-1.68
13.853,28.03,-1.72,28.23,-1.68,28.23,-1.68
13.867,28.04,-1.72,28.24,-1.68,28.23,-1.68
13.882,28.09,-1.65,28.24,-1.68,28.23,-1.68
13.896,28.14,-1.65,28.24,-1.68,28.24,-1.68
13.91,28.04,-1.66,28.24,-1.68,28.24,-1.68
13.924,28.03,-1.63,28.24,-1.68,28.24,-1.68
13.938,28.08,-1.72,28.24,-1.68,28.24,-1.68
13.953,28.09,-1.78,28.24,-1.67,28.24,-1.68
13.967,28.1,-1.72,28.24,-1.68,28.24,-1.68
13.981,28.11,-1.67,28.24,-1.68,28.24,-1.68
13.995,28.05,-1.69,28.24,-1.68,28.24,-1.68
14.009,28.03,-1.72,28.24,-1.68,28.24,-1.68
14.024,28.06,-1.71,28.24,-1.68,28.24,-1.68
14.038,28.06,-1.69,28.24,-1.68,28.24,-1.68
14.052,28.04,-1.7,28.24,-1.68,28.24,-1.68
14.066,28.03,-1.63,28.24,-1.68,28.24,-1.68
14.08,28.05,-1.63,28.24,-1.68,28.24,-1.68
14.095,28.05,-1.68,28.24,-1.68,28.24,-1.68
14.109,28.13,-1.65,28.24,-1.68,28.24,-1.68
14.123,28.11,-1.63,28.24,-1.68,28.24,-1.68
14.138,28.01,-1.71,28.24,-1.68,28.24,-1.68
14.152,28.03,-1.69,28.24,-1.68,28.24,-1.68
14.166,28.12,-1.73,28.24,-1.68,28.24,-1.68
14.18,28.1,-1.73,28.24,-1.68,28.24,-1.68
14.194,28.07,-1.7,28.24,-1.68,28.24,-1.68
14.208,28.03,-1.74,28.25,-1.68,28.24,-1.68
14.222,28.01,-1.73,28.25,-1.68,28.24,-1.68
14.237,28.07,-1.67,28.25,-1.68,28.24,-1.68
14.251,28.07,-1.66,28.25,-1.68,28.24,-1.68
14.265,28.07,-1.66,28.25,-1.68,28.24,-1.68
14.279,28.06,-1.64,28.24,-1.68,28.24,-1.68
14.294,28.0,-1.62,28.24,-1.68,28.24,-1.68
14.308,28.02,-1.63,28.24,-1.68,28.24,-1.68
14.322,28.07,-1.61,28.24,-1.68,28.24,-1.67
14.336,28.1,-1.66,28.24,-1.67,28.24,-1.67
14.35,28.03,-1.65,28.24,-1.67,28.24,-1.67
14.365,28.06,-1.71,28.24,-1.67,28.24,-1.67
14.379,28.12,-1.73,28.24,-1.67,28.24,-1.68
14.393,28.12,-1.69,28.24,-1.68,28.24,-1.68
14.407,28.09,-1.69,28.24,-1.68,28.24,-1.68
14.421,28.03,-1.68,28.24,-1.68,28.24,-1.68
14.436,28.02,-1.74,28.24,-1.68,28.24,-1.68
14.45,28.07,-1.73,28.24,-1.68,28.24,-1.68
14.464,28.07,-1.63,28.24,-1.68,28.24,-1.68
14.479,28.04,-1.62,28.24,-1.68,28.24,-1.68
14.493,28.03,-1.62,28.24,-1.68,28.24,-1.68
14.507,28.04,-1.64,28.24,-1.68,28.24,-1.68
14.521,28.06,-1.7,28.24,-1.68,28.24,-1.68
14.535,28.08,-1.74,28.24,-1.68,28.24,-1.68
14.55,28.08,-1.73,28.25,-1.68,28.24,-1.68
14.564,28.0,-1.72,28.25,-1.68,28.24,-1.68
14.578,28.03,-1.7,28.25,-1.68,28.24,-1.68
14.592,28.06,-1.64,28.24,-1.68,28.24,-1.68
14.607,28.09,-1.63,28.24,-1.68,28.24,-1.68
14.621,28.1,-1.67,28.24,-1.68,28.24,-1.68
14.635,28.07,-1.69,28.24,-1.68,28.24,-1.68
14.649,28.04,-1.69,28.24,-1.68,28.24,-1.68
14.663,28.13,-1.68,28.24,-1.68,28.24,-1.68
14.677,28.09,-1.67,28.24,-1.68,28.24,-1.68
14.692,27.96,-1.72,28.25,-1.68,28.24,-1.68
14.706,27.97,-1.71,28.25,-1.68,28.24,-1.68
14.72,28.0,-1.62,28.25,-1.68,28.24,-1.68
14.734,28.04,-1.67,28.24,-1.68,28.24,-1.68
14.748,28.07,-1.75,28.24,-1.68,28.24,-1.68
14.763,28.08,-1.75,28.24,-1.68,28.24,-1.68
14.777,28.05,-1.78,28.24,-1.68,28.24,-1.68
14.791,28.04,-1.73,28.24,-1.68,28.24,-1.68
14.806,28.06,-1.64,28.24,-1.68,28.24,-1.68
14.82,28.06,-1.61,28.24,-1.68,28.24,-1.68
14.834,28.02,-1.67,28.24,-1.68,28.24,-1.68
14.849,28.07,-1.69,28.24,-1.68,28.24,-1.68
14.863,28.08,-1.69,28.24,-1.68,28.24,-1.68
14.877,28.02,-1.69,28.24,-1.68,28.24,-1.68
14.892,28.0,-1.67,28.24,-1.68,28.24,-1.68
14.906,28.06,-1.67,28.24,-1.68,28.24,-1.68
14.921,28.08,-1.65,28.24,-1.68,28.24,-1.68
14.934,28.07,-1.65,28.24,-1.68,28.24,-1.68
14.949,28.06,-1.69,28.24,-1.68,28.24,-1.68
14.963,28.03,-1.67,28.24,-1.68,28.24,-1.68
14.977,28.04,-1.63,28.24,-1.68,28.24,-1.68
14.991,28.07,-1.6,28.24,-1.68,28.24,-1.68
15.005,28.07,-1.66,28.24,-1.68,28.24,-1.68
15.019,28.05,-1.69,28.24,-1.68,28.24,-1.68
15.034,28.03,-1.7,28.24,-1.68,28.24,-1.68
15.048,28.02,-1.73,28.24,-1.68,28.24,-1.68
15.062,28.02,-1.71,28.24,-1.68,28.24,-1.68
15.076,28.03,-1.67,28.24,-1.68,28.24,-1.68
15.09,28.04,-1.63,28.24,-1.68,28.24,-1.68
15.104,28.13,-1.66,28.24,-1.68,28.24,-1.68
15.118,28.08,-1.68,28.24,-1.68,28.24,-1.68
15.132,28.03,-1.69,28.24,-1.68,28.24,-1.68
15.146,28.01,-1.66,28.25,-1.68,28.24,-1.68
15.16,28.03,-1.69,28.25,-1.68,28.24,-1.68
15.175,28.01,-1.68,28.25,-1.68,28.24,-1.68
15.189,28.03,-1.6,28.24,-1.68,28.24,-1.68
15.203,28.1,-1.7,28.24,-1.68,28.24,-1.68
15.217,28.1,-1.75,28.24,-1.68,28.24,-1.68
15.231,28.1,-1.74,28.25,-1.68,28.24,-1.68
15.246,28.11,-1.7,28.25,-1.68,28.24,-1.68
15.26,28.08,-1.69,28.25,-1.68,28.24,-1.68
15.274,28.04,-1.67,28.25,-1.68,28.24,-1.68
15.288,28.05,-1.67,28.25,-1.68,28.24,-1.68
15.302,28.09,-1.68,28.25,-1.68,28.24,-1.68
15.316,28.08,-1.7,28.25,-1.68,28.25,-1.68
15.331,28.04,-1.68,28.25,-1.68,28.25,-1.68
15.345,28.07,-1.68,28.25,-1.68,28.25,-1.68
15.359,28.04,-1.65,28.25,-1.68,28.24,-1.68
15.373,28.02,-1.63,28.25,-1.68,28.24,-1.68
15.387,28.02,-1.6,28.25,-1.68,28.24,-1.68
15.402,28.0,-1.67,28.25,-1.68,28.24,-1.68
15.416,28.02,-1.71,28.25,-1.68,28.24,-1.68
15.43,28.04,-1.71,28.25,-1.68,28.24,-1.68
15.444,28.05,-1.7,28.25,-1.68,28.24,-1.68
15.458,28.1,-1.69,28.25,-1.68,28.25,-1.68
15.473,28.08,-1.72,28.25,-1.68,28.25,-1.68
15.487,28.03,-1.7,28.25,-1.68,28.25,-1.68
15.501,28.04,-1.67,28.25,-1.68,28.25,-1.68
15.516,28.06,-1.69,28.25,-1.68,28.25,-1.68
15.53,28.04,-1.68,28.25,-1.68,28.25,-1.68
15.544,28.01,-1.67,28.25,-1.68,28.25,-1.68
15.558,27.99,-1.66,28.25,-1.68,28.25,-1.68
15.572,28.05,-1.67,28.25,-1.68,28.25,-1.68
15.586,28.09,-1.69,28.25,-1.68,28.24,-1.68
15.6,28.03,-1.71,28.25,-1.68,28.24,-1.68
15.615,28.0,-1.72,28.25,-1.68,28.24,-1.68
15.629,28.07,-1.65,28.24,-1.68,28.24,-1.68
15.643,28.05,-1.66,28.24,-1.68,28.24,-1.68
15.658,28.04,-1.69,28.24,-1.68,28.24,-1.68
15.672,28.02,-1.67,28.24,-1.68,28.24,-1.68
15.686,28.03,-1.66,28.24,-1.68,28.24,-1.68
15.7,28.06,-1.66,28.24,-1.68,28.24,-1.68
15.714,28.07,-1.69,28.24,-1.68,28.24,-1.68
15.729,28.09,-1.65,28.24,-1.68,28.24,-1.68
15.743,28.07,-1.61,28.24,-1.68,28.24,-1.68
15.757,28.02,-1.66,28.24,-1.68,28.24,-1.68
15.771,28.01,-1.71,28.24,-1.68,28.24,-1.68
15.785,28.05,-1.74,28.24,-1.68,28.24,-1.68
15.8,28.14,-1.71,28.24,-1.68,28.24,-1.68
15.814,28.1,-1.69,28.24,-1.68,28.24,-1.68
15.829,28.04,-1.68,28.24,-1.68,28.24,-1.68
15.843,28.02,-1.67,28.24,-1.68,28.24,-1.68
15.857,28.05,-1.72,28.24,-1.68,28.24,-1.68
15.871,28.1,-1.73,28.24,-1.68,28.24,-1.68
15.885,28.1,-1.63,28.24,-1.68,28.24,-1.68
15.899,28.07,-1.64,28.25,-1.68,28.24,-1.68
15.913,28.05,-1.67,28.25,-1.68,28.24,-1.68
15.928,28.0,-1.7,28.25,-1.68,28.24,-1.68
15.942,28.0,-1.69,28.25,-1.68,28.24,-1.68
15.956,28.07,-1.68,28.25,-1.68,28.24,-1.68
15.97,28.11,-1.67,28.25,-1.68,28.24,-1.68
15.984,28.04,-1.62,28.25,-1.68,28.24,-1.68
15.999,28.02,-1.59,28.25,-1.68,28.24,-1.68
16.013,28.01,-1.62,28.25,-1.67,28.24,-1.67
16.027,28.07,-1.69,28.25,-1.67,28.24,-1.67
16.041,28.07,-1.71,28.25,-1.67,28.24,-1.67
16.055,28.03,-1.72,28.25,-1.67,28.24,-1.68
16.07,28.06,-1.67,28.25,-1.68,28.24,-1.68
16.084,28.04,-1.67,28.25,-1.68,28.24,-1.68
16.098,28.04,-1.63,28.25,-1.68,28.24,-1.67
16.112,28.05,-1.6,28.24,-1.67,28.24,-1.67
16.126,28.06,-1.62,28.24,-1.67,28.24,-1.67
16.14,28.09,-1.67,28.24,-1.67,28.24,-1.67
16.154,28.07,-1.65,28.24,-1.67,28.24,-1.67
16.169,28.05,-1.64,28.24,-1.67,28.24,-1.67
16.183,28.03,-1.67,28.24,-1.67,28.24,-1.67
16.197,28.02,-1.68,28.24,-1.67,28.24,-1.67
16.211,28.04,-1.67,28.24,-1.67,28.24,-1.67
16.225,28.13,-1.67,28.24,-1.67,28.24,-1.67
16.239,28.1,-1.71,28.25,-1.67,28.24,-1.67
16.254,28.02,-1.74,28.24,-1.67,28.24,-1.68
16.268,28.05,-1.71,28.24,-1.68,28.24,-1.68
16.282,28.05,-1.66,28.24,-1.68,28.24,-1.68
16.296,28.03,-1.65,28.25,-1.68,28.24,-1.68
16.31,28.03,-1.66,28.25,-1.68,28.24,-1.68
16.325,28.04,-1.65,28.25,-1.68,28.24,-1.68
16.339,28.06,-1.65,28.24,-1.68,28.24,-1.68
16.353,28.07,-1.65,28.24,-1.68,28.24,-1.68
16.367,28.06,-1.66,28.24,-1.67,28.24,-1.67
16.381,28.13,-1.65,28.24,-1.67,28.24,-1.67
16.395,28.12,-1.63,28.24,-1.67,28.24,-1.67
16.409,28.05,-1.65,28.24,-1.67,28.24,-1.67
16.423,28.04,-1.7,28.25,-1.67,28.24,-1.67
16.438,28.05,-1.72,28.25,-1.67,28.24,-1.67
16.452,28.11,-1.74,28.25,-1.67,28.25,-1.67
16.466,28.08,-1.71,28.25,-1.67,28.25,-1.68
16.48,28.03,-1.7,28.25,-1.68,28.25,-1.68
16.495,28.04,-1.67,28.25,-1.68,28.25,-1.68
16.509,28.03,-1.62,28.25,-1.68,28.25,-1.68
16.524,28.04,-1.65,28.25,-1.68,28.25,-1.68
16.538,28.05,-1.69,28.25,-1.68,28.25,-1.68
16.552,28.08,-1.69,28.25,-1.68,28.25,-1.68
16.566,28.07,-1.69,28.25,-1.68,28.25,-1.68
16.581,28.03,-1.66,28.25,-1.68,28.25,-1.68
16.595,28.02,-1.67,28.25,-1.68,28.25,-1.68
16.609,28.08,-1.72,28.25,-1.68,28.25,-1.68
16.623,28.08,-1.7,28.25,-1.68,28.25,-1.68
16.637,28.04,-1.69,28.25,-1.68,28.25,-1.68
16.651,28.03,-1.66,28.25,-1.68,28.25,-1.68
16.666,28.05,-1.66,28.25,-1.68,28.25,-1.68
16.68,28.01,-1.67,28.25,-1.68,28.25,-1.68
16.694,27.91,-1.64,28.25,-1.68,28.25,-1.68
16.709,27.96,-1.65,28.25,-1.68,28.25,-1.68
16.723,27.99,-1.68,28.25,-1.68,28.25,-1.68
16.738,28.1,-1.66,28.25,-1.68,28.25,-1.68
16.752,28.09,-1.66,28.25,-1.68,28.25,-1.68
16.766,28.07,-1.64,28.25,-1.68,28.25,-1.68
16.78,28.1,-1.63,28.25,-1.68,28.25,-1.68
16.795,28.09,-1.71,28.25,-1.68,28.25,-1.68
16.809,28.08,-1.71,28.25,-1.68,28.25,-1.68
16.824,28.07,-1.67,28.25,-1.68,28.25,-1.68
16.838,28.12,-1.71,28.25,-1.67,28.25,-1.67
16.852,28.11,-1.73,28.25,-1.68,28.25,-1.68
16.867,28.08,-1.67,28.25,-1.68,28.25,-1.68
16.881,28.08,-1.69,28.25,-1.68,28.25,-1.68
16.895,28.14,-1.73,28.25,-1.68,28.25,-1.68
16.909,28.1,-1.76,28.25,-1.68,28.25,-1.68
16.924,28.03,-1.74,28.25,-1.68,28.25,-1.68
16.938,28.02,-1.73,28.25,-1.68,28.25,-1.68
16.952,28.05,-1.71,28.25,-1.68,28.25,-1.68
16.966,28.08,-1.66,28.25,-1.68,28.25,-1.68
16.98,28.06,-1.66,28.25,-1.68,28.25,-1.68
16.995,28.07,-1.63,28.25,-1.68,28.25,-1.68
17.009,28.03,-1.65,28.25,-1.68,28.25,-1.68
17.023,28.01,-1.71,28.25,-1.68,28.25,-1.68
17.037,28.02,-1.71,28.25,-1.68,28.25,-1.68
17.051,28.02,-1.69,28.25,-1.68,28.25,-1.68
17.066,28.06,-1.66,28.25,-1.68,28.25,-1.68
17.08,28.05,-1.66,28.25,-1.68,28.25,-1.68
17.095,28.07,-1.68,28.25,-1.68,28.25,-1.68
17.109,28.07,-1.71,28.25,-1.68,28.25,-1.68
17.123,28.12,-1.67,28.25,-1.68,28.25,-1.68
17.137,28.1,-1.65,28.26,-1.68,28.25,-1.68
17.151,28.12,-1.67,28.25,-1.68,28.25,-1.68
17.166,28.13,-1.68,28.25,-1.68,28.25,-1.68
17.18,28.06,-1.66,28.25,-1.68,28.25,-1.68
17.194,28.05,-1.63,28.25,-1.68,28.25,-1.68
17.209,28.08,-1.67,28.25,-1.68,28.25,-1.68
17.223,28.06,-1.74,28.25,-1.68,28.25,-1.68
17.237,28.05,-1.74,28.25,-1.68,28.25,-1.68
17.252,28.08,-1.73,28.26,-1.68,28.25,-1.68
17.266,28.04,-1.7,28.26,-1.68,28.25,-1.68
17.28,28.03,-1.69,28.26,-1.68,28.25,-1.68
17.294,28.05,-1.71,28.26,-1.68,28.25,-1.68
17.308,28.08,-1.72,28.26,-1.68,28.25,-1.68
17.323,28.07,-1.64,28.26,-1.68,28.25,-1.68
17.337,28.03,-1.66,28.26,-1.68,28.25,-1.68
17.351,28.04,-1.71,28.26,-1.68,28.25,-1.68
17.365,28.07,-1.71,28.26,-1.68,28.25,-1.68
17.38,28.12,-1.64,28.26,-1.68,28.25,-1.68
17.394,28.11,-1.64,28.26,-1.68,28.26,-1.68
17.408,28.07,-1.67,28.26,-1.68,28.26,-1.68
17.422,28.04,-1.69,28.26,-1.68,28.25,-1.68
17.437,28.05,-1.69,28.26,-1.68,28.25,-1.68
17.451,28.06,-1.65,28.26,-1.68,28.25,-1.68
17.465,28.02,-1.7,28.25,-1.68,28.25,-1.68
17.479,28.0,-1.73,28.25,-1.68,28.25,-1.68
17.494,28.05,-1.7,28.25,-1.68,28.25,-1.68
17.508,28.12,-1.66,28.25,-1.68,28.25,-1.68
17.522,28.1,-1.68,28.25,-1.68,28.25,-1.68
17.536,28.07,-1.68,28.25,-1.68,28.25,-1.68
17.55,28.05,-1.67,28.25,-1.68,28.25,-1.68
17.565,28.06,-1.69,28.25,-1.68,28.25,-1.68
17.581,28.1,-1.7,28.25,-1.68,28.25,-1.68
17.595,28.09,-1.7,28.25,-1.68,28.25,-1.68
17.609,28.03,-1.69,28.25,-1.68,28.25,-1.68
17.623,28.07,-1.69,28.25,-1.68,28.25,-1.68
17.638,28.07,-1.69,28.25,-1.68,28.25,-1.68
17.652,28.0,-1.69,28.25,-1.68,28.25,-1.68
17.666,28.0,-1.65,28.25,-1.68,28.25,-1.68
17.68,28.06,-1.67,28.25,-1.68,28.25,-1.68
17.694,28.09,-1.69,28.25,-1.68,28.25,-1.68
17.708,27.99,-1.62,28.25,-1.68,28.25,-1.68
17.723,28.03,-1.62,28.25,-1.68,28.25,-1.68
17.737,28.11,-1.72,28.25,-1.68,28.25,-1.68
17.751,28.04,-1.73,28.25,-1.68,28.25,-1.68
17.766,28.02,-1.65,28.25,-1.68,28.25,-1.68
17.78,28.0,-1.68,28.25,-1.68,28.25,-1.68
17.794,28.09,-1.69,28.25,-1.68,28.25,-1.68
17.808,28.08,-1.67,28.25,-1.68,28.25,-1.68
17.822,28.04,-1.67,28.25,-1.68,28.25,-1.68
17.837,28.0,-1.71,28.25,-1.68,28.25,-1.68
17.851,28.01,-1.72,28.25,-1.68,28.25,-1.68
17.865,28.06,-1.65,28.25,-1.68,28.25,-1.68
17.879,28.09,-1.64,28.25,-1.68,28.25,-1.68
17.894,28.02,-1.65,28.25,-1.68,28.25,-1.68
17.908,28.04,-1.66,28.25,-1.68,28.25,-1.68
17.922,28.07,-1.62,28.25,-1.68,28.25,-1.68
17.936,28.07,-1.62,28.25,-1.68,28.25,-1.68
17.951,28.04,-1.64,28.25,-1.68,28.24,-1.68
17.965,28.07,-1.68,28.25,-1.68,28.24,-1.68
17.979,28.08,-1.66,28.25,-1.68,28.24,-1.68
17.994,28.08,-1.69,28.25,-1.68,28.24,-1.68
18.008,28.07,-1.7,28.25,-1.67,28.24,-1.68
18.022,28.02,-1.64,28.25,-1.68,28.24,-1.67
18.036,28.01,-1.6,28.25,-1.67,28.24,-1.67
18.051,27.98,-1.61,28.24,-1.67,28.24,-1.67
18.065,28.01,-1.68,28.24,-1.67,28.24,-1.67
18.079,28.03,-1.63,28.24,-1.67,28.24,-1.67
18.093,28.05,-1.66,28.24,-1.67,28.24,-1.67
18.107,28.04,-1.68,28.24,-1.67,28.24,-1.67
18.121,28.07,-1.67,28.24,-1.67,28.24,-1.67
18.135,28.06,-1.64,28.24,-1.67,28.24,-1.67
18.15,28.07,-1.67,28.24,-1.67,28.24,-1.67
18.165,28.04,-1.67,28.24,-1.67,28.24,-1.67
18.179,28.04,-1.69,28.24,-1.67,28.24,-1.67
18.193,28.07,-1.71,28.24,-1.67,28.24,-1.67
18.207,28.04,-1.7,28.24,-1.67,28.24,-1.67
18.222,28.08,-1.62,28.24,-1.67,28.24,-1.67
18.236,28.07,-1.65,28.24,-1.67,28.24,-1.67
18.25,28.04,-1.6,28.24,-1.67,28.23,-1.67
18.264,28.02,-1.58,28.23,-1.67,28.23,-1.67
18.278,28.08,-1.78,28.23,-1.66,28.23,-1.67
18.292,28.09,-1.8,28.23,-1.67,28.23,-1.67
18.307,28.09,-1.77,28.23,-1.67,28.23,-1.67
18.321,28.04,-1.64,28.23,-1.67,28.23,-1.67
18.335,28.03,-1.68,28.23,-1.67,28.23,-1.67
18.349,28.09,-1.78,28.23,-1.67,28.23,-1.67
18.363,28.06,-1.75,28.23,-1.67,28.23,-1.67
18.377,27.98,-1.71,28.23,-1.67,28.23,-1.67
18.391,28.0,-1.71,28.23,-1.67,28.23,-1.67
18.406,28.08,-1.7,28.23,-1.67,28.23,-1.67
18.42,28.14,-1.67,28.23,-1.67,28.23,-1.67
18.434,28.05,-1.68,28.23,-1.67,28.23,-1.67
18.448,28.0,-1.72,28.23,-1.67,28.23,-1.67
18.462,28.08,-1.74,28.23,-1.67,28.23,-1.67
18.477,28.11,-1.72,28.23,-1.67,28.23,-1.67
18.491,28.07,-1.69,28.23,-1.67,28.23,-1.67
18.505,28.05,-1.68,28.23,-1.67,28.23,-1.67
18.52,28.08,-1.66,28.23,-1.67,28.23,-1.67
18.534,28.08,-1.65,28.23,-1.67,28.23,-1.67
18.548,28.08,-1.62,28.23,-1.67,28.23,-1.67
18.563,28.09,-1.67,28.23,-1.67,28.23,-1.67
18.577,28.11,-1.71,28.23,-1.67,28.23,-1.67
18.591,28.11,-1.68,28.23,-1.67,28.23,-1.67
18.605,28.08,-1.67,28.23,-1.67,28.23,-1.67
18.619,28.03,-1.67,28.23,-1.67,28.23,-1.67
18.634,28.02,-1.67,28.23,-1.67,28.23,-1.67
18.648,28.09,-1.72,28.23,-1.67,28.23,-1.67
18.662,28.08,-1.74,28.23,-1.67,28.23,-1.67
18.677,28.02,-1.74,28.23,-1.67,28.23,-1.67
18.691,28.03,-1.72,28.23,-1.67,28.23,-1.67
18.705,28.02,-1.72,28.23,-1.67,28.23,-1.67
18.72,27.99,-1.73,28.23,-1.67,28.23,-1.67
18.734,28.03,-1.68,28.23,-1.67,28.23,-1.67
18.748,28.1,-1.72,28.23,-1.67,28.23,-1.67
18.762,28.14,-1.7,28.23,-1.67,28.23,-1.67
18.777,28.06,-1.65,28.23,-1.67,28.23,-1.67
18.791,28.01,-1.64,28.23,-1.67,28.23,-1.67
18.805,28.13,-1.7,28.23,-1.67,28.23,-1.67
18.819,28.19,-1.71,28.23,-1.67,28.23,-1.67
18.834,28.06,-1.62,28.24,-1.67,28.23,-1.67
18.848,28.02,-1.63,28.24,-1.67,28.23,-1.67
18.862,28.0,-1.73,28.24,-1.67,28.23,-1.67
18.876,28.06,-1.73,28.24,-1.67,28.24,-1.67
18.89,28.07,-1.74,28.24,-1.67,28.24,-1.68
18.904,27.96,-1.71,28.24,-1.68,28.23,-1.68
18.919,27.98,-1.73,28.24,-1.68,28.23,-1.68
18.933,28.12,-1.72,28.23,-1.67,28.23,-1.68
18.947,28.07,-1.76,28.24,-1.68,28.23,-1.68
18.962,27.96,-1.72,28.24,-1.68,28.23,-1.68
18.976,28.02,-1.69,28.23,-1.68,28.23,-1.68
18.99,28.12,-1.67,28.23,-1.68,28.23,-1.68
19.004,28.08,-1.67,28.23,-1.68,28.23,-1.68
19.018,28.05,-1.69,28.23,-1.68,28.23,-1.68
19.033,28.0,-1.72,28.23,-1.68,28.23,-1.68
19.047,27.96,-1.66,28.23,-1.68,28.23,-1.68
19.061,28.06,-1.7,28.23,-1.68,28.23,-1.68
19.076,28.09,-1.71,28.24,-1.68,28.23,-1.68
19.09,28.09,-1.66,28.24,-1.68,28.23,-1.68
19.104,28.06,-1.65,28.24,-1.68,28.23,-1.68
19.119,28.04,-1.75,28.24,-1.68,28.23,-1.68
19.133,28.02,-1.73,28.24,-1.68,28.23,-1.68
19.147,28.04,-1.7,28.24,-1.68,28.23,-1.68
19.162,28.08,-1.66,28.24,-1.68,28.23,-1.68
19.176,28.05,-1.67,28.24,-1.68,28.23,-1.68
19.19,28.05,-1.7,28.24,-1.68,28.23,-1.68
19.204,28.05,-1.7,28.24,-1.68,28.23,-1.68
19.219,27.99,-1.61,28.24,-1.68,28.23,-1.68
19.233,27.95,-1.62,28.24,-1.67,28.23,-1.67
19.247,27.96,-1.65,28.24,-1.67,28.23,-1.67
19.261,28.03,-1.66,28.24,-1.67,28.23,-1.67
19.276,28.06,-1.63,28.23,-1.67,28.23,-1.67
19.29,28.05,-1.69,28.24,-1.67,28.23,-1.67
19.304,28.06,-1.69,28.24,-1.67,28.23,-1.67
19.318,28.07,-1.65,28.24,-1.67,28.23,-1.67
19.333,28.07,-1.67,28.24,-1.67,28.23,-1.67
19.347,28.08,-1.7,28.24,-1.67,28.24,-1.67
19.362,28.12,-1.75,28.24,-1.67,28.24,-1.67
19.377,28.1,-1.73,28.24,-1.67,28.24,-1.67
19.391,28.09,-1.72,28.24,-1.67,28.24,-1.68
19.405,28.07,-1.75,28.24,-1.68,28.24,-1.68
19.42,28.02,-1.66,28.24,-1.68,28.24,-1.68
19.434,28.02,-1.62,28.24,-1.68,28.24,-1.68
19.448,28.04,-1.67,28.24,-1.68,28.24,-1.68
19.462,28.09,-1.71,28.24,-1.68,28.24,-1.68
19.476,28.07,-1.71,28.24,-1.67,28.24,-1.68
19.491,28.03,-1.72,28.24,-1.68,28.24,-1.68
19.505,28.02,-1.72,28.24,-1.68,28.24,-1.68
19.519,28.04,-1.71,28.24,-1.68,28.24,-1.68
19.533,28.08,-1.69,28.24,-1.68,28.24,-1.68
19.547,28.05,-1.66,28.24,-1.68,28.24,-1.68
19.562,28.05,-1.67,28.24,-1.68,28.24,-1.68
19.576,28.03,-1.65,28.24,-1.68,28.24,-1.68
19.59,28.03,-1.68,28.24,-1.68,28.24,-1.68
19.604,28.04,-1.63,28.24,-1.68,28.24,-1.68
19.619,28.03,-1.63,28.24,-1.68,28.24,-1.68
19.633,28.04,-1.66,28.24,-1.68,28.24,-1.68
19.647,28.06,-1.68,28.24,-1.68,28.24,-1.68
19.661,28.07,-1.65,28.24,-1.68,28.24,-1.68
19.675,28.09,-1.65,28.24,-1.68,28.23,-1.68
19.69,28.06,-1.64,28.24,-1.68,28.23,-1.68
19.705,28.05,-1.74,28.24,-1.68,28.23,-1.68
19.719,28.04,-1.77,28.24,-1.68,28.23,-1.68
19.733,28.08,-1.67,28.24,-1.68,28.23,-1.68
19.748,28.08,-1.65,28.24,-1.68,28.23,-1.68
19.762,28.08,-1.64,28.24,-1.68,28.23,-1.68
19.776,28.09,-1.64,28.24,-1.68,28.24,-1.68
19.79,28.09,-1.68,28.24,-1.68,28.24,-1.68
19.804,28.1,-1.69,28.24,-1.68,28.24,-1.68
19.818,28.05,-1.68,28.24,-1.68,28.24,-1.68
19.832,28.0,-1.65,28.24,-1.68,28.23,-1.68
19.847,27.99,-1.69,28.24,-1.68,28.23,-1.68
19.861,28.05,-1.72,28.24,-1.68,28.23,-1.68
19.875,28.08,-1.7,28.24,-1.68,28.23,-1.68
19.889,28.06,-1.69,28.24,-1.68,28.23,-1.68
19.904,28.07,-1.72,28.23,-1.68,28.23,-1.68
19.918,28.04,-1.7,28.23,-1.68,28.23,-1.68
19.932,28.01,-1.71,28.24,-1.68,28.23,-1.68
19.946,28.03,-1.71,28.24,-1.68,28.23,-1.68
19.96,28.09,-1.64,28.24,-1.68,28.23,-1.68
19.975,28.07,-1.65,28.24,-1.68,28.23,-1.68
19.989,28.1,-1.72,28.24,-1.68,28.23,-1.68
20.003,28.04,-1.74,28.24,-1.68,28.23,-1.68
20.017,28.04,-1.73,28.24,-1.68,28.23,-1.68
20.031,28.13,-1.7,28.24,-1.68,28.23,-1.68
20.046,28.12,-1.74,28.24,-1.68,28.23,-1.68
20.06,28.09,-1.68,28.24,-1.68,28.23,-1.68
20.074,28.14,-1.66,28.24,-1.68,28.23,-1.68
20.088,28.11,-1.66,28.24,-1.68,28.24,-1.68
20.102,28.07,-1.68,28.24,-1.68,28.24,-1.68
20.117,28.06,-1.69,28.24,-1.68,28.24,-1.68
20.131,28.07,-1.72,28.24,-1.68,28.23,-1.68
20.145,28.11,-1.71,28.24,-1.68,28.23,-1.68
20.159,28.09,-1.69,28.24,-1.68,28.23,-1.68
20.173,28.06,-1.69,28.24,-1.68,28.23,-1.68
20.187,28.03,-1.65,28.24,-1.68,28.23,-1.68
20.202,28.0,-1.61,28.23,-1.68,28.23,-1.68
20.216,27.99,-1.62,28.23,-1.68,28.23,-1.68
20.23,28.1,-1.62,28.23,-1.68,28.23,-1.68
20.244,28.15,-1.62,28.23,-1.68,28.23,-1.68
20.259,28.05,-1.65,28.23,-1.68,28.23,-1.68
20.273,28.04,-1.69,28.23,-1.68,28.23,-1.68
20.287,28.02,-1.72,28.23,-1.68,28.23,-1.68
20.302,28.07,-1.7,28.23,-1.68,28.23,-1.68
20.316,28.13,-1.7,28.23,-1.68,28.23,-1.68
20.33,28.13,-1.7,28.23,-1.68,28.23,-1.68
20.344,28.1,-1.69,28.23,-1.68,28.23,-1.68
20.359,28.08,-1.7,28.23,-1.68,28.23,-1.68
20.373,28.08,-1.72,28.23,-1.68,28.23,-1.68
20.387,28.04,-1.71,28.23,-1.68,28.23,-1.68
20.402,28.03,-1.68,28.23,-1.68,28.23,-1.68
20.416,28.02,-1.65,28.23,-1.68,28.23,-1.68
20.43,28.06,-1.68,28.23,-1.68,28.23,-1.68
20.444,28.06,-1.71,28.23,-1.68,28.23,-1.68
20.459,28.06,-1.71,28.23,-1.68,28.23,-1.68
20.473,28.02,-1.71,28.23,-1.68,28.23,-1.68
20.487,28.06,-1.67,28.23,-1.68,28.23,-1.68
20.502,28.06,-1.62,28.23,-1.68,28.23,-1.68
20.516,28.08,-1.68,28.23,-1.68,28.23,-1.68
20.53,28.05,-1.7,28.23,-1.68,28.23,-1.68
20.545,28.04,-1.69,28.23,-1.68,28.23,-1.68
20.559,28.11,-1.7,28.23,-1.68,28.23,-1.68
20.574,28.06,-1.7,28.23,-1.68,28.23,-1.68
20.588,28.03,-1.7,28.23,-1.68,28.23,-1.68
20.602,28.07,-1.74,28.23,-1.68,28.23,-1.68
20.616,28.12,-1.71,28.23,-1.68,28.23,-1.68
20.63,28.12,-1.65,28.23,-1.68,28.23,-1.68
20.645,28.03,-1.66,28.23,-1.68,28.23,-1.68
20.659,28.05,-1.68,28.23,-1.68,28.23,-1.68
20.673,28.06,-1.71,28.23,-1.68,28.23,-1.68
20.69,28.08,-1.69,28.23,-1.68,28.23,-1.68
20.704,28.07,-1.7,28.23,-1.68,28.23,-1.68
20.718,28.05,-1.73,28.23,-1.68,28.23,-1.68
20.732,28.07,-1.71,28.23,-1.68,28.23,-1.68
20.746,28.1,-1.66,28.23,-1.68,28.23,-1.68
20.76,28.03,-1.7,28.23,-1.68,28.23,-1.68
20.775,28.04,-1.75,28.23,-1.68,28.23,-1.68
20.789,28.03,-1.74,28.23,-1.68,28.23,-1.68
20.803,28.04,-1.74,28.23,-1.68,28.23,-1.68
20.818,28.04,-1.73,28.23,-1.68,28.23,-1.68
20.832,28.08,-1.67,28.23,-1.69,28.23,-1.68
20.846,28.06,-1.67,28.23,-1.69,28.23,-1.69
20.861,28.11,-1.7,28.23,-1.69,28.23,-1.69
20.875,28.07,-1.72,28.23,-1.69,28.23,-1.69
20.889,28.08,-1.71,28.23,-1.69,28.23,-1.69
20.903,28.08,-1.68,28.23,-1.69,28.23,-1.69
20.918,28.06,-1.67,28.23,-1.69,28.23,-1.69
20.932,28.07,-1.66,28.23,-1.69,28.23,-1.69
20.946,28.11,-1.64,28.23,-1.69,28.23,-1.69
20.96,28.11,-1.67,28.23,-1.69,28.23,-1.69
20.975,28.09,-1.68,28.23,-1.69,28.23,-1.68
20.989,28.01,-1.64,28.24,-1.68,28.23,-1.68
21.003,28.04,-1.62,28.24,-1.68,28.23,-1.68
21.018,28.11,-1.65,28.24,-1.68,28.24,-1.68
21.032,28.15,-1.68,28.24,-1.68,28.24,-1.68
21.046,28.11,-1.72,28.24,-1.68,28.24,-1.68
21.061,28.06,-1.72,28.24,-1.68,28.24,-1.68
21.075,28.05,-1.68,28.24,-1.68,28.24,-1.68
21.089,28.09,-1.62,28.24,-1.68,28.24,-1.68
21.104,28.1,-1.62,28.24,-1.68,28.24,-1.68
21.117,28.09,-1.77,28.24,-1.68,28.24,-1.68
21.132,28.08,-1.74,28.24,-1.68,28.24,-1.68
21.146,28.07,-1.66,28.24,-1.68,28.24,-1.68
21.16,28.09,-1.68,28.24,-1.68,28.24,-1.68
21.174,28.1,-1.72,28.24,-1.68,28.24,-1.68
21.188,28.0,-1.73,28.24,-1.68,28.24,-1.69
21.203,28.0,-1.69,28.24,-1.69,28.24,-1.69
21.217,28.07,-1.67,28.24,-1.69,28.24,-1.68
21.231,28.11,-1.67,28.24,-1.69,28.24,-1.69
21.245,28.12,-1.62,28.24,-1.69,28.24,-1.69
21.259,28.07,-1.59,28.24,-1.69,28.24,-1.68
21.274,28.01,-1.62,28.24,-1.68,28.24,-1.68
21.288,28.05,-1.75,28.24,-1.68,28.24,-1.68
21.302,28.07,-1.73,28.24,-1.68,28.24,-1.69
21.316,28.06,-1.62,28.24,-1.69,28.24,-1.68
21.33,28.07,-1.6,28.24,-1.68,28.24,-1.68
21.344,28.07,-1.7,28.24,-1.68,28.24,-1.68
21.359,28.01,-1.72,28.24,-1.68,28.24,-1.68
21.373,28.01,-1.69,28.24,-1.68,28.24,-1.68
21.387,28.07,-1.66,28.24,-1.68,28.24,-1.68
21.401,28.05,-1.65,28.24,-1.68,28.24,-1.68
21.415,28.03,-1.73,28.24,-1.68,28.24,-1.69
21.43,28.06,-1.72,28.24,-1.69,28.24,-1.69
21.444,28.07,-1.69,28.24,-1.69,28.24,-1.69
21.458,28.07,-1.69,28.24,-1.69,28.24,-1.69
21.472,28.11,-1.71,28.24,-1.69,28.24,-1.69
21.487,28.14,-1.75,28.24,-1.69,28.24,-1.69
21.501,28.16,-1.73,28.24,-1.69,28.24,-1.69
21.515,28.05,-1.68,28.24,-1.69,28.24,-1.69
21.529,28.02,-1.65,28.24,-1.69,28.24,-1.69
21.544,28.0,-1.69,28.24,-1.69,28.24,-1.69
21.558,27.99,-1.71,28.24,-1.69,28.24,-1.69
21.572,28.05,-1.71,28.24,-1.69,28.24,-1.69
21.586,28.02,-1.68,28.24,-1.69,28.24,-1.69
21.601,28.03,-1.67,28.24,-1.69,28.24,-1.69
21.615,28.1,-1.67,28.24,-1.68,28.24,-1.68
21.629,28.12,-1.66,28.24,-1.68,28.24,-1.68
21.643,28.45,-1.63,28.24,-1.68,28.25,-1.68
21.658,28.51,-1.57,28.26,-1.68,28.26,-1.68
21.672,30.47,-1.98,28.29,-1.68,28.31,-1.68
21.686,27.81,-2.77,28.48,-1.68,28.48,-1.69
21.7,24.77,-1.27,28.72,-1.69,28.68,-1.69
21.714,24.65,-0.59,28.83,-1.71,28.79,-1.7
21.729,25.2,-1.06,28.79,-1.7,28.76,-1.69
21.745,26.29,-1.84,28.49,-1.69,28.47,-1.7
21.759,31.45,-1.8,28.14,-1.69,28.18,-1.69
21.773,29.54,-1.35,27.94,-1.69,27.96,-1.68
21.788,27.6,-1.71,28.0,-1.68,28.0,-1.68
21.803,27.64,-1.72,28.04,-1.68,28.04,-1.68
21.817,28.06,-1.69,28.04,-1.68,28.04,-1.68
21.831,28.11,-1.73,28.03,-1.69,28.04,-1.69
21.845,28.04,-1.64,28.03,-1.69,28.03,-1.69
21.86,28.13,-1.63,28.03,-1.69,28.03,-1.69
21.874,28.14,-1.68,28.03,-1.69,28.04,-1.69
21.888,28.01,-1.74,28.04,-1.68,28.04,-1.69
21.902,27.95,-1.76,28.05,-1.68,28.05,-1.69
21.917,28.09,-1.68,28.05,-1.69,28.05,-1.69
21.931,30.13,-1.33,28.06,-1.68,28.08,-1.68
21.945,29.78,-1.89,28.13,-1.67,28.14,-1.67
21.959,27.01,-2.32,28.24,-1.66,28.22,-1.67
21.973,28.75,-2.43,28.39,-1.68,28.4,-1.69
21.987,26.86,-2.1,28.63,-1.71,28.61,-1.72
22.002,26.8,-2.09,28.91,-1.72,28.89,-1.72
22.016,25.38,-1.35,29.21,-1.71,29.17,-1.71
22.03,24.96,-0.61,29.39,-1.71,29.35,-1.7
22.045,25.22,-0.01,29.47,-1.68,29.43,-1.67
22.059,25.71,0.14,29.5,-1.62,29.47,-1.6
22.073,26.62,-1.04,29.46,-1.47,29.43,-1.47
22.087,26.73,-3.92,29.39,-1.32,29.36,-1.34
22.102,26.06,-4.53,29.3,-1.23,29.26,-1.26
22.116,25.95,-2.06,29.19,-1.18,29.15,-1.19
22.13,25.88,-0.59,29.09,-1.13,29.06,-1.12
22.144,25.69,-0.63,29.03,-1.08,29.0,-1.07
22.159,27.56,-1.5,29.0,-1.06,28.99,-1.07
22.173,26.83,-2.35,29.02,-1.04,29.0,-1.06
22.187,27.09,-2.75,29.04,-0.98,29.02,-1.0
22.201,27.59,-3.22,29.07,-0.87,29.05,-0.89
22.216,28.38,-4.02,29.17,-0.72,29.16,-0.75
22.229,27.64,-2.81,29.4,-0.54,29.38,-0.57
22.244,26.66,-1.58,29.63,-0.39,29.6,-0.4
22.258,25.89,-2.75,29.68,-0.29,29.64,-0.31
22.272,25.37,-3.99,29.57,-0.27,29.52,-0.31
22.286,26.52,-4.92,29.33,-0.35,29.3,-0.4
22.301,27.51,-3.88,29.03,-0.53,29.01,-0.56
22.315,27.27,-0.64,28.78,-0.68,28.77,-0.68
22.329,25.74,0.17,28.65,-0.67,28.62,-0.67
22.343,28.73,-3.82,28.54,-0.59,28.54,-0.63
22.357,31.83,-8.23,28.49,-0.65,28.53,-0.73
22.372,30.96,-6.83,28.58,-0.97,28.6,-1.03
22.386,26.55,-0.4,28.79,-1.41,28.77,-1.4
22.4,25.22,-0.13,29.15,-1.63,29.11,-1.62
22.414,26.06,-0.9,29.44,-1.73,29.4,-1.72
22.428,28.25,-2.08,29.38,-1.74,29.37,-1.74
22.443,30.4,-2.92,29.06,-1.73,29.07,-1.75
22.457,29.62,-2.39,28.32,-1.79,28.33,-1.79
22.471,27.21,-0.64,27.66,-1.89,27.65,-1.87
22.486,27.22,-0.82,27.29,-2.01,27.29,-1.99
22.5,27.59,-1.65,27.08,-2.09,27.09,-2.08
22.514,28.58,-0.98,27.02,-2.18,27.04,-2.17
22.529,28.95,-1.04,27.24,-2.23,27.25,-2.22
22.543,29.17,-1.34,27.49,-2.22,27.51,-2.21
22.557,28.07,-2.01,27.72,-2.15,27.72,-2.15
22.571,26.43,-2.39,27.91,-2.07,27.89,-2.07
22.585,26.48,-1.33,28.01,-2.0,27.99,-1.99
22.599,26.26,-0.7,28.16,-1.91,28.14,-1.89
22.614,26.8,-2.06,28.39,-1.78,28.37,-1.78
22.628,27.32,-2.64,28.63,-1.67,28.62,-1.68
22.642,28.2,-3.22,28.83,-1.6,28.82,-1.62
22.656,27.67,-2.99,28.89,-1.66,28.88,-1.67
22.67,25.76,-1.74,28.91,-1.73,28.88,-1.73
22.684,26.43,-1.53,28.92,-1.74,28.89,-1.73
22.699,26.04,-0.99,28.95,-1.69,28.92,-1.68
22.713,25.3,-1.55,29.09,-1.58,29.05,-1.58
22.727,25.17,-2.67,29.21,-1.5,29.17,-1.51
22.741,25.63,-2.56,29.28,-1.5,29.25,-1.51
22.756,25.73,-2.17,29.3,-1.58,29.26,-1.58
22.77,25.42,-1.83,29.34,-1.65,29.3,-1.65
22.784,25.18,-1.89,29.46,-1.68,29.42,-1.68
22.797,25.36,-1.97,29.59,-1.7,29.55,-1.7
22.812,25.67,-2.7,29.71,-1.7,29.66,-1.71
22.826,25.86,-2.87,29.81,-1.68,29.77,-1.69
22.84,25.54,-2.21,29.88,-1.63,29.84,-1.64
22.854,25.18,-1.53,29.95,-1.62,29.91,-1.62
22.868,24.05,-1.77,30.07,-1.66,30.01,-1.66
22.882,24.44,-2.46,30.2,-1.72,30.15,-1.72
22.897,25.07,-1.93,30.33,-1.76,30.27,-1.77
22.911,25.36,-1.92,30.36,-1.79,30.31,-1.8
22.925,25.27,-1.84,30.35,-1.82,30.3,-1.83
22.939,25.28,-1.96,30.34,-1.86,30.29,-1.86
22.954,24.56,-1.59,30.39,-1.9,30.33,-1.89
22.968,22.94,-1.11,30.49,-1.92,30.41,-1.91
22.982,22.37,-1.13,30.67,-1.93,30.59,-1.92
22.996,23.9,-1.71,30.84,-1.94,30.77,-1.94
23.01,25.36,-2.31,30.95,-1.95,30.89,-1.95
23.025,25.92,-2.66,30.98,-1.94,30.93,-1.95
23.039,24.54,-1.86,30.96,-1.95,30.89,-1.95
23.053,23.3,-1.74,30.96,-2.03,30.89,-2.03
23.068,22.27,-1.27,30.98,-2.1,30.89,-2.1
23.082,22.65,-1.15,30.97,-2.14,30.89,-2.13
23.096,22.33,-0.2,30.98,-2.13,30.9,-2.11
23.11,21.02,-0.03,31.13,-2.06,31.03,-2.04
23.124,22.15,-1.15,31.31,-2.03,31.22,-2.02
23.138,22.7,-2.1,31.52,-2.02,31.44,-2.02
23.153,22.56,-2.82,31.75,-2.02,31.66,-2.03
23.167,23.33,-2.96,31.99,-2.03,31.9,-2.04
23.181,23.33,-3.32,32.18,-2.05,32.09,-2.06
23.195,22.74,-3.04,32.34,-2.07,32.24,-2.08
23.209,22.27,-1.84,32.39,-2.12,32.29,-2.12
23.223,21.47,-1.33,32.42,-2.15,32.31,-2.14
23.237,20.74,-1.66,32.45,-2.1,32.34,-2.1
23.252,19.36,-1.47,32.5,-2.05,32.37,-2.04
23.266,16.81,-1.44,32.54,-2.0,32.38,-1.99
23.28,14.74,-1.52,32.54,-1.94,32.37,-1.94
23.294,19.07,0.45,32.53,-1.97,32.4,-1.94
23.308,20.52,-0.58,32.63,-2.02,32.51,-2.0
23.322,19.05,-2.56,32.79,-2.03,32.65,-2.04
23.337,18.24,-2.78,32.87,-2.06,32.72,-2.06
23.351,17.5,-1.55,32.84,-2.09,32.69,-2.08
23.365,18.61,-1.63,32.68,-2.08,32.53,-2.08
23.38,19.58,-2.13,32.53,-2.07,32.4,-2.07
23.394,19.64,-1.82,32.4,-2.07,32.28,-2.07
23.408,19.6,-1.61,32.3,-2.07,32.17,-2.07
23.422,19.05,-1.77,32.2,-2.07,32.07,-2.06
23.437,19.13,-1.83,32.16,-2.09,32.03,-2.08
23.451,18.73,-1.36,32.16,-2.13,32.02,-2.12
23.465,18.8,-1.73,32.15,-2.2,32.02,-2.2
23.479,18.81,-1.61,32.07,-2.25,31.94,-2.25
23.493,17.53,-1.57,31.94,-2.29,31.8,-2.28
23.507,17.43,-1.34,31.75,-2.34,31.61,-2.33
23.522,16.63,-0.48,31.55,-2.41,31.4,-2.39
23.536,16.97,-0.42,31.41,-2.41,31.26,-2.39
23.55,16.95,-1.18,31.35,-2.35,31.21,-2.34
23.564,17.0,-0.33,31.46,-2.25,31.32,-2.23
23.579,19.21,-2.87,31.67,-2.15,31.55,-2.16
23.593,25.65,-2.76,31.7,-2.16,31.63,-2.17
23.607,24.51,-3.0,31.64,-2.2,31.57,-2.21
23.621,18.48,-2.67,31.52,-2.22,31.39,-2.23
23.635,18.57,-1.81,31.3,-2.22,31.17,-2.21
23.649,18.92,-1.56,31.14,-2.21,31.02,-2.2
23.663,19.03,-2.23,31.07,-2.2,30.95,-2.2
23.677,19.56,-1.99,31.0,-2.2,30.89,-2.2
23.692,18.71,-1.76,30.96,-2.21,30.84,-2.2
23.706,17.79,-1.66,30.9,-2.22,30.77,-2.21
23.72,16.8,-1.88,30.82,-2.23,30.68,-2.22
23.734,17.02,-2.12,30.7,-2.23,30.56,-2.23
23.748,17.15,-1.63,30.57,-2.23,30.44,-2.23
23.764,16.62,-1.23,30.43,-2.23,30.29,-2.22
23.778,17.31,-1.61,30.22,-2.21,30.09,-2.21
23.792,17.09,-1.6,29.89,-2.2,29.77,-2.2
23.806,17.07,-1.56,29.59,-2.19,29.46,-2.18
23.821,18.09,-1.97,29.43,-2.15,29.32,-2.15
23.835,18.41,-1.95,29.33,-2.12,29.22,-2.11
23.849,20.01,-1.39,29.21,-2.08,29.11,-2.08
23.864,20.84,-1.57,29.0,-2.06,28.91,-2.06
23.878,21.17,-1.62,28.75,-2.05,28.68,-2.04
23.892,20.97,-1.77,28.54,-2.04,28.46,-2.04
23.906,18.23,-1.94,28.41,-2.04,28.31,-2.04
23.921,18.93,-1.81,28.29,-2.04,28.2,-2.04
23.935,19.89,-1.19,28.17,-2.05,28.09,-2.04
23.949,19.67,-1.7,28.09,-2.04,28.0,-2.04
23.963,20.23,-2.14,28.03,-2.04,27.95,-2.04
23.978,20.61,-2.16,28.02,-2.03,27.94,-2.04
23.992,19.7,-1.86,28.13,-2.03,28.05,-2.03
24.006,18.67,-1.04,28.28,-2.03,28.18,-2.02
24.02,19.14,-1.1,28.45,-2.02,28.36,-2.01
24.035,18.63,-1.59,28.63,-1.99,28.53,-1.99
24.049,16.3,-2.14,28.89,-1.93,28.76,-1.93
24.063,14.92,-1.3,29.09,-1.9,28.95,-1.89
24.077,16.23,-0.67,29.23,-1.89,29.1,-1.87
24.091,16.73,-0.96,29.25,-1.88,29.12,-1.87
24.105,16.79,-1.2,29.24,-1.87,29.12,-1.87
24.119,17.25,-0.92,29.21,-1.87,29.09,-1.86
24.134,17.7,-1.0,29.18,-1.86,29.07,-1.86
24.148,17.71,-1.65,29.22,-1.87,29.1,-1.86
24.162,16.51,-2.53,29.27,-1.87,29.14,-1.88
24.177,14.83,-2.84,29.37,-1.88,29.23,-1.89
24.191,14.11,-2.11,29.44,-1.9,29.28,-1.9
24.205,16.41,-1.65,29.44,-1.9,29.31,-1.9
24.219,16.68,-1.8,29.43,-1.9,29.31,-1.9
24.233,16.5,-2.13,29.45,-1.9,29.32,-1.9
24.248,16.06,-0.96,29.52,-1.89,29.39,-1.88
24.262,15.46,0.15,29.6,-1.87,29.46,-1.85
24.276,14.9,-0.79,29.6,-1.83,29.45,-1.82
24.29,13.93,-2.35,29.56,-1.79,29.41,-1.79
24.305,13.05,-2.22,29.49,-1.76,29.32,-1.76
24.319,14.28,-1.67,29.35,-1.75,29.2,-1.75
24.333,15.14,-1.73,29.23,-1.74,29.09,-1.74
24.347,14.5,-1.67,29.14,-1.74,29.0,-1.74
24.361,14.81,-1.18,29.04,-1.73,28.9,-1.73
24.376,15.54,-1.37,28.85,-1.72,28.72,-1.72
24.39,16.97,-1.93,28.62,-1.72,28.51,-1.73
24.405,17.22,-1.95,28.43,-1.73,28.32,-1.74
24.418,17.12,-1.67,28.29,-1.74,28.18,-1.74
24.433,17.91,-1.2,28.21,-1.75,28.11,-1.74
24.447,16.83,0.03,28.29,-1.74,28.18,-1.72
24.461,15.31,-1.11,28.38,-1.67,28.25,-1.67
24.475,12.37,-2.31,28.54,-1.43,28.38,-1.44
24.489,8.95,-1.51,28.65,-1.3,28.46,-1.3
24.504,12.26,-1.83,28.64,-1.35,28.48,-1.36
24.518,14.65,-1.78,28.59,-1.4,28.46,-1.4
24.532,13.23,-1.0,28.58,-1.41,28.43,-1.41
24.546,12.19,-1.07,28.54,-1.41,28.38,-1.41
24.56,12.85,-2.49,28.45,-1.4,28.29,-1.41
24.575,13.81,-2.73,28.29,-1.34,28.14,-1.36
24.589,15.42,-3.16,28.12,-1.28,27.99,-1.29
24.603,14.92,-2.3,27.89,-1.36,27.76,-1.37
24.617,15.61,-2.77,27.62,-1.5,27.5,-1.51
24.632,17.22,-4.1,27.36,-1.69,27.26,-1.72
24.646,16.37,-2.89,27.22,-1.96,27.11,-1.97
24.66,14.78,-1.47,27.25,-2.22,27.13,-2.21
24.674,14.08,-4.32,27.74,-2.26,27.6,-2.28
24.688,13.11,-2.67,28.37,-2.3,28.22,-2.3
24.702,13.37,-2.42,28.95,-2.38,28.8,-2.38
24.717,10.35,-0.55,29.57,-2.5,29.38,-2.48
24.731,9.18,2.95,30.23,-2.74,30.02,-2.68
24.745,8.82,4.36,30.78,-2.86,30.56,-2.79
24.759,6.89,1.72,31.26,-2.82,31.02,-2.77
24.773,5.36,5.34,31.57,-2.62,31.31,-2.54
24.788,3.54,-2.75,31.69,-2.3,31.41,-2.3
24.802,2.73,-3.3,31.42,-2.03,31.13,-2.04
24.816,8.96,-2.99,31.01,-1.98,30.78,-1.99
24.83,11.31,-3.86,30.54,-2.02,30.35,-2.04
24.844,9.52,-1.53,30.18,-2.05,29.98,-2.05
24.859,9.16,-0.49,29.91,-2.05,29.71,-2.03
24.873,8.66,-0.31,29.67,-2.03,29.46,-2.01
24.888,8.72,-1.4,29.45,-2.01,29.24,-2.0
24.902,8.82,-1.31,29.22,-2.0,29.02,-1.99
24.916,8.86,-2.03,29.0,-1.98,28.79,-1.98
24.93,8.57,-1.85,28.78,-1.97,28.58,-1.97
24.944,9.62,-1.84,28.56,-1.97,28.37,-1.96
24.958,9.83,-1.89,28.39,-1.96,28.21,-1.96
24.973,9.13,-1.59,28.24,-1.96,28.05,-1.95
24.987,8.81,-1.12,28.06,-1.95,27.87,-1.95
25.001,9.12,-1.22,27.88,-1.95,27.69,-1.94
25.015,8.7,-1.41,27.72,-1.94,27.53,-1.94
25.03,8.23,-1.37,27.57,-1.94,27.38,-1.93
25.044,8.41,-1.28,27.42,-1.93,27.23,-1.93
25.059,8.7,-1.34,27.23,-1.93,27.05,-1.92
25.073,8.37,-1.37,27.05,-1.92,26.87,-1.91
25.087,8.36,-1.33,26.87,-1.91,26.68,-1.9
25.101,8.64,-1.42,26.67,-1.9,26.49,-1.9
25.115,10.59,-1.54,26.49,-1.9,26.33,-1.89
25.13,9.08,-1.23,26.38,-1.9,26.21,-1.89
25.144,11.72,-1.47,26.31,-1.89,26.16,-1.89
25.158,12.65,-2.02,26.37,-1.89,26.23,-1.9
25.172,-1.75,-1.0,26.59,-1.92,26.31,-1.91
25.187,-4.74,-0.54,26.48,-1.93,26.17,-1.92
25.201,16.78,-1.67,25.87,-1.92,25.77,-1.92
25.215,16.36,-1.72,25.37,-1.9,25.28,-1.89
25.229,7.75,-1.32,25.27,-1.89,25.1,-1.88
25.243,8.39,-1.46,25.18,-1.88,25.01,-1.88
25.257,8.6,-1.4,25.0,-1.88,24.84,-1.87
25.271,8.77,-1.38,24.83,-1.87,24.67,-1.87
25.285,8.47,-1.42,24.67,-1.87,24.51,-1.87
25.3,8.59,-1.4,24.51,-1.87,24.35,-1.86
25.314,8.51,-1.36,24.36,-1.86,24.2,-1.86
25.328,8.5,-1.34,24.2,-1.86,24.04,-1.85
25.342,8.56,-1.43,24.04,-1.85,23.89,-1.85
25.356,8.47,-1.42,23.89,-1.85,23.74,-1.84
25.37,8.52,-1.37,23.74,-1.84,23.59,-1.84
25.384,8.48,-1.38,23.59,-1.84,23.44,-1.83
25.399,8.61,-1.45,23.44,-1.83,23.29,-1.83
25.413,8.57,-1.41,23.29,-1.83,23.14,-1.82
25.427,8.61,-1.37,23.15,-1.82,23.0,-1.82
25.441,8.51,-1.36,23.0,-1.82,22.86,-1.81
25.455,8.48,-1.39,22.86,-1.81,22.72,-1.81
25.469,8.52,-1.43,22.72,-1.81,22.58,-1.8
25.484,8.51,-1.39,22.58,-1.8,22.44,-1.8
25.498,8.52,-1.37,22.44,-1.8,22.3,-1.8
25.512,8.54,-1.4,22.3,-1.8,22.16,-1.79
25.526,8.52,-1.43,22.16,-1.79,22.03,-1.79
25.54,8.38,-1.37,22.03,-1.79,21.89,-1.78
25.554,8.4,-1.4,21.89,-1.78,21.76,-1.78
25.569,8.73,-1.56,21.75,-1.77,21.62,-1.77
25.583,8.75,-1.45,21.62,-1.77,21.5,-1.77
25.597,8.44,-1.27,21.5,-1.77,21.37,-1.76
25.611,8.38,-1.35,21.37,-1.76,21.24,-1.76
25.626,8.59,-1.53,21.24,-1.76,21.12,-1.76
25.64,8.6,-1.46,21.12,-1.76,20.99,-1.75
25.654,8.55,-1.39,21.0,-1.75,20.87,-1.75
25.668,8.45,-1.33,20.87,-1.75,20.75,-1.74
25.682,8.5,-1.33,20.75,-1.74,20.63,-1.74
25.696,8.63,-1.36,20.63,-1.74,20.51,-1.73
25.711,8.59,-1.35,20.51,-1.73,20.39,-1.73
25.725,8.41,-1.37,20.39,-1.73,20.27,-1.73
25.739,8.5,-1.46,20.27,-1.73,20.16,-1.72
25.753,8.62,-1.46,20.16,-1.72,20.04,-1.72
25.768,8.57,-1.3,20.04,-1.72,19.93,-1.71
25.782,8.46,-1.32,19.93,-1.71,19.82,-1.71
25.796,8.58,-1.47,19.82,-1.71,19.71,-1.71
25.81,8.59,-1.46,19.71,-1.71,19.6,-1.71
25.825,8.53,-1.39,19.6,-1.71,19.49,-1.7
25.839,8.47,-1.38,19.49,-1.7,19.38,-1.7
25.853,8.6,-1.36,19.38,-1.7,19.27,-1.7
25.867,8.59,-1.4,19.27,-1.7,19.17,-1.69
25.881,8.53,-1.4,19.17,-1.69,19.06,-1.69
25.895,8.38,-1.41,19.06,-1.69,18.96,-1.69
25.909,8.44,-1.42,18.96,-1.69,18.85,-1.68
25.924,8.63,-1.35,18.86,-1.68,18.75,-1.68
25.938,8.59,-1.32,18.76,-1.68,18.65,-1.68
25.952,8.46,-1.45,18.66,-1.68,18.55,-1.68
25.966,8.53,-1.51,18.56,-1.68,18.46,-1.67
25.981,8.63,-1.48,18.46,-1.67,18.36,-1.67
25.995,8.54,-1.35,18.36,-1.67,18.26,-1.67
26.009,8.51,-1.39,18.27,-1.67,18.17,-1.66
26.023,8.55,-1.36,18.17,-1.66,18.07,-1.66
26.037,8.57,-1.36,18.08,-1.66,17.98,-1.66
26.052,8.58,-1.47,17.98,-1.66,17.89,-1.66
26.066,8.53,-1.45,17.89,-1.66,17.8,-1.66
26.08,8.48,-1.43,17.8,-1.66,17.71,-1.65
26.094,8.52,-1.39,17.71,-1.65,17.62,-1.65
26.108,8.53,-1.36,17.62,-1.65,17.53,-1.65
26.122,8.52,-1.38,17.53,-1.65,17.44,-1.65
26.137,8.57,-1.45,17.44,-1.64,17.36,-1.64
26.151,8.53,-1.5,17.36,-1.64,17.27,-1.64
26.165,8.54,-1.45,17.27,-1.64,17.18,-1.64
26.18,8.55,-1.36,17.19,-1.64,17.1,-1.64
26.194,8.54,-1.35,17.1,-1.64,17.02,-1.63
26.208,8.52,-1.37,17.02,-1.63,16.93,-1.63
26.222,8.49,-1.46,16.93,-1.63,16.85,-1.63
26.236,8.48,-1.45,16.85,-1.63,16.77,-1.63
26.25,8.56,-1.4,16.77,-1.63,16.69,-1.63
26.265,8.56,-1.4,16.69,-1.63,16.61,-1.62
26.279,8.49,-1.34,16.61,-1.62,16.53,-1.62
26.293,8.54,-1.34,16.53,-1.62,16.45,-1.62
26.307,8.59,-1.39,16.46,-1.62,16.38,-1.62
26.321,8.52,-1.52,16.38,-1.62,16.3,-1.62
26.336,8.47,-1.47,16.3,-1.62,16.22,-1.61
26.35,8.57,-1.36,16.23,-1.61,16.15,-1.61
26.364,8.64,-1.35,16.15,-1.61,16.08,-1.61
26.378,8.52,-1.38,16.08,-1.61,16.0,-1.61
26.392,8.5,-1.42,16.01,-1.6,15.93,-1.6
26.406,8.53,-1.45,15.93,-1.6,15.86,-1.6
26.42,8.56,-1.41,15.86,-1.6,15.79,-1.6
26.435,8.53,-1.38,15.79,-1.6,15.72,-1.6
26.449,8.46,-1.37,15.72,-1.6,15.65,-1.59
26.463,8.47,-1.37,15.65,-1.59,15.58,-1.59
26.477,8.53,-1.43,15.58,-1.59,15.51,-1.59
26.492,8.54,-1.48,15.51,-1.59,15.44,-1.59
26.506,8.47,-1.45,15.44,-1.59,15.37,-1.59
26.52,8.46,-1.42,15.38,-1.59,15.31,-1.59
26.535,8.53,-1.37,15.31,-1.59,15.24,-1.59
26.549,8.55,-1.32,15.24,-1.59,15.18,-1.58
26.563,8.53,-1.36,15.18,-1.58,15.11,-1.58
26.577,8.57,-1.44,15.11,-1.58,15.05,-1.58
26.591,8.55,-1.46,15.05,-1.58,14.99,-1.58
26.605,8.52,-1.4,14.99,-1.58,14.92,-1.58
26.62,8.52,-1.41,14.93,-1.58,14.86,-1.58
26.634,8.53,-1.45,14.86,-1.58,14.8,-1.58
26.648,8.59,-1.37,14.8,-1.58,14.74,-1.57
26.662,8.59,-1.36,14.74,-1.57,14.68,-1.57
26.677,8.5,-1.37,14.68,-1.57,14.62,-1.57
26.691,8.47,-1.34,14.62,-1.57,14.56,-1.57
26.705,8.55,-1.4,14.56,-1.57,14.5,-1.56
26.719,8.61,-1.4,14.5,-1.57,14.44,-1.56
26.733,8.61,-1.42,14.45,-1.56,14.39,-1.56
26.747,8.6,-1.51,14.39,-1.56,14.33,-1.56
26.761,8.58,-1.52,14.33,-1.56,14.28,-1.56
26.776,8.54,-1.42,14.28,-1.56,14.22,-1.56
26.79,8.5,-1.36,14.22,-1.56,14.17,-1.56
26.804,8.54,-1.44,14.17,-1.56,14.11,-1.56
26.818,8.6,-1.46,14.11,-1.56,14.06,-1.56
26.832,8.54,-1.42,14.06,-1.56,14.01,-1.55
26.846,8.49,-1.41,14.01,-1.55,13.95,-1.55
26.86,8.47,-1.36,13.96,-1.55,13.9,-1.55
26.874,8.53,-1.35,13.9,-1.55,13.85,-1.55
26.888,8.55,-1.37,13.85,-1.55,13.8,-1.55
26.903,8.54,-1.42,13.8,-1.55,13.75,-1.55
26.917,8.53,-1.47,13.75,-1.55,13.7,-1.55
26.931,8.48,-1.45,13.7,-1.55,13.65,-1.55
26.945,8.47,-1.43,13.65,-1.55,13.6,-1.55
26.959,8.48,-1.38,13.6,-1.55,13.55,-1.55
26.973,8.53,-1.37,13.55,-1.55,13.5,-1.54
26.987,8.54,-1.38,13.51,-1.54,13.46,-1.54
27.001,8.51,-1.42,13.46,-1.54,13.41,-1.54
27.016,8.46,-1.43,13.41,-1.54,13.36,-1.54
27.03,8.46,-1.41,13.36,-1.54,13.31,-1.54
27.044,8.47,-1.41,13.32,-1.54,13.27,-1.54
27.058,8.5,-1.4,13.27,-1.54,13.22,-1.54
27.073,8.53,-1.34,13.22,-1.54,13.18,-1.53
27.087,8.54,-1.36,13.18,-1.53,13.13,-1.53
27.101,8.55,-1.42,13.13,-1.53,13.09,-1.53
27.115,8.56,-1.38,13.09,-1.53,13.05,-1.53
27.129,8.52,-1.4,13.05,-1.53,13.0,-1.53
27.143,8.54,-1.41,13.0,-1.53,12.96,-1.53
27.158,8.56,-1.4,12.96,-1.53,12.92,-1.53
27.172,8.59,-1.4,12.92,-1.53,12.88,-1.53
27.186,8.59,-1.37,12.88,-1.53,12.84,-1.52
27.2,8.55,-1.44,12.84,-1.52,12.8,-1.52
27.214,8.51,-1.45,12.8,-1.52,12.76,-1.52
27.228,8.47,-1.39,12.76,-1.52,12.72,-1.52
27.243,8.52,-1.39,12.72,-1.52,12.68,-1.52
27.257,8.53,-1.43,12.68,-1.52,12.64,-1.52
27.271,8.54,-1.44,12.64,-1.52,12.6,-1.52
27.285,8.57,-1.4,12.6,-1.52,12.56,-1.52
27.299,8.54,-1.38,12.56,-1.52,12.52,-1.51
27.314,8.55,-1.42,12.52,-1.51,12.48,-1.51
27.328,8.54,-1.42,12.48,-1.51,12.45,-1.51
27.342,8.53,-1.42,12.45,-1.51,12.41,-1.51
27.356,8.51,-1.37,12.41,-1.51,12.37,-1.51
27.37,8.55,-1.36,12.38,-1.51,12.34,-1.51
27.385,8.58,-1.38,12.34,-1.51,12.3,-1.51
27.399,8.54,-1.43,12.3,-1.51,12.27,-1.51
27.413,8.52,-1.39,12.27,-1.51,12.23,-1.51
27.427,8.59,-1.45,12.23,-1.51,12.2,-1.51
27.441,8.62,-1.44,12.2,-1.51,12.16,-1.5
27.456,8.52,-1.42,12.16,-1.5,12.13,-1.5
27.47,8.46,-1.42,12.13,-1.5,12.09,-1.5
27.484,8.42,-1.42,12.09,-1.5,12.06,-1.5
27.498,8.55,-1.4,12.06,-1.5,12.02,-1.5
27.512,8.58,-1.39,12.03,-1.5,11.99,-1.5
27.526,8.54,-1.42,11.99,-1.5,11.96,-1.5
27.54,8.57,-1.44,11.96,-1.5,11.93,-1.5
27.554,8.6,-1.41,11.93,-1.5,11.9,-1.5
27.569,8.56,-1.39,11.9,-1.5,11.87,-1.5
27.583,8.53,-1.39,11.87,-1.5,11.84,-1.5
27.597,8.56,-1.47,11.84,-1.5,11.8,-1.5
27.611,8.54,-1.5,11.81,-1.5,11.77,-1.5
27.625,8.52,-1.39,11.77,-1.49,11.74,-1.49
27.639,8.52,-1.35,11.74,-1.49,11.71,-1.49
27.654,8.57,-1.39,11.71,-1.49,11.68,-1.49
27.668,8.6,-1.41,11.68,-1.49,11.65,-1.49
27.682,8.52,-1.35,11.65,-1.49,11.62,-1.49
27.697,8.5,-1.39,11.62,-1.49,11.59,-1.49
27.711,8.53,-1.45,11.6,-1.49,11.56,-1.49
27.725,8.63,-1.42,11.57,-1.49,11.54,-1.49
27.74,8.64,-1.41,11.54,-1.49,11.51,-1.48
27.754,8.5,-1.4,11.51,-1.48,11.48,-1.48
27.768,8.49,-1.42,11.48,-1.48,11.45,-1.48
27.783,8.58,-1.47,11.46,-1.48,11.43,-1.48
27.797,8.6,-1.46,11.43,-1.48,11.4,-1.48
27.811,8.61,-1.47,11.4,-1.48,11.37,-1.48
27.825,8.46,-1.35,11.38,-1.49,11.35,-1.48
27.839,8.42,-1.28,11.35,-1.49,11.32,-1.48
27.853,8.52,-1.47,11.32,-1.48,11.3,-1.48
27.868,8.6,-1.54,11.3,-1.48,11.27,-1.48
27.882,8.65,-1.4,11.27,-1.48,11.25,-1.48
27.896,8.55,-1.32,11.25,-1.48,11.22,-1.48
27.911,8.48,-1.33,11.22,-1.48,11.2,-1.48
27.925,8.55,-1.39,11.2,-1.48,11.17,-1.48
27.94,8.62,-1.49,11.18,-1.48,11.15,-1.48
27.954,8.51,-1.45,11.16,-1.48,11.13,-1.48
27.968,8.42,-1.37,11.13,-1.48,11.11,-1.48
27.982,8.57,-1.38,11.11,-1.48,11.08,-1.48
27.996,8.67,-1.38,11.08,-1.48,11.06,-1.48
28.011,8.48,-1.37,11.06,-1.48,11.04,-1.48
28.025,8.41,-1.39,11.04,-1.48,11.02,-1.48
28.039,8.5,-1.39,11.02,-1.48,11.0,-1.48
28.053,8.53,-1.39,11.0,-1.48,10.97,-1.48
28.067,8.54,-1.43,10.98,-1.48,10.95,-1.48
28.081,8.53,-1.42,10.95,-1.48,10.93,-1.48
28.095,8.56,-1.35,10.93,-1.48,10.91,-1.48
28.11,8.55,-1.32,10.91,-1.48,10.89,-1.48
28.124,8.48,-1.39,10.89,-1.48,10.86,-1.48
28.142,8.51,-1.41,10.87,-1.48,10.84,-1.48
28.156,8.56,-1.38,10.85,-1.48,10.82,-1.48
28.17,8.6,-1.42,10.83,-1.48,10.8,-1.48
28.184,8.56,-1.43,10.81,-1.48,10.78,-1.48
28.198,8.52,-1.46,10.79,-1.48,10.76,-1.48
28.213,8.51,-1.52,10.77,-1.48,10.74,-1.48
28.227,8.49,-1.4,10.74,-1.48,10.72,-1.48
28.241,8.57,-1.33,10.72,-1.48,10.7,-1.48
28.255,8.62,-1.35,10.7,-1.48,10.68,-1.48
28.269,8.49,-1.41,10.69,-1.48,10.66,-1.48
28.283,8.48,-1.41,10.67,-1.48,10.64,-1.48
28.298,8.52,-1.39,10.64,-1.48,10.62,-1.48
28.312,8.51,-1.4,10.62,-1.48,10.6,-1.48
28.326,8.54,-1.34,10.61,-1.48,10.59,-1.48
28.341,8.54,-1.35,10.59,-1.48,10.57,-1.47
28.355,8.53,-1.39,10.57,-1.47,10.55,-1.47
28.369,8.48,-1.37,10.55,-1.47,10.53,-1.47
28.383,8.48,-1.39,10.53,-1.47,10.51,-1.47
28.397,8.52,-1.46,10.51,-1.47,10.49,-1.47
28.411,8.51,-1.41,10.49,-1.47,10.47,-1.47
28.425,8.52,-1.32,10.48,-1.47,10.46,-1.47
28.44,8.5,-1.38,10.46,-1.47,10.44,-1.47
28.454,8.47,-1.46,10.44,-1.47,10.42,-1.47
28.468,8.51,-1.48,10.42,-1.47,10.4,-1.47
28.482,8.54,-1.5,10.41,-1.47,10.39,-1.47
28.496,8.54,-1.43,10.39,-1.47,10.37,-1.47
28.51,8.54,-1.39,10.37,-1.47,10.35,-1.47
28.524,8.52,-1.36,10.36,-1.46,10.34,-1.46
28.538,8.5,-1.42,10.34,-1.46,10.32,-1.46
28.553,8.57,-1.46,10.32,-1.46,10.3,-1.46
28.567,8.62,-1.41,10.31,-1.46,10.29,-1.46
28.581,8.62,-1.37,10.29,-1.46,10.27,-1.46
28.596,8.52,-1.31,10.27,-1.46,10.26,-1.46
28.61,8.5,-1.34,10.26,-1.46,10.24,-1.46
28.624,8.52,-1.43,10.24,-1.46,10.22,-1.46
28.638,8.52,-1.47,10.23,-1.46,10.21,-1.46
28.652,8.61,-1.43,10.21,-1.46,10.2,-1.46
28.667,8.64,-1.39,10.2,-1.46,10.18,-1.46
28.681,8.57,-1.37,10.19,-1.46,10.17,-1.46
28.695,8.5,-1.37,10.17,-1.46,10.16,-1.46
28.709,8.54,-1.38,10.16,-1.46,10.14,-1.46
28.723,8.54,-1.45,10.14,-1.46,10.13,-1.46
28.738,8.53,-1.45,10.13,-1.46,10.11,-1.46
28.752,8.56,-1.41,10.12,-1.46,10.1,-1.46
28.767,8.55,-1.39,10.1,-1.46,10.09,-1.46
28.781,8.55,-1.34,10.09,-1.46,10.08,-1.46
28.795,8.54,-1.35,10.08,-1.46,10.06,-1.45
28.809,8.55,-1.41,10.06,-1.46,10.05,-1.46
28.823,8.52,-1.47,10.05,-1.46,10.04,-1.46
28.837,8.53,-1.45,10.04,-1.46,10.02,-1.46
28.852,8.56,-1.41,10.02,-1.46,10.01,-1.46
28.866,8.52,-1.42,10.01,-1.46,10.0,-1.46
28.88,8.46,-1.49,10.0,-1.46,9.98,-1.46
28.894,8.49,-1.48,9.98,-1.46,9.97,-1.46
28.909,8.54,-1.34,9.97,-1.46,9.96,-1.46
28.923,8.56,-1.33,9.96,-1.46,9.95,-1.46
28.937,8.57,-1.37,9.95,-1.46,9.93,-1.45
28.951,8.54,-1.4,9.94,-1.45,9.92,-1.45
28.966,8.54,-1.42,9.92,-1.45,9.91,-1.45
28.98,8.49,-1.38,9.91,-1.45,9.9,-1.45
28.994,8.46,-1.38,9.9,-1.45,9.89,-1.45
29.008,8.55,-1.38,9.89,-1.45,9.88,-1.45
29.022,8.54,-1.39,9.88,-1.45,9.87,-1.45
29.036,8.53,-1.39,9.87,-1.45,9.85,-1.45
29.05,8.45,-1.36,9.86,-1.45,9.84,-1.45
29.065,8.43,-1.36,9.85,-1.45,9.83,-1.45
29.079,8.49,-1.39,9.84,-1.45,9.82,-1.45
29.093,8.46,-1.38,9.82,-1.45,9.81,-1.45
29.108,8.51,-1.37,9.81,-1.45,9.8,-1.45
29.122,8.52,-1.4,9.8,-1.45,9.79,-1.45
29.136,8.51,-1.39,9.79,-1.45,9.78,-1.45
29.151,8.51,-1.39,9.78,-1.45,9.77,-1.45
29.165,8.52,-1.41,9.77,-1.45,9.76,-1.45
29.179,8.52,-1.37,9.76,-1.45,9.75,-1.45
29.193,8.51,-1.36,9.75,-1.45,9.74,-1.45
29.208,8.45,-1.41,9.74,-1.45,9.73,-1.45
29.222,8.45,-1.43,9.73,-1.45,9.72,-1.45
29.236,8.49,-1.33,9.72,-1.45,9.71,-1.45
29.25,8.46,-1.3,9.71,-1.45,9.7,-1.45
29.265,8.46,-1.36,9.7,-1.45,9.69,-1.45
29.279,8.47,-1.37,9.69,-1.45,9.68,-1.45
29.293,8.49,-1.34,9.68,-1.45,9.67,-1.45
29.308,8.52,-1.37,9.67,-1.45,9.65,-1.44
29.322,8.51,-1.41,9.66,-1.45,9.64,-1.44
29.336,8.56,-1.43,9.65,-1.45,9.63,-1.45
29.35,8.53,-1.39,9.64,-1.45,9.63,-1.44
29.366,8.52,-1.41,9.63,-1.45,9.62,-1.45
29.381,8.51,-1.44,9.62,-1.45,9.61,-1.45
29.395,8.5,-1.44,9.61,-1.45,9.6,-1.45
29.409,8.5,-1.42,9.6,-1.45,9.59,-1.45
29.423,8.47,-1.41,9.59,-1.45,9.58,-1.44
29.438,8.5,-1.4,9.58,-1.44,9.57,-1.44
29.452,8.5,-1.36,9.57,-1.44,9.56,-1.44
29.467,8.47,-1.35,9.56,-1.44,9.55,-1.44
29.481,8.5,-1.37,9.56,-1.44,9.55,-1.44
29.495,8.51,-1.41,9.55,-1.44,9.54,-1.44
29.509,8.47,-1.37,9.54,-1.44,9.53,-1.44
29.524,8.43,-1.32,9.53,-1.44,9.52,-1.44
29.538,8.52,-1.37,9.52,-1.44,9.51,-1.44
29.553,8.57,-1.45,9.51,-1.44,9.5,-1.44
29.567,8.54,-1.4,9.51,-1.44,9.5,-1.44
29.581,8.51,-1.36,9.5,-1.44,9.49,-1.44
29.595,8.45,-1.35,9.49,-1.44,9.48,-1.44
29.609,8.51,-1.38,9.48,-1.44,9.47,-1.44
29.623,8.51,-1.41,9.47,-1.44,9.46,-1.44
29.638,8.49,-1.42,9.47,-1.44,9.46,-1.44
29.652,8.51,-1.34,9.46,-1.43,9.45,-1.43
29.666,8.49,-1.36,9.45,-1.43,9.44,-1.43
29.681,8.53,-1.44,9.44,-1.43,9.43,-1.43
29.695,8.53,-1.39,9.44,-1.43,9.43,-1.43
29.709,8.5,-1.39,9.43,-1.43,9.42,-1.43
29.723,8.47,-1.37,9.42,-1.43,9.41,-1.43
29.738,8.51,-1.41,9.41,-1.43,9.4,-1.43
29.752,8.49,-1.3,9.4,-1.43,9.39,-1.43
29.766,8.5,-1.32,9.4,-1.43,9.39,-1.43
29.78,8.5,-1.43,9.39,-1.43,9.38,-1.43
29.794,8.48,-1.41,9.38,-1.43,9.37,-1.43
29.809,8.46,-1.4,9.38,-1.43,9.37,-1.42
29.823,8.45,-1.43,9.37,-1.43,9.36,-1.43
29.837,8.44,-1.4,9.36,-1.43,9.35,-1.43
29.851,8.5,-1.37,9.35,-1.43,9.35,-1.43
29.866,8.53,-1.38,9.35,-1.43,9.34,-1.43
29.88,8.5,-1.38,9.34,-1.43,9.33,-1.42
29.894,8.48,-1.41,9.33,-1.42,9.33,-1.42
29.909,8.53,-1.41,9.33,-1.42,9.32,-1.42
29.923,8.58,-1.37,9.32,-1.42,9.31,-1.42
29.937,8.47,-1.36,9.32,-1.42,9.31,-1.42
29.951,8.46,-1.33,9.31,-1.42,9.3,-1.42
29.965,8.53,-1.32,9.3,-1.42,9.29,-1.42
29.98,8.52,-1.36,9.3,-1.42,9.29,-1.42
29.994,8.48,-1.39,9.29,-1.42,9.28,-1.42
30.009,8.51,-1.37,9.28,-1.42,9.27,-1.42
30.023,8.52,-1.34,9.28,-1.42,9.27,-1.42
30.037,8.58,-1.37,9.27,-1.42,9.26,-1.42
30.051,8.53,-1.4,9.27,-1.42,9.26,-1.42
30.065,8.52,-1.41,9.26,-1.42,9.25,-1.42
30.08,8.57,-1.39,9.26,-1.42,9.25,-1.42
30.094,8.55,-1.36,9.25,-1.42,9.24,-1.42
30.108,8.47,-1.37,9.25,-1.42,9.24,-1.42
30.123,8.48,-1.38,9.24,-1.42,9.23,-1.42
30.137,8.5,-1.35,9.23,-1.42,9.23,-1.42
30.151,8.47,-1.35,9.23,-1.42,9.22,-1.42
30.165,8.49,-1.37,9.22,-1.42,9.21,-1.42
30.179,8.49,-1.38,9.22,-1.42,9.21,-1.42
30.193,8.49,-1.39,9.21,-1.42,9.21,-1.42
30.207,8.48,-1.38,9.21,-1.42,9.2,-1.42
30.222,8.49,-1.38,9.2,-1.42,9.2,-1.42
30.236,8.56,-1.41,9.2,-1.42,9.19,-1.42
30.25,8.57,-1.39,9.19,-1.42,9.19,-1.41
30.264,8.52,-1.4,9.19,-1.41,9.18,-1.41
30.279,8.53,-1.39,9.19,-1.41,9.18,-1.41
30.293,8.52,-1.4,9.18,-1.42,9.17,-1.42
30.307,8.52,-1.36,9.18,-1.42,9.17,-1.41
30.321,8.53,-1.35,9.17,-1.41,9.17,-1.41
30.336,8.49,-1.39,9.17,-1.41,9.16,-1.41
30.35,8.5,-1.39,9.16,-1.41,9.16,-1.41
30.364,8.48,-1.39,9.16,-1.41,9.15,-1.41
30.378,8.5,-1.36,9.15,-1.41,9.15,-1.41
30.393,8.55,-1.31,9.15,-1.41,9.14,-1.41
30.407,8.51,-1.33,9.14,-1.41,9.14,-1.41
30.421,8.47,-1.38,9.14,-1.41,9.13,-1.41
30.435,8.5,-1.41,9.13,-1.41,9.13,-1.41
30.45,8.52,-1.42,9.13,-1.41,9.12,-1.41
30.464,8.52,-1.4,9.12,-1.41,9.12,-1.41
30.478,8.54,-1.34,9.12,-1.41,9.11,-1.41
30.492,8.51,-1.36,9.12,-1.4,9.11,-1.4
30.506,8.49,-1.38,9.11,-1.4,9.11,-1.4
30.521,8.47,-1.34,9.11,-1.4,9.1,-1.4
30.535,8.47,-1.33,9.1,-1.4,9.1,-1.4
30.549,8.45,-1.35,9.1,-1.4,9.09,-1.4
30.563,8.48,-1.43,9.09,-1.4,9.09,-1.4
30.578,8.48,-1.44,9.09,-1.4,9.08,-1.4
30.592,8.58,-1.4,9.08,-1.4,9.08,-1.4
30.606,8.58,-1.41,9.08,-1.4,9.08,-1.4
30.62,8.5,-1.45,9.08,-1.4,9.07,-1.4
30.634,8.5,-1.41,9.07,-1.4,9.07,-1.4
30.648,8.51,-1.4,9.07,-1.41,9.06,-1.41
30.663,8.45,-1.34,9.07,-1.41,9.06,-1.41
30.677,8.46,-1.34,9.06,-1.41,9.06,-1.41
30.691,8.51,-1.39,9.06,-1.41,9.05,-1.41
30.705,8.5,-1.39,9.05,-1.41,9.05,-1.41
30.719,8.52,-1.33,9.05,-1.41,9.04,-1.41
30.733,8.55,-1.34,9.05,-1.4,9.04,-1.4
30.747,8.54,-1.39,9.04,-1.4,9.04,-1.4
30.762,8.56,-1.37,9.04,-1.4,9.04,-1.4
30.776,8.55,-1.41,9.04,-1.41,9.03,-1.41
30.79,8.43,-1.39,9.04,-1.41,9.03,-1.41
30.804,8.46,-1.36,9.03,-1.41,9.03,-1.4
30.819,8.51,-1.35,9.03,-1.4,9.02,-1.4
30.833,8.47,-1.36,9.02,-1.4,9.02,-1.4
30.847,8.44,-1.34,9.02,-1.4,9.02,-1.4
30.861,8.44,-1.35,9.02,-1.4,9.01,-1.4
30.875,8.47,-1.37,9.01,-1.4,9.01,-1.4
30.889,8.55,-1.34,9.01,-1.4,9.01,-1.4
30.903,8.54,-1.34,9.01,-1.4,9.0,-1.4
30.917,8.49,-1.41,9.0,-1.4,9.0,-1.4
30.932,8.45,-1.39,9.0,-1.4,8.99,-1.4
30.947,8.43,-1.4,9.0,-1.4,8.99,-1.4
30.961,8.49,-1.37,8.99,-1.4,8.99,-1.4
30.975,8.53,-1.37,8.99,-1.4,8.99,-1.4
30.99,8.47,-1.38,8.99,-1.4,8.98,-1.4
31.004,8.47,-1.37,8.99,-1.4,8.98,-1.4
31.018,8.44,-1.4,8.98,-1.4,8.98,-1.4
31.032,8.46,-1.39,8.98,-1.4,8.97,-1.4
31.046,8.5,-1.41,8.97,-1.4,8.97,-1.4
31.06,8.51,-1.41,8.97,-1.4,8.96,-1.4
31.074,8.52,-1.35,8.97,-1.4,8.96,-1.4
31.089,8.53,-1.37,8.96,-1.4,8.96,-1.4
31.103,8.51,-1.4,8.96,-1.4,8.96,-1.4
31.117,8.54,-1.37,8.96,-1.4,8.95,-1.4
31.131,8.53,-1.37,8.96,-1.39,8.95,-1.39
31.145,8.5,-1.36,8.95,-1.39,8.95,-1.39
31.16,8.48,-1.33,8.95,-1.39,8.95,-1.39
31.174,8.41,-1.41,8.95,-1.39,8.94,-1.39
31.188,8.43,-1.42,8.95,-1.39,8.94,-1.39
31.202,8.46,-1.43,8.94,-1.39,8.94,-1.39
31.217,8.52,-1.4,8.94,-1.39,8.94,-1.39
31.231,8.49,-1.35,8.94,-1.39,8.94,-1.39
31.245,8.52,-1.28,8.94,-1.39,8.93,-1.39
31.259,8.51,-1.3,8.93,-1.39,8.93,-1.39
31.273,8.43,-1.39,8.93,-1.39,8.93,-1.39
31.288,8.43,-1.42,8.93,-1.39,8.92,-1.39
31.302,8.47,-1.44,8.93,-1.39,8.92,-1.39
31.316,8.5,-1.39,8.92,-1.39,8.92,-1.39
31.33,8.48,-1.34,8.92,-1.39,8.92,-1.39
31.344,8.5,-1.39,8.92,-1.39,8.91,-1.39
31.358,8.49,-1.4,8.92,-1.39,8.91,-1.39
31.372,8.49,-1.36,8.91,-1.39,8.91,-1.39
31.386,8.46,-1.36,8.91,-1.39,8.91,-1.39
31.4,8.42,-1.37,8.91,-1.39,8.9,-1.39
31.415,8.51,-1.37,8.9,-1.39,8.9,-1.39
31.429,8.54,-1.37,8.9,-1.39,8.9,-1.39
31.443,8.47,-1.45,8.9,-1.39,8.9,-1.39
31.457,8.42,-1.46,8.9,-1.39,8.89,-1.39
31.471,8.47,-1.41,8.9,-1.39,8.89,-1.39
31.486,8.56,-1.35,8.89,-1.39,8.89,-1.39
31.5,8.61,-1.39,8.89,-1.39,8.89,-1.39
31.514,8.58,-1.37,8.89,-1.39,8.89,-1.39
31.528,8.51,-1.35,8.89,-1.39,8.89,-1.39
31.542,8.47,-1.39,8.89,-1.39,8.89,-1.39
31.557,8.46,-1.38,8.89,-1.39,8.88,-1.39
31.571,8.52,-1.31,8.88,-1.39,8.88,-1.39
31.585,8.53,-1.31,8.88,-1.39,8.88,-1.39
31.599,8.47,-1.35,8.88,-1.39,8.88,-1.39
31.613,8.45,-1.38,8.88,-1.39,8.87,-1.39
31.627,8.42,-1.42,8.88,-1.39,8.87,-1.39
31.642,8.42,-1.36,8.87,-1.39,8.87,-1.39
31.656,8.45,-1.34,8.87,-1.39,8.87,-1.39
31.67,8.55,-1.35,8.87,-1.39,8.86,-1.38
31.685,8.55,-1.4,8.87,-1.38,8.86,-1.39
31.699,8.52,-1.45,8.87,-1.39,8.86,-1.39
31.713,8.51,-1.45,8.86,-1.39,8.86,-1.39
31.727,8.5,-1.43,8.86,-1.39,8.86,-1.39
31.741,8.54,-1.4,8.86,-1.39,8.86,-1.39
31.755,8.53,-1.38,8.86,-1.39,8.86,-1.39
31.77,8.44,-1.4,8.86,-1.39,8.86,-1.39
31.784,8.48,-1.38,8.86,-1.39,8.85,-1.39
31.798,8.5,-1.46,8.86,-1.39,8.85,-1.39
31.812,8.45,-1.49,8.85,-1.39,8.85,-1.39
31.826,8.5,-1.35,8.85,-1.39,8.85,-1.39
31.841,8.5,-1.28,8.85,-1.39,8.85,-1.39
31.855,8.52,-1.32,8.85,-1.39,8.85,-1.39
31.869,8.56,-1.38,8.85,-1.39,8.85,-1.39
31.883,8.57,-1.34,8.85,-1.39,8.85,-1.39
31.898,8.5,-1.37,8.85,-1.39,8.85,-1.39
31.914,8.45,-1.41,8.85,-1.39,8.84,-1.39
31.928,8.44,-1.37,8.84,-1.39,8.84,-1.39
31.942,8.49,-1.31,8.84,-1.39,8.84,-1.39
31.956,8.48,-1.32,8.84,-1.39,8.84,-1.39
31.971,8.47,-1.37,8.84,-1.39,8.84,-1.39
31.985,8.48,-1.37,8.84,-1.39,8.83,-1.39
31.999,8.48,-1.4,8.84,-1.39,8.83,-1.39
32.013,8.49,-1.4,8.84,-1.39,8.83,-1.39
32.027,8.55,-1.37,8.83,-1.39,8.83,-1.39
32.041,8.58,-1.34,8.83,-1.39,8.83,-1.39
32.055,8.58,-1.41,8.83,-1.39,8.83,-1.39
32.07,8.54,-1.44,8.83,-1.39,8.83,-1.39
32.084,8.49,-1.35,8.83,-1.39,8.83,-1.39
32.098,8.47,-1.35,8.83,-1.39,8.83,-1.39
32.112,8.44,-1.39,8.83,-1.39,8.82,-1.39
32.126,8.51,-1.37,8.82,-1.39,8.82,-1.39
32.141,8.52,-1.35,8.82,-1.39,8.82,-1.39
32.155,8.57,-1.31,8.82,-1.39,8.82,-1.39
32.169,8.46,-1.29,8.82,-1.39,8.82,-1.39
32.183,8.53,-1.41,8.82,-1.39,8.81,-1.39
32.198,8.25,-1.2,8.81,-1.39,8.81,-1.39
32.212,8.81,-1.32,8.81,-1.39,8.81,-1.39
32.226,8.46,-1.56,8.81,-1.38,8.81,-1.39
32.24,8.57,-1.63,8.81,-1.39,8.81,-1.39
32.254,8.38,-1.35,8.81,-1.39,8.8,-1.39
32.269,8.57,-1.35,8.8,-1.39,8.8,-1.39
32.283,8.43,-1.39,8.8,-1.38,8.8,-1.38
32.297,8.55,-1.38,8.8,-1.38,8.8,-1.38
32.311,8.49,-1.32,8.8,-1.38,8.8,-1.38
32.325,8.53,-1.33,8.8,-1.38,8.79,-1.38
32.339,8.62,-1.34,8.8,-1.38,8.79,-1.38
32.353,8.4,-1.44,8.8,-1.38,8.79,-1.38
32.367,8.44,-1.48,8.79,-1.38,8.79,-1.38
32.382,8.36,-1.39,8.79,-1.38,8.79,-1.38
32.396,8.52,-1.39,8.79,-1.38,8.79,-1.38
32.41,8.62,-1.32,8.79,-1.38,8.79,-1.38
32.425,8.62,-1.3,8.79,-1.38,8.79,-1.38
32.439,8.56,-1.34,8.79,-1.38,8.79,-1.38
32.453,8.5,-1.4,8.79,-1.38,8.79,-1.38
32.467,8.51,-1.42,8.79,-1.38,8.78,-1.38
32.481,8.44,-1.52,8.79,-1.38,8.78,-1.38
32.495,8.48,-1.52,8.79,-1.38,8.78,-1.38
32.51,8.52,-1.43,8.78,-1.38,8.78,-1.38
32.524,8.56,-1.41,8.78,-1.38,8.78,-1.38
32.538,8.44,-1.35,8.78,-1.38,8.78,-1.38
32.553,8.4,-1.32,8.78,-1.38,8.78,-1.38
32.567,8.42,-1.32,8.78,-1.38,8.78,-1.38
32.581,8.56,-1.42,8.78,-1.38,8.78,-1.38
32.595,8.61,-1.43,8.78,-1.38,8.78,-1.38
32.61,8.56,-1.32,8.78,-1.38,8.78,-1.38
32.624,8.53,-1.26,8.78,-1.38,8.78,-1.38
32.638,8.51,-1.3,8.78,-1.37,8.78,-1.37
32.652,8.5,-1.35,8.78,-1.37,8.78,-1.37
32.666,8.52,-1.39,8.78,-1.37,8.78,-1.37
32.68,8.49,-1.44,8.78,-1.37,8.77,-1.38
32.695,8.5,-1.39,8.78,-1.38,8.77,-1.38
32.709,8.54,-1.44,8.78,-1.38,8.77,-1.38
32.723,8.5,-1.45,8.78,-1.38,8.77,-1.38
32.738,8.4,-1.41,8.78,-1.38,8.77,-1.38
32.752,8.45,-1.41,8.77,-1.38,8.77,-1.38
32.766,8.58,-1.34,8.77,-1.38,8.77,-1.38
32.78,8.66,-1.31,8.78,-1.38,8.77,-1.38
32.795,8.65,-1.25,8.78,-1.37,8.78,-1.37
32.809,8.48,-1.34,8.78,-1.37,8.78,-1.37
32.823,8.44,-1.41,8.78,-1.37,8.77,-1.37
32.838,8.5,-1.54,8.78,-1.37,8.77,-1.38
32.852,8.53,-1.6,8.78,-1.38,8.77,-1.38
32.866,8.5,-1.42,8.78,-1.38,8.77,-1.38
32.88,8.51,-1.31,8.78,-1.38,8.77,-1.38
32.894,8.43,-1.32,8.78,-1.38,8.77,-1.38
32.908,8.39,-1.41,8.78,-1.38,8.77,-1.38
32.923,8.36,-1.45,8.78,-1.38,8.77,-1.38
32.937,8.56,-1.32,8.77,-1.38,8.77,-1.38
32.951,8.57,-1.28,8.77,-1.38,8.77,-1.38
32.965,8.48,-1.38,8.77,-1.38,8.77,-1.38
32.979,8.41,-1.43,8.77,-1.38,8.77,-1.38
32.993,8.44,-1.51,8.77,-1.38,8.77,-1.38
33.008,8.48,-1.48,8.77,-1.38,8.77,-1.38
33.022,8.55,-1.38,8.77,-1.38,8.77,-1.38
33.036,8.67,-1.28,8.77,-1.38,8.77,-1.38
33.051,8.59,-1.35,8.77,-1.38,8.77,-1.38
33.065,8.43,-1.45,8.77,-1.38,8.76,-1.38
33.079,8.47,-1.5,8.77,-1.38,8.76,-1.38
33.093,8.41,-1.39,8.77,-1.38,8.76,-1.38
33.107,8.43,-1.28,8.76,-1.38,8.76,-1.38
33.122,8.53,-1.23,8.76,-1.38,8.76,-1.38
33.136,8.57,-1.25,8.76,-1.38,8.76,-1.38
33.15,8.52,-1.34,8.76,-1.38,8.76,-1.38
33.165,8.44,-1.49,8.76,-1.38,8.76,-1.38
33.179,8.44,-1.52,8.76,-1.38,8.76,-1.38
33.193,8.47,-1.39,8.76,-1.38,8.76,-1.38
33.208,8.55,-1.29,8.76,-1.38,8.76,-1.38
33.222,8.58,-1.28,8.76,-1.38,8.76,-1.38
33.236,8.53,-1.34,8.76,-1.38,8.76,-1.38
33.25,8.42,-1.42,8.76,-1.38,8.75,-1.38
33.265,8.42,-1.42,8.76,-1.38,8.75,-1.38
33.279,8.43,-1.34,8.75,-1.38,8.75,-1.38
33.293,8.54,-1.29,8.75,-1.37,8.75,-1.37
33.307,8.59,-1.29,8.75,-1.37,8.75,-1.37
33.321,8.48,-1.35,8.75,-1.37,8.75,-1.37
33.335,8.44,-1.41,8.75,-1.37,8.75,-1.37
33.349,8.41,-1.42,8.75,-1.37,8.75,-1.37
33.364,8.47,-1.34,8.75,-1.37,8.75,-1.37
33.378,8.55,-1.28,8.75,-1.37,8.75,-1.37
33.392,8.6,-1.26,8.75,-1.37,8.75,-1.37
33.406,8.57,-1.33,8.75,-1.37,8.75,-1.37
33.42,8.45,-1.5,8.75,-1.37,8.75,-1.37
33.434,8.37,-1.5,8.75,-1.37,8.74,-1.37
33.449,8.4,-1.38,8.75,-1.37,8.74,-1.37
33.463,8.5,-1.28,8.74,-1.37,8.74,-1.37
33.477,8.55,-1.24,8.74,-1.37,8.74,-1.37
33.491,8.54,-1.38,8.74,-1.37,8.74,-1.37
33.506,8.51,-1.42,8.74,-1.37,8.74,-1.37
33.52,8.54,-1.35,8.74,-1.37,8.74,-1.37
33.534,8.49,-1.21,8.74,-1.37,8.74,-1.37
33.548,8.53,-1.61,8.74,-1.37,8.74,-1.37
33.562,8.57,-1.63,8.74,-1.37,8.74,-1.37
33.577,8.56,-1.48,8.74,-1.37,8.74,-1.38
33.591,8.45,-1.47,8.74,-1.38,8.74,-1.38
33.605,8.34,-1.37,8.74,-1.38,8.74,-1.38
33.619,8.49,-1.36,8.74,-1.38,8.73,-1.38
33.633,8.43,-1.33,8.74,-1.38,8.73,-1.38
33.648,8.54,-1.31,8.74,-1.38,8.73,-1.37
33.662,8.5,-1.37,8.74,-1.37,8.73,-1.37
33.676,8.55,-1.34,8.74,-1.37,8.73,-1.37
33.69,8.45,-1.33,8.74,-1.38,8.73,-1.37
33.705,8.54,-1.42,8.74,-1.38,8.73,-1.38
33.719,8.52,-1.33,8.74,-1.38,8.73,-1.37
33.733,8.57,-1.23,8.74,-1.37,8.73,-1.37
33.747,8.58,-1.43,8.74,-1.37,8.73,-1.37
33.761,8.54,-1.53,8.74,-1.37,8.73,-1.37
33.775,8.5,-1.42,8.74,-1.38,8.74,-1.38
33.789,8.46,-1.39,8.74,-1.38,8.73,-1.38
33.804,8.45,-1.37,8.73,-1.38,8.73,-1.38
33.818,8.52,-1.33,8.73,-1.38,8.73,-1.37
33.832,8.51,-1.3,8.74,-1.37,8.73,-1.37
33.846,8.58,-1.31,8.73,-1.37,8.73,-1.37
33.86,8.51,-1.36,8.74,-1.37,8.73,-1.37
33.874,8.42,-1.38,8.74,-1.37,8.73,-1.37
33.889,8.49,-1.39,8.73,-1.37,8.73,-1.37
33.903,8.58,-1.35,8.73,-1.37,8.73,-1.37
33.917,8.48,-1.38,8.74,-1.37,8.73,-1.37
33.931,8.42,-1.41,8.74,-1.37,8.73,-1.37
33.946,8.52,-1.36,8.73,-1.37,8.73,-1.37
33.96,8.54,-1.34,8.73,-1.37,8.73,-1.37
33.974,8.52,-1.34,8.73,-1.37,8.73,-1.37
33.988,8.51,-1.33,8.73,-1.37,8.73,-1.37
34.002,8.55,-1.35,8.73,-1.37,8.73,-1.37
34.017,8.53,-1.39,8.73,-1.37,8.73,-1.37
34.031,8.49,-1.43,8.73,-1.37,8.73,-1.37
34.046,8.52,-1.3,8.73,-1.37,8.73,-1.37
34.06,8.52,-1.28,8.73,-1.37,8.73,-1.37
34.074,8.5,-1.45,8.73,-1.37,8.73,-1.37
34.088,8.53,-1.42,8.73,-1.37,8.73,-1.37
34.102,8.48,-1.39,8.73,-1.37,8.73,-1.37
34.116,8.5,-1.45,8.73,-1.37,8.73,-1.37
34.131,8.53,-1.37,8.73,-1.37,8.73,-1.37
34.145,8.51,-1.3,8.73,-1.37,8.73,-1.37
34.159,8.48,-1.29,8.73,-1.37,8.73,-1.37
34.173,8.49,-1.41,8.73,-1.37,8.73,-1.37
34.187,8.49,-1.41,8.73,-1.37,8.73,-1.37
34.202,8.44,-1.38,8.73,-1.37,8.72,-1.37
34.216,8.44,-1.4,8.73,-1.37,8.72,-1.37
34.231,8.51,-1.39,8.73,-1.37,8.72,-1.37
34.245,8.52,-1.39,8.73,-1.37,8.73,-1.37
34.259,8.62,-1.37,8.73,-1.37,8.73,-1.37
34.273,8.61,-1.4,8.73,-1.37,8.73,-1.37
34.287,8.53,-1.44,8.73,-1.37,8.73,-1.37
34.301,8.48,-1.33,8.73,-1.37,8.73,-1.37
34.315,8.46,-1.3,8.73,-1.37,8.73,-1.37
34.329,8.47,-1.36,8.74,-1.37,8.73,-1.37
34.344,8.51,-1.41,8.74,-1.37,8.73,-1.37
34.358,8.48,-1.45,8.73,-1.37,8.73,-1.37
34.372,8.49,-1.41,8.73,-1.37,8.73,-1.37
34.386,8.5,-1.38,8.73,-1.37,8.73,-1.37
34.4,8.49,-1.43,8.73,-1.37,8.73,-1.37
34.415,8.48,-1.42,8.73,-1.37,8.73,-1.37
34.43,8.44,-1.41,8.73,-1.37,8.73,-1.37
34.444,8.47,-1.41,8.73,-1.37,8.73,-1.37
34.459,8.54,-1.39,8.73,-1.37,8.73,-1.37
34.473,8.56,-1.33,8.73,-1.37,8.73,-1.37
34.488,8.49,-1.33,8.73,-1.37,8.73,-1.37
34.501,8.5,-1.37,8.73,-1.37,8.73,-1.37
34.515,8.51,-1.39,8.73,-1.37,8.73,-1.37
34.529,8.55,-1.32,8.73,-1.37,8.73,-1.37
34.544,8.52,-1.33,8.73,-1.37,8.73,-1.37
34.558,8.54,-1.39,8.73,-1.37,8.73,-1.37
34.572,8.54,-1.35,8.73,-1.37,8.73,-1.37
34.586,8.53,-1.36,8.73,-1.37,8.73,-1.37
34.6,8.53,-1.4,8.73,-1.37,8.73,-1.37
34.615,8.53,-1.41,8.73,-1.37,8.73,-1.37
34.629,8.51,-1.39,8.73,-1.37,8.73,-1.37
34.643,8.52,-1.36,8.73,-1.37,8.73,-1.37
34.657,8.5,-1.37,8.73,-1.37,8.72,-1.37
34.671,8.47,-1.39,8.73,-1.37,8.72,-1.37
34.686,8.47,-1.37,8.73,-1.37,8.72,-1.37
34.7,8.45,-1.39,8.73,-1.37,8.72,-1.37
34.714,8.44,-1.41,8.73,-1.37,8.72,-1.37
34.728,8.51,-1.41,8.72,-1.37,8.72,-1.37
34.742,8.56,-1.39,8.72,-1.37,8.72,-1.37
34.757,8.53,-1.35,8.72,-1.37,8.72,-1.37
34.771,8.53,-1.37,8.72,-1.37,8.72,-1.37
34.785,8.54,-1.39,8.72,-1.37,8.72,-1.37
34.799,8.54,-1.38,8.72,-1.37,8.72,-1.37
34.814,8.56,-1.43,8.72,-1.37,8.72,-1.37
34.828,8.52,-1.42,8.72,-1.37,8.72,-1.37
34.842,8.48,-1.38,8.72,-1.37,8.72,-1.37
34.856,8.49,-1.39,8.72,-1.37,8.72,-1.37
34.87,8.54,-1.39,8.72,-1.37,8.72,-1.37
34.884,8.47,-1.32,8.72,-1.37,8.72,-1.37
34.899,8.46,-1.36,8.72,-1.37,8.72,-1.37
34.913,8.5,-1.39,8.72,-1.37,8.72,-1.37
34.927,8.48,-1.42,8.72,-1.37,8.72,-1.37
34.941,8.48,-1.4,8.72,-1.37,8.72,-1.37
34.955,8.51,-1.42,8.72,-1.37,8.72,-1.37
34.97,8.55,-1.41,8.72,-1.37,8.72,-1.37
34.988,8.55,-1.32,8.72,-1.37,8.72,-1.37
35.002,8.46,-1.32,8.72,-1.37,8.72,-1.37
35.016,8.48,-1.38,8.72,-1.37,8.72,-1.37
35.031,8.51,-1.41,8.72,-1.37,8.72,-1.37
35.045,8.5,-1.44,8.72,-1.37,8.72,-1.38
35.059,8.46,-1.45,8.72,-1.38,8.72,-1.38
35.073,8.49,-1.41,8.72,-1.38,8.72,-1.38
35.087,8.48,-1.39,8.72,-1.38,8.72,-1.38
35.102,8.52,-1.35,8.72,-1.38,8.72,-1.38
35.116,8.52,-1.37,8.72,-1.38,8.72,-1.38
35.13,8.51,-1.44,8.72,-1.38,8.72,-1.38
35.145,8.45,-1.41,8.72,-1.38,8.72,-1.38
35.159,8.47,-1.31,8.72,-1.38,8.72,-1.38
35.173,8.5,-1.32,8.72,-1.38,8.72,-1.38
35.187,8.53,-1.4,8.72,-1.38,8.72,-1.38
35.201,8.54,-1.35,8.72,-1.38,8.72,-1.38
35.216,8.54,-1.32,8.72,-1.38,8.72,-1.38
35.23,8.49,-1.39,8.72,-1.37,8.72,-1.37
35.244,8.51,-1.39,8.72,-1.37,8.72,-1.37
35.258,8.46,-1.41,8.72,-1.37,8.72,-1.37
35.273,8.5,-1.37,8.72,-1.37,8.72,-1.37
35.287,8.52,-1.34,8.72,-1.37,8.72,-1.37
35.301,8.49,-1.36,8.72,-1.37,8.72,-1.37
35.315,8.47,-1.35,8.72,-1.37,8.72,-1.37
35.329,8.59,-1.36,8.72,-1.37,8.72,-1.37
35.343,8.58,-1.35,8.72,-1.37,8.72,-1.37
35.358,8.52,-1.36,8.72,-1.37,8.72,-1.37
35.372,8.49,-1.39,8.72,-1.37,8.72,-1.37
35.387,8.46,-1.41,8.72,-1.37,8.72,-1.37
35.401,8.46,-1.43,8.72,-1.37,8.72,-1.37
35.415,8.48,-1.45,8.72,-1.37,8.72,-1.37
35.429,8.51,-1.37,8.72,-1.37,8.72,-1.37
35.443,8.52,-1.36,8.72,-1.37,8.72,-1.37
35.457,8.49,-1.35,8.72,-1.37,8.72,-1.37
35.472,8.51,-1.34,8.72,-1.37,8.72,-1.37
35.486,8.49,-1.39,8.72,-1.37,8.72,-1.37
35.5,8.49,-1.35,8.72,-1.37,8.72,-1.37
35.514,8.51,-1.34,8.72,-1.37,8.72,-1.37
35.528,8.54,-1.37,8.72,-1.37,8.72,-1.37
35.542,8.54,-1.41,8.72,-1.37,8.72,-1.37
35.557,8.53,-1.41,8.72,-1.37,8.72,-1.37
35.571,8.5,-1.43,8.72,-1.37,8.72,-1.37
35.585,8.52,-1.39,8.72,-1.37,8.72,-1.37
35.599,8.52,-1.35,8.72,-1.37,8.72,-1.37
35.614,8.45,-1.36,8.72,-1.37,8.72,-1.37
35.628,8.47,-1.39,8.72,-1.37,8.72,-1.37
35.642,8.51,-1.42,8.72,-1.37,8.72,-1.37
35.657,8.48,-1.39,8.72,-1.37,8.72,-1.37
35.671,8.48,-1.42,8.72,-1.37,8.72,-1.37
35.685,8.49,-1.38,8.72,-1.37,8.72,-1.37
35.699,8.52,-1.35,8.72,-1.37,8.72,-1.37
35.714,8.51,-1.38,8.72,-1.37,8.72,-1.37
35.728,8.49,-1.39,8.72,-1.37,8.72,-1.37
35.742,8.5,-1.34,8.72,-1.37,8.71,-1.37
35.756,8.5,-1.38,8.72,-1.37,8.71,-1.37
35.771,8.52,-1.39,8.72,-1.37,8.71,-1.37
35.785,8.51,-1.36,8.72,-1.37,8.71,-1.37
35.799,8.49,-1.36,8.72,-1.37,8.71,-1.37
35.814,8.45,-1.32,8.71,-1.37,8.71,-1.37
35.828,8.49,-1.3,8.71,-1.37,8.71,-1.37
35.842,8.56,-1.42,8.71,-1.37,8.71,-1.37
35.856,8.53,-1.44,8.71,-1.37,8.71,-1.37
35.871,8.52,-1.43,8.71,-1.37,8.71,-1.37
35.885,8.51,-1.42,8.71,-1.37,8.71,-1.37
35.899,8.48,-1.42,8.71,-1.37,8.71,-1.37
35.913,8.56,-1.37,8.71,-1.37,8.71,-1.37
35.928,8.53,-1.34,8.71,-1.37,8.71,-1.37
35.942,8.51,-1.37,8.71,-1.37,8.71,-1.37
35.956,8.51,-1.39,8.71,-1.37,8.71,-1.37
35.971,8.49,-1.43,8.71,-1.37,8.71,-1.37
35.985,8.49,-1.46,8.71,-1.37,8.71,-1.37
35.999,8.49,-1.44,8.71,-1.37,8.71,-1.37
36.013,8.52,-1.39,8.71,-1.37,8.71,-1.37
36.027,8.53,-1.36,8.71,-1.37,8.71,-1.37
36.041,8.5,-1.36,8.71,-1.37,8.71,-1.37
36.056,8.49,-1.36,8.71,-1.37,8.71,-1.37
36.07,8.55,-1.32,8.71,-1.37,8.71,-1.37
36.084,8.55,-1.35,8.71,-1.37,8.71,-1.37
36.098,8.49,-1.37,8.71,-1.37,8.71,-1.37
36.112,8.47,-1.37,8.71,-1.37,8.71,-1.37
36.127,8.47,-1.37,8.71,-1.37,8.71,-1.37
36.141,8.51,-1.34,8.71,-1.37,8.71,-1.37
36.155,8.51,-1.38,8.71,-1.37,8.71,-1.37
36.169,8.46,-1.4,8.71,-1.37,8.71,-1.37
36.184,8.51,-1.31,8.71,-1.37,8.71,-1.37
36.198,8.52,-1.23,8.71,-1.36,8.71,-1.36
36.212,8.55,-1.35,8.71,-1.36,8.71,-1.36
36.226,8.56,-1.47,8.71,-1.36,8.71,-1.36
36.24,8.51,-1.4,8.71,-1.36,8.71,-1.36
36.254,8.65,-1.31,8.71,-1.36,8.71,-1.36
36.269,8.43,-1.35,8.71,-1.36,8.71,-1.36
36.283,8.53,-1.37,8.71,-1.36,8.71,-1.36
36.297,8.47,-1.37,8.71,-1.36,8.71,-1.36
36.311,8.58,-1.42,8.71,-1.36,8.71,-1.36
36.325,8.58,-1.39,8.71,-1.36,8.71,-1.36
36.339,8.49,-1.37,8.71,-1.36,8.71,-1.36
36.353,8.54,-1.44,8.71,-1.35,8.7,-1.35
36.367,8.49,-1.4,8.71,-1.35,8.7,-1.35
36.381,8.54,-1.39,8.7,-1.35,8.7,-1.35
36.395,8.56,-1.43,8.7,-1.35,8.7,-1.35
36.41,8.61,-1.43,8.7,-1.35,8.7,-1.35
36.424,8.6,-1.43,8.71,-1.36,8.7,-1.36
36.438,8.58,-1.38,8.71,-1.36,8.71,-1.36
36.452,8.52,-1.38,8.71,-1.36,8.71,-1.36
36.467,8.56,-1.4,8.71,-1.36,8.71,-1.36
36.481,8.55,-1.42,8.71,-1.36,8.71,-1.36
36.495,8.52,-1.39,8.71,-1.36,8.71,-1.36
36.509,8.52,-1.35,8.71,-1.36,8.71,-1.36
36.523,8.46,-1.35,8.71,-1.36,8.7,-1.36
36.538,8.5,-1.3,8.71,-1.36,8.7,-1.36
36.555,8.54,-1.34,8.71,-1.36,8.71,-1.36
36.569,8.51,-1.45,8.71,-1.36,8.71,-1.36
36.583,8.48,-1.48,8.71,-1.36,8.71,-1.36
36.597,8.45,-1.45,8.71,-1.36,8.71,-1.36
36.612,8.43,-1.44,8.71,-1.36,8.71,-1.36
36.626,8.49,-1.41,8.71,-1.36,8.7,-1.36
36.64,8.52,-1.41,8.71,-1.36,8.71,-1.36
36.654,8.54,-1.41,8.71,-1.36,8.71,-1.36
36.668,8.54,-1.41,8.71,-1.36,8.71,-1.36
36.683,8.54,-1.44,8.71,-1.36,8.71,-1.36
36.697,8.55,-1.44,8.71,-1.36,8.71,-1.37
36.711,8.45,-1.46,8.71,-1.37,8.71,-1.37
36.725,8.42,-1.43,8.71,-1.37,8.7,-1.37
36.739,8.45,-1.42,8.71,-1.37,8.7,-1.37
36.754,8.55,-1.37,8.7,-1.37,8.7,-1.37
36.768,8.58,-1.35,8.71,-1.37,8.7,-1.37
36.782,8.6,-1.36,8.71,-1.37,8.71,-1.37
36.797,8.57,-1.38,8.71,-1.37,8.71,-1.37
36.811,8.52,-1.46,8.71,-1.37,8.71,-1.37
36.825,8.52,-1.43,8.71,-1.37,8.71,-1.37
36.839,8.5,-1.39,8.71,-1.37,8.7,-1.37
36.853,8.57,-1.36,8.71,-1.37,8.7,-1.37
36.867,8.6,-1.36,8.71,-1.37,8.71,-1.37
36.881,8.51,-1.46,8.71,-1.37,8.7,-1.37
36.895,8.52,-1.46,8.71,-1.37,8.7,-1.37
36.91,8.57,-1.39,8.71,-1.37,8.7,-1.37
36.924,8.54,-1.37,8.71,-1.37,8.71,-1.37
36.938,8.51,-1.41,8.71,-1.37,8.71,-1.37
36.952,8.61,-1.43,8.71,-1.37,8.71,-1.37
36.966,8.58,-1.43,8.71,-1.37,8.71,-1.37
36.981,8.54,-1.44,8.71,-1.37,8.71,-1.37
36.995,8.59,-1.45,8.71,-1.37,8.71,-1.38
37.009,8.59,-1.39,8.71,-1.38,8.71,-1.38
37.023,8.57,-1.37,8.71,-1.38,8.71,-1.38
37.037,8.59,-1.39,8.71,-1.38,8.71,-1.38
37.052,8.56,-1.45,8.71,-1.38,8.71,-1.38
37.066,8.49,-1.48,8.72,-1.38,8.71,-1.38
37.08,8.46,-1.4,8.71,-1.38,8.71,-1.38
37.096,8.52,-1.36,8.71,-1.38,8.71,-1.38
37.11,8.51,-1.35,8.71,-1.38,8.71,-1.38
37.124,8.49,-1.37,8.71,-1.38,8.71,-1.38
37.138,8.47,-1.43,8.71,-1.38,8.71,-1.38
37.153,8.51,-1.42,8.71,-1.38,8.71,-1.38
37.167,8.61,-1.46,8.71,-1.38,8.71,-1.38
37.181,8.96,-1.47,8.72,-1.38,8.72,-1.38
37.195,8.2,-1.27,8.75,-1.38,8.74,-1.38
37.209,8.14,-1.29,8.79,-1.38,8.79,-1.38
37.224,8.63,-1.34,8.82,-1.38,8.82,-1.38
37.238,9.26,-1.37,8.86,-1.38,8.86,-1.38
37.252,8.23,-1.38,8.95,-1.38,8.94,-1.38
37.266,5.41,-1.35,9.04,-1.38,9.0,-1.38
37.281,6.32,-1.39,8.97,-1.38,8.94,-1.38
37.295,9.73,-1.24,8.84,-1.38,8.85,-1.38
37.309,12.49,-1.18,8.73,-1.38,8.77,-1.38
37.323,10.19,-1.44,8.76,-1.38,8.77,-1.38
37.338,7.35,-1.41,8.86,-1.38,8.85,-1.38
37.352,9.26,-1.37,8.85,-1.38,8.85,-1.38
37.366,11.04,-1.77,8.87,-1.38,8.9,-1.38
37.38,7.1,-1.39,9.12,-1.39,9.1,-1.39
37.394,5.4,-1.23,9.37,-1.39,9.33,-1.39
37.409,7.39,-1.45,9.37,-1.39,9.35,-1.39
37.423,8.78,-1.68,9.33,-1.39,9.33,-1.39
37.437,8.81,-2.16,9.36,-1.39,9.35,-1.4
37.452,8.23,-2.44,9.43,-1.4,9.42,-1.41
37.466,7.64,-1.67,9.53,-1.4,9.51,-1.4
37.48,7.87,-1.34,9.63,-1.39,9.61,-1.39
37.494,6.52,-1.03,9.75,-1.38,9.71,-1.38
37.508,6.22,-0.55,9.84,-1.37,9.81,-1.36
37.522,7.07,-0.62,9.88,-1.36,9.85,-1.35
37.537,7.24,-1.29,9.86,-1.35,9.84,-1.35
37.551,7.2,-1.54,9.84,-1.35,9.82,-1.35
37.565,6.91,-1.2,9.83,-1.35,9.8,-1.35
37.579,7.13,-1.39,9.78,-1.35,9.76,-1.35
37.594,6.64,-1.39,9.74,-1.34,9.71,-1.34
37.608,6.56,-1.37,9.68,-1.34,9.65,-1.34
37.622,4.6,-1.57,9.6,-1.34,9.55,-1.34
37.636,6.26,-1.69,9.35,-1.34,9.32,-1.35
37.651,8.97,-1.87,9.04,-1.35,9.04,-1.35
37.665,8.39,-1.47,8.81,-1.35,8.81,-1.35
37.679,9.36,-1.02,8.61,-1.35,8.61,-1.35
37.693,8.64,-1.02,8.44,-1.35,8.45,-1.34
37.707,7.25,-1.3,8.37,-1.34,8.36,-1.34
37.721,10.04,-1.5,8.27,-1.33,8.28,-1.34
37.735,9.1,-1.44,8.23,-1.33,8.24,-1.33
37.75,8.92,-1.45,8.22,-1.33,8.23,-1.34
37.764,9.06,-1.4,8.23,-1.33,8.24,-1.33
37.778,8.91,-1.37,8.26,-1.33,8.27,-1.33
37.792,8.43,-1.45,8.3,-1.33,8.3,-1.33
37.806,8.04,-1.47,8.34,-1.34,8.33,-1.34
37.821,8.26,-1.58,8.36,-1.34,8.36,-1.34
37.835,8.39,-1.53,8.36,-1.34,8.36,-1.34
37.849,8.46,-1.41,8.36,-1.34,8.36,-1.34
37.863,8.46,-1.39,8.35,-1.34,8.35,-1.34
37.877,8.5,-1.39,8.34,-1.34,8.34,-1.34
37.891,8.62,-1.39,8.32,-1.34,8.33,-1.34
37.905,8.55,-1.39,8.32,-1.34,8.32,-1.34
37.919,8.63,-1.44,8.32,-1.34,8.32,-1.34
37.934,8.62,-1.47,8.32,-1.35,8.32,-1.35
37.948,8.32,-1.47,8.32,-1.35,8.32,-1.35
37.962,8.47,-1.53,8.31,-1.35,8.31,-1.35
37.976,8.53,-1.57,8.3,-1.35,8.3,-1.35
37.991,8.77,-1.45,8.3,-1.36,8.3,-1.36
38.005,8.77,-1.29,8.3,-1.36,8.3,-1.36
38.019,8.48,-1.37,8.31,-1.36,8.31,-1.36
38.034,8.61,-1.4,8.31,-1.36,8.31,-1.36
38.048,8.66,-1.41,8.31,-1.36,8.31,-1.36
38.062,8.61,-1.39,8.32,-1.36,8.32,-1.36
38.076,8.57,-1.13,8.32,-1.36,8.33,-1.36
38.09,8.5,-0.88,8.33,-1.35,8.34,-1.35
38.104,8.54,-0.87,8.34,-1.35,8.34,-1.35
38.119,8.39,-1.35,8.35,-1.35,8.35,-1.35
38.133,8.47,-2.07,8.34,-1.35,8.34,-1.36
38.147,8.76,-2.01,8.33,-1.36,8.34,-1.37
38.162,8.57,-1.48,8.34,-1.37,8.34,-1.37
38.176,8.45,-1.3,8.34,-1.37,8.35,-1.37
38.19,8.61,-1.41,8.34,-1.37,8.35,-1.37
38.205,8.75,-1.41,8.35,-1.37,8.35,-1.37
38.219,8.69,-1.38,8.36,-1.37,8.36,-1.37
38.233,8.54,-1.34,8.37,-1.37,8.37,-1.37
38.248,8.5,-1.42,8.38,-1.37,8.38,-1.37
38.262,8.65,-1.47,8.38,-1.37,8.39,-1.37
38.276,8.63,-1.43,8.39,-1.37,8.39,-1.37
38.29,8.45,-1.41,8.39,-1.37,8.39,-1.37
38.304,8.52,-1.46,8.4,-1.37,8.4,-1.37
38.318,8.54,-1.49,8.39,-1.37,8.4,-1.37
38.333,8.73,-1.52,8.39,-1.37,8.39,-1.37
38.347,9.07,-1.58,8.38,-1.37,8.39,-1.37
38.362,8.91,-1.39,8.38,-1.38,8.39,-1.38
38.376,8.25,-1.04,8.38,-1.38,8.38,-1.38
38.39,8.66,-1.38,8.38,-1.38,8.39,-1.38
38.404,8.63,-1.52,8.39,-1.38,8.39,-1.38
38.424,8.85,-1.41,8.38,-1.38,8.39,-1.38
38.439,8.96,-1.4,8.38,-1.39,8.38,-1.39
38.453,8.79,-1.56,8.38,-1.39,8.38,-1.4
38.467,8.06,-1.27,8.38,-1.41,8.38,-1.4
38.481,8.59,-1.4,8.38,-1.41,8.38,-1.41
38.495,8.8,-1.5,8.39,-1.41,8.39,-1.41
38.51,8.71,-1.48,8.4,-1.41,8.41,-1.41
38.524,8.59,-1.38,8.41,-1.41,8.42,-1.41
38.538,8.6,-1.39,8.41,-1.41,8.42,-1.41
38.552,8.68,-1.47,8.41,-1.41,8.41,-1.41
38.566,8.7,-1.48,8.41,-1.41,8.41,-1.41
38.581,8.67,-1.37,8.41,-1.42,8.42,-1.42
38.595,8.58,-1.33,8.42,-1.41,8.42,-1.41
38.609,8.67,-1.35,8.42,-1.41,8.42,-1.41
38.624,8.69,-1.42,8.42,-1.41,8.43,-1.41
38.638,8.6,-1.45,8.42,-1.41,8.43,-1.41
38.652,8.66,-1.46,8.42,-1.41,8.43,-1.41
38.668,8.73,-1.4,8.43,-1.41,8.43,-1.41
38.682,8.67,-1.38,8.43,-1.42,8.43,-1.41
38.696,8.64,-1.48,8.44,-1.41,8.44,-1.42
38.711,8.58,-1.59,8.45,-1.42,8.45,-1.42
38.725,8.6,-1.58,8.45,-1.42,8.45,-1.42
38.739,8.68,-1.38,8.45,-1.42,8.45,-1.42
38.753,8.68,-1.21,8.45,-1.42,8.45,-1.42
38.767,8.62,-1.03,8.45,-1.42,8.45,-1.41
38.782,8.74,-1.15,8.45,-1.42,8.46,-1.41
38.796,8.76,-1.31,8.45,-1.41,8.46,-1.41
38.81,8.71,-1.43,8.45,-1.41,8.45,-1.41
38.824,8.7,-1.47,8.45,-1.41,8.45,-1.41
38.839,8.82,-1.48,8.46,-1.41,8.46,-1.41
38.853,8.77,-1.47,8.47,-1.41,8.47,-1.41
38.867,8.54,-1.48,8.49,-1.41,8.49,-1.41
38.881,8.6,-1.45,8.5,-1.41,8.5,-1.41
38.895,8.68,-1.41,8.5,-1.41,8.5,-1.41
38.91,8.75,-1.38,8.5,-1.41,8.5,-1.41
38.924,8.68,-1.35,8.51,-1.41,8.51,-1.41
38.938,8.59,-1.42,8.51,-1.41,8.51,-1.41
38.952,8.64,-1.45,8.51,-1.41,8.51,-1.41
38.966,8.77,-1.41,8.51,-1.41,8.51,-1.41
38.981,8.84,-1.42,8.51,-1.41,8.51,-1.41
38.995,8.79,-1.39,8.52,-1.41,8.52,-1.41
39.009,8.6,-1.35,8.53,-1.41,8.53,-1.41
39.023,8.61,-1.41,8.53,-1.41,8.53,-1.41
39.037,8.64,-1.44,8.53,-1.41,8.53,-1.41
39.052,8.67,-1.48,8.53,-1.41,8.54,-1.41
39.066,8.71,-1.54,8.54,-1.41,8.54,-1.41
39.08,8.71,-1.43,8.54,-1.41,8.54,-1.41
39.094,8.59,-1.27,8.54,-1.41,8.55,-1.41
39.108,8.52,-1.29,8.55,-1.41,8.55,-1.41
39.123,8.54,-1.33,8.55,-1.41,8.55,-1.41
39.137,8.7,-1.45,8.55,-1.41,8.56,-1.41
39.151,8.72,-1.47,8.56,-1.41,8.56,-1.41
39.166,8.59,-1.43,8.57,-1.41,8.57,-1.41
39.18,8.53,-1.37,8.58,-1.41,8.58,-1.41
39.194,8.6,-1.39,8.58,-1.41,8.58,-1.41
39.208,8.63,-1.41,8.58,-1.41,8.58,-1.41
39.222,8.63,-1.41,8.58,-1.41,8.58,-1.41
39.236,8.71,-1.4,8.58,-1.41,8.58,-1.41
39.25,8.68,-1.39,8.58,-1.41,8.58,-1.41
39.265,8.68,-1.43,8.58,-1.41,8.59,-1.42
39.279,8.76,-1.49,8.58,-1.42,8.59,-1.42
39.293,8.7,-1.35,8.59,-1.42,8.59,-1.42
39.307,8.63,-1.29,8.6,-1.42,8.6,-1.42
39.321,8.64,-1.34,8.61,-1.42,8.61,-1.41
39.336,8.5,-1.8,8.63,-1.42,8.63,-1.42
39.35,8.56,-1.5,8.64,-1.42,8.64,-1.42
39.364,9.08,-1.22,8.65,-1.43,8.66,-1.43
39.378,9.02,-1.19,8.69,-1.43,8.69,-1.43
39.393,7.99,-1.47,8.75,-1.43,8.74,-1.43
39.407,7.47,-1.62,8.78,-1.42,8.77,-1.43
39.421,8.51,-1.45,8.78,-1.42,8.78,-1.42
39.435,8.42,-1.41,8.78,-1.42,8.77,-1.42
39.45,8.59,-1.43,8.77,-1.42,8.77,-1.42
39.464,8.37,-1.39,8.77,-1.42,8.77,-1.42
39.478,8.49,-1.4,8.77,-1.42,8.77,-1.42
39.492,8.5,-1.48,8.77,-1.42,8.77,-1.42
39.506,8.47,-1.44,8.77,-1.42,8.77,-1.42
39.521,8.44,-1.41,8.77,-1.42,8.77,-1.42
39.535,8.44,-1.41,8.77,-1.42,8.77,-1.42
39.55,8.47,-1.4,8.77,-1.42,8.77,-1.42
39.564,8.41,-1.41,8.77,-1.42,8.76,-1.42
39.578,8.42,-1.43,8.77,-1.42,8.76,-1.42
39.592,8.47,-1.41,8.76,-1.42,8.76,-1.42
39.607,8.49,-1.45,8.76,-1.42,8.76,-1.42
39.621,8.43,-1.44,8.76,-1.42,8.76,-1.42
39.635,8.47,-1.41,8.76,-1.42,8.76,-1.42
39.65,8.56,-1.42,8.76,-1.42,8.76,-1.42
39.664,8.5,-1.43,8.76,-1.42,8.76,-1.42
39.678,8.48,-1.39,8.76,-1.42,8.76,-1.42
39.692,8.48,-1.39,8.76,-1.42,8.75,-1.42
39.706,8.45,-1.39,8.76,-1.42,8.75,-1.42
39.721,8.43,-1.38,8.75,-1.42,8.75,-1.42
39.735,8.44,-1.36,8.75,-1.42,8.75,-1.42
39.749,8.51,-1.37,8.75,-1.42,8.75,-1.42
39.764,8.52,-1.4,8.75,-1.42,8.75,-1.42
39.778,8.5,-1.39,8.75,-1.42,8.75,-1.42
39.792,8.48,-1.33,8.75,-1.42,8.75,-1.42
39.806,8.48,-1.33,8.75,-1.42,8.75,-1.42
39.82,8.48,-1.42,8.75,-1.41,8.75,-1.41
39.834,8.46,-1.46,8.75,-1.41,8.74,-1.42
39.849,8.47,-1.41,8.75,-1.42,8.74,-1.42
39.863,8.51,-1.42,8.75,-1.41,8.74,-1.41
39.877,8.48,-1.44,8.75,-1.41,8.74,-1.41
39.891,8.47,-1.42,8.74,-1.41,8.74,-1.41
39.905,8.42,-1.4,8.74,-1.41,8.74,-1.41
39.919,8.44,-1.42,8.74,-1.41,8.74,-1.41
39.933,8.49,-1.4,8.74,-1.41,8.74,-1.41
39.948,8.44,-1.4,8.74,-1.42,8.74,-1.42
39.962,8.41,-1.42,8.74,-1.41,8.73,-1.41
39.976,8.46,-1.46,8.74,-1.41,8.73,-1.41
39.99,8.51,-1.44,8.74,-1.41,8.73,-1.41
40.004,8.48,-1.36,8.74,-1.41,8.73,-1.41
40.018,8.46,-1.36,8.74,-1.41,8.73,-1.41
40.033,8.45,-1.37,8.74,-1.41,8.73,-1.41
40.047,8.5,-1.39,8.73,-1.41,8.73,-1.41
40.061,8.47,-1.39,8.73,-1.41,8.73,-1.41
40.075,8.47,-1.46,8.73,-1.41,8.73,-1.41
40.089,8.48,-1.46,8.73,-1.41,8.73,-1.41
40.103,8.57,-1.4,8.73,-1.41,8.73,-1.41
40.118,8.53,-1.39,8.73,-1.41,8.73,-1.41
40.132,8.46,-1.38,8.73,-1.41,8.73,-1.41
40.146,8.44,-1.35,8.73,-1.41,8.73,-1.41
40.16,8.47,-1.38,8.73,-1.41,8.72,-1.41
40.174,8.53,-1.4,8.73,-1.41,8.72,-1.41
40.188,8.5,-1.41,8.73,-1.41,8.72,-1.41
40.203,8.47,-1.41,8.73,-1.41,8.72,-1.41
40.217,8.46,-1.41,8.72,-1.41,8.72,-1.41
40.231,8.44,-1.39,8.72,-1.41,8.72,-1.41
40.245,8.45,-1.44,8.72,-1.41,8.72,-1.41
40.26,8.48,-1.46,8.72,-1.41,8.72,-1.41
40.274,8.45,-1.43,8.72,-1.41,8.72,-1.41
40.288,8.45,-1.45,8.72,-1.41,8.72,-1.41
40.302,8.45,-1.43,8.72,-1.41,8.72,-1.41
40.316,8.43,-1.42,8.72,-1.41,8.72,-1.41
40.331,8.49,-1.43,8.72,-1.41,8.72,-1.41
40.345,8.52,-1.41,8.72,-1.41,8.72,-1.41
40.36,8.51,-1.39,8.72,-1.41,8.72,-1.41
40.374,8.49,-1.42,8.72,-1.41,8.72,-1.41
40.388,8.5,-1.41,8.72,-1.41,8.72,-1.41
40.403,8.5,-1.36,8.72,-1.41,8.72,-1.41
40.417,8.49,-1.4,8.72,-1.41,8.72,-1.41
40.431,8.47,-1.45,8.72,-1.41,8.72,-1.41
40.445,8.48,-1.45,8.72,-1.41,8.72,-1.41
40.459,8.44,-1.39,8.72,-1.41,8.72,-1.41
40.474,8.45,-1.37,8.72,-1.41,8.72,-1.41
40.488,8.48,-1.35,8.72,-1.41,8.72,-1.41
40.502,8.5,-1.36,8.72,-1.41,8.72,-1.41
40.516,8.47,-1.39,8.72,-1.41,8.71,-1.41
40.53,8.49,-1.45,8.72,-1.41,8.71,-1.41
40.545,8.49,-1.46,8.72,-1.41,8.72,-1.41
40.559,8.42,-1.43,8.72,-1.41,8.71,-1.41
40.573,8.42,-1.4,8.72,-1.41,8.71,-1.41
40.587,8.43,-1.46,8.72,-1.41,8.71,-1.41
40.605,8.47,-1.5,8.71,-1.41,8.71,-1.41
40.619,8.53,-1.4,8.71,-1.41,8.71,-1.41
40.633,8.47,-1.38,8.71,-1.41,8.71,-1.41
40.647,8.48,-1.41,8.71,-1.41,8.71,-1.41
40.661,8.47,-1.41,8.71,-1.41,8.71,-1.41
40.675,8.48,-1.43,8.71,-1.41,8.71,-1.41
40.689,8.43,-1.45,8.71,-1.41,8.71,-1.41
40.704,8.43,-1.46,8.71,-1.41,8.71,-1.41
40.718,8.55,-1.41,8.71,-1.41,8.71,-1.41
40.732,8.53,-1.37,8.71,-1.41,8.71,-1.41
40.746,8.43,-1.41,8.71,-1.41,8.71,-1.41
40.761,8.44,-1.38,8.71,-1.41,8.71,-1.41
40.775,8.45,-1.39,8.71,-1.41,8.71,-1.41
40.789,8.48,-1.44,8.71,-1.41,8.71,-1.41
40.803,8.5,-1.41,8.71,-1.41,8.71,-1.41
40.817,8.42,-1.41,8.71,-1.41,8.71,-1.41
40.831,8.42,-1.42,8.71,-1.41,8.7,-1.41
40.846,8.51,-1.4,8.71,-1.41,8.7,-1.41
40.86,8.5,-1.41,8.71,-1.41,8.71,-1.41
40.874,8.43,-1.43,8.71,-1.41,8.7,-1.41
40.888,8.45,-1.41,8.71,-1.41,8.7,-1.41
40.903,8.5,-1.41,8.71,-1.41,8.7,-1.41
40.917,8.38,-1.44,8.71,-1.41,8.7,-1.41
40.931,8.42,-1.44,8.71,-1.41,8.7,-1.41
40.945,8.48,-1.42,8.71,-1.41,8.7,-1.41
40.959,8.53,-1.42,8.71,-1.41,8.7,-1.41
40.973,8.54,-1.39,8.71,-1.41,8.7,-1.41
40.988,8.54,-1.39,8.71,-1.41,8.7,-1.41
41.002,8.56,-1.44,8.71,-1.41,8.7,-1.41
41.016,8.47,-1.44,8.71,-1.41,8.7,-1.41
41.03,8.39,-1.45,8.71,-1.41,8.7,-1.41
41.044,8.47,-1.45,8.71,-1.41,8.7,-1.41
41.059,8.5,-1.43,8.71,-1.41,8.7,-1.41
41.073,8.48,-1.37,8.7,-1.41,8.7,-1.41
41.087,8.45,-1.35,8.71,-1.41,8.7,-1.41
41.101,8.47,-1.37,8.7,-1.41,8.7,-1.41
41.115,8.49,-1.39,8.7,-1.41,8.7,-1.41
41.129,8.49,-1.4,8.7,-1.41,8.7,-1.41
41.143,8.5,-1.43,8.7,-1.41,8.7,-1.41
41.158,8.51,-1.41,8.7,-1.41,8.7,-1.41
41.172,8.54,-1.45,8.7,-1.41,8.7,-1.41
41.186,8.55,-1.46,8.7,-1.41,8.7,-1.41
41.2,8.51,-1.46,8.7,-1.41,8.7,-1.41
41.214,8.52,-1.41,8.7,-1.41,8.7,-1.41
41.228,8.5,-1.37,8.7,-1.41,8.7,-1.41
41.242,8.53,-1.46,8.71,-1.41,8.7,-1.41
41.257,8.52,-1.43,8.71,-1.41,8.7,-1.41
41.271,8.51,-1.41,8.71,-1.41,8.7,-1.41
41.285,8.53,-1.44,8.71,-1.41,8.71,-1.41
41.299,8.47,-1.45,8.71,-1.41,8.71,-1.41
41.313,8.43,-1.38,8.71,-1.41,8.71,-1.41
41.328,8.51,-1.4,8.71,-1.41,8.71,-1.41
41.341,8.52,-1.43,8.71,-1.41,8.71,-1.41
41.356,8.5,-1.42,8.71,-1.41,8.71,-1.41
41.37,8.47,-1.36,8.71,-1.41,8.71,-1.41
41.384,8.73,-1.37,8.71,-1.41,8.71,-1.41
41.398,8.76,-1.38,8.72,-1.41,8.72,-1.41
41.412,11.4,-1.39,8.75,-1.41,8.78,-1.41
41.426,9.49,-1.51,8.91,-1.41,8.92,-1.42
41.44,5.83,-1.32,9.12,-1.43,9.08,-1.42
41.454,7.58,-0.97,9.14,-1.44,9.13,-1.43
41.468,8.26,-1.32,9.14,-1.44,9.13,-1.44
41.482,7.89,-1.3,9.11,-1.44,9.1,-1.44
41.497,7.38,-1.04,9.08,-1.43,9.07,-1.43
41.511,8.53,-0.6,9.03,-1.42,9.02,-1.41
41.525,9.63,-1.48,8.96,-1.41,8.97,-1.41
41.54,8.29,-2.48,8.93,-1.4,8.93,-1.41
41.554,8.22,-1.76,8.94,-1.42,8.94,-1.42
41.568,8.51,-1.28,8.95,-1.42,8.95,-1.42
41.582,7.79,-1.44,8.98,-1.42,8.97,-1.42
41.596,8.05,-1.35,9.0,-1.42,8.99,-1.42
41.611,7.71,-1.35,8.99,-1.42,8.98,-1.42
41.625,7.32,-1.43,8.98,-1.43,8.97,-1.43
41.639,6.86,-1.37,8.95,-1.43,8.93,-1.43
41.653,6.31,-1.32,8.85,-1.43,8.82,-1.43
41.668,9.54,-1.67,8.67,-1.42,8.68,-1.42
41.682,8.64,-1.15,8.52,-1.43,8.52,-1.43
41.696,9.89,-0.54,8.43,-1.44,8.45,-1.43
41.71,11.47,-1.15,8.47,-1.51,8.5,-1.5
41.725,7.14,-0.75,8.57,-1.62,8.56,-1.61
41.739,7.51,-0.92,8.56,-1.74,8.55,-1.73
41.753,8.96,-0.61,8.53,-1.86,8.53,-1.85
41.767,9.96,-0.27,8.54,-1.95,8.56,-1.94
41.782,8.96,-0.82,8.69,-1.91,8.69,-1.9
41.796,7.89,-1.27,8.86,-1.82,8.85,-1.81
41.81,7.64,-1.09,9.09,-1.7,9.07,-1.69
41.824,7.3,-1.29,9.34,-1.55,9.32,-1.55
41.838,7.79,-4.03,9.63,-1.34,9.62,-1.37
41.852,8.52,-5.74,9.93,-1.23,9.91,-1.27
41.866,9.82,-0.56,10.19,-1.28,10.19,-1.28
41.881,9.2,0.04,10.37,-1.32,10.36,-1.3
41.895,9.64,-1.72,10.55,-1.31,10.54,-1.31
41.909,8.94,-2.13,10.65,-1.3,10.63,-1.3
41.923,4.59,-2.35,10.69,-1.3,10.63,-1.31
41.937,5.03,-2.68,10.62,-1.31,10.56,-1.32
41.951,6.96,-1.86,10.53,-1.32,10.49,-1.33
41.966,8.22,-0.57,10.48,-1.33,10.45,-1.32
41.98,7.61,-0.76,10.51,-1.33,10.48,-1.33
41.994,5.93,-1.02,10.54,-1.35,10.5,-1.35
42.008,6.01,-1.16,10.52,-1.43,10.48,-1.42
42.022,6.91,-0.89,10.46,-1.55,10.43,-1.54
42.036,6.46,-0.51,10.4,-1.62,10.36,-1.6
42.051,5.88,-1.04,10.37,-1.55,10.32,-1.54
42.065,5.33,-1.84,10.37,-1.43,10.32,-1.43
42.079,6.69,-2.09,10.47,-1.45,10.43,-1.45
42.093,7.05,-1.55,10.58,-1.53,10.54,-1.53
42.107,5.99,-1.5,10.63,-1.67,10.59,-1.67
42.122,5.58,-1.58,10.69,-1.78,10.64,-1.78
42.136,6.19,-1.6,10.75,-1.77,10.7,-1.77
42.15,6.86,-1.81,10.8,-1.76,10.76,-1.76
42.164,6.33,-1.75,10.8,-1.8,10.76,-1.8
42.178,5.33,-0.92,10.82,-1.87,10.76,-1.86
42.192,5.1,-0.49,10.86,-1.93,10.8,-1.92
42.206,5.37,-1.11,10.96,-1.93,10.91,-1.92
42.221,5.23,-1.66,11.1,-1.93,11.04,-1.92
42.235,4.86,-1.81,11.24,-1.92,11.18,-1.92
42.249,4.26,-0.96,11.37,-1.88,11.3,-1.87
42.263,3.61,-0.1,11.39,-1.79,11.31,-1.77
42.277,3.03,0.1,11.36,-1.71,11.28,-1.69
42.291,3.99,-0.59,11.26,-1.65,11.19,-1.64
42.305,3.06,0.86,11.09,-1.64,11.01,-1.61
42.32,1.11,-0.75,11.0,-1.55,10.91,-1.54
42.334,2.15,-1.18,11.13,-1.5,11.04,-1.5
42.348,4.08,-0.9,11.28,-1.53,11.21,-1.52
42.362,4.95,-0.58,11.43,-1.58,11.37,-1.57
42.376,4.28,-1.01,11.51,-1.56,11.44,-1.56
42.39,3.52,-2.12,11.52,-1.5,11.44,-1.51
42.405,3.01,-1.59,11.49,-1.5,11.41,-1.5
42.419,3.54,-1.7,11.44,-1.5,11.36,-1.51
42.433,3.88,-2.4,11.35,-1.51,11.27,-1.52
42.448,3.77,-1.42,11.26,-1.52,11.18,-1.52
42.462,3.55,-0.5,11.16,-1.52,11.08,-1.51
42.476,3.52,-0.25,11.06,-1.51,10.99,-1.5
42.49,3.62,-0.05,10.97,-1.49,10.89,-1.48
42.504,4.23,-0.11,10.87,-1.47,10.81,-1.46
42.518,4.51,-0.71,10.78,-1.46,10.72,-1.45
42.533,3.76,-0.11,10.7,-1.45,10.63,-1.43
42.547,3.01,1.42,10.62,-1.43,10.55,-1.4
42.561,3.55,-0.19,10.54,-1.4,10.47,-1.38
42.575,4.98,-2.15,10.45,-1.37,10.4,-1.38
42.589,4.63,-0.01,10.36,-1.37,10.3,-1.36
42.603,4.66,0.7,10.26,-1.35,10.2,-1.33
42.618,5.61,-3.09,10.16,-1.32,10.11,-1.34
42.632,5.47,-2.17,10.18,-1.34,10.13,-1.34
42.646,5.23,-1.36,10.26,-1.35,10.21,-1.35
42.66,4.5,-1.96,10.47,-1.38,10.41,-1.38
42.674,4.12,-1.94,10.71,-1.42,10.64,-1.42
42.689,4.88,-1.61,11.0,-1.46,10.94,-1.47
42.703,4.79,-1.53,11.4,-1.53,11.34,-1.53
42.717,2.65,-2.19,11.87,-1.62,11.77,-1.63
42.731,0.52,-1.95,12.43,-1.83,12.32,-1.83
42.745,-1.2,-2.36,13.0,-2.1,12.86,-2.1
42.76,-1.11,0.23,13.41,-2.56,13.26,-2.54
42.774,-1.55,9.36,13.77,-3.07,13.62,-2.95
42.788,-1.01,4.19,14.01,-2.69,13.86,-2.62
42.802,-3.96,-1.61,14.17,-1.98,13.98,-1.97
42.817,-3.1,-4.39,14.07,-1.21,13.9,-1.24
42.831,-0.5,-6.61,13.84,-0.75,13.69,-0.81
42.845,0.01,-1.59,13.61,-0.68,13.47,-0.68
42.86,-0.44,-1.2,13.48,-0.76,13.34,-0.76
42.874,-1.01,-1.2,13.36,-0.79,13.22,-0.79
42.888,-1.12,-1.23,13.24,-0.78,13.1,-0.79
42.902,-0.88,-1.7,13.11,-0.78,12.97,-0.79
42.917,-0.98,-1.67,12.98,-0.79,12.84,-0.8
42.931,-1.26,-1.39,12.84,-0.8,12.7,-0.8
42.945,-1.12,-1.27,12.7,-0.81,12.56,-0.81
42.959,-0.94,-1.28,12.56,-0.81,12.42,-0.81
42.974,-0.63,-1.3,12.41,-0.81,12.28,-0.82
42.988,-0.65,-1.23,12.26,-0.82,12.13,-0.82
43.002,-1.0,-1.26,12.13,-0.82,11.99,-0.83
43.016,-1.04,-1.35,11.99,-0.82,11.86,-0.83
43.03,-0.61,-1.47,11.85,-0.83,11.73,-0.83
43.045,-0.58,-1.44,11.73,-0.83,11.6,-0.84
43.059,-0.62,-1.36,11.61,-0.84,11.49,-0.84
43.073,-0.85,-1.4,11.49,-0.84,11.37,-0.85
43.088,-0.87,-1.37,11.37,-0.85,11.25,-0.85
43.102,-0.98,-1.31,11.25,-0.85,11.13,-0.85
43.117,-0.95,-1.31,11.13,-0.85,11.01,-0.86
43.131,-0.92,-1.39,11.01,-0.86,10.9,-0.86
43.145,-0.85,-1.42,10.89,-0.86,10.78,-0.87
43.159,-0.66,-1.39,10.77,-0.87,10.66,-0.88
43.173,-0.64,-1.34,10.65,-0.88,10.54,-0.88
43.187,-0.69,-1.29,10.54,-0.88,10.43,-0.89
43.202,-0.67,-1.28,10.45,-0.89,10.34,-0.89
43.216,-0.7,-1.32,10.36,-0.89,10.25,-0.9
43.23,-0.89,-1.39,10.28,-0.9,10.17,-0.9
43.244,-1.18,-1.35,10.2,-0.91,10.08,-0.91
43.259,-1.16,-1.43,10.1,-0.91,9.99,-0.92
43.273,-1.07,-1.47,9.98,-0.91,9.87,-0.92
43.287,-1.13,-1.45,9.86,-0.92,9.75,-0.92
43.302,-0.94,-1.4,9.73,-0.93,9.63,-0.93
43.316,-0.74,-1.33,9.61,-0.93,9.51,-0.94
43.33,-0.79,-1.16,9.5,-0.94,9.4,-0.94
43.344,-0.86,-1.01,9.39,-0.94,9.29,-0.94
43.359,-0.63,-1.41,9.28,-0.94,9.18,-0.94
43.373,-0.76,-1.39,9.18,-0.94,9.08,-0.95
43.387,-0.7,-1.31,9.09,-0.95,8.99,-0.95
43.401,-0.89,-1.31,9.01,-0.96,8.91,-0.96
43.416,-1.01,-1.44,8.93,-0.96,8.83,-0.97
43.43,-1.03,-1.42,8.84,-0.97,8.74,-0.97
43.444,-1.53,-1.33,8.75,-0.98,8.64,-0.98
43.459,-0.04,-1.24,8.64,-0.98,8.55,-0.99
43.473,-1.07,-1.13,8.57,-0.99,8.47,-0.99
43.487,-1.11,-1.38,8.5,-0.99,8.4,-1.0
43.501,-0.94,-1.4,8.4,-0.99,8.31,-1.0
43.515,-0.8,-1.4,8.31,-1.0,8.22,-1.0
43.53,-0.83,-1.3,8.22,-1.0,8.13,-1.0
43.544,-0.97,-1.27,8.13,-1.0,8.04,-1.01
43.559,-0.92,-1.29,8.05,-1.01,7.96,-1.01
43.573,-1.0,-1.29,7.96,-1.01,7.87,-1.01
43.587,-0.85,-1.38,7.87,-1.01,7.78,-1.02
43.601,-0.87,-1.4,7.79,-1.02,7.7,-1.02
43.615,-0.99,-1.36,7.7,-1.02,7.61,-1.02
43.63,-1.0,-1.3,7.62,-1.02,7.53,-1.03
43.644,-0.99,-1.29,7.53,-1.03,7.45,-1.03
43.658,-0.98,-1.33,7.45,-1.03,7.37,-1.03
43.672,-1.02,-1.38,7.37,-1.03,7.29,-1.04
43.687,-0.96,-1.44,7.29,-1.04,7.21,-1.04
43.701,-0.92,-1.43,7.21,-1.04,7.13,-1.04
43.715,-0.86,-1.28,7.13,-1.04,7.05,-1.05
43.73,-0.89,-1.29,7.05,-1.05,6.97,-1.05
43.744,-1.0,-1.39,6.97,-1.05,6.89,-1.05
43.758,-0.94,-1.42,6.89,-1.05,6.82,-1.06
43.772,-0.87,-1.35,6.82,-1.06,6.74,-1.06
43.787,-0.87,-1.34,6.74,-1.06,6.67,-1.06
43.801,-0.89,-1.33,6.67,-1.06,6.59,-1.06
43.815,-0.98,-1.33,6.6,-1.06,6.52,-1.07
43.829,-1.05,-1.36,6.52,-1.07,6.45,-1.07
43.843,-0.99,-1.42,6.45,-1.07,6.38,-1.07
43.858,-0.91,-1.4,6.38,-1.07,6.31,-1.08
43.872,-0.93,-1.29,6.31,-1.08,6.24,-1.08
43.886,-0.92,-1.27,6.24,-1.08,6.17,-1.08
43.9,-0.97,-1.28,6.17,-1.08,6.1,-1.08
43.915,-0.94,-1.36,6.1,-1.08,6.03,-1.08
43.933,-0.88,-1.45,6.03,-1.08,5.96,-1.09
43.947,-0.85,-1.42,5.96,-1.09,5.89,-1.09
43.962,-0.83,-1.26,5.9,-1.09,5.83,-1.09
43.976,-0.87,-1.23,5.83,-1.09,5.76,-1.1
43.99,-0.94,-1.36,5.77,-1.1,5.7,-1.1
44.005,-0.99,-1.37,5.7,-1.1,5.64,-1.1
44.019,-0.98,-1.39,5.64,-1.1,5.57,-1.11
44.033,-0.95,-1.36,5.57,-1.11,5.51,-1.11
44.047,-0.93,-1.29,5.51,-1.11,5.45,-1.11
44.062,-0.93,-1.27,5.45,-1.11,5.39,-1.11
44.076,-0.98,-1.3,5.39,-1.11,5.32,-1.12
44.091,-1.01,-1.38,5.33,-1.12,5.26,-1.12
44.105,-1.01,-1.45,5.26,-1.12,5.2,-1.12
44.119,-0.91,-1.4,5.2,-1.12,5.14,-1.12
44.134,-0.88,-1.32,5.14,-1.13,5.08,-1.13
44.148,-0.82,-1.24,5.09,-1.13,5.03,-1.13
44.162,-0.87,-1.32,5.03,-1.13,4.97,-1.13
44.177,-0.98,-1.41,4.97,-1.13,4.91,-1.13
44.191,-1.1,-1.4,4.91,-1.13,4.85,-1.14
44.205,-0.96,-1.35,4.85,-1.14,4.8,-1.14
44.219,-0.76,-1.32,4.8,-1.14,4.74,-1.14
44.233,-0.85,-1.37,4.74,-1.14,4.69,-1.14
44.248,-1.03,-1.38,4.69,-1.14,4.63,-1.14
44.262,-1.05,-1.4,4.63,-1.14,4.58,-1.14
44.276,-0.93,-1.33,4.58,-1.14,4.52,-1.15
44.291,-0.84,-1.29,4.53,-1.15,4.47,-1.15
44.305,-0.77,-1.25,4.47,-1.15,4.42,-1.15
44.319,-0.81,-1.3,4.42,-1.15,4.37,-1.15
44.334,-0.88,-1.34,4.37,-1.15,4.32,-1.15
44.348,-0.94,-1.42,4.32,-1.15,4.27,-1.15
44.363,-0.9,-1.4,4.27,-1.15,4.22,-1.16
44.377,-0.87,-1.31,4.22,-1.16,4.17,-1.16
44.391,-0.87,-1.3,4.17,-1.16,4.12,-1.16
44.405,-0.89,-1.34,4.12,-1.16,4.07,-1.16
44.42,-0.94,-1.38,4.08,-1.16,4.03,-1.16
44.434,-0.98,-1.44,4.03,-1.17,3.98,-1.17
44.449,-0.73,-1.52,3.98,-1.17,3.93,-1.17
44.463,-0.9,-1.13,3.94,-1.18,3.89,-1.18
44.477,-1.07,-1.31,3.89,-1.18,3.84,-1.18
44.491,-0.91,-1.49,3.84,-1.18,3.8,-1.18
44.506,-0.6,-1.49,3.8,-1.18,3.75,-1.18
44.521,-0.75,-1.21,3.76,-1.19,3.71,-1.19
44.536,-1.28,-1.22,3.72,-1.19,3.67,-1.19
44.55,-1.2,-1.32,3.67,-1.19,3.63,-1.19
44.564,-0.74,-1.41,3.63,-1.19,3.58,-1.19
44.579,-0.72,-1.46,3.59,-1.19,3.54,-1.2
44.593,-1.23,-1.28,3.55,-1.2,3.5,-1.2
44.607,-1.24,-1.2,3.5,-1.2,3.45,-1.2
44.621,-1.03,-1.26,3.45,-1.2,3.41,-1.2
44.635,-0.82,-1.38,3.41,-1.2,3.37,-1.2
44.649,-0.97,-1.28,3.37,-1.2,3.33,-1.2
44.664,-0.91,-1.32,3.33,-1.2,3.29,-1.2
44.678,-0.81,-1.39,3.29,-1.2,3.25,-1.21
44.692,-0.9,-1.28,3.25,-1.21,3.21,-1.21
44.706,-1.02,-1.28,3.21,-1.21,3.17,-1.21
44.72,-1.07,-1.26,3.17,-1.21,3.13,-1.21
44.734,-0.94,-1.33,3.13,-1.21,3.09,-1.21
44.749,-0.88,-1.38,3.1,-1.21,3.06,-1.21
44.763,-0.98,-1.4,3.06,-1.21,3.02,-1.21
44.777,-1.02,-1.33,3.02,-1.21,2.98,-1.21
44.792,-0.84,-1.29,2.98,-1.21,2.94,-1.22
44.806,-0.85,-1.27,2.95,-1.22,2.91,-1.22
44.82,-0.99,-1.34,2.91,-1.22,2.87,-1.22
44.834,-0.93,-1.38,2.87,-1.22,2.84,-1.22
44.849,-0.85,-1.4,2.84,-1.22,2.8,-1.22
44.863,-0.98,-1.33,2.8,-1.22,2.76,-1.22
44.877,-1.05,-1.32,2.77,-1.22,2.73,-1.22
44.891,-0.95,-1.41,2.73,-1.22,2.69,-1.22
44.905,-0.96,-1.38,2.7,-1.22,2.66,-1.22
44.92,-0.89,-1.33,2.66,-1.22,2.63,-1.23
44.934,-0.93,-1.38,2.63,-1.22,2.59,-1.23
44.948,-0.98,-1.34,2.59,-1.22,2.56,-1.23
44.963,-1.03,-1.32,2.56,-1.23,2.52,-1.23
44.977,-1.01,-1.31,2.53,-1.23,2.49,-1.23
44.991,-0.89,-1.3,2.49,-1.23,2.46,-1.23
45.005,-0.89,-1.33,2.46,-1.23,2.43,-1.23
45.02,-0.83,-1.37,2.43,-1.23,2.4,-1.23
45.034,-0.9,-1.33,2.4,-1.23,2.36,-1.23
45.048,-0.99,-1.31,2.36,-1.23,2.33,-1.23
45.062,-0.97,-1.32,2.33,-1.23,2.3,-1.23
45.077,-0.94,-1.36,2.3,-1.23,2.27,-1.23
45.091,-0.95,-1.44,2.27,-1.23,2.24,-1.24
45.105,-0.98,-1.4,2.24,-1.24,2.21,-1.24
45.121,-1.02,-1.32,2.21,-1.24,2.18,-1.24
45.135,-1.06,-1.31,2.18,-1.24,2.15,-1.24
45.149,-1.04,-1.31,2.15,-1.24,2.12,-1.24
45.164,-1.0,-1.29,2.12,-1.24,2.09,-1.24
45.178,-0.87,-1.28,2.09,-1.24,2.06,-1.24
45.192,-0.81,-1.31,2.06,-1.24,2.03,-1.24
45.206,-0.87,-1.29,2.03,-1.24,2.01,-1.24
45.221,-0.92,-1.28,2.01,-1.24,1.98,-1.24
45.235,-0.93,-1.28,1.98,-1.24,1.95,-1.24
45.249,-0.92,-1.35,1.95,-1.24,1.93,-1.24
45.263,-0.97,-1.41,1.93,-1.24,1.9,-1.24
45.278,-0.98,-1.39,1.9,-1.24,1.87,-1.24
45.292,-0.9,-1.35,1.87,-1.24,1.85,-1.24
45.306,-0.99,-1.32,1.85,-1.24,1.82,-1.24
45.321,-0.99,-1.3,1.82,-1.24,1.79,-1.24
45.335,-1.04,-1.38,1.8,-1.24,1.77,-1.25
45.349,-1.04,-1.37,1.77,-1.25,1.74,-1.25
45.363,-0.96,-1.33,1.75,-1.25,1.72,-1.25
45.378,-0.85,-1.3,1.72,-1.25,1.7,-1.25
45.392,-0.85,-1.3,1.7,-1.25,1.67,-1.25
45.406,-0.89,-1.33,1.67,-1.25,1.65,-1.25
45.42,-0.92,-1.32,1.65,-1.25,1.63,-1.25
45.434,-0.96,-1.4,1.63,-1.25,1.6,-1.25
45.449,-0.94,-1.38,1.6,-1.25,1.58,-1.25
45.463,-0.9,-1.28,1.58,-1.25,1.56,-1.25
45.477,-0.92,-1.3,1.56,-1.25,1.53,-1.25
45.491,-0.98,-1.36,1.54,-1.25,1.51,-1.25
45.506,-1.0,-1.4,1.51,-1.25,1.49,-1.26
45.52,-1.0,-1.38,1.49,-1.26,1.46,-1.26
45.535,-0.97,-1.38,1.47,-1.26,1.44,-1.26
45.548,-0.98,-1.35,1.44,-1.26,1.42,-1.26
45.563,-0.97,-1.3,1.42,-1.26,1.4,-1.26
45.577,-0.94,-1.34,1.4,-1.26,1.38,-1.26
45.591,-0.89,-1.38,1.38,-1.26,1.36,-1.26
45.605,-0.94,-1.33,1.36,-1.26,1.34,-1.26
45.619,-0.97,-1.31,1.34,-1.26,1.31,-1.26
45.634,-0.95,-1.3,1.32,-1.26,1.29,-1.26
45.648,-0.92,-1.29,1.3,-1.26,1.27,-1.26
45.662,-0.93,-1.31,1.28,-1.26,1.25,-1.26
45.677,-0.98,-1.29,1.25,-1.26,1.23,-1.26
45.691,-1.03,-1.32,1.23,-1.26,1.21,-1.26
45.705,-0.99,-1.36,1.21,-1.26,1.19,-1.26
45.72,-0.94,-1.29,1.19,-1.26,1.17,-1.26
45.734,-0.92,-1.3,1.17,-1.26,1.15,-1.26
45.749,-0.94,-1.32,1.15,-1.26,1.13,-1.26
45.763,-0.97,-1.34,1.13,-1.26,1.11,-1.26
45.777,-1.01,-1.32,1.11,-1.26,1.09,-1.26
45.791,-1.0,-1.33,1.09,-1.26,1.07,-1.26
45.805,-0.92,-1.31,1.08,-1.26,1.06,-1.27
45.82,-0.91,-1.32,1.06,-1.27,1.04,-1.27
45.834,-0.95,-1.32,1.04,-1.27,1.02,-1.27
45.848,-0.98,-1.37,1.02,-1.27,1.0,-1.27
45.863,-0.96,-1.38,1.01,-1.27,0.99,-1.27
45.877,-0.92,-1.38,0.99,-1.27,0.97,-1.27
45.891,-0.84,-1.28,0.97,-1.27,0.95,-1.27
45.905,-0.88,-1.28,0.95,-1.27,0.94,-1.27
45.919,-0.98,-1.31,0.94,-1.27,0.92,-1.27
45.933,-0.96,-1.35,0.92,-1.27,0.9,-1.27
45.948,-0.93,-1.34,0.9,-1.27,0.88,-1.27
45.962,-0.92,-1.32,0.89,-1.27,0.87,-1.27
45.976,-0.93,-1.28,0.87,-1.27,0.85,-1.27
45.99,-0.9,-1.3,0.86,-1.27,0.84,-1.27
46.005,-0.92,-1.36,0.84,-1.27,0.82,-1.27
46.019,-0.96,-1.35,0.82,-1.27,0.8,-1.27
46.033,-1.01,-1.33,0.81,-1.27,0.79,-1.27
46.047,-1.01,-1.34,0.79,-1.27,0.77,-1.27
46.061,-0.94,-1.33,0.77,-1.27,0.75,-1.27
46.076,-0.95,-1.39,0.75,-1.28,0.74,-1.28
46.09,-0.96,-1.41,0.74,-1.28,0.72,-1.28
46.104,-0.95,-1.4,0.73,-1.28,0.71,-1.28
46.118,-0.93,-1.36,0.71,-1.28,0.7,-1.28
46.133,-0.91,-1.31,0.7,-1.28,0.68,-1.28
46.147,-0.96,-1.28,0.68,-1.28,0.67,-1.28
46.161,-1.0,-1.31,0.67,-1.28,0.65,-1.28
46.176,-0.94,-1.35,0.65,-1.28,0.64,-1.28
46.19,-0.94,-1.36,0.64,-1.28,0.62,-1.28
46.205,-0.95,-1.33,0.63,-1.28,0.61,-1.28
46.22,-0.96,-1.3,0.61,-1.28,0.6,-1.28
46.235,-0.92,-1.29,0.6,-1.28,0.58,-1.28
46.249,-0.91,-1.34,0.59,-1.28,0.57,-1.28
46.263,-0.98,-1.36,0.57,-1.28,0.56,-1.29
46.278,-0.97,-1.33,0.56,-1.29,0.54,-1.29
46.292,-0.93,-1.26,0.55,-1.29,0.53,-1.29
46.306,-0.92,-1.3,0.53,-1.29,0.52,-1.29
46.321,-0.9,-1.33,0.52,-1.29,0.51,-1.29
46.335,-0.81,-1.29,0.51,-1.29,0.5,-1.29
46.349,-0.86,-1.29,0.5,-1.29,0.48,-1.29
46.363,-0.94,-1.31,0.49,-1.28,0.47,-1.28
46.377,-0.97,-1.31,0.47,-1.28,0.46,-1.29
46.392,-1.0,-1.31,0.46,-1.29,0.45,-1.29
46.406,-0.99,-1.32,0.45,-1.29,0.43,-1.29
46.421,-1.0,-1.34,0.44,-1.29,0.42,-1.29
46.435,-1.01,-1.3,0.42,-1.29,0.41,-1.29
46.449,-1.01,-1.31,0.41,-1.29,0.39,-1.29
46.463,-0.96,-1.33,0.4,-1.29,0.38,-1.29
46.477,-0.89,-1.32,0.38,-1.29,0.37,-1.29
46.491,-0.94,-1.3,0.37,-1.29,0.36,-1.29
46.506,-0.95,-1.26,0.36,-1.29,0.35,-1.29
46.52,-0.97,-1.28,0.35,-1.29,0.34,-1.29
46.534,-1.01,-1.38,0.34,-1.29,0.33,-1.29
46.549,-0.98,-1.36,0.33,-1.29,0.32,-1.29
46.563,-1.0,-1.32,0.32,-1.29,0.31,-1.29
46.578,-1.01,-1.3,0.31,-1.29,0.3,-1.29
46.592,-0.94,-1.33,0.3,-1.29,0.29,-1.29
46.606,-0.92,-1.32,0.29,-1.29,0.28,-1.29
46.62,-1.0,-1.29,0.28,-1.29,0.27,-1.29
46.634,-1.03,-1.32,0.27,-1.29,0.25,-1.29
46.649,-0.98,-1.34,0.25,-1.29,0.24,-1.29
46.663,-0.84,-1.4,0.24,-1.29,0.23,-1.29
46.678,-0.83,-1.4,0.23,-1.29,0.22,-1.29
46.692,-0.96,-1.32,0.23,-1.29,0.21,-1.29
46.706,-0.91,-1.29,0.22,-1.29,0.2,-1.29
46.72,-0.9,-1.25,0.2,-1.29,0.19,-1.29
46.735,-0.98,-1.28,0.2,-1.29,0.18,-1.29
46.749,-1.04,-1.34,0.19,-1.29,0.17,-1.29
46.763,-0.99,-1.33,0.18,-1.29,0.16,-1.29
46.777,-0.98,-1.3,0.17,-1.29,0.16,-1.29
46.791,-1.02,-1.32,0.16,-1.29,0.15,-1.29
46.805,-1.03,-1.36,0.15,-1.29,0.14,-1.3
46.819,-1.0,-1.31,0.14,-1.3,0.13,-1.3
46.834,-0.98,-1.3,0.13,-1.29,0.12,-1.29
46.848,-0.99,-1.29,0.12,-1.29,0.11,-1.29
46.862,-1.01,-1.35,0.11,-1.29,0.1,-1.3
46.877,-0.96,-1.4,0.1,-1.3,0.09,-1.3
46.891,-0.94,-1.31,0.09,-1.3,0.08,-1.3
46.905,-0.94,-1.25,0.09,-1.3,0.08,-1.3
46.919,-0.91,-1.28,0.08,-1.3,0.07,-1.3
46.933,-0.92,-1.29,0.07,-1.29,0.06,-1.29
46.948,-1.03,-1.39,0.06,-1.29,0.05,-1.3
46.962,-1.03,-1.36,0.06,-1.3,0.04,-1.3
46.976,-0.94,-1.33,0.05,-1.3,0.04,-1.3
46.99,-0.94,-1.36,0.04,-1.3,0.03,-1.3
47.005,-0.93,-1.35,0.03,-1.3,0.02,-1.3
47.019,-0.92,-1.31,0.02,-1.3,0.01,-1.3
47.033,-0.94,-1.32,0.02,-1.3,0.01,-1.3
47.047,-0.98,-1.4,0.01,-1.3,-0.0,-1.3
47.061,-0.96,-1.38,0.0,-1.3,-0.01,-1.3
47.076,-0.92,-1.31,-0.01,-1.3,-0.02,-1.3
47.09,-0.89,-1.27,-0.01,-1.3,-0.02,-1.3
47.104,-0.94,-1.3,-0.02,-1.3,-0.03,-1.3
47.119,-0.96,-1.34,-0.03,-1.3,-0.03,-1.3
47.133,-0.96,-1.4,-0.03,-1.3,-0.04,-1.3
47.147,-0.94,-1.35,-0.04,-1.3,-0.05,-1.3
47.162,-0.94,-1.33,-0.05,-1.3,-0.06,-1.31
47.176,-0.98,-1.39,-0.05,-1.3,-0.06,-1.31
47.19,-0.98,-1.41,-0.06,-1.3,-0.07,-1.31
47.205,-0.97,-1.32,-0.07,-1.31,-0.08,-1.31
47.219,-0.92,-1.31,-0.08,-1.31,-0.08,-1.31
47.233,-0.94,-1.28,-0.08,-1.31,-0.09,-1.31
47.248,-0.98,-1.31,-0.09,-1.31,-0.1,-1.31
47.262,-0.98,-1.27,-0.1,-1.31,-0.1,-1.31
47.277,-0.94,-1.3,-0.1,-1.31,-0.11,-1.31
47.291,-0.9,-1.32,-0.11,-1.31,-0.12,-1.31
47.306,-1.03,-1.32,-0.12,-1.31,-0.12,-1.31
47.32,-1.07,-1.34,-0.12,-1.31,-0.13,-1.31
47.335,-0.88,-1.36,-0.13,-1.31,-0.14,-1.31
47.349,-0.84,-1.36,-0.14,-1.31,-0.14,-1.31
47.364,-0.97,-1.33,-0.14,-1.31,-0.15,-1.31
47.378,-1.02,-1.34,-0.15,-1.31,-0.15,-1.31
47.393,-0.84,-1.32,-0.15,-1.31,-0.16,-1.31
47.407,-0.84,-1.37,-0.16,-1.31,-0.16,-1.31
47.421,-1.05,-1.29,-0.16,-1.31,-0.17,-1.31
47.436,-1.07,-1.28,-0.17,-1.31,-0.18,-1.31
47.45,-0.88,-1.3,-0.18,-1.31,-0.18,-1.31
47.465,-0.88,-1.3,-0.18,-1.31,-0.19,-1.31
47.479,-0.96,-1.29,-0.19,-1.31,-0.19,-1.31
47.493,-0.98,-1.31,-0.19,-1.31,-0.2,-1.31
47.508,-0.92,-1.33,-0.2,-1.31,-0.21,-1.31
47.522,-0.91,-1.33,-0.2,-1.31,-0.21,-1.31
47.537,-0.94,-1.34,-0.21,-1.31,-0.22,-1.31
47.551,-0.98,-1.36,-0.21,-1.31,-0.22,-1.31
47.565,-0.97,-1.35,-0.22,-1.31,-0.23,-1.31
47.579,-1.0,-1.3,-0.22,-1.31,-0.23,-1.31
47.594,-1.04,-1.29,-0.23,-1.31,-0.24,-1.31
47.608,-1.04,-1.29,-0.23,-1.31,-0.24,-1.31
47.623,-0.9,-1.36,-0.24,-1.31,-0.25,-1.31
47.637,-0.85,-1.36,-0.24,-1.31,-0.25,-1.31
47.651,-0.98,-1.29,-0.25,-1.31,-0.26,-1.31
47.666,-1.0,-1.27,-0.25,-1.31,-0.26,-1.31
47.68,-0.92,-1.25,-0.26,-1.31,-0.26,-1.31
47.695,-0.9,-1.3,-0.26,-1.31,-0.27,-1.31
47.709,-0.95,-1.29,-0.27,-1.31,-0.27,-1.31
47.723,-0.94,-1.32,-0.27,-1.31,-0.28,-1.31
47.738,-0.9,-1.31,-0.28,-1.31,-0.28,-1.31
47.752,-0.89,-1.34,-0.28,-1.31,-0.29,-1.31
47.767,-0.94,-1.28,-0.28,-1.31,-0.29,-1.31
47.781,-0.95,-1.31,-0.29,-1.31,-0.29,-1.31
47.796,-0.94,-1.32,-0.29,-1.31,-0.3,-1.31
47.81,-1.0,-1.36,-0.3,-1.31,-0.3,-1.31
47.825,-1.01,-1.32,-0.3,-1.31,-0.31,-1.31
47.839,-1.02,-1.35,-0.31,-1.31,-0.32,-1.31
47.853,-0.96,-1.34,-0.31,-1.31,-0.32,-1.31
47.868,-0.9,-1.22,-0.32,-1.31,-0.32,-1.31
47.882,-0.92,-1.23,-0.32,-1.31,-0.33,-1.31
47.897,-0.95,-1.33,-0.32,-1.31,-0.33,-1.31
47.911,-0.94,-1.38,-0.33,-1.31,-0.34,-1.31
47.926,-0.91,-1.35,-0.33,-1.31,-0.34,-1.31
47.94,-0.88,-1.33,-0.34,-1.31,-0.34,-1.31
47.955,-0.92,-1.34,-0.34,-1.31,-0.35,-1.31
47.969,-0.93,-1.36,-0.34,-1.31,-0.35,-1.31
47.983,-0.89,-1.36,-0.35,-1.31,-0.35,-1.31
47.998,-0.91,-1.29,-0.35,-1.31,-0.36,-1.31
48.013,-0.97,-1.28,-0.36,-1.31,-0.36,-1.31
48.027,-0.99,-1.31,-0.36,-1.31,-0.37,-1.31
48.042,-0.96,-1.3,-0.37,-1.31,-0.37,-1.31
48.056,-1.0,-1.32,-0.37,-1.31,-0.38,-1.31
48.07,-1.01,-1.36,-0.37,-1.31,-0.38,-1.31
48.085,-0.94,-1.34,-0.38,-1.31,-0.38,-1.31
48.099,-0.91,-1.29,-0.38,-1.31,-0.39,-1.31
48.113,-0.9,-1.3,-0.38,-1.31,-0.39,-1.31
48.128,-0.94,-1.31,-0.39,-1.31,-0.39,-1.31
48.142,-0.94,-1.35,-0.39,-1.31,-0.4,-1.31
48.156,-0.92,-1.29,-0.39,-1.31,-0.4,-1.31
48.171,-0.95,-1.3,-0.4,-1.31,-0.4,-1.31
48.185,-0.89,-1.33,-0.4,-1.31,-0.41,-1.31
48.2,-0.92,-1.31,-0.41,-1.31,-0.41,-1.31
48.214,-1.03,-1.33,-0.41,-1.31,-0.41,-1.31
48.228,-1.03,-1.36,-0.41,-1.31,-0.42,-1.31
48.243,-0.94,-1.38,-0.42,-1.31,-0.42,-1.31
48.257,-0.97,-1.35,-0.42,-1.31,-0.43,-1.31
48.272,-0.96,-1.29,-0.42,-1.31,-0.43,-1.31
48.286,-0.95,-1.27,-0.43,-1.31,-0.43,-1.31
48.3,-0.98,-1.33,-0.43,-1.31,-0.44,-1.31
48.315,-0.98,-1.38,-0.43,-1.31,-0.44,-1.31
48.33,-0.88,-1.37,-0.44,-1.31,-0.44,-1.31
48.344,-0.91,-1.3,-0.44,-1.31,-0.44,-1.31
48.358,-0.99,-1.24,-0.44,-1.31,-0.45,-1.31
48.372,-1.01,-1.25,-0.44,-1.31,-0.45,-1.31
48.387,-0.92,-1.32,-0.45,-1.31,-0.45,-1.31
48.402,-0.88,-1.4,-0.45,-1.31,-0.46,-1.31
48.416,-0.94,-1.33,-0.46,-1.31,-0.46,-1.31
48.43,-0.92,-1.27,-0.46,-1.31,-0.46,-1.31
48.444,-0.87,-1.34,-0.46,-1.31,-0.47,-1.31
48.459,-0.89,-1.37,-0.47,-1.31,-0.47,-1.31
48.473,-1.06,-1.35,-0.47,-1.31,-0.47,-1.31
48.487,-1.03,-1.33,-0.47,-1.32,-0.48,-1.32
48.502,-0.86,-1.33,-0.47,-1.32,-0.48,-1.32
48.516,-0.86,-1.34,-0.48,-1.32,-0.48,-1.32
48.531,-1.03,-1.24,-0.48,-1.32,-0.48,-1.32
48.545,-1.05,-1.26,-0.48,-1.32,-0.49,-1.32
48.56,-0.9,-1.34,-0.48,-1.32,-0.49,-1.32
48.574,-0.9,-1.33,-0.49,-1.32,-0.49,-1.32
48.589,-0.98,-1.29,-0.49,-1.32,-0.49,-1.32
48.603,-0.99,-1.34,-0.49,-1.32,-0.49,-1.32
48.618,-0.88,-1.38,-0.49,-1.32,-0.5,-1.32
48.632,-0.89,-1.35,-0.5,-1.32,-0.5,-1.32
48.646,-0.94,-1.29,-0.5,-1.32,-0.5,-1.32
48.661,-0.94,-1.33,-0.5,-1.32,-0.5,-1.32
48.675,-0.93,-1.36,-0.5,-1.32,-0.51,-1.32
48.69,-0.96,-1.32,-0.51,-1.32,-0.51,-1.32
48.704,-1.01,-1.3,-0.51,-1.32,-0.51,-1.32
48.719,-0.99,-1.31,-0.51,-1.32,-0.52,-1.32
48.733,-0.97,-1.34,-0.51,-1.32,-0.52,-1.32
48.748,-0.96,-1.29,-0.52,-1.32,-0.52,-1.32
48.762,-0.96,-1.27,-0.52,-1.32,-0.52,-1.32
48.777,-0.98,-1.33,-0.52,-1.32,-0.52,-1.32
48.791,-0.97,-1.34,-0.52,-1.32,-0.53,-1.32
48.806,-0.9,-1.33,-0.53,-1.32,-0.53,-1.32
48.82,-0.91,-1.34,-0.53,-1.32,-0.53,-1.32
48.835,-0.98,-1.33,-0.53,-1.32,-0.53,-1.32
48.849,-0.93,-1.29,-0.53,-1.32,-0.54,-1.32
48.863,-0.92,-1.31,-0.53,-1.32,-0.54,-1.32
48.878,-0.96,-1.38,-0.53,-1.32,-0.54,-1.32
48.892,-1.02,-1.38,-0.54,-1.32,-0.54,-1.32
48.907,-0.94,-1.31,-0.54,-1.32,-0.55,-1.32
48.922,-0.94,-1.29,-0.54,-1.32,-0.55,-1.32
48.936,-0.95,-1.28,-0.54,-1.32,-0.55,-1.32
48.951,-0.95,-1.29,-0.55,-1.32,-0.55,-1.32
48.966,-0.81,-1.36,-0.55,-1.32,-0.55,-1.32
48.981,-0.87,-1.37,-0.55,-1.32,-0.55,-1.32
48.995,-1.03,-1.33,-0.55,-1.32,-0.56,-1.32
49.01,-1.0,-1.32,-0.56,-1.32,-0.56,-1.32
49.024,-0.9,-1.35,-0.56,-1.32,-0.56,-1.32
49.039,-0.9,-1.36,-0.56,-1.32,-0.56,-1.32
49.053,-0.94,-1.32,-0.56,-1.32,-0.56,-1.32
49.068,-0.93,-1.31,-0.56,-1.32,-0.57,-1.32
49.082,-0.93,-1.31,-0.57,-1.32,-0.57,-1.32
49.097,-0.94,-1.33,-0.57,-1.32,-0.57,-1.32
49.112,-0.99,-1.32,-0.57,-1.32,-0.58,-1.32
49.126,-1.01,-1.32,-0.57,-1.32,-0.58,-1.32
49.14,-0.99,-1.36,-0.58,-1.32,-0.58,-1.32
49.155,-0.92,-1.31,-0.58,-1.32,-0.58,-1.32
49.169,-0.94,-1.29,-0.58,-1.32,-0.58,-1.32
49.184,-0.98,-1.33,-0.58,-1.32,-0.59,-1.32
49.198,-0.94,-1.35,-0.58,-1.32,-0.59,-1.32
49.213,-0.99,-1.34,-0.59,-1.32,-0.59,-1.32
49.227,-0.98,-1.34,-0.59,-1.32,-0.59,-1.32
49.242,-0.85,-1.36,-0.59,-1.32,-0.59,-1.32
49.257,-0.85,-1.38,-0.59,-1.32,-0.59,-1.32
49.271,-0.95,-1.35,-0.59,-1.32,-0.6,-1.32
49.285,-0.97,-1.37,-0.59,-1.32,-0.6,-1.32
49.3,-0.99,-1.34,-0.6,-1.32,-0.6,-1.32
49.314,-0.95,-1.33,-0.6,-1.32,-0.6,-1.32
49.328,-0.95,-1.33,-0.6,-1.32,-0.6,-1.32
49.343,-1.05,-1.3,-0.6,-1.32,-0.61,-1.32
49.357,-0.98,-1.33,-0.6,-1.32,-0.61,-1.32
49.372,-0.97,-1.34,-0.61,-1.32,-0.61,-1.32
49.387,-1.0,-1.31,-0.61,-1.32,-0.61,-1.32
49.401,-0.94,-1.34,-0.61,-1.32,-0.61,-1.32
49.416,-0.92,-1.37,-0.61,-1.32,-0.61,-1.32
49.43,-0.95,-1.32,-0.61,-1.32,-0.61,-1.32
49.445,-0.96,-1.27,-0.61,-1.32,-0.61,-1.32
49.459,-0.92,-1.36,-0.61,-1.32,-0.62,-1.32
49.474,-0.94,-1.37,-0.62,-1.32,-0.62,-1.32
49.488,-1.0,-1.3,-0.62,-1.32,-0.62,-1.32
49.503,-0.96,-1.29,-0.62,-1.32,-0.62,-1.32
49.519,-0.98,-1.34,-0.62,-1.32,-0.62,-1.32
49.533,-0.98,-1.32,-0.62,-1.32,-0.63,-1.32
49.547,-0.98,-1.31,-0.62,-1.32,-0.63,-1.32
49.562,-1.0,-1.37,-0.62,-1.32,-0.63,-1.32
49.576,-0.93,-1.39,-0.63,-1.32,-0.63,-1.33
49.591,-0.93,-1.33,-0.63,-1.33,-0.63,-1.33
49.605,-0.95,-1.3,-0.63,-1.33,-0.63,-1.32
49.619,-0.92,-1.32,-0.63,-1.32,-0.63,-1.32
49.634,-0.94,-1.34,-0.63,-1.32,-0.63,-1.32
49.648,-1.0,-1.35,-0.63,-1.32,-0.63,-1.32
49.663,-1.05,-1.35,-0.63,-1.32,-0.63,-1.32
49.677,-1.0,-1.31,-0.63,-1.32,-0.64,-1.32
49.692,-0.98,-1.3,-0.63,-1.32,-0.64,-1.32
49.706,-0.96,-1.25,-0.64,-1.32,-0.64,-1.32
49.721,-0.97,-1.26,-0.64,-1.32,-0.64,-1.32
49.735,-1.0,-1.38,-0.64,-1.32,-0.64,-1.33
49.75,-0.98,-1.39,-0.64,-1.33,-0.64,-1.33
49.764,-0.94,-1.34,-0.64,-1.32,-0.64,-1.33
49.778,-0.94,-1.33,-0.64,-1.32,-0.64,-1.32
49.793,-0.94,-1.33,-0.64,-1.32,-0.64,-1.32
49.808,-0.93,-1.31,-0.64,-1.33,-0.64,-1.32
49.822,-0.94,-1.36,-0.64,-1.32,-0.64,-1.32
49.836,-0.97,-1.3,-0.64,-1.32,-0.65,-1.32
49.851,-0.98,-1.29,-0.64,-1.32,-0.65,-1.32
49.865,-0.99,-1.28,-0.65,-1.32,-0.65,-1.32
49.879,-0.96,-1.29,-0.65,-1.32,-0.65,-1.32
49.894,-0.95,-1.31,-0.65,-1.32,-0.65,-1.32
49.908,-0.99,-1.31,-0.65,-1.32,-0.65,-1.32
49.923,-0.96,-1.33,-0.65,-1.32,-0.65,-1.32
49.937,-0.91,-1.31,-0.65,-1.32,-0.65,-1.32
49.952,-0.96,-1.32,-0.65,-1.32,-0.66,-1.32
49.966,-1.04,-1.31,-0.66,-1.32,-0.66,-1.32
49.981,-1.02,-1.3,-0.66,-1.32,-0.66,-1.32
49.995,-0.99,-1.38,-0.66,-1.32,-0.66,-1.32
50.01,-0.95,-1.41,-0.66,-1.32,-0.66,-1.32
50.025,-0.96,-1.29,-0.66,-1.32,-0.66,-1.32
50.04,-0.98,-1.26,-0.66,-1.32,-0.67,-1.32
50.054,-0.94,-1.27,-0.66,-1.32,-0.67,-1.32
50.068,-0.94,-1.34,-0.67,-1.32,-0.67,-1.32
50.083,-0.97,-1.33,-0.67,-1.32,-0.67,-1.32
50.098,-0.97,-1.32,-0.67,-1.32,-0.67,-1.32
50.113,-0.91,-1.32,-0.67,-1.32,-0.67,-1.32
50.127,-0.89,-1.35,-0.67,-1.32,-0.67,-1.32
50.141,-0.93,-1.34,-0.67,-1.32,-0.67,-1.32
50.156,-0.95,-1.31,-0.67,-1.32,-0.67,-1.32
50.17,-0.95,-1.34,-0.67,-1.32,-0.67,-1.32
50.185,-0.92,-1.35,-0.67,-1.32,-0.67,-1.32
50.199,-0.92,-1.32,-0.67,-1.32,-0.68,-1.32
50.214,-0.92,-1.27,-0.67,-1.32,-0.67,-1.32
50.228,-0.91,-1.31,-0.67,-1.32,-0.67,-1.32
50.243,-1.03,-1.33,-0.67,-1.32,-0.68,-1.32
50.257,-1.05,-1.32,-0.67,-1.32,-0.68,-1.32
50.272,-0.94,-1.32,-0.67,-1.32,-0.68,-1.32
50.286,-0.93,-1.34,-0.67,-1.32,-0.68,-1.32
50.301,-0.93,-1.35,-0.67,-1.32,-0.68,-1.32
50.316,-0.91,-1.32,-0.67,-1.32,-0.68,-1.32
50.33,-0.87,-1.38,-0.68,-1.32,-0.68,-1.32
50.345,-0.89,-1.34,-0.67,-1.32,-0.68,-1.32
50.359,-0.9,-1.33,-0.67,-1.32,-0.68,-1.32
50.373,-0.91,-1.34,-0.67,-1.32,-0.68,-1.32
50.388,-0.91,-1.28,-0.67,-1.32,-0.68,-1.32
50.402,-0.99,-1.29,-0.67,-1.32,-0.68,-1.32
50.416,-1.04,-1.33,-0.68,-1.32,-0.68,-1.32
50.431,-1.06,-1.35,-0.68,-1.32,-0.68,-1.32
50.445,-1.05,-1.36,-0.68,-1.32,-0.68,-1.32
50.46,-0.92,-1.29,-0.68,-1.32,-0.68,-1.32
50.476,-0.92,-1.27,-0.68,-1.32,-0.68,-1.32
50.49,-1.01,-1.34,-0.68,-1.32,-0.69,-1.32
50.505,-0.96,-1.36,-0.68,-1.32,-0.69,-1.32
50.519,-0.98,-1.29,-0.69,-1.32,-0.69,-1.32
50.534,-0.98,-1.26,-0.69,-1.32,-0.69,-1.32
50.548,-0.92,-1.29,-0.69,-1.32,-0.69,-1.32
50.563,-0.83,-1.32,-0.69,-1.32,-0.69,-1.32
50.577,-0.96,-1.31,-0.69,-1.32,-0.69,-1.32
50.592,-1.03,-1.34,-0.69,-1.32,-0.69,-1.32
50.607,-0.96,-1.29,-0.69,-1.31,-0.69,-1.31
50.621,-0.94,-1.29,-0.69,-1.31,-0.69,-1.31
50.635,-1.01,-1.29,-0.69,-1.32,-0.7,-1.31
50.652,-1.05,-1.34,-0.7,-1.31,-0.7,-1.32
50.667,-0.95,-1.35,-0.7,-1.31,-0.7,-1.31
50.682,-0.93,-1.35,-0.7,-1.31,-0.7,-1.31
50.696,-0.96,-1.29,-0.7,-1.31,-0.7,-1.31
50.711,-0.92,-1.25,-0.7,-1.31,-0.7,-1.31
50.725,-0.94,-1.35,-0.7,-1.31,-0.7,-1.31
50.74,-0.96,-1.33,-0.7,-1.31,-0.7,-1.31
50.754,-0.98,-1.35,-0.7,-1.31,-0.7,-1.31
50.768,-0.99,-1.36,-0.7,-1.31,-0.7,-1.32
50.783,-0.96,-1.31,-0.7,-1.32,-0.7,-1.32
50.798,-0.92,-1.29,-0.7,-1.31,-0.7,-1.31
50.812,-0.9,-1.31,-0.7,-1.31,-0.7,-1.31
50.827,-1.02,-1.38,-0.7,-1.31,-0.71,-1.32
50.841,-1.04,-1.4,-0.7,-1.32,-0.71,-1.32
50.855,-1.01,-1.37,-0.71,-1.32,-0.71,-1.32
50.87,-1.0,-1.31,-0.71,-1.32,-0.71,-1.32
50.885,-0.97,-1.28,-0.71,-1.32,-0.71,-1.32
50.899,-0.92,-1.29,-0.71,-1.32,-0.71,-1.32
50.913,-0.9,-1.38,-0.71,-1.32,-0.71,-1.32
50.928,-0.95,-1.4,-0.71,-1.32,-0.71,-1.32
50.942,-0.98,-1.32,-0.71,-1.32,-0.71,-1.32
50.957,-0.94,-1.25,-0.71,-1.32,-0.71,-1.32
50.972,-0.85,-1.26,-0.71,-1.32,-0.71,-1.31
50.986,-0.87,-1.29,-0.71,-1.31,-0.71,-1.31
51.001,-0.96,-1.34,-0.71,-1.31,-0.71,-1.31
51.015,-0.97,-1.34,-0.71,-1.31,-0.71,-1.31
51.029,-1.0,-1.35,-0.71,-1.31,-0.71,-1.31
51.044,-1.01,-1.34,-0.71,-1.31,-0.71,-1.31
51.058,-0.96,-1.29,-0.71,-1.31,-0.71,-1.31
51.073,-0.87,-1.38,-0.71,-1.31,-0.71,-1.31
51.087,-0.87,-1.43,-0.71,-1.31,-0.71,-1.32
51.102,-0.94,-1.39,-0.71,-1.32,-0.71,-1.32
51.117,-0.96,-1.33,-0.71,-1.32,-0.71,-1.32
51.131,-0.96,-1.32,-0.71,-1.32,-0.71,-1.32
51.146,-0.97,-1.31,-0.71,-1.31,-0.71,-1.31
51.16,-0.96,-1.36,-0.71,-1.31,-0.71,-1.31
51.175,-0.94,-1.34,-0.71,-1.31,-0.71,-1.31
51.189,-0.9,-1.31,-0.71,-1.31,-0.71,-1.31
51.203,-0.91,-1.29,-0.71,-1.31,-0.71,-1.31
51.218,-0.98,-1.31,-0.71,-1.31,-0.71,-1.31
51.232,-0.97,-1.33,-0.71,-1.31,-0.71,-1.31
51.247,-0.95,-1.35,-0.71,-1.31,-0.71,-1.32
51.261,-0.96,-1.31,-0.71,-1.32,-0.71,-1.32
51.275,-0.92,-1.35,-0.71,-1.32,-0.71,-1.32
51.29,-0.92,-1.38,-0.71,-1.32,-0.71,-1.32
51.304,-0.92,-1.33,-0.71,-1.32,-0.71,-1.32
51.319,-0.94,-1.31,-0.71,-1.32,-0.71,-1.32
51.333,-0.98,-1.34,-0.71,-1.32,-0.72,-1.32
51.347,-0.98,-1.35,-0.71,-1.32,-0.72,-1.32
51.362,-0.93,-1.35,-0.71,-1.32,-0.72,-1.32
51.376,-0.9,-1.28,-0.71,-1.32,-0.72,-1.32
51.39,-0.89,-1.24,-0.72,-1.32,-0.72,-1.32
51.405,-0.95,-1.27,-0.72,-1.32,-0.72,-1.32
51.419,-0.97,-1.34,-0.72,-1.32,-0.72,-1.32
51.433,-1.0,-1.34,-0.72,-1.32,-0.72,-1.32
51.448,-0.96,-1.3,-0.72,-1.32,-0.72,-1.32
51.462,-1.0,-1.27,-0.72,-1.32,-0.72,-1.32
51.477,-0.97,-1.28,-0.72,-1.31,-0.72,-1.31
51.491,-0.97,-1.33,-0.72,-1.31,-0.72,-1.31
51.506,-0.96,-1.34,-0.72,-1.31,-0.72,-1.31
51.52,-0.94,-1.31,-0.72,-1.31,-0.72,-1.31
51.535,-1.01,-1.29,-0.72,-1.31,-0.72,-1.31
51.549,-0.99,-1.27,-0.72,-1.31,-0.73,-1.31
51.564,-0.98,-1.31,-0.72,-1.31,-0.73,-1.31
51.578,-0.92,-1.31,-0.72,-1.31,-0.73,-1.31
51.593,-0.88,-1.35,-0.72,-1.31,-0.73,-1.31
51.607,-0.95,-1.36,-0.72,-1.31,-0.73,-1.31
51.621,-0.95,-1.27,-0.72,-1.31,-0.73,-1.31
51.636,-0.9,-1.3,-0.72,-1.31,-0.72,-1.31
51.65,-0.91,-1.34,-0.72,-1.31,-0.72,-1.31
51.665,-0.93,-1.4,-0.72,-1.31,-0.72,-1.31
51.679,-0.9,-1.35,-0.72,-1.31,-0.72,-1.31
51.693,-0.96,-1.24,-0.72,-1.31,-0.73,-1.31
51.708,-0.97,-1.24,-0.72,-1.31,-0.73,-1.31
51.722,-1.0,-1.38,-0.73,-1.31,-0.73,-1.31
51.737,-0.99,-1.35,-0.73,-1.31,-0.73,-1.31
51.751,-0.95,-1.35,-0.73,-1.31,-0.73,-1.31
51.766,-0.96,-1.38,-0.73,-1.31,-0.73,-1.31
51.78,-0.98,-1.36,-0.73,-1.31,-0.73,-1.31
51.795,-0.98,-1.29,-0.73,-1.31,-0.73,-1.31
51.809,-0.99,-1.29,-0.73,-1.31,-0.73,-1.31
51.823,-0.99,-1.38,-0.73,-1.31,-0.73,-1.31
51.838,-0.94,-1.39,-0.73,-1.31,-0.73,-1.31
51.852,-0.94,-1.32,-0.73,-1.31,-0.73,-1.31
51.867,-0.96,-1.33,-0.73,-1.31,-0.73,-1.31
51.881,-0.98,-1.31,-0.73,-1.31,-0.74,-1.31
51.896,-0.98,-1.31,-0.73,-1.31,-0.73,-1.31
51.91,-0.93,-1.36,-0.73,-1.31,-0.73,-1.31
51.924,-0.94,-1.34,-0.73,-1.31,-0.73,-1.31
51.939,-0.97,-1.33,-0.73,-1.31,-0.73,-1.31
51.953,-0.95,-1.32,-0.73,-1.31,-0.73,-1.31
51.968,-0.9,-1.3,-0.73,-1.31,-0.73,-1.31
51.982,-0.89,-1.33,-0.73,-1.31,-0.73,-1.31
51.997,-0.92,-1.32,-0.73,-1.31,-0.73,-1.31
52.011,-0.94,-1.31,-0.73,-1.31,-0.73,-1.31
52.025,-0.9,-1.3,-0.73,-1.31,-0.73,-1.31
52.04,-0.92,-1.32,-0.73,-1.31,-0.73,-1.31
52.055,-0.92,-1.31,-0.73,-1.31,-0.73,-1.31
52.069,-0.92,-1.29,-0.73,-1.31,-0.74,-1.31
52.084,-0.91,-1.3,-0.73,-1.31,-0.74,-1.31
52.098,-0.91,-1.28,-0.74,-1.31,-0.74,-1.31
52.113,-0.92,-1.3,-0.74,-1.31,-0.74,-1.31
52.127,-0.98,-1.34,-0.74,-1.31,-0.74,-1.31
52.141,-1.03,-1.38,-0.74,-1.31,-0.74,-1.31
52.156,-1.03,-1.35,-0.74,-1.31,-0.74,-1.31
52.17,-0.97,-1.29,-0.74,-1.31,-0.74,-1.31
52.185,-0.96,-1.28,-0.74,-1.31,-0.74,-1.31
52.199,-0.94,-1.31,-0.74,-1.31,-0.74,-1.31
52.213,-0.95,-1.35,-0.74,-1.31,-0.74,-1.31
52.228,-1.05,-1.33,-0.74,-1.31,-0.74,-1.31
52.243,-1.05,-1.36,-0.74,-1.31,-0.74,-1.31
52.257,-0.92,-1.36,-0.74,-1.31,-0.74,-1.31
52.271,-0.92,-1.39,-0.74,-1.31,-0.74,-1.31
52.286,-0.97,-1.34,-0.74,-1.31,-0.74,-1.31
52.301,-0.92,-1.39,-0.74,-1.31,-0.74,-1.31
52.315,-0.92,-1.38,-0.74,-1.31,-0.74,-1.31
52.33,-0.95,-1.33,-0.74,-1.31,-0.74,-1.31
52.344,-0.93,-1.31,-0.74,-1.31,-0.74,-1.31
52.359,-0.98,-1.31,-0.74,-1.31,-0.74,-1.31
52.373,-0.98,-1.32,-0.74,-1.31,-0.74,-1.31
52.388,-0.86,-1.38,-0.74,-1.31,-0.74,-1.31
52.402,-0.86,-1.35,-0.73,-1.31,-0.74,-1.31
52.416,-0.98,-1.34,-0.73,-1.32,-0.74,-1.32
52.431,-1.0,-1.34,-0.73,-1.32,-0.74,-1.32
52.445,-0.95,-1.35,-0.74,-1.32,-0.74,-1.32
52.46,-0.94,-1.36,-0.74,-1.32,-0.74,-1.32
52.474,-0.92,-1.33,-0.74,-1.32,-0.74,-1.32
52.489,-0.95,-1.32,-0.74,-1.32,-0.74,-1.32
52.503,-0.98,-1.33,-0.73,-1.31,-0.74,-1.31
52.518,-1.01,-1.25,-0.74,-1.31,-0.74,-1.31
52.532,-1.03,-1.22,-0.74,-1.31,-0.74,-1.31
52.547,-0.92,-1.29,-0.74,-1.31,-0.74,-1.31
52.561,-0.85,-1.37,-0.74,-1.31,-0.74,-1.31
52.576,-0.95,-1.31,-0.74,-1.31,-0.74,-1.31
52.59,-1.04,-1.27,-0.74,-1.31,-0.74,-1.31
52.604,-1.07,-1.31,-0.74,-1.31,-0.74,-1.31
52.619,-1.02,-1.35,-0.74,-1.31,-0.74,-1.31
52.633,-0.94,-1.31,-0.74,-1.31,-0.74,-1.31
52.648,-0.96,-1.29,-0.74,-1.31,-0.74,-1.31
52.662,-0.96,-1.33,-0.74,-1.31,-0.74,-1.31
52.676,-0.97,-1.31,-0.74,-1.31,-0.74,-1.31
52.691,-0.98,-1.28,-0.74,-1.31,-0.74,-1.31
52.706,-0.94,-1.31,-0.74,-1.31,-0.74,-1.31
52.72,-0.9,-1.33,-0.74,-1.31,-0.74,-1.31
52.734,-0.89,-1.31,-0.74,-1.31,-0.74,-1.31
52.749,-0.87,-1.31,-0.74,-1.31,-0.74,-1.31
52.763,-0.96,-1.29,-0.74,-1.31,-0.74,-1.31
52.777,-0.97,-1.33,-0.74,-1.31,-0.74,-1.31
52.792,-1.01,-1.34,-0.74,-1.31,-0.74,-1.31
52.806,-1.06,-1.33,-0.74,-1.31,-0.75,-1.31
52.82,-0.93,-1.32,-0.74,-1.31,-0.74,-1.31
52.835,-0.88,-1.31,-0.74,-1.31,-0.74,-1.31
52.85,-0.95,-1.25,-0.74,-1.31,-0.75,-1.31
52.864,-0.97,-1.24,-0.74,-1.31,-0.75,-1.31
52.878,-1.01,-1.29,-0.74,-1.31,-0.75,-1.31
52.892,-0.97,-1.38,-0.75,-1.31,-0.75,-1.31
52.907,-0.91,-1.38,-0.75,-1.31,-0.75,-1.31
52.921,-0.87,-1.32,-0.75,-1.31,-0.75,-1.31
52.936,-0.89,-1.25,-0.75,-1.31,-0.75,-1.31
52.951,-0.91,-1.29,-0.75,-1.31,-0.75,-1.31
52.966,-0.94,-1.34,-0.74,-1.31,-0.75,-1.31
52.98,-1.02,-1.34,-0.74,-1.31,-0.75,-1.31
52.995,-0.99,-1.31,-0.74,-1.31,-0.75,-1.31
53.009,-0.94,-1.26,-0.75,-1.31,-0.75,-1.31
53.024,-0.96,-1.26,-0.75,-1.31,-0.75,-1.31
53.038,-1.0,-1.32,-0.75,-1.31,-0.75,-1.31
53.053,-1.02,-1.34,-0.75,-1.31,-0.75,-1.31
53.067,-0.92,-1.41,-0.75,-1.31,-0.75,-1.31
53.082,-0.93,-1.37,-0.75,-1.31,-0.75,-1.31
53.096,-0.96,-1.33,-0.75,-1.31,-0.75,-1.31
53.111,-0.96,-1.31,-0.75,-1.31,-0.75,-1.31
53.125,-0.92,-1.32,-0.75,-1.31,-0.75,-1.31
53.14,-0.98,-1.37,-0.75,-1.31,-0.75,-1.31
53.154,-0.97,-1.38,-0.75,-1.31,-0.75,-1.31
53.169,-0.96,-1.34,-0.75,-1.31,-0.75,-1.31
53.183,-1.01,-1.3,-0.75,-1.31,-0.75,-1.31
53.198,-1.07,-1.31,-0.75,-1.31,-0.75,-1.31
53.213,-1.05,-1.31,-0.75,-1.31,-0.75,-1.31
53.227,-0.94,-1.31,-0.75,-1.31,-0.75,-1.31
53.241,-0.98,-1.31,-0.75,-1.31,-0.75,-1.31
53.256,-1.05,-1.33,-0.75,-1.31,-0.75,-1.31
53.27,-0.98,-1.34,-0.75,-1.31,-0.75,-1.31
53.285,-0.92,-1.3,-0.75,-1.31,-0.75,-1.31
53.299,-0.91,-1.29,-0.75,-1.31,-0.75,-1.31
53.314,-0.95,-1.37,-0.75,-1.31,-0.75,-1.31
53.328,-1.0,-1.42,-0.75,-1.31,-0.75,-1.31
53.343,-0.96,-1.32,-0.75,-1.31,-0.75,-1.31
53.357,-0.91,-1.38,-0.75,-1.31,-0.75,-1.31
53.372,-0.89,-1.27,-0.75,-1.31,-0.75,-1.31
53.388,-1.02,-1.32,-0.74,-1.31,-0.75,-1.31
53.403,-0.82,-1.25,-0.75,-1.31,-0.75,-1.31
53.417,-0.97,-1.31,-0.74,-1.31,-0.75,-1.31
53.432,-0.98,-1.33,-0.74,-1.31,-0.75,-1.31
53.446,-1.03,-1.31,-0.74,-1.31,-0.75,-1.31
53.461,-0.86,-1.36,-0.74,-1.31,-0.75,-1.31
53.475,-0.99,-1.36,-0.74,-1.31,-0.75,-1.31
53.49,-1.05,-1.31,-0.74,-1.31,-0.75,-1.31
53.505,-1.06,-1.31,-0.74,-1.31,-0.75,-1.31
53.519,-1.06,-1.33,-0.74,-1.31,-0.75,-1.31
53.533,-0.88,-1.33,-0.75,-1.31,-0.75,-1.31
53.548,-0.84,-1.29,-0.75,-1.31,-0.75,-1.31
53.562,-0.98,-1.36,-0.75,-1.31,-0.75,-1.31
53.577,-1.11,-1.44,-0.75,-1.31,-0.75,-1.31
53.591,-0.98,-1.32,-0.75,-1.31,-0.75,-1.31
53.606,-0.92,-1.23,-0.75,-1.31,-0.75,-1.31
53.62,-0.89,-1.2,-0.75,-1.31,-0.75,-1.31
53.634,-0.86,-1.38,-0.75,-1.31,-0.75,-1.31
53.649,-0.92,-1.42,-0.75,-1.31,-0.75,-1.31
53.663,-0.98,-1.3,-0.75,-1.31,-0.75,-1.31
53.678,-1.0,-1.22,-0.75,-1.31,-0.75,-1.31
53.693,-0.99,-1.31,-0.75,-1.31,-0.75,-1.31
53.707,-1.01,-1.39,-0.75,-1.31,-0.75,-1.31
53.722,-0.99,-1.4,-0.75,-1.31,-0.75,-1.31
53.736,-0.95,-1.34,-0.75,-1.31,-0.75,-1.31
53.751,-1.0,-1.3,-0.75,-1.31,-0.75,-1.31
53.765,-1.03,-1.32,-0.75,-1.31,-0.76,-1.31
53.78,-1.07,-1.41,-0.75,-1.31,-0.76,-1.31
53.794,-0.99,-1.41,-0.75,-1.31,-0.76,-1.31
53.808,-0.9,-1.36,-0.75,-1.31,-0.76,-1.31
53.823,-0.88,-1.31,-0.75,-1.31,-0.76,-1.31
53.837,-0.89,-1.31,-0.75,-1.31,-0.76,-1.31
53.852,-0.98,-1.26,-0.76,-1.31,-0.76,-1.31
53.867,-1.03,-1.31,-0.76,-1.31,-0.76,-1.31
53.881,-0.96,-1.35,-0.76,-1.31,-0.76,-1.31
53.896,-0.92,-1.35,-0.76,-1.31,-0.76,-1.31
53.91,-0.98,-1.3,-0.75,-1.31,-0.76,-1.31
53.925,-1.05,-1.34,-0.75,-1.31,-0.76,-1.31
53.94,-1.03,-1.39,-0.76,-1.32,-0.76,-1.32
53.955,-1.03,-1.4,-0.76,-1.32,-0.76,-1.32
53.969,-0.88,-1.34,-0.76,-1.32,-0.76,-1.32
53.984,-0.78,-1.32,-0.76,-1.32,-0.76,-1.32
53.998,-0.83,-1.28,-0.76,-1.32,-0.76,-1.32
54.013,-0.88,-1.29,-0.75,-1.32,-0.76,-1.32
54.027,-1.05,-1.39,-0.75,-1.32,-0.76,-1.32
54.041,-1.08,-1.44,-0.75,-1.32,-0.76,-1.32
54.058,-0.96,-1.44,-0.75,-1.32,-0.76,-1.32
54.072,-0.95,-1.33,-0.76,-1.32,-0.76,-1.32
54.087,-0.98,-1.21,-0.76,-1.32,-0.76,-1.32
54.102,-1.01,-1.27,-0.75,-1.32,-0.76,-1.32
54.116,-1.0,-1.42,-0.75,-1.32,-0.76,-1.32
54.131,-0.98,-1.45,-0.76,-1.32,-0.76,-1.32
54.145,-0.98,-1.38,-0.76,-1.32,-0.76,-1.32
54.162,-0.94,-1.3,-0.76,-1.32,-0.76,-1.32
54.176,-0.94,-1.28,-0.76,-1.32,-0.76,-1.32
54.191,-0.97,-1.36,-0.76,-1.32,-0.76,-1.32
54.205,-1.0,-1.41,-0.76,-1.32,-0.76,-1.32
54.22,-1.0,-1.33,-0.76,-1.32,-0.76,-1.32
54.234,-0.88,-1.25,-0.76,-1.32,-0.76,-1.32
54.249,-0.85,-1.26,-0.76,-1.32,-0.76,-1.32
54.263,-0.88,-1.32,-0.75,-1.32,-0.76,-1.32
54.278,-0.92,-1.4,-0.75,-1.32,-0.75,-1.32
54.293,-0.93,-1.43,-0.75,-1.32,-0.75,-1.32
54.307,-0.88,-1.38,-0.75,-1.32,-0.75,-1.32
54.321,-0.94,-1.31,-0.75,-1.32,-0.75,-1.32
54.336,-0.91,-1.31,-0.75,-1.32,-0.75,-1.32
54.35,-0.92,-1.32,-0.75,-1.32,-0.75,-1.32
54.365,-0.96,-1.38,-0.75,-1.32,-0.75,-1.32
54.379,-0.96,-1.41,-0.75,-1.32,-0.75,-1.32
54.394,-1.02,-1.36,-0.75,-1.32,-0.75,-1.33
54.408,-1.02,-1.34,-0.75,-1.33,-0.75,-1.33
54.423,-0.87,-1.32,-0.75,-1.33,-0.75,-1.33
54.437,-0.85,-1.29,-0.75,-1.33,-0.75,-1.33
54.452,-0.89,-1.38,-0.75,-1.32,-0.75,-1.33
54.466,-0.93,-1.43,-0.75,-1.32,-0.75,-1.33
54.481,-0.97,-1.41,-0.75,-1.33,-0.75,-1.33
54.495,-0.97,-1.28,-0.75,-1.33,-0.75,-1.33
54.51,-0.94,-1.25,-0.75,-1.32,-0.75,-1.32
54.524,-0.86,-1.29,-0.75,-1.32,-0.75,-1.32
54.538,-0.93,-1.33,-0.75,-1.32,-0.75,-1.32
54.553,-1.08,-1.37,-0.75,-1.32,-0.75,-1.33
54.567,-1.13,-1.36,-0.75,-1.32,-0.75,-1.32
54.582,-1.02,-1.29,-0.75,-1.32,-0.76,-1.32
54.596,-0.91,-1.27,-0.75,-1.32,-0.75,-1.32
54.611,-0.94,-1.29,-0.75,-1.32,-0.75,-1.32
54.625,-0.95,-1.32,-0.75,-1.32,-0.75,-1.32
54.64,-0.95,-1.4,-0.75,-1.32,-0.75,-1.32
54.654,-0.94,-1.38,-0.75,-1.32,-0.75,-1.32
54.669,-0.94,-1.33,-0.75,-1.32,-0.75,-1.32
54.683,-0.91,-1.29,-0.75,-1.32,-0.75,-1.32
54.698,-0.91,-1.31,-0.75,-1.33,-0.75,-1.33
54.712,-0.98,-1.42,-0.75,-1.33,-0.75,-1.33
54.726,-1.03,-1.42,-0.75,-1.33,-0.75,-1.33
54.741,-1.03,-1.36,-0.75,-1.33,-0.75,-1.33
54.756,-1.0,-1.31,-0.75,-1.33,-0.75,-1.33
54.77,-0.91,-1.28,-0.75,-1.33,-0.75,-1.33
54.785,-0.9,-1.29,-0.75,-1.33,-0.75,-1.33
54.799,-0.96,-1.4,-0.75,-1.33,-0.75,-1.33
54.814,-0.97,-1.39,-0.75,-1.33,-0.75,-1.33
54.828,-0.9,-1.3,-0.75,-1.33,-0.75,-1.33
54.842,-0.87,-1.26,-0.75,-1.33,-0.75,-1.33
54.857,-0.92,-1.26,-0.75,-1.33,-0.75,-1.33
54.872,-0.93,-1.28,-0.75,-1.33,-0.75,-1.32
54.886,-0.91,-1.32,-0.75,-1.32,-0.75,-1.32
54.901,-0.85,-1.33,-0.75,-1.32,-0.75,-1.32
54.915,-0.9,-1.29,-0.75,-1.32,-0.75,-1.32
54.93,-0.94,-1.27,-0.75,-1.32,-0.75,-1.32
54.944,-0.95,-1.27,-0.75,-1.32,-0.75,-1.32
54.959,-0.88,-1.37,-0.75,-1.32,-0.75,-1.32
54.973,-0.91,-1.44,-0.75,-1.32,-0.75,-1.33
54.988,-1.0,-1.38,-0.75,-1.33,-0.75,-1.33
55.002,-1.0,-1.32,-0.75,-1.33,-0.75,-1.33
55.017,-0.91,-1.28,-0.75,-1.33,-0.75,-1.33
55.031,-0.92,-1.3,-0.75,-1.33,-0.75,-1.33
55.046,-0.97,-1.34,-0.75,-1.32,-0.75,-1.33
55.06,-0.95,-1.34,-0.75,-1.32,-0.75,-1.32
55.075,-0.97,-1.34,-0.75,-1.32,-0.75,-1.32
55.089,-0.96,-1.31,-0.75,-1.32,-0.75,-1.32
55.104,-0.92,-1.25,-0.75,-1.32,-0.75,-1.32
55.118,-0.94,-1.22,-0.75,-1.32,-0.75,-1.32
55.133,-0.89,-1.28,-0.75,-1.32,-0.75,-1.32
55.147,-0.97,-1.38,-0.75,-1.32,-0.75,-1.32
55.162,-1.04,-1.39,-0.75,-1.32,-0.75,-1.32
55.176,-0.98,-1.34,-0.75,-1.32,-0.75,-1.32
55.19,-0.96,-1.34,-0.75,-1.32,-0.75,-1.32
55.205,-1.01,-1.36,-0.75,-1.33,-0.75,-1.33
55.22,-1.0,-1.39,-0.75,-1.33,-0.75,-1.33
55.234,-1.0,-1.38,-0.75,-1.32,-0.75,-1.33
55.249,-0.99,-1.34,-0.75,-1.33,-0.75,-1.33
55.263,-0.91,-1.29,-0.75,-1.33,-0.75,-1.33
55.278,-0.87,-1.27,-0.75,-1.33,-0.75,-1.32
55.292,-0.92,-1.35,-0.75,-1.32,-0.75,-1.32
55.307,-0.98,-1.4,-0.75,-1.32,-0.75,-1.33
55.321,-1.02,-1.43,-0.75,-1.32,-0.75,-1.33
55.336,-0.94,-1.29,-0.75,-1.32,-0.75,-1.32
55.35,-0.95,-1.22,-0.75,-1.32,-0.75,-1.32
55.365,-1.01,-1.29,-0.75,-1.32,-0.75,-1.32
55.379,-1.03,-1.34,-0.75,-1.32,-0.75,-1.32
55.394,-1.01,-1.31,-0.75,-1.32,-0.75,-1.32
55.409,-0.99,-1.34,-0.75,-1.32,-0.75,-1.32
55.423,-0.94,-1.29,-0.75,-1.32,-0.75,-1.32
55.437,-0.92,-1.29,-0.75,-1.32,-0.75,-1.32
55.452,-0.98,-1.34,-0.75,-1.32,-0.75,-1.32
55.467,-1.0,-1.32,-0.75,-1.32,-0.75,-1.32
55.481,-1.03,-1.35,-0.75,-1.32,-0.75,-1.32
55.495,-1.0,-1.38,-0.75,-1.32,-0.75,-1.32
55.51,-0.93,-1.35,-0.75,-1.32,-0.75,-1.32
55.525,-0.92,-1.32,-0.75,-1.32,-0.75,-1.32
55.539,-0.92,-1.31,-0.75,-1.32,-0.75,-1.32
55.553,-0.89,-1.33,-0.75,-1.32,-0.75,-1.32
55.568,-0.9,-1.34,-0.75,-1.32,-0.75,-1.32
55.583,-0.94,-1.38,-0.75,-1.32,-0.75,-1.32
55.598,-0.92,-1.32,-0.75,-1.32,-0.75,-1.32
55.613,-0.96,-1.29,-0.75,-1.32,-0.75,-1.32
55.627,-0.98,-1.32,-0.75,-1.32,-0.75,-1.32
55.642,-0.97,-1.36,-0.75,-1.32,-0.75,-1.32
55.657,-0.91,-1.34,-0.75,-1.32,-0.75,-1.32
55.671,-0.97,-1.32,-0.75,-1.32,-0.75,-1.32
55.688,-0.92,-1.34,-0.75,-1.32,-0.75,-1.32
55.702,-0.87,-1.34,-0.75,-1.32,-0.75,-1.32
55.717,-0.87,-1.35,-0.75,-1.32,-0.75,-1.32
55.731,-0.98,-1.38,-0.75,-1.32,-0.75,-1.32
55.745,-0.98,-1.39,-0.75,-1.32,-0.75,-1.32
55.76,-0.89,-1.34,-0.75,-1.32,-0.75,-1.32
55.775,-0.94,-1.32,-0.75,-1.32,-0.75,-1.32
55.789,-0.95,-1.33,-0.74,-1.32,-0.75,-1.32
55.804,-0.98,-1.33,-0.74,-1.32,-0.75,-1.32
55.818,-0.98,-1.33,-0.74,-1.32,-0.75,-1.32
55.833,-0.94,-1.31,-0.75,-1.32,-0.75,-1.32
55.847,-0.93,-1.31,-0.75,-1.32,-0.75,-1.32
55.862,-0.94,-1.34,-0.75,-1.32,-0.75,-1.32
55.876,-0.87,-1.33,-0.75,-1.32,-0.75,-1.32
55.89,-0.87,-1.34,-0.75,-1.32,-0.75,-1.32
55.904,-0.89,-1.36,-0.75,-1.32,-0.75,-1.32
55.919,-0.96,-1.3,-0.74,-1.32,-0.75,-1.32
55.933,-0.99,-1.28,-0.74,-1.32,-0.75,-1.32
55.948,-0.94,-1.34,-0.74,-1.32,-0.75,-1.32
55.962,-0.9,-1.35,-0.74,-1.32,-0.74,-1.32
55.977,-1.02,-1.33,-0.74,-1.32,-0.74,-1.32
55.992,-1.01,-1.32,-0.74,-1.32,-0.74,-1.32
56.006,-0.92,-1.34,-0.74,-1.32,-0.74,-1.32
56.02,-0.87,-1.33,-0.74,-1.32,-0.74,-1.32
56.035,-0.93,-1.31,-0.74,-1.32,-0.74,-1.32
56.049,-0.87,-1.32,-0.74,-1.32,-0.74,-1.32
56.064,-0.93,-1.37,-0.74,-1.32,-0.74,-1.32
56.078,-0.99,-1.33,-0.74,-1.32,-0.74,-1.32
56.092,-0.99,-1.27,-0.74,-1.32,-0.74,-1.32
56.107,-0.97,-1.27,-0.74,-1.32,-0.74,-1.32
56.121,-0.93,-1.33,-0.74,-1.32,-0.74,-1.32
56.136,-1.01,-1.33,-0.74,-1.32,-0.74,-1.32
56.15,-1.01,-1.33,-0.74,-1.32,-0.74,-1.32
56.165,-1.03,-1.29,-0.74,-1.32,-0.74,-1.32
56.179,-0.99,-1.33,-0.74,-1.32,-0.74,-1.32
56.194,-0.88,-1.31,-0.74,-1.32,-0.74,-1.32
56.208,-0.9,-1.33,-0.74,-1.32,-0.74,-1.32
56.223,-0.89,-1.42,-0.74,-1.32,-0.74,-1.32
56.237,-0.87,-1.42,-0.74,-1.32,-0.74,-1.32
56.252,-1.03,-1.36,-0.74,-1.32,-0.74,-1.32
56.266,-1.04,-1.29,-0.74,-1.32,-0.74,-1.32
56.281,-0.97,-1.29,-0.74,-1.32,-0.74,-1.32
56.295,-1.0,-1.36,-0.74,-1.32,-0.74,-1.32
56.31,-1.03,-1.38,-0.74,-1.32,-0.75,-1.32
56.324,-0.97,-1.3,-0.74,-1.32,-0.75,-1.32
56.338,-0.96,-1.31,-0.74,-1.32,-0.75,-1.32
56.353,-0.93,-1.39,-0.74,-1.32,-0.75,-1.32
56.367,-0.96,-1.4,-0.74,-1.32,-0.75,-1.32
56.382,-0.96,-1.36,-0.74,-1.32,-0.75,-1.32
56.396,-1.0,-1.36,-0.74,-1.32,-0.75,-1.32
56.411,-1.03,-1.39,-0.75,-1.32,-0.75,-1.32
56.426,-1.0,-1.36,-0.75,-1.32,-0.75,-1.32
56.44,-0.96,-1.31,-0.75,-1.32,-0.75,-1.32
56.454,-0.92,-1.33,-0.75,-1.32,-0.75,-1.32
56.469,-0.97,-1.34,-0.75,-1.32,-0.75,-1.32
56.483,-0.94,-1.31,-0.75,-1.32,-0.75,-1.32
56.498,-0.98,-1.28,-0.75,-1.32,-0.75,-1.32
56.512,-1.02,-1.36,-0.75,-1.32,-0.75,-1.32
56.527,-1.03,-1.33,-0.75,-1.32,-0.75,-1.32
56.542,-0.97,-1.32,-0.75,-1.32,-0.75,-1.32
56.556,-0.97,-1.36,-0.75,-1.32,-0.75,-1.32
56.571,-0.94,-1.27,-0.75,-1.32,-0.75,-1.32
56.585,-0.91,-1.32,-0.75,-1.32,-0.75,-1.32
56.6,-1.01,-1.38,-0.75,-1.32,-0.75,-1.32
56.614,-1.05,-1.34,-0.75,-1.32,-0.75,-1.32
56.629,-1.0,-1.36,-0.75,-1.32,-0.75,-1.32
56.643,-0.97,-1.35,-0.75,-1.32,-0.75,-1.32
56.658,-0.99,-1.32,-0.75,-1.32,-0.76,-1.32
56.672,-0.95,-1.3,-0.75,-1.32,-0.76,-1.32
56.687,-0.89,-1.31,-0.75,-1.32,-0.76,-1.32
56.701,-0.91,-1.35,-0.75,-1.32,-0.76,-1.32
56.716,-0.96,-1.36,-0.76,-1.32,-0.76,-1.32
56.73,-0.96,-1.36,-0.76,-1.32,-0.76,-1.32
56.745,-0.92,-1.35,-0.76,-1.32,-0.76,-1.32
56.76,-0.95,-1.3,-0.76,-1.32,-0.76,-1.32
56.775,-1.0,-1.31,-0.76,-1.32,-0.76,-1.32
56.789,-0.99,-1.37,-0.76,-1.32,-0.76,-1.32
56.804,-0.99,-1.38,-0.76,-1.32,-0.76,-1.32
56.818,-0.93,-1.35,-0.76,-1.32,-0.76,-1.32
56.832,-0.9,-1.33,-0.76,-1.32,-0.76,-1.32
56.847,-0.96,-1.36,-0.76,-1.32,-0.76,-1.32
56.861,-1.0,-1.32,-0.76,-1.32,-0.76,-1.32
56.876,-0.98,-1.27,-0.76,-1.32,-0.76,-1.32
56.891,-0.94,-1.31,-0.76,-1.32,-0.76,-1.32
56.906,-0.89,-1.31,-0.76,-1.32,-0.76,-1.32
56.92,-0.9,-1.38,-0.76,-1.32,-0.76,-1.32
56.935,-0.95,-1.36,-0.76,-1.32,-0.76,-1.32
56.949,-0.97,-1.29,-0.76,-1.32,-0.76,-1.32
56.964,-1.01,-1.33,-0.76,-1.32,-0.76,-1.32
56.978,-1.0,-1.37,-0.76,-1.32,-0.76,-1.32
56.993,-1.0,-1.4,-0.76,-1.32,-0.76,-1.32
57.007,-0.99,-1.34,-0.76,-1.32,-0.76,-1.32
57.022,-0.96,-1.32,-0.76,-1.32,-0.76,-1.32
57.036,-0.95,-1.28,-0.76,-1.32,-0.76,-1.32
57.05,-1.0,-1.31,-0.76,-1.32,-0.76,-1.32
57.065,-0.94,-1.31,-0.76,-1.32,-0.76,-1.32
57.079,-0.95,-1.36,-0.76,-1.32,-0.76,-1.32
57.094,-0.96,-1.38,-0.76,-1.32,-0.76,-1.32
57.109,-0.95,-1.29,-0.76,-1.32,-0.76,-1.32
57.123,-0.94,-1.28,-0.76,-1.32,-0.76,-1.32
57.138,-0.97,-1.31,-0.75,-1.32,-0.76,-1.32
57.152,-0.98,-1.36,-0.75,-1.32,-0.76,-1.32
57.167,-0.96,-1.38,-0.76,-1.32,-0.76,-1.32
57.181,-0.94,-1.3,-0.76,-1.32,-0.76,-1.32
57.196,-0.94,-1.29,-0.76,-1.32,-0.76,-1.32
57.21,-0.96,-1.29,-0.76,-1.32,-0.76,-1.32
57.225,-0.97,-1.32,-0.76,-1.32,-0.76,-1.32
57.239,-0.98,-1.36,-0.76,-1.32,-0.76,-1.32
57.253,-0.94,-1.37,-0.76,-1.32,-0.76,-1.32
57.268,-0.93,-1.34,-0.76,-1.32,-0.76,-1.32
57.283,-0.94,-1.31,-0.76,-1.32,-0.76,-1.32
57.297,-0.92,-1.33,-0.76,-1.32,-0.76,-1.32
57.312,-0.9,-1.36,-0.76,-1.32,-0.76,-1.32
57.326,-0.96,-1.36,-0.76,-1.32,-0.76,-1.32
57.34,-0.92,-1.36,-0.76,-1.32,-0.76,-1.32
57.355,-0.88,-1.31,-0.76,-1.32,-0.76,-1.32
57.369,-0.94,-1.31,-0.76,-1.32,-0.76,-1.32
57.384,-0.94,-1.33,-0.76,-1.32,-0.76,-1.32
57.398,-0.92,-1.36,-0.76,-1.32,-0.76,-1.32
57.413,-1.0,-1.4,-0.76,-1.32,-0.76,-1.32
57.427,-1.02,-1.46,-0.76,-1.32,-0.77,-1.32
57.442,-1.0,-1.38,-0.76,-1.32,-0.77,-1.32
57.456,-0.98,-1.36,-0.77,-1.32,-0.77,-1.32
57.471,-0.95,-1.34,-0.77,-1.32,-0.77,-1.32
57.486,-0.94,-1.34,-0.77,-1.32,-0.77,-1.32
57.5,-0.92,-1.34,-0.76,-1.32,-0.77,-1.32
57.515,-0.89,-1.35,-0.76,-1.32,-0.76,-1.32
57.529,-0.94,-1.36,-0.76,-1.32,-0.76,-1.32
57.544,-0.96,-1.38,-0.76,-1.32,-0.77,-1.32
57.559,-0.93,-1.36,-0.76,-1.32,-0.77,-1.32
57.574,-0.94,-1.32,-0.76,-1.32,-0.77,-1.32
57.588,-1.04,-1.27,-0.76,-1.32,-0.77,-1.32
57.603,-1.02,-1.26,-0.76,-1.32,-0.77,-1.32
57.617,-0.96,-1.32,-0.76,-1.32,-0.77,-1.32
57.632,-0.95,-1.33,-0.77,-1.32,-0.77,-1.32
57.646,-0.99,-1.33,-0.77,-1.32,-0.77,-1.32
57.661,-0.98,-1.32,-0.77,-1.32,-0.77,-1.32
57.675,-0.96,-1.29,-0.77,-1.32,-0.77,-1.32
57.689,-0.96,-1.32,-0.77,-1.32,-0.77,-1.32
57.704,-0.95,-1.33,-0.77,-1.32,-0.77,-1.32
57.718,-0.91,-1.29,-0.77,-1.32,-0.77,-1.32
57.733,-0.91,-1.29,-0.77,-1.32,-0.77,-1.32
57.747,-0.96,-1.34,-0.77,-1.32,-0.77,-1.32
57.762,-0.96,-1.37,-0.77,-1.32,-0.77,-1.32
57.777,-0.98,-1.32,-0.77,-1.32,-0.77,-1.32
57.791,-1.02,-1.29,-0.77,-1.32,-0.77,-1.32
57.806,-0.95,-1.32,-0.77,-1.32,-0.77,-1.32
57.82,-0.9,-1.39,-0.77,-1.32,-0.77,-1.32
57.835,-0.96,-1.27,-0.77,-1.32,-0.77,-1.32
57.849,-0.97,-1.28,-0.77,-1.32,-0.77,-1.32
57.864,-0.95,-1.31,-0.77,-1.32,-0.77,-1.32
57.878,-0.93,-1.31,-0.77,-1.32,-0.77,-1.32
57.893,-0.89,-1.3,-0.77,-1.32,-0.77,-1.32
57.907,-0.88,-1.34,-0.77,-1.32,-0.77,-1.32
57.922,-0.9,-1.34,-0.77,-1.32,-0.77,-1.32
57.936,-0.91,-1.34,-0.77,-1.32,-0.77,-1.32
57.95,-0.89,-1.37,-0.77,-1.32,-0.77,-1.32
57.965,-0.98,-1.35,-0.77,-1.32,-0.77,-1.32
57.979,-0.95,-1.4,-0.77,-1.32,-0.77,-1.32
57.996,-0.87,-1.39,-0.77,-1.32,-0.77,-1.32
58.011,-0.88,-1.43,-0.77,-1.32,-0.77,-1.32
58.025,-0.98,-1.39,-0.77,-1.32,-0.77,-1.32
58.04,-0.99,-1.35,-0.77,-1.32,-0.77,-1.32
58.054,-0.99,-1.36,-0.77,-1.32,-0.77,-1.32
58.069,-0.99,-1.35,-0.77,-1.32,-0.77,-1.32
58.083,-0.99,-1.32,-0.76,-1.32,-0.77,-1.32
58.098,-0.99,-1.33,-0.76,-1.32,-0.77,-1.32
58.112,-0.98,-1.36,-0.76,-1.32,-0.77,-1.32
58.127,-0.94,-1.37,-0.76,-1.32,-0.77,-1.32
58.142,-0.92,-1.3,-0.76,-1.32,-0.77,-1.32
58.157,-0.91,-1.31,-0.76,-1.32,-0.77,-1.32
58.171,-0.89,-1.35,-0.76,-1.32,-0.76,-1.32
58.186,-0.91,-1.36,-0.76,-1.32,-0.76,-1.32
58.2,-0.98,-1.37,-0.76,-1.32,-0.76,-1.32
58.215,-1.01,-1.37,-0.76,-1.32,-0.76,-1.32
58.229,-1.02,-1.38,-0.76,-1.32,-0.76,-1.32
58.244,-0.98,-1.35,-0.76,-1.32,-0.76,-1.32
58.258,-0.95,-1.31,-0.76,-1.32,-0.76,-1.32
58.272,-0.99,-1.3,-0.76,-1.32,-0.76,-1.32
58.287,-0.96,-1.3,-0.76,-1.32,-0.76,-1.32
58.301,-0.98,-1.29,-0.76,-1.32,-0.76,-1.32
58.315,-0.94,-1.32,-0.76,-1.32,-0.76,-1.32
58.33,-0.83,-1.38,-0.76,-1.32,-0.76,-1.32
58.344,-0.85,-1.36,-0.76,-1.32,-0.76,-1.32
58.359,-0.94,-1.33,-0.76,-1.32,-0.76,-1.32
58.373,-0.98,-1.31,-0.76,-1.32,-0.76,-1.32
58.387,-0.98,-1.35,-0.76,-1.32,-0.76,-1.32
58.402,-0.94,-1.37,-0.76,-1.32,-0.76,-1.32
58.416,-0.94,-1.33,-0.76,-1.32,-0.76,-1.32
58.431,-0.98,-1.31,-0.76,-1.32,-0.76,-1.32
58.446,-0.96,-1.31,-0.76,-1.31,-0.76,-1.31
58.46,-0.94,-1.36,-0.76,-1.31,-0.76,-1.31
58.475,-0.93,-1.34,-0.76,-1.31,-0.76,-1.31
58.489,-0.99,-1.35,-0.76,-1.31,-0.76,-1.31
58.503,-0.93,-1.35,-0.76,-1.31,-0.76,-1.31
58.518,-0.93,-1.32,-0.76,-1.31,-0.76,-1.31
58.533,-0.93,-1.33,-0.76,-1.31,-0.76,-1.31
58.547,-0.92,-1.27,-0.76,-1.31,-0.76,-1.31
58.562,-0.99,-1.29,-0.75,-1.31,-0.76,-1.31
58.576,-0.96,-1.32,-0.75,-1.31,-0.76,-1.31
58.591,-0.92,-1.29,-0.76,-1.31,-0.76,-1.31
58.605,-1.02,-1.3,-0.76,-1.31,-0.76,-1.31
58.62,-1.03,-1.33,-0.76,-1.31,-0.76,-1.31
58.634,-1.0,-1.34,-0.76,-1.31,-0.76,-1.31
58.651,-0.91,-1.37,-0.76,-1.31,-0.76,-1.31
58.665,-1.02,-1.31,-0.76,-1.31,-0.76,-1.31
58.68,-1.02,-1.33,-0.76,-1.31,-0.76,-1.31
58.694,-0.92,-1.33,-0.76,-1.31,-0.76,-1.31
58.709,-0.92,-1.34,-0.76,-1.31,-0.76,-1.31
58.723,-0.98,-1.31,-0.76,-1.31,-0.76,-1.31
58.738,-1.0,-1.28,-0.76,-1.31,-0.76,-1.31
58.752,-0.98,-1.31,-0.76,-1.31,-0.76,-1.31
58.766,-0.88,-1.32,-0.76,-1.31,-0.76,-1.31
58.781,-0.94,-1.32,-0.76,-1.31,-0.76,-1.31
58.795,-1.04,-1.31,-0.76,-1.31,-0.76,-1.31
58.81,-1.02,-1.29,-0.76,-1.31,-0.76,-1.31
58.824,-0.89,-1.32,-0.76,-1.31,-0.76,-1.31
58.839,-0.89,-1.31,-0.76,-1.31,-0.76,-1.31
58.853,-1.0,-1.33,-0.76,-1.31,-0.76,-1.31
58.868,-0.98,-1.31,-0.76,-1.31,-0.76,-1.31
58.883,-1.02,-1.3,-0.76,-1.31,-0.76,-1.31
58.897,-1.03,-1.36,-0.76,-1.31,-0.76,-1.31
58.911,-0.94,-1.34,-0.76,-1.31,-0.76,-1.31
58.926,-0.95,-1.33,-0.76,-1.31,-0.76,-1.31
58.941,-0.99,-1.34,-0.76,-1.31,-0.76,-1.31
58.955,-1.02,-1.35,-0.76,-1.31,-0.77,-1.31
58.97,-0.99,-1.32,-0.76,-1.31,-0.77,-1.31
58.984,-0.92,-1.34,-0.76,-1.31,-0.77,-1.31
58.999,-0.88,-1.34,-0.76,-1.31,-0.76,-1.31
59.013,-0.94,-1.35,-0.76,-1.31,-0.76,-1.31
59.027,-0.98,-1.34,-0.76,-1.31,-0.76,-1.31
59.042,-0.96,-1.33,-0.76,-1.31,-0.76,-1.31
59.056,-0.96,-1.33,-0.76,-1.31,-0.76,-1.31
59.07,-0.89,-1.35,-0.76,-1.31,-0.76,-1.31
59.085,-0.91,-1.36,-0.76,-1.31,-0.76,-1.31
59.099,-0.97,-1.37,-0.76,-1.31,-0.76,-1.31
59.114,-0.92,-1.34,-0.76,-1.31,-0.76,-1.31
59.128,-0.9,-1.34,-0.76,-1.31,-0.76,-1.31
59.143,-0.98,-1.31,-0.76,-1.31,-0.76,-1.31
59.157,-1.03,-1.32,-0.76,-1.31,-0.76,-1.31
59.172,-1.01,-1.31,-0.76,-1.31,-0.76,-1.31
59.186,-0.94,-1.3,-0.76,-1.31,-0.76,-1.31
59.201,-0.95,-1.36,-0.76,-1.31,-0.76,-1.31
59.215,-0.98,-1.33,-0.76,-1.31,-0.76,-1.31
59.23,-0.91,-1.27,-0.76,-1.31,-0.76,-1.31
59.244,-0.93,-1.3,-0.76,-1.31,-0.76,-1.31
59.259,-0.87,-1.34,-0.76,-1.31,-0.76,-1.31
59.273,-0.85,-1.31,-0.76,-1.31,-0.76,-1.31
59.288,-0.91,-1.33,-0.76,-1.31,-0.76,-1.31
59.302,-0.96,-1.35,-0.76,-1.31,-0.76,-1.31
59.317,-1.0,-1.36,-0.76,-1.31,-0.76,-1.31
59.331,-1.0,-1.36,-0.76,-1.31,-0.76,-1.31
59.345,-1.02,-1.34,-0.76,-1.31,-0.76,-1.31
59.36,-0.99,-1.33,-0.76,-1.31,-0.76,-1.31
59.375,-0.97,-1.31,-0.76,-1.31,-0.76,-1.31
59.389,-0.94,-1.33,-0.76,-1.31,-0.76,-1.31
59.403,-0.97,-1.35,-0.76,-1.31,-0.76,-1.31
59.418,-0.98,-1.37,-0.76,-1.31,-0.76,-1.31
59.432,-0.96,-1.31,-0.76,-1.31,-0.76,-1.31
59.446,-0.97,-1.3,-0.76,-1.31,-0.76,-1.31
59.461,-0.92,-1.35,-0.76,-1.3,-0.76,-1.31
59.475,-0.89,-1.4,-0.76,-1.3,-0.76,-1.31
59.489,-0.97,-1.38,-0.76,-1.31,-0.76,-1.31
59.504,-0.96,-1.38,-0.76,-1.31,-0.76,-1.31
59.518,-0.87,-1.36,-0.76,-1.31,-0.76,-1.31
59.533,-0.92,-1.34,-0.76,-1.31,-0.76,-1.31
59.547,-1.03,-1.3,-0.76,-1.31,-0.76,-1.31
59.562,-0.96,-1.31,-0.76,-1.31,-0.76,-1.31
59.576,-0.92,-1.34,-0.76,-1.31,-0.76,-1.31
59.59,-0.95,-1.3,-0.76,-1.31,-0.76,-1.31
59.605,-0.96,-1.26,-0.76,-1.31,-0.76,-1.31
59.62,-0.96,-1.28,-0.76,-1.31,-0.76,-1.31
59.634,-0.96,-1.33,-0.76,-1.31,-0.76,-1.31
59.649,-0.94,-1.35,-0.76,-1.31,-0.76,-1.31
59.663,-0.89,-1.36,-0.76,-1.31,-0.76,-1.31
59.678,-0.87,-1.35,-0.76,-1.31,-0.76,-1.31
59.693,-0.87,-1.31,-0.76,-1.31,-0.76,-1.31
59.707,-1.03,-1.36,-0.76,-1.31,-0.76,-1.31
59.721,-1.02,-1.35,-0.76,-1.31,-0.76,-1.31
59.736,-0.97,-1.39,-0.76,-1.31,-0.76,-1.31
59.752,-0.94,-1.34,-0.76,-1.31,-0.76,-1.31
59.766,-0.99,-1.3,-0.76,-1.31,-0.76,-1.31
59.781,-1.03,-1.27,-0.76,-1.31,-0.76,-1.31
59.795,-0.96,-1.26,-0.76,-1.31,-0.76,-1.31
59.81,-0.92,-1.32,-0.76,-1.31,-0.76,-1.31
59.824,-1.01,-1.3,-0.76,-1.31,-0.76,-1.31
59.839,-0.92,-1.3,-0.76,-1.31,-0.76,-1.31
59.857,-0.93,-1.36,-0.76,-1.31,-0.76,-1.31
59.871,-0.92,-1.35,-0.76,-1.31,-0.76,-1.31
59.886,-0.95,-1.36,-0.76,-1.31,-0.76,-1.31
59.9,-0.9,-1.41,-0.75,-1.31,-0.76,-1.31
59.915,-0.92,-1.36,-0.75,-1.31,-0.76,-1.31
59.929,-0.9,-1.33,-0.75,-1.31,-0.75,-1.31
59.943,-0.87,-1.25,-0.75,-1.31,-0.75,-1.31
59.958,-0.96,-1.33,-0.75,-1.31,-0.75,-1.31
59.972,-1.0,-1.37,-0.75,-1.31,-0.76,-1.31
59.987,-0.95,-1.4,-0.75,-1.31,-0.76,-1.31
