Time (s),Accel Roll (deg),Accel Pitch (deg),Gyro Roll (deg),Gyro Pitch (deg),Filtered Roll (deg),Filtered Pitch (deg)
0.001,28.02,-1.74,28.26,-1.72,28.25,-1.72
0.005,28.02,-1.71,28.26,-1.72,28.25,-1.72
0.019,28.08,-1.74,28.25,-1.72,28.25,-1.72
0.033,28.09,-1.78,28.25,-1.72,28.25,-1.72
0.047,28.04,-1.82,28.26,-1.72,28.25,-1.73
0.062,28.01,-1.8,28.26,-1.73,28.25,-1.73
0.076,28.08,-1.69,28.26,-1.73,28.25,-1.73
0.09,28.12,-1.68,28.26,-1.73,28.25,-1.72
0.104,28.1,-1.72,28.26,-1.72,28.25,-1.72
0.119,27.99,-1.73,28.26,-1.72,28.25,-1.72
0.133,27.99,-1.7,28.25,-1.72,28.25,-1.72
0.147,28.03,-1.71,28.25,-1.72,28.25,-1.72
0.162,28.04,-1.77,28.25,-1.72,28.25,-1.72
0.176,28.1,-1.78,28.25,-1.72,28.25,-1.72
0.19,28.07,-1.72,28.25,-1.72,28.25,-1.72
0.204,28.07,-1.71,28.25,-1.72,28.25,-1.72
0.219,28.09,-1.76,28.25,-1.72,28.25,-1.72
0.233,28.09,-1.78,28.25,-1.72,28.25,-1.73
0.247,28.05,-1.7,28.25,-1.73,28.25,-1.73
0.261,28.11,-1.67,28.25,-1.73,28.25,-1.73
0.276,28.09,-1.68,28.25,-1.73,28.25,-1.72
0.29,28.09,-1.71,28.25,-1.72,28.25,-1.72
0.304,28.03,-1.77,28.25,-1.72,28.25,-1.72
0.319,27.99,-1.77,28.25,-1.72,28.25,-1.72
0.333,28.08,-1.73,28.25,-1.72,28.25,-1.72
0.347,28.04,-1.69,28.25,-1.72,28.25,-1.72
0.361,28.0,-1.68,28.25,-1.72,28.25,-1.72
0.376,28.02,-1.74,28.25,-1.72,28.25,-1.72
0.39,28.04,-1.74,28.25,-1.72,28.25,-1.72
0.404,28.05,-1.71,28.25,-1.72,28.25,-1.72
0.419,28.08,-1.76,28.25,-1.72,28.25,-1.72
0.433,28.1,-1.75,28.25,-1.72,28.25,-1.72
0.447,28.08,-1.72,28.25,-1.72,28.25,-1.72
0.461,28.09,-1.76,28.25,-1.72,28.25,-1.72
0.476,28.08,-1.76,28.25,-1.72,28.25,-1.72
0.49,28.08,-1.76,28.25,-1.72,28.25,-1.72
0.504,28.08,-1.78,28.25,-1.72,28.25,-1.72
0.518,28.05,-1.77,28.25,-1.72,28.25,-1.72
0.532,28.03,-1.76,28.25,-1.72,28.25,-1.72
0.546,28.03,-1.78,28.25,-1.72,28.25,-1.72
0.561,28.05,-1.75,28.25,-1.72,28.25,-1.72
0.575,28.04,-1.78,28.25,-1.72,28.25,-1.72
0.59,28.07,-1.74,28.25,-1.72,28.25,-1.72
0.604,28.06,-1.69,28.25,-1.72,28.25,-1.72
0.621,28.03,-1.75,28.25,-1.72,28.25,-1.72
0.635,28.05,-1.78,28.25,-1.72,28.25,-1.72
0.649,28.09,-1.8,28.25,-1.72,28.25,-1.72
0.664,28.08,-1.8,28.25,-1.72,28.25,-1.73
0.678,28.04,-1.92,28.26,-1.73,28.25,-1.73
0.693,28.3,-1.55,28.26,-1.73,28.26,-1.73
0.707,28.27,-1.55,28.26,-1.72,28.26,-1.72
0.721,27.95,-1.78,28.26,-1.72,28.26,-1.72
0.735,27.95,-1.76,28.26,-1.72,28.25,-1.72
0.749,28.2,-1.73,28.26,-1.72,28.26,-1.72
0.764,28.2,-1.74,28.26,-1.72,28.26,-1.72
0.778,27.99,-1.78,28.26,-1.72,28.26,-1.72
0.792,27.97,-1.78,28.26,-1.72,28.26,-1.72
0.807,28.05,-1.74,28.26,-1.72,28.26,-1.72
0.821,28.17,-1.74,28.26,-1.72,28.26,-1.72
0.835,28.11,-1.73,28.26,-1.72,28.26,-1.72
0.849,28.07,-1.75,28.26,-1.72,28.26,-1.72
0.864,28.09,-1.76,28.26,-1.72,28.26,-1.73
0.878,28.08,-1.71,28.26,-1.72,28.26,-1.72
0.895,28.03,-1.75,28.26,-1.72,28.26,-1.72
0.91,28.06,-1.81,28.26,-1.72,28.26,-1.73
0.924,28.02,-1.74,28.26,-1.73,28.26,-1.73
0.938,28.1,-1.73,28.26,-1.73,28.26,-1.73
0.952,28.13,-1.76,28.26,-1.73,28.26,-1.73
0.967,28.04,-1.7,28.26,-1.73,28.26,-1.73
0.981,28.05,-1.72,28.26,-1.73,28.26,-1.73
0.996,28.06,-1.79,28.26,-1.72,28.26,-1.73
1.01,28.06,-1.8,28.26,-1.73,28.26,-1.73
1.024,28.09,-1.75,28.26,-1.73,28.26,-1.73
1.038,28.06,-1.69,28.26,-1.73,28.26,-1.73
1.053,28.06,-1.68,28.26,-1.73,28.26,-1.73
1.067,28.06,-1.73,28.26,-1.72,28.26,-1.72
1.081,28.09,-1.73,28.26,-1.72,28.26,-1.72
1.095,28.08,-1.74,28.26,-1.72,28.26,-1.72
1.109,28.11,-1.71,28.26,-1.72,28.26,-1.72
1.123,28.1,-1.66,28.26,-1.72,28.26,-1.72
1.137,28.02,-1.73,28.26,-1.72,28.26,-1.72
1.152,28.03,-1.72,28.26,-1.72,28.26,-1.72
1.166,28.13,-1.72,28.26,-1.72,28.26,-1.72
1.18,28.12,-1.72,28.26,-1.72,28.26,-1.72
1.194,28.06,-1.7,28.26,-1.72,28.26,-1.72
1.208,28.08,-1.7,28.26,-1.72,28.26,-1.72
1.223,28.1,-1.72,28.26,-1.72,28.26,-1.72
1.237,28.1,-1.69,28.26,-1.72,28.26,-1.72
1.251,28.05,-1.7,28.26,-1.72,28.26,-1.72
1.265,28.07,-1.81,28.26,-1.72,28.26,-1.72
1.28,28.1,-1.79,28.26,-1.72,28.26,-1.72
1.294,28.13,-1.65,28.26,-1.72,28.26,-1.72
1.308,28.13,-1.69,28.26,-1.72,28.26,-1.72
1.322,28.08,-1.77,28.26,-1.72,28.26,-1.72
1.337,28.08,-1.81,28.27,-1.72,28.26,-1.72
1.351,28.07,-1.81,28.26,-1.72,28.26,-1.72
1.365,28.07,-1.74,28.26,-1.72,28.26,-1.72
1.379,28.11,-1.72,28.26,-1.72,28.26,-1.72
1.394,28.05,-1.66,28.27,-1.72,28.26,-1.72
1.408,28.0,-1.69,28.27,-1.72,28.26,-1.72
1.423,28.02,-1.73,28.26,-1.72,28.26,-1.72
1.437,28.12,-1.74,28.26,-1.72,28.26,-1.72
1.451,28.15,-1.74,28.26,-1.72,28.26,-1.72
1.465,28.13,-1.72,28.27,-1.72,28.26,-1.72
1.48,28.08,-1.71,28.27,-1.72,28.26,-1.72
1.494,28.05,-1.74,28.27,-1.72,28.26,-1.72
1.508,28.09,-1.77,28.27,-1.72,28.26,-1.72
1.522,28.08,-1.76,28.27,-1.72,28.27,-1.72
1.537,28.05,-1.75,28.27,-1.72,28.26,-1.72
1.551,28.06,-1.69,28.27,-1.72,28.26,-1.72
1.565,28.07,-1.72,28.27,-1.72,28.26,-1.72
1.579,28.01,-1.76,28.26,-1.72,28.26,-1.72
1.593,27.97,-1.76,28.26,-1.72,28.26,-1.72
1.607,28.03,-1.74,28.26,-1.72,28.26,-1.72
1.621,28.06,-1.74,28.26,-1.72,28.26,-1.72
1.636,28.04,-1.73,28.26,-1.72,28.26,-1.72
1.65,28.05,-1.69,28.26,-1.72,28.26,-1.72
1.665,28.04,-1.69,28.26,-1.72,28.26,-1.72
1.679,28.05,-1.77,28.26,-1.72,28.26,-1.72
1.693,28.11,-1.77,28.26,-1.72,28.26,-1.72
1.707,28.11,-1.72,28.26,-1.72,28.26,-1.72
1.722,28.1,-1.72,28.26,-1.72,28.26,-1.72
1.736,28.08,-1.73,28.26,-1.72,28.26,-1.72
1.75,28.07,-1.73,28.26,-1.72,28.26,-1.72
1.764,28.07,-1.76,28.26,-1.72,28.26,-1.72
1.779,28.12,-1.76,28.26,-1.72,28.26,-1.72
1.793,28.12,-1.79,28.26,-1.72,28.26,-1.72
1.807,28.09,-1.72,28.26,-1.72,28.26,-1.72
1.821,28.13,-1.69,28.26,-1.72,28.26,-1.72
1.835,28.11,-1.67,28.26,-1.72,28.26,-1.72
1.85,28.02,-1.73,28.26,-1.72,28.26,-1.72
1.864,28.0,-1.76,28.26,-1.72,28.26,-1.72
1.878,28.13,-1.79,28.26,-1.72,28.26,-1.72
1.892,28.13,-1.73,28.26,-1.72,28.26,-1.72
1.907,28.03,-1.72,28.26,-1.72,28.26,-1.72
1.921,28.06,-1.74,28.26,-1.72,28.26,-1.72
1.936,28.06,-1.74,28.26,-1.72,28.26,-1.72
1.95,28.0,-1.76,28.26,-1.72,28.26,-1.72
1.964,27.98,-1.73,28.26,-1.72,28.26,-1.72
1.978,28.07,-1.75,28.26,-1.72,28.26,-1.72
1.993,28.11,-1.75,28.26,-1.72,28.26,-1.72
2.007,28.11,-1.78,28.26,-1.72,28.26,-1.72
2.021,28.06,-1.77,28.26,-1.72,28.26,-1.72
2.036,28.0,-1.66,28.26,-1.72,28.26,-1.72
2.05,28.03,-1.67,28.26,-1.72,28.26,-1.72
2.064,28.05,-1.71,28.26,-1.72,28.26,-1.72
2.078,28.09,-1.77,28.26,-1.72,28.26,-1.72
2.092,28.09,-1.76,28.26,-1.72,28.26,-1.72
2.106,28.06,-1.74,28.26,-1.72,28.26,-1.72
2.121,28.05,-1.76,28.26,-1.72,28.26,-1.72
2.136,28.07,-1.72,28.26,-1.72,28.26,-1.72
2.15,28.11,-1.7,28.26,-1.72,28.26,-1.72
2.164,28.13,-1.74,28.26,-1.72,28.26,-1.72
2.178,28.11,-1.74,28.26,-1.72,28.26,-1.72
2.192,28.09,-1.75,28.26,-1.72,28.26,-1.72
2.207,28.03,-1.74,28.26,-1.72,28.26,-1.72
2.221,27.99,-1.73,28.26,-1.72,28.26,-1.72
2.242,28.01,-1.74,28.26,-1.72,28.26,-1.72
2.256,28.04,-1.75,28.26,-1.72,28.25,-1.72
2.271,28.06,-1.76,28.26,-1.72,28.25,-1.72
2.285,28.07,-1.74,28.25,-1.72,28.25,-1.72
2.299,28.09,-1.71,28.26,-1.72,28.25,-1.72
2.313,28.04,-1.74,28.26,-1.72,28.25,-1.72
2.327,28.05,-1.72,28.26,-1.72,28.25,-1.72
2.342,28.08,-1.75,28.25,-1.72,28.25,-1.72
2.356,28.11,-1.77,28.25,-1.72,28.25,-1.72
2.37,28.07,-1.78,28.26,-1.72,28.25,-1.72
2.385,28.06,-1.73,28.25,-1.72,28.25,-1.72
2.399,28.07,-1.72,28.25,-1.72,28.25,-1.72
2.413,28.07,-1.77,28.26,-1.72,28.25,-1.72
2.427,28.04,-1.78,28.26,-1.72,28.25,-1.73
2.442,28.07,-1.72,28.26,-1.73,28.25,-1.73
2.456,28.06,-1.73,28.26,-1.73,28.25,-1.73
2.47,28.09,-1.74,28.26,-1.73,28.26,-1.73
2.484,28.06,-1.76,28.26,-1.73,28.26,-1.73
2.498,28.05,-1.75,28.26,-1.73,28.26,-1.73
2.512,28.09,-1.7,28.26,-1.73,28.26,-1.73
2.527,28.1,-1.72,28.26,-1.73,28.26,-1.73
2.541,28.06,-1.74,28.26,-1.73,28.26,-1.73
2.555,28.06,-1.79,28.26,-1.73,28.26,-1.73
2.569,27.98,-1.8,28.26,-1.73,28.26,-1.73
2.583,28.0,-1.76,28.26,-1.73,28.26,-1.73
2.597,28.02,-1.72,28.26,-1.73,28.26,-1.73
2.612,28.02,-1.73,28.26,-1.73,28.26,-1.73
2.626,28.08,-1.7,28.26,-1.73,28.26,-1.73
2.641,28.05,-1.73,28.26,-1.73,28.26,-1.73
2.655,28.03,-1.75,28.26,-1.73,28.26,-1.73
2.669,28.03,-1.75,28.26,-1.73,28.26,-1.73
2.684,28.08,-1.77,28.26,-1.73,28.26,-1.73
2.698,28.1,-1.72,28.26,-1.73,28.26,-1.73
2.712,28.11,-1.71,28.27,-1.73,28.26,-1.73
2.726,28.05,-1.71,28.27,-1.73,28.26,-1.73
2.74,28.05,-1.66,28.27,-1.73,28.26,-1.73
2.755,28.05,-1.68,28.27,-1.73,28.26,-1.73
2.769,28.07,-1.76,28.27,-1.73,28.26,-1.73
2.784,28.06,-1.74,28.27,-1.73,28.26,-1.73
2.798,28.07,-1.71,28.27,-1.73,28.26,-1.73
2.813,28.04,-1.7,28.27,-1.73,28.26,-1.73
2.827,28.07,-1.68,28.27,-1.73,28.26,-1.73
2.841,28.12,-1.71,28.27,-1.73,28.27,-1.73
2.856,28.06,-1.7,28.27,-1.73,28.27,-1.73
2.87,27.98,-1.71,28.27,-1.73,28.27,-1.73
2.885,28.08,-1.75,28.27,-1.73,28.27,-1.73
2.899,28.1,-1.76,28.27,-1.73,28.27,-1.73
2.913,28.1,-1.76,28.27,-1.73,28.27,-1.73
2.927,28.04,-1.69,28.27,-1.73,28.27,-1.73
2.941,28.1,-1.71,28.27,-1.73,28.27,-1.73
2.956,28.09,-1.76,28.27,-1.73,28.27,-1.73
2.97,28.09,-1.74,28.27,-1.73,28.27,-1.73
2.984,28.12,-1.66,28.27,-1.73,28.27,-1.73
2.998,28.12,-1.65,28.27,-1.73,28.27,-1.73
3.012,28.09,-1.71,28.27,-1.72,28.27,-1.72
3.027,28.07,-1.74,28.27,-1.72,28.27,-1.72
3.041,28.07,-1.72,28.27,-1.72,28.27,-1.72
3.055,28.02,-1.7,28.27,-1.72,28.27,-1.72
3.07,27.99,-1.72,28.27,-1.72,28.27,-1.72
3.084,28.08,-1.71,28.27,-1.72,28.27,-1.72
3.098,28.1,-1.73,28.27,-1.72,28.27,-1.72
3.112,28.11,-1.77,28.27,-1.72,28.27,-1.72
3.127,28.05,-1.75,28.27,-1.72,28.27,-1.72
3.141,28.04,-1.72,28.27,-1.72,28.27,-1.72
3.155,28.03,-1.71,28.27,-1.72,28.27,-1.72
3.169,28.0,-1.71,28.27,-1.73,28.27,-1.73
3.184,28.07,-1.73,28.27,-1.73,28.27,-1.73
3.198,28.11,-1.74,28.27,-1.73,28.27,-1.73
3.215,28.1,-1.72,28.27,-1.73,28.27,-1.73
3.229,28.04,-1.67,28.27,-1.73,28.27,-1.73
3.243,28.05,-1.66,28.27,-1.73,28.27,-1.73
3.257,28.08,-1.74,28.27,-1.73,28.27,-1.73
3.272,28.07,-1.78,28.27,-1.73,28.27,-1.73
3.286,28.07,-1.73,28.27,-1.73,28.27,-1.73
3.3,28.05,-1.71,28.27,-1.73,28.27,-1.73
3.314,28.05,-1.71,28.27,-1.72,28.27,-1.72
3.328,28.03,-1.74,28.27,-1.72,28.27,-1.72
3.342,28.05,-1.73,28.27,-1.72,28.27,-1.72
3.356,28.07,-1.71,28.27,-1.72,28.27,-1.72
3.371,28.12,-1.74,28.27,-1.73,28.27,-1.73
3.385,28.14,-1.74,28.27,-1.73,28.27,-1.73
3.399,28.04,-1.74,28.27,-1.73,28.27,-1.73
3.413,28.04,-1.75,28.27,-1.72,28.27,-1.73
3.427,28.08,-1.78,28.27,-1.73,28.27,-1.73
3.442,28.1,-1.67,28.27,-1.73,28.27,-1.73
3.456,28.09,-1.66,28.27,-1.73,28.27,-1.72
3.47,28.06,-1.79,28.27,-1.72,28.27,-1.73
3.484,28.06,-1.83,28.27,-1.73,28.27,-1.73
3.499,28.04,-1.7,28.27,-1.73,28.27,-1.73
3.513,28.05,-1.73,28.27,-1.73,28.27,-1.73
3.528,28.08,-1.79,28.27,-1.73,28.27,-1.73
3.542,28.07,-1.78,28.27,-1.73,28.27,-1.73
3.556,28.07,-1.76,28.27,-1.73,28.27,-1.73
3.571,28.08,-1.71,28.27,-1.73,28.27,-1.73
3.585,28.07,-1.75,28.27,-1.73,28.27,-1.73
3.599,28.1,-1.75,28.27,-1.73,28.27,-1.73
3.613,28.11,-1.74,28.27,-1.73,28.27,-1.73
3.628,28.08,-1.72,28.27,-1.73,28.27,-1.73
3.642,28.07,-1.71,28.27,-1.73,28.27,-1.73
3.656,28.02,-1.75,28.27,-1.73,28.27,-1.73
3.67,28.01,-1.72,28.27,-1.73,28.27,-1.73
3.684,27.99,-1.66,28.27,-1.73,28.27,-1.73
3.699,28.04,-1.73,28.27,-1.73,28.27,-1.73
3.713,28.08,-1.74,28.27,-1.73,28.27,-1.73
3.727,28.1,-1.77,28.27,-1.73,28.26,-1.73
3.741,28.12,-1.79,28.27,-1.73,28.26,-1.73
3.756,28.06,-1.76,28.27,-1.73,28.27,-1.73
3.77,28.06,-1.73,28.27,-1.73,28.27,-1.73
3.785,28.1,-1.69,28.27,-1.73,28.27,-1.73
3.799,28.09,-1.76,28.27,-1.73,28.27,-1.73
3.813,28.03,-1.78,28.27,-1.73,28.26,-1.73
3.828,28.01,-1.72,28.27,-1.73,28.26,-1.73
3.842,28.04,-1.71,28.27,-1.73,28.26,-1.73
3.858,28.04,-1.71,28.27,-1.73,28.26,-1.73
3.876,28.1,-1.77,28.27,-1.73,28.27,-1.73
3.891,28.12,-1.75,28.27,-1.73,28.27,-1.73
3.905,28.04,-1.69,28.27,-1.73,28.27,-1.73
3.919,28.04,-1.68,28.27,-1.72,28.27,-1.72
3.934,28.05,-1.74,28.27,-1.72,28.27,-1.72
3.948,28.08,-1.76,28.27,-1.72,28.27,-1.72
3.962,28.11,-1.78,28.27,-1.72,28.27,-1.72
3.976,28.13,-1.75,28.27,-1.72,28.27,-1.72
3.992,28.1,-1.73,28.27,-1.72,28.27,-1.72
4.006,28.07,-1.7,28.27,-1.72,28.27,-1.72
4.021,28.04,-1.69,28.27,-1.72,28.27,-1.72
4.035,28.04,-1.73,28.27,-1.72,28.26,-1.72
4.049,28.11,-1.77,28.26,-1.72,28.26,-1.72
4.063,28.1,-1.78,28.26,-1.72,28.26,-1.72
4.078,28.1,-1.78,28.26,-1.72,28.26,-1.72
4.092,28.1,-1.84,28.26,-1.72,28.26,-1.72
4.106,28.09,-1.8,28.26,-1.72,28.26,-1.72
4.121,28.1,-1.78,28.26,-1.72,28.26,-1.72
4.135,28.09,-1.76,28.26,-1.72,28.26,-1.72
4.15,28.12,-1.7,28.26,-1.72,28.26,-1.72
4.165,28.12,-1.75,28.26,-1.72,28.26,-1.72
4.179,28.09,-1.81,28.26,-1.72,28.26,-1.72
4.193,28.06,-1.73,28.27,-1.72,28.26,-1.72
4.208,28.08,-1.74,28.26,-1.72,28.26,-1.72
4.222,28.14,-1.76,28.26,-1.72,28.26,-1.72
4.236,28.15,-1.76,28.27,-1.72,28.26,-1.72
4.25,28.09,-1.7,28.27,-1.72,28.26,-1.72
4.265,28.04,-1.71,28.27,-1.72,28.26,-1.72
4.279,28.01,-1.78,28.27,-1.72,28.26,-1.72
4.294,28.04,-1.79,28.26,-1.72,28.26,-1.72
4.307,28.07,-1.77,28.26,-1.72,28.26,-1.73
4.321,28.14,-1.77,28.26,-1.73,28.26,-1.73
4.336,28.15,-1.79,28.26,-1.73,28.26,-1.73
4.35,28.11,-1.67,28.27,-1.73,28.26,-1.73
4.364,28.12,-1.69,28.27,-1.73,28.27,-1.73
4.378,28.11,-1.74,28.27,-1.73,28.27,-1.73
4.392,28.18,-1.73,28.27,-1.72,28.27,-1.72
4.406,28.2,-1.75,28.27,-1.72,28.27,-1.72
4.42,28.09,-1.82,28.27,-1.72,28.27,-1.73
4.435,28.08,-1.78,28.27,-1.73,28.27,-1.73
4.449,28.1,-1.78,28.27,-1.73,28.27,-1.73
4.464,28.1,-1.76,28.27,-1.73,28.27,-1.73
4.478,28.14,-1.74,28.27,-1.73,28.27,-1.73
4.492,28.16,-1.74,28.27,-1.73,28.27,-1.73
4.506,28.14,-1.73,28.27,-1.73,28.27,-1.73
4.52,28.08,-1.71,28.27,-1.73,28.27,-1.73
4.535,28.05,-1.72,28.27,-1.73,28.27,-1.73
4.549,28.09,-1.78,28.27,-1.73,28.27,-1.73
4.563,28.11,-1.78,28.27,-1.73,28.27,-1.73
4.578,28.07,-1.79,28.27,-1.73,28.27,-1.73
4.592,28.04,-1.81,28.27,-1.73,28.27,-1.73
4.606,28.06,-1.74,28.27,-1.73,28.27,-1.73
4.621,28.08,-1.73,28.27,-1.73,28.27,-1.73
4.635,28.05,-1.72,28.27,-1.73,28.27,-1.73
4.649,28.08,-1.71,28.27,-1.73,28.27,-1.73
4.663,28.1,-1.73,28.27,-1.73,28.27,-1.73
4.677,28.13,-1.72,28.27,-1.73,28.27,-1.73
4.692,28.17,-1.73,28.27,-1.73,28.27,-1.73
4.706,28.11,-1.72,28.27,-1.73,28.27,-1.73
4.72,28.12,-1.75,28.28,-1.73,28.27,-1.73
4.734,28.08,-1.78,28.28,-1.73,28.28,-1.73
4.749,28.08,-1.75,28.28,-1.73,28.27,-1.73
4.764,28.07,-1.74,28.28,-1.73,28.28,-1.73
4.778,28.08,-1.69,28.28,-1.73,28.28,-1.73
4.792,28.07,-1.68,28.28,-1.73,28.28,-1.73
4.806,28.05,-1.83,28.28,-1.73,28.28,-1.73
4.82,28.08,-1.8,28.28,-1.73,28.28,-1.73
4.835,28.02,-1.7,28.28,-1.73,28.28,-1.73
4.849,28.01,-1.72,28.28,-1.73,28.27,-1.73
4.863,28.06,-1.78,28.28,-1.73,28.27,-1.73
4.877,28.1,-1.76,28.28,-1.73,28.27,-1.73
4.891,28.09,-1.76,28.28,-1.73,28.27,-1.73
4.906,28.05,-1.76,28.28,-1.73,28.27,-1.73
4.92,28.08,-1.76,28.27,-1.73,28.27,-1.73
4.934,28.09,-1.79,28.28,-1.73,28.27,-1.73
4.949,28.08,-1.77,28.28,-1.73,28.27,-1.73
4.963,28.06,-1.76,28.28,-1.73,28.27,-1.73
4.978,28.06,-1.75,28.28,-1.73,28.28,-1.73
4.991,28.11,-1.76,28.28,-1.73,28.28,-1.73
5.006,28.13,-1.76,28.28,-1.73,28.28,-1.73
5.02,28.07,-1.73,28.28,-1.73,28.28,-1.73
5.035,28.05,-1.73,28.28,-1.73,28.28,-1.73
5.049,28.06,-1.76,28.28,-1.73,28.28,-1.73
5.063,28.04,-1.8,28.28,-1.73,28.27,-1.73
5.078,28.07,-1.72,28.28,-1.73,28.27,-1.73
5.092,28.15,-1.74,28.28,-1.73,28.27,-1.73
5.107,28.16,-1.73,28.27,-1.73,28.27,-1.73
5.121,28.09,-1.71,28.28,-1.73,28.27,-1.73
5.135,28.05,-1.72,28.28,-1.73,28.27,-1.73
5.149,28.07,-1.73,28.28,-1.73,28.27,-1.73
5.164,28.07,-1.7,28.28,-1.73,28.27,-1.73
5.178,28.08,-1.7,28.27,-1.73,28.27,-1.73
5.192,28.07,-1.72,28.27,-1.73,28.27,-1.73
5.206,28.1,-1.74,28.27,-1.73,28.27,-1.73
5.22,28.09,-1.7,28.28,-1.73,28.27,-1.73
5.235,28.08,-1.66,28.28,-1.73,28.27,-1.73
5.249,28.07,-1.69,28.27,-1.73,28.27,-1.73
5.263,28.1,-1.76,28.27,-1.73,28.27,-1.73
5.278,28.09,-1.77,28.27,-1.73,28.27,-1.73
5.292,28.05,-1.77,28.28,-1.73,28.27,-1.73
5.306,28.04,-1.74,28.28,-1.73,28.27,-1.73
5.321,28.05,-1.72,28.27,-1.73,28.27,-1.73
5.335,28.08,-1.76,28.27,-1.73,28.27,-1.73
5.349,28.13,-1.73,28.27,-1.73,28.27,-1.73
5.363,28.08,-1.71,28.27,-1.73,28.27,-1.73
5.377,28.08,-1.73,28.27,-1.73,28.27,-1.73
5.392,28.07,-1.75,28.27,-1.73,28.27,-1.73
5.406,28.04,-1.79,28.27,-1.73,28.27,-1.73
5.42,28.07,-1.76,28.28,-1.73,28.27,-1.73
5.435,28.11,-1.74,28.28,-1.73,28.27,-1.73
5.449,28.09,-1.72,28.28,-1.73,28.27,-1.73
5.463,28.05,-1.77,28.28,-1.73,28.28,-1.73
5.478,28.04,-1.78,28.28,-1.73,28.28,-1.73
5.494,28.03,-1.75,28.28,-1.73,28.27,-1.73
5.508,28.1,-1.67,28.28,-1.73,28.27,-1.73
5.522,28.09,-1.66,28.28,-1.73,28.28,-1.73
5.536,28.1,-1.73,28.28,-1.73,28.28,-1.73
5.551,28.08,-1.76,28.28,-1.73,28.28,-1.73
5.565,28.09,-1.73,28.28,-1.73,28.28,-1.73
5.58,28.04,-1.71,28.28,-1.73,28.27,-1.73
5.594,28.04,-1.65,28.28,-1.73,28.27,-1.73
5.608,28.1,-1.69,28.28,-1.73,28.27,-1.73
5.622,28.14,-1.76,28.28,-1.73,28.27,-1.73
5.637,28.08,-1.73,28.28,-1.73,28.27,-1.73
5.651,28.05,-1.75,28.28,-1.73,28.27,-1.73
5.665,28.01,-1.75,28.28,-1.73,28.27,-1.73
5.679,28.03,-1.73,28.28,-1.73,28.27,-1.73
5.693,28.01,-1.74,28.28,-1.73,28.27,-1.73
5.707,28.03,-1.75,28.27,-1.73,28.27,-1.74
5.722,28.06,-1.74,28.27,-1.74,28.27,-1.74
5.737,28.1,-1.72,28.27,-1.73,28.27,-1.73
5.751,28.06,-1.74,28.27,-1.73,28.27,-1.73
5.765,28.07,-1.76,28.27,-1.73,28.27,-1.73
5.779,28.11,-1.75,28.27,-1.73,28.27,-1.73
5.794,28.09,-1.79,28.27,-1.73,28.27,-1.74
5.808,28.12,-1.8,28.27,-1.74,28.27,-1.74
5.822,28.11,-1.76,28.27,-1.74,28.27,-1.74
5.836,28.08,-1.77,28.27,-1.74,28.27,-1.74
5.851,28.06,-1.75,28.27,-1.74,28.27,-1.74
5.865,28.04,-1.69,28.27,-1.74,28.27,-1.74
5.879,28.05,-1.7,28.27,-1.74,28.27,-1.74
5.893,28.11,-1.72,28.27,-1.74,28.27,-1.74
5.907,28.15,-1.74,28.27,-1.74,28.27,-1.74
5.921,28.12,-1.72,28.27,-1.74,28.27,-1.74
5.936,28.11,-1.72,28.27,-1.74,28.27,-1.74
5.95,28.11,-1.67,28.27,-1.74,28.27,-1.74
5.965,28.11,-1.67,28.27,-1.74,28.27,-1.74
5.979,28.11,-1.7,28.27,-1.74,28.27,-1.74
5.993,28.13,-1.8,28.27,-1.74,28.27,-1.74
6.007,28.1,-1.81,28.27,-1.74,28.27,-1.74
6.022,27.99,-1.7,28.28,-1.74,28.27,-1.74
6.036,28.03,-1.69,28.27,-1.74,28.27,-1.74
6.05,28.06,-1.71,28.27,-1.74,28.27,-1.74
6.064,28.04,-1.71,28.27,-1.74,28.27,-1.74
6.078,28.14,-1.79,28.27,-1.74,28.27,-1.74
6.093,28.14,-1.79,28.27,-1.74,28.27,-1.74
6.107,28.09,-1.74,28.28,-1.74,28.27,-1.74
6.121,28.07,-1.7,28.28,-1.74,28.27,-1.74
6.136,28.14,-1.76,28.28,-1.74,28.28,-1.74
6.15,28.18,-1.79,28.28,-1.74,28.28,-1.74
6.164,28.11,-1.74,28.28,-1.74,28.28,-1.74
6.179,28.07,-1.76,28.28,-1.74,28.28,-1.74
6.193,28.05,-1.77,28.28,-1.74,28.28,-1.74
6.207,28.03,-1.71,28.28,-1.73,28.28,-1.73
6.221,28.06,-1.72,28.28,-1.73,28.28,-1.73
6.236,28.1,-1.73,28.28,-1.74,28.28,-1.74
6.25,28.07,-1.78,28.28,-1.74,28.28,-1.74
6.264,28.05,-1.77,28.28,-1.74,28.28,-1.74
6.279,28.13,-1.74,28.28,-1.74,28.28,-1.74
6.292,28.13,-1.75,28.28,-1.74,28.28,-1.74
6.307,28.09,-1.7,28.28,-1.74,28.28,-1.74
6.321,28.1,-1.69,28.28,-1.74,28.28,-1.74
6.336,28.12,-1.78,28.28,-1.74,28.28,-1.74
6.35,28.12,-1.77,28.28,-1.74,28.28,-1.74
6.364,28.11,-1.73,28.28,-1.74,28.28,-1.74
6.378,28.08,-1.72,28.28,-1.74,28.28,-1.74
6.392,28.04,-1.72,28.28,-1.74,28.28,-1.74
6.407,28.02,-1.78,28.28,-1.74,28.28,-1.74
6.421,28.05,-1.8,28.28,-1.74,28.28,-1.74
6.435,28.04,-1.74,28.28,-1.74,28.28,-1.74
6.449,28.04,-1.76,28.28,-1.74,28.28,-1.74
6.463,28.03,-1.74,28.28,-1.74,28.27,-1.74
6.477,28.07,-1.74,28.28,-1.74,28.27,-1.74
6.492,28.12,-1.78,28.28,-1.74,28.27,-1.74
6.506,28.13,-1.73,28.28,-1.74,28.27,-1.74
6.52,28.13,-1.69,28.28,-1.74,28.27,-1.74
6.534,28.06,-1.72,28.28,-1.74,28.28,-1.74
6.549,28.03,-1.74,28.28,-1.74,28.27,-1.74
6.563,28.06,-1.73,28.28,-1.74,28.27,-1.74
6.577,28.08,-1.71,28.28,-1.74,28.27,-1.74
6.591,28.07,-1.69,28.28,-1.74,28.28,-1.74
6.605,28.06,-1.67,28.28,-1.74,28.28,-1.74
6.619,28.02,-1.71,28.28,-1.74,28.28,-1.74
6.634,28.01,-1.76,28.28,-1.74,28.28,-1.74
6.648,28.06,-1.75,28.28,-1.74,28.28,-1.74
6.662,28.14,-1.81,28.28,-1.74,28.28,-1.74
6.676,28.12,-1.8,28.28,-1.74,28.28,-1.74
6.691,28.09,-1.73,28.28,-1.74,28.28,-1.74
6.705,28.02,-1.73,28.28,-1.74,28.28,-1.74
6.719,28.01,-1.78,28.28,-1.74,28.28,-1.74
6.733,28.03,-1.83,28.28,-1.74,28.28,-1.74
6.747,28.08,-1.83,28.28,-1.74,28.28,-1.74
6.761,28.11,-1.73,28.28,-1.74,28.28,-1.74
6.776,28.1,-1.69,28.28,-1.74,28.28,-1.74
6.79,28.11,-1.71,28.28,-1.74,28.28,-1.74
6.804,28.08,-1.79,28.28,-1.74,28.28,-1.74
6.818,28.08,-1.79,28.28,-1.74,28.28,-1.74
6.832,28.11,-1.79,28.28,-1.74,28.28,-1.74
6.846,28.12,-1.74,28.28,-1.74,28.28,-1.74
6.861,28.11,-1.76,28.28,-1.74,28.28,-1.74
6.875,28.07,-1.76,28.28,-1.74,28.28,-1.74
6.889,28.09,-1.76,28.28,-1.74,28.28,-1.74
6.903,28.11,-1.74,28.28,-1.75,28.28,-1.75
6.917,28.14,-1.72,28.28,-1.75,28.28,-1.75
6.932,28.1,-1.74,28.28,-1.75,28.28,-1.75
6.946,28.09,-1.78,28.28,-1.75,28.28,-1.75
6.96,28.0,-1.73,28.28,-1.74,28.28,-1.74
6.974,28.0,-1.75,28.28,-1.74,28.28,-1.74
6.988,28.09,-1.8,28.28,-1.75,28.28,-1.75
7.003,28.1,-1.78,28.28,-1.75,28.28,-1.75
7.017,28.1,-1.73,28.28,-1.74,28.28,-1.74
7.031,28.07,-1.76,28.28,-1.74,28.28,-1.74
7.045,28.08,-1.79,28.28,-1.74,28.28,-1.74
7.06,28.07,-1.79,28.28,-1.74,28.28,-1.74
7.074,28.08,-1.74,28.28,-1.74,28.28,-1.74
7.088,28.11,-1.72,28.28,-1.74,28.28,-1.74
7.103,28.12,-1.7,28.28,-1.74,28.28,-1.74
7.12,28.07,-1.76,28.28,-1.74,28.28,-1.74
7.134,28.04,-1.75,28.28,-1.74,28.28,-1.74
7.149,28.04,-1.7,28.28,-1.74,28.28,-1.74
7.163,28.09,-1.67,28.28,-1.74,28.28,-1.74
7.177,28.11,-1.72,28.28,-1.74,28.28,-1.74
7.192,28.12,-1.76,28.28,-1.74,28.28,-1.74
7.206,28.12,-1.75,28.28,-1.74,28.28,-1.74
7.22,28.07,-1.74,28.28,-1.74,28.28,-1.74
7.234,28.02,-1.74,28.28,-1.74,28.28,-1.74
7.248,28.03,-1.79,28.28,-1.74,28.28,-1.74
7.262,28.07,-1.78,28.28,-1.74,28.28,-1.74
7.276,28.13,-1.7,28.28,-1.74,28.28,-1.74
7.291,28.12,-1.71,28.28,-1.74,28.28,-1.74
7.305,28.01,-1.76,28.28,-1.73,28.28,-1.74
7.32,27.97,-1.77,28.28,-1.74,28.28,-1.74
7.334,28.03,-1.79,28.28,-1.74,28.28,-1.74
7.348,28.08,-1.79,28.28,-1.74,28.28,-1.74
7.362,28.1,-1.79,28.28,-1.74,28.28,-1.74
7.377,28.1,-1.76,28.28,-1.74,28.28,-1.74
7.391,28.11,-1.74,28.28,-1.74,28.28,-1.74
7.405,28.06,-1.71,28.28,-1.74,28.28,-1.74
7.42,28.03,-1.69,28.28,-1.74,28.27,-1.73
7.434,28.11,-1.71,28.28,-1.73,28.27,-1.73
7.448,28.11,-1.71,28.28,-1.73,28.28,-1.73
7.462,28.07,-1.7,28.28,-1.73,28.28,-1.73
7.476,28.05,-1.76,28.28,-1.73,28.28,-1.73
7.491,28.07,-1.74,28.28,-1.73,28.27,-1.73
7.505,28.07,-1.72,28.27,-1.73,28.27,-1.73
7.519,28.09,-1.7,28.27,-1.73,28.27,-1.73
7.534,28.12,-1.73,28.27,-1.73,28.27,-1.73
7.548,28.12,-1.78,28.27,-1.73,28.27,-1.73
7.562,28.08,-1.76,28.27,-1.73,28.27,-1.73
7.576,28.1,-1.79,28.27,-1.73,28.27,-1.73
7.591,28.07,-1.8,28.27,-1.73,28.27,-1.73
7.605,28.08,-1.74,28.27,-1.73,28.27,-1.73
7.62,28.11,-1.73,28.27,-1.73,28.27,-1.73
7.634,28.1,-1.78,28.27,-1.73,28.27,-1.73
7.648,28.04,-1.8,28.27,-1.73,28.27,-1.73
7.663,28.06,-1.77,28.27,-1.73,28.27,-1.73
7.677,28.09,-1.71,28.27,-1.73,28.27,-1.73
7.691,28.14,-1.73,28.27,-1.73,28.27,-1.73
7.706,28.11,-1.74,28.27,-1.73,28.27,-1.73
7.72,28.08,-1.73,28.27,-1.73,28.27,-1.73
7.734,28.08,-1.77,28.27,-1.73,28.27,-1.73
7.748,28.06,-1.76,28.27,-1.74,28.27,-1.74
7.762,28.0,-1.72,28.27,-1.74,28.27,-1.74
7.776,28.03,-1.69,28.27,-1.73,28.27,-1.73
7.791,28.11,-1.76,28.27,-1.73,28.27,-1.73
7.805,28.12,-1.77,28.27,-1.73,28.27,-1.73
7.819,28.06,-1.71,28.27,-1.73,28.27,-1.73
7.833,28.06,-1.69,28.27,-1.73,28.27,-1.73
7.847,28.07,-1.7,28.27,-1.73,28.27,-1.73
7.861,28.07,-1.74,28.27,-1.73,28.27,-1.73
7.875,28.07,-1.75,28.27,-1.73,28.27,-1.73
7.89,28.07,-1.76,28.27,-1.73,28.27,-1.73
7.904,28.07,-1.73,28.27,-1.73,28.27,-1.73
7.918,28.08,-1.71,28.27,-1.73,28.27,-1.73
7.932,28.09,-1.77,28.27,-1.73,28.27,-1.73
7.946,28.08,-1.79,28.27,-1.73,28.27,-1.73
7.961,28.07,-1.76,28.27,-1.73,28.27,-1.73
7.975,28.03,-1.77,28.27,-1.73,28.27,-1.73
7.989,28.04,-1.77,28.27,-1.73,28.27,-1.73
8.003,28.08,-1.75,28.27,-1.73,28.27,-1.73
8.018,28.06,-1.71,28.27,-1.73,28.27,-1.73
8.032,28.04,-1.73,28.27,-1.73,28.27,-1.73
8.046,28.01,-1.75,28.27,-1.73,28.27,-1.73
8.06,28.03,-1.73,28.27,-1.73,28.27,-1.73
8.075,28.06,-1.73,28.27,-1.73,28.27,-1.73
8.089,28.1,-1.71,28.27,-1.73,28.27,-1.73
8.103,28.03,-1.69,28.27,-1.73,28.27,-1.73
8.117,28.0,-1.7,28.27,-1.73,28.27,-1.73
8.132,28.04,-1.72,28.27,-1.73,28.27,-1.73
8.146,28.09,-1.71,28.27,-1.73,28.27,-1.73
8.16,28.05,-1.69,28.27,-1.73,28.27,-1.73
8.175,28.05,-1.68,28.27,-1.73,28.27,-1.73
8.189,28.07,-1.72,28.27,-1.73,28.27,-1.73
8.203,28.06,-1.76,28.27,-1.73,28.27,-1.73
8.217,28.06,-1.76,28.27,-1.73,28.27,-1.73
8.231,28.05,-1.74,28.27,-1.73,28.27,-1.73
8.246,28.1,-1.71,28.27,-1.73,28.27,-1.73
8.26,28.13,-1.7,28.27,-1.73,28.27,-1.73
8.274,28.06,-1.69,28.27,-1.73,28.27,-1.73
8.288,28.03,-1.69,28.27,-1.73,28.27,-1.73
8.302,28.03,-1.72,28.27,-1.73,28.27,-1.73
8.316,28.1,-1.74,28.27,-1.73,28.27,-1.73
8.33,28.07,-1.72,28.27,-1.73,28.27,-1.73
8.345,28.09,-1.72,28.27,-1.73,28.27,-1.73
8.359,28.08,-1.72,28.27,-1.73,28.27,-1.73
8.373,28.01,-1.8,28.27,-1.73,28.27,-1.73
8.387,28.03,-1.79,28.27,-1.72,28.27,-1.73
8.401,28.05,-1.76,28.27,-1.73,28.27,-1.73
8.415,28.08,-1.74,28.27,-1.73,28.27,-1.73
8.43,28.08,-1.77,28.27,-1.73,28.27,-1.73
8.444,28.05,-1.85,28.27,-1.73,28.27,-1.73
8.458,28.05,-1.83,28.27,-1.73,28.27,-1.73
8.473,28.06,-1.77,28.27,-1.73,28.27,-1.73
8.487,28.06,-1.75,28.27,-1.73,28.27,-1.73
8.501,28.08,-1.74,28.27,-1.73,28.27,-1.73
8.515,28.16,-1.72,28.27,-1.73,28.27,-1.73
8.529,28.13,-1.73,28.27,-1.73,28.27,-1.73
8.543,28.04,-1.76,28.27,-1.73,28.27,-1.73
8.558,28.02,-1.78,28.27,-1.73,28.27,-1.73
8.572,28.03,-1.75,28.27,-1.73,28.26,-1.73
8.586,28.07,-1.71,28.27,-1.73,28.26,-1.73
8.6,28.08,-1.75,28.27,-1.73,28.26,-1.73
8.614,28.08,-1.78,28.27,-1.73,28.27,-1.73
8.629,28.04,-1.78,28.27,-1.73,28.26,-1.73
8.643,27.99,-1.71,28.27,-1.73,28.26,-1.73
8.657,28.04,-1.73,28.27,-1.73,28.26,-1.73
8.672,28.1,-1.76,28.26,-1.73,28.26,-1.73
8.686,28.12,-1.74,28.26,-1.73,28.26,-1.73
8.7,28.1,-1.73,28.26,-1.73,28.26,-1.73
8.714,28.11,-1.74,28.26,-1.73,28.26,-1.73
8.729,28.06,-1.71,28.26,-1.73,28.26,-1.73
8.746,28.02,-1.71,28.26,-1.73,28.26,-1.73
8.761,28.05,-1.73,28.27,-1.73,28.26,-1.73
8.775,28.08,-1.72,28.27,-1.73,28.26,-1.73
8.789,28.08,-1.78,28.27,-1.73,28.26,-1.73
8.803,28.08,-1.81,28.27,-1.73,28.26,-1.73
8.818,28.06,-1.81,28.27,-1.73,28.26,-1.73
8.833,28.05,-1.76,28.27,-1.73,28.26,-1.73
8.847,28.1,-1.7,28.27,-1.73,28.26,-1.73
8.861,28.11,-1.73,28.27,-1.73,28.26,-1.73
8.876,28.1,-1.78,28.27,-1.73,28.26,-1.73
8.89,28.1,-1.76,28.27,-1.73,28.26,-1.73
8.904,28.1,-1.74,28.27,-1.73,28.26,-1.73
8.919,28.05,-1.74,28.27,-1.73,28.26,-1.73
8.933,28.06,-1.74,28.27,-1.73,28.26,-1.73
8.947,28.15,-1.75,28.27,-1.73,28.26,-1.73
8.961,28.13,-1.77,28.27,-1.73,28.26,-1.73
8.976,28.06,-1.75,28.27,-1.73,28.26,-1.73
8.99,28.05,-1.73,28.27,-1.73,28.26,-1.73
9.004,28.08,-1.71,28.27,-1.73,28.26,-1.73
9.019,28.14,-1.74,28.27,-1.73,28.26,-1.73
9.033,28.12,-1.75,28.27,-1.73,28.27,-1.73
9.048,28.05,-1.8,28.27,-1.73,28.27,-1.73
9.062,28.06,-1.75,28.27,-1.73,28.27,-1.73
9.076,28.07,-1.74,28.27,-1.74,28.27,-1.74
9.091,28.04,-1.76,28.27,-1.74,28.27,-1.74
9.105,28.08,-1.75,28.27,-1.74,28.27,-1.74
9.119,28.13,-1.73,28.27,-1.74,28.27,-1.74
9.134,28.15,-1.7,28.27,-1.74,28.27,-1.74
9.148,28.1,-1.71,28.27,-1.74,28.27,-1.74
9.162,28.06,-1.72,28.27,-1.74,28.27,-1.74
9.177,28.09,-1.72,28.27,-1.74,28.27,-1.74
9.191,28.08,-1.73,28.27,-1.74,28.27,-1.74
9.206,28.07,-1.74,28.27,-1.74,28.27,-1.74
9.22,28.08,-1.77,28.27,-1.74,28.27,-1.74
9.234,28.08,-1.77,28.27,-1.74,28.27,-1.74
9.248,28.1,-1.78,28.27,-1.74,28.26,-1.74
9.263,28.07,-1.71,28.27,-1.74,28.26,-1.74
9.277,28.1,-1.7,28.27,-1.74,28.26,-1.74
9.291,28.11,-1.73,28.27,-1.74,28.26,-1.74
9.305,28.13,-1.81,28.27,-1.74,28.26,-1.74
9.319,28.13,-1.8,28.27,-1.74,28.27,-1.74
9.333,28.04,-1.77,28.27,-1.74,28.27,-1.74
9.348,27.98,-1.75,28.27,-1.74,28.27,-1.74
9.362,28.09,-1.68,28.27,-1.74,28.27,-1.74
9.376,28.09,-1.69,28.27,-1.74,28.27,-1.74
9.39,28.08,-1.71,28.27,-1.74,28.27,-1.74
9.404,28.1,-1.74,28.27,-1.74,28.27,-1.74
9.419,28.09,-1.72,28.27,-1.74,28.27,-1.74
9.434,28.05,-1.78,28.27,-1.74,28.27,-1.74
9.448,28.09,-1.77,28.27,-1.74,28.27,-1.74
9.462,28.12,-1.72,28.27,-1.74,28.27,-1.74
9.477,28.1,-1.72,28.27,-1.74,28.27,-1.74
9.491,28.06,-1.7,28.27,-1.73,28.27,-1.73
9.505,28.04,-1.7,28.27,-1.73,28.27,-1.73
9.519,28.04,-1.76,28.27,-1.73,28.27,-1.73
9.534,28.06,-1.76,28.27,-1.73,28.26,-1.73
9.548,28.11,-1.71,28.27,-1.73,28.26,-1.73
9.562,28.13,-1.69,28.27,-1.73,28.27,-1.73
9.576,28.12,-1.7,28.27,-1.73,28.27,-1.73
9.591,28.09,-1.76,28.27,-1.73,28.27,-1.73
9.605,28.09,-1.78,28.27,-1.73,28.27,-1.73
9.619,28.11,-1.75,28.27,-1.73,28.27,-1.74
9.633,28.15,-1.72,28.27,-1.74,28.27,-1.74
9.648,28.16,-1.74,28.27,-1.74,28.27,-1.74
9.663,28.07,-1.78,28.27,-1.74,28.27,-1.74
9.677,28.03,-1.75,28.27,-1.74,28.27,-1.74
9.692,28.06,-1.76,28.27,-1.74,28.27,-1.74
9.706,28.09,-1.79,28.27,-1.74,28.27,-1.74
9.72,28.13,-1.77,28.27,-1.74,28.27,-1.74
9.734,28.09,-1.74,28.27,-1.74,28.27,-1.74
9.748,28.06,-1.74,28.27,-1.74,28.27,-1.74
9.762,28.03,-1.76,28.27,-1.74,28.27,-1.74
9.777,28.01,-1.79,28.27,-1.74,28.27,-1.74
9.791,28.08,-1.75,28.27,-1.74,28.27,-1.74
9.805,28.12,-1.7,28.27,-1.74,28.27,-1.74
9.819,28.08,-1.72,28.27,-1.74,28.27,-1.74
9.834,28.07,-1.73,28.27,-1.74,28.27,-1.74
9.848,28.09,-1.74,28.27,-1.74,28.27,-1.74
9.862,28.09,-1.8,28.27,-1.74,28.27,-1.74
9.877,28.0,-1.81,28.27,-1.74,28.27,-1.74
9.891,28.0,-1.79,28.27,-1.74,28.27,-1.74
9.905,28.13,-1.7,28.27,-1.74,28.27,-1.74
9.919,28.11,-1.68,28.27,-1.74,28.27,-1.74
9.933,28.07,-1.7,28.27,-1.74,28.27,-1.74
9.948,28.0,-1.76,28.27,-1.74,28.27,-1.74
9.962,28.08,-1.77,28.27,-1.74,28.27,-1.74
9.976,28.1,-1.78,28.27,-1.74,28.27,-1.74
9.99,28.09,-1.75,28.27,-1.74,28.27,-1.74
10.005,28.07,-1.68,28.27,-1.74,28.27,-1.74
10.019,28.09,-1.71,28.27,-1.74,28.27,-1.74
10.033,28.07,-1.75,28.27,-1.74,28.27,-1.74
10.048,28.07,-1.77,28.27,-1.74,28.27,-1.74
10.062,28.05,-1.77,28.27,-1.74,28.27,-1.74
10.076,28.04,-1.79,28.27,-1.74,28.27,-1.74
10.09,28.03,-1.76,28.27,-1.73,28.26,-1.73
10.104,28.08,-1.77,28.26,-1.73,28.26,-1.73
10.119,28.08,-1.79,28.26,-1.73,28.26,-1.73
10.133,28.05,-1.73,28.26,-1.73,28.26,-1.73
10.147,28.08,-1.73,28.26,-1.73,28.26,-1.73
10.161,28.08,-1.77,28.26,-1.74,28.26,-1.74
10.176,28.04,-1.74,28.26,-1.74,28.26,-1.74
10.19,28.07,-1.76,28.26,-1.74,28.26,-1.74
10.204,28.13,-1.75,28.26,-1.74,28.26,-1.74
10.218,28.1,-1.72,28.26,-1.74,28.26,-1.74
10.233,28.07,-1.76,28.26,-1.74,28.26,-1.74
10.247,28.08,-1.74,28.26,-1.74,28.26,-1.74
10.261,28.07,-1.76,28.26,-1.73,28.26,-1.73
10.275,28.09,-1.8,28.26,-1.73,28.26,-1.73
10.289,28.1,-1.78,28.26,-1.73,28.26,-1.73
10.303,28.06,-1.77,28.26,-1.73,28.26,-1.74
10.318,28.07,-1.78,28.26,-1.74,28.26,-1.74
10.332,28.1,-1.76,28.26,-1.74,28.26,-1.74
10.347,28.06,-1.76,28.26,-1.74,28.26,-1.74
10.365,28.07,-1.78,28.26,-1.73,28.26,-1.73
10.379,28.1,-1.76,28.26,-1.73,28.26,-1.73
10.394,28.1,-1.77,28.26,-1.73,28.26,-1.73
10.408,27.99,-1.76,28.27,-1.73,28.26,-1.73
10.422,28.03,-1.75,28.27,-1.73,28.27,-1.73
10.436,28.0,-1.71,28.27,-1.73,28.27,-1.73
10.45,28.02,-1.71,28.27,-1.73,28.26,-1.73
10.465,28.05,-1.74,28.27,-1.73,28.26,-1.73
10.479,28.14,-1.82,28.26,-1.73,28.26,-1.73
10.493,28.12,-1.79,28.26,-1.73,28.26,-1.73
10.508,28.07,-1.76,28.26,-1.73,28.26,-1.73
10.522,28.05,-1.72,28.26,-1.73,28.26,-1.73
10.536,28.12,-1.76,28.27,-1.73,28.26,-1.73
10.551,28.13,-1.76,28.27,-1.73,28.27,-1.73
10.565,28.11,-1.76,28.27,-1.73,28.27,-1.73
10.579,28.07,-1.76,28.27,-1.73,28.27,-1.73
10.594,28.09,-1.8,28.27,-1.73,28.27,-1.73
10.608,28.14,-1.77,28.27,-1.73,28.27,-1.73
10.622,28.06,-1.73,28.27,-1.73,28.27,-1.73
10.637,28.04,-1.73,28.27,-1.73,28.27,-1.73
10.651,28.15,-1.76,28.28,-1.73,28.27,-1.73
10.665,28.16,-1.75,28.27,-1.73,28.27,-1.73
10.68,28.12,-1.75,28.27,-1.73,28.27,-1.73
10.694,28.1,-1.74,28.27,-1.73,28.27,-1.73
10.708,28.07,-1.74,28.27,-1.73,28.27,-1.73
10.722,28.1,-1.72,28.28,-1.73,28.27,-1.73
10.736,28.11,-1.79,28.28,-1.73,28.28,-1.73
10.751,28.13,-1.81,28.28,-1.73,28.28,-1.73
10.765,28.13,-1.81,28.28,-1.73,28.28,-1.73
10.779,28.12,-1.85,28.28,-1.73,28.28,-1.73
10.793,28.09,-1.78,28.29,-1.73,28.29,-1.73
10.807,28.04,-1.75,28.29,-1.73,28.29,-1.73
10.821,28.08,-1.79,28.3,-1.73,28.3,-1.74
10.836,27.98,-1.77,28.31,-1.74,28.3,-1.74
10.85,27.91,-1.69,28.31,-1.74,28.31,-1.74
10.864,27.98,-1.69,28.31,-1.74,28.3,-1.74
10.878,28.09,-1.73,28.3,-1.74,28.3,-1.74
10.893,28.02,-1.74,28.31,-1.74,28.3,-1.74
10.907,27.97,-1.77,28.31,-1.74,28.3,-1.74
10.921,28.05,-1.79,28.3,-1.74,28.3,-1.74
10.935,28.06,-1.81,28.3,-1.74,28.3,-1.74
10.95,28.06,-1.77,28.3,-1.74,28.3,-1.74
10.964,28.14,-1.71,28.31,-1.74,28.3,-1.74
10.979,28.05,-1.76,28.31,-1.74,28.31,-1.74
10.993,28.03,-1.78,28.31,-1.74,28.31,-1.74
11.007,28.25,-1.71,28.31,-1.74,28.31,-1.74
11.022,28.63,-1.72,28.32,-1.74,28.33,-1.73
11.036,28.11,-1.53,28.35,-1.73,28.35,-1.73
11.051,27.43,-1.84,28.37,-1.72,28.37,-1.73
11.066,27.2,-2.27,28.35,-1.71,28.34,-1.72
11.08,27.14,-1.92,28.32,-1.72,28.31,-1.72
11.094,28.33,-1.77,28.28,-1.73,28.28,-1.73
11.108,28.57,-1.87,28.26,-1.74,28.26,-1.74
11.123,28.79,-1.24,28.25,-1.74,28.26,-1.74
11.137,28.46,-0.85,28.28,-1.73,28.28,-1.73
11.152,27.17,-0.91,28.3,-1.7,28.29,-1.69
11.165,26.05,-2.13,28.35,-1.53,28.33,-1.54
11.18,25.72,-2.95,28.39,-1.35,28.36,-1.36
11.194,27.51,-1.22,28.39,-1.19,28.38,-1.19
11.208,27.56,-1.0,28.37,-1.07,28.37,-1.07
11.222,27.33,-1.9,28.37,-0.97,28.36,-0.98
11.237,27.66,-2.31,28.4,-0.89,28.39,-0.91
11.251,27.52,-2.13,28.45,-0.81,28.44,-0.82
11.265,27.55,-2.44,28.52,-0.65,28.51,-0.67
11.28,27.78,-4.61,28.57,-0.49,28.56,-0.53
11.294,28.85,-5.79,28.49,-0.5,28.5,-0.55
11.308,29.0,-6.18,28.4,-0.62,28.41,-0.68
11.323,24.8,-3.31,28.27,-0.85,28.24,-0.88
11.337,26.33,-1.57,28.01,-1.1,28.0,-1.1
11.351,33.26,-4.23,27.8,-1.33,27.85,-1.36
11.365,31.35,-0.17,27.91,-1.76,27.95,-1.74
11.379,29.36,-0.45,28.07,-1.99,28.09,-1.97
11.393,30.65,-1.23,28.12,-1.9,28.15,-1.89
11.408,30.34,-1.13,28.17,-1.84,28.19,-1.83
11.422,28.79,-1.2,28.24,-1.82,28.25,-1.81
11.436,28.49,-1.37,28.39,-1.82,28.4,-1.81
11.45,27.86,-1.44,28.6,-1.82,28.6,-1.82
11.464,27.97,-0.43,28.83,-1.82,28.83,-1.81
11.479,27.34,-0.69,29.06,-1.8,29.04,-1.79
11.493,27.5,-1.43,29.19,-1.78,29.17,-1.77
11.507,29.13,-1.75,29.24,-1.74,29.24,-1.74
11.521,30.09,-2.82,29.09,-1.67,29.1,-1.68
11.535,28.09,-2.14,28.95,-1.62,28.94,-1.63
11.55,25.74,-2.23,28.81,-1.59,28.78,-1.6
11.564,26.23,-2.44,28.71,-1.63,28.69,-1.64
11.578,26.61,-1.8,28.65,-1.67,28.63,-1.67
11.593,27.77,-1.79,28.67,-1.69,28.66,-1.69
11.607,28.86,-1.28,28.72,-1.7,28.72,-1.69
11.621,27.53,-0.57,28.85,-1.65,28.84,-1.64
11.635,26.55,-0.62,29.0,-1.62,28.97,-1.61
11.649,27.75,-2.55,29.15,-1.64,29.14,-1.65
11.663,28.09,-2.58,29.23,-1.67,29.22,-1.68
11.678,27.09,-1.69,29.26,-1.64,29.23,-1.64
11.692,26.8,-1.06,29.21,-1.53,29.19,-1.53
11.707,26.15,-1.09,29.16,-1.45,29.13,-1.45
11.721,25.52,-1.46,29.14,-1.46,29.1,-1.46
11.736,26.34,-2.52,29.13,-1.53,29.11,-1.54
11.75,27.11,-2.13,29.17,-1.67,29.15,-1.67
11.764,27.42,-1.91,29.24,-1.77,29.22,-1.77
11.778,27.82,-2.21,29.34,-1.75,29.33,-1.76
11.793,27.92,-1.57,29.47,-1.74,29.46,-1.74
11.807,28.43,-1.88,29.63,-1.75,29.62,-1.75
11.821,28.68,-2.87,29.76,-1.78,29.75,-1.79
11.835,26.8,-2.8,29.84,-1.81,29.81,-1.82
11.849,24.74,-1.2,29.86,-1.87,29.81,-1.87
11.863,25.12,1.17,29.86,-1.89,29.82,-1.86
11.878,25.87,-1.61,29.89,-1.82,29.85,-1.82
11.892,24.18,-2.89,29.96,-1.81,29.9,-1.83
11.906,20.38,0.87,30.08,-1.9,29.98,-1.87
11.92,22.56,0.97,30.24,-2.02,30.16,-1.99
11.934,25.56,-2.39,30.45,-2.07,30.4,-2.08
11.949,25.52,-2.15,30.72,-2.08,30.67,-2.08
11.963,23.74,-0.74,31.0,-2.1,30.93,-2.09
11.977,24.05,-1.32,31.21,-2.13,31.13,-2.12
11.996,22.35,-0.13,31.35,-2.21,31.26,-2.19
12.01,22.59,-0.02,31.29,-2.26,31.2,-2.24
12.024,24.34,-1.12,31.23,-2.26,31.16,-2.25
12.039,24.03,-1.28,31.24,-2.22,31.16,-2.21
12.054,22.96,-0.91,31.28,-2.15,31.19,-2.13
12.068,23.59,-0.7,31.25,-2.03,31.18,-2.01
12.082,24.13,-1.91,31.2,-1.92,31.13,-1.92
12.096,24.86,-1.79,31.13,-1.93,31.07,-1.93
12.111,25.23,-2.65,31.1,-1.94,31.05,-1.95
12.125,23.34,-2.41,31.26,-1.96,31.18,-1.97
12.139,22.71,-1.5,31.43,-1.98,31.34,-1.98
12.153,23.25,-1.31,31.55,-1.98,31.47,-1.98
12.168,23.67,-0.95,31.67,-1.98,31.59,-1.97
12.182,22.47,-0.16,31.8,-1.98,31.71,-1.97
12.196,22.57,-0.7,31.93,-1.98,31.84,-1.97
12.211,21.92,0.15,32.08,-1.99,31.97,-1.97
12.225,22.51,0.28,32.2,-1.99,32.1,-1.96
12.24,25.05,-3.16,32.32,-1.98,32.25,-2.0
12.254,27.96,-4.94,32.64,-2.04,32.59,-2.07
12.271,28.37,-10.13,33.35,-2.19,33.3,-2.27
12.285,26.39,0.19,34.2,-2.78,34.12,-2.75
12.299,39.47,26.77,34.96,-3.38,35.0,-3.08
12.313,26.71,0.99,35.51,-2.14,35.42,-2.11
12.328,25.05,-10.57,35.96,-1.11,35.85,-1.2
12.342,10.13,-3.92,36.56,-0.83,36.3,-0.86
12.356,15.14,-2.55,36.66,-1.05,36.44,-1.07
12.37,20.72,-3.15,36.53,-1.19,36.37,-1.21
12.384,19.56,-3.02,36.35,-1.24,36.18,-1.26
12.398,15.42,-3.43,36.17,-1.31,35.96,-1.33
12.413,14.22,-2.42,35.94,-1.41,35.73,-1.42
12.427,13.39,-1.13,35.71,-1.49,35.48,-1.49
12.441,12.86,0.37,35.47,-1.52,35.24,-1.5
12.455,13.68,-0.3,35.23,-1.52,35.02,-1.51
12.47,16.12,-1.81,35.0,-1.51,34.81,-1.51
12.484,16.03,-1.83,34.74,-1.51,34.55,-1.51
12.498,18.08,-1.76,34.42,-1.51,34.26,-1.52
12.512,19.81,-1.77,34.1,-1.51,33.95,-1.52
12.526,18.32,-1.65,33.85,-1.52,33.69,-1.52
12.54,16.61,-1.56,33.72,-1.52,33.55,-1.52
12.555,15.99,-1.64,33.56,-1.52,33.39,-1.52
12.569,16.99,-2.16,33.35,-1.52,33.18,-1.53
12.583,17.79,-2.91,33.06,-1.52,32.91,-1.54
12.597,18.22,-1.81,32.77,-1.53,32.63,-1.54
12.611,19.13,-0.58,32.49,-1.53,32.36,-1.52
12.625,18.74,-1.24,32.24,-1.51,32.1,-1.5
12.64,18.78,-2.27,32.0,-1.49,31.87,-1.5
12.654,17.95,-2.42,31.76,-1.49,31.63,-1.5
12.668,19.56,-1.04,31.48,-1.5,31.36,-1.49
12.682,19.07,-1.42,31.3,-1.5,31.18,-1.5
12.696,18.38,-1.12,31.18,-1.5,31.05,-1.49
12.711,18.52,-0.89,31.05,-1.49,30.93,-1.49
12.726,18.95,-0.56,30.93,-1.49,30.81,-1.48
12.74,19.3,-0.07,30.82,-1.48,30.71,-1.47
12.754,21.32,-2.83,30.73,-1.48,30.64,-1.49
12.769,20.28,-4.22,30.71,-1.53,30.6,-1.56
12.784,7.36,-2.51,30.77,-1.59,30.53,-1.6
12.798,16.05,-1.11,30.42,-1.6,30.28,-1.59
12.812,24.09,-0.8,30.02,-1.59,29.96,-1.58
12.826,19.28,-1.87,29.84,-1.58,29.74,-1.58
12.841,17.78,-1.77,29.78,-1.58,29.66,-1.58
12.855,18.42,-1.6,29.68,-1.58,29.57,-1.59
12.869,18.65,-1.67,29.57,-1.59,29.46,-1.59
12.883,18.58,-1.68,29.46,-1.59,29.35,-1.59
12.897,18.5,-1.6,29.35,-1.59,29.24,-1.59
12.911,18.51,-1.68,29.25,-1.59,29.14,-1.59
12.926,18.52,-1.71,29.14,-1.59,29.03,-1.59
12.94,18.51,-1.7,29.04,-1.59,28.93,-1.59
12.954,18.53,-1.69,28.93,-1.59,28.83,-1.59
12.969,18.53,-1.67,28.83,-1.59,28.73,-1.59
12.983,18.58,-1.64,28.73,-1.59,28.63,-1.59
12.997,18.58,-1.61,28.63,-1.59,28.53,-1.59
13.011,18.47,-1.61,28.53,-1.59,28.43,-1.59
13.026,18.45,-1.63,28.43,-1.59,28.33,-1.59
13.04,18.53,-1.64,28.34,-1.59,28.24,-1.59
13.055,18.58,-1.63,28.24,-1.59,28.14,-1.59
13.069,18.57,-1.63,28.14,-1.59,28.05,-1.59
13.083,18.52,-1.69,28.05,-1.59,27.95,-1.59
13.098,18.54,-1.72,27.96,-1.59,27.86,-1.6
13.112,18.58,-1.66,27.86,-1.6,27.77,-1.6
13.127,18.56,-1.6,27.77,-1.6,27.68,-1.6
13.14,18.61,-1.63,27.68,-1.6,27.59,-1.6
13.155,18.59,-1.65,27.59,-1.6,27.5,-1.6
13.169,18.49,-1.63,27.51,-1.6,27.42,-1.6
13.183,18.52,-1.61,27.42,-1.6,27.33,-1.6
13.197,18.53,-1.61,27.33,-1.6,27.24,-1.6
13.212,18.56,-1.56,27.25,-1.6,27.16,-1.6
13.226,18.56,-1.58,27.16,-1.6,27.08,-1.6
13.24,18.5,-1.68,27.08,-1.6,26.99,-1.6
13.254,18.51,-1.74,26.99,-1.6,26.91,-1.6
13.268,18.51,-1.72,26.91,-1.6,26.83,-1.6
13.283,18.47,-1.66,26.83,-1.6,26.74,-1.6
13.297,18.46,-1.59,26.75,-1.6,26.66,-1.6
13.311,18.52,-1.58,26.67,-1.6,26.58,-1.6
13.325,18.57,-1.63,26.58,-1.6,26.5,-1.6
13.34,18.53,-1.65,26.51,-1.6,26.43,-1.6
13.353,18.51,-1.65,26.43,-1.6,26.35,-1.6
13.367,18.51,-1.7,26.35,-1.6,26.27,-1.6
13.381,18.52,-1.66,26.27,-1.6,26.2,-1.6
13.396,18.52,-1.63,26.2,-1.6,26.12,-1.6
13.41,18.57,-1.63,26.12,-1.6,26.05,-1.6
13.424,18.57,-1.63,26.05,-1.6,25.98,-1.6
13.438,18.56,-1.7,25.98,-1.6,25.9,-1.6
13.452,18.55,-1.67,25.9,-1.6,25.83,-1.6
13.466,18.5,-1.62,25.83,-1.6,25.76,-1.6
13.48,18.47,-1.67,25.76,-1.6,25.69,-1.6
13.495,18.49,-1.68,25.69,-1.6,25.62,-1.6
13.509,18.56,-1.66,25.62,-1.6,25.55,-1.6
13.523,18.55,-1.67,25.55,-1.6,25.48,-1.6
13.537,18.48,-1.65,25.49,-1.6,25.42,-1.6
13.551,18.51,-1.63,25.42,-1.6,25.35,-1.6
13.565,18.59,-1.63,25.35,-1.6,25.28,-1.6
13.58,18.56,-1.61,25.28,-1.6,25.22,-1.6
13.594,18.55,-1.69,25.22,-1.6,25.15,-1.6
13.613,18.59,-1.7,25.16,-1.6,25.09,-1.6
13.627,18.54,-1.67,25.09,-1.6,25.03,-1.6
13.641,18.56,-1.65,25.03,-1.6,24.97,-1.6
13.655,18.57,-1.64,24.97,-1.6,24.9,-1.6
13.67,18.58,-1.65,24.91,-1.6,24.84,-1.6
13.683,18.48,-1.64,24.84,-1.6,24.78,-1.6
13.698,18.47,-1.7,24.78,-1.6,24.72,-1.61
13.712,18.5,-1.73,24.72,-1.61,24.66,-1.61
13.726,18.51,-1.65,24.66,-1.61,24.6,-1.61
13.74,18.56,-1.61,24.6,-1.61,24.54,-1.61
13.754,18.6,-1.63,24.54,-1.61,24.48,-1.61
13.769,18.58,-1.66,24.49,-1.61,24.43,-1.61
13.782,18.56,-1.73,24.43,-1.61,24.37,-1.61
13.796,18.56,-1.68,24.37,-1.61,24.32,-1.61
13.81,18.6,-1.65,24.32,-1.61,24.26,-1.61
13.824,18.52,-1.66,24.26,-1.61,24.2,-1.61
13.839,18.48,-1.71,24.21,-1.61,24.15,-1.62
13.853,18.47,-1.66,24.15,-1.62,24.09,-1.62
13.868,18.46,-1.65,24.1,-1.62,24.04,-1.62
13.883,18.52,-1.65,24.04,-1.62,23.99,-1.62
13.901,18.51,-1.61,23.99,-1.62,23.94,-1.62
13.915,18.47,-1.65,23.94,-1.62,23.88,-1.62
13.929,18.41,-1.67,23.89,-1.62,23.83,-1.62
13.944,18.47,-1.71,23.83,-1.62,23.78,-1.62
13.958,18.55,-1.72,23.78,-1.62,23.73,-1.62
13.972,18.62,-1.64,23.73,-1.62,23.68,-1.62
13.986,18.61,-1.68,23.68,-1.62,23.63,-1.62
14.0,18.45,-1.59,23.63,-1.62,23.58,-1.62
14.014,18.42,-1.58,23.58,-1.62,23.53,-1.62
14.029,18.46,-1.69,23.53,-1.62,23.48,-1.62
14.043,18.48,-1.7,23.48,-1.62,23.43,-1.62
14.058,18.53,-1.7,23.43,-1.62,23.38,-1.62
14.072,18.54,-1.68,23.39,-1.62,23.34,-1.63
14.086,18.49,-1.68,23.34,-1.63,23.29,-1.63
14.1,18.5,-1.68,23.29,-1.63,23.25,-1.63
14.114,18.53,-1.65,23.25,-1.63,23.2,-1.63
14.128,18.51,-1.62,23.2,-1.63,23.16,-1.63
14.142,18.53,-1.64,23.16,-1.63,23.11,-1.63
14.157,18.59,-1.66,23.12,-1.63,23.07,-1.63
14.171,18.59,-1.69,23.07,-1.63,23.03,-1.63
14.185,18.49,-1.72,23.03,-1.63,22.98,-1.63
14.199,18.42,-1.7,22.98,-1.63,22.94,-1.63
14.213,18.48,-1.69,22.94,-1.63,22.9,-1.63
14.228,18.57,-1.72,22.9,-1.63,22.85,-1.63
14.242,18.58,-1.7,22.86,-1.63,22.81,-1.63
14.256,18.58,-1.64,22.82,-1.64,22.77,-1.64
14.27,18.55,-1.57,22.78,-1.64,22.73,-1.64
14.284,18.49,-1.62,22.74,-1.64,22.69,-1.64
14.299,18.49,-1.65,22.7,-1.64,22.65,-1.64
14.313,18.49,-1.63,22.65,-1.64,22.61,-1.63
14.327,18.59,-1.66,22.61,-1.63,22.57,-1.63
14.341,18.63,-1.68,22.58,-1.64,22.54,-1.64
14.356,18.59,-1.64,22.54,-1.64,22.5,-1.64
14.37,18.53,-1.58,22.5,-1.64,22.46,-1.64
14.384,18.51,-1.58,22.46,-1.63,22.42,-1.63
14.399,18.5,-1.7,22.43,-1.63,22.39,-1.63
14.413,18.56,-1.7,22.39,-1.63,22.35,-1.63
14.427,18.58,-1.61,22.35,-1.63,22.31,-1.63
14.441,18.53,-1.63,22.32,-1.63,22.28,-1.63
14.455,18.48,-1.66,22.28,-1.63,22.24,-1.63
14.47,18.49,-1.64,22.24,-1.63,22.21,-1.63
14.484,18.46,-1.63,22.21,-1.63,22.17,-1.63
14.499,18.54,-1.67,22.17,-1.63,22.14,-1.63
14.513,18.62,-1.71,22.14,-1.63,22.1,-1.63
14.527,18.59,-1.68,22.1,-1.63,22.07,-1.63
14.541,18.55,-1.63,22.07,-1.63,22.04,-1.63
14.556,18.53,-1.58,22.04,-1.63,22.0,-1.63
14.57,18.55,-1.6,22.0,-1.63,21.97,-1.63
14.584,18.53,-1.68,21.97,-1.63,21.94,-1.63
14.598,18.5,-1.67,21.94,-1.64,21.91,-1.64
14.612,18.54,-1.63,21.91,-1.64,21.87,-1.64
14.627,18.56,-1.65,21.88,-1.64,21.84,-1.64
14.641,18.54,-1.67,21.85,-1.64,21.81,-1.64
14.655,18.45,-1.64,21.81,-1.64,21.78,-1.64
14.669,18.46,-1.63,21.78,-1.64,21.75,-1.64
14.684,18.59,-1.7,21.75,-1.64,21.72,-1.64
14.698,18.62,-1.71,21.72,-1.64,21.69,-1.64
14.713,18.55,-1.67,21.69,-1.64,21.66,-1.64
14.727,18.45,-1.65,21.66,-1.64,21.63,-1.64
14.741,18.53,-1.6,21.63,-1.64,21.6,-1.64
14.755,18.6,-1.62,21.6,-1.64,21.57,-1.64
14.769,18.57,-1.64,21.57,-1.63,21.54,-1.63
14.783,18.59,-1.67,21.55,-1.63,21.52,-1.64
14.798,18.56,-1.66,21.52,-1.63,21.49,-1.63
14.812,18.45,-1.65,21.49,-1.63,21.46,-1.63
14.826,18.43,-1.67,21.46,-1.63,21.43,-1.63
14.841,18.48,-1.64,21.44,-1.63,21.41,-1.63
14.855,18.54,-1.66,21.41,-1.63,21.38,-1.63
14.869,18.59,-1.68,21.38,-1.63,21.35,-1.63
14.884,18.54,-1.67,21.36,-1.63,21.33,-1.63
14.898,18.49,-1.67,21.33,-1.63,21.3,-1.63
14.912,18.43,-1.67,21.3,-1.63,21.28,-1.63
14.926,18.45,-1.65,21.28,-1.63,21.25,-1.63
14.941,18.54,-1.63,21.25,-1.63,21.22,-1.63
14.955,18.58,-1.63,21.23,-1.63,21.2,-1.63
14.969,18.52,-1.65,21.2,-1.63,21.18,-1.63
14.984,18.47,-1.67,21.18,-1.63,21.15,-1.63
14.998,18.54,-1.64,21.15,-1.63,21.13,-1.63
15.012,18.53,-1.69,21.13,-1.63,21.1,-1.63
15.026,18.49,-1.7,21.1,-1.63,21.08,-1.63
15.04,18.55,-1.63,21.08,-1.63,21.05,-1.63
15.055,18.57,-1.64,21.06,-1.63,21.03,-1.63
15.069,18.52,-1.7,21.04,-1.63,21.01,-1.63
15.083,18.47,-1.68,21.01,-1.63,20.99,-1.63
15.097,18.52,-1.69,20.99,-1.63,20.96,-1.64
15.111,18.5,-1.67,20.97,-1.64,20.94,-1.64
15.126,18.49,-1.65,20.94,-1.64,20.92,-1.64
15.14,18.52,-1.68,20.92,-1.64,20.9,-1.64
15.155,18.52,-1.64,20.9,-1.64,20.88,-1.64
15.169,18.48,-1.67,20.88,-1.64,20.85,-1.64
15.183,18.46,-1.67,20.86,-1.64,20.83,-1.64
15.197,18.55,-1.65,20.84,-1.64,20.81,-1.64
15.211,18.57,-1.69,20.81,-1.64,20.79,-1.64
15.226,18.54,-1.75,20.79,-1.64,20.77,-1.64
15.244,18.52,-1.72,20.77,-1.64,20.75,-1.64
15.258,18.56,-1.64,20.75,-1.64,20.73,-1.64
15.272,18.55,-1.63,20.73,-1.64,20.71,-1.64
15.287,18.48,-1.65,20.71,-1.64,20.69,-1.64
15.301,18.49,-1.63,20.69,-1.64,20.67,-1.64
15.315,18.55,-1.63,20.67,-1.64,20.65,-1.64
15.329,18.53,-1.61,20.65,-1.64,20.63,-1.64
15.343,18.52,-1.59,20.63,-1.64,20.61,-1.64
15.358,18.56,-1.63,20.61,-1.64,20.59,-1.64
15.372,18.57,-1.64,20.6,-1.64,20.58,-1.64
15.386,18.57,-1.68,20.58,-1.64,20.56,-1.64
15.4,18.55,-1.69,20.56,-1.64,20.54,-1.64
15.414,18.59,-1.65,20.54,-1.64,20.52,-1.64
15.429,18.62,-1.63,20.53,-1.64,20.51,-1.64
15.443,18.51,-1.62,20.51,-1.64,20.49,-1.64
15.457,18.48,-1.61,20.49,-1.64,20.47,-1.64
15.471,18.51,-1.63,20.47,-1.64,20.45,-1.64
15.486,18.5,-1.68,20.45,-1.64,20.43,-1.64
15.5,18.53,-1.64,20.44,-1.63,20.42,-1.63
15.514,18.51,-1.68,20.42,-1.63,20.4,-1.63
15.531,18.54,-1.7,20.4,-1.64,20.38,-1.64
15.545,18.57,-1.65,20.39,-1.64,20.37,-1.64
15.559,18.57,-1.61,20.37,-1.64,20.35,-1.64
15.574,18.5,-1.62,20.35,-1.63,20.33,-1.63
15.588,18.51,-1.67,20.34,-1.63,20.32,-1.63
15.602,18.56,-1.7,20.32,-1.64,20.3,-1.64
15.616,18.59,-1.67,20.3,-1.64,20.29,-1.64
15.631,18.59,-1.61,20.29,-1.64,20.27,-1.64
15.645,18.57,-1.68,20.27,-1.64,20.26,-1.64
15.66,18.51,-1.67,20.26,-1.64,20.24,-1.64
15.674,18.44,-1.65,20.24,-1.64,20.22,-1.64
15.689,18.47,-1.63,20.23,-1.64,20.21,-1.64
15.703,18.52,-1.67,20.21,-1.64,20.2,-1.64
15.717,18.52,-1.67,20.2,-1.64,20.18,-1.64
15.731,18.55,-1.61,20.18,-1.64,20.17,-1.64
15.745,18.55,-1.65,20.17,-1.64,20.15,-1.64
15.761,18.61,-1.72,20.15,-1.64,20.14,-1.64
15.775,18.6,-1.7,20.14,-1.64,20.12,-1.64
15.79,18.5,-1.68,20.13,-1.64,20.11,-1.64
15.804,18.49,-1.63,20.11,-1.64,20.1,-1.64
15.818,18.5,-1.62,20.1,-1.64,20.08,-1.64
15.832,18.46,-1.63,20.08,-1.64,20.07,-1.64
15.846,18.47,-1.65,20.07,-1.64,20.05,-1.64
15.86,18.52,-1.65,20.06,-1.64,20.04,-1.64
15.875,18.53,-1.65,20.04,-1.64,20.03,-1.64
15.889,18.51,-1.65,20.03,-1.64,20.01,-1.64
15.903,18.54,-1.68,20.02,-1.64,20.0,-1.64
15.917,18.58,-1.7,20.0,-1.64,19.99,-1.64
15.932,18.54,-1.65,19.99,-1.64,19.98,-1.64
15.946,18.53,-1.67,19.98,-1.64,19.96,-1.64
15.96,18.59,-1.63,19.96,-1.64,19.95,-1.64
15.974,18.57,-1.64,19.95,-1.64,19.94,-1.64
15.988,18.54,-1.68,19.94,-1.64,19.93,-1.64
16.002,18.55,-1.68,19.93,-1.64,19.91,-1.64
16.016,18.58,-1.65,19.92,-1.64,19.9,-1.64
16.03,18.62,-1.61,19.9,-1.64,19.89,-1.64
16.045,18.61,-1.59,19.89,-1.64,19.88,-1.64
16.059,18.53,-1.63,19.88,-1.64,19.87,-1.64
16.074,18.5,-1.65,19.87,-1.64,19.86,-1.64
16.089,18.47,-1.74,19.86,-1.64,19.85,-1.64
16.103,18.47,-1.72,19.85,-1.64,19.84,-1.64
16.117,18.53,-1.68,19.84,-1.64,19.82,-1.64
16.132,18.54,-1.68,19.83,-1.64,19.82,-1.64
16.146,18.55,-1.69,19.82,-1.64,19.8,-1.64
16.16,18.56,-1.66,19.81,-1.64,19.8,-1.64
16.174,18.55,-1.64,19.8,-1.64,19.78,-1.64
16.19,18.5,-1.64,19.79,-1.64,19.77,-1.64
16.204,18.51,-1.64,19.77,-1.64,19.76,-1.64
16.218,18.53,-1.69,19.76,-1.64,19.75,-1.64
16.232,18.52,-1.7,19.75,-1.64,19.74,-1.64
16.247,18.5,-1.69,19.74,-1.64,19.73,-1.64
16.261,18.54,-1.7,19.73,-1.64,19.72,-1.64
16.275,18.49,-1.62,19.72,-1.64,19.71,-1.64
16.29,18.48,-1.61,19.71,-1.64,19.7,-1.64
16.304,18.51,-1.67,19.7,-1.64,19.69,-1.64
16.318,18.55,-1.69,19.69,-1.64,19.68,-1.64
16.332,18.56,-1.69,19.68,-1.64,19.67,-1.64
16.346,18.53,-1.7,19.67,-1.64,19.66,-1.64
16.361,18.51,-1.69,19.66,-1.64,19.65,-1.64
16.375,18.56,-1.63,19.65,-1.64,19.64,-1.64
16.389,18.56,-1.63,19.64,-1.64,19.63,-1.64
16.403,18.48,-1.69,19.63,-1.64,19.62,-1.64
16.417,18.53,-1.69,19.62,-1.64,19.61,-1.64
16.432,18.57,-1.64,19.62,-1.64,19.6,-1.64
16.446,18.57,-1.67,19.61,-1.64,19.6,-1.64
16.46,18.53,-1.68,19.6,-1.64,19.59,-1.64
16.474,18.55,-1.67,19.59,-1.64,19.58,-1.64
16.489,18.6,-1.66,19.58,-1.64,19.57,-1.64
16.503,18.57,-1.64,19.57,-1.64,19.56,-1.64
16.517,18.56,-1.65,19.57,-1.64,19.56,-1.64
16.531,18.54,-1.64,19.56,-1.64,19.55,-1.64
16.546,18.54,-1.64,19.55,-1.64,19.54,-1.64
16.56,18.53,-1.63,19.54,-1.64,19.53,-1.64
16.574,18.5,-1.72,19.53,-1.64,19.52,-1.65
16.589,18.51,-1.73,19.52,-1.65,19.51,-1.65
16.603,18.48,-1.63,19.52,-1.65,19.51,-1.65
16.617,18.51,-1.62,19.51,-1.65,19.5,-1.65
16.631,18.59,-1.61,19.5,-1.65,19.49,-1.65
16.646,18.6,-1.64,19.49,-1.65,19.48,-1.65
16.66,18.53,-1.7,19.48,-1.65,19.47,-1.65
16.674,18.52,-1.68,19.48,-1.65,19.47,-1.65
16.689,18.54,-1.64,19.47,-1.65,19.46,-1.65
16.703,18.55,-1.62,19.46,-1.65,19.45,-1.65
16.717,18.53,-1.65,19.45,-1.65,19.44,-1.65
16.731,18.5,-1.69,19.45,-1.65,19.44,-1.65
16.746,18.52,-1.7,19.44,-1.65,19.43,-1.65
16.76,18.57,-1.72,19.43,-1.65,19.42,-1.65
16.774,18.53,-1.68,19.42,-1.65,19.41,-1.65
16.789,18.45,-1.69,19.42,-1.65,19.41,-1.65
16.803,18.48,-1.7,19.41,-1.65,19.4,-1.65
16.817,18.53,-1.7,19.4,-1.65,19.39,-1.65
16.831,18.55,-1.65,19.39,-1.65,19.38,-1.65
16.845,18.55,-1.62,19.39,-1.65,19.38,-1.65
16.859,18.59,-1.64,19.38,-1.65,19.37,-1.65
16.875,18.56,-1.63,19.37,-1.65,19.37,-1.65
16.889,18.56,-1.67,19.37,-1.65,19.36,-1.65
16.903,18.57,-1.66,19.36,-1.65,19.35,-1.65
16.917,18.54,-1.67,19.35,-1.65,19.35,-1.65
16.931,18.55,-1.72,19.35,-1.65,19.34,-1.65
16.946,18.59,-1.73,19.34,-1.65,19.33,-1.65
16.96,18.58,-1.63,19.34,-1.65,19.33,-1.65
16.974,18.53,-1.63,19.33,-1.65,19.32,-1.65
16.988,18.51,-1.7,19.32,-1.65,19.31,-1.65
17.002,18.56,-1.68,19.32,-1.65,19.31,-1.65
17.017,18.54,-1.58,19.31,-1.65,19.3,-1.65
17.031,18.51,-1.61,19.3,-1.65,19.3,-1.65
17.046,18.47,-1.67,19.3,-1.65,19.29,-1.65
17.06,18.48,-1.65,19.29,-1.65,19.28,-1.65
17.075,18.5,-1.67,19.29,-1.65,19.28,-1.65
17.089,18.49,-1.67,19.28,-1.65,19.27,-1.65
17.103,18.49,-1.69,19.28,-1.65,19.27,-1.65
17.117,18.49,-1.65,19.27,-1.65,19.26,-1.65
17.131,18.5,-1.62,19.26,-1.65,19.26,-1.65
17.145,18.53,-1.7,19.26,-1.65,19.25,-1.65
17.16,18.54,-1.69,19.25,-1.65,19.25,-1.65
17.173,18.49,-1.64,19.25,-1.65,19.24,-1.65
17.187,18.52,-1.59,19.24,-1.65,19.23,-1.65
17.202,18.59,-1.57,19.24,-1.65,19.23,-1.65
17.216,18.56,-1.65,19.23,-1.65,19.23,-1.65
17.23,18.5,-1.67,19.23,-1.65,19.22,-1.65
17.245,18.5,-1.67,19.22,-1.65,19.21,-1.65
17.259,18.5,-1.67,19.22,-1.65,19.21,-1.65
17.273,18.54,-1.65,19.21,-1.65,19.21,-1.65
17.287,18.57,-1.63,19.21,-1.65,19.2,-1.65
17.301,18.57,-1.65,19.2,-1.65,19.2,-1.65
17.316,18.52,-1.69,19.2,-1.65,19.19,-1.65
17.33,18.47,-1.68,19.19,-1.65,19.19,-1.65
17.344,18.5,-1.63,19.19,-1.65,19.18,-1.65
17.358,18.54,-1.63,19.18,-1.65,19.18,-1.65
17.373,18.57,-1.67,19.18,-1.65,19.17,-1.65
17.387,18.58,-1.65,19.17,-1.65,19.17,-1.65
17.401,18.48,-1.59,19.17,-1.65,19.16,-1.65
17.415,18.51,-1.6,19.17,-1.65,19.16,-1.65
17.43,18.51,-1.63,19.16,-1.65,19.15,-1.65
17.444,18.55,-1.68,19.16,-1.65,19.15,-1.65
17.458,18.58,-1.65,19.15,-1.65,19.15,-1.65
17.472,18.62,-1.65,19.15,-1.64,19.14,-1.64
17.486,18.54,-1.65,19.14,-1.64,19.14,-1.64
17.5,18.54,-1.62,19.14,-1.65,19.13,-1.65
17.514,18.58,-1.63,19.13,-1.65,19.13,-1.64
17.529,18.58,-1.66,19.13,-1.64,19.12,-1.65
17.543,18.57,-1.66,19.13,-1.65,19.12,-1.65
17.557,18.56,-1.62,19.12,-1.65,19.12,-1.65
17.572,18.55,-1.66,19.12,-1.65,19.11,-1.65
17.586,18.52,-1.67,19.11,-1.65,19.11,-1.65
17.6,18.52,-1.6,19.11,-1.65,19.1,-1.65
17.616,18.56,-1.6,19.1,-1.65,19.1,-1.65
17.63,18.53,-1.66,19.1,-1.65,19.1,-1.65
17.645,18.51,-1.66,19.1,-1.65,19.09,-1.65
17.659,18.56,-1.63,19.09,-1.64,19.09,-1.64
17.673,18.56,-1.67,19.09,-1.64,19.08,-1.64
17.687,18.54,-1.67,19.09,-1.64,19.08,-1.64
17.701,18.52,-1.66,19.08,-1.64,19.08,-1.64
17.716,18.5,-1.67,19.08,-1.64,19.07,-1.64
17.73,18.5,-1.7,19.07,-1.64,19.07,-1.64
17.744,18.51,-1.68,19.07,-1.64,19.06,-1.64
17.759,18.55,-1.65,19.07,-1.64,19.06,-1.64
17.773,18.51,-1.63,19.06,-1.64,19.06,-1.64
17.787,18.47,-1.65,19.06,-1.64,19.05,-1.64
17.801,18.49,-1.63,19.06,-1.64,19.05,-1.64
17.815,18.51,-1.63,19.05,-1.64,19.05,-1.64
17.829,18.52,-1.68,19.05,-1.64,19.04,-1.64
17.843,18.55,-1.67,19.05,-1.64,19.04,-1.64
17.858,18.53,-1.66,19.04,-1.64,19.04,-1.64
17.872,18.53,-1.67,19.04,-1.64,19.03,-1.64
17.886,18.5,-1.68,19.04,-1.64,19.03,-1.64
17.9,18.54,-1.66,19.03,-1.64,19.03,-1.64
17.915,18.54,-1.65,19.03,-1.64,19.02,-1.64
17.929,18.58,-1.62,19.03,-1.64,19.02,-1.64
17.943,18.56,-1.68,19.02,-1.64,19.02,-1.64
17.957,18.47,-1.69,19.02,-1.64,19.02,-1.64
17.972,18.45,-1.67,19.02,-1.64,19.01,-1.64
17.986,18.56,-1.67,19.01,-1.64,19.01,-1.64
18.0,18.56,-1.62,19.01,-1.64,19.01,-1.64
18.014,18.48,-1.67,19.01,-1.64,19.01,-1.64
18.028,18.49,-1.7,19.01,-1.64,19.0,-1.64
18.042,18.55,-1.68,19.0,-1.64,19.0,-1.64
18.056,18.48,-1.61,19.0,-1.64,18.99,-1.64
18.071,18.46,-1.62,19.0,-1.64,18.99,-1.64
18.085,18.55,-1.61,18.99,-1.64,18.99,-1.64
18.099,18.58,-1.64,18.99,-1.64,18.99,-1.64
18.114,18.5,-1.68,18.99,-1.64,18.98,-1.64
18.128,18.5,-1.7,18.99,-1.64,18.98,-1.64
18.142,18.52,-1.72,18.98,-1.64,18.98,-1.64
18.156,18.51,-1.71,18.98,-1.64,18.97,-1.64
18.17,18.51,-1.7,18.98,-1.64,18.97,-1.64
18.184,18.54,-1.65,18.97,-1.64,18.97,-1.64
18.198,18.53,-1.67,18.97,-1.64,18.97,-1.64
18.213,18.55,-1.68,18.97,-1.64,18.97,-1.65
18.227,18.55,-1.63,18.97,-1.64,18.97,-1.64
18.241,18.55,-1.61,18.97,-1.64,18.96,-1.64
18.255,18.55,-1.66,18.97,-1.64,18.96,-1.64
18.273,18.56,-1.69,18.96,-1.64,18.96,-1.64
18.287,18.59,-1.62,18.96,-1.64,18.96,-1.64
18.301,18.6,-1.58,18.96,-1.64,18.96,-1.64
18.316,18.55,-1.6,18.96,-1.64,18.95,-1.64
18.33,18.51,-1.63,18.96,-1.64,18.95,-1.64
18.344,18.5,-1.62,18.95,-1.64,18.95,-1.64
18.358,18.55,-1.66,18.95,-1.64,18.95,-1.64
18.372,18.57,-1.66,18.95,-1.64,18.95,-1.64
18.386,18.54,-1.6,18.95,-1.64,18.94,-1.64
18.4,18.57,-1.65,18.95,-1.64,18.94,-1.64
18.415,18.58,-1.7,18.94,-1.64,18.94,-1.64
18.429,18.55,-1.71,18.94,-1.64,18.94,-1.64
18.443,18.51,-1.69,18.94,-1.64,18.94,-1.64
18.457,18.54,-1.67,18.94,-1.64,18.93,-1.64
18.472,18.51,-1.69,18.94,-1.64,18.93,-1.64
18.49,18.44,-1.7,18.93,-1.64,18.93,-1.64
18.504,18.5,-1.65,18.93,-1.64,18.93,-1.64
18.519,18.47,-1.66,18.93,-1.64,18.92,-1.64
18.533,18.51,-1.66,18.93,-1.64,18.92,-1.64
18.547,18.54,-1.66,18.92,-1.64,18.92,-1.64
18.561,18.52,-1.62,18.92,-1.64,18.92,-1.64
18.576,18.53,-1.6,18.92,-1.64,18.91,-1.64
18.59,18.49,-1.65,18.91,-1.64,18.91,-1.64
18.604,18.49,-1.68,18.91,-1.64,18.91,-1.64
18.618,18.55,-1.67,18.91,-1.64,18.91,-1.64
18.633,18.56,-1.64,18.91,-1.64,18.9,-1.64
18.647,18.53,-1.66,18.9,-1.64,18.9,-1.64
18.661,18.52,-1.66,18.9,-1.64,18.9,-1.64
18.675,18.5,-1.65,18.9,-1.64,18.9,-1.65
18.689,18.48,-1.65,18.9,-1.65,18.9,-1.65
18.704,18.53,-1.66,18.9,-1.65,18.89,-1.65
18.718,18.58,-1.68,18.9,-1.64,18.89,-1.64
18.732,18.53,-1.7,18.89,-1.64,18.89,-1.64
18.746,18.48,-1.72,18.89,-1.64,18.89,-1.64
18.76,18.52,-1.63,18.89,-1.64,18.89,-1.64
18.774,18.56,-1.58,18.89,-1.64,18.89,-1.64
18.79,18.55,-1.64,18.89,-1.64,18.88,-1.64
18.804,18.56,-1.65,18.88,-1.64,18.88,-1.64
18.818,18.54,-1.67,18.88,-1.64,18.88,-1.64
18.832,18.54,-1.68,18.88,-1.64,18.88,-1.64
18.846,18.48,-1.63,18.88,-1.64,18.88,-1.64
18.861,18.46,-1.63,18.88,-1.64,18.87,-1.64
18.875,18.54,-1.67,18.88,-1.64,18.87,-1.64
18.889,18.57,-1.67,18.87,-1.64,18.87,-1.64
18.904,18.56,-1.67,18.87,-1.64,18.87,-1.64
18.918,18.54,-1.64,18.87,-1.64,18.87,-1.64
18.933,18.57,-1.65,18.87,-1.64,18.87,-1.64
18.948,18.54,-1.68,18.87,-1.64,18.87,-1.64
18.962,18.5,-1.7,18.87,-1.64,18.86,-1.64
18.976,18.52,-1.68,18.87,-1.64,18.86,-1.64
18.99,18.57,-1.63,18.86,-1.64,18.86,-1.64
19.004,18.56,-1.59,18.86,-1.64,18.86,-1.64
19.018,18.5,-1.64,18.86,-1.64,18.86,-1.64
19.034,18.53,-1.68,18.86,-1.64,18.86,-1.64
19.048,18.56,-1.65,18.86,-1.64,18.86,-1.64
19.062,18.53,-1.64,18.86,-1.64,18.85,-1.64
19.077,18.52,-1.65,18.86,-1.64,18.85,-1.64
19.091,18.54,-1.68,18.85,-1.64,18.85,-1.64
19.105,18.56,-1.69,18.85,-1.64,18.85,-1.64
19.119,18.55,-1.63,18.85,-1.64,18.85,-1.64
19.133,18.58,-1.68,18.85,-1.64,18.85,-1.64
19.147,18.58,-1.74,18.85,-1.64,18.85,-1.64
19.161,18.54,-1.68,18.85,-1.64,18.84,-1.64
19.176,18.56,-1.65,18.85,-1.64,18.84,-1.64
19.19,18.56,-1.64,18.84,-1.64,18.84,-1.64
19.204,18.57,-1.7,18.84,-1.64,18.84,-1.64
19.218,18.59,-1.69,18.84,-1.64,18.84,-1.64
19.232,18.53,-1.61,18.84,-1.64,18.84,-1.64
19.247,18.51,-1.61,18.84,-1.64,18.84,-1.64
19.261,18.56,-1.62,18.84,-1.64,18.84,-1.64
19.275,18.55,-1.67,18.84,-1.64,18.84,-1.64
19.29,18.53,-1.67,18.84,-1.64,18.84,-1.64
19.304,18.53,-1.65,18.84,-1.64,18.84,-1.64
19.318,18.54,-1.67,18.84,-1.64,18.83,-1.64
19.332,18.48,-1.69,18.84,-1.64,18.83,-1.64
19.346,18.46,-1.7,18.83,-1.64,18.83,-1.64
19.36,18.53,-1.64,18.83,-1.64,18.83,-1.64
19.375,18.55,-1.67,18.83,-1.64,18.83,-1.64
19.389,18.54,-1.56,18.83,-1.64,18.83,-1.64
19.403,18.52,-1.58,18.83,-1.64,18.83,-1.64
19.418,18.51,-1.63,18.83,-1.64,18.83,-1.64
19.432,18.55,-1.65,18.83,-1.64,18.83,-1.64
19.446,18.54,-1.67,18.83,-1.64,18.83,-1.64
19.461,18.53,-1.68,18.83,-1.64,18.82,-1.64
19.475,18.58,-1.7,18.83,-1.64,18.82,-1.64
19.489,18.56,-1.69,18.83,-1.64,18.82,-1.64
19.503,18.56,-1.65,18.83,-1.64,18.82,-1.64
19.517,18.54,-1.62,18.83,-1.64,18.82,-1.64
19.532,18.54,-1.64,18.82,-1.64,18.82,-1.64
19.546,18.56,-1.63,18.82,-1.64,18.82,-1.64
19.56,18.59,-1.64,18.82,-1.64,18.82,-1.64
19.574,18.5,-1.7,18.82,-1.64,18.82,-1.64
19.589,18.49,-1.68,18.82,-1.64,18.82,-1.64
19.603,18.48,-1.6,18.82,-1.64,18.81,-1.64
19.617,18.56,-1.63,18.82,-1.64,18.81,-1.64
19.632,18.61,-1.66,18.82,-1.64,18.81,-1.64
19.646,18.57,-1.63,18.82,-1.64,18.81,-1.64
19.66,18.57,-1.59,18.82,-1.64,18.81,-1.64
19.674,18.59,-1.61,18.82,-1.64,18.81,-1.64
19.689,18.54,-1.68,18.82,-1.64,18.81,-1.64
19.703,18.52,-1.67,18.81,-1.64,18.81,-1.64
19.717,18.54,-1.69,18.81,-1.64,18.81,-1.64
19.731,18.48,-1.67,18.81,-1.64,18.81,-1.64
19.745,18.49,-1.61,18.81,-1.64,18.81,-1.64
19.76,18.52,-1.64,18.81,-1.64,18.8,-1.64
19.774,18.55,-1.68,18.81,-1.64,18.81,-1.64
19.788,18.5,-1.63,18.81,-1.64,18.8,-1.64
19.802,18.52,-1.66,18.81,-1.64,18.8,-1.64
19.817,18.49,-1.67,18.81,-1.64,18.8,-1.64
19.831,18.54,-1.7,18.8,-1.64,18.8,-1.64
19.846,18.55,-1.67,18.8,-1.64,18.8,-1.64
19.86,18.55,-1.69,18.8,-1.64,18.8,-1.64
19.874,18.54,-1.64,18.8,-1.64,18.8,-1.64
19.889,18.5,-1.62,18.8,-1.64,18.8,-1.64
19.903,18.52,-1.56,18.8,-1.64,18.8,-1.64
19.919,18.55,-1.63,18.8,-1.64,18.8,-1.64
19.933,18.51,-1.63,18.8,-1.64,18.8,-1.64
19.948,18.49,-1.63,18.8,-1.64,18.8,-1.64
19.962,18.54,-1.63,18.8,-1.64,18.8,-1.64
19.976,18.55,-1.63,18.8,-1.64,18.79,-1.64
19.99,18.53,-1.63,18.8,-1.64,18.79,-1.64
20.004,18.53,-1.6,18.8,-1.64,18.79,-1.64
20.019,18.51,-1.64,18.8,-1.64,18.79,-1.64
20.033,18.49,-1.67,18.8,-1.64,18.79,-1.64
20.047,18.52,-1.67,18.8,-1.64,18.79,-1.64
20.061,18.52,-1.63,18.8,-1.64,18.79,-1.64
20.075,18.47,-1.61,18.79,-1.64,18.79,-1.64
20.089,18.44,-1.63,18.79,-1.64,18.79,-1.64
20.104,18.53,-1.67,18.79,-1.64,18.79,-1.64
20.119,18.57,-1.65,18.79,-1.64,18.79,-1.64
20.137,18.54,-1.63,18.79,-1.64,18.79,-1.64
20.151,18.47,-1.65,18.79,-1.64,18.79,-1.64
20.166,18.46,-1.64,18.79,-1.64,18.78,-1.64
20.18,18.48,-1.65,18.79,-1.63,18.78,-1.64
20.194,18.5,-1.62,18.79,-1.64,18.78,-1.63
20.208,18.51,-1.63,18.79,-1.63,18.78,-1.63
20.222,18.52,-1.63,18.79,-1.63,18.78,-1.63
20.237,18.51,-1.65,18.78,-1.63,18.78,-1.63
20.252,18.5,-1.61,18.78,-1.63,18.78,-1.63
20.267,18.54,-1.59,18.78,-1.63,18.78,-1.63
20.281,18.57,-1.63,18.78,-1.63,18.78,-1.63
20.295,18.58,-1.65,18.78,-1.63,18.78,-1.63
20.309,18.54,-1.67,18.78,-1.63,18.78,-1.63
20.324,18.52,-1.62,18.78,-1.63,18.78,-1.63
20.338,18.55,-1.63,18.78,-1.63,18.78,-1.63
20.352,18.55,-1.65,18.78,-1.63,18.78,-1.63
20.366,18.59,-1.65,18.78,-1.63,18.78,-1.63
20.381,18.59,-1.65,18.78,-1.63,18.78,-1.63
20.395,18.54,-1.63,18.78,-1.63,18.78,-1.63
20.41,18.5,-1.64,18.78,-1.63,18.78,-1.63
20.424,18.5,-1.67,18.78,-1.63,18.78,-1.63
20.439,18.57,-1.65,18.78,-1.63,18.78,-1.63
20.453,18.58,-1.65,18.78,-1.63,18.78,-1.63
20.467,18.56,-1.69,18.78,-1.63,18.78,-1.63
20.481,18.52,-1.68,18.78,-1.63,18.78,-1.63
20.496,18.49,-1.69,18.78,-1.63,18.78,-1.63
20.51,18.5,-1.6,18.78,-1.63,18.78,-1.63
20.524,18.51,-1.57,18.78,-1.63,18.78,-1.63
20.539,18.47,-1.69,18.78,-1.63,18.78,-1.63
20.553,18.46,-1.72,18.78,-1.63,18.77,-1.63
20.568,18.48,-1.63,18.78,-1.63,18.77,-1.63
20.582,18.52,-1.59,18.77,-1.63,18.77,-1.63
20.596,18.5,-1.63,18.77,-1.63,18.77,-1.63
20.611,18.52,-1.67,18.77,-1.63,18.77,-1.63
20.625,18.56,-1.65,18.77,-1.63,18.77,-1.63
20.639,18.56,-1.69,18.77,-1.63,18.77,-1.64
20.653,18.55,-1.69,18.77,-1.64,18.77,-1.64
20.668,18.54,-1.65,18.77,-1.64,18.77,-1.64
20.682,18.52,-1.65,18.77,-1.64,18.77,-1.64
20.696,18.51,-1.67,18.77,-1.64,18.77,-1.64
20.71,18.56,-1.67,18.77,-1.64,18.77,-1.64
20.724,18.56,-1.66,18.77,-1.64,18.77,-1.64
20.739,18.54,-1.64,18.77,-1.64,18.77,-1.64
20.752,18.52,-1.64,18.77,-1.64,18.77,-1.64
20.767,18.52,-1.7,18.77,-1.64,18.77,-1.64
20.781,18.55,-1.71,18.77,-1.64,18.77,-1.64
20.795,18.59,-1.7,18.77,-1.64,18.77,-1.64
20.809,18.63,-1.69,18.77,-1.64,18.77,-1.64
20.823,18.62,-1.63,18.77,-1.64,18.77,-1.64
20.838,18.58,-1.63,18.77,-1.64,18.77,-1.64
20.852,18.52,-1.66,18.77,-1.64,18.77,-1.64
20.866,18.52,-1.63,18.77,-1.64,18.77,-1.64
20.881,18.55,-1.65,18.77,-1.64,18.77,-1.64
20.895,18.53,-1.68,18.77,-1.64,18.77,-1.64
20.909,18.52,-1.65,18.77,-1.64,18.77,-1.64
20.923,18.48,-1.65,18.77,-1.64,18.77,-1.64
20.938,18.48,-1.69,18.77,-1.64,18.77,-1.64
20.952,18.49,-1.65,18.77,-1.64,18.77,-1.64
20.966,18.53,-1.63,18.77,-1.64,18.77,-1.64
20.98,18.56,-1.62,18.77,-1.64,18.77,-1.64
20.995,18.53,-1.61,18.77,-1.64,18.77,-1.64
21.009,18.51,-1.65,18.77,-1.64,18.77,-1.64
21.023,18.51,-1.66,18.77,-1.64,18.77,-1.64
21.037,18.47,-1.64,18.77,-1.64,18.77,-1.64
21.051,18.44,-1.67,18.77,-1.64,18.76,-1.64
21.066,18.49,-1.65,18.77,-1.64,18.76,-1.64
21.08,18.59,-1.63,18.77,-1.64,18.76,-1.64
21.094,18.57,-1.59,18.77,-1.64,18.76,-1.64
21.108,18.56,-1.6,18.77,-1.64,18.76,-1.64
21.122,18.49,-1.67,18.77,-1.64,18.76,-1.64
21.137,18.51,-1.67,18.77,-1.64,18.76,-1.64
21.151,18.51,-1.61,18.77,-1.64,18.76,-1.64
21.166,18.51,-1.63,18.77,-1.64,18.76,-1.64
21.18,18.56,-1.61,18.77,-1.64,18.76,-1.64
21.194,18.56,-1.65,18.77,-1.64,18.77,-1.64
21.208,18.5,-1.62,18.77,-1.64,18.76,-1.64
21.223,18.47,-1.61,18.77,-1.64,18.76,-1.64
21.237,18.49,-1.65,18.77,-1.64,18.76,-1.64
21.252,18.54,-1.74,18.76,-1.64,18.76,-1.64
21.266,18.49,-1.71,18.76,-1.64,18.76,-1.64
21.28,18.5,-1.64,18.76,-1.64,18.76,-1.64
21.295,18.49,-1.63,18.76,-1.64,18.76,-1.64
21.309,18.5,-1.69,18.76,-1.64,18.76,-1.64
21.323,18.52,-1.68,18.76,-1.64,18.76,-1.64
21.337,18.59,-1.63,18.76,-1.64,18.76,-1.64
21.351,18.57,-1.61,18.76,-1.64,18.76,-1.64
21.366,18.52,-1.64,18.76,-1.64,18.76,-1.64
21.38,18.54,-1.71,18.76,-1.64,18.76,-1.64
21.394,18.52,-1.7,18.76,-1.64,18.76,-1.64
21.408,18.52,-1.63,18.76,-1.64,18.75,-1.64
21.424,18.52,-1.62,18.76,-1.64,18.75,-1.64
21.438,18.58,-1.65,18.76,-1.64,18.76,-1.64
21.452,18.6,-1.65,18.76,-1.64,18.76,-1.64
21.466,18.5,-1.66,18.76,-1.64,18.76,-1.64
21.48,18.47,-1.65,18.76,-1.64,18.76,-1.64
21.494,18.47,-1.65,18.76,-1.64,18.75,-1.64
21.509,18.55,-1.67,18.76,-1.64,18.76,-1.64
21.523,18.54,-1.68,18.76,-1.64,18.75,-1.64
21.537,18.56,-1.66,18.76,-1.64,18.75,-1.64
21.551,18.57,-1.6,18.76,-1.64,18.75,-1.64
21.565,18.52,-1.63,18.76,-1.64,18.75,-1.64
21.58,18.53,-1.67,18.75,-1.64,18.75,-1.64
21.594,18.53,-1.65,18.76,-1.64,18.75,-1.64
21.608,18.51,-1.63,18.75,-1.64,18.75,-1.64
21.622,18.53,-1.63,18.75,-1.64,18.75,-1.64
21.637,18.53,-1.64,18.75,-1.63,18.75,-1.63
21.651,18.52,-1.63,18.75,-1.63,18.75,-1.63
21.665,18.53,-1.62,18.75,-1.63,18.75,-1.63
21.68,18.62,-1.65,18.75,-1.63,18.75,-1.63
21.694,18.56,-1.68,18.75,-1.63,18.75,-1.63
21.708,18.51,-1.68,18.75,-1.63,18.75,-1.63
21.722,18.59,-1.63,18.75,-1.63,18.75,-1.63
21.739,18.6,-1.61,18.75,-1.63,18.75,-1.63
21.754,18.59,-1.66,18.75,-1.63,18.75,-1.63
21.768,18.54,-1.65,18.75,-1.63,18.75,-1.63
21.782,18.48,-1.7,18.75,-1.63,18.75,-1.63
21.796,18.54,-1.68,18.75,-1.63,18.75,-1.63
21.811,18.55,-1.64,18.75,-1.63,18.75,-1.63
21.825,18.52,-1.65,18.75,-1.63,18.75,-1.63
21.839,18.52,-1.65,18.75,-1.63,18.75,-1.63
21.853,18.53,-1.69,18.75,-1.63,18.75,-1.63
21.867,18.48,-1.65,18.75,-1.63,18.75,-1.63
21.881,18.56,-1.65,18.75,-1.64,18.74,-1.64
21.895,18.58,-1.63,18.75,-1.64,18.74,-1.64
21.91,18.54,-1.6,18.75,-1.64,18.74,-1.64
21.924,18.41,-1.61,18.75,-1.64,18.74,-1.64
21.938,18.46,-1.65,18.75,-1.64,18.74,-1.64
21.952,18.58,-1.72,18.74,-1.64,18.74,-1.64
21.967,18.6,-1.74,18.74,-1.64,18.74,-1.64
21.981,18.52,-1.67,18.74,-1.64,18.74,-1.64
21.995,18.48,-1.62,18.74,-1.64,18.74,-1.64
22.009,18.56,-1.63,18.74,-1.64,18.74,-1.64
22.024,18.6,-1.65,18.74,-1.64,18.74,-1.64
22.038,18.57,-1.66,18.74,-1.64,18.74,-1.64
22.052,18.53,-1.66,18.74,-1.64,18.74,-1.64
22.067,18.56,-1.68,18.74,-1.64,18.74,-1.64
22.081,18.55,-1.71,18.74,-1.64,18.74,-1.64
22.098,18.52,-1.63,18.74,-1.64,18.74,-1.64
22.113,18.54,-1.65,18.74,-1.64,18.74,-1.64
22.127,18.51,-1.69,18.74,-1.64,18.74,-1.64
22.141,18.53,-1.68,18.74,-1.64,18.74,-1.64
22.156,18.56,-1.7,18.74,-1.64,18.74,-1.64
22.17,18.54,-1.64,18.74,-1.64,18.74,-1.64
22.184,18.59,-1.6,18.74,-1.64,18.74,-1.64
22.201,18.53,-1.7,18.74,-1.64,18.74,-1.64
22.215,18.5,-1.67,18.74,-1.64,18.74,-1.64
22.229,18.5,-1.63,18.74,-1.64,18.74,-1.64
22.243,18.55,-1.64,18.74,-1.64,18.74,-1.64
22.258,18.6,-1.63,18.74,-1.64,18.74,-1.64
22.272,18.59,-1.66,18.74,-1.64,18.74,-1.64
22.286,18.58,-1.67,18.74,-1.64,18.74,-1.64
22.301,18.54,-1.65,18.74,-1.64,18.74,-1.64
22.315,18.52,-1.66,18.74,-1.64,18.74,-1.64
22.329,18.57,-1.69,18.74,-1.64,18.74,-1.64
22.343,18.58,-1.7,18.74,-1.64,18.74,-1.64
22.358,18.56,-1.67,18.74,-1.64,18.74,-1.64
22.372,18.53,-1.66,18.74,-1.64,18.74,-1.64
22.386,18.54,-1.65,18.74,-1.64,18.74,-1.64
22.4,18.57,-1.65,18.74,-1.64,18.74,-1.64
22.415,18.54,-1.63,18.74,-1.64,18.74,-1.64
22.428,18.52,-1.68,18.74,-1.64,18.74,-1.64
22.443,18.6,-1.69,18.75,-1.64,18.74,-1.64
22.457,18.57,-1.67,18.75,-1.64,18.75,-1.64
22.471,18.48,-1.66,18.76,-1.64,18.76,-1.64
22.485,18.51,-1.66,18.77,-1.64,18.77,-1.64
22.5,18.41,-1.69,18.77,-1.64,18.77,-1.64
22.514,18.45,-1.66,18.78,-1.64,18.77,-1.64
22.529,18.48,-1.68,18.77,-1.64,18.77,-1.64
22.543,18.51,-1.66,18.77,-1.64,18.77,-1.64
22.557,18.6,-1.63,18.76,-1.64,18.76,-1.64
22.571,18.48,-1.59,18.76,-1.64,18.76,-1.64
22.586,18.5,-1.62,18.76,-1.64,18.76,-1.64
22.6,18.53,-1.66,18.76,-1.64,18.76,-1.64
22.614,18.53,-1.67,18.75,-1.64,18.75,-1.64
22.628,18.55,-1.67,18.75,-1.64,18.75,-1.64
22.643,18.49,-1.67,18.75,-1.64,18.75,-1.64
22.657,18.48,-1.65,18.75,-1.64,18.75,-1.64
22.671,18.48,-1.63,18.75,-1.64,18.75,-1.64
22.686,18.55,-1.64,18.75,-1.64,18.75,-1.64
22.7,18.6,-1.68,18.75,-1.64,18.75,-1.64
22.714,18.53,-1.66,18.75,-1.64,18.75,-1.64
22.728,18.52,-1.66,18.75,-1.64,18.75,-1.64
22.742,18.51,-1.66,18.75,-1.64,18.75,-1.65
22.756,18.53,-1.68,18.75,-1.64,18.75,-1.64
22.771,18.57,-1.66,18.75,-1.64,18.75,-1.64
22.785,18.58,-1.63,18.75,-1.64,18.75,-1.64
22.799,18.6,-1.6,18.75,-1.64,18.75,-1.64
22.813,18.42,-1.63,18.75,-1.64,18.75,-1.64
22.827,18.53,-1.62,18.75,-1.64,18.75,-1.64
22.842,18.77,-1.67,18.75,-1.64,18.75,-1.64
22.858,18.94,-1.72,18.77,-1.64,18.77,-1.64
22.872,21.15,-1.71,18.79,-1.64,18.82,-1.65
22.886,19.86,-1.67,18.98,-1.65,18.99,-1.65
22.901,14.78,-1.63,19.21,-1.66,19.17,-1.66
22.915,14.14,-1.62,19.31,-1.66,19.26,-1.66
22.929,15.83,-1.67,19.26,-1.66,19.22,-1.66
22.944,18.32,-1.53,19.01,-1.66,19.01,-1.66
22.958,21.28,-1.54,18.74,-1.66,18.77,-1.66
22.972,19.43,-1.65,18.7,-1.65,18.71,-1.65
22.987,18.49,-1.57,18.71,-1.65,18.7,-1.65
23.001,18.37,-1.66,18.72,-1.65,18.72,-1.65
23.015,18.47,-1.65,18.72,-1.65,18.72,-1.65
23.03,18.45,-1.68,18.72,-1.65,18.72,-1.65
23.043,18.42,-1.7,18.72,-1.65,18.72,-1.65
23.058,18.56,-1.65,18.72,-1.65,18.72,-1.65
23.073,18.61,-1.58,18.71,-1.65,18.71,-1.65
23.087,18.5,-1.73,18.71,-1.65,18.71,-1.65
23.102,18.52,-1.77,18.72,-1.65,18.71,-1.65
23.116,18.54,-1.7,18.72,-1.65,18.72,-1.65
23.131,18.62,-1.71,18.73,-1.65,18.73,-1.65
23.145,19.06,-1.74,18.74,-1.65,18.74,-1.65
23.16,16.99,-3.43,18.77,-1.65,18.76,-1.67
23.174,15.14,-5.43,18.82,-1.67,18.78,-1.71
23.188,20.36,-3.63,18.81,-1.69,18.82,-1.71
23.202,19.67,-1.29,18.82,-1.69,18.83,-1.68
23.216,19.07,0.91,18.81,-1.67,18.81,-1.65
23.23,19.33,0.63,18.83,-1.66,18.84,-1.64
23.244,19.31,0.39,18.94,-1.65,18.94,-1.63
23.259,16.34,-0.26,19.14,-1.64,19.11,-1.63
23.273,16.35,-0.74,19.31,-1.55,19.28,-1.54
23.287,19.15,-2.99,19.42,-1.42,19.42,-1.44
23.301,19.68,-3.78,19.51,-1.36,19.51,-1.38
23.316,17.89,-1.49,19.65,-1.35,19.63,-1.35
23.33,16.44,0.04,19.81,-1.35,19.78,-1.33
23.344,14.65,-0.17,19.93,-1.27,19.88,-1.26
23.365,17.96,-4.83,20.06,-1.09,20.04,-1.12
23.379,18.45,-4.43,20.09,-1.16,20.08,-1.19
23.393,16.11,-0.7,20.16,-1.27,20.12,-1.26
23.408,16.23,-0.2,20.22,-1.28,20.18,-1.27
23.422,16.18,-1.14,20.23,-1.24,20.19,-1.24
23.436,16.99,-3.27,20.18,-1.17,20.15,-1.19
23.45,18.13,-3.54,20.1,-1.1,20.08,-1.13
23.464,17.82,-1.95,20.09,-1.04,20.07,-1.05
23.479,16.55,-0.64,20.18,-0.92,20.15,-0.91
23.493,18.64,-8.74,20.29,-0.75,20.28,-0.83
23.507,17.46,-7.78,20.48,-0.95,20.45,-1.02
23.521,16.74,-3.85,20.67,-1.29,20.63,-1.32
23.535,15.83,-1.36,20.84,-1.59,20.79,-1.59
23.55,15.47,-1.83,20.93,-1.72,20.87,-1.73
23.564,17.04,-1.3,20.97,-1.86,20.93,-1.85
23.578,17.9,-0.78,20.91,-1.97,20.88,-1.96
23.594,15.82,0.36,20.83,-2.08,20.78,-2.05
23.608,16.44,0.67,20.86,-2.07,20.81,-2.04
23.622,18.16,-0.68,20.95,-2.03,20.92,-2.02
23.636,18.11,-1.52,21.04,-2.01,21.01,-2.0
23.65,17.73,-2.36,21.07,-1.99,21.04,-1.99
23.664,17.45,-4.89,21.06,-1.99,21.03,-2.01
23.678,17.92,-5.66,21.07,-2.07,21.04,-2.1
23.692,14.0,-1.76,21.13,-2.17,21.06,-2.17
23.707,12.59,-1.13,21.26,-2.09,21.17,-2.08
23.721,13.45,-1.57,21.41,-2.0,21.33,-1.99
23.735,14.41,-2.05,21.6,-2.05,21.53,-2.05
23.749,14.91,-1.39,21.83,-2.11,21.76,-2.1
23.763,13.61,-1.36,22.05,-2.16,21.97,-2.16
23.777,11.32,-3.09,22.14,-2.2,22.03,-2.21
23.792,13.41,-1.78,22.15,-2.25,22.06,-2.25
23.806,15.05,-1.97,22.22,-2.25,22.15,-2.25
23.82,14.25,-1.77,22.34,-2.25,22.26,-2.24
23.835,12.86,-0.83,22.47,-2.31,22.37,-2.29
23.849,12.54,-2.18,22.57,-2.37,22.47,-2.37
23.863,12.9,-2.94,22.72,-2.36,22.62,-2.37
23.878,12.45,-2.84,22.88,-2.38,22.78,-2.39
23.892,12.48,-0.72,23.06,-2.46,22.96,-2.44
23.906,12.87,-1.5,23.22,-2.39,23.12,-2.38
23.92,13.62,0.22,23.36,-2.31,23.26,-2.29
23.935,14.92,-0.96,23.46,-2.24,23.38,-2.23
23.949,16.78,-2.32,23.62,-2.23,23.55,-2.23
23.963,9.89,-0.37,23.77,-2.62,23.63,-2.6
23.977,6.48,1.74,23.94,-2.97,23.76,-2.93
23.991,7.91,-1.71,24.36,-3.09,24.2,-3.08
24.006,8.85,-4.62,24.81,-3.23,24.65,-3.24
24.02,6.25,1.84,25.24,-3.34,25.05,-3.29
24.034,7.36,7.78,25.42,-3.08,25.24,-2.97
24.048,10.08,-6.51,25.55,-2.4,25.39,-2.44
24.062,9.19,-7.14,25.63,-2.05,25.47,-2.1
24.076,4.22,-1.47,25.75,-2.08,25.53,-2.08
24.091,7.26,-0.64,25.61,-2.15,25.43,-2.14
24.105,8.72,-0.78,25.45,-2.15,25.29,-2.14
24.119,6.86,-1.72,25.34,-2.13,25.16,-2.13
24.134,6.63,-1.77,25.24,-2.12,25.05,-2.12
24.148,8.02,-1.54,25.08,-2.12,24.91,-2.11
24.162,8.1,-1.51,24.88,-2.11,24.71,-2.11
24.176,7.89,-1.48,24.69,-2.1,24.52,-2.1
24.19,7.88,-1.45,24.5,-2.1,24.33,-2.09
24.204,8.99,-1.38,24.3,-2.09,24.15,-2.08
24.219,7.99,-1.1,24.15,-2.08,23.99,-2.07
24.233,6.47,-0.64,23.98,-2.07,23.81,-2.05
24.247,7.69,-1.79,23.75,-2.06,23.59,-2.05
24.261,9.61,-2.06,23.44,-2.05,23.31,-2.05
24.276,9.48,-2.38,23.19,-2.05,23.06,-2.06
24.29,7.74,-2.09,23.15,-2.06,23.0,-2.06
24.304,12.48,-1.08,23.1,-2.06,22.99,-2.05
24.318,7.22,-1.15,23.32,-2.05,23.16,-2.04
24.332,0.95,-1.71,23.59,-2.02,23.36,-2.02
24.346,4.74,-1.83,23.63,-2.0,23.44,-2.0
24.361,3.14,-1.71,23.3,-2.01,23.1,-2.0
24.375,8.46,-1.22,22.78,-2.02,22.63,-2.01
24.389,19.12,-1.12,21.93,-2.02,21.9,-2.01
24.403,9.78,-1.83,21.54,-2.01,21.43,-2.01
24.418,7.73,-1.68,21.53,-2.0,21.39,-2.0
24.432,8.39,-1.44,21.46,-2.0,21.33,-1.99
24.446,8.91,-1.44,21.32,-1.99,21.19,-1.99
24.46,8.89,-1.5,21.18,-1.99,21.06,-1.98
24.475,8.72,-1.59,21.06,-1.98,20.94,-1.98
24.489,8.7,-1.58,20.94,-1.98,20.82,-1.97
24.503,8.74,-1.51,20.82,-1.97,20.7,-1.97
24.517,8.79,-1.56,20.7,-1.97,20.58,-1.97
24.532,8.77,-1.62,20.58,-1.97,20.47,-1.96
24.546,8.78,-1.57,20.47,-1.96,20.35,-1.96
24.56,8.8,-1.53,20.35,-1.96,20.24,-1.95
24.575,8.75,-1.6,20.24,-1.95,20.12,-1.95
24.589,8.71,-1.6,20.12,-1.95,20.01,-1.94
24.603,8.79,-1.57,20.01,-1.94,19.9,-1.94
24.617,8.76,-1.6,19.9,-1.94,19.79,-1.93
24.632,8.72,-1.56,19.79,-1.93,19.68,-1.93
24.646,8.78,-1.56,19.68,-1.93,19.57,-1.93
24.66,8.79,-1.5,19.57,-1.93,19.47,-1.92
24.675,8.76,-1.48,19.47,-1.92,19.36,-1.92
24.689,8.79,-1.53,19.36,-1.92,19.26,-1.92
24.703,8.79,-1.57,19.26,-1.92,19.16,-1.91
24.717,8.76,-1.57,19.16,-1.91,19.05,-1.91
24.732,8.75,-1.54,19.06,-1.91,18.95,-1.9
24.746,8.76,-1.5,18.95,-1.9,18.85,-1.9
24.76,8.74,-1.53,18.85,-1.9,18.75,-1.9
24.775,8.79,-1.54,18.76,-1.9,18.66,-1.89
24.789,8.76,-1.52,18.66,-1.89,18.56,-1.89
24.804,8.72,-1.5,18.56,-1.89,18.46,-1.88
24.818,8.74,-1.49,18.46,-1.88,18.37,-1.88
24.832,8.74,-1.56,18.37,-1.88,18.27,-1.88
24.846,8.72,-1.6,18.27,-1.88,18.18,-1.87
24.86,8.77,-1.57,18.18,-1.87,18.09,-1.87
24.877,8.76,-1.62,18.09,-1.87,17.99,-1.87
24.892,8.74,-1.62,17.99,-1.86,17.9,-1.86
24.906,8.75,-1.59,17.9,-1.86,17.81,-1.86
24.92,8.73,-1.5,17.82,-1.86,17.72,-1.85
24.935,8.78,-1.52,17.73,-1.85,17.64,-1.85
24.949,8.8,-1.59,17.64,-1.85,17.55,-1.85
24.963,8.79,-1.56,17.55,-1.85,17.46,-1.85
24.977,8.75,-1.54,17.47,-1.85,17.38,-1.84
24.991,8.76,-1.57,17.38,-1.84,17.3,-1.84
25.006,8.72,-1.57,17.3,-1.84,17.21,-1.84
25.02,8.71,-1.53,17.21,-1.84,17.13,-1.83
25.035,8.74,-1.55,17.13,-1.83,17.05,-1.83
25.051,8.79,-1.58,17.05,-1.83,16.97,-1.83
25.066,8.74,-1.55,16.97,-1.83,16.89,-1.83
25.08,8.74,-1.51,16.89,-1.83,16.81,-1.82
25.094,8.74,-1.53,16.81,-1.82,16.73,-1.82
25.109,8.77,-1.5,16.73,-1.82,16.65,-1.82
25.123,8.78,-1.48,16.65,-1.82,16.57,-1.81
25.137,8.72,-1.51,16.57,-1.81,16.5,-1.81
25.151,8.71,-1.5,16.5,-1.81,16.42,-1.81
25.165,8.77,-1.52,16.42,-1.81,16.34,-1.8
25.179,8.78,-1.53,16.35,-1.8,16.27,-1.8
25.194,8.75,-1.59,16.27,-1.8,16.2,-1.8
25.208,8.79,-1.59,16.2,-1.8,16.13,-1.8
25.222,8.81,-1.54,16.13,-1.8,16.06,-1.79
25.236,8.79,-1.48,16.06,-1.79,15.98,-1.79
25.25,8.76,-1.49,15.99,-1.79,15.91,-1.79
25.265,8.75,-1.51,15.92,-1.79,15.84,-1.78
25.279,8.77,-1.52,15.85,-1.78,15.77,-1.78
25.293,8.76,-1.55,15.78,-1.78,15.71,-1.78
25.307,8.76,-1.56,15.71,-1.78,15.64,-1.78
25.321,8.81,-1.55,15.64,-1.78,15.57,-1.78
25.335,8.82,-1.52,15.58,-1.78,15.51,-1.77
25.35,8.78,-1.52,15.51,-1.77,15.44,-1.77
25.364,8.75,-1.57,15.45,-1.77,15.38,-1.77
25.379,8.77,-1.57,15.38,-1.77,15.32,-1.77
25.392,8.75,-1.52,15.32,-1.77,15.25,-1.77
25.407,8.74,-1.47,15.25,-1.77,15.19,-1.76
25.421,8.77,-1.48,15.19,-1.76,15.13,-1.76
25.435,8.75,-1.47,15.13,-1.76,15.07,-1.76
25.449,8.74,-1.5,15.07,-1.76,15.0,-1.75
25.464,8.76,-1.54,15.01,-1.75,14.94,-1.75
25.478,8.75,-1.55,14.94,-1.75,14.88,-1.75
25.492,8.81,-1.54,14.88,-1.75,14.82,-1.75
25.506,8.82,-1.57,14.83,-1.75,14.77,-1.75
25.52,8.75,-1.5,14.77,-1.75,14.71,-1.75
25.534,8.73,-1.48,14.71,-1.74,14.65,-1.74
25.548,8.75,-1.54,14.65,-1.74,14.59,-1.74
25.563,8.81,-1.54,14.59,-1.74,14.54,-1.74
25.577,8.82,-1.52,14.54,-1.74,14.48,-1.73
25.591,8.77,-1.52,14.48,-1.73,14.43,-1.73
25.605,8.78,-1.5,14.43,-1.73,14.37,-1.73
25.62,8.69,-1.51,14.37,-1.73,14.32,-1.73
25.634,8.7,-1.52,14.32,-1.73,14.26,-1.72
25.648,8.75,-1.48,14.26,-1.72,14.21,-1.72
25.662,8.75,-1.48,14.21,-1.72,14.15,-1.72
25.677,8.77,-1.52,14.16,-1.72,14.1,-1.72
25.691,8.74,-1.55,14.1,-1.72,14.05,-1.72
25.705,8.73,-1.56,14.05,-1.72,14.0,-1.71
25.72,8.77,-1.55,14.0,-1.71,13.95,-1.71
25.734,8.78,-1.5,13.95,-1.71,13.9,-1.71
25.748,8.8,-1.46,13.9,-1.71,13.85,-1.71
25.763,8.78,-1.46,13.85,-1.71,13.8,-1.7
25.777,8.75,-1.53,13.8,-1.7,13.75,-1.7
25.791,8.72,-1.56,13.75,-1.7,13.7,-1.7
25.805,8.69,-1.57,13.7,-1.7,13.65,-1.7
25.82,8.84,-1.5,13.65,-1.7,13.61,-1.7
25.834,8.85,-1.5,13.61,-1.7,13.56,-1.69
25.848,8.75,-1.5,13.56,-1.69,13.52,-1.69
25.862,8.72,-1.57,13.52,-1.69,13.47,-1.69
25.876,8.73,-1.57,13.47,-1.69,13.43,-1.69
25.89,8.76,-1.54,13.43,-1.69,13.38,-1.69
25.904,8.79,-1.53,13.38,-1.69,13.34,-1.69
25.919,8.78,-1.54,13.34,-1.69,13.29,-1.68
25.933,8.76,-1.51,13.29,-1.68,13.25,-1.68
25.947,8.75,-1.53,13.25,-1.68,13.21,-1.68
25.961,8.79,-1.6,13.21,-1.68,13.16,-1.68
25.975,8.8,-1.58,13.17,-1.68,13.12,-1.68
25.989,8.76,-1.52,13.12,-1.68,13.08,-1.68
26.004,8.71,-1.48,13.08,-1.68,13.04,-1.68
26.018,8.83,-1.53,13.04,-1.68,13.0,-1.67
26.032,8.82,-1.54,13.0,-1.67,12.96,-1.67
26.046,8.76,-1.59,12.96,-1.67,12.92,-1.67
26.061,8.74,-1.61,12.92,-1.67,12.88,-1.67
26.075,8.74,-1.51,12.88,-1.67,12.84,-1.67
26.089,8.75,-1.46,12.84,-1.67,12.8,-1.67
26.104,8.78,-1.5,12.8,-1.66,12.76,-1.66
26.118,8.77,-1.54,12.77,-1.66,12.73,-1.66
26.132,8.79,-1.59,12.73,-1.66,12.69,-1.66
26.146,8.8,-1.57,12.69,-1.66,12.65,-1.66
26.161,8.76,-1.53,12.65,-1.66,12.61,-1.66
26.175,8.76,-1.48,12.62,-1.66,12.58,-1.66
26.189,8.8,-1.5,12.58,-1.66,12.54,-1.65
26.203,8.69,-1.57,12.54,-1.65,12.5,-1.65
26.217,8.7,-1.57,12.51,-1.65,12.47,-1.65
26.232,8.78,-1.5,12.47,-1.65,12.43,-1.65
26.246,8.74,-1.48,12.43,-1.65,12.4,-1.65
26.26,8.71,-1.49,12.4,-1.65,12.36,-1.65
26.274,8.77,-1.55,12.36,-1.65,12.33,-1.65
26.289,8.76,-1.57,12.33,-1.65,12.29,-1.65
26.303,8.75,-1.57,12.3,-1.65,12.26,-1.65
26.317,8.79,-1.54,12.26,-1.64,12.23,-1.64
26.332,8.81,-1.51,12.23,-1.64,12.2,-1.64
26.346,8.82,-1.51,12.2,-1.64,12.16,-1.64
26.36,8.79,-1.5,12.16,-1.64,12.13,-1.64
26.374,8.77,-1.55,12.13,-1.64,12.1,-1.64
26.389,8.73,-1.56,12.1,-1.64,12.07,-1.64
26.403,8.71,-1.54,12.07,-1.64,12.04,-1.64
26.417,8.76,-1.55,12.04,-1.64,12.0,-1.64
26.431,8.76,-1.48,12.01,-1.64,11.97,-1.64
26.446,8.78,-1.45,11.98,-1.64,11.94,-1.63
26.46,8.75,-1.52,11.95,-1.63,11.91,-1.63
26.474,8.71,-1.54,11.91,-1.63,11.88,-1.63
26.492,8.69,-1.59,11.88,-1.63,11.85,-1.63
26.506,8.7,-1.58,11.86,-1.63,11.82,-1.63
26.52,8.77,-1.6,11.83,-1.63,11.8,-1.63
26.535,8.81,-1.58,11.8,-1.63,11.77,-1.63
26.549,8.73,-1.57,11.77,-1.63,11.74,-1.63
26.563,8.73,-1.59,11.74,-1.63,11.71,-1.63
26.577,8.75,-1.54,11.71,-1.63,11.68,-1.63
26.592,8.78,-1.48,11.68,-1.63,11.65,-1.62
26.606,8.76,-1.46,11.66,-1.62,11.63,-1.62
26.62,8.78,-1.54,11.63,-1.62,11.6,-1.62
26.634,8.74,-1.59,11.61,-1.62,11.58,-1.62
26.649,8.72,-1.61,11.58,-1.62,11.55,-1.62
26.663,8.75,-1.56,11.55,-1.62,11.52,-1.62
26.677,8.76,-1.54,11.53,-1.62,11.5,-1.62
26.691,8.81,-1.52,11.5,-1.62,11.47,-1.62
26.706,8.76,-1.55,11.47,-1.62,11.45,-1.62
26.72,8.73,-1.57,11.45,-1.62,11.42,-1.62
26.735,8.72,-1.57,11.42,-1.62,11.4,-1.62
26.749,8.79,-1.52,11.4,-1.62,11.37,-1.61
26.763,8.81,-1.51,11.38,-1.61,11.35,-1.61
26.778,8.78,-1.51,11.35,-1.61,11.33,-1.61
26.792,8.79,-1.53,11.33,-1.61,11.3,-1.61
26.806,8.74,-1.66,11.31,-1.61,11.28,-1.61
26.82,8.77,-1.64,11.28,-1.61,11.26,-1.61
26.834,8.83,-1.59,11.26,-1.61,11.23,-1.61
26.849,8.77,-1.54,11.24,-1.61,11.21,-1.61
26.863,8.77,-1.55,11.21,-1.61,11.19,-1.61
26.877,8.77,-1.56,11.19,-1.61,11.17,-1.61
26.892,8.75,-1.52,11.17,-1.61,11.14,-1.61
26.906,8.74,-1.52,11.15,-1.61,11.12,-1.61
26.92,8.78,-1.51,11.12,-1.61,11.1,-1.61
26.934,8.77,-1.52,11.1,-1.61,11.08,-1.61
26.948,8.75,-1.53,11.08,-1.61,11.06,-1.61
26.963,8.69,-1.54,11.06,-1.61,11.03,-1.6
26.977,8.69,-1.57,11.04,-1.61,11.01,-1.61
26.991,8.71,-1.55,11.02,-1.61,10.99,-1.6
27.005,8.76,-1.52,10.99,-1.6,10.97,-1.6
27.019,8.76,-1.58,10.97,-1.6,10.95,-1.6
27.033,8.79,-1.63,10.95,-1.6,10.93,-1.6
27.047,8.76,-1.56,10.94,-1.6,10.91,-1.6
27.062,8.78,-1.52,10.92,-1.6,10.89,-1.6
27.076,8.76,-1.55,10.9,-1.6,10.88,-1.6
27.09,8.73,-1.55,10.88,-1.6,10.86,-1.6
27.104,8.78,-1.5,10.86,-1.6,10.84,-1.6
27.119,8.77,-1.47,10.84,-1.6,10.82,-1.6
27.133,8.77,-1.56,10.82,-1.6,10.8,-1.6
27.147,8.77,-1.58,10.8,-1.6,10.78,-1.6
27.161,8.68,-1.54,10.78,-1.6,10.76,-1.6
27.176,8.69,-1.54,10.76,-1.6,10.74,-1.6
27.19,8.75,-1.53,10.74,-1.6,10.72,-1.6
27.204,8.82,-1.55,10.73,-1.6,10.71,-1.6
27.218,8.82,-1.55,10.71,-1.6,10.69,-1.59
27.232,8.76,-1.52,10.69,-1.59,10.67,-1.59
27.246,8.74,-1.53,10.67,-1.59,10.65,-1.59
27.261,8.73,-1.55,10.65,-1.59,10.64,-1.59
27.275,8.78,-1.52,10.64,-1.59,10.62,-1.59
27.289,8.81,-1.49,10.62,-1.59,10.6,-1.59
27.303,8.79,-1.52,10.61,-1.59,10.59,-1.59
27.318,8.76,-1.49,10.59,-1.59,10.57,-1.59
27.332,8.73,-1.48,10.57,-1.59,10.56,-1.59
27.346,8.74,-1.51,10.56,-1.59,10.54,-1.59
27.361,8.79,-1.54,10.54,-1.59,10.52,-1.58
27.375,8.78,-1.54,10.53,-1.59,10.51,-1.59
27.389,8.76,-1.54,10.51,-1.59,10.49,-1.59
27.404,8.77,-1.54,10.5,-1.59,10.48,-1.59
27.418,8.78,-1.54,10.48,-1.59,10.46,-1.59
27.432,8.75,-1.55,10.47,-1.59,10.45,-1.59
27.446,8.75,-1.57,10.45,-1.59,10.43,-1.59
27.461,8.72,-1.51,10.44,-1.59,10.42,-1.59
27.475,8.77,-1.49,10.42,-1.59,10.41,-1.59
27.489,8.76,-1.5,10.41,-1.59,10.39,-1.58
27.503,8.78,-1.56,10.39,-1.58,10.38,-1.58
27.518,8.78,-1.56,10.38,-1.58,10.36,-1.58
27.532,8.74,-1.56,10.36,-1.58,10.35,-1.58
27.546,8.75,-1.57,10.35,-1.58,10.33,-1.58
27.56,8.82,-1.54,10.33,-1.58,10.32,-1.58
27.575,8.8,-1.55,10.32,-1.58,10.31,-1.58
27.589,8.78,-1.55,10.31,-1.58,10.29,-1.58
27.603,8.79,-1.52,10.3,-1.58,10.28,-1.58
27.617,8.72,-1.55,10.28,-1.58,10.27,-1.58
27.631,8.73,-1.55,10.27,-1.58,10.25,-1.58
27.645,8.73,-1.52,10.26,-1.58,10.24,-1.58
27.659,8.79,-1.51,10.24,-1.58,10.23,-1.58
27.674,8.85,-1.51,10.23,-1.58,10.22,-1.58
27.688,8.73,-1.55,10.22,-1.58,10.2,-1.58
27.702,8.68,-1.57,10.21,-1.58,10.19,-1.58
27.716,8.81,-1.55,10.19,-1.58,10.18,-1.58
27.73,8.79,-1.59,10.18,-1.58,10.17,-1.58
27.744,8.73,-1.6,10.17,-1.58,10.15,-1.58
27.758,8.71,-1.53,10.15,-1.58,10.14,-1.58
27.772,8.72,-1.58,10.14,-1.58,10.13,-1.58
27.786,8.74,-1.57,10.13,-1.58,10.12,-1.58
27.801,8.76,-1.52,10.12,-1.58,10.1,-1.58
27.815,8.81,-1.48,10.1,-1.58,10.09,-1.58
27.829,8.84,-1.51,10.09,-1.58,10.08,-1.58
27.843,8.82,-1.57,10.08,-1.58,10.07,-1.58
27.857,8.75,-1.55,10.07,-1.58,10.06,-1.58
27.871,8.73,-1.54,10.06,-1.58,10.05,-1.58
27.885,8.82,-1.51,10.05,-1.57,10.04,-1.57
27.899,8.79,-1.52,10.04,-1.57,10.03,-1.57
27.913,8.71,-1.57,10.03,-1.57,10.01,-1.57
27.929,8.76,-1.56,10.02,-1.57,10.0,-1.57
27.943,8.75,-1.58,10.01,-1.57,9.99,-1.57
27.958,8.72,-1.57,9.99,-1.57,9.98,-1.57
27.972,8.74,-1.54,9.98,-1.57,9.97,-1.57
27.986,8.75,-1.51,9.97,-1.57,9.96,-1.57
28.0,8.73,-1.52,9.96,-1.57,9.95,-1.57
28.014,8.79,-1.55,9.95,-1.57,9.94,-1.57
28.029,8.77,-1.58,9.94,-1.57,9.93,-1.57
28.043,8.76,-1.57,9.93,-1.57,9.92,-1.57
28.057,8.76,-1.53,9.92,-1.57,9.91,-1.57
28.071,8.79,-1.55,9.91,-1.57,9.9,-1.57
28.085,8.78,-1.55,9.9,-1.57,9.89,-1.57
28.099,8.75,-1.59,9.89,-1.57,9.88,-1.57
28.117,8.77,-1.56,9.88,-1.57,9.87,-1.57
28.131,8.77,-1.49,9.88,-1.57,9.86,-1.57
28.148,8.73,-1.52,9.87,-1.57,9.86,-1.56
28.162,8.8,-1.59,9.86,-1.56,9.85,-1.56
28.176,8.79,-1.6,9.85,-1.56,9.84,-1.56
28.191,8.76,-1.52,9.84,-1.56,9.83,-1.56
28.205,8.76,-1.5,9.83,-1.56,9.82,-1.56
28.219,8.77,-1.49,9.82,-1.56,9.81,-1.56
28.233,8.78,-1.49,9.81,-1.56,9.8,-1.56
28.247,8.78,-1.49,9.8,-1.56,9.79,-1.56
28.261,8.77,-1.54,9.79,-1.56,9.78,-1.56
28.275,8.78,-1.54,9.79,-1.56,9.78,-1.56
28.29,8.74,-1.55,9.78,-1.56,9.77,-1.56
28.304,8.71,-1.56,9.77,-1.56,9.76,-1.56
28.318,8.72,-1.57,9.76,-1.56,9.75,-1.56
28.334,8.78,-1.53,9.75,-1.56,9.74,-1.56
28.348,8.79,-1.5,9.74,-1.56,9.73,-1.56
28.363,8.75,-1.46,9.74,-1.56,9.73,-1.56
28.377,8.73,-1.48,9.73,-1.56,9.72,-1.56
28.391,8.8,-1.55,9.72,-1.56,9.71,-1.56
28.405,8.81,-1.56,9.71,-1.56,9.7,-1.56
28.42,8.8,-1.59,9.71,-1.56,9.7,-1.56
28.434,8.79,-1.61,9.7,-1.56,9.69,-1.56
28.448,8.79,-1.55,9.69,-1.56,9.68,-1.56
28.463,8.77,-1.59,9.68,-1.56,9.67,-1.56
28.477,8.75,-1.56,9.68,-1.56,9.67,-1.56
28.491,8.75,-1.51,9.67,-1.56,9.66,-1.56
28.505,8.76,-1.52,9.66,-1.56,9.65,-1.56
28.519,8.79,-1.55,9.65,-1.56,9.64,-1.56
28.533,8.75,-1.57,9.64,-1.56,9.64,-1.56
28.548,8.77,-1.53,9.64,-1.56,9.63,-1.56
28.562,8.79,-1.5,9.63,-1.56,9.62,-1.56
28.576,8.74,-1.54,9.62,-1.56,9.61,-1.56
28.59,8.75,-1.56,9.62,-1.56,9.61,-1.56
28.605,8.76,-1.57,9.61,-1.56,9.6,-1.56
28.619,8.8,-1.58,9.6,-1.56,9.59,-1.56
28.633,8.79,-1.57,9.6,-1.56,9.59,-1.56
28.648,8.78,-1.52,9.59,-1.56,9.58,-1.56
28.662,8.75,-1.55,9.59,-1.56,9.58,-1.56
28.676,8.74,-1.55,9.58,-1.56,9.57,-1.56
28.692,8.76,-1.53,9.57,-1.56,9.56,-1.56
28.706,8.74,-1.52,9.57,-1.56,9.56,-1.56
28.72,8.72,-1.52,9.56,-1.56,9.55,-1.56
28.734,8.75,-1.5,9.55,-1.56,9.54,-1.56
28.748,8.76,-1.47,9.54,-1.56,9.54,-1.56
28.762,8.77,-1.48,9.54,-1.56,9.53,-1.56
28.778,8.8,-1.57,9.53,-1.56,9.53,-1.56
28.792,8.8,-1.58,9.53,-1.56,9.52,-1.56
28.806,8.79,-1.59,9.52,-1.55,9.51,-1.56
28.82,8.76,-1.58,9.52,-1.56,9.51,-1.56
28.835,8.75,-1.55,9.51,-1.56,9.5,-1.56
28.849,8.75,-1.57,9.51,-1.56,9.5,-1.56
28.863,8.76,-1.57,9.5,-1.56,9.49,-1.56
28.877,8.77,-1.57,9.49,-1.56,9.49,-1.56
28.892,8.77,-1.53,9.49,-1.55,9.48,-1.55
28.905,8.72,-1.54,9.49,-1.55,9.48,-1.55
28.919,8.74,-1.58,9.48,-1.55,9.47,-1.55
28.934,8.79,-1.57,9.47,-1.55,9.47,-1.55
28.948,8.75,-1.54,9.47,-1.55,9.46,-1.55
28.962,8.8,-1.6,9.46,-1.55,9.46,-1.55
28.976,8.8,-1.61,9.46,-1.55,9.45,-1.55
28.991,8.71,-1.57,9.45,-1.56,9.45,-1.56
29.005,8.71,-1.53,9.45,-1.55,9.44,-1.55
29.019,8.74,-1.51,9.44,-1.55,9.43,-1.55
29.033,8.74,-1.52,9.44,-1.55,9.43,-1.55
29.047,8.73,-1.49,9.43,-1.55,9.42,-1.55
29.062,8.84,-1.53,9.43,-1.55,9.42,-1.55
29.076,8.83,-1.55,9.42,-1.55,9.42,-1.55
29.09,8.76,-1.5,9.42,-1.55,9.41,-1.55
29.104,8.74,-1.49,9.41,-1.55,9.41,-1.55
29.118,8.74,-1.51,9.41,-1.55,9.4,-1.55
29.132,8.76,-1.55,9.4,-1.55,9.4,-1.55
29.147,8.8,-1.51,9.4,-1.55,9.39,-1.55
29.161,8.74,-1.53,9.39,-1.55,9.39,-1.55
29.175,8.77,-1.56,9.39,-1.55,9.38,-1.55
29.189,8.74,-1.53,9.38,-1.55,9.38,-1.55
29.203,8.73,-1.53,9.38,-1.55,9.37,-1.55
29.218,8.73,-1.57,9.37,-1.55,9.37,-1.55
29.232,8.69,-1.55,9.37,-1.55,9.36,-1.55
29.246,8.7,-1.53,9.36,-1.55,9.36,-1.55
29.26,8.73,-1.5,9.36,-1.55,9.35,-1.54
29.274,8.72,-1.52,9.36,-1.54,9.35,-1.54
29.288,8.72,-1.56,9.35,-1.54,9.34,-1.54
29.302,8.73,-1.57,9.34,-1.54,9.34,-1.55
29.316,8.76,-1.54,9.34,-1.55,9.33,-1.54
29.331,8.76,-1.48,9.34,-1.54,9.33,-1.54
29.345,8.75,-1.5,9.33,-1.54,9.33,-1.54
29.359,8.79,-1.58,9.33,-1.54,9.32,-1.54
29.373,8.77,-1.59,9.32,-1.54,9.32,-1.54
29.388,8.81,-1.52,9.32,-1.54,9.31,-1.54
29.402,8.79,-1.55,9.31,-1.54,9.31,-1.54
29.416,8.73,-1.54,9.31,-1.55,9.31,-1.55
29.431,8.77,-1.5,9.31,-1.55,9.3,-1.55
29.445,8.8,-1.53,9.3,-1.55,9.3,-1.55
29.459,8.76,-1.58,9.3,-1.55,9.3,-1.55
29.473,8.75,-1.52,9.3,-1.55,9.29,-1.55
29.487,8.77,-1.51,9.29,-1.55,9.29,-1.55
29.501,8.78,-1.52,9.29,-1.55,9.28,-1.55
29.516,8.82,-1.58,9.28,-1.55,9.28,-1.55
29.53,8.83,-1.61,9.28,-1.55,9.28,-1.55
29.544,8.81,-1.61,9.28,-1.55,9.27,-1.55
29.558,8.79,-1.54,9.28,-1.55,9.27,-1.55
29.572,8.78,-1.52,9.27,-1.55,9.27,-1.55
29.586,8.82,-1.54,9.27,-1.55,9.27,-1.55
29.6,8.82,-1.58,9.27,-1.55,9.27,-1.55
29.614,8.83,-1.57,9.27,-1.55,9.26,-1.55
29.628,8.8,-1.57,9.26,-1.55,9.26,-1.55
29.642,8.75,-1.55,9.26,-1.55,9.26,-1.55
29.657,8.71,-1.55,9.26,-1.55,9.25,-1.55
29.671,8.74,-1.56,9.25,-1.55,9.25,-1.55
29.685,8.78,-1.58,9.25,-1.55,9.25,-1.55
29.7,8.73,-1.53,9.25,-1.55,9.24,-1.55
29.714,8.74,-1.5,9.25,-1.55,9.24,-1.55
29.728,8.73,-1.57,9.24,-1.55,9.24,-1.55
29.745,8.72,-1.57,9.24,-1.55,9.24,-1.55
29.759,8.71,-1.54,9.24,-1.55,9.23,-1.55
29.773,8.76,-1.53,9.23,-1.55,9.23,-1.55
29.787,8.77,-1.57,9.23,-1.55,9.23,-1.55
29.801,8.75,-1.61,9.23,-1.55,9.22,-1.56
29.815,8.76,-1.54,9.23,-1.56,9.22,-1.55
29.829,8.77,-1.56,9.22,-1.55,9.22,-1.56
29.843,8.76,-1.55,9.22,-1.56,9.22,-1.55
29.858,8.74,-1.53,9.22,-1.55,9.21,-1.55
29.872,8.7,-1.57,9.22,-1.55,9.21,-1.55
29.887,8.74,-1.58,9.21,-1.55,9.21,-1.55
29.901,8.77,-1.54,9.21,-1.55,9.2,-1.55
29.915,8.71,-1.51,9.21,-1.55,9.2,-1.55
29.93,8.7,-1.52,9.2,-1.55,9.2,-1.55
29.944,8.73,-1.56,9.2,-1.55,9.2,-1.55
29.958,8.75,-1.54,9.2,-1.55,9.19,-1.55
29.972,8.78,-1.56,9.19,-1.55,9.19,-1.55
29.986,8.78,-1.59,9.19,-1.55,9.19,-1.55
30.004,8.78,-1.54,9.19,-1.55,9.19,-1.55
30.018,8.78,-1.48,9.19,-1.55,9.19,-1.55
30.032,8.83,-1.47,9.19,-1.55,9.18,-1.55
30.046,8.79,-1.52,9.19,-1.55,9.18,-1.55
30.06,8.74,-1.59,9.18,-1.55,9.18,-1.55
30.075,8.71,-1.57,9.18,-1.55,9.18,-1.55
30.089,8.74,-1.56,9.18,-1.55,9.18,-1.55
30.103,8.73,-1.54,9.18,-1.55,9.17,-1.55
30.117,8.71,-1.5,9.17,-1.55,9.17,-1.55
30.131,8.74,-1.52,9.17,-1.55,9.17,-1.55
30.145,8.83,-1.55,9.17,-1.55,9.17,-1.55
30.159,8.81,-1.55,9.17,-1.55,9.16,-1.55
30.174,8.75,-1.53,9.17,-1.55,9.16,-1.55
30.188,8.74,-1.58,9.17,-1.55,9.16,-1.55
30.202,8.76,-1.59,9.16,-1.55,9.16,-1.55
30.216,8.78,-1.57,9.16,-1.55,9.16,-1.55
30.23,8.75,-1.53,9.16,-1.55,9.16,-1.55
30.244,8.75,-1.55,9.16,-1.55,9.15,-1.55
30.258,8.8,-1.55,9.15,-1.55,9.15,-1.55
30.273,8.8,-1.52,9.15,-1.55,9.15,-1.55
30.287,8.78,-1.53,9.15,-1.55,9.15,-1.55
30.301,8.77,-1.57,9.15,-1.55,9.15,-1.55
30.315,8.73,-1.58,9.15,-1.55,9.14,-1.55
30.329,8.65,-1.52,9.15,-1.55,9.14,-1.55
30.343,8.7,-1.54,9.14,-1.55,9.14,-1.55
30.358,8.74,-1.5,9.14,-1.55,9.14,-1.55
30.373,8.75,-1.48,9.14,-1.55,9.13,-1.55
30.388,8.77,-1.52,9.14,-1.55,9.13,-1.55
30.402,8.78,-1.54,9.13,-1.55,9.13,-1.55
30.416,8.79,-1.51,9.13,-1.55,9.13,-1.55
30.43,8.77,-1.5,9.13,-1.54,9.13,-1.54
30.446,8.79,-1.53,9.13,-1.54,9.13,-1.54
30.46,8.79,-1.52,9.13,-1.54,9.12,-1.54
30.475,8.77,-1.52,9.13,-1.54,9.12,-1.54
30.489,8.76,-1.57,9.12,-1.54,9.12,-1.54
30.503,8.76,-1.58,9.12,-1.54,9.12,-1.54
30.517,8.78,-1.53,9.12,-1.54,9.12,-1.54
30.531,8.79,-1.49,9.12,-1.54,9.12,-1.54
30.545,8.75,-1.52,9.12,-1.54,9.11,-1.54
30.559,8.75,-1.55,9.11,-1.54,9.11,-1.54
30.573,8.73,-1.59,9.11,-1.54,9.11,-1.54
30.587,8.71,-1.57,9.11,-1.54,9.11,-1.54
30.602,8.69,-1.51,9.11,-1.55,9.11,-1.55
30.616,8.78,-1.57,9.11,-1.55,9.11,-1.55
30.63,8.81,-1.57,9.11,-1.54,9.11,-1.54
30.644,8.73,-1.52,9.11,-1.54,9.1,-1.54
30.658,8.73,-1.54,9.1,-1.55,9.1,-1.55
30.672,8.82,-1.52,9.1,-1.55,9.1,-1.55
30.686,8.83,-1.53,9.1,-1.55,9.1,-1.55
30.701,8.79,-1.55,9.1,-1.55,9.1,-1.55
30.715,8.74,-1.57,9.1,-1.55,9.1,-1.55
30.729,8.74,-1.57,9.1,-1.55,9.1,-1.55
30.743,8.78,-1.53,9.1,-1.55,9.09,-1.55
30.757,8.77,-1.54,9.1,-1.55,9.09,-1.54
30.771,8.75,-1.53,9.09,-1.54,9.09,-1.54
30.786,8.77,-1.52,9.09,-1.54,9.09,-1.54
30.801,8.76,-1.48,9.09,-1.54,9.09,-1.54
30.815,8.79,-1.5,9.09,-1.54,9.09,-1.54
30.829,8.8,-1.57,9.09,-1.54,9.09,-1.54
30.844,8.72,-1.59,9.09,-1.54,9.09,-1.54
30.858,8.73,-1.53,9.09,-1.54,9.08,-1.54
30.872,8.82,-1.48,9.08,-1.54,9.08,-1.54
30.886,8.83,-1.48,9.08,-1.54,9.08,-1.54
30.9,8.74,-1.57,9.08,-1.54,9.08,-1.54
30.914,8.72,-1.61,9.08,-1.54,9.08,-1.54
30.929,8.78,-1.6,9.08,-1.54,9.08,-1.54
30.943,8.72,-1.47,9.08,-1.54,9.07,-1.54
30.957,8.73,-1.47,9.08,-1.54,9.07,-1.54
30.971,8.77,-1.59,9.07,-1.54,9.07,-1.54
30.985,8.72,-1.59,9.07,-1.54,9.07,-1.54
30.999,8.75,-1.58,9.07,-1.54,9.07,-1.54
31.014,8.81,-1.54,9.07,-1.54,9.07,-1.54
31.028,8.79,-1.55,9.07,-1.54,9.07,-1.54
31.042,8.78,-1.52,9.07,-1.54,9.06,-1.54
31.056,8.78,-1.5,9.07,-1.54,9.06,-1.54
31.07,8.79,-1.57,9.06,-1.54,9.06,-1.54
31.085,8.79,-1.61,9.06,-1.54,9.06,-1.54
31.099,8.74,-1.52,9.06,-1.54,9.06,-1.54
31.113,8.73,-1.5,9.06,-1.54,9.06,-1.54
31.127,8.78,-1.54,9.06,-1.54,9.06,-1.54
31.141,8.8,-1.51,9.06,-1.54,9.05,-1.54
31.155,8.79,-1.51,9.06,-1.54,9.05,-1.54
31.169,8.73,-1.57,9.06,-1.54,9.05,-1.54
31.184,8.74,-1.57,9.06,-1.54,9.05,-1.54
31.198,8.71,-1.54,9.05,-1.54,9.05,-1.54
31.212,8.76,-1.53,9.05,-1.54,9.05,-1.54
31.226,8.81,-1.52,9.05,-1.54,9.05,-1.54
31.24,8.76,-1.52,9.05,-1.53,9.05,-1.53
31.254,8.71,-1.51,9.05,-1.53,9.05,-1.53
31.268,8.74,-1.48,9.05,-1.53,9.05,-1.53
31.283,8.74,-1.48,9.05,-1.53,9.05,-1.53
31.297,8.78,-1.54,9.05,-1.53,9.05,-1.53
31.311,8.78,-1.59,9.05,-1.53,9.04,-1.53
31.325,8.77,-1.55,9.04,-1.53,9.04,-1.53
31.34,8.81,-1.54,9.04,-1.53,9.04,-1.53
31.354,8.8,-1.52,9.04,-1.53,9.04,-1.53
31.37,8.79,-1.59,9.04,-1.53,9.04,-1.53
31.384,8.74,-1.57,9.04,-1.53,9.04,-1.53
31.398,8.74,-1.54,9.04,-1.53,9.04,-1.53
31.412,8.77,-1.5,9.04,-1.53,9.04,-1.53
31.426,8.79,-1.55,9.04,-1.53,9.04,-1.53
31.44,8.77,-1.58,9.04,-1.53,9.04,-1.53
31.455,8.75,-1.5,9.04,-1.53,9.04,-1.53
31.469,8.75,-1.51,9.04,-1.53,9.04,-1.53
31.483,8.74,-1.52,9.04,-1.53,9.04,-1.53
31.497,8.73,-1.54,9.04,-1.53,9.04,-1.53
31.511,8.75,-1.55,9.04,-1.53,9.04,-1.53
31.525,8.73,-1.56,9.04,-1.53,9.04,-1.53
31.539,8.7,-1.59,9.04,-1.53,9.03,-1.53
31.554,8.78,-1.52,9.03,-1.53,9.03,-1.53
31.568,8.8,-1.54,9.03,-1.53,9.03,-1.53
31.582,8.77,-1.59,9.03,-1.53,9.03,-1.54
31.596,8.79,-1.58,9.03,-1.54,9.03,-1.54
31.61,8.79,-1.56,9.03,-1.54,9.03,-1.54
31.624,8.76,-1.55,9.03,-1.54,9.03,-1.54
31.638,8.75,-1.53,9.03,-1.54,9.03,-1.54
31.653,8.76,-1.55,9.03,-1.54,9.03,-1.54
31.667,8.73,-1.57,9.03,-1.54,9.03,-1.54
31.682,8.74,-1.58,9.03,-1.54,9.03,-1.54
31.695,8.75,-1.59,9.03,-1.54,9.03,-1.54
31.71,8.76,-1.57,9.03,-1.54,9.02,-1.54
31.724,8.79,-1.53,9.03,-1.54,9.02,-1.54
31.738,8.79,-1.52,9.03,-1.54,9.02,-1.54
31.752,8.82,-1.49,9.02,-1.54,9.02,-1.54
31.767,8.83,-1.53,9.02,-1.54,9.02,-1.54
31.781,8.77,-1.57,9.02,-1.54,9.02,-1.54
31.795,8.72,-1.58,9.02,-1.54,9.02,-1.54
31.809,8.72,-1.63,9.02,-1.54,9.02,-1.54
31.824,8.74,-1.65,9.02,-1.54,9.02,-1.54
31.838,8.74,-1.58,9.02,-1.54,9.02,-1.54
31.852,8.73,-1.52,9.02,-1.54,9.02,-1.54
31.866,8.74,-1.53,9.02,-1.54,9.01,-1.54
31.88,8.71,-1.49,9.02,-1.54,9.01,-1.54
31.894,8.72,-1.51,9.02,-1.54,9.01,-1.54
31.908,8.74,-1.6,9.01,-1.54,9.01,-1.54
31.923,8.71,-1.61,9.01,-1.54,9.01,-1.54
31.937,8.72,-1.57,9.01,-1.54,9.01,-1.54
31.951,8.77,-1.51,9.01,-1.54,9.01,-1.54
31.965,8.78,-1.55,9.01,-1.54,9.01,-1.54
31.979,8.79,-1.54,9.01,-1.54,9.01,-1.54
31.993,8.77,-1.55,9.01,-1.54,9.01,-1.54
32.008,8.72,-1.53,9.01,-1.54,9.01,-1.54
32.022,8.71,-1.52,9.01,-1.54,9.01,-1.54
32.036,8.73,-1.52,9.01,-1.54,9.01,-1.54
32.05,8.75,-1.58,9.01,-1.54,9.0,-1.54
32.064,8.77,-1.61,9.01,-1.54,9.0,-1.54
32.078,8.73,-1.57,9.01,-1.54,9.0,-1.54
32.093,8.73,-1.54,9.01,-1.54,9.0,-1.54
32.107,8.8,-1.55,9.01,-1.54,9.0,-1.54
32.121,8.8,-1.51,9.0,-1.54,9.0,-1.54
32.135,8.7,-1.48,9.0,-1.54,9.0,-1.54
32.149,8.69,-1.5,9.0,-1.54,9.0,-1.54
32.164,8.72,-1.53,9.0,-1.54,9.0,-1.54
32.178,8.77,-1.59,9.0,-1.54,9.0,-1.54
32.192,8.76,-1.61,9.0,-1.54,9.0,-1.54
32.206,8.75,-1.58,9.0,-1.54,9.0,-1.54
32.22,8.67,-1.55,9.0,-1.54,9.0,-1.54
32.234,8.68,-1.51,9.0,-1.54,8.99,-1.54
32.249,8.72,-1.47,9.0,-1.54,8.99,-1.54
32.263,8.74,-1.47,9.0,-1.54,8.99,-1.54
32.277,8.74,-1.55,8.99,-1.54,8.99,-1.54
32.291,8.74,-1.54,8.99,-1.54,8.99,-1.54
32.305,8.73,-1.45,8.99,-1.54,8.99,-1.54
32.319,8.71,-1.46,8.99,-1.54,8.99,-1.54
32.333,8.77,-1.59,8.99,-1.54,8.99,-1.54
32.347,8.81,-1.61,8.99,-1.54,8.99,-1.54
32.362,8.82,-1.61,8.99,-1.54,8.99,-1.54
32.376,8.75,-1.61,8.99,-1.54,8.99,-1.54
32.39,8.72,-1.57,8.99,-1.54,8.99,-1.54
32.404,8.75,-1.55,8.99,-1.54,8.99,-1.54
32.418,8.73,-1.55,8.99,-1.54,8.99,-1.54
32.433,8.75,-1.58,8.99,-1.54,8.99,-1.54
32.447,8.8,-1.57,8.99,-1.54,8.99,-1.54
32.461,8.81,-1.53,8.99,-1.54,8.99,-1.54
32.475,8.76,-1.51,8.99,-1.54,8.99,-1.53
32.489,8.76,-1.54,8.99,-1.53,8.99,-1.53
32.504,8.82,-1.52,8.99,-1.54,8.99,-1.54
32.518,8.77,-1.52,8.99,-1.54,8.99,-1.54
32.532,8.75,-1.57,8.99,-1.54,8.98,-1.54
32.546,8.82,-1.55,8.99,-1.54,8.98,-1.54
32.56,8.78,-1.55,8.99,-1.54,8.98,-1.54
32.575,8.71,-1.53,8.99,-1.54,8.98,-1.54
32.589,8.7,-1.51,8.98,-1.54,8.98,-1.54
32.603,8.76,-1.52,8.98,-1.54,8.98,-1.54
32.617,8.78,-1.56,8.98,-1.54,8.98,-1.54
32.631,8.84,-1.55,8.98,-1.54,8.98,-1.54
32.645,8.82,-1.53,8.99,-1.54,8.98,-1.54
32.66,8.7,-1.56,8.99,-1.54,8.98,-1.54
32.674,8.72,-1.59,8.99,-1.54,8.98,-1.54
32.688,8.75,-1.58,8.99,-1.54,8.98,-1.54
32.703,8.79,-1.54,8.99,-1.54,8.98,-1.54
32.717,8.78,-1.56,8.99,-1.54,8.98,-1.54
32.731,8.77,-1.52,8.98,-1.54,8.98,-1.54
32.745,8.79,-1.52,8.99,-1.54,8.98,-1.54
32.76,8.77,-1.52,8.99,-1.54,8.98,-1.54
32.778,8.72,-1.53,8.99,-1.54,8.98,-1.54
32.792,8.74,-1.48,8.99,-1.54,8.98,-1.54
32.806,8.76,-1.52,8.98,-1.54,8.98,-1.54
32.82,8.78,-1.53,8.98,-1.54,8.98,-1.54
32.835,8.76,-1.51,8.98,-1.54,8.98,-1.54
32.849,8.75,-1.55,8.98,-1.54,8.98,-1.54
32.863,8.74,-1.55,8.98,-1.54,8.98,-1.54
32.878,8.75,-1.58,8.98,-1.54,8.98,-1.54
32.892,8.78,-1.57,8.98,-1.54,8.98,-1.54
32.906,8.81,-1.52,8.98,-1.54,8.98,-1.54
32.921,8.8,-1.51,8.98,-1.54,8.98,-1.54
32.935,8.79,-1.51,8.98,-1.54,8.98,-1.54
32.95,8.78,-1.52,8.98,-1.54,8.98,-1.54
32.964,8.77,-1.53,8.98,-1.54,8.98,-1.54
32.978,8.75,-1.56,8.98,-1.54,8.98,-1.54
32.997,8.78,-1.57,8.98,-1.54,8.98,-1.54
33.01,8.77,-1.55,8.98,-1.54,8.98,-1.54
33.024,8.79,-1.55,8.98,-1.54,8.98,-1.54
33.038,8.75,-1.54,8.98,-1.54,8.98,-1.54
33.053,8.74,-1.54,8.98,-1.54,8.98,-1.54
33.068,8.8,-1.52,8.98,-1.54,8.98,-1.54
33.082,8.79,-1.52,8.98,-1.54,8.98,-1.54
33.098,8.75,-1.48,8.98,-1.54,8.98,-1.54
33.112,8.73,-1.52,8.98,-1.54,8.98,-1.54
33.126,8.82,-1.5,8.98,-1.54,8.98,-1.54
33.141,8.79,-1.51,8.98,-1.54,8.98,-1.54
33.155,8.74,-1.51,8.98,-1.54,8.98,-1.54
33.169,8.78,-1.47,8.98,-1.53,8.98,-1.53
33.184,8.75,-1.5,8.98,-1.53,8.98,-1.53
33.198,8.74,-1.52,8.98,-1.53,8.98,-1.53
33.212,8.75,-1.54,8.98,-1.53,8.98,-1.53
33.226,8.72,-1.53,8.98,-1.53,8.98,-1.53
33.24,8.72,-1.57,8.98,-1.53,8.98,-1.53
33.255,8.67,-1.52,8.98,-1.53,8.97,-1.53
33.269,8.64,-1.51,8.98,-1.53,8.97,-1.53
33.283,8.7,-1.58,8.98,-1.53,8.97,-1.53
33.297,8.72,-1.58,8.98,-1.53,8.97,-1.53
33.311,8.7,-1.53,8.97,-1.53,8.97,-1.53
33.326,8.77,-1.47,8.97,-1.53,8.97,-1.53
33.34,8.82,-1.47,8.97,-1.53,8.97,-1.53
33.354,8.78,-1.56,8.97,-1.53,8.97,-1.53
33.368,8.73,-1.55,8.97,-1.53,8.97,-1.53
33.383,8.71,-1.56,8.97,-1.53,8.97,-1.53
33.397,8.73,-1.57,8.97,-1.53,8.97,-1.53
33.411,8.76,-1.54,8.97,-1.53,8.97,-1.53
33.425,8.78,-1.53,8.97,-1.53,8.97,-1.53
33.44,8.79,-1.54,8.97,-1.53,8.97,-1.53
33.454,8.75,-1.55,8.97,-1.53,8.97,-1.53
33.468,8.83,-1.57,8.97,-1.53,8.97,-1.53
33.482,8.76,-1.54,8.97,-1.53,8.97,-1.53
33.497,8.75,-1.53,8.97,-1.53,8.97,-1.53
33.511,8.75,-1.55,8.97,-1.53,8.97,-1.53
33.525,8.78,-1.54,8.97,-1.54,8.97,-1.54
33.539,8.79,-1.55,8.97,-1.54,8.97,-1.54
33.553,8.75,-1.57,8.97,-1.54,8.97,-1.54
33.568,8.76,-1.55,8.97,-1.54,8.97,-1.54
33.582,8.81,-1.55,8.97,-1.53,8.97,-1.53
33.596,8.81,-1.58,8.97,-1.53,8.97,-1.53
33.61,8.73,-1.54,8.97,-1.53,8.97,-1.54
33.625,8.78,-1.53,8.97,-1.54,8.97,-1.54
33.639,8.78,-1.55,8.97,-1.54,8.97,-1.54
33.653,8.7,-1.55,8.97,-1.54,8.97,-1.54
33.667,8.66,-1.52,8.97,-1.54,8.96,-1.54
33.682,8.76,-1.54,8.97,-1.54,8.96,-1.54
33.696,8.8,-1.54,8.97,-1.54,8.96,-1.54
33.71,8.8,-1.51,8.97,-1.54,8.96,-1.53
33.724,8.77,-1.52,8.97,-1.54,8.96,-1.54
33.738,8.76,-1.54,8.97,-1.54,8.96,-1.54
33.752,8.75,-1.58,8.97,-1.54,8.96,-1.54
33.766,8.72,-1.56,8.97,-1.54,8.96,-1.54
33.781,8.76,-1.5,8.96,-1.54,8.96,-1.54
33.795,8.77,-1.48,8.96,-1.54,8.96,-1.53
33.809,8.79,-1.5,8.97,-1.53,8.96,-1.53
33.823,8.72,-1.53,8.97,-1.53,8.96,-1.53
33.837,8.7,-1.57,8.97,-1.53,8.96,-1.53
33.852,8.76,-1.57,8.96,-1.53,8.96,-1.53
33.866,8.87,-1.54,8.96,-1.53,8.96,-1.53
33.88,8.84,-1.52,8.96,-1.53,8.96,-1.53
33.894,8.77,-1.54,8.96,-1.53,8.96,-1.53
33.908,8.76,-1.58,8.96,-1.53,8.96,-1.53
33.922,8.82,-1.54,8.96,-1.53,8.96,-1.53
33.936,8.8,-1.5,8.96,-1.53,8.96,-1.53
33.951,8.74,-1.48,8.96,-1.53,8.96,-1.53
33.965,8.75,-1.46,8.96,-1.53,8.96,-1.53
33.979,8.74,-1.48,8.96,-1.53,8.96,-1.53
33.993,8.71,-1.49,8.96,-1.53,8.96,-1.53
34.008,8.72,-1.5,8.96,-1.53,8.96,-1.53
34.022,8.77,-1.53,8.96,-1.53,8.96,-1.53
34.036,8.8,-1.52,8.96,-1.53,8.96,-1.53
34.05,8.81,-1.52,8.96,-1.53,8.96,-1.53
34.065,8.8,-1.55,8.96,-1.53,8.96,-1.53
34.079,8.82,-1.55,8.96,-1.53,8.96,-1.53
34.093,8.81,-1.56,8.96,-1.53,8.96,-1.53
34.107,8.76,-1.55,8.96,-1.53,8.96,-1.53
34.122,8.76,-1.55,8.96,-1.53,8.96,-1.53
34.136,8.81,-1.57,8.96,-1.53,8.96,-1.53
34.15,8.75,-1.59,8.96,-1.53,8.96,-1.53
34.165,8.71,-1.54,8.96,-1.53,8.96,-1.53
34.179,8.77,-1.54,8.96,-1.53,8.96,-1.53
34.193,8.71,-1.54,8.96,-1.53,8.96,-1.53
34.207,8.69,-1.52,8.96,-1.53,8.96,-1.53
34.221,8.7,-1.51,8.96,-1.53,8.96,-1.53
34.235,8.78,-1.61,8.96,-1.53,8.96,-1.53
34.249,8.78,-1.59,8.96,-1.53,8.96,-1.53
34.264,8.77,-1.54,8.96,-1.53,8.96,-1.53
34.278,8.7,-1.55,8.96,-1.53,8.96,-1.53
34.292,8.7,-1.53,8.96,-1.53,8.96,-1.53
34.306,8.78,-1.54,8.96,-1.53,8.96,-1.53
34.32,8.77,-1.57,8.96,-1.53,8.96,-1.53
34.335,8.74,-1.56,8.96,-1.53,8.96,-1.53
34.349,8.72,-1.51,8.96,-1.53,8.96,-1.53
34.363,8.76,-1.52,8.96,-1.53,8.96,-1.53
34.377,8.78,-1.55,8.96,-1.53,8.96,-1.53
34.391,8.78,-1.53,8.96,-1.53,8.96,-1.53
34.406,8.78,-1.55,8.96,-1.53,8.96,-1.53
34.42,8.8,-1.54,8.96,-1.53,8.96,-1.53
34.434,8.74,-1.53,8.96,-1.53,8.96,-1.53
34.449,8.68,-1.52,8.96,-1.53,8.96,-1.53
34.463,8.72,-1.52,8.96,-1.53,8.96,-1.53
34.477,8.75,-1.54,8.96,-1.53,8.95,-1.53
34.491,8.76,-1.59,8.96,-1.53,8.95,-1.53
34.506,8.78,-1.57,8.96,-1.53,8.96,-1.53
34.52,8.77,-1.52,8.96,-1.53,8.96,-1.53
34.535,8.76,-1.5,8.96,-1.53,8.96,-1.53
34.549,8.75,-1.52,8.96,-1.53,8.96,-1.53
34.563,8.78,-1.52,8.96,-1.53,8.96,-1.53
34.578,8.81,-1.52,8.96,-1.53,8.96,-1.53
34.592,8.79,-1.52,8.96,-1.53,8.96,-1.53
34.61,8.73,-1.55,8.96,-1.53,8.96,-1.53
34.629,8.73,-1.53,8.96,-1.54,8.96,-1.54
34.643,8.76,-1.52,8.96,-1.54,8.96,-1.54
34.657,8.76,-1.5,8.96,-1.54,8.96,-1.54
34.671,8.77,-1.49,8.96,-1.54,8.96,-1.54
34.686,8.82,-1.52,8.96,-1.54,8.96,-1.54
34.7,8.77,-1.54,8.96,-1.54,8.96,-1.54
34.714,8.68,-1.53,8.96,-1.54,8.96,-1.54
34.728,8.77,-1.48,8.96,-1.54,8.96,-1.54
34.743,8.81,-1.5,8.96,-1.54,8.96,-1.54
34.757,8.77,-1.57,8.96,-1.54,8.96,-1.54
34.771,8.8,-1.57,8.96,-1.54,8.96,-1.54
34.786,8.86,-1.48,8.96,-1.54,8.96,-1.54
34.8,8.78,-1.47,8.96,-1.54,8.96,-1.54
34.814,8.69,-1.5,8.96,-1.54,8.96,-1.54
34.829,8.67,-1.5,8.96,-1.54,8.96,-1.54
34.843,8.73,-1.48,8.96,-1.54,8.96,-1.53
34.857,8.8,-1.51,8.96,-1.53,8.96,-1.53
34.872,8.83,-1.51,8.96,-1.53,8.96,-1.53
34.886,8.81,-1.55,8.96,-1.53,8.96,-1.53
34.901,8.79,-1.57,8.96,-1.53,8.96,-1.53
34.915,8.7,-1.56,8.96,-1.53,8.96,-1.53
34.929,8.76,-1.56,8.96,-1.53,8.96,-1.53
34.943,8.85,-1.56,8.96,-1.53,8.96,-1.53
34.957,8.8,-1.53,8.96,-1.53,8.96,-1.53
34.971,8.76,-1.54,8.96,-1.53,8.96,-1.53
34.985,8.77,-1.48,8.96,-1.53,8.96,-1.53
35.0,8.77,-1.53,8.96,-1.53,8.96,-1.53
35.014,8.73,-1.57,8.96,-1.53,8.96,-1.53
35.028,8.73,-1.54,8.96,-1.53,8.96,-1.53
35.042,8.74,-1.5,8.96,-1.53,8.96,-1.53
35.058,8.76,-1.57,8.96,-1.53,8.96,-1.53
35.072,8.72,-1.54,8.96,-1.53,8.96,-1.53
35.086,8.62,-1.56,8.96,-1.53,8.96,-1.53
35.101,8.59,-1.56,8.96,-1.53,8.96,-1.54
35.115,8.77,-1.47,8.96,-1.54,8.96,-1.53
35.129,8.83,-1.48,8.96,-1.53,8.96,-1.53
35.143,8.78,-1.57,8.96,-1.53,8.96,-1.53
35.157,8.74,-1.6,8.96,-1.54,8.96,-1.54
35.171,8.76,-1.52,8.96,-1.54,8.95,-1.54
35.186,8.73,-1.54,8.95,-1.54,8.95,-1.54
35.2,8.72,-1.57,8.96,-1.54,8.95,-1.54
35.214,8.85,-1.53,8.96,-1.54,8.95,-1.54
35.228,8.85,-1.53,8.96,-1.54,8.95,-1.54
35.242,8.65,-1.58,8.96,-1.54,8.95,-1.54
35.256,8.68,-1.53,8.95,-1.54,8.95,-1.54
35.271,8.75,-1.49,8.95,-1.53,8.95,-1.53
35.285,8.8,-1.56,8.95,-1.53,8.95,-1.53
35.299,8.81,-1.55,8.95,-1.54,8.95,-1.54
35.313,8.75,-1.49,8.95,-1.54,8.95,-1.54
35.328,8.75,-1.5,8.95,-1.53,8.95,-1.53
35.342,8.72,-1.53,8.95,-1.53,8.95,-1.53
35.356,8.75,-1.53,8.95,-1.53,8.95,-1.53
35.37,8.73,-1.53,8.95,-1.53,8.95,-1.53
35.385,8.73,-1.52,8.95,-1.53,8.95,-1.53
35.399,8.8,-1.56,8.95,-1.53,8.95,-1.53
35.413,8.8,-1.54,8.96,-1.53,8.95,-1.53
35.427,8.77,-1.56,8.96,-1.53,8.95,-1.53
35.442,8.67,-1.54,8.96,-1.53,8.95,-1.53
35.456,8.68,-1.51,8.96,-1.53,8.95,-1.53
35.47,8.85,-1.48,8.96,-1.53,8.95,-1.53
35.484,8.83,-1.52,8.96,-1.53,8.95,-1.53
35.498,8.79,-1.52,8.96,-1.53,8.96,-1.53
35.512,8.76,-1.52,8.96,-1.53,8.96,-1.53
35.526,8.7,-1.55,8.96,-1.53,8.95,-1.53
35.54,8.75,-1.55,8.95,-1.53,8.95,-1.53
35.555,8.75,-1.54,8.95,-1.53,8.95,-1.53
35.569,8.81,-1.57,8.95,-1.53,8.95,-1.53
35.583,8.8,-1.58,8.96,-1.53,8.95,-1.53
35.597,8.74,-1.53,8.96,-1.53,8.95,-1.53
35.612,8.7,-1.54,8.96,-1.53,8.95,-1.53
35.626,8.68,-1.55,8.95,-1.53,8.95,-1.53
35.64,8.73,-1.52,8.95,-1.53,8.95,-1.53
35.654,8.75,-1.53,8.95,-1.53,8.95,-1.53
35.668,8.8,-1.57,8.95,-1.53,8.95,-1.53
35.682,8.76,-1.58,8.95,-1.53,8.95,-1.53
35.696,8.69,-1.54,8.95,-1.53,8.95,-1.53
35.711,8.71,-1.52,8.95,-1.53,8.95,-1.53
35.725,8.71,-1.56,8.95,-1.53,8.95,-1.53
35.739,8.74,-1.54,8.95,-1.53,8.95,-1.53
35.753,8.78,-1.52,8.95,-1.53,8.95,-1.53
35.767,8.81,-1.48,8.95,-1.53,8.95,-1.53
35.781,8.78,-1.52,8.95,-1.53,8.95,-1.53
35.796,8.78,-1.56,8.96,-1.53,8.95,-1.53
35.81,8.75,-1.52,8.96,-1.53,8.95,-1.53
35.824,8.79,-1.53,8.96,-1.53,8.95,-1.53
35.838,8.82,-1.52,8.96,-1.53,8.96,-1.53
35.852,8.79,-1.56,8.96,-1.53,8.96,-1.53
35.866,8.78,-1.61,8.96,-1.53,8.96,-1.53
35.88,8.81,-1.57,8.96,-1.53,8.96,-1.53
35.895,8.75,-1.52,8.96,-1.53,8.96,-1.53
35.909,8.71,-1.51,8.96,-1.53,8.96,-1.53
35.923,8.8,-1.53,8.96,-1.53,8.96,-1.53
35.937,8.82,-1.58,8.96,-1.53,8.96,-1.53
35.951,8.78,-1.57,8.96,-1.53,8.96,-1.53
35.965,8.66,-1.49,8.96,-1.53,8.96,-1.53
35.98,8.71,-1.51,8.96,-1.53,8.96,-1.53
35.994,8.86,-1.52,8.96,-1.53,8.96,-1.53
36.008,8.82,-1.5,8.96,-1.53,8.96,-1.53
36.022,8.7,-1.53,8.96,-1.53,8.96,-1.53
36.036,8.72,-1.56,8.96,-1.53,8.96,-1.53
36.05,8.72,-1.56,8.96,-1.53,8.96,-1.53
36.065,8.74,-1.58,8.96,-1.53,8.96,-1.53
36.079,8.81,-1.52,8.96,-1.53,8.96,-1.53
36.093,8.76,-1.5,8.96,-1.53,8.96,-1.52
36.107,8.79,-1.51,8.96,-1.53,8.96,-1.53
36.121,8.72,-1.55,8.96,-1.53,8.95,-1.53
36.136,8.66,-1.59,8.96,-1.53,8.95,-1.53
36.15,8.64,-1.6,8.96,-1.53,8.95,-1.53
36.164,8.77,-1.58,8.95,-1.53,8.95,-1.53
36.178,8.85,-1.52,8.95,-1.53,8.95,-1.53
36.193,8.78,-1.52,8.95,-1.53,8.95,-1.53
36.207,8.73,-1.59,8.95,-1.53,8.95,-1.53
36.221,8.69,-1.57,8.95,-1.53,8.95,-1.53
36.239,8.7,-1.52,8.95,-1.53,8.95,-1.53
36.253,8.82,-1.53,8.95,-1.53,8.95,-1.53
36.267,8.83,-1.54,8.95,-1.53,8.95,-1.53
36.281,8.76,-1.5,8.96,-1.53,8.95,-1.53
36.296,8.73,-1.49,8.96,-1.53,8.95,-1.53
36.31,8.68,-1.51,8.96,-1.53,8.95,-1.53
36.324,8.66,-1.47,8.96,-1.53,8.95,-1.53
36.339,8.74,-1.5,8.95,-1.53,8.95,-1.53
36.352,8.81,-1.55,8.96,-1.53,8.95,-1.53
36.366,8.84,-1.57,8.96,-1.53,8.96,-1.53
36.381,8.76,-1.54,8.96,-1.53,8.96,-1.53
36.395,8.68,-1.56,8.96,-1.53,8.95,-1.53
36.409,8.67,-1.58,8.96,-1.53,8.95,-1.53
36.423,8.74,-1.5,8.96,-1.53,8.95,-1.53
36.438,8.83,-1.46,8.95,-1.53,8.95,-1.53
36.452,8.8,-1.5,8.95,-1.53,8.95,-1.53
36.466,8.74,-1.56,8.96,-1.53,8.95,-1.53
36.48,8.68,-1.63,8.96,-1.53,8.95,-1.53
36.495,8.69,-1.6,8.95,-1.53,8.95,-1.53
36.509,8.73,-1.48,8.95,-1.53,8.95,-1.53
36.523,8.72,-1.47,8.95,-1.53,8.95,-1.53
36.537,8.83,-1.53,8.95,-1.53,8.95,-1.53
36.552,8.84,-1.54,8.95,-1.53,8.95,-1.53
36.566,8.68,-1.56,8.95,-1.53,8.95,-1.53
36.58,8.72,-1.55,8.95,-1.53,8.95,-1.53
36.594,8.79,-1.54,8.95,-1.53,8.95,-1.53
36.609,8.8,-1.53,8.95,-1.53,8.95,-1.53
36.623,8.78,-1.55,8.95,-1.53,8.95,-1.53
36.637,8.73,-1.61,8.95,-1.53,8.95,-1.53
36.651,8.71,-1.59,8.95,-1.53,8.95,-1.53
36.666,8.76,-1.51,8.95,-1.53,8.95,-1.53
36.68,8.77,-1.48,8.95,-1.53,8.95,-1.53
36.696,8.7,-1.52,8.95,-1.53,8.95,-1.53
36.71,8.73,-1.58,8.95,-1.53,8.95,-1.53
36.724,8.79,-1.59,8.95,-1.53,8.95,-1.53
36.739,8.76,-1.58,8.95,-1.53,8.95,-1.53
36.753,8.73,-1.55,8.95,-1.53,8.95,-1.53
36.767,8.74,-1.5,8.95,-1.53,8.95,-1.53
36.781,8.76,-1.45,8.95,-1.53,8.95,-1.53
36.795,8.77,-1.51,8.95,-1.52,8.95,-1.52
36.81,8.77,-1.56,8.95,-1.52,8.95,-1.52
36.825,8.73,-1.57,8.95,-1.52,8.95,-1.52
36.839,8.76,-1.55,8.95,-1.52,8.95,-1.52
36.853,8.77,-1.52,8.95,-1.52,8.95,-1.52
36.867,8.76,-1.49,8.95,-1.52,8.95,-1.52
36.881,8.72,-1.52,8.95,-1.52,8.95,-1.52
36.895,8.8,-1.6,8.95,-1.52,8.95,-1.52
36.913,8.78,-1.61,8.95,-1.52,8.95,-1.52
36.927,8.76,-1.56,8.95,-1.52,8.95,-1.52
36.941,8.81,-1.5,8.95,-1.52,8.95,-1.52
36.955,8.78,-1.53,8.95,-1.52,8.95,-1.52
36.969,8.72,-1.56,8.95,-1.52,8.95,-1.52
36.984,8.7,-1.58,8.95,-1.52,8.95,-1.52
36.998,8.68,-1.54,8.95,-1.52,8.95,-1.52
37.012,8.72,-1.54,8.95,-1.52,8.95,-1.52
37.026,8.71,-1.5,8.95,-1.52,8.95,-1.52
37.04,8.75,-1.46,8.95,-1.52,8.95,-1.52
37.054,8.76,-1.53,8.95,-1.52,8.95,-1.52
37.069,8.82,-1.56,8.95,-1.52,8.95,-1.52
37.083,8.83,-1.58,8.95,-1.52,8.95,-1.52
37.097,8.8,-1.56,8.95,-1.52,8.95,-1.52
37.112,8.72,-1.51,8.95,-1.52,8.95,-1.52
37.127,8.53,-1.55,8.95,-1.52,8.95,-1.52
37.141,8.69,-1.61,8.95,-1.52,8.95,-1.52
37.155,8.91,-1.61,8.95,-1.52,8.95,-1.53
37.169,8.97,-1.42,8.95,-1.53,8.95,-1.52
37.183,8.74,-1.39,8.95,-1.52,8.95,-1.52
37.198,8.55,-1.47,8.95,-1.52,8.95,-1.52
37.212,8.53,-1.69,8.95,-1.52,8.95,-1.52
37.226,8.67,-1.7,8.95,-1.52,8.95,-1.52
37.24,8.95,-1.48,8.95,-1.52,8.95,-1.52
37.254,8.98,-1.36,8.95,-1.52,8.95,-1.52
37.268,8.77,-1.43,8.95,-1.52,8.95,-1.52
37.283,8.57,-1.57,8.95,-1.52,8.95,-1.52
37.297,8.49,-1.72,8.95,-1.52,8.95,-1.52
37.311,8.79,-1.59,8.95,-1.52,8.95,-1.52
37.325,8.94,-1.43,8.95,-1.52,8.95,-1.52
37.34,8.91,-1.43,8.95,-1.52,8.95,-1.52
37.354,8.78,-1.5,8.95,-1.52,8.95,-1.52
37.368,8.57,-1.65,8.95,-1.52,8.95,-1.52
37.382,8.57,-1.66,8.95,-1.52,8.95,-1.52
37.396,8.64,-1.51,8.95,-1.52,8.94,-1.52
37.411,8.82,-1.43,8.95,-1.52,8.95,-1.52
37.425,8.97,-1.41,8.95,-1.52,8.95,-1.52
37.439,8.9,-1.64,8.95,-1.52,8.95,-1.52
37.453,8.75,-1.72,8.95,-1.52,8.95,-1.53
37.467,8.58,-1.55,8.95,-1.53,8.95,-1.53
37.482,8.62,-1.47,8.95,-1.53,8.95,-1.52
37.496,8.86,-1.42,8.95,-1.52,8.95,-1.52
37.51,8.91,-1.46,8.95,-1.52,8.95,-1.52
37.525,8.78,-1.59,8.95,-1.52,8.95,-1.52
37.539,8.72,-1.63,8.95,-1.52,8.95,-1.52
37.554,8.66,-1.59,8.95,-1.52,8.95,-1.52
37.568,8.63,-1.44,8.95,-1.52,8.95,-1.52
37.582,8.7,-1.43,8.95,-1.52,8.95,-1.52
37.596,8.86,-1.51,8.95,-1.52,8.95,-1.52
37.61,8.9,-1.6,8.95,-1.52,8.95,-1.52
37.625,8.75,-1.64,8.95,-1.52,8.95,-1.52
37.639,8.64,-1.57,8.95,-1.52,8.95,-1.52
37.653,8.68,-1.45,8.95,-1.52,8.95,-1.52
37.668,8.8,-1.43,8.95,-1.52,8.95,-1.52
37.682,8.87,-1.45,8.95,-1.52,8.95,-1.52
37.696,8.86,-1.57,8.95,-1.52,8.95,-1.52
37.71,8.82,-1.64,8.95,-1.52,8.95,-1.52
37.725,8.65,-1.58,8.95,-1.52,8.95,-1.52
37.739,8.59,-1.5,8.95,-1.52,8.95,-1.52
37.753,8.76,-1.49,8.95,-1.52,8.95,-1.52
37.767,8.85,-1.5,8.95,-1.52,8.95,-1.52
37.782,8.82,-1.59,8.95,-1.52,8.95,-1.52
37.796,8.76,-1.61,8.95,-1.52,8.95,-1.52
37.81,8.7,-1.59,8.95,-1.52,8.95,-1.52
37.824,8.69,-1.53,8.95,-1.52,8.95,-1.52
37.839,8.74,-1.49,8.95,-1.52,8.95,-1.52
37.853,8.8,-1.47,8.95,-1.52,8.95,-1.52
37.873,8.86,-1.62,8.95,-1.52,8.95,-1.52
37.89,8.8,-1.67,8.96,-1.52,8.95,-1.52
37.904,8.68,-1.57,8.95,-1.52,8.95,-1.52
37.918,8.68,-1.51,8.95,-1.52,8.95,-1.52
37.932,8.7,-1.48,8.95,-1.52,8.95,-1.52
37.946,8.78,-1.54,8.95,-1.52,8.95,-1.52
37.961,8.82,-1.57,8.95,-1.52,8.95,-1.52
37.975,8.72,-1.56,8.95,-1.52,8.95,-1.52
37.989,8.64,-1.55,8.95,-1.52,8.95,-1.52
38.003,8.69,-1.46,8.95,-1.52,8.95,-1.52
38.018,8.72,-1.43,8.95,-1.52,8.95,-1.52
38.032,8.79,-1.49,8.95,-1.52,8.95,-1.52
38.046,8.78,-1.57,8.95,-1.52,8.94,-1.52
38.06,8.77,-1.59,8.94,-1.52,8.94,-1.52
38.074,8.75,-1.55,8.94,-1.52,8.94,-1.52
38.089,8.68,-1.48,8.94,-1.52,8.94,-1.52
38.103,8.67,-1.5,8.94,-1.52,8.94,-1.52
38.117,8.71,-1.5,8.94,-1.52,8.94,-1.52
38.131,8.77,-1.53,8.94,-1.52,8.94,-1.52
38.146,8.77,-1.57,8.94,-1.52,8.94,-1.52
38.16,8.79,-1.57,8.95,-1.52,8.94,-1.52
38.174,8.72,-1.57,8.95,-1.52,8.94,-1.52
38.188,8.67,-1.52,8.95,-1.52,8.94,-1.52
38.203,8.73,-1.53,8.94,-1.52,8.94,-1.52
38.217,8.8,-1.55,8.94,-1.52,8.94,-1.52
38.231,8.77,-1.52,8.94,-1.52,8.94,-1.52
38.245,8.75,-1.53,8.95,-1.52,8.94,-1.52
38.26,8.68,-1.5,8.95,-1.52,8.94,-1.52
38.274,8.68,-1.47,8.95,-1.52,8.94,-1.52
38.288,8.77,-1.56,8.94,-1.52,8.94,-1.52
38.303,8.78,-1.59,8.94,-1.52,8.94,-1.52
38.317,8.79,-1.52,8.94,-1.52,8.94,-1.52
38.332,8.79,-1.52,8.95,-1.52,8.94,-1.52
38.348,8.75,-1.54,8.95,-1.52,8.94,-1.52
38.363,8.78,-1.52,8.95,-1.52,8.95,-1.52
38.377,8.76,-1.5,8.95,-1.52,8.95,-1.52
38.391,8.77,-1.52,8.95,-1.52,8.95,-1.52
38.405,8.83,-1.57,8.95,-1.52,8.95,-1.52
38.419,8.81,-1.55,8.95,-1.52,8.95,-1.52
38.433,8.75,-1.5,8.95,-1.52,8.95,-1.52
38.447,8.73,-1.53,8.95,-1.52,8.95,-1.52
38.462,8.74,-1.53,8.95,-1.52,8.95,-1.52
38.476,8.73,-1.53,8.95,-1.52,8.95,-1.52
38.49,8.76,-1.56,8.95,-1.52,8.95,-1.52
38.504,8.76,-1.57,8.95,-1.52,8.95,-1.52
38.519,8.79,-1.55,8.95,-1.52,8.95,-1.52
38.534,8.76,-1.55,8.95,-1.52,8.95,-1.52
38.547,8.73,-1.56,8.95,-1.52,8.95,-1.52
38.562,8.75,-1.57,8.95,-1.52,8.94,-1.52
38.576,8.72,-1.57,8.95,-1.52,8.94,-1.52
38.59,8.66,-1.57,8.95,-1.52,8.94,-1.52
38.605,8.73,-1.53,8.94,-1.52,8.94,-1.52
38.619,8.77,-1.5,8.95,-1.52,8.94,-1.52
38.633,8.73,-1.49,8.95,-1.52,8.94,-1.52
38.647,8.75,-1.53,8.94,-1.52,8.94,-1.52
38.661,8.76,-1.55,8.94,-1.52,8.94,-1.52
38.676,8.74,-1.53,8.95,-1.52,8.94,-1.52
38.69,8.73,-1.55,8.95,-1.52,8.94,-1.52
38.704,8.72,-1.55,8.94,-1.52,8.94,-1.52
38.718,8.72,-1.55,8.94,-1.52,8.94,-1.52
38.732,8.76,-1.47,8.94,-1.52,8.94,-1.52
38.747,8.77,-1.46,8.94,-1.52,8.94,-1.52
38.761,8.71,-1.54,8.94,-1.52,8.94,-1.52
38.777,8.72,-1.57,8.94,-1.52,8.94,-1.52
38.791,8.74,-1.55,8.94,-1.52,8.94,-1.52
38.806,8.75,-1.57,8.94,-1.52,8.94,-1.52
38.82,8.75,-1.57,8.94,-1.52,8.94,-1.52
38.834,8.78,-1.58,8.94,-1.52,8.94,-1.52
38.848,8.8,-1.57,8.94,-1.52,8.94,-1.52
38.862,8.76,-1.54,8.95,-1.52,8.94,-1.52
38.877,8.74,-1.55,8.95,-1.52,8.94,-1.52
38.891,8.77,-1.59,8.94,-1.52,8.94,-1.52
38.905,8.77,-1.56,8.94,-1.52,8.94,-1.52
38.92,8.7,-1.52,8.94,-1.52,8.94,-1.52
38.934,8.76,-1.53,8.95,-1.52,8.94,-1.52
38.948,8.82,-1.53,8.94,-1.52,8.94,-1.52
38.963,8.73,-1.51,8.95,-1.52,8.94,-1.52
38.977,8.7,-1.52,8.94,-1.52,8.94,-1.52
38.993,8.74,-1.5,8.94,-1.52,8.94,-1.52
39.007,8.76,-1.5,8.94,-1.52,8.94,-1.52
39.021,8.77,-1.53,8.94,-1.52,8.94,-1.52
39.036,8.75,-1.52,8.94,-1.52,8.94,-1.52
39.05,8.71,-1.43,8.94,-1.52,8.94,-1.52
39.064,8.71,-1.46,8.94,-1.52,8.94,-1.52
39.078,8.75,-1.56,8.94,-1.52,8.94,-1.52
39.092,8.76,-1.57,8.94,-1.52,8.94,-1.52
39.107,8.8,-1.61,8.94,-1.52,8.94,-1.52
39.121,8.77,-1.56,8.95,-1.52,8.94,-1.52
39.135,8.75,-1.51,8.95,-1.52,8.94,-1.52
39.15,8.73,-1.52,8.95,-1.52,8.94,-1.52
39.164,8.75,-1.53,8.95,-1.52,8.94,-1.52
39.178,8.72,-1.53,8.95,-1.52,8.94,-1.52
39.192,8.71,-1.51,8.95,-1.52,8.94,-1.52
39.206,8.69,-1.5,8.94,-1.52,8.94,-1.52
39.22,8.71,-1.48,8.94,-1.52,8.94,-1.52
39.235,8.74,-1.5,8.94,-1.52,8.94,-1.52
39.249,8.73,-1.63,8.94,-1.52,8.94,-1.52
39.263,8.71,-1.63,8.94,-1.52,8.94,-1.52
39.277,8.74,-1.56,8.94,-1.52,8.94,-1.52
39.292,8.78,-1.54,8.94,-1.52,8.94,-1.52
39.306,8.75,-1.56,8.94,-1.52,8.94,-1.52
39.32,8.71,-1.55,8.94,-1.52,8.94,-1.52
39.334,8.73,-1.55,8.94,-1.52,8.94,-1.52
39.349,8.76,-1.55,8.94,-1.52,8.94,-1.52
39.363,8.76,-1.53,8.94,-1.52,8.94,-1.52
39.377,8.81,-1.53,8.94,-1.52,8.94,-1.52
39.392,8.81,-1.54,8.94,-1.52,8.94,-1.52
39.406,8.71,-1.51,8.94,-1.51,8.94,-1.51
39.42,8.71,-1.54,8.94,-1.51,8.94,-1.51
39.435,8.77,-1.58,8.94,-1.51,8.94,-1.51
39.449,8.75,-1.56,8.94,-1.51,8.94,-1.51
39.463,8.78,-1.5,8.94,-1.52,8.94,-1.52
39.477,8.75,-1.52,8.94,-1.52,8.94,-1.52
39.494,8.77,-1.59,8.94,-1.52,8.94,-1.52
39.508,8.77,-1.58,8.94,-1.52,8.94,-1.52
39.522,8.71,-1.55,8.94,-1.52,8.94,-1.52
39.536,8.73,-1.5,8.94,-1.52,8.94,-1.52
39.55,8.8,-1.46,8.94,-1.52,8.94,-1.52
39.565,8.79,-1.54,8.94,-1.52,8.94,-1.52
39.579,8.74,-1.6,8.94,-1.52,8.94,-1.52
39.593,8.74,-1.59,8.94,-1.52,8.94,-1.52
39.607,8.8,-1.59,8.94,-1.52,8.94,-1.52
39.621,8.78,-1.58,8.94,-1.52,8.94,-1.52
39.636,8.76,-1.58,8.94,-1.52,8.94,-1.52
39.65,8.76,-1.55,8.94,-1.52,8.94,-1.52
39.665,8.75,-1.5,8.94,-1.52,8.94,-1.52
39.679,8.71,-1.5,8.94,-1.52,8.94,-1.52
39.693,8.74,-1.5,8.94,-1.52,8.94,-1.52
39.707,8.78,-1.52,8.94,-1.52,8.94,-1.52
39.722,8.8,-1.48,8.94,-1.51,8.94,-1.51
39.736,8.78,-1.47,8.94,-1.51,8.94,-1.51
39.75,8.72,-1.49,8.94,-1.51,8.94,-1.51
39.764,8.68,-1.53,8.94,-1.51,8.94,-1.51
39.778,8.76,-1.59,8.94,-1.51,8.94,-1.51
39.793,8.83,-1.55,8.94,-1.51,8.94,-1.51
39.807,8.76,-1.53,8.94,-1.51,8.94,-1.51
39.823,8.68,-1.57,8.94,-1.51,8.94,-1.51
39.838,8.68,-1.57,8.94,-1.51,8.94,-1.51
39.852,8.7,-1.5,8.94,-1.51,8.94,-1.51
39.866,8.72,-1.48,8.94,-1.51,8.94,-1.51
39.88,8.74,-1.54,8.94,-1.51,8.94,-1.51
39.895,8.79,-1.56,8.94,-1.51,8.94,-1.51
39.909,8.75,-1.54,8.94,-1.51,8.94,-1.51
39.923,8.69,-1.54,8.94,-1.51,8.94,-1.51
39.937,8.73,-1.56,8.94,-1.51,8.94,-1.51
39.952,8.79,-1.56,8.94,-1.51,8.94,-1.51
39.966,8.79,-1.57,8.94,-1.51,8.94,-1.52
39.98,8.75,-1.56,8.94,-1.52,8.94,-1.52
39.994,8.75,-1.53,8.94,-1.51,8.94,-1.51
40.008,8.78,-1.52,8.94,-1.51,8.94,-1.51
40.022,8.8,-1.47,8.94,-1.51,8.94,-1.51
40.037,8.7,-1.54,8.94,-1.51,8.94,-1.51
40.051,8.72,-1.59,8.94,-1.51,8.94,-1.51
40.065,8.75,-1.59,8.94,-1.51,8.94,-1.51
40.079,8.77,-1.51,8.94,-1.51,8.94,-1.51
40.093,8.73,-1.5,8.94,-1.52,8.94,-1.52
40.108,8.72,-1.59,8.94,-1.52,8.94,-1.52
40.122,8.74,-1.59,8.94,-1.52,8.94,-1.52
40.136,8.81,-1.47,8.94,-1.52,8.94,-1.52
40.151,8.79,-1.45,8.94,-1.52,8.94,-1.52
40.165,8.7,-1.53,8.94,-1.52,8.94,-1.52
40.179,8.69,-1.57,8.94,-1.51,8.94,-1.52
40.193,8.7,-1.59,8.94,-1.51,8.94,-1.52
40.208,8.82,-1.57,8.94,-1.51,8.94,-1.51
40.222,8.78,-1.52,8.94,-1.51,8.94,-1.51
40.236,8.74,-1.52,8.94,-1.51,8.94,-1.51
40.25,8.69,-1.57,8.94,-1.51,8.94,-1.52
40.265,8.77,-1.57,8.94,-1.52,8.94,-1.52
40.279,8.81,-1.55,8.94,-1.52,8.94,-1.52
40.294,8.76,-1.52,8.95,-1.52,8.94,-1.52
40.308,8.71,-1.52,8.95,-1.52,8.94,-1.52
40.322,8.78,-1.55,8.94,-1.52,8.94,-1.52
40.336,8.82,-1.58,8.94,-1.52,8.94,-1.52
40.351,8.78,-1.55,8.94,-1.52,8.94,-1.52
40.366,8.68,-1.5,8.94,-1.51,8.94,-1.51
40.38,8.72,-1.58,8.94,-1.51,8.94,-1.51
40.394,8.76,-1.62,8.94,-1.51,8.94,-1.52
40.408,8.72,-1.58,8.95,-1.52,8.94,-1.52
40.423,8.72,-1.53,8.95,-1.52,8.94,-1.52
40.437,8.78,-1.48,8.95,-1.52,8.94,-1.52
40.451,8.77,-1.5,8.95,-1.52,8.95,-1.52
40.465,8.78,-1.54,8.95,-1.52,8.95,-1.52
40.479,8.76,-1.55,8.95,-1.52,8.95,-1.52
40.493,8.78,-1.59,8.95,-1.52,8.95,-1.52
40.508,8.79,-1.53,8.95,-1.52,8.95,-1.52
40.522,8.74,-1.48,8.95,-1.52,8.95,-1.52
40.536,8.7,-1.5,8.95,-1.52,8.95,-1.52
40.551,8.8,-1.57,8.95,-1.52,8.95,-1.52
40.565,8.8,-1.56,8.95,-1.52,8.95,-1.52
40.579,8.72,-1.57,8.95,-1.52,8.95,-1.52
40.594,8.7,-1.54,8.95,-1.52,8.95,-1.52
40.608,8.76,-1.54,8.95,-1.52,8.95,-1.52
40.622,8.83,-1.54,8.95,-1.52,8.95,-1.52
40.636,8.82,-1.54,8.95,-1.52,8.95,-1.52
40.651,8.72,-1.57,8.95,-1.52,8.95,-1.52
40.665,8.75,-1.62,8.95,-1.52,8.95,-1.52
40.679,8.75,-1.55,8.95,-1.52,8.95,-1.52
40.693,8.75,-1.52,8.95,-1.52,8.95,-1.52
40.707,8.76,-1.5,8.95,-1.52,8.95,-1.52
40.722,8.69,-1.54,8.95,-1.52,8.95,-1.52
40.736,8.73,-1.52,8.95,-1.52,8.95,-1.52
40.75,8.73,-1.52,8.95,-1.52,8.95,-1.52
40.764,8.68,-1.51,8.95,-1.52,8.95,-1.52
40.779,8.79,-1.5,8.95,-1.52,8.95,-1.52
40.793,8.78,-1.5,8.95,-1.52,8.95,-1.52
40.807,8.74,-1.52,8.95,-1.52,8.95,-1.52
40.821,8.77,-1.56,8.95,-1.52,8.95,-1.52
40.835,8.79,-1.56,8.95,-1.52,8.95,-1.52
40.85,8.83,-1.48,8.95,-1.52,8.95,-1.52
40.864,8.82,-1.5,8.95,-1.52,8.95,-1.52
40.878,8.73,-1.5,8.95,-1.52,8.95,-1.52
40.892,8.74,-1.51,8.95,-1.52,8.95,-1.52
40.906,8.8,-1.53,8.95,-1.52,8.95,-1.52
40.921,8.69,-1.54,8.95,-1.52,8.95,-1.52
40.935,8.66,-1.54,8.95,-1.52,8.94,-1.52
40.949,8.73,-1.56,8.95,-1.52,8.94,-1.52
40.963,8.78,-1.59,8.95,-1.52,8.94,-1.52
40.977,8.69,-1.59,8.95,-1.52,8.94,-1.52
40.991,8.63,-1.56,8.95,-1.52,8.94,-1.52
41.005,8.67,-1.53,8.94,-1.52,8.94,-1.52
41.02,8.84,-1.49,8.94,-1.52,8.94,-1.52
41.034,8.83,-1.46,8.94,-1.52,8.94,-1.52
41.048,8.8,-1.49,8.94,-1.52,8.94,-1.52
41.062,8.74,-1.53,8.94,-1.52,8.94,-1.52
41.076,8.78,-1.6,8.94,-1.52,8.94,-1.52
41.091,8.75,-1.61,8.94,-1.52,8.94,-1.52
41.107,8.72,-1.52,8.94,-1.52,8.94,-1.52
41.123,8.73,-1.52,8.94,-1.52,8.94,-1.52
41.137,8.77,-1.59,8.94,-1.52,8.94,-1.52
41.151,8.73,-1.59,8.94,-1.52,8.94,-1.52
41.166,8.69,-1.56,8.94,-1.52,8.94,-1.52
41.181,8.74,-1.56,8.94,-1.52,8.94,-1.52
41.195,8.82,-1.59,8.94,-1.52,8.94,-1.53
41.209,8.76,-1.55,8.94,-1.53,8.94,-1.53
41.224,8.69,-1.51,8.94,-1.53,8.94,-1.53
41.238,8.76,-1.5,8.94,-1.52,8.94,-1.52
41.252,8.8,-1.51,8.94,-1.52,8.94,-1.52
41.267,8.72,-1.54,8.94,-1.52,8.94,-1.52
41.281,8.71,-1.52,8.94,-1.52,8.94,-1.52
41.295,8.81,-1.59,8.94,-1.52,8.94,-1.52
41.309,8.86,-1.59,8.94,-1.52,8.94,-1.52
41.323,8.73,-1.52,8.94,-1.52,8.94,-1.52
41.338,8.64,-1.52,8.94,-1.52,8.94,-1.52
41.352,8.78,-1.57,8.94,-1.52,8.94,-1.52
41.366,8.85,-1.52,8.94,-1.52,8.94,-1.52
41.38,8.88,-1.5,8.95,-1.52,8.94,-1.52
41.394,8.77,-1.51,8.95,-1.52,8.95,-1.52
41.408,8.8,-1.57,8.95,-1.52,8.95,-1.52
41.423,8.7,-1.57,8.95,-1.53,8.94,-1.53
41.437,8.64,-1.52,8.95,-1.52,8.94,-1.52
41.451,8.72,-1.48,8.95,-1.52,8.94,-1.52
41.466,8.84,-1.53,8.94,-1.52,8.94,-1.52
41.48,8.87,-1.55,8.95,-1.52,8.95,-1.52
41.494,8.66,-1.56,8.95,-1.52,8.95,-1.52
41.508,8.61,-1.52,8.95,-1.52,8.95,-1.52
41.522,8.81,-1.48,8.95,-1.52,8.95,-1.52
41.537,8.83,-1.49,8.95,-1.52,8.95,-1.52
41.551,8.76,-1.52,8.95,-1.52,8.95,-1.52
41.565,8.7,-1.55,8.95,-1.52,8.95,-1.52
41.579,8.79,-1.57,8.95,-1.52,8.95,-1.52
41.593,8.76,-1.55,8.95,-1.52,8.95,-1.52
41.608,8.72,-1.53,8.95,-1.52,8.95,-1.52
41.622,8.73,-1.52,8.95,-1.52,8.95,-1.52
41.636,8.79,-1.54,8.95,-1.52,8.95,-1.52
41.651,8.8,-1.58,8.95,-1.52,8.95,-1.53
41.665,8.7,-1.57,8.95,-1.53,8.95,-1.53
41.679,8.67,-1.54,8.95,-1.53,8.95,-1.53
41.693,8.76,-1.52,8.95,-1.52,8.95,-1.52
41.707,8.81,-1.53,8.95,-1.52,8.95,-1.52
41.722,8.76,-1.5,8.95,-1.52,8.95,-1.52
41.736,8.76,-1.56,8.95,-1.53,8.95,-1.53
41.75,8.79,-1.65,8.95,-1.53,8.95,-1.53
41.764,8.77,-1.6,8.95,-1.53,8.95,-1.53
41.779,8.7,-1.58,8.96,-1.53,8.95,-1.53
41.793,8.7,-1.54,8.95,-1.53,8.95,-1.53
41.807,8.78,-1.52,8.95,-1.53,8.95,-1.53
41.821,8.78,-1.53,8.95,-1.53,8.95,-1.53
41.835,8.71,-1.52,8.95,-1.53,8.95,-1.53
41.849,8.67,-1.56,8.95,-1.53,8.95,-1.53
41.863,8.75,-1.54,8.95,-1.53,8.95,-1.53
41.878,8.8,-1.44,8.95,-1.53,8.95,-1.53
41.892,8.76,-1.48,8.95,-1.53,8.95,-1.53
41.906,8.68,-1.58,8.95,-1.53,8.95,-1.53
41.92,8.74,-1.58,8.95,-1.53,8.95,-1.53
41.935,8.78,-1.55,8.95,-1.53,8.95,-1.53
41.949,9.97,-1.58,8.95,-1.53,8.96,-1.53
41.963,8.09,-1.62,8.97,-1.53,8.96,-1.53
41.977,9.44,-1.46,8.95,-1.53,8.95,-1.53
41.992,9.1,-1.5,8.93,-1.53,8.93,-1.53
42.006,8.88,-1.62,8.93,-1.52,8.93,-1.53
42.02,8.86,-1.65,8.94,-1.53,8.94,-1.53
42.034,8.88,-1.54,8.95,-1.53,8.95,-1.53
42.048,9.08,-1.49,8.96,-1.53,8.96,-1.53
42.062,8.65,-1.53,8.99,-1.53,8.98,-1.53
42.076,8.68,-1.59,9.01,-1.53,9.0,-1.54
42.09,8.91,-1.56,9.0,-1.54,9.0,-1.54
42.105,8.73,-1.53,9.0,-1.54,9.0,-1.54
42.119,8.7,-1.58,9.0,-1.54,9.0,-1.54
42.133,8.81,-1.53,9.0,-1.54,9.0,-1.54
42.148,8.77,-1.49,9.0,-1.54,9.0,-1.53
42.162,8.71,-1.49,9.0,-1.53,8.99,-1.53
42.176,8.75,-1.56,9.0,-1.53,9.0,-1.53
42.191,8.76,-1.58,9.0,-1.53,9.0,-1.53
42.205,8.84,-1.47,9.0,-1.53,9.0,-1.53
42.219,9.63,-1.5,9.01,-1.53,9.02,-1.53
42.233,11.43,-1.87,9.05,-1.53,9.08,-1.53
42.247,4.49,-2.01,9.37,-1.54,9.32,-1.54
42.261,6.98,-1.32,9.56,-1.55,9.53,-1.55
42.276,10.23,-0.81,9.5,-1.57,9.5,-1.56
42.29,9.63,-1.25,9.46,-1.57,9.46,-1.57
42.304,8.06,-1.65,9.46,-1.57,9.44,-1.57
42.318,8.03,-1.62,9.46,-1.57,9.44,-1.57
42.332,8.13,-1.48,9.45,-1.57,9.44,-1.57
42.347,7.98,-1.46,9.44,-1.57,9.43,-1.57
42.361,7.85,-1.6,9.42,-1.57,9.41,-1.57
42.375,7.62,-1.49,9.37,-1.57,9.35,-1.57
42.39,9.3,-1.53,9.3,-1.57,9.3,-1.57
42.404,9.76,-1.55,9.24,-1.56,9.25,-1.56
42.418,9.12,-1.54,9.24,-1.56,9.24,-1.56
42.432,9.78,-1.55,9.26,-1.55,9.27,-1.55
42.447,8.61,-2.34,9.35,-1.56,9.34,-1.56
42.461,5.24,-5.35,9.47,-1.57,9.42,-1.6
42.475,9.13,-4.26,9.52,-1.61,9.52,-1.63
42.489,9.48,-2.24,9.61,-1.64,9.61,-1.65
42.504,8.53,-0.45,9.7,-1.66,9.69,-1.64
42.518,8.59,1.45,9.79,-1.62,9.78,-1.59
42.532,6.46,0.65,9.91,-1.5,9.88,-1.48
42.546,6.5,-0.61,10.08,-1.27,10.05,-1.26
42.561,5.88,-3.87,10.29,-1.07,10.24,-1.1
42.575,6.25,-4.23,10.38,-1.13,10.34,-1.16
42.589,7.62,-0.33,10.37,-1.35,10.34,-1.34
42.603,7.6,-0.12,10.35,-1.54,10.33,-1.52
42.618,7.88,-1.67,10.36,-1.64,10.33,-1.64
42.632,7.99,-2.08,10.39,-1.68,10.36,-1.68
42.646,7.71,-2.04,10.43,-1.7,10.4,-1.71
42.661,7.35,-1.47,10.45,-1.74,10.42,-1.74
42.675,6.82,-1.07,10.47,-1.82,10.43,-1.81
42.69,6.61,-0.74,10.46,-1.92,10.42,-1.91
42.704,6.47,-0.53,10.42,-1.97,10.38,-1.96
42.718,6.42,-0.77,10.39,-1.99,10.35,-1.97
42.736,6.13,-1.1,10.34,-1.98,10.29,-1.97
42.75,6.16,-1.8,10.3,-1.98,10.26,-1.98
42.764,5.69,-2.62,10.25,-2.03,10.21,-2.04
42.779,6.63,-2.74,10.18,-2.15,10.15,-2.16
42.793,6.75,-1.26,10.11,-2.42,10.07,-2.41
42.807,5.99,3.64,10.03,-2.68,9.98,-2.62
42.821,6.28,4.72,9.89,-2.63,9.85,-2.56
42.835,9.06,0.48,9.67,-2.42,9.67,-2.39
42.849,12.16,-1.62,9.25,-2.2,9.28,-2.2
42.864,12.08,-2.05,8.75,-2.03,8.78,-2.03
42.878,11.66,-2.77,8.14,-1.82,8.18,-1.83
42.892,9.94,-5.27,7.45,-1.59,7.48,-1.63
42.907,2.65,-4.57,6.98,-1.43,6.94,-1.46
42.921,8.1,1.58,6.98,-1.44,6.99,-1.41
42.935,11.48,-0.35,7.09,-1.44,7.13,-1.42
42.952,11.32,-1.54,7.23,-1.43,7.27,-1.43
42.967,14.65,-1.71,7.36,-1.42,7.43,-1.42
42.981,15.24,-2.36,7.56,-1.35,7.64,-1.36
42.997,11.44,-2.82,7.76,-1.22,7.8,-1.23
43.011,9.63,-1.59,7.93,-1.25,7.95,-1.26
43.025,10.13,-1.06,8.13,-1.44,8.15,-1.43
43.039,10.26,-0.1,8.45,-1.66,8.47,-1.65
43.054,11.76,-1.4,8.76,-1.8,8.79,-1.8
43.068,9.87,-3.76,9.08,-1.8,9.09,-1.82
43.082,8.92,-5.07,9.34,-1.79,9.33,-1.83
43.096,8.37,-0.02,9.51,-1.8,9.5,-1.78
43.111,7.62,0.23,9.65,-1.69,9.63,-1.67
43.125,3.7,-3.07,9.71,-1.52,9.65,-1.54
43.139,-0.65,-2.24,9.83,-1.7,9.73,-1.71
43.154,3.2,2.08,10.11,-1.95,10.04,-1.91
43.168,6.08,-0.08,10.82,-1.83,10.77,-1.81
43.182,6.79,-1.07,11.64,-1.74,11.59,-1.74
43.196,5.06,-0.91,12.54,-1.8,12.46,-1.79
43.21,2.33,-1.71,13.44,-1.87,13.33,-1.87
43.224,-0.16,-3.5,14.29,-1.95,14.14,-1.96
43.238,-0.4,-3.51,14.9,-2.08,14.75,-2.1
43.252,-1.12,-2.09,15.41,-2.27,15.24,-2.27
43.267,-0.89,-2.12,15.72,-2.55,15.56,-2.55
43.281,-0.28,-3.72,15.92,-2.87,15.76,-2.88
43.295,-0.31,3.91,16.05,-3.51,15.88,-3.43
43.31,-1.72,5.01,16.14,-3.85,15.96,-3.76
43.324,-1.33,0.29,16.08,-3.63,15.91,-3.59
43.338,-0.9,-1.2,15.96,-3.47,15.79,-3.44
43.353,-0.07,0.73,15.79,-3.4,15.63,-3.36
43.367,0.35,1.14,15.61,-3.38,15.46,-3.33
43.381,0.89,1.59,15.46,-3.34,15.31,-3.29
43.395,1.38,2.72,15.35,-3.26,15.21,-3.2
43.409,0.25,3.09,15.3,-3.13,15.15,-3.06
43.423,0.52,1.72,15.4,-2.79,15.26,-2.74
43.437,-1.55,2.31,15.55,-2.35,15.38,-2.3
43.452,-1.37,-5.37,15.59,-1.82,15.42,-1.86
43.466,0.24,-9.68,15.51,-1.21,15.35,-1.3
43.48,-1.79,-2.76,15.48,-0.9,15.31,-0.91
43.494,-4.83,-0.77,15.57,-0.99,15.36,-0.99
43.508,-2.01,-1.46,15.54,-1.05,15.36,-1.05
43.523,-1.07,-1.68,15.36,-1.04,15.2,-1.05
43.537,-1.49,-1.66,15.18,-1.04,15.02,-1.04
43.551,-0.85,-2.0,15.02,-1.04,14.86,-1.05
43.565,-0.23,-2.62,14.86,-1.06,14.71,-1.07
43.58,-0.8,-2.88,14.69,-1.07,14.54,-1.09
43.594,-2.63,-3.14,14.44,-1.09,14.27,-1.11
43.608,0.28,-0.16,14.05,-1.11,13.91,-1.1
43.623,-1.2,0.3,13.74,-1.09,13.59,-1.07
43.637,-2.9,0.45,13.5,-1.07,13.34,-1.06
43.651,-3.35,-0.47,13.42,-1.06,13.25,-1.06
43.666,-0.94,-1.72,13.31,-1.06,13.17,-1.07
43.681,-0.77,-1.69,13.19,-1.07,13.05,-1.07
43.696,0.45,-1.3,13.06,-1.07,12.93,-1.08
43.71,2.62,-0.98,13.02,-1.08,12.91,-1.08
43.724,1.89,-0.34,13.16,-1.09,13.04,-1.08
43.738,-6.62,-2.23,13.46,-1.09,13.26,-1.1
43.752,-7.12,-2.55,13.54,-1.11,13.33,-1.13
43.767,-5.05,-1.32,13.36,-1.13,13.17,-1.13
43.781,-6.54,-0.58,12.9,-1.14,12.71,-1.13
43.796,9.05,-1.4,12.19,-1.12,12.16,-1.13
43.81,2.61,-1.49,11.97,-1.11,11.87,-1.12
43.824,-2.94,-1.39,11.95,-1.12,11.8,-1.12
43.838,-1.58,-1.38,11.84,-1.12,11.7,-1.12
43.853,-0.91,-1.4,11.7,-1.12,11.57,-1.13
43.867,-0.96,-1.38,11.56,-1.13,11.43,-1.13
43.881,-1.2,-1.34,11.44,-1.13,11.31,-1.13
43.896,-1.1,-1.37,11.31,-1.13,11.19,-1.13
43.91,-1.1,-1.4,11.19,-1.13,11.07,-1.14
43.924,-1.21,-1.42,11.07,-1.14,10.95,-1.14
43.939,-1.25,-1.41,10.95,-1.14,10.83,-1.14
43.953,-1.13,-1.41,10.83,-1.14,10.71,-1.14
43.967,-1.19,-1.41,10.72,-1.14,10.6,-1.15
43.982,-1.16,-1.4,10.6,-1.15,10.48,-1.15
43.996,-1.2,-1.38,10.48,-1.15,10.37,-1.15
44.01,-1.13,-1.39,10.37,-1.15,10.25,-1.15
44.025,-1.1,-1.41,10.26,-1.16,10.14,-1.16
44.039,-1.13,-1.4,10.15,-1.16,10.03,-1.16
44.053,-1.09,-1.38,10.04,-1.16,9.92,-1.16
44.07,-1.0,-1.38,9.93,-1.16,9.82,-1.16
44.084,-1.14,-1.34,9.82,-1.16,9.71,-1.17
44.099,-1.19,-1.34,9.71,-1.17,9.6,-1.17
44.113,-1.16,-1.45,9.61,-1.17,9.5,-1.17
44.127,-1.04,-1.43,9.5,-1.17,9.39,-1.17
44.142,-1.1,-1.38,9.39,-1.17,9.29,-1.18
44.156,-1.12,-1.38,9.29,-1.18,9.19,-1.18
44.17,-1.1,-1.35,9.19,-1.18,9.09,-1.18
44.185,-1.03,-1.38,9.09,-1.18,8.99,-1.18
44.199,-1.06,-1.43,8.99,-1.18,8.89,-1.19
44.213,-1.16,-1.38,8.89,-1.19,8.79,-1.19
44.227,-1.12,-1.31,8.79,-1.19,8.69,-1.19
44.241,-1.01,-1.36,8.69,-1.19,8.6,-1.19
44.256,-1.14,-1.41,8.6,-1.19,8.5,-1.19
44.27,-1.13,-1.42,8.5,-1.19,8.41,-1.19
44.285,-1.09,-1.45,8.41,-1.19,8.32,-1.19
44.299,-1.06,-1.3,8.32,-1.19,8.22,-1.2
44.313,-1.16,-1.27,8.22,-1.2,8.13,-1.2
44.327,-1.2,-1.33,8.13,-1.2,8.04,-1.2
44.342,-1.14,-1.49,8.04,-1.2,7.95,-1.2
44.358,-1.14,-1.47,7.95,-1.2,7.86,-1.2
44.373,-1.16,-1.33,7.86,-1.2,7.77,-1.21
44.388,-1.07,-1.38,7.78,-1.21,7.69,-1.21
44.402,-0.99,-1.42,7.69,-1.21,7.6,-1.21
44.416,-0.97,-1.44,7.61,-1.21,7.52,-1.21
44.431,-1.14,-1.41,7.52,-1.21,7.44,-1.21
44.445,-1.22,-1.37,7.44,-1.21,7.35,-1.22
44.459,-1.01,-1.36,7.35,-1.22,7.27,-1.22
44.473,-1.02,-1.34,7.27,-1.22,7.19,-1.22
44.487,-1.16,-1.36,7.19,-1.22,7.11,-1.22
44.502,-1.18,-1.43,7.11,-1.22,7.03,-1.22
44.517,-1.13,-1.41,7.03,-1.22,6.95,-1.22
44.531,-1.15,-1.39,6.95,-1.22,6.87,-1.22
44.545,-1.13,-1.39,6.87,-1.22,6.79,-1.22
44.559,-1.06,-1.36,6.79,-1.22,6.71,-1.22
44.574,-1.07,-1.36,6.72,-1.22,6.64,-1.23
44.589,-1.11,-1.43,6.64,-1.23,6.56,-1.23
44.604,-1.15,-1.43,6.56,-1.23,6.49,-1.23
44.618,-1.2,-1.42,6.49,-1.23,6.41,-1.23
44.632,-1.16,-1.44,6.41,-1.23,6.34,-1.24
44.647,-1.12,-1.34,6.34,-1.24,6.26,-1.24
44.661,-1.18,-1.33,6.27,-1.24,6.19,-1.24
44.675,-1.16,-1.41,6.19,-1.24,6.12,-1.24
44.69,-1.13,-1.38,6.12,-1.24,6.05,-1.24
44.704,-1.1,-1.39,6.05,-1.24,5.98,-1.24
44.719,-1.11,-1.43,5.98,-1.24,5.91,-1.24
44.733,-1.11,-1.44,5.91,-1.24,5.84,-1.25
44.747,-1.11,-1.42,5.84,-1.25,5.77,-1.25
44.761,-1.12,-1.42,5.77,-1.25,5.71,-1.25
44.776,-1.15,-1.4,5.71,-1.25,5.64,-1.25
44.79,-1.11,-1.37,5.64,-1.25,5.57,-1.25
44.804,-0.99,-1.42,5.57,-1.25,5.51,-1.25
44.819,-1.07,-1.43,5.51,-1.25,5.45,-1.26
44.833,-1.25,-1.39,5.45,-1.26,5.38,-1.26
44.847,-1.25,-1.41,5.38,-1.26,5.32,-1.26
44.861,-1.19,-1.4,5.32,-1.26,5.25,-1.26
44.876,-1.05,-1.38,5.25,-1.26,5.19,-1.26
44.89,-1.08,-1.35,5.19,-1.26,5.13,-1.26
44.905,-1.22,-1.33,5.13,-1.26,5.07,-1.26
44.919,-1.17,-1.35,5.07,-1.26,5.01,-1.26
44.933,-1.14,-1.43,5.01,-1.26,4.95,-1.26
44.948,-1.18,-1.46,4.95,-1.26,4.89,-1.26
44.962,-1.08,-1.49,4.89,-1.26,4.83,-1.27
44.976,-0.94,-1.47,4.83,-1.27,4.77,-1.27
44.991,-1.07,-1.34,4.78,-1.27,4.72,-1.27
45.005,-1.12,-1.34,4.72,-1.27,4.66,-1.27
45.019,-1.13,-1.37,4.66,-1.27,4.61,-1.27
45.033,-1.03,-1.42,4.61,-1.27,4.55,-1.27
45.048,-1.06,-1.41,4.55,-1.27,4.5,-1.28
45.063,-1.12,-1.36,4.5,-1.27,4.44,-1.28
45.077,-1.12,-1.34,4.44,-1.28,4.39,-1.28
45.091,-1.13,-1.4,4.39,-1.28,4.33,-1.28
45.105,-1.16,-1.46,4.34,-1.28,4.28,-1.28
45.12,-1.17,-1.42,4.28,-1.28,4.23,-1.28
45.134,-1.11,-1.39,4.23,-1.28,4.18,-1.28
45.148,-1.04,-1.39,4.18,-1.28,4.13,-1.28
45.163,-1.07,-1.4,4.13,-1.28,4.07,-1.29
45.177,-1.2,-1.42,4.08,-1.29,4.02,-1.29
45.191,-1.2,-1.4,4.03,-1.29,3.97,-1.29
45.205,-1.17,-1.43,3.98,-1.29,3.93,-1.29
45.219,-1.12,-1.41,3.93,-1.29,3.88,-1.29
45.234,-1.11,-1.38,3.88,-1.29,3.83,-1.29
45.248,-1.06,-1.4,3.83,-1.29,3.78,-1.29
45.262,-1.08,-1.42,3.79,-1.29,3.74,-1.29
45.277,-1.14,-1.39,3.74,-1.29,3.69,-1.29
45.291,-1.19,-1.36,3.69,-1.29,3.64,-1.3
45.305,-1.13,-1.38,3.65,-1.3,3.6,-1.3
45.32,-1.03,-1.43,3.6,-1.3,3.56,-1.3
45.334,-1.0,-1.43,3.56,-1.3,3.51,-1.3
45.348,-1.11,-1.34,3.51,-1.3,3.47,-1.3
45.363,-1.2,-1.33,3.47,-1.3,3.42,-1.3
45.377,-1.14,-1.42,3.43,-1.3,3.38,-1.3
45.391,-1.12,-1.44,3.38,-1.3,3.34,-1.3
45.405,-1.12,-1.45,3.34,-1.3,3.29,-1.3
45.42,-1.05,-1.45,3.3,-1.3,3.25,-1.3
45.434,-1.08,-1.45,3.25,-1.3,3.21,-1.3
45.449,-1.14,-1.41,3.21,-1.3,3.17,-1.31
45.463,-1.16,-1.42,3.17,-1.31,3.13,-1.31
45.477,-1.23,-1.41,3.13,-1.31,3.09,-1.31
45.492,-1.14,-1.45,3.09,-1.31,3.05,-1.31
45.506,-1.07,-1.42,3.05,-1.31,3.01,-1.31
45.52,-1.12,-1.37,3.01,-1.31,2.97,-1.31
45.535,-1.18,-1.39,2.97,-1.31,2.93,-1.31
45.549,-1.2,-1.41,2.93,-1.31,2.89,-1.31
45.563,-1.2,-1.39,2.89,-1.31,2.85,-1.31
45.578,-1.1,-1.38,2.85,-1.31,2.81,-1.31
45.592,-1.06,-1.4,2.81,-1.31,2.78,-1.31
45.606,-1.11,-1.42,2.78,-1.31,2.74,-1.31
45.62,-1.16,-1.44,2.74,-1.31,2.7,-1.32
45.635,-1.15,-1.43,2.7,-1.32,2.66,-1.32
45.649,-1.18,-1.43,2.67,-1.32,2.63,-1.32
45.663,-1.14,-1.43,2.63,-1.32,2.59,-1.32
45.678,-1.09,-1.42,2.59,-1.32,2.56,-1.32
45.693,-1.08,-1.41,2.56,-1.32,2.52,-1.32
45.707,-1.09,-1.43,2.53,-1.32,2.49,-1.32
45.721,-1.08,-1.38,2.49,-1.32,2.45,-1.32
45.735,-1.1,-1.41,2.46,-1.32,2.42,-1.32
45.75,-1.11,-1.43,2.42,-1.32,2.39,-1.32
45.764,-1.13,-1.35,2.39,-1.32,2.36,-1.32
45.779,-1.15,-1.36,2.36,-1.32,2.32,-1.32
45.793,-1.07,-1.4,2.33,-1.32,2.29,-1.32
45.807,-1.08,-1.42,2.29,-1.32,2.26,-1.32
45.821,-1.14,-1.46,2.26,-1.32,2.23,-1.33
45.835,-1.1,-1.44,2.23,-1.33,2.2,-1.33
45.851,-1.07,-1.39,2.2,-1.33,2.17,-1.33
45.865,-1.07,-1.39,2.17,-1.33,2.14,-1.33
45.879,-1.07,-1.42,2.14,-1.33,2.11,-1.33
45.893,-1.11,-1.44,2.11,-1.33,2.07,-1.33
45.908,-1.22,-1.47,2.08,-1.33,2.04,-1.33
45.922,-1.24,-1.42,2.05,-1.33,2.01,-1.33
45.937,-1.18,-1.38,2.01,-1.33,1.98,-1.33
45.951,-1.1,-1.38,1.98,-1.33,1.95,-1.33
45.965,-1.11,-1.36,1.95,-1.33,1.92,-1.33
45.98,-1.16,-1.37,1.93,-1.33,1.89,-1.33
45.997,-1.08,-1.44,1.9,-1.33,1.87,-1.33
46.011,-1.09,-1.43,1.87,-1.33,1.84,-1.33
46.025,-1.11,-1.4,1.84,-1.33,1.81,-1.33
46.039,-1.11,-1.39,1.81,-1.33,1.79,-1.33
46.054,-1.09,-1.4,1.79,-1.34,1.76,-1.34
46.068,-1.13,-1.4,1.76,-1.34,1.73,-1.34
46.082,-1.14,-1.43,1.73,-1.34,1.7,-1.34
46.097,-1.12,-1.41,1.71,-1.34,1.68,-1.34
46.111,-1.15,-1.4,1.68,-1.34,1.65,-1.34
46.126,-1.11,-1.39,1.65,-1.34,1.63,-1.34
46.139,-1.1,-1.31,1.63,-1.34,1.6,-1.34
46.154,-1.15,-1.38,1.6,-1.34,1.58,-1.34
46.168,-1.12,-1.43,1.58,-1.34,1.55,-1.34
46.182,-1.1,-1.37,1.55,-1.34,1.53,-1.34
46.196,-1.11,-1.36,1.53,-1.34,1.5,-1.34
46.211,-1.09,-1.34,1.51,-1.34,1.48,-1.34
46.225,-1.09,-1.35,1.48,-1.34,1.46,-1.34
46.239,-1.09,-1.41,1.46,-1.34,1.43,-1.34
46.253,-1.1,-1.42,1.43,-1.34,1.41,-1.34
46.268,-1.14,-1.39,1.41,-1.34,1.39,-1.34
46.282,-1.18,-1.42,1.39,-1.35,1.36,-1.35
46.296,-1.16,-1.39,1.36,-1.35,1.34,-1.35
46.311,-1.15,-1.38,1.34,-1.35,1.32,-1.35
46.326,-1.14,-1.4,1.32,-1.35,1.29,-1.35
46.34,-1.16,-1.38,1.3,-1.35,1.27,-1.35
46.354,-1.16,-1.41,1.27,-1.35,1.25,-1.35
46.368,-1.15,-1.4,1.25,-1.35,1.23,-1.35
46.383,-1.1,-1.36,1.23,-1.35,1.21,-1.35
46.397,-1.04,-1.32,1.21,-1.35,1.19,-1.35
46.412,-1.05,-1.38,1.19,-1.35,1.17,-1.35
46.426,-1.07,-1.44,1.17,-1.35,1.15,-1.35
46.441,-1.08,-1.42,1.15,-1.35,1.13,-1.35
46.455,-1.14,-1.37,1.13,-1.35,1.11,-1.35
46.469,-1.16,-1.35,1.11,-1.35,1.09,-1.35
46.483,-1.15,-1.36,1.09,-1.35,1.06,-1.35
46.497,-1.11,-1.38,1.07,-1.35,1.04,-1.35
46.512,-1.06,-1.41,1.05,-1.35,1.03,-1.35
46.526,-1.12,-1.35,1.03,-1.35,1.01,-1.35
46.54,-1.14,-1.36,1.01,-1.35,0.99,-1.35
46.554,-1.16,-1.45,0.99,-1.35,0.97,-1.35
46.569,-1.14,-1.46,0.97,-1.35,0.95,-1.35
46.583,-1.1,-1.42,0.95,-1.35,0.93,-1.36
46.598,-1.1,-1.42,0.93,-1.36,0.91,-1.36
46.612,-1.12,-1.37,0.92,-1.36,0.9,-1.36
46.627,-1.11,-1.39,0.9,-1.36,0.88,-1.36
46.641,-1.12,-1.39,0.88,-1.36,0.86,-1.36
46.655,-1.11,-1.38,0.86,-1.36,0.84,-1.36
46.67,-1.1,-1.4,0.84,-1.36,0.83,-1.36
46.684,-1.18,-1.38,0.83,-1.36,0.81,-1.36
46.699,-1.19,-1.37,0.81,-1.36,0.79,-1.36
46.713,-1.21,-1.38,0.79,-1.36,0.77,-1.36
46.727,-1.15,-1.38,0.77,-1.36,0.75,-1.36
46.742,-1.12,-1.38,0.76,-1.36,0.74,-1.36
46.756,-1.1,-1.34,0.74,-1.36,0.72,-1.36
46.77,-1.08,-1.38,0.72,-1.36,0.7,-1.36
46.785,-1.04,-1.41,0.71,-1.36,0.69,-1.36
46.799,-1.08,-1.42,0.69,-1.36,0.67,-1.36
46.813,-1.14,-1.38,0.68,-1.36,0.66,-1.36
46.827,-1.14,-1.38,0.66,-1.36,0.64,-1.36
46.842,-1.13,-1.32,0.64,-1.36,0.63,-1.36
46.856,-1.16,-1.33,0.63,-1.36,0.61,-1.36
46.871,-1.14,-1.4,0.61,-1.36,0.59,-1.36
46.885,-1.14,-1.38,0.6,-1.36,0.58,-1.36
46.9,-1.1,-1.41,0.58,-1.36,0.56,-1.36
46.914,-1.09,-1.41,0.57,-1.36,0.55,-1.36
46.928,-1.09,-1.43,0.55,-1.36,0.54,-1.36
46.942,-1.12,-1.44,0.54,-1.36,0.52,-1.36
46.957,-1.11,-1.45,0.52,-1.36,0.51,-1.36
46.971,-1.09,-1.4,0.51,-1.36,0.49,-1.36
46.985,-1.1,-1.35,0.49,-1.36,0.48,-1.36
47.0,-1.07,-1.36,0.48,-1.36,0.46,-1.36
47.014,-1.14,-1.38,0.46,-1.36,0.45,-1.36
47.03,-1.22,-1.4,0.45,-1.36,0.43,-1.36
47.044,-1.21,-1.43,0.44,-1.36,0.42,-1.36
47.058,-1.08,-1.42,0.42,-1.36,0.41,-1.36
47.073,-1.11,-1.39,0.41,-1.37,0.39,-1.37
47.087,-1.15,-1.32,0.39,-1.37,0.38,-1.37
47.101,-1.14,-1.34,0.38,-1.37,0.37,-1.37
47.115,-1.11,-1.38,0.37,-1.37,0.36,-1.37
47.13,-1.15,-1.38,0.36,-1.37,0.34,-1.37
47.144,-1.18,-1.37,0.35,-1.37,0.33,-1.37
47.158,-1.13,-1.38,0.33,-1.37,0.32,-1.37
47.173,-1.1,-1.36,0.32,-1.37,0.31,-1.37
47.187,-1.03,-1.42,0.31,-1.37,0.3,-1.37
47.201,-1.1,-1.43,0.3,-1.37,0.29,-1.37
47.216,-1.15,-1.4,0.29,-1.37,0.27,-1.37
47.229,-1.12,-1.38,0.28,-1.37,0.26,-1.37
47.244,-1.03,-1.39,0.26,-1.37,0.25,-1.37
47.258,-1.11,-1.33,0.25,-1.37,0.24,-1.37
47.273,-1.12,-1.36,0.24,-1.37,0.23,-1.37
47.287,-1.14,-1.47,0.23,-1.37,0.22,-1.37
47.301,-1.17,-1.5,0.22,-1.37,0.21,-1.37
47.316,-1.14,-1.4,0.21,-1.37,0.19,-1.37
47.33,-1.11,-1.36,0.2,-1.37,0.18,-1.37
47.344,-1.09,-1.37,0.18,-1.37,0.17,-1.37
47.358,-1.16,-1.38,0.17,-1.37,0.16,-1.37
47.373,-1.23,-1.39,0.16,-1.37,0.15,-1.37
47.387,-1.18,-1.44,0.15,-1.37,0.14,-1.37
47.402,-1.14,-1.43,0.14,-1.37,0.12,-1.37
47.416,-1.11,-1.37,0.13,-1.37,0.11,-1.37
47.43,-1.12,-1.35,0.12,-1.37,0.1,-1.37
47.444,-1.1,-1.38,0.11,-1.37,0.09,-1.37
47.459,-1.15,-1.41,0.1,-1.37,0.08,-1.37
47.474,-1.19,-1.42,0.09,-1.37,0.07,-1.37
47.488,-1.15,-1.42,0.08,-1.37,0.06,-1.37
47.502,-1.12,-1.38,0.07,-1.37,0.05,-1.37
47.516,-1.11,-1.48,0.06,-1.37,0.04,-1.37
47.531,-1.09,-1.51,0.05,-1.37,0.04,-1.37
47.545,-1.14,-1.37,0.04,-1.37,0.03,-1.37
47.56,-1.17,-1.35,0.03,-1.37,0.02,-1.37
47.574,-1.12,-1.32,0.02,-1.37,0.01,-1.37
47.59,-1.08,-1.32,0.01,-1.36,-0.0,-1.36
47.604,-1.12,-1.44,0.0,-1.36,-0.01,-1.37
47.621,-1.13,-1.44,-0.01,-1.37,-0.02,-1.37
47.636,-1.11,-1.46,-0.02,-1.37,-0.03,-1.37
47.65,-1.09,-1.45,-0.02,-1.37,-0.03,-1.37
47.665,-1.18,-1.35,-0.03,-1.37,-0.04,-1.37
47.679,-1.17,-1.34,-0.04,-1.37,-0.05,-1.37
47.694,-1.02,-1.34,-0.05,-1.37,-0.06,-1.37
47.708,-1.05,-1.36,-0.06,-1.37,-0.07,-1.37
47.723,-1.16,-1.42,-0.07,-1.37,-0.08,-1.37
47.737,-1.19,-1.44,-0.08,-1.37,-0.09,-1.37
47.752,-1.14,-1.39,-0.09,-1.37,-0.1,-1.37
47.766,-1.14,-1.39,-0.09,-1.37,-0.1,-1.37
47.781,-1.12,-1.41,-0.1,-1.37,-0.11,-1.37
47.796,-1.1,-1.4,-0.11,-1.37,-0.12,-1.37
47.81,-1.09,-1.45,-0.12,-1.37,-0.13,-1.37
47.824,-1.14,-1.47,-0.13,-1.37,-0.14,-1.37
47.839,-1.19,-1.44,-0.14,-1.37,-0.15,-1.37
47.854,-1.18,-1.41,-0.15,-1.37,-0.16,-1.37
47.868,-1.1,-1.44,-0.15,-1.37,-0.16,-1.37
47.883,-1.09,-1.44,-0.16,-1.37,-0.17,-1.37
47.897,-1.19,-1.47,-0.17,-1.37,-0.18,-1.37
47.912,-1.14,-1.48,-0.18,-1.37,-0.19,-1.37
47.926,-1.08,-1.43,-0.18,-1.37,-0.19,-1.37
47.941,-1.13,-1.34,-0.19,-1.37,-0.2,-1.37
47.955,-1.1,-1.38,-0.2,-1.37,-0.21,-1.37
47.97,-1.12,-1.42,-0.21,-1.37,-0.21,-1.37
47.984,-1.14,-1.41,-0.21,-1.37,-0.22,-1.37
47.999,-1.13,-1.4,-0.22,-1.37,-0.23,-1.37
48.014,-1.12,-1.42,-0.23,-1.37,-0.24,-1.37
48.028,-1.09,-1.4,-0.23,-1.37,-0.24,-1.37
48.043,-1.09,-1.39,-0.24,-1.37,-0.25,-1.37
48.057,-1.07,-1.43,-0.25,-1.38,-0.26,-1.38
48.072,-1.06,-1.46,-0.25,-1.38,-0.26,-1.38
48.086,-1.15,-1.45,-0.26,-1.38,-0.27,-1.38
48.101,-1.13,-1.41,-0.27,-1.38,-0.28,-1.38
48.115,-1.15,-1.4,-0.27,-1.38,-0.28,-1.38
48.13,-1.17,-1.4,-0.28,-1.38,-0.29,-1.38
48.144,-1.16,-1.4,-0.29,-1.38,-0.3,-1.38
48.159,-1.09,-1.38,-0.29,-1.38,-0.3,-1.38
48.173,-1.04,-1.39,-0.3,-1.38,-0.31,-1.38
48.188,-1.13,-1.38,-0.31,-1.38,-0.31,-1.38
48.202,-1.18,-1.36,-0.31,-1.38,-0.32,-1.38
48.217,-1.13,-1.42,-0.32,-1.38,-0.33,-1.38
48.231,-1.05,-1.42,-0.32,-1.38,-0.33,-1.38
48.246,-1.19,-1.43,-0.33,-1.38,-0.34,-1.38
48.26,-1.22,-1.4,-0.34,-1.38,-0.35,-1.38
48.275,-1.07,-1.35,-0.34,-1.38,-0.35,-1.38
48.289,-1.02,-1.34,-0.35,-1.38,-0.36,-1.38
48.304,-1.12,-1.42,-0.36,-1.38,-0.36,-1.38
48.318,-1.16,-1.42,-0.36,-1.38,-0.37,-1.38
48.332,-1.14,-1.4,-0.37,-1.38,-0.37,-1.38
48.347,-1.11,-1.39,-0.37,-1.38,-0.38,-1.38
48.361,-1.11,-1.39,-0.38,-1.38,-0.38,-1.38
48.376,-1.14,-1.39,-0.38,-1.38,-0.39,-1.38
48.39,-1.14,-1.36,-0.39,-1.38,-0.4,-1.38
48.405,-1.09,-1.35,-0.39,-1.38,-0.4,-1.38
48.419,-1.06,-1.39,-0.4,-1.38,-0.41,-1.38
48.434,-1.13,-1.44,-0.4,-1.38,-0.41,-1.38
48.448,-1.18,-1.44,-0.41,-1.38,-0.42,-1.38
48.463,-1.13,-1.39,-0.41,-1.38,-0.42,-1.38
48.477,-1.14,-1.37,-0.42,-1.38,-0.43,-1.38
48.491,-1.21,-1.35,-0.42,-1.38,-0.43,-1.38
48.506,-1.18,-1.36,-0.43,-1.38,-0.44,-1.38
48.52,-1.1,-1.38,-0.44,-1.38,-0.44,-1.38
48.534,-1.1,-1.4,-0.44,-1.38,-0.45,-1.38
48.549,-1.11,-1.4,-0.45,-1.38,-0.45,-1.38
48.563,-1.16,-1.4,-0.45,-1.38,-0.46,-1.38
48.578,-1.16,-1.4,-0.46,-1.37,-0.46,-1.37
48.592,-1.1,-1.39,-0.46,-1.37,-0.47,-1.37
48.607,-1.08,-1.42,-0.47,-1.37,-0.47,-1.38
48.621,-1.14,-1.44,-0.47,-1.38,-0.48,-1.38
48.635,-1.16,-1.43,-0.48,-1.38,-0.48,-1.38
48.65,-1.17,-1.41,-0.48,-1.38,-0.49,-1.38
48.664,-1.16,-1.39,-0.48,-1.38,-0.49,-1.38
48.678,-1.17,-1.38,-0.49,-1.38,-0.49,-1.38
48.693,-1.2,-1.43,-0.49,-1.37,-0.5,-1.37
48.707,-1.18,-1.42,-0.5,-1.37,-0.5,-1.38
48.722,-1.15,-1.4,-0.5,-1.38,-0.51,-1.38
48.736,-1.11,-1.38,-0.51,-1.38,-0.51,-1.38
48.75,-1.12,-1.36,-0.51,-1.38,-0.52,-1.38
48.765,-1.09,-1.4,-0.52,-1.38,-0.52,-1.38
48.779,-1.09,-1.46,-0.52,-1.38,-0.53,-1.38
48.794,-1.09,-1.42,-0.52,-1.38,-0.53,-1.38
48.809,-1.05,-1.35,-0.53,-1.38,-0.53,-1.38
48.823,-1.07,-1.35,-0.53,-1.38,-0.53,-1.38
48.838,-1.18,-1.34,-0.53,-1.38,-0.54,-1.38
48.853,-1.16,-1.34,-0.54,-1.38,-0.54,-1.38
48.867,-1.16,-1.39,-0.54,-1.38,-0.55,-1.38
48.882,-1.21,-1.42,-0.54,-1.38,-0.55,-1.38
48.896,-1.2,-1.43,-0.55,-1.38,-0.56,-1.38
48.911,-1.08,-1.4,-0.55,-1.38,-0.56,-1.38
48.925,-1.03,-1.42,-0.56,-1.38,-0.56,-1.38
48.94,-1.09,-1.38,-0.56,-1.38,-0.56,-1.38
48.954,-1.13,-1.41,-0.56,-1.38,-0.57,-1.38
48.969,-1.12,-1.43,-0.57,-1.38,-0.57,-1.38
48.983,-1.09,-1.43,-0.57,-1.38,-0.58,-1.38
48.998,-1.14,-1.43,-0.57,-1.38,-0.58,-1.38
49.012,-1.15,-1.42,-0.58,-1.38,-0.59,-1.38
49.026,-1.15,-1.4,-0.58,-1.38,-0.59,-1.38
49.041,-1.14,-1.36,-0.59,-1.38,-0.59,-1.38
49.055,-1.16,-1.42,-0.59,-1.38,-0.6,-1.38
49.07,-1.16,-1.43,-0.59,-1.38,-0.6,-1.39
49.084,-1.14,-1.42,-0.6,-1.39,-0.6,-1.39
49.099,-1.19,-1.37,-0.6,-1.38,-0.61,-1.38
49.113,-1.18,-1.4,-0.61,-1.38,-0.61,-1.38
49.128,-1.1,-1.44,-0.61,-1.38,-0.61,-1.38
49.142,-1.08,-1.41,-0.61,-1.38,-0.62,-1.38
49.156,-1.14,-1.45,-0.62,-1.38,-0.62,-1.38
49.173,-1.14,-1.41,-0.62,-1.38,-0.62,-1.38
49.187,-1.14,-1.34,-0.62,-1.38,-0.63,-1.38
49.202,-1.12,-1.38,-0.63,-1.38,-0.63,-1.38
49.216,-1.09,-1.35,-0.63,-1.38,-0.63,-1.38
49.23,-1.14,-1.32,-0.63,-1.38,-0.64,-1.38
49.248,-1.07,-1.41,-0.63,-1.38,-0.64,-1.38
49.262,-1.09,-1.45,-0.64,-1.39,-0.64,-1.39
49.277,-1.14,-1.39,-0.64,-1.39,-0.64,-1.39
49.291,-1.16,-1.37,-0.64,-1.39,-0.65,-1.39
49.306,-1.1,-1.36,-0.65,-1.39,-0.65,-1.39
49.321,-1.08,-1.38,-0.65,-1.39,-0.65,-1.39
49.336,-1.12,-1.36,-0.65,-1.39,-0.65,-1.39
49.35,-1.18,-1.35,-0.65,-1.39,-0.66,-1.38
49.365,-1.09,-1.45,-0.65,-1.38,-0.66,-1.38
49.38,-1.05,-1.46,-0.66,-1.38,-0.66,-1.39
49.394,-1.13,-1.36,-0.66,-1.39,-0.66,-1.39
49.409,-1.15,-1.36,-0.66,-1.39,-0.67,-1.39
49.423,-1.07,-1.38,-0.66,-1.39,-0.67,-1.39
49.438,-1.09,-1.36,-0.67,-1.38,-0.67,-1.38
49.452,-1.16,-1.36,-0.67,-1.38,-0.67,-1.38
49.467,-1.08,-1.39,-0.67,-1.38,-0.67,-1.38
49.481,-1.05,-1.38,-0.67,-1.38,-0.68,-1.38
49.496,-1.06,-1.33,-0.67,-1.38,-0.68,-1.38
49.51,-1.12,-1.42,-0.68,-1.38,-0.68,-1.38
49.525,-1.17,-1.44,-0.68,-1.38,-0.68,-1.38
49.54,-1.18,-1.37,-0.68,-1.38,-0.69,-1.38
49.555,-1.15,-1.37,-0.69,-1.38,-0.69,-1.38
49.569,-1.13,-1.43,-0.69,-1.38,-0.69,-1.38
49.584,-1.14,-1.42,-0.69,-1.38,-0.7,-1.38
49.598,-1.14,-1.42,-0.69,-1.38,-0.7,-1.38
49.613,-1.16,-1.42,-0.7,-1.38,-0.7,-1.38
49.627,-1.15,-1.44,-0.7,-1.38,-0.7,-1.39
49.641,-1.14,-1.44,-0.7,-1.39,-0.71,-1.39
49.656,-1.15,-1.45,-0.71,-1.39,-0.71,-1.39
49.67,-1.11,-1.45,-0.71,-1.39,-0.71,-1.39
49.687,-1.09,-1.43,-0.71,-1.39,-0.71,-1.39
49.701,-1.12,-1.42,-0.71,-1.39,-0.72,-1.39
49.716,-1.16,-1.4,-0.71,-1.39,-0.72,-1.39
49.73,-1.11,-1.38,-0.72,-1.39,-0.72,-1.39
49.745,-1.05,-1.4,-0.72,-1.39,-0.72,-1.39
49.759,-0.81,-1.42,-0.72,-1.39,-0.72,-1.39
49.773,-1.19,-1.1,-0.71,-1.39,-0.72,-1.39
49.788,-1.5,-1.31,-0.71,-1.39,-0.72,-1.39
49.802,-0.82,-1.64,-0.72,-1.38,-0.73,-1.38
49.817,-0.8,-1.44,-0.73,-1.38,-0.73,-1.38
49.831,-1.14,-1.15,-0.72,-1.38,-0.73,-1.38
49.846,-1.47,-1.4,-0.72,-1.38,-0.73,-1.38
49.861,-1.14,-1.44,-0.73,-1.38,-0.73,-1.38
49.875,-0.87,-1.56,-0.73,-1.38,-0.74,-1.38
49.89,-1.11,-1.36,-0.73,-1.38,-0.73,-1.38
49.904,-1.48,-1.2,-0.73,-1.38,-0.74,-1.38
49.919,-0.96,-1.42,-0.73,-1.38,-0.74,-1.38
49.933,-0.61,-1.62,-0.74,-1.38,-0.74,-1.38
49.948,-1.32,-1.29,-0.74,-1.38,-0.74,-1.38
49.963,-1.58,-1.26,-0.73,-1.39,-0.74,-1.38
49.977,-0.89,-1.62,-0.74,-1.38,-0.74,-1.39
49.991,-0.78,-1.52,-0.74,-1.39,-0.74,-1.39
50.006,-1.23,-1.25,-0.74,-1.39,-0.75,-1.39
50.02,-1.34,-1.36,-0.74,-1.39,-0.75,-1.39
50.035,-0.96,-1.47,-0.75,-1.38,-0.75,-1.39
50.05,-0.95,-1.44,-0.75,-1.38,-0.75,-1.38
50.064,-1.29,-1.42,-0.75,-1.38,-0.76,-1.38
50.079,-1.41,-1.27,-0.75,-1.38,-0.76,-1.38
50.093,-0.88,-1.37,-0.76,-1.38,-0.76,-1.38
50.108,-0.76,-1.37,-0.76,-1.38,-0.76,-1.38
50.123,-1.02,-1.3,-0.76,-1.38,-0.76,-1.38
50.137,-1.34,-1.43,-0.75,-1.38,-0.76,-1.38
50.151,-1.01,-1.48,-0.76,-1.38,-0.76,-1.38
50.166,-1.06,-1.2,-0.76,-1.38,-0.76,-1.38
50.181,-1.27,-1.22,-0.76,-1.38,-0.77,-1.38
50.195,-1.14,-1.56,-0.76,-1.38,-0.77,-1.38
50.21,-1.05,-1.51,-0.77,-1.38,-0.77,-1.38
50.226,-1.1,-1.39,-0.77,-1.38,-0.77,-1.38
50.241,-1.18,-1.4,-0.77,-1.38,-0.77,-1.38
50.256,-1.24,-1.35,-0.77,-1.38,-0.77,-1.38
50.27,-1.07,-1.39,-0.77,-1.38,-0.77,-1.38
50.285,-1.08,-1.47,-0.77,-1.38,-0.78,-1.38
50.299,-1.23,-1.37,-0.77,-1.38,-0.78,-1.38
50.314,-1.14,-1.39,-0.78,-1.38,-0.78,-1.38
50.328,-1.0,-1.54,-0.78,-1.38,-0.78,-1.38
50.343,-1.24,-1.32,-0.78,-1.38,-0.78,-1.38
50.357,-1.31,-1.32,-0.78,-1.38,-0.78,-1.38
50.371,-1.02,-1.42,-0.78,-1.38,-0.79,-1.38
50.386,-1.06,-1.38,-0.78,-1.38,-0.79,-1.38
50.401,-1.2,-1.43,-0.78,-1.38,-0.79,-1.38
50.415,-1.21,-1.41,-0.79,-1.38,-0.79,-1.38
50.429,-1.04,-1.31,-0.79,-1.38,-0.79,-1.38
50.444,-1.07,-1.41,-0.79,-1.38,-0.79,-1.38
50.459,-1.14,-1.47,-0.79,-1.38,-0.79,-1.38
50.473,-1.32,-1.35,-0.79,-1.39,-0.8,-1.38
50.487,-1.1,-1.37,-0.79,-1.38,-0.8,-1.38
50.502,-1.0,-1.42,-0.8,-1.38,-0.8,-1.38
50.517,-1.15,-1.36,-0.8,-1.38,-0.8,-1.38
50.531,-1.17,-1.4,-0.8,-1.39,-0.8,-1.39
50.546,-1.03,-1.47,-0.8,-1.39,-0.8,-1.39
50.56,-1.09,-1.36,-0.8,-1.39,-0.8,-1.39
50.575,-1.15,-1.31,-0.8,-1.39,-0.8,-1.39
50.589,-1.1,-1.35,-0.8,-1.39,-0.8,-1.39
50.604,-1.0,-1.38,-0.8,-1.39,-0.8,-1.39
50.618,-1.1,-1.47,-0.8,-1.39,-0.81,-1.39
50.633,-1.18,-1.46,-0.8,-1.39,-0.81,-1.39
50.647,-1.2,-1.38,-0.8,-1.39,-0.81,-1.39
50.663,-1.03,-1.37,-0.81,-1.39,-0.81,-1.39
50.678,-1.12,-1.38,-0.81,-1.39,-0.81,-1.39
50.692,-1.28,-1.39,-0.81,-1.39,-0.81,-1.39
50.706,-1.13,-1.49,-0.81,-1.39,-0.81,-1.39
50.721,-1.05,-1.47,-0.81,-1.39,-0.82,-1.4
50.735,-1.14,-1.4,-0.81,-1.4,-0.82,-1.4
50.75,-1.18,-1.39,-0.81,-1.4,-0.82,-1.4
50.764,-1.14,-1.42,-0.81,-1.39,-0.82,-1.39
50.779,-1.04,-1.42,-0.82,-1.39,-0.82,-1.39
50.793,-1.11,-1.34,-0.82,-1.4,-0.82,-1.4
50.808,-1.23,-1.37,-0.81,-1.4,-0.82,-1.4
50.822,-1.2,-1.45,-0.82,-1.4,-0.82,-1.4
50.837,-1.02,-1.47,-0.82,-1.4,-0.82,-1.4
50.852,-1.07,-1.39,-0.82,-1.4,-0.82,-1.4
50.869,-1.13,-1.39,-0.82,-1.4,-0.82,-1.4
50.883,-0.97,-1.43,-0.81,-1.4,-0.82,-1.4
50.897,-1.4,-1.17,-0.81,-1.41,-0.82,-1.4
50.912,-1.4,-1.31,-0.81,-1.4,-0.82,-1.4
50.926,-0.91,-1.58,-0.82,-1.4,-0.82,-1.4
50.941,-0.75,-1.43,-0.82,-1.4,-0.82,-1.4
50.955,-1.22,-1.18,-0.82,-1.4,-0.82,-1.4
50.97,-1.27,-1.24,-0.82,-1.4,-0.82,-1.4
50.984,-1.2,-1.39,-0.82,-1.4,-0.82,-1.4
50.999,-0.99,-1.44,-0.82,-1.4,-0.82,-1.4
51.014,-1.21,-1.37,-0.82,-1.4,-0.82,-1.4
51.028,-1.3,-1.3,-0.82,-1.4,-0.82,-1.4
51.043,-0.98,-1.48,-0.82,-1.4,-0.82,-1.41
51.057,-0.99,-1.46,-0.82,-1.41,-0.82,-1.41
51.072,-1.24,-1.32,-0.82,-1.41,-0.83,-1.41
51.086,-1.29,-1.33,-0.82,-1.41,-0.83,-1.41
51.1,-1.09,-1.48,-0.82,-1.4,-0.83,-1.4
51.115,-1.09,-1.34,-0.83,-1.4,-0.83,-1.4
51.129,-1.21,-1.33,-0.83,-1.4,-0.83,-1.4
51.144,-1.19,-1.41,-0.83,-1.4,-0.83,-1.4
51.158,-1.18,-1.36,-0.83,-1.4,-0.83,-1.4
51.172,-1.14,-1.38,-0.83,-1.4,-0.83,-1.4
51.187,-1.14,-1.4,-0.83,-1.4,-0.83,-1.4
51.204,-1.2,-1.26,-0.83,-1.4,-0.83,-1.4
51.219,-1.08,-1.29,-0.83,-1.4,-0.84,-1.4
51.233,-1.1,-1.44,-0.83,-1.4,-0.84,-1.4
51.248,-1.25,-1.42,-0.83,-1.4,-0.84,-1.4
51.262,-1.13,-1.42,-0.83,-1.4,-0.84,-1.4
51.277,-1.05,-1.39,-0.84,-1.4,-0.84,-1.4
51.291,-1.19,-1.28,-0.84,-1.4,-0.84,-1.4
51.306,-1.16,-1.39,-0.84,-1.4,-0.84,-1.4
51.32,-1.11,-1.48,-0.84,-1.4,-0.84,-1.4
51.335,-1.16,-1.44,-0.84,-1.4,-0.84,-1.4
51.349,-1.14,-1.4,-0.84,-1.4,-0.84,-1.4
51.363,-1.15,-1.4,-0.84,-1.4,-0.84,-1.4
51.378,-1.16,-1.33,-0.84,-1.4,-0.85,-1.4
51.392,-1.09,-1.32,-0.84,-1.4,-0.85,-1.4
51.407,-1.05,-1.38,-0.85,-1.4,-0.85,-1.4
51.421,-1.2,-1.37,-0.85,-1.4,-0.85,-1.4
51.436,-1.14,-1.32,-0.85,-1.4,-0.85,-1.4
51.45,-1.1,-1.34,-0.85,-1.4,-0.85,-1.4
51.465,-1.16,-1.34,-0.85,-1.4,-0.85,-1.4
51.48,-1.05,-1.32,-0.85,-1.4,-0.85,-1.4
51.494,-1.03,-1.4,-0.85,-1.4,-0.85,-1.4
51.509,-1.25,-1.43,-0.85,-1.4,-0.85,-1.4
51.523,-1.25,-1.44,-0.85,-1.4,-0.85,-1.4
51.538,-1.09,-1.36,-0.85,-1.4,-0.85,-1.4
51.552,-1.0,-1.33,-0.85,-1.4,-0.85,-1.4
51.567,-1.17,-1.39,-0.85,-1.4,-0.85,-1.4
51.581,-1.13,-1.41,-0.85,-1.4,-0.86,-1.4
51.596,-1.12,-1.41,-0.86,-1.4,-0.86,-1.4
51.61,-1.14,-1.38,-0.86,-1.4,-0.86,-1.4
51.625,-1.11,-1.33,-0.86,-1.4,-0.86,-1.4
51.639,-1.14,-1.35,-0.86,-1.4,-0.86,-1.4
51.654,-1.15,-1.43,-0.86,-1.4,-0.86,-1.4
51.668,-1.16,-1.43,-0.86,-1.4,-0.86,-1.4
51.683,-1.2,-1.4,-0.86,-1.4,-0.87,-1.4
51.697,-1.22,-1.31,-0.86,-1.4,-0.87,-1.4
51.712,-1.15,-1.34,-0.86,-1.39,-0.87,-1.39
51.726,-1.1,-1.41,-0.87,-1.39,-0.87,-1.39
51.741,-1.15,-1.41,-0.87,-1.39,-0.87,-1.39
51.755,-1.18,-1.38,-0.87,-1.39,-0.87,-1.39
51.77,-1.15,-1.39,-0.87,-1.39,-0.87,-1.39
51.784,-1.09,-1.39,-0.87,-1.39,-0.87,-1.39
51.799,-1.14,-1.36,-0.87,-1.39,-0.87,-1.39
51.813,-1.17,-1.35,-0.87,-1.39,-0.88,-1.39
51.828,-1.12,-1.38,-0.87,-1.39,-0.88,-1.39
51.842,-1.07,-1.41,-0.87,-1.39,-0.88,-1.39
51.857,-1.2,-1.38,-0.87,-1.4,-0.88,-1.4
51.872,-1.22,-1.4,-0.87,-1.4,-0.88,-1.4
51.886,-1.16,-1.38,-0.88,-1.39,-0.88,-1.39
51.901,-1.14,-1.38,-0.88,-1.39,-0.88,-1.39
51.915,-1.2,-1.34,-0.88,-1.39,-0.88,-1.39
51.93,-1.2,-1.4,-0.88,-1.39,-0.88,-1.39
51.944,-1.14,-1.46,-0.88,-1.39,-0.88,-1.39
51.959,-1.15,-1.42,-0.88,-1.39,-0.88,-1.39
51.973,-1.2,-1.35,-0.88,-1.39,-0.88,-1.39
51.988,-1.21,-1.39,-0.88,-1.39,-0.89,-1.39
52.002,-1.1,-1.42,-0.88,-1.39,-0.89,-1.39
52.017,-1.14,-1.4,-0.88,-1.39,-0.89,-1.39
52.031,-1.18,-1.38,-0.88,-1.39,-0.89,-1.39
52.046,-1.21,-1.35,-0.89,-1.39,-0.89,-1.39
52.06,-1.2,-1.4,-0.89,-1.39,-0.89,-1.39
52.075,-1.06,-1.41,-0.89,-1.39,-0.89,-1.39
52.089,-1.09,-1.36,-0.89,-1.39,-0.89,-1.39
52.103,-1.16,-1.4,-0.89,-1.39,-0.89,-1.39
52.118,-1.16,-1.41,-0.89,-1.39,-0.89,-1.39
52.132,-1.12,-1.38,-0.89,-1.39,-0.89,-1.39
52.146,-1.12,-1.4,-0.89,-1.39,-0.89,-1.39
52.161,-1.16,-1.4,-0.89,-1.39,-0.89,-1.39
52.175,-1.13,-1.4,-0.89,-1.39,-0.9,-1.39
52.19,-1.16,-1.37,-0.89,-1.39,-0.9,-1.39
52.204,-1.26,-1.39,-0.89,-1.39,-0.9,-1.39
52.219,-1.29,-1.4,-0.9,-1.39,-0.9,-1.39
52.234,-1.16,-1.34,-0.9,-1.39,-0.9,-1.39
52.248,-1.1,-1.33,-0.9,-1.39,-0.9,-1.39
52.262,-1.05,-1.36,-0.9,-1.39,-0.9,-1.39
52.277,-1.13,-1.4,-0.9,-1.39,-0.9,-1.39
52.291,-1.14,-1.34,-0.9,-1.39,-0.9,-1.39
52.306,-1.05,-1.28,-0.9,-1.39,-0.9,-1.39
52.32,-1.09,-1.31,-0.9,-1.39,-0.9,-1.39
52.334,-1.14,-1.38,-0.9,-1.39,-0.9,-1.39
52.349,-1.1,-1.37,-0.9,-1.39,-0.9,-1.39
52.363,-1.1,-1.34,-0.9,-1.39,-0.9,-1.39
52.378,-1.23,-1.34,-0.9,-1.39,-0.9,-1.38
52.392,-1.22,-1.34,-0.9,-1.38,-0.9,-1.38
52.407,-1.18,-1.35,-0.9,-1.38,-0.91,-1.38
52.422,-1.1,-1.32,-0.9,-1.38,-0.9,-1.38
52.436,-1.14,-1.36,-0.9,-1.38,-0.9,-1.38
52.451,-1.14,-1.36,-0.9,-1.38,-0.9,-1.38
52.465,-1.14,-1.36,-0.9,-1.38,-0.9,-1.38
52.479,-1.09,-1.42,-0.9,-1.38,-0.9,-1.38
52.497,-1.13,-1.31,-0.9,-1.39,-0.9,-1.39
52.513,-1.09,-1.34,-0.9,-1.39,-0.9,-1.39
52.527,-1.09,-1.43,-0.9,-1.39,-0.9,-1.39
52.542,-1.12,-1.41,-0.9,-1.39,-0.9,-1.39
52.556,-1.2,-1.37,-0.9,-1.39,-0.9,-1.39
52.571,-1.17,-1.38,-0.9,-1.39,-0.9,-1.39
52.585,-1.18,-1.37,-0.9,-1.39,-0.9,-1.39
52.6,-1.21,-1.39,-0.9,-1.38,-0.91,-1.38
52.614,-1.21,-1.42,-0.9,-1.38,-0.91,-1.39
52.629,-1.16,-1.42,-0.9,-1.38,-0.91,-1.38
52.643,-1.18,-1.4,-0.9,-1.38,-0.91,-1.38
52.658,-1.2,-1.38,-0.91,-1.38,-0.91,-1.38
52.672,-1.13,-1.36,-0.91,-1.38,-0.91,-1.38
52.687,-1.13,-1.33,-0.91,-1.38,-0.91,-1.38
52.701,-1.14,-1.35,-0.91,-1.38,-0.91,-1.38
52.716,-1.23,-1.4,-0.91,-1.38,-0.91,-1.38
52.731,-1.26,-1.39,-0.91,-1.38,-0.91,-1.38
52.745,-1.15,-1.31,-0.91,-1.38,-0.91,-1.38
52.759,-1.07,-1.34,-0.91,-1.38,-0.91,-1.38
52.774,-1.11,-1.37,-0.91,-1.38,-0.91,-1.38
52.789,-1.16,-1.4,-0.91,-1.38,-0.91,-1.38
52.803,-1.19,-1.43,-0.91,-1.38,-0.91,-1.38
52.818,-1.18,-1.43,-0.91,-1.38,-0.91,-1.38
52.832,-1.16,-1.41,-0.91,-1.38,-0.92,-1.38
52.846,-1.23,-1.38,-0.91,-1.38,-0.92,-1.38
52.861,-1.2,-1.4,-0.91,-1.38,-0.92,-1.38
52.875,-1.15,-1.37,-0.92,-1.38,-0.92,-1.38
52.89,-1.18,-1.34,-0.92,-1.38,-0.92,-1.38
52.904,-1.2,-1.4,-0.92,-1.38,-0.92,-1.38
52.919,-1.2,-1.42,-0.92,-1.38,-0.92,-1.38
52.933,-1.1,-1.34,-0.92,-1.38,-0.92,-1.38
52.948,-1.08,-1.36,-0.92,-1.38,-0.92,-1.38
52.962,-1.12,-1.37,-0.92,-1.38,-0.92,-1.38
52.976,-1.14,-1.37,-0.92,-1.38,-0.92,-1.38
52.991,-1.21,-1.34,-0.92,-1.38,-0.92,-1.38
53.005,-1.2,-1.37,-0.92,-1.38,-0.92,-1.38
53.02,-1.18,-1.43,-0.92,-1.38,-0.92,-1.38
53.034,-1.08,-1.38,-0.92,-1.38,-0.92,-1.38
53.049,-1.08,-1.36,-0.92,-1.38,-0.92,-1.38
53.063,-1.16,-1.35,-0.92,-1.38,-0.92,-1.38
53.078,-1.18,-1.35,-0.92,-1.38,-0.92,-1.38
53.092,-1.15,-1.3,-0.92,-1.38,-0.92,-1.38
53.106,-1.16,-1.29,-0.92,-1.38,-0.92,-1.38
53.121,-1.15,-1.34,-0.92,-1.38,-0.92,-1.38
53.135,-1.07,-1.38,-0.92,-1.37,-0.92,-1.37
53.15,-1.12,-1.4,-0.91,-1.37,-0.92,-1.37
53.164,-1.19,-1.42,-0.91,-1.37,-0.92,-1.37
53.179,-1.21,-1.4,-0.91,-1.37,-0.92,-1.37
53.194,-1.18,-1.34,-0.92,-1.37,-0.92,-1.37
53.208,-1.1,-1.39,-0.92,-1.37,-0.92,-1.37
53.222,-1.14,-1.43,-0.92,-1.37,-0.92,-1.37
53.237,-1.14,-1.38,-0.92,-1.37,-0.92,-1.37
53.252,-1.14,-1.37,-0.92,-1.37,-0.92,-1.37
53.266,-1.23,-1.36,-0.92,-1.37,-0.92,-1.37
53.281,-1.24,-1.38,-0.92,-1.37,-0.92,-1.37
53.295,-1.16,-1.37,-0.92,-1.37,-0.92,-1.37
53.31,-1.09,-1.36,-0.92,-1.37,-0.92,-1.37
53.324,-1.18,-1.39,-0.92,-1.37,-0.92,-1.37
53.339,-1.23,-1.45,-0.92,-1.37,-0.93,-1.37
53.353,-1.16,-1.43,-0.92,-1.37,-0.93,-1.37
53.368,-1.2,-1.33,-0.92,-1.37,-0.93,-1.37
53.382,-1.24,-1.35,-0.92,-1.37,-0.93,-1.37
53.397,-1.07,-1.37,-0.93,-1.37,-0.93,-1.37
53.411,-1.09,-1.4,-0.92,-1.37,-0.93,-1.37
53.426,-1.09,-1.36,-0.92,-1.37,-0.93,-1.37
53.44,-1.15,-1.34,-0.92,-1.37,-0.92,-1.37
53.455,-1.19,-1.37,-0.92,-1.37,-0.93,-1.37
53.469,-1.15,-1.4,-0.92,-1.37,-0.92,-1.37
53.484,-1.09,-1.38,-0.92,-1.37,-0.92,-1.37
53.498,-1.09,-1.45,-0.92,-1.37,-0.92,-1.37
53.513,-1.12,-1.43,-0.92,-1.37,-0.92,-1.37
53.527,-1.21,-1.33,-0.92,-1.37,-0.92,-1.37
53.542,-1.18,-1.31,-0.92,-1.37,-0.92,-1.37
53.556,-1.14,-1.42,-0.92,-1.37,-0.92,-1.37
53.57,-1.15,-1.43,-0.92,-1.37,-0.92,-1.37
53.585,-1.09,-1.41,-0.92,-1.37,-0.92,-1.37
53.6,-1.12,-1.43,-0.92,-1.37,-0.92,-1.37
53.614,-1.15,-1.35,-0.92,-1.37,-0.92,-1.37
53.629,-1.08,-1.34,-0.92,-1.37,-0.92,-1.37
53.643,-1.01,-1.36,-0.92,-1.37,-0.92,-1.37
53.658,-1.03,-1.32,-0.92,-1.37,-0.92,-1.37
53.672,-1.08,-1.3,-0.92,-1.37,-0.92,-1.37
53.687,-1.13,-1.35,-0.92,-1.37,-0.92,-1.37
53.701,-1.1,-1.4,-0.92,-1.37,-0.92,-1.37
53.716,-1.15,-1.4,-0.92,-1.37,-0.92,-1.37
53.73,-1.19,-1.4,-0.92,-1.37,-0.92,-1.37
53.745,-1.11,-1.39,-0.92,-1.37,-0.92,-1.37
53.759,-1.11,-1.38,-0.92,-1.37,-0.92,-1.37
53.774,-1.09,-1.38,-0.92,-1.37,-0.92,-1.37
53.788,-1.12,-1.36,-0.92,-1.37,-0.92,-1.37
53.803,-1.18,-1.38,-0.92,-1.37,-0.92,-1.37
53.817,-1.14,-1.38,-0.92,-1.37,-0.92,-1.37
53.832,-1.14,-1.4,-0.92,-1.37,-0.92,-1.37
53.846,-1.18,-1.42,-0.92,-1.37,-0.92,-1.37
53.861,-1.19,-1.42,-0.92,-1.37,-0.92,-1.37
53.875,-1.21,-1.43,-0.92,-1.37,-0.93,-1.37
53.89,-1.23,-1.42,-0.92,-1.37,-0.93,-1.37
53.904,-1.18,-1.32,-0.92,-1.37,-0.93,-1.37
53.919,-1.15,-1.3,-0.92,-1.37,-0.93,-1.37
53.933,-1.09,-1.38,-0.92,-1.37,-0.93,-1.37
53.948,-1.14,-1.42,-0.92,-1.37,-0.93,-1.37
53.962,-1.18,-1.39,-0.92,-1.37,-0.93,-1.37
53.976,-1.2,-1.38,-0.92,-1.37,-0.93,-1.37
53.991,-1.05,-1.34,-0.92,-1.37,-0.93,-1.37
54.005,-1.03,-1.37,-0.92,-1.37,-0.92,-1.37
54.02,-1.17,-1.43,-0.92,-1.37,-0.92,-1.37
54.034,-1.25,-1.43,-0.92,-1.37,-0.92,-1.37
54.049,-1.22,-1.35,-0.92,-1.37,-0.92,-1.37
54.063,-1.17,-1.35,-0.92,-1.37,-0.92,-1.37
54.078,-1.14,-1.38,-0.92,-1.37,-0.93,-1.37
54.092,-1.16,-1.38,-0.92,-1.37,-0.93,-1.37
54.109,-1.18,-1.42,-0.92,-1.37,-0.93,-1.37
54.124,-1.19,-1.46,-0.93,-1.37,-0.93,-1.37
54.139,-1.18,-1.36,-0.93,-1.37,-0.93,-1.37
54.153,-1.22,-1.35,-0.93,-1.37,-0.93,-1.37
54.167,-1.19,-1.39,-0.93,-1.37,-0.93,-1.37
54.182,-1.12,-1.39,-0.93,-1.37,-0.93,-1.37
54.197,-1.1,-1.4,-0.93,-1.37,-0.93,-1.37
54.211,-1.15,-1.46,-0.93,-1.37,-0.93,-1.37
54.226,-1.2,-1.44,-0.93,-1.37,-0.93,-1.37
54.24,-1.17,-1.39,-0.93,-1.37,-0.93,-1.37
54.255,-1.14,-1.35,-0.93,-1.37,-0.93,-1.37
54.27,-1.17,-1.42,-0.93,-1.37,-0.93,-1.37
54.284,-1.21,-1.42,-0.93,-1.37,-0.93,-1.37
54.299,-1.12,-1.38,-0.93,-1.37,-0.93,-1.37
54.313,-1.1,-1.39,-0.93,-1.37,-0.93,-1.37
54.327,-1.23,-1.33,-0.93,-1.37,-0.93,-1.37
54.342,-1.22,-1.29,-0.93,-1.37,-0.93,-1.37
54.356,-1.11,-1.39,-0.93,-1.37,-0.93,-1.37
54.37,-1.14,-1.43,-0.93,-1.37,-0.93,-1.37
54.385,-1.16,-1.42,-0.93,-1.37,-0.93,-1.37
54.399,-1.18,-1.4,-0.93,-1.37,-0.93,-1.37
54.414,-1.16,-1.38,-0.93,-1.37,-0.93,-1.37
54.428,-1.07,-1.38,-0.93,-1.37,-0.93,-1.37
54.443,-1.12,-1.37,-0.93,-1.37,-0.93,-1.37
54.457,-1.21,-1.32,-0.92,-1.37,-0.93,-1.37
54.472,-1.17,-1.34,-0.92,-1.37,-0.93,-1.37
54.487,-1.12,-1.42,-0.92,-1.37,-0.93,-1.37
54.501,-1.18,-1.4,-0.92,-1.37,-0.93,-1.37
54.516,-1.2,-1.36,-0.92,-1.37,-0.93,-1.37
54.53,-1.21,-1.34,-0.92,-1.37,-0.93,-1.37
54.545,-1.2,-1.34,-0.92,-1.37,-0.93,-1.37
54.559,-1.14,-1.34,-0.92,-1.37,-0.93,-1.37
54.574,-1.18,-1.35,-0.92,-1.37,-0.93,-1.37
54.588,-1.22,-1.37,-0.93,-1.37,-0.93,-1.37
54.603,-1.16,-1.36,-0.93,-1.37,-0.93,-1.37
54.617,-1.18,-1.32,-0.93,-1.37,-0.93,-1.37
54.631,-1.17,-1.33,-0.93,-1.37,-0.93,-1.37
54.646,-1.13,-1.42,-0.93,-1.37,-0.93,-1.37
54.66,-1.11,-1.45,-0.93,-1.37,-0.93,-1.37
54.675,-1.15,-1.38,-0.93,-1.37,-0.93,-1.37
54.689,-1.2,-1.31,-0.93,-1.37,-0.93,-1.37
54.703,-1.18,-1.31,-0.93,-1.37,-0.93,-1.37
54.718,-1.16,-1.33,-0.93,-1.36,-0.93,-1.36
54.733,-1.16,-1.4,-0.93,-1.36,-0.93,-1.36
54.747,-1.16,-1.39,-0.93,-1.36,-0.93,-1.36
54.762,-1.14,-1.42,-0.93,-1.36,-0.93,-1.36
54.776,-1.13,-1.41,-0.93,-1.37,-0.93,-1.37
54.791,-1.14,-1.35,-0.93,-1.37,-0.93,-1.37
54.805,-1.17,-1.37,-0.93,-1.37,-0.93,-1.37
54.82,-1.16,-1.39,-0.93,-1.36,-0.93,-1.37
54.834,-1.15,-1.34,-0.93,-1.36,-0.93,-1.36
54.849,-1.16,-1.37,-0.93,-1.36,-0.93,-1.36
54.863,-1.18,-1.39,-0.93,-1.36,-0.93,-1.36
54.878,-1.22,-1.39,-0.93,-1.36,-0.93,-1.36
54.892,-1.23,-1.36,-0.93,-1.36,-0.93,-1.36
54.907,-1.23,-1.37,-0.93,-1.36,-0.94,-1.36
54.921,-1.25,-1.37,-0.93,-1.36,-0.94,-1.36
54.936,-1.2,-1.36,-0.93,-1.36,-0.94,-1.36
54.95,-1.15,-1.38,-0.93,-1.36,-0.94,-1.36
54.965,-1.13,-1.43,-0.93,-1.36,-0.94,-1.36
54.979,-1.16,-1.36,-0.93,-1.36,-0.94,-1.36
54.994,-1.18,-1.34,-0.93,-1.36,-0.94,-1.36
55.008,-1.1,-1.38,-0.94,-1.36,-0.94,-1.36
55.022,-1.11,-1.34,-0.94,-1.36,-0.94,-1.36
55.041,-1.17,-1.35,-0.93,-1.36,-0.94,-1.36
55.055,-1.16,-1.36,-0.93,-1.36,-0.94,-1.36
55.069,-1.15,-1.38,-0.93,-1.36,-0.94,-1.36
55.084,-1.16,-1.4,-0.93,-1.36,-0.94,-1.36
55.098,-1.19,-1.38,-0.93,-1.36,-0.94,-1.36
55.113,-1.18,-1.37,-0.93,-1.36,-0.94,-1.36
55.127,-1.18,-1.37,-0.93,-1.36,-0.94,-1.36
55.142,-1.16,-1.38,-0.93,-1.36,-0.94,-1.36
55.156,-1.13,-1.35,-0.93,-1.36,-0.94,-1.36
55.171,-1.11,-1.37,-0.93,-1.36,-0.94,-1.36
55.185,-1.15,-1.4,-0.93,-1.36,-0.93,-1.36
55.2,-1.2,-1.38,-0.93,-1.36,-0.93,-1.36
55.214,-1.18,-1.36,-0.93,-1.36,-0.93,-1.36
55.229,-1.1,-1.4,-0.93,-1.36,-0.93,-1.36
55.243,-1.13,-1.41,-0.93,-1.36,-0.93,-1.36
55.261,-1.21,-1.41,-0.93,-1.36,-0.93,-1.37
55.275,-1.18,-1.39,-0.93,-1.36,-0.94,-1.36
55.29,-1.18,-1.4,-0.93,-1.36,-0.94,-1.36
55.304,-1.15,-1.4,-0.94,-1.36,-0.94,-1.36
55.319,-1.18,-1.38,-0.94,-1.36,-0.94,-1.36
55.333,-1.16,-1.4,-0.94,-1.36,-0.94,-1.36
55.348,-1.12,-1.38,-0.94,-1.36,-0.94,-1.36
55.362,-1.11,-1.36,-0.94,-1.36,-0.94,-1.36
55.377,-1.12,-1.44,-0.94,-1.36,-0.94,-1.36
55.391,-1.17,-1.41,-0.94,-1.36,-0.94,-1.36
55.405,-1.13,-1.33,-0.94,-1.36,-0.94,-1.36
55.42,-1.07,-1.34,-0.94,-1.36,-0.94,-1.36
55.435,-1.21,-1.36,-0.94,-1.36,-0.94,-1.36
55.449,-1.23,-1.34,-0.94,-1.36,-0.94,-1.36
55.464,-1.18,-1.38,-0.94,-1.36,-0.94,-1.36
55.478,-1.18,-1.43,-0.94,-1.36,-0.94,-1.36
55.493,-1.22,-1.41,-0.94,-1.36,-0.94,-1.36
55.507,-1.2,-1.4,-0.94,-1.36,-0.94,-1.36
55.522,-1.2,-1.4,-0.94,-1.36,-0.94,-1.36
55.536,-1.17,-1.37,-0.94,-1.36,-0.94,-1.36
55.551,-1.18,-1.38,-0.94,-1.36,-0.94,-1.36
55.566,-1.16,-1.33,-0.94,-1.36,-0.94,-1.36
55.58,-1.16,-1.34,-0.94,-1.36,-0.94,-1.36
55.594,-1.19,-1.33,-0.94,-1.36,-0.94,-1.36
55.609,-1.16,-1.34,-0.94,-1.36,-0.94,-1.36
55.623,-1.12,-1.34,-0.94,-1.36,-0.94,-1.36
55.638,-1.1,-1.34,-0.94,-1.36,-0.94,-1.36
55.652,-1.13,-1.35,-0.94,-1.36,-0.94,-1.36
55.667,-1.15,-1.36,-0.94,-1.36,-0.94,-1.36
55.681,-1.15,-1.39,-0.94,-1.36,-0.94,-1.36
55.696,-1.14,-1.38,-0.94,-1.36,-0.94,-1.36
55.711,-1.15,-1.39,-0.94,-1.36,-0.94,-1.36
55.725,-1.15,-1.36,-0.94,-1.36,-0.94,-1.36
55.742,-1.12,-1.36,-0.94,-1.36,-0.94,-1.36
55.757,-1.1,-1.38,-0.94,-1.36,-0.94,-1.36
55.773,-1.19,-1.34,-0.94,-1.36,-0.94,-1.36
55.788,-1.18,-1.33,-0.94,-1.36,-0.94,-1.36
55.803,-1.16,-1.4,-0.94,-1.36,-0.94,-1.36
55.817,-1.15,-1.38,-0.94,-1.36,-0.94,-1.36
55.832,-1.12,-1.36,-0.94,-1.36,-0.94,-1.36
55.847,-1.14,-1.37,-0.94,-1.36,-0.94,-1.36
55.861,-1.15,-1.38,-0.94,-1.36,-0.94,-1.36
55.876,-1.14,-1.38,-0.94,-1.36,-0.94,-1.36
55.89,-1.14,-1.38,-0.94,-1.36,-0.94,-1.36
55.905,-1.13,-1.38,-0.94,-1.36,-0.94,-1.36
55.919,-1.11,-1.44,-0.94,-1.36,-0.94,-1.36
55.934,-1.12,-1.43,-0.94,-1.36,-0.94,-1.36
55.949,-1.17,-1.36,-0.94,-1.36,-0.94,-1.36
55.963,-1.17,-1.36,-0.94,-1.36,-0.94,-1.36
55.978,-1.15,-1.38,-0.94,-1.36,-0.94,-1.36
55.993,-1.14,-1.37,-0.94,-1.36,-0.94,-1.36
56.008,-1.15,-1.35,-0.94,-1.36,-0.94,-1.36
56.023,-1.15,-1.33,-0.94,-1.36,-0.94,-1.36
56.038,-1.15,-1.35,-0.94,-1.36,-0.94,-1.36
56.053,-1.14,-1.36,-0.94,-1.36,-0.94,-1.36
56.067,-1.13,-1.39,-0.94,-1.36,-0.94,-1.36
56.082,-1.16,-1.4,-0.94,-1.36,-0.94,-1.36
56.097,-1.23,-1.38,-0.94,-1.36,-0.94,-1.36
56.112,-1.25,-1.35,-0.94,-1.36,-0.94,-1.36
56.127,-1.14,-1.38,-0.94,-1.36,-0.94,-1.36
56.142,-1.12,-1.38,-0.94,-1.36,-0.94,-1.36
56.156,-1.14,-1.36,-0.94,-1.36,-0.94,-1.36
56.171,-1.11,-1.36,-0.94,-1.36,-0.94,-1.36
56.185,-1.21,-1.37,-0.94,-1.36,-0.94,-1.36
56.2,-1.24,-1.38,-0.94,-1.37,-0.94,-1.37
56.214,-1.2,-1.36,-0.94,-1.37,-0.94,-1.37
56.229,-1.18,-1.35,-0.94,-1.37,-0.94,-1.37
56.243,-1.17,-1.33,-0.94,-1.37,-0.94,-1.37
56.258,-1.14,-1.36,-0.94,-1.37,-0.94,-1.37
56.272,-1.12,-1.38,-0.94,-1.37,-0.94,-1.37
56.287,-1.11,-1.38,-0.94,-1.37,-0.94,-1.37
56.301,-1.12,-1.38,-0.94,-1.36,-0.94,-1.36
56.316,-1.16,-1.35,-0.94,-1.36,-0.94,-1.36
56.331,-1.17,-1.38,-0.94,-1.36,-0.94,-1.36
56.346,-1.16,-1.44,-0.94,-1.36,-0.94,-1.36
56.36,-1.16,-1.43,-0.94,-1.37,-0.94,-1.37
56.376,-1.14,-1.38,-0.94,-1.37,-0.94,-1.37
56.391,-1.13,-1.39,-0.94,-1.37,-0.94,-1.37
56.406,-1.18,-1.43,-0.94,-1.37,-0.94,-1.37
56.42,-1.17,-1.44,-0.94,-1.37,-0.94,-1.37
56.435,-1.12,-1.4,-0.94,-1.37,-0.94,-1.37
56.449,-1.11,-1.38,-0.94,-1.37,-0.94,-1.37
56.464,-1.21,-1.44,-0.94,-1.37,-0.94,-1.37
56.478,-1.21,-1.39,-0.94,-1.37,-0.94,-1.37
56.493,-1.17,-1.32,-0.94,-1.37,-0.94,-1.37
56.507,-1.16,-1.34,-0.94,-1.36,-0.94,-1.36
56.522,-1.17,-1.46,-0.94,-1.36,-0.94,-1.37
56.536,-1.2,-1.5,-0.94,-1.37,-0.94,-1.37
56.551,-1.2,-1.42,-0.94,-1.37,-0.94,-1.37
56.565,-1.19,-1.34,-0.94,-1.37,-0.94,-1.37
56.58,-1.16,-1.31,-0.94,-1.37,-0.94,-1.37
56.594,-1.14,-1.37,-0.94,-1.37,-0.94,-1.37
56.61,-1.09,-1.39,-0.94,-1.37,-0.94,-1.37
56.625,-1.08,-1.41,-0.94,-1.37,-0.94,-1.37
56.639,-1.1,-1.42,-0.94,-1.37,-0.94,-1.37
56.654,-1.16,-1.42,-0.94,-1.37,-0.94,-1.37
56.668,-1.16,-1.38,-0.94,-1.37,-0.94,-1.37
56.683,-1.15,-1.39,-0.94,-1.37,-0.94,-1.37
56.697,-1.18,-1.42,-0.94,-1.37,-0.94,-1.37
56.712,-1.16,-1.44,-0.94,-1.37,-0.94,-1.37
56.727,-1.15,-1.42,-0.94,-1.37,-0.94,-1.37
56.741,-1.09,-1.39,-0.94,-1.37,-0.94,-1.37
56.756,-1.13,-1.39,-0.94,-1.37,-0.94,-1.37
56.77,-1.22,-1.36,-0.94,-1.37,-0.94,-1.37
56.785,-1.2,-1.37,-0.94,-1.37,-0.94,-1.37
56.799,-1.13,-1.4,-0.94,-1.37,-0.94,-1.37
56.814,-1.16,-1.37,-0.94,-1.37,-0.94,-1.37
56.828,-1.19,-1.39,-0.94,-1.37,-0.94,-1.37
56.843,-1.17,-1.34,-0.94,-1.37,-0.94,-1.37
56.857,-1.13,-1.34,-0.94,-1.37,-0.94,-1.37
56.872,-1.15,-1.33,-0.94,-1.37,-0.94,-1.37
56.886,-1.18,-1.38,-0.94,-1.37,-0.94,-1.37
56.904,-1.16,-1.4,-0.94,-1.37,-0.94,-1.37
56.918,-1.16,-1.3,-0.94,-1.37,-0.94,-1.37
56.933,-1.19,-1.34,-0.94,-1.37,-0.95,-1.37
56.947,-1.11,-1.42,-0.94,-1.37,-0.94,-1.37
56.962,-1.08,-1.4,-0.94,-1.37,-0.94,-1.37
56.977,-1.11,-1.38,-0.94,-1.37,-0.94,-1.37
56.991,-1.16,-1.38,-0.94,-1.37,-0.94,-1.37
57.006,-1.15,-1.4,-0.94,-1.37,-0.94,-1.37
57.02,-1.15,-1.39,-0.94,-1.37,-0.94,-1.37
57.035,-1.17,-1.39,-0.94,-1.37,-0.94,-1.37
57.049,-1.18,-1.37,-0.94,-1.37,-0.94,-1.37
57.063,-1.18,-1.39,-0.94,-1.37,-0.94,-1.37
57.078,-1.19,-1.4,-0.94,-1.37,-0.94,-1.37
57.092,-1.16,-1.4,-0.94,-1.37,-0.94,-1.37
57.107,-1.14,-1.32,-0.94,-1.37,-0.94,-1.37
57.122,-1.19,-1.36,-0.94,-1.37,-0.94,-1.37
57.136,-1.21,-1.43,-0.94,-1.37,-0.94,-1.37
57.151,-1.14,-1.37,-0.94,-1.37,-0.95,-1.37
57.165,-1.12,-1.38,-0.95,-1.37,-0.95,-1.37
57.179,-1.16,-1.4,-0.95,-1.37,-0.95,-1.37
57.194,-1.16,-1.35,-0.94,-1.37,-0.95,-1.37
57.208,-1.12,-1.36,-0.94,-1.37,-0.95,-1.37
57.223,-1.15,-1.4,-0.95,-1.37,-0.95,-1.37
57.237,-1.23,-1.38,-0.95,-1.37,-0.95,-1.37
57.252,-1.23,-1.37,-0.95,-1.37,-0.95,-1.37
57.266,-1.2,-1.38,-0.95,-1.37,-0.95,-1.37
57.281,-1.17,-1.36,-0.95,-1.37,-0.95,-1.37
57.295,-1.16,-1.38,-0.95,-1.37,-0.95,-1.37
57.31,-1.16,-1.42,-0.95,-1.37,-0.95,-1.37
57.324,-1.17,-1.38,-0.95,-1.37,-0.95,-1.37
57.338,-1.16,-1.36,-0.95,-1.37,-0.95,-1.37
57.353,-1.14,-1.39,-0.95,-1.37,-0.95,-1.37
57.369,-1.16,-1.39,-0.95,-1.37,-0.95,-1.37
57.384,-1.21,-1.4,-0.95,-1.37,-0.95,-1.37
57.398,-1.2,-1.38,-0.95,-1.37,-0.95,-1.37
57.413,-1.12,-1.39,-0.95,-1.37,-0.95,-1.37
57.427,-1.1,-1.41,-0.95,-1.37,-0.95,-1.37
57.441,-1.09,-1.4,-0.95,-1.37,-0.95,-1.37
57.456,-1.05,-1.4,-0.95,-1.37,-0.95,-1.37
57.47,-1.21,-1.38,-0.95,-1.37,-0.95,-1.37
57.485,-1.27,-1.35,-0.95,-1.37,-0.95,-1.37
57.499,-1.25,-1.38,-0.95,-1.37,-0.95,-1.37
57.514,-1.11,-1.39,-0.95,-1.37,-0.95,-1.37
57.528,-1.11,-1.43,-0.95,-1.37,-0.95,-1.37
57.542,-1.15,-1.43,-0.95,-1.37,-0.95,-1.37
57.557,-1.16,-1.43,-0.95,-1.37,-0.95,-1.37
57.571,-1.13,-1.36,-0.95,-1.37,-0.95,-1.37
57.586,-1.17,-1.34,-0.95,-1.37,-0.95,-1.37
57.6,-1.1,-1.32,-0.95,-1.37,-0.95,-1.37
57.615,-1.08,-1.37,-0.95,-1.37,-0.95,-1.37
57.629,-1.17,-1.44,-0.95,-1.37,-0.95,-1.37
57.645,-1.2,-1.41,-0.95,-1.37,-0.95,-1.37
57.659,-1.15,-1.41,-0.95,-1.37,-0.95,-1.37
57.673,-1.13,-1.41,-0.95,-1.37,-0.95,-1.37
57.688,-1.18,-1.41,-0.95,-1.37,-0.95,-1.37
57.703,-1.18,-1.41,-0.95,-1.37,-0.95,-1.37
57.717,-1.19,-1.41,-0.95,-1.37,-0.95,-1.37
57.732,-1.13,-1.38,-0.95,-1.37,-0.95,-1.37
57.746,-1.15,-1.36,-0.95,-1.37,-0.95,-1.37
57.761,-1.17,-1.36,-0.95,-1.37,-0.95,-1.37
57.776,-1.12,-1.36,-0.95,-1.37,-0.95,-1.37
57.79,-1.09,-1.4,-0.95,-1.37,-0.95,-1.37
57.804,-1.11,-1.38,-0.95,-1.37,-0.95,-1.37
57.819,-1.16,-1.44,-0.95,-1.37,-0.95,-1.38
57.833,-1.09,-1.41,-0.94,-1.38,-0.95,-1.38
57.848,-1.1,-1.32,-0.94,-1.38,-0.95,-1.37
57.862,-1.1,-1.33,-0.94,-1.38,-0.95,-1.38
57.877,-1.14,-1.38,-0.94,-1.38,-0.95,-1.38
57.892,-1.18,-1.4,-0.94,-1.37,-0.95,-1.37
57.906,-1.23,-1.43,-0.94,-1.37,-0.95,-1.37
57.921,-1.19,-1.41,-0.95,-1.37,-0.95,-1.37
57.935,-1.19,-1.4,-0.95,-1.37,-0.95,-1.37
57.95,-1.2,-1.36,-0.95,-1.37,-0.95,-1.37
57.964,-1.16,-1.38,-0.95,-1.37,-0.95,-1.37
57.979,-1.15,-1.42,-0.94,-1.37,-0.95,-1.37
57.993,-1.19,-1.42,-0.95,-1.37,-0.95,-1.37
58.008,-1.17,-1.39,-0.94,-1.37,-0.95,-1.37
58.023,-1.17,-1.36,-0.94,-1.37,-0.95,-1.37
58.037,-1.16,-1.36,-0.95,-1.37,-0.95,-1.37
58.052,-1.19,-1.38,-0.95,-1.37,-0.95,-1.37
58.066,-1.13,-1.38,-0.95,-1.37,-0.95,-1.37
58.081,-1.13,-1.37,-0.95,-1.37,-0.95,-1.37
58.095,-1.09,-1.38,-0.95,-1.37,-0.95,-1.37
58.109,-1.17,-1.43,-0.95,-1.37,-0.95,-1.37
58.124,-1.2,-1.31,-0.95,-1.37,-0.95,-1.37
58.138,-1.12,-1.31,-0.95,-1.37,-0.95,-1.37
58.153,-1.13,-1.44,-0.95,-1.37,-0.95,-1.37
58.167,-1.16,-1.43,-0.95,-1.37,-0.95,-1.37
58.182,-1.16,-1.36,-0.95,-1.37,-0.95,-1.37
58.196,-1.13,-1.37,-0.95,-1.37,-0.95,-1.37
58.211,-1.14,-1.4,-0.95,-1.37,-0.95,-1.37
58.225,-1.15,-1.37,-0.95,-1.37,-0.95,-1.37
58.239,-1.16,-1.43,-0.94,-1.37,-0.95,-1.37
58.254,-1.09,-1.42,-0.95,-1.37,-0.95,-1.37
58.268,-1.14,-1.34,-0.94,-1.37,-0.95,-1.37
58.283,-1.19,-1.32,-0.94,-1.37,-0.95,-1.37
58.297,-1.2,-1.41,-0.94,-1.37,-0.95,-1.37
58.312,-1.16,-1.47,-0.94,-1.37,-0.95,-1.37
58.326,-1.16,-1.44,-0.95,-1.37,-0.95,-1.37
58.341,-1.11,-1.3,-0.94,-1.37,-0.95,-1.37
58.355,-1.1,-1.28,-0.94,-1.37,-0.95,-1.37
58.37,-1.09,-1.33,-0.94,-1.37,-0.95,-1.37
58.384,-1.17,-1.39,-0.94,-1.37,-0.95,-1.37
58.398,-1.18,-1.33,-0.94,-1.37,-0.95,-1.37
58.413,-1.18,-1.38,-0.94,-1.37,-0.94,-1.37
58.427,-1.12,-1.43,-0.94,-1.37,-0.94,-1.37
58.442,-1.09,-1.38,-0.94,-1.37,-0.94,-1.37
58.458,-1.13,-1.33,-0.94,-1.37,-0.94,-1.37
58.473,-1.22,-1.37,-0.94,-1.37,-0.94,-1.37
58.487,-1.23,-1.37,-0.94,-1.37,-0.94,-1.37
58.502,-1.16,-1.38,-0.94,-1.37,-0.94,-1.37
58.516,-1.12,-1.35,-0.94,-1.37,-0.94,-1.37
58.531,-1.14,-1.38,-0.94,-1.37,-0.95,-1.37
58.545,-1.16,-1.39,-0.94,-1.37,-0.95,-1.37
58.56,-1.2,-1.41,-0.94,-1.37,-0.95,-1.37
58.574,-1.23,-1.41,-0.95,-1.37,-0.95,-1.37
58.589,-1.14,-1.39,-0.95,-1.37,-0.95,-1.37
58.603,-1.05,-1.34,-0.95,-1.37,-0.95,-1.37
58.618,-1.1,-1.36,-0.95,-1.37,-0.95,-1.37
58.632,-1.14,-1.38,-0.95,-1.37,-0.95,-1.37
58.647,-1.18,-1.4,-0.95,-1.37,-0.95,-1.37
58.661,-1.22,-1.4,-0.95,-1.37,-0.95,-1.37
58.675,-1.18,-1.38,-0.95,-1.37,-0.95,-1.37
58.69,-1.15,-1.38,-0.95,-1.37,-0.95,-1.37
58.704,-1.15,-1.41,-0.95,-1.37,-0.95,-1.37
58.719,-1.19,-1.42,-0.95,-1.37,-0.95,-1.37
58.733,-1.22,-1.39,-0.95,-1.37,-0.95,-1.37
58.747,-1.22,-1.39,-0.95,-1.37,-0.95,-1.37
58.762,-1.17,-1.37,-0.95,-1.37,-0.95,-1.37
58.776,-1.1,-1.36,-0.95,-1.37,-0.95,-1.37
58.791,-1.09,-1.34,-0.95,-1.37,-0.95,-1.37
58.805,-1.1,-1.36,-0.95,-1.37,-0.95,-1.37
58.82,-1.14,-1.4,-0.95,-1.37,-0.95,-1.37
58.834,-1.18,-1.43,-0.95,-1.37,-0.95,-1.37
58.849,-1.2,-1.41,-0.95,-1.37,-0.95,-1.37
58.863,-1.18,-1.42,-0.95,-1.37,-0.95,-1.37
58.878,-1.11,-1.39,-0.95,-1.37,-0.95,-1.37
58.892,-1.1,-1.43,-0.95,-1.37,-0.95,-1.37
58.907,-1.14,-1.4,-0.95,-1.37,-0.95,-1.37
58.921,-1.15,-1.36,-0.95,-1.37,-0.95,-1.37
58.936,-1.11,-1.36,-0.95,-1.37,-0.95,-1.37
58.95,-1.1,-1.4,-0.95,-1.37,-0.95,-1.37
58.965,-1.14,-1.36,-0.95,-1.37,-0.95,-1.37
58.979,-1.11,-1.35,-0.95,-1.37,-0.95,-1.37
58.996,-1.14,-1.41,-0.94,-1.37,-0.95,-1.37
59.01,-1.18,-1.41,-0.94,-1.37,-0.95,-1.37
59.025,-1.14,-1.35,-0.95,-1.37,-0.95,-1.37
59.04,-1.14,-1.35,-0.95,-1.37,-0.95,-1.37
59.055,-1.2,-1.41,-0.94,-1.37,-0.95,-1.37
59.069,-1.19,-1.41,-0.95,-1.37,-0.95,-1.37
59.084,-1.12,-1.36,-0.95,-1.37,-0.95,-1.37
59.098,-1.14,-1.38,-0.95,-1.37,-0.95,-1.37
59.113,-1.23,-1.42,-0.95,-1.37,-0.95,-1.37
59.127,-1.23,-1.4,-0.95,-1.37,-0.95,-1.37
59.142,-1.16,-1.35,-0.95,-1.37,-0.95,-1.37
59.157,-1.12,-1.38,-0.95,-1.38,-0.95,-1.38
59.171,-1.16,-1.4,-0.95,-1.38,-0.95,-1.38
59.185,-1.19,-1.38,-0.95,-1.38,-0.95,-1.38
59.2,-1.22,-1.36,-0.95,-1.38,-0.96,-1.38
59.216,-1.15,-1.36,-0.95,-1.38,-0.96,-1.38
59.229,-1.15,-1.38,-0.95,-1.38,-0.95,-1.38
59.243,-1.17,-1.38,-0.95,-1.38,-0.95,-1.38
59.258,-1.18,-1.4,-0.95,-1.38,-0.95,-1.38
59.272,-1.09,-1.39,-0.95,-1.38,-0.95,-1.38
59.287,-1.1,-1.38,-0.95,-1.38,-0.95,-1.38
59.301,-1.12,-1.38,-0.95,-1.38,-0.95,-1.38
59.316,-1.15,-1.36,-0.95,-1.38,-0.95,-1.38
59.331,-1.17,-1.36,-0.95,-1.38,-0.95,-1.38
59.345,-1.16,-1.36,-0.95,-1.38,-0.95,-1.38
59.36,-1.22,-1.37,-0.95,-1.38,-0.95,-1.38
59.374,-1.17,-1.4,-0.95,-1.38,-0.96,-1.38
59.389,-1.11,-1.4,-0.95,-1.38,-0.96,-1.38
59.403,-1.12,-1.36,-0.95,-1.38,-0.95,-1.38
59.418,-1.13,-1.36,-0.95,-1.38,-0.95,-1.38
59.432,-1.16,-1.37,-0.95,-1.38,-0.95,-1.38
59.447,-1.2,-1.37,-0.95,-1.38,-0.95,-1.38
59.462,-1.15,-1.36,-0.95,-1.38,-0.95,-1.38
59.476,-1.12,-1.35,-0.95,-1.38,-0.95,-1.38
59.491,-1.17,-1.36,-0.95,-1.38,-0.95,-1.38
59.506,-1.16,-1.34,-0.95,-1.38,-0.95,-1.38
59.52,-1.2,-1.34,-0.95,-1.38,-0.95,-1.37
59.535,-1.17,-1.34,-0.95,-1.37,-0.95,-1.37
59.549,-1.14,-1.38,-0.95,-1.37,-0.95,-1.37
59.564,-1.14,-1.42,-0.95,-1.37,-0.95,-1.37
59.578,-1.12,-1.42,-0.95,-1.37,-0.95,-1.37
59.592,-1.12,-1.38,-0.95,-1.37,-0.95,-1.37
59.607,-1.2,-1.33,-0.95,-1.37,-0.95,-1.37
59.621,-1.16,-1.31,-0.95,-1.37,-0.95,-1.37
59.636,-1.14,-1.3,-0.95,-1.37,-0.95,-1.37
59.65,-1.13,-1.33,-0.95,-1.37,-0.95,-1.37
59.664,-1.15,-1.36,-0.95,-1.37,-0.95,-1.37
59.679,-1.14,-1.34,-0.95,-1.37,-0.95,-1.37
59.693,-1.13,-1.32,-0.95,-1.37,-0.95,-1.37
59.708,-1.09,-1.41,-0.95,-1.37,-0.95,-1.37
59.722,-1.04,-1.44,-0.95,-1.37,-0.95,-1.37
59.737,-1.1,-1.45,-0.95,-1.37,-0.95,-1.37
59.751,-1.19,-1.43,-0.95,-1.37,-0.95,-1.37
59.766,-1.12,-1.36,-0.95,-1.37,-0.95,-1.37
59.78,-1.07,-1.36,-0.95,-1.37,-0.95,-1.37
59.794,-1.16,-1.36,-0.95,-1.37,-0.95,-1.37
59.809,-1.2,-1.35,-0.95,-1.37,-0.95,-1.37
59.823,-1.2,-1.37,-0.95,-1.37,-0.95,-1.37
59.838,-1.13,-1.42,-0.95,-1.37,-0.95,-1.37
59.852,-1.11,-1.39,-0.95,-1.37,-0.95,-1.37
59.866,-1.2,-1.32,-0.95,-1.37,-0.95,-1.37
59.881,-1.16,-1.34,-0.95,-1.37,-0.95,-1.37
59.895,-1.12,-1.4,-0.95,-1.37,-0.95,-1.37
59.91,-1.12,-1.42,-0.95,-1.37,-0.95,-1.37
59.924,-1.14,-1.41,-0.95,-1.37,-0.95,-1.37
59.939,-1.1,-1.38,-0.95,-1.37,-0.95,-1.37
59.954,-1.19,-1.29,-0.95,-1.37,-0.95,-1.37
59.968,-1.22,-1.31,-0.95,-1.37,-0.95,-1.37
59.987,-1.18,-1.4,-0.95,-1.38,-0.95,-1.38
