Time (s),Accel Roll (deg),Accel Pitch (deg),Gyro Roll (deg),Gyro Pitch (deg),Filtered Roll (deg),Filtered Pitch (deg)
0.003,-1.15,-1.38,-0.96,-1.38,-0.96,-1.38
0.017,-1.17,-1.38,-0.96,-1.38,-0.96,-1.38
0.032,-1.12,-1.42,-0.96,-1.38,-0.96,-1.38
0.046,-1.05,-1.42,-0.96,-1.38,-0.96,-1.38
0.061,-1.14,-1.4,-0.96,-1.39,-0.96,-1.39
0.079,-1.13,-1.35,-0.96,-1.38,-0.96,-1.38
0.094,-1.11,-1.35,-0.96,-1.38,-0.96,-1.38
0.109,-1.11,-1.36,-0.96,-1.38,-0.96,-1.38
0.123,-1.12,-1.37,-0.96,-1.38,-0.96,-1.38
0.14,-1.09,-1.32,-0.96,-1.38,-0.96,-1.38
0.154,-1.12,-1.32,-0.96,-1.38,-0.96,-1.38
0.169,-1.16,-1.38,-0.96,-1.38,-0.96,-1.38
0.184,-1.15,-1.4,-0.96,-1.38,-0.96,-1.38
0.198,-1.17,-1.37,-0.96,-1.38,-0.96,-1.38
0.213,-1.18,-1.38,-0.96,-1.38,-0.96,-1.38
0.227,-1.14,-1.41,-0.96,-1.38,-0.96,-1.38
0.242,-1.11,-1.38,-0.96,-1.38,-0.96,-1.38
0.256,-1.11,-1.42,-0.96,-1.39,-0.96,-1.39
0.271,-1.15,-1.42,-0.95,-1.39,-0.96,-1.39
0.285,-1.16,-1.38,-0.95,-1.39,-0.96,-1.39
0.299,-1.18,-1.33,-0.95,-1.39,-0.96,-1.39
0.314,-1.15,-1.38,-0.96,-1.38,-0.96,-1.38
0.328,-1.13,-1.43,-0.95,-1.38,-0.96,-1.38
0.343,-1.17,-1.42,-0.95,-1.38,-0.96,-1.39
0.357,-1.22,-1.38,-0.95,-1.39,-0.96,-1.38
0.371,-1.22,-1.38,-0.95,-1.38,-0.96,-1.38
0.386,-1.19,-1.4,-0.95,-1.38,-0.96,-1.39
0.4,-1.14,-1.38,-0.95,-1.38,-0.96,-1.38
0.415,-1.12,-1.36,-0.95,-1.38,-0.96,-1.38
0.429,-1.08,-1.43,-0.95,-1.38,-0.96,-1.38
0.443,-1.05,-1.44,-0.95,-1.38,-0.96,-1.38
0.458,-1.13,-1.34,-0.95,-1.38,-0.96,-1.38
0.472,-1.14,-1.33,-0.95,-1.38,-0.96,-1.38
0.487,-1.18,-1.46,-0.95,-1.38,-0.96,-1.38
0.502,-1.18,-1.45,-0.95,-1.38,-0.96,-1.38
0.516,-1.16,-1.4,-0.96,-1.38,-0.96,-1.38
0.531,-1.15,-1.4,-0.96,-1.38,-0.96,-1.38
0.546,-1.16,-1.42,-0.95,-1.38,-0.96,-1.38
0.56,-1.15,-1.38,-0.96,-1.38,-0.96,-1.38
0.575,-1.14,-1.3,-0.96,-1.38,-0.96,-1.38
0.589,-1.13,-1.31,-0.96,-1.38,-0.96,-1.38
0.604,-1.14,-1.38,-0.96,-1.38,-0.96,-1.38
0.618,-1.14,-1.38,-0.96,-1.38,-0.96,-1.38
0.633,-1.14,-1.41,-0.95,-1.38,-0.96,-1.38
0.647,-1.13,-1.41,-0.95,-1.38,-0.96,-1.38
0.662,-1.15,-1.38,-0.95,-1.38,-0.95,-1.38
0.676,-1.13,-1.38,-0.95,-1.38,-0.95,-1.38
0.691,-1.11,-1.4,-0.95,-1.38,-0.95,-1.38
0.705,-1.23,-1.39,-0.95,-1.38,-0.95,-1.38
0.719,-1.24,-1.38,-0.95,-1.38,-0.96,-1.38
0.734,-1.14,-1.4,-0.96,-1.38,-0.96,-1.38
0.748,-1.14,-1.4,-0.95,-1.38,-0.96,-1.38
0.763,-1.18,-1.4,-0.95,-1.38,-0.96,-1.38
0.778,-1.17,-1.37,-0.95,-1.38,-0.96,-1.38
0.792,-1.17,-1.35,-0.96,-1.38,-0.96,-1.38
0.806,-1.17,-1.35,-0.96,-1.38,-0.96,-1.38
0.821,-1.14,-1.44,-0.96,-1.38,-0.96,-1.38
0.836,-1.16,-1.47,-0.96,-1.38,-0.96,-1.38
0.85,-1.2,-1.44,-0.96,-1.38,-0.96,-1.38
0.864,-1.14,-1.35,-0.96,-1.38,-0.96,-1.38
0.879,-1.14,-1.33,-0.96,-1.38,-0.96,-1.38
0.893,-1.14,-1.36,-0.96,-1.38,-0.96,-1.38
0.907,-1.14,-1.43,-0.96,-1.38,-0.96,-1.38
0.922,-1.12,-1.47,-0.96,-1.38,-0.96,-1.38
0.94,-1.2,-1.36,-0.96,-1.38,-0.96,-1.38
0.955,-1.16,-1.36,-0.96,-1.38,-0.96,-1.38
0.969,-1.05,-1.34,-0.96,-1.38,-0.96,-1.38
0.984,-1.12,-1.31,-0.96,-1.38,-0.96,-1.38
0.998,-1.17,-1.32,-0.96,-1.38,-0.96,-1.38
1.013,-1.15,-1.32,-0.96,-1.38,-0.96,-1.38
1.027,-1.15,-1.36,-0.96,-1.38,-0.96,-1.38
1.042,-1.14,-1.35,-0.96,-1.38,-0.96,-1.38
1.056,-1.17,-1.33,-0.96,-1.38,-0.96,-1.38
1.071,-1.17,-1.4,-0.96,-1.38,-0.96,-1.38
1.086,-1.17,-1.42,-0.96,-1.38,-0.96,-1.38
1.1,-1.18,-1.36,-0.96,-1.38,-0.96,-1.38
1.115,-1.18,-1.34,-0.96,-1.38,-0.96,-1.38
1.13,-1.19,-1.32,-0.96,-1.38,-0.96,-1.38
1.144,-1.19,-1.35,-0.96,-1.38,-0.96,-1.38
1.159,-1.12,-1.35,-0.96,-1.38,-0.96,-1.38
1.173,-1.14,-1.36,-0.96,-1.38,-0.96,-1.38
1.188,-1.16,-1.43,-0.96,-1.38,-0.96,-1.38
1.203,-1.2,-1.41,-0.96,-1.38,-0.96,-1.38
1.217,-1.13,-1.36,-0.96,-1.38,-0.96,-1.38
1.232,-1.12,-1.37,-0.96,-1.38,-0.97,-1.38
1.246,-1.19,-1.4,-0.96,-1.38,-0.97,-1.38
1.26,-1.2,-1.37,-0.96,-1.38,-0.97,-1.38
1.275,-1.18,-1.35,-0.96,-1.38,-0.97,-1.38
1.29,-1.12,-1.36,-0.97,-1.38,-0.97,-1.38
1.304,-1.12,-1.34,-0.97,-1.38,-0.97,-1.38
1.319,-1.21,-1.34,-0.96,-1.38,-0.97,-1.38
1.333,-1.18,-1.38,-0.96,-1.38,-0.97,-1.38
1.348,-1.16,-1.41,-0.96,-1.38,-0.97,-1.38
1.362,-1.09,-1.4,-0.96,-1.38,-0.96,-1.38
1.376,-1.15,-1.35,-0.96,-1.38,-0.96,-1.38
1.391,-1.19,-1.37,-0.96,-1.38,-0.96,-1.38
1.406,-1.17,-1.39,-0.96,-1.38,-0.96,-1.38
1.42,-1.15,-1.4,-0.96,-1.38,-0.96,-1.38
1.435,-1.11,-1.39,-0.96,-1.38,-0.96,-1.38
1.449,-1.12,-1.34,-0.96,-1.38,-0.96,-1.38
1.463,-1.11,-1.36,-0.96,-1.38,-0.96,-1.38
1.478,-1.16,-1.36,-0.96,-1.38,-0.96,-1.38
1.493,-1.05,-1.38,-0.96,-1.38,-0.96,-1.38
1.508,-1.06,-1.4,-0.96,-1.38,-0.96,-1.38
1.522,-1.09,-1.42,-0.96,-1.38,-0.96,-1.38
1.536,-1.23,-1.46,-0.96,-1.38,-0.96,-1.38
1.551,-1.2,-1.46,-0.96,-1.38,-0.96,-1.38
1.566,-1.04,-1.33,-0.96,-1.38,-0.96,-1.38
1.58,-1.05,-1.31,-0.96,-1.38,-0.96,-1.38
1.595,-1.21,-1.39,-0.96,-1.38,-0.96,-1.38
1.609,-1.21,-1.4,-0.96,-1.38,-0.96,-1.38
1.624,-1.11,-1.36,-0.96,-1.38,-0.96,-1.38
1.639,-1.09,-1.37,-0.95,-1.38,-0.96,-1.38
1.653,-1.14,-1.33,-0.95,-1.38,-0.96,-1.38
1.668,-1.12,-1.33,-0.95,-1.38,-0.96,-1.38
1.682,-1.11,-1.4,-0.95,-1.38,-0.96,-1.38
1.697,-1.12,-1.45,-0.95,-1.38,-0.96,-1.38
1.711,-1.16,-1.38,-0.95,-1.38,-0.96,-1.38
1.725,-1.15,-1.36,-0.95,-1.38,-0.95,-1.38
1.74,-1.15,-1.37,-0.95,-1.38,-0.95,-1.38
1.757,-1.14,-1.37,-0.95,-1.38,-0.95,-1.38
1.771,-1.15,-1.34,-0.95,-1.38,-0.95,-1.38
1.786,-1.18,-1.38,-0.95,-1.38,-0.95,-1.38
1.801,-1.17,-1.42,-0.95,-1.38,-0.95,-1.38
1.815,-1.14,-1.41,-0.95,-1.38,-0.95,-1.38
1.829,-1.17,-1.38,-0.95,-1.38,-0.95,-1.38
1.844,-1.13,-1.38,-0.95,-1.38,-0.95,-1.38
1.858,-1.09,-1.4,-0.95,-1.38,-0.95,-1.38
1.873,-1.13,-1.39,-0.95,-1.38,-0.95,-1.38
1.887,-1.14,-1.38,-0.95,-1.38,-0.95,-1.38
1.902,-1.19,-1.39,-0.95,-1.38,-0.96,-1.38
1.916,-1.14,-1.38,-0.95,-1.38,-0.96,-1.38
1.931,-1.11,-1.39,-0.95,-1.38,-0.96,-1.38
1.945,-1.11,-1.39,-0.95,-1.38,-0.95,-1.38
1.96,-1.13,-1.41,-0.95,-1.38,-0.95,-1.38
1.974,-1.16,-1.44,-0.95,-1.38,-0.95,-1.38
1.989,-1.13,-1.4,-0.95,-1.38,-0.95,-1.38
2.004,-1.12,-1.39,-0.95,-1.38,-0.95,-1.38
2.018,-1.18,-1.44,-0.95,-1.38,-0.95,-1.38
2.033,-1.16,-1.42,-0.95,-1.38,-0.95,-1.38
2.047,-1.11,-1.41,-0.95,-1.38,-0.95,-1.38
2.062,-1.12,-1.44,-0.95,-1.38,-0.95,-1.38
2.076,-1.14,-1.43,-0.95,-1.38,-0.95,-1.38
2.091,-1.12,-1.36,-0.95,-1.38,-0.95,-1.38
2.105,-1.15,-1.33,-0.95,-1.38,-0.95,-1.38
2.12,-1.14,-1.36,-0.95,-1.38,-0.95,-1.38
2.134,-1.11,-1.38,-0.95,-1.38,-0.95,-1.38
2.149,-1.18,-1.35,-0.95,-1.38,-0.95,-1.38
2.163,-1.19,-1.39,-0.95,-1.38,-0.95,-1.38
2.178,-1.16,-1.37,-0.95,-1.38,-0.95,-1.38
2.193,-1.12,-1.33,-0.95,-1.38,-0.95,-1.38
2.207,-1.12,-1.38,-0.95,-1.38,-0.95,-1.38
2.222,-1.16,-1.45,-0.95,-1.38,-0.95,-1.38
2.236,-1.17,-1.45,-0.95,-1.38,-0.96,-1.38
2.25,-1.15,-1.38,-0.95,-1.38,-0.96,-1.38
2.265,-1.1,-1.35,-0.95,-1.38,-0.96,-1.38
2.279,-1.13,-1.38,-0.95,-1.38,-0.95,-1.38
2.294,-1.16,-1.46,-0.95,-1.38,-0.96,-1.38
2.308,-1.18,-1.46,-0.95,-1.38,-0.95,-1.38
2.323,-1.23,-1.41,-0.95,-1.38,-0.96,-1.38
2.337,-1.19,-1.35,-0.95,-1.38,-0.96,-1.38
2.352,-1.13,-1.33,-0.95,-1.38,-0.96,-1.38
2.366,-1.2,-1.35,-0.95,-1.38,-0.96,-1.38
2.381,-1.18,-1.43,-0.95,-1.38,-0.96,-1.38
2.395,-1.14,-1.48,-0.95,-1.38,-0.96,-1.38
2.41,-1.13,-1.39,-0.95,-1.38,-0.96,-1.38
2.424,-1.13,-1.26,-0.95,-1.38,-0.96,-1.38
2.439,-1.14,-1.26,-0.95,-1.38,-0.95,-1.38
2.453,-1.16,-1.37,-0.95,-1.38,-0.95,-1.38
2.468,-1.12,-1.36,-0.95,-1.38,-0.95,-1.38
2.482,-1.12,-1.39,-0.95,-1.38,-0.95,-1.38
2.497,-1.08,-1.41,-0.95,-1.38,-0.95,-1.38
2.511,-1.09,-1.4,-0.95,-1.37,-0.95,-1.37
2.526,-1.15,-1.39,-0.95,-1.37,-0.95,-1.37
2.541,-1.16,-1.38,-0.95,-1.37,-0.95,-1.37
2.555,-1.1,-1.38,-0.95,-1.37,-0.95,-1.37
2.57,-1.12,-1.38,-0.95,-1.37,-0.95,-1.37
2.584,-1.19,-1.42,-0.95,-1.37,-0.95,-1.37
2.598,-1.16,-1.42,-0.95,-1.37,-0.95,-1.37
2.613,-1.13,-1.39,-0.95,-1.37,-0.95,-1.37
2.627,-1.12,-1.37,-0.95,-1.37,-0.95,-1.37
2.642,-1.18,-1.33,-0.95,-1.37,-0.95,-1.37
2.656,-1.21,-1.36,-0.95,-1.37,-0.96,-1.37
2.671,-1.25,-1.37,-0.95,-1.37,-0.96,-1.37
2.685,-1.23,-1.31,-0.96,-1.37,-0.96,-1.37
2.699,-1.16,-1.32,-0.96,-1.37,-0.96,-1.37
2.714,-1.09,-1.39,-0.96,-1.37,-0.96,-1.37
2.728,-1.09,-1.35,-0.96,-1.37,-0.96,-1.37
2.742,-1.14,-1.36,-0.96,-1.37,-0.96,-1.37
2.757,-1.13,-1.38,-0.96,-1.37,-0.96,-1.37
2.771,-1.16,-1.35,-0.96,-1.37,-0.96,-1.37
2.786,-1.15,-1.34,-0.96,-1.37,-0.96,-1.37
2.8,-1.18,-1.4,-0.96,-1.37,-0.96,-1.37
2.815,-1.16,-1.42,-0.96,-1.37,-0.96,-1.37
2.829,-1.16,-1.4,-0.96,-1.37,-0.96,-1.37
2.844,-1.18,-1.39,-0.96,-1.37,-0.96,-1.37
2.859,-1.15,-1.4,-0.96,-1.37,-0.96,-1.37
2.874,-1.11,-1.41,-0.96,-1.37,-0.96,-1.37
2.888,-1.08,-1.31,-0.96,-1.37,-0.96,-1.37
2.903,-1.13,-1.31,-0.96,-1.37,-0.96,-1.37
2.917,-1.16,-1.34,-0.96,-1.36,-0.96,-1.36
2.932,-1.14,-1.32,-0.96,-1.36,-0.96,-1.36
2.946,-1.14,-1.32,-0.96,-1.36,-0.96,-1.36
2.961,-1.16,-1.43,-0.96,-1.36,-0.96,-1.36
2.975,-1.16,-1.44,-0.96,-1.36,-0.96,-1.36
2.99,-1.1,-1.38,-0.96,-1.36,-0.96,-1.36
3.004,-1.14,-1.37,-0.96,-1.36,-0.96,-1.36
3.019,-1.22,-1.35,-0.96,-1.36,-0.96,-1.36
3.033,-1.16,-1.37,-0.96,-1.36,-0.96,-1.36
3.053,-0.98,-1.53,-0.96,-1.36,-0.96,-1.36
3.067,-1.26,-1.28,-0.96,-1.36,-0.96,-1.36
3.082,-1.32,-1.3,-0.96,-1.36,-0.96,-1.36
3.096,-1.1,-1.39,-0.96,-1.36,-0.96,-1.36
3.111,-0.98,-1.44,-0.96,-1.36,-0.96,-1.36
3.125,-1.12,-1.41,-0.96,-1.36,-0.96,-1.36
3.14,-1.1,-1.43,-0.96,-1.36,-0.96,-1.36
3.154,-1.1,-1.38,-0.95,-1.36,-0.95,-1.36
3.169,-1.09,-1.33,-0.95,-1.36,-0.95,-1.36
3.183,-1.08,-1.36,-0.95,-1.36,-0.95,-1.36
3.198,-1.1,-1.39,-0.95,-1.37,-0.95,-1.37
3.212,-1.13,-1.4,-0.95,-1.36,-0.95,-1.37
3.227,-1.08,-1.46,-0.95,-1.36,-0.95,-1.37
3.241,-1.14,-1.43,-0.95,-1.37,-0.95,-1.37
3.256,-1.2,-1.42,-0.95,-1.37,-0.95,-1.37
3.27,-1.16,-1.43,-0.95,-1.37,-0.95,-1.37
3.285,-1.12,-1.39,-0.95,-1.37,-0.95,-1.37
3.299,-1.14,-1.38,-0.95,-1.37,-0.95,-1.37
3.314,-1.09,-1.44,-0.95,-1.37,-0.95,-1.37
3.328,-1.12,-1.42,-0.95,-1.37,-0.95,-1.37
3.342,-1.11,-1.38,-0.95,-1.37,-0.95,-1.37
3.357,-1.09,-1.42,-0.95,-1.37,-0.95,-1.37
3.373,-1.16,-1.44,-0.95,-1.37,-0.95,-1.37
3.39,-1.18,-1.47,-0.95,-1.37,-0.95,-1.37
3.404,-1.16,-1.45,-0.95,-1.37,-0.95,-1.37
3.419,-1.16,-1.38,-0.95,-1.37,-0.95,-1.37
3.433,-1.1,-1.33,-0.95,-1.37,-0.95,-1.37
3.448,-1.06,-1.38,-0.95,-1.37,-0.95,-1.37
3.462,-1.14,-1.36,-0.94,-1.37,-0.95,-1.37
3.477,-1.16,-1.35,-0.94,-1.37,-0.95,-1.37
3.491,-1.17,-1.39,-0.95,-1.37,-0.95,-1.37
3.506,-1.16,-1.36,-0.94,-1.37,-0.95,-1.37
3.52,-1.13,-1.35,-0.95,-1.37,-0.95,-1.37
3.535,-1.15,-1.38,-0.95,-1.37,-0.95,-1.37
3.549,-1.14,-1.4,-0.95,-1.37,-0.95,-1.37
3.564,-1.1,-1.4,-0.95,-1.37,-0.95,-1.37
3.578,-1.11,-1.42,-0.94,-1.37,-0.95,-1.37
3.593,-1.11,-1.4,-0.94,-1.37,-0.95,-1.37
3.607,-1.13,-1.35,-0.94,-1.37,-0.94,-1.37
3.622,-1.14,-1.41,-0.94,-1.37,-0.94,-1.37
3.636,-1.12,-1.43,-0.94,-1.37,-0.95,-1.37
3.651,-1.13,-1.41,-0.94,-1.37,-0.95,-1.37
3.665,-1.14,-1.43,-0.94,-1.37,-0.94,-1.37
3.68,-1.16,-1.37,-0.94,-1.37,-0.94,-1.37
3.694,-1.18,-1.37,-0.94,-1.37,-0.94,-1.37
3.709,-1.18,-1.41,-0.94,-1.37,-0.95,-1.37
3.723,-1.17,-1.38,-0.94,-1.37,-0.95,-1.37
3.738,-1.12,-1.36,-0.94,-1.37,-0.95,-1.37
3.752,-1.1,-1.39,-0.94,-1.37,-0.95,-1.37
3.767,-1.11,-1.4,-0.94,-1.37,-0.94,-1.37
3.781,-1.11,-1.39,-0.94,-1.37,-0.94,-1.37
3.796,-1.13,-1.42,-0.94,-1.37,-0.94,-1.37
3.81,-1.15,-1.38,-0.94,-1.37,-0.94,-1.37
3.825,-1.17,-1.36,-0.94,-1.37,-0.94,-1.37
3.839,-1.09,-1.36,-0.94,-1.37,-0.94,-1.37
3.854,-1.08,-1.35,-0.94,-1.37,-0.94,-1.37
3.868,-1.09,-1.41,-0.94,-1.37,-0.94,-1.37
3.883,-1.1,-1.38,-0.94,-1.37,-0.94,-1.37
3.897,-1.09,-1.34,-0.94,-1.37,-0.94,-1.37
3.912,-1.11,-1.41,-0.94,-1.37,-0.94,-1.37
3.926,-1.18,-1.45,-0.94,-1.37,-0.94,-1.37
3.941,-1.2,-1.43,-0.94,-1.37,-0.94,-1.37
3.955,-1.19,-1.4,-0.94,-1.37,-0.94,-1.37
3.97,-1.16,-1.42,-0.94,-1.37,-0.94,-1.37
3.984,-1.14,-1.45,-0.94,-1.37,-0.94,-1.37
3.999,-1.15,-1.48,-0.94,-1.37,-0.94,-1.37
4.014,-1.1,-1.45,-0.94,-1.37,-0.94,-1.37
4.028,-1.05,-1.45,-0.94,-1.37,-0.94,-1.37
4.043,-1.07,-1.43,-0.94,-1.37,-0.94,-1.37
4.06,-1.18,-1.37,-0.94,-1.37,-0.94,-1.37
4.075,-1.13,-1.44,-0.94,-1.37,-0.94,-1.38
4.089,-1.13,-1.46,-0.94,-1.37,-0.94,-1.38
4.104,-1.16,-1.38,-0.94,-1.37,-0.94,-1.37
4.118,-1.12,-1.42,-0.94,-1.37,-0.94,-1.38
4.133,-1.1,-1.46,-0.94,-1.38,-0.94,-1.38
4.148,-1.16,-1.44,-0.94,-1.38,-0.94,-1.38
4.162,-1.15,-1.44,-0.94,-1.38,-0.94,-1.38
4.176,-1.16,-1.41,-0.94,-1.38,-0.94,-1.38
4.191,-1.12,-1.41,-0.94,-1.38,-0.94,-1.38
4.206,-1.15,-1.43,-0.94,-1.38,-0.94,-1.38
4.22,-1.23,-1.42,-0.94,-1.38,-0.94,-1.38
4.235,-1.18,-1.45,-0.94,-1.38,-0.94,-1.38
4.249,-1.1,-1.45,-0.94,-1.38,-0.94,-1.38
4.264,-1.08,-1.42,-0.94,-1.38,-0.94,-1.38
4.28,-1.1,-1.42,-0.94,-1.38,-0.94,-1.38
4.295,-1.15,-1.36,-0.94,-1.38,-0.94,-1.38
4.309,-1.17,-1.4,-0.94,-1.38,-0.94,-1.38
4.324,-1.23,-1.47,-0.94,-1.38,-0.94,-1.38
4.338,-1.24,-1.44,-0.94,-1.38,-0.94,-1.38
4.353,-1.13,-1.45,-0.94,-1.38,-0.94,-1.38
4.367,-1.05,-1.42,-0.94,-1.38,-0.94,-1.38
4.382,-1.02,-1.4,-0.94,-1.38,-0.94,-1.38
4.396,-1.11,-1.41,-0.94,-1.38,-0.94,-1.38
4.411,-1.14,-1.33,-0.94,-1.38,-0.94,-1.38
4.425,-1.05,-1.36,-0.94,-1.38,-0.94,-1.38
4.44,-1.02,-1.38,-0.94,-1.38,-0.94,-1.38
4.454,-1.09,-1.4,-0.94,-1.38,-0.94,-1.38
4.469,-1.11,-1.41,-0.94,-1.38,-0.94,-1.38
4.483,-1.14,-1.4,-0.94,-1.38,-0.94,-1.38
4.498,-1.14,-1.38,-0.94,-1.38,-0.94,-1.38
4.512,-1.17,-1.41,-0.94,-1.38,-0.94,-1.38
4.527,-1.17,-1.41,-0.94,-1.38,-0.94,-1.38
4.541,-1.07,-1.43,-0.94,-1.38,-0.94,-1.38
4.556,-1.03,-1.45,-0.94,-1.38,-0.94,-1.38
4.57,-1.15,-1.37,-0.94,-1.38,-0.94,-1.38
4.585,-1.21,-1.36,-0.94,-1.38,-0.94,-1.38
4.599,-1.09,-1.38,-0.94,-1.38,-0.94,-1.38
4.614,-1.1,-1.4,-0.94,-1.38,-0.94,-1.38
4.628,-1.12,-1.31,-0.94,-1.38,-0.94,-1.38
4.644,-1.08,-1.34,-0.94,-1.38,-0.94,-1.38
4.658,-1.13,-1.43,-0.94,-1.38,-0.94,-1.38
4.673,-1.16,-1.43,-0.94,-1.38,-0.94,-1.38
4.687,-1.09,-1.4,-0.94,-1.38,-0.94,-1.38
4.702,-1.07,-1.44,-0.94,-1.38,-0.94,-1.38
4.716,-1.09,-1.44,-0.94,-1.38,-0.94,-1.38
4.73,-1.14,-1.41,-0.94,-1.38,-0.94,-1.38
4.745,-1.12,-1.42,-0.94,-1.38,-0.94,-1.38
4.759,-1.12,-1.42,-0.94,-1.38,-0.94,-1.38
4.774,-1.09,-1.42,-0.94,-1.38,-0.94,-1.38
4.789,-1.13,-1.42,-0.94,-1.38,-0.94,-1.38
4.804,-1.12,-1.41,-0.94,-1.38,-0.94,-1.38
4.818,-1.13,-1.39,-0.94,-1.38,-0.94,-1.38
4.833,-1.13,-1.41,-0.94,-1.38,-0.94,-1.38
4.847,-1.12,-1.38,-0.94,-1.38,-0.94,-1.38
4.862,-1.14,-1.38,-0.94,-1.38,-0.94,-1.38
4.876,-1.15,-1.4,-0.94,-1.38,-0.94,-1.38
4.891,-1.09,-1.38,-0.94,-1.38,-0.94,-1.38
4.905,-1.03,-1.42,-0.94,-1.38,-0.94,-1.38
4.919,-1.04,-1.47,-0.94,-1.38,-0.94,-1.38
4.935,-1.1,-1.46,-0.94,-1.38,-0.94,-1.38
4.948,-1.12,-1.47,-0.93,-1.39,-0.93,-1.39
4.963,-1.08,-1.45,-0.92,-1.39,-0.92,-1.39
4.977,-0.73,-1.34,-0.92,-1.39,-0.92,-1.39
4.992,1.27,-1.52,-0.91,-1.39,-0.89,-1.39
5.009,1.75,-1.47,-0.48,-1.42,-0.46,-1.42
5.023,-5.31,-0.98,0.05,-1.43,-0.0,-1.43
5.037,-4.56,-1.45,0.4,-1.43,0.35,-1.43
5.051,-1.47,-1.35,0.27,-1.43,0.25,-1.43
5.067,-2.94,-1.38,0.16,-1.43,0.13,-1.43
5.081,-5.13,-1.39,0.07,-1.43,0.02,-1.43
5.095,-2.0,-1.33,-0.15,-1.43,-0.17,-1.43
5.11,3.63,-1.38,-0.57,-1.42,-0.53,-1.42
5.124,0.69,-1.51,-0.81,-1.4,-0.8,-1.4
5.138,-1.76,-1.5,-0.75,-1.4,-0.76,-1.4
5.153,-1.79,-1.4,-0.7,-1.4,-0.71,-1.4
5.167,-1.3,-1.41,-0.72,-1.4,-0.72,-1.4
5.182,-1.02,-1.42,-0.73,-1.4,-0.73,-1.4
5.196,-1.13,-1.39,-0.73,-1.4,-0.73,-1.4
5.211,-1.12,-1.37,-0.73,-1.4,-0.73,-1.4
5.225,-1.16,-1.4,-0.73,-1.4,-0.73,-1.4
5.239,-1.13,-1.4,-0.73,-1.4,-0.73,-1.4
5.254,-1.08,-1.41,-0.73,-1.4,-0.74,-1.4
5.268,-1.12,-1.41,-0.73,-1.4,-0.74,-1.4
5.283,-1.03,-1.38,-0.73,-1.4,-0.74,-1.4
5.297,-1.05,-1.36,-0.73,-1.4,-0.73,-1.4
5.311,-1.34,-1.31,-0.71,-1.4,-0.72,-1.4
5.326,-1.02,-1.27,-0.71,-1.4,-0.71,-1.4
5.34,-0.14,-1.27,-0.71,-1.4,-0.7,-1.4
5.355,2.74,-1.31,-0.65,-1.4,-0.62,-1.4
5.37,-4.3,-1.53,-0.45,-1.41,-0.49,-1.41
5.384,-5.55,-1.36,-0.22,-1.41,-0.27,-1.41
5.398,-2.99,-1.25,-0.1,-1.41,-0.13,-1.41
5.413,-1.82,-1.41,-0.03,-1.41,-0.05,-1.41
5.427,-1.98,-1.5,0.02,-1.41,0.0,-1.41
5.442,-2.77,-1.32,0.06,-1.41,0.03,-1.41
5.456,-2.27,-1.18,0.03,-1.41,0.0,-1.4
5.472,-1.72,-1.37,-0.03,-1.4,-0.04,-1.4
5.486,-2.54,-1.34,-0.06,-1.4,-0.09,-1.4
5.501,-2.98,-1.25,-0.11,-1.4,-0.14,-1.4
5.515,-3.35,-1.33,-0.26,-1.4,-0.3,-1.4
5.53,-4.09,-1.29,-0.46,-1.4,-0.5,-1.4
5.544,2.22,-1.33,-0.93,-1.38,-0.9,-1.38
5.559,2.12,-1.56,-1.26,-1.36,-1.22,-1.36
5.573,-0.74,-1.44,-1.23,-1.36,-1.23,-1.36
5.588,-1.25,-1.4,-1.2,-1.36,-1.2,-1.37
5.602,-0.86,-1.46,-1.21,-1.36,-1.2,-1.37
5.617,-0.7,-1.5,-1.22,-1.36,-1.21,-1.37
5.632,-0.85,-1.43,-1.21,-1.37,-1.21,-1.37
5.646,-0.98,-1.34,-1.2,-1.37,-1.2,-1.37
5.66,-0.89,-1.31,-1.2,-1.37,-1.2,-1.36
5.675,-0.81,-1.34,-1.2,-1.36,-1.2,-1.36
5.689,-1.07,-1.5,-1.2,-1.36,-1.2,-1.36
5.704,-0.92,-1.51,-1.21,-1.36,-1.21,-1.36
5.718,-0.69,-1.49,-1.22,-1.36,-1.22,-1.36
5.733,-0.73,-1.43,-1.22,-1.36,-1.21,-1.36
5.747,-0.87,-1.47,-1.21,-1.36,-1.21,-1.36
5.762,-0.74,-1.6,-1.21,-1.36,-1.21,-1.36
5.776,-0.81,-1.21,-1.21,-1.36,-1.21,-1.36
5.792,-0.87,-1.08,-1.21,-1.36,-1.2,-1.36
5.806,-0.86,-1.45,-1.2,-1.36,-1.2,-1.36
5.821,-0.85,-1.53,-1.2,-1.36,-1.2,-1.36
5.835,-0.7,-1.52,-1.2,-1.36,-1.19,-1.36
5.849,-0.61,-1.91,-1.19,-1.36,-1.19,-1.37
5.864,-0.41,-2.22,-1.19,-1.37,-1.18,-1.38
5.878,-0.73,-1.32,-1.17,-1.38,-1.17,-1.38
5.892,-0.98,-1.14,-1.16,-1.38,-1.16,-1.37
5.907,-0.93,-1.21,-1.15,-1.37,-1.15,-1.37
5.922,-1.09,-0.99,-1.14,-1.37,-1.14,-1.37
5.936,-1.09,-1.07,-1.14,-1.37,-1.14,-1.37
5.951,-0.92,-1.31,-1.14,-1.37,-1.14,-1.37
5.965,-0.72,-1.47,-1.15,-1.36,-1.14,-1.37
5.98,-0.68,-1.36,-1.14,-1.36,-1.14,-1.36
5.995,-0.78,-1.37,-1.14,-1.36,-1.14,-1.36
6.009,-0.81,-1.49,-1.13,-1.36,-1.13,-1.37
6.024,-0.78,-1.61,-1.13,-1.37,-1.13,-1.37
6.038,-0.81,-1.55,-1.13,-1.37,-1.12,-1.37
6.054,-0.71,-1.26,-1.12,-1.37,-1.12,-1.37
6.068,-0.6,-1.21,-1.12,-1.38,-1.11,-1.37
6.083,-0.7,-1.33,-1.11,-1.38,-1.11,-1.37
6.097,-0.86,-1.28,-1.1,-1.37,-1.09,-1.37
6.111,-0.57,-0.79,-1.08,-1.37,-1.08,-1.37
6.127,-0.47,-1.06,-1.07,-1.37,-1.06,-1.36
6.142,-0.9,-2.25,-1.05,-1.36,-1.04,-1.37
6.156,-0.63,-2.17,-1.03,-1.38,-1.03,-1.39
6.17,-0.34,-1.57,-1.02,-1.39,-1.01,-1.39
6.185,-0.96,-1.21,-0.95,-1.4,-0.95,-1.4
6.199,-2.03,-1.11,-0.87,-1.4,-0.88,-1.4
6.213,-1.34,-1.38,-0.84,-1.4,-0.84,-1.4
6.228,-0.89,-1.4,-0.85,-1.4,-0.85,-1.4
6.243,-0.94,-1.47,-0.85,-1.4,-0.85,-1.4
6.257,-0.99,-1.43,-0.85,-1.4,-0.85,-1.4
6.271,-1.07,-1.4,-0.84,-1.4,-0.85,-1.4
6.286,-1.01,-1.42,-0.84,-1.4,-0.85,-1.4
6.3,-1.03,-1.42,-0.84,-1.4,-0.85,-1.4
6.314,-1.03,-1.4,-0.84,-1.39,-0.85,-1.39
6.329,-1.09,-1.38,-0.84,-1.39,-0.85,-1.39
6.345,-1.09,-1.38,-0.84,-1.39,-0.85,-1.39
6.36,-0.99,-1.39,-0.84,-1.39,-0.84,-1.39
6.375,-1.02,-1.36,-0.84,-1.39,-0.84,-1.39
6.389,-1.03,-1.36,-0.84,-1.39,-0.84,-1.39
6.403,-1.01,-1.4,-0.84,-1.39,-0.84,-1.39
6.418,-0.96,-1.37,-0.84,-1.39,-0.84,-1.39
6.433,-1.01,-1.34,-0.84,-1.39,-0.84,-1.39
6.447,-1.07,-1.37,-0.84,-1.39,-0.84,-1.39
6.462,-0.99,-1.4,-0.84,-1.39,-0.84,-1.39
6.476,-0.93,-1.43,-0.84,-1.39,-0.84,-1.39
6.491,-0.96,-1.41,-0.84,-1.39,-0.84,-1.39
6.505,-0.98,-1.42,-0.84,-1.39,-0.84,-1.39
6.52,-0.99,-1.4,-0.84,-1.39,-0.84,-1.39
6.534,-0.96,-1.4,-0.84,-1.39,-0.84,-1.39
6.549,-1.07,-1.37,-0.84,-1.39,-0.84,-1.39
6.564,-1.04,-1.38,-0.84,-1.39,-0.84,-1.39
6.578,-0.95,-1.45,-0.84,-1.39,-0.84,-1.39
6.592,-0.95,-1.4,-0.84,-1.39,-0.84,-1.39
6.607,-1.05,-1.37,-0.83,-1.39,-0.84,-1.39
6.623,-1.07,-1.46,-0.83,-1.39,-0.84,-1.39
6.639,-1.03,-1.44,-0.83,-1.39,-0.84,-1.39
6.653,-1.0,-1.36,-0.83,-1.39,-0.84,-1.39
6.669,-0.99,-1.37,-0.83,-1.39,-0.84,-1.39
6.683,-0.97,-1.41,-0.83,-1.39,-0.83,-1.39
6.698,-0.99,-1.33,-0.83,-1.39,-0.83,-1.39
6.712,-1.01,-1.32,-0.83,-1.39,-0.83,-1.39
6.728,-1.08,-1.42,-0.83,-1.39,-0.83,-1.39
6.741,-1.05,-1.43,-0.83,-1.39,-0.83,-1.39
6.756,-1.04,-1.42,-0.83,-1.39,-0.83,-1.39
6.774,-0.97,-1.39,-0.83,-1.39,-0.83,-1.39
6.789,-0.98,-1.35,-0.83,-1.39,-0.83,-1.39
6.804,-0.96,-1.4,-0.83,-1.39,-0.83,-1.39
6.819,-0.97,-1.43,-0.83,-1.39,-0.83,-1.39
6.833,-1.05,-1.34,-0.83,-1.39,-0.83,-1.39
6.848,-1.03,-1.37,-0.83,-1.39,-0.83,-1.39
6.862,-0.99,-1.42,-0.83,-1.39,-0.83,-1.39
6.877,-1.03,-1.39,-0.82,-1.38,-0.83,-1.38
6.892,-1.05,-1.34,-0.82,-1.38,-0.83,-1.38
6.906,-1.05,-1.35,-0.82,-1.38,-0.83,-1.38
6.921,-1.03,-1.33,-0.82,-1.38,-0.83,-1.38
6.935,-1.0,-1.42,-0.82,-1.38,-0.83,-1.38
6.949,-0.98,-1.42,-0.82,-1.38,-0.82,-1.38
6.964,-0.98,-1.34,-0.82,-1.38,-0.83,-1.38
6.978,-0.98,-1.33,-0.82,-1.38,-0.83,-1.38
6.995,-0.91,-1.4,-0.82,-1.38,-0.83,-1.38
7.01,-0.94,-1.41,-0.82,-1.38,-0.82,-1.38
7.025,-1.01,-1.4,-0.82,-1.38,-0.82,-1.38
7.039,-1.02,-1.38,-0.82,-1.38,-0.82,-1.38
7.053,-1.05,-1.47,-0.82,-1.38,-0.82,-1.38
7.068,-1.03,-1.47,-0.82,-1.38,-0.82,-1.38
7.082,-1.0,-1.4,-0.82,-1.38,-0.82,-1.39
7.097,-1.0,-1.33,-0.82,-1.39,-0.82,-1.38
7.111,-1.05,-1.33,-0.82,-1.38,-0.82,-1.38
7.126,-1.05,-1.35,-0.82,-1.38,-0.82,-1.38
7.14,-0.97,-1.44,-0.82,-1.39,-0.82,-1.39
7.154,-0.97,-1.44,-0.82,-1.38,-0.82,-1.39
7.169,-0.96,-1.4,-0.82,-1.38,-0.82,-1.38
7.183,-0.97,-1.36,-0.82,-1.38,-0.82,-1.38
7.198,-0.96,-1.38,-0.82,-1.38,-0.82,-1.38
7.212,-1.02,-1.42,-0.82,-1.38,-0.82,-1.38
7.227,-1.05,-1.43,-0.82,-1.38,-0.82,-1.38
7.242,-1.09,-1.38,-0.82,-1.38,-0.83,-1.38
7.256,-1.07,-1.33,-0.82,-1.38,-0.83,-1.38
7.27,-1.05,-1.33,-0.82,-1.38,-0.82,-1.38
7.285,-1.04,-1.36,-0.82,-1.38,-0.83,-1.38
7.299,-1.05,-1.41,-0.82,-1.38,-0.83,-1.38
7.314,-1.05,-1.42,-0.82,-1.38,-0.83,-1.38
7.328,-1.07,-1.42,-0.82,-1.38,-0.83,-1.38
7.342,-1.09,-1.41,-0.82,-1.38,-0.83,-1.38
7.357,-1.07,-1.4,-0.82,-1.38,-0.83,-1.38
7.371,-1.01,-1.36,-0.82,-1.38,-0.83,-1.38
7.386,-1.0,-1.37,-0.82,-1.38,-0.83,-1.38
7.4,-1.06,-1.4,-0.82,-1.38,-0.83,-1.38
7.415,-1.05,-1.38,-0.82,-1.38,-0.83,-1.38
7.429,-1.01,-1.41,-0.82,-1.38,-0.83,-1.38
7.444,-1.02,-1.42,-0.82,-1.38,-0.83,-1.38
7.458,-1.05,-1.4,-0.82,-1.38,-0.82,-1.38
7.473,-1.03,-1.43,-0.82,-1.38,-0.83,-1.38
7.487,-0.92,-1.45,-0.82,-1.38,-0.82,-1.38
7.502,-0.92,-1.38,-0.82,-1.38,-0.82,-1.38
7.516,-1.06,-1.32,-0.82,-1.38,-0.82,-1.38
7.531,-1.05,-1.35,-0.82,-1.38,-0.82,-1.38
7.545,-0.93,-1.4,-0.82,-1.38,-0.82,-1.38
7.56,-0.94,-1.4,-0.82,-1.38,-0.82,-1.38
7.575,-1.03,-1.41,-0.82,-1.38,-0.82,-1.38
7.589,-0.96,-1.42,-0.82,-1.38,-0.82,-1.38
7.604,-0.92,-1.38,-0.82,-1.38,-0.82,-1.38
7.618,-1.04,-1.35,-0.81,-1.38,-0.82,-1.38
7.633,-1.05,-1.39,-0.82,-1.37,-0.82,-1.37
7.649,-0.98,-1.47,-0.82,-1.37,-0.82,-1.38
7.664,-0.96,-1.4,-0.82,-1.38,-0.82,-1.38
7.678,-0.98,-1.4,-0.82,-1.38,-0.82,-1.38
7.693,-1.01,-1.39,-0.82,-1.38,-0.82,-1.38
7.707,-1.05,-1.3,-0.82,-1.38,-0.82,-1.38
7.721,-1.05,-1.32,-0.82,-1.38,-0.82,-1.38
7.736,-1.01,-1.42,-0.82,-1.38,-0.82,-1.38
7.75,-1.02,-1.46,-0.82,-1.38,-0.82,-1.38
7.765,-0.97,-1.39,-0.82,-1.38,-0.82,-1.38
7.779,-0.96,-1.34,-0.82,-1.38,-0.82,-1.38
7.794,-1.0,-1.4,-0.82,-1.38,-0.82,-1.38
7.808,-1.02,-1.4,-0.81,-1.38,-0.82,-1.38
7.823,-0.98,-1.43,-0.81,-1.38,-0.82,-1.38
7.838,-0.97,-1.46,-0.81,-1.38,-0.82,-1.38
7.852,-1.0,-1.43,-0.81,-1.38,-0.82,-1.38
7.866,-0.99,-1.42,-0.81,-1.38,-0.81,-1.38
7.881,-1.0,-1.4,-0.81,-1.38,-0.81,-1.38
7.895,-0.98,-1.4,-0.81,-1.38,-0.81,-1.38
7.91,-0.99,-1.46,-0.81,-1.38,-0.81,-1.38
7.924,-1.03,-1.4,-0.81,-1.38,-0.81,-1.38
7.939,-0.96,-1.36,-0.81,-1.38,-0.81,-1.38
7.954,-1.02,-1.42,-0.81,-1.38,-0.81,-1.38
7.968,-1.04,-1.45,-0.81,-1.38,-0.81,-1.38
7.983,-1.03,-1.42,-0.81,-1.38,-0.81,-1.38
7.997,-1.01,-1.38,-0.81,-1.38,-0.81,-1.38
8.012,-1.01,-1.33,-0.81,-1.38,-0.81,-1.38
8.026,-1.05,-1.3,-0.81,-1.38,-0.81,-1.38
8.041,-1.05,-1.34,-0.81,-1.38,-0.81,-1.38
8.055,-1.05,-1.36,-0.81,-1.38,-0.81,-1.38
8.07,-0.96,-1.4,-0.81,-1.38,-0.81,-1.38
8.084,-0.93,-1.42,-0.81,-1.38,-0.81,-1.38
8.099,-0.96,-1.41,-0.81,-1.38,-0.81,-1.38
8.113,-0.96,-1.38,-0.81,-1.38,-0.81,-1.38
8.128,-1.01,-1.34,-0.81,-1.38,-0.81,-1.38
8.142,-1.11,-1.39,-0.81,-1.38,-0.81,-1.38
8.157,-1.08,-1.41,-0.81,-1.38,-0.81,-1.38
8.171,-1.05,-1.38,-0.81,-1.38,-0.81,-1.38
8.185,-1.03,-1.39,-0.81,-1.38,-0.81,-1.38
8.2,-1.03,-1.44,-0.81,-1.38,-0.81,-1.38
8.214,-1.03,-1.42,-0.81,-1.38,-0.81,-1.38
8.228,-1.02,-1.36,-0.81,-1.38,-0.81,-1.38
8.243,-0.99,-1.4,-0.81,-1.38,-0.81,-1.38
8.26,-1.03,-1.38,-0.81,-1.38,-0.81,-1.38
8.274,-1.02,-1.36,-0.81,-1.38,-0.81,-1.38
8.289,-1.04,-1.39,-0.81,-1.38,-0.81,-1.38
8.304,-1.05,-1.41,-0.81,-1.38,-0.81,-1.38
8.318,-1.0,-1.4,-0.81,-1.38,-0.81,-1.38
8.332,-1.05,-1.4,-0.81,-1.38,-0.81,-1.38
8.346,-1.08,-1.35,-0.81,-1.38,-0.81,-1.38
8.361,-1.05,-1.33,-0.81,-1.38,-0.81,-1.38
8.376,-1.0,-1.32,-0.81,-1.38,-0.81,-1.38
8.39,-1.03,-1.41,-0.81,-1.38,-0.81,-1.38
8.404,-1.07,-1.45,-0.81,-1.38,-0.81,-1.38
8.419,-1.0,-1.37,-0.81,-1.38,-0.81,-1.38
8.434,-0.98,-1.36,-0.81,-1.38,-0.81,-1.38
8.448,-0.94,-1.41,-0.81,-1.38,-0.81,-1.38
8.462,-0.94,-1.42,-0.81,-1.38,-0.81,-1.38
8.477,-0.94,-1.42,-0.81,-1.38,-0.81,-1.38
8.491,-0.98,-1.41,-0.8,-1.38,-0.81,-1.38
8.506,-1.03,-1.43,-0.8,-1.38,-0.81,-1.38
8.52,-1.07,-1.45,-0.8,-1.38,-0.81,-1.39
8.535,-1.05,-1.33,-0.81,-1.39,-0.81,-1.38
8.55,-1.02,-1.32,-0.81,-1.38,-0.81,-1.38
8.564,-1.04,-1.39,-0.81,-1.38,-0.81,-1.38
8.579,-1.05,-1.4,-0.81,-1.38,-0.81,-1.38
8.593,-1.02,-1.43,-0.81,-1.38,-0.81,-1.38
8.608,-0.96,-1.41,-0.81,-1.38,-0.81,-1.38
8.622,-0.98,-1.4,-0.81,-1.38,-0.81,-1.38
8.636,-1.0,-1.36,-0.81,-1.38,-0.81,-1.38
8.651,-0.99,-1.38,-0.81,-1.38,-0.81,-1.38
8.666,-1.05,-1.38,-0.81,-1.38,-0.81,-1.38
8.68,-1.09,-1.42,-0.81,-1.38,-0.81,-1.38
8.695,-1.04,-1.42,-0.81,-1.38,-0.81,-1.38
8.709,-1.04,-1.39,-0.81,-1.38,-0.81,-1.38
8.724,-0.98,-1.38,-0.81,-1.38,-0.81,-1.38
8.738,-0.97,-1.39,-0.81,-1.38,-0.81,-1.38
8.753,-0.97,-1.4,-0.81,-1.38,-0.81,-1.38
8.767,-0.99,-1.38,-0.81,-1.38,-0.81,-1.38
8.781,-1.07,-1.37,-0.81,-1.38,-0.82,-1.38
8.796,-1.09,-1.36,-0.81,-1.38,-0.82,-1.38
8.81,-1.04,-1.38,-0.81,-1.38,-0.81,-1.38
8.825,-0.98,-1.45,-0.81,-1.38,-0.81,-1.38
8.839,-0.97,-1.45,-0.81,-1.38,-0.81,-1.38
8.854,-0.98,-1.42,-0.81,-1.38,-0.81,-1.38
8.868,-1.04,-1.43,-0.81,-1.38,-0.81,-1.38
8.883,-1.05,-1.43,-0.81,-1.38,-0.81,-1.38
8.897,-1.03,-1.4,-0.81,-1.38,-0.81,-1.38
8.912,-0.96,-1.31,-0.81,-1.38,-0.81,-1.38
8.926,-0.97,-1.38,-0.81,-1.38,-0.81,-1.38
8.941,-0.94,-1.45,-0.81,-1.38,-0.81,-1.38
8.955,-0.97,-1.47,-0.81,-1.38,-0.81,-1.38
8.97,-0.98,-1.43,-0.8,-1.38,-0.81,-1.38
8.984,-0.95,-1.4,-0.81,-1.38,-0.81,-1.38
8.999,-0.99,-1.32,-0.81,-1.38,-0.81,-1.38
9.013,-0.97,-1.31,-0.81,-1.38,-0.81,-1.38
9.028,-0.98,-1.31,-0.81,-1.38,-0.81,-1.38
9.042,-1.05,-1.36,-0.81,-1.38,-0.81,-1.38
9.057,-1.08,-1.41,-0.81,-1.37,-0.81,-1.38
9.071,-1.1,-1.41,-0.81,-1.37,-0.81,-1.37
9.085,-1.04,-1.38,-0.81,-1.37,-0.81,-1.37
9.1,-0.94,-1.4,-0.81,-1.38,-0.81,-1.38
9.114,-1.0,-1.37,-0.81,-1.38,-0.81,-1.38
9.129,-1.04,-1.38,-0.81,-1.38,-0.81,-1.38
9.143,-1.0,-1.4,-0.81,-1.37,-0.81,-1.37
9.158,-0.91,-1.36,-0.81,-1.37,-0.81,-1.37
9.172,-0.94,-1.36,-0.81,-1.37,-0.81,-1.37
9.187,-1.01,-1.4,-0.81,-1.37,-0.81,-1.37
9.201,-1.06,-1.36,-0.81,-1.37,-0.81,-1.37
9.215,-1.05,-1.33,-0.81,-1.37,-0.81,-1.37
9.23,-1.05,-1.41,-0.81,-1.37,-0.81,-1.37
9.244,-1.01,-1.39,-0.81,-1.37,-0.81,-1.37
9.259,-1.0,-1.36,-0.81,-1.37,-0.81,-1.37
9.273,-1.03,-1.33,-0.81,-1.37,-0.81,-1.37
9.287,-1.03,-1.38,-0.81,-1.37,-0.81,-1.37
9.302,-1.03,-1.42,-0.81,-1.37,-0.81,-1.37
9.316,-1.01,-1.38,-0.81,-1.37,-0.81,-1.37
9.331,-1.04,-1.36,-0.81,-1.37,-0.81,-1.37
9.346,-0.95,-1.41,-0.81,-1.37,-0.81,-1.37
9.36,-0.94,-1.38,-0.81,-1.37,-0.81,-1.37
9.375,-1.0,-1.42,-0.81,-1.37,-0.81,-1.37
9.389,-1.01,-1.42,-0.81,-1.37,-0.81,-1.37
9.404,-0.99,-1.37,-0.81,-1.37,-0.81,-1.37
9.418,-1.01,-1.39,-0.81,-1.37,-0.81,-1.37
9.433,-1.01,-1.38,-0.81,-1.37,-0.81,-1.37
9.447,-1.07,-1.44,-0.81,-1.37,-0.81,-1.37
9.462,-1.09,-1.44,-0.81,-1.37,-0.81,-1.37
9.476,-1.08,-1.4,-0.81,-1.37,-0.81,-1.37
9.49,-1.09,-1.37,-0.81,-1.37,-0.82,-1.37
9.505,-1.05,-1.4,-0.81,-1.37,-0.81,-1.37
9.52,-0.96,-1.43,-0.81,-1.37,-0.81,-1.37
9.534,-0.98,-1.38,-0.81,-1.37,-0.81,-1.37
9.549,-1.03,-1.37,-0.81,-1.37,-0.81,-1.37
9.563,-0.99,-1.4,-0.81,-1.37,-0.81,-1.37
9.578,-1.0,-1.39,-0.81,-1.37,-0.81,-1.37
9.592,-1.1,-1.33,-0.81,-1.37,-0.82,-1.37
9.607,-1.09,-1.32,-0.81,-1.37,-0.82,-1.37
9.621,-1.05,-1.4,-0.81,-1.37,-0.82,-1.37
9.636,-0.95,-1.45,-0.81,-1.37,-0.82,-1.37
9.65,-1.01,-1.39,-0.81,-1.37,-0.82,-1.37
9.665,-1.0,-1.4,-0.81,-1.37,-0.82,-1.37
9.679,-1.0,-1.43,-0.81,-1.37,-0.82,-1.37
9.694,-1.09,-1.4,-0.81,-1.37,-0.82,-1.37
9.708,-1.02,-1.36,-0.81,-1.37,-0.82,-1.37
9.723,-0.97,-1.36,-0.81,-1.37,-0.82,-1.37
9.737,-1.02,-1.38,-0.81,-1.37,-0.82,-1.37
9.752,-1.1,-1.39,-0.81,-1.37,-0.82,-1.37
9.766,-1.07,-1.38,-0.81,-1.37,-0.82,-1.37
9.781,-0.96,-1.4,-0.81,-1.37,-0.81,-1.37
9.796,-0.96,-1.41,-0.81,-1.37,-0.81,-1.37
9.81,-1.02,-1.4,-0.81,-1.37,-0.82,-1.37
9.825,-1.07,-1.35,-0.81,-1.37,-0.82,-1.37
9.839,-1.12,-1.36,-0.81,-1.37,-0.82,-1.37
9.854,-1.0,-1.43,-0.82,-1.37,-0.82,-1.37
9.868,-0.97,-1.4,-0.82,-1.37,-0.82,-1.37
9.885,-1.07,-1.36,-0.82,-1.37,-0.82,-1.37
9.899,-1.01,-1.29,-0.82,-1.37,-0.82,-1.37
9.913,-0.97,-1.31,-0.82,-1.37,-0.82,-1.37
9.928,-0.98,-1.37,-0.82,-1.37,-0.82,-1.37
9.942,-1.06,-1.45,-0.82,-1.37,-0.82,-1.37
9.957,-1.03,-1.42,-0.82,-1.37,-0.82,-1.37
9.971,-0.99,-1.32,-0.82,-1.37,-0.82,-1.37
9.986,-0.97,-1.34,-0.82,-1.37,-0.82,-1.37
10.0,-0.96,-1.43,-0.82,-1.37,-0.82,-1.37
10.015,-1.04,-1.42,-0.82,-1.37,-0.82,-1.37
10.029,-1.03,-1.4,-0.82,-1.37,-0.82,-1.37
10.044,-1.02,-1.39,-0.82,-1.37,-0.82,-1.37
10.058,-0.98,-1.34,-0.82,-1.37,-0.82,-1.37
10.073,-0.95,-1.35,-0.82,-1.37,-0.82,-1.37
10.087,-0.97,-1.4,-0.82,-1.37,-0.82,-1.37
10.101,-1.0,-1.42,-0.82,-1.37,-0.82,-1.37
10.116,-1.07,-1.4,-0.82,-1.37,-0.82,-1.37
10.13,-1.07,-1.3,-0.82,-1.37,-0.82,-1.37
10.145,-0.94,-1.29,-0.82,-1.37,-0.82,-1.37
10.159,-1.03,-1.37,-0.82,-1.37,-0.82,-1.37
10.174,-1.06,-1.38,-0.82,-1.37,-0.82,-1.37
10.188,-1.0,-1.38,-0.82,-1.37,-0.82,-1.37
10.203,-1.01,-1.4,-0.82,-1.37,-0.82,-1.37
10.218,-1.09,-1.44,-0.82,-1.38,-0.82,-1.38
10.233,-1.01,-1.39,-0.82,-1.38,-0.83,-1.38
10.247,-0.99,-1.35,-0.82,-1.38,-0.83,-1.38
10.262,-1.03,-1.39,-0.82,-1.38,-0.82,-1.38
10.276,-1.07,-1.53,-0.82,-1.38,-0.82,-1.38
10.291,-1.05,-1.52,-0.82,-1.38,-0.82,-1.38
10.306,-0.96,-1.34,-0.82,-1.38,-0.82,-1.38
10.32,-0.94,-1.33,-0.82,-1.38,-0.82,-1.38
10.334,-0.99,-1.42,-0.82,-1.38,-0.82,-1.38
10.349,-1.02,-1.44,-0.82,-1.38,-0.82,-1.38
10.368,-0.97,-1.38,-0.82,-1.38,-0.82,-1.38
10.382,-0.97,-1.41,-0.82,-1.38,-0.82,-1.38
10.397,-1.03,-1.36,-0.82,-1.38,-0.82,-1.38
10.411,-0.99,-1.37,-0.82,-1.38,-0.82,-1.38
10.426,-1.0,-1.39,-0.82,-1.38,-0.82,-1.38
10.44,-1.03,-1.41,-0.82,-1.38,-0.82,-1.38
10.455,-1.02,-1.49,-0.82,-1.38,-0.82,-1.38
10.471,-1.0,-1.43,-0.82,-1.38,-0.82,-1.38
10.486,-0.97,-1.28,-0.82,-1.38,-0.82,-1.38
10.501,-0.96,-1.32,-0.81,-1.38,-0.82,-1.38
10.515,-0.95,-1.44,-0.81,-1.38,-0.81,-1.38
10.53,-1.01,-1.46,-0.81,-1.38,-0.81,-1.38
10.545,-1.04,-1.47,-0.81,-1.38,-0.81,-1.39
10.559,-1.03,-1.42,-0.81,-1.39,-0.82,-1.39
10.574,-0.98,-1.3,-0.82,-1.39,-0.82,-1.38
10.59,-0.99,-1.31,-0.81,-1.38,-0.82,-1.38
10.605,-1.0,-1.43,-0.81,-1.38,-0.82,-1.38
10.619,-1.01,-1.42,-0.81,-1.38,-0.82,-1.38
10.634,-1.07,-1.38,-0.81,-1.38,-0.82,-1.38
10.649,-1.04,-1.37,-0.81,-1.38,-0.82,-1.38
10.663,-1.0,-1.34,-0.81,-1.38,-0.82,-1.38
10.678,-1.03,-1.36,-0.82,-1.38,-0.82,-1.38
10.693,-1.03,-1.39,-0.82,-1.38,-0.82,-1.38
10.708,-1.07,-1.4,-0.82,-1.38,-0.82,-1.38
10.722,-1.08,-1.37,-0.82,-1.38,-0.82,-1.38
10.737,-1.05,-1.38,-0.82,-1.38,-0.82,-1.38
10.751,-1.02,-1.44,-0.82,-1.38,-0.82,-1.38
10.766,-1.0,-1.44,-0.82,-1.38,-0.82,-1.38
10.78,-0.94,-1.41,-0.82,-1.38,-0.82,-1.38
10.795,-0.96,-1.39,-0.82,-1.38,-0.82,-1.38
10.809,-0.98,-1.41,-0.82,-1.38,-0.82,-1.38
10.824,-0.94,-1.4,-0.82,-1.38,-0.82,-1.38
10.838,-0.98,-1.43,-0.82,-1.38,-0.82,-1.38
10.853,-0.98,-1.45,-0.82,-1.38,-0.82,-1.38
10.867,-0.99,-1.44,-0.82,-1.38,-0.82,-1.38
10.882,-1.02,-1.4,-0.82,-1.38,-0.82,-1.38
10.896,-1.03,-1.39,-0.82,-1.38,-0.82,-1.38
10.914,-1.07,-1.31,-0.82,-1.38,-0.82,-1.38
10.929,-1.02,-1.37,-0.82,-1.38,-0.82,-1.38
10.944,-1.01,-1.4,-0.82,-1.38,-0.82,-1.38
10.958,-1.01,-1.44,-0.82,-1.38,-0.82,-1.38
10.973,-1.02,-1.43,-0.82,-1.38,-0.82,-1.38
10.988,-1.01,-1.38,-0.82,-1.38,-0.82,-1.38
11.003,-1.05,-1.35,-0.82,-1.38,-0.82,-1.38
11.019,-1.05,-1.4,-0.82,-1.38,-0.82,-1.38
11.034,-1.03,-1.42,-0.82,-1.38,-0.82,-1.38
11.048,-0.94,-1.44,-0.82,-1.38,-0.82,-1.38
11.063,-0.98,-1.46,-0.82,-1.38,-0.82,-1.38
11.077,-1.08,-1.43,-0.82,-1.38,-0.82,-1.38
11.092,-1.09,-1.4,-0.82,-1.38,-0.82,-1.38
11.106,-0.99,-1.36,-0.82,-1.38,-0.82,-1.38
11.121,-0.95,-1.38,-0.82,-1.38,-0.82,-1.38
11.135,-0.97,-1.38,-0.82,-1.38,-0.82,-1.38
11.149,-1.0,-1.37,-0.82,-1.38,-0.82,-1.38
11.164,-1.0,-1.41,-0.81,-1.38,-0.82,-1.38
11.178,-0.94,-1.39,-0.81,-1.38,-0.81,-1.38
11.193,-0.95,-1.36,-0.81,-1.38,-0.81,-1.38
11.207,-0.97,-1.38,-0.81,-1.38,-0.81,-1.38
11.222,-0.94,-1.41,-0.81,-1.38,-0.81,-1.38
11.237,-0.99,-1.37,-0.81,-1.38,-0.81,-1.38
11.251,-0.98,-1.36,-0.81,-1.38,-0.81,-1.38
11.266,-1.02,-1.37,-0.81,-1.38,-0.81,-1.38
11.281,-1.05,-1.38,-0.81,-1.38,-0.81,-1.38
11.295,-1.02,-1.39,-0.81,-1.38,-0.81,-1.38
11.31,-0.99,-1.42,-0.81,-1.38,-0.81,-1.38
11.325,-0.97,-1.37,-0.81,-1.38,-0.81,-1.38
11.339,-1.0,-1.33,-0.81,-1.38,-0.81,-1.38
11.354,-1.02,-1.39,-0.8,-1.38,-0.81,-1.38
11.369,-1.03,-1.4,-0.81,-1.38,-0.81,-1.38
11.383,-1.07,-1.36,-0.81,-1.38,-0.81,-1.38
11.397,-1.1,-1.36,-0.81,-1.38,-0.81,-1.38
11.412,-1.01,-1.39,-0.81,-1.38,-0.81,-1.38
11.427,-0.96,-1.43,-0.81,-1.38,-0.81,-1.38
11.441,-0.98,-1.41,-0.81,-1.38,-0.81,-1.38
11.456,-0.98,-1.39,-0.81,-1.38,-0.81,-1.38
11.47,-0.99,-1.39,-0.81,-1.38,-0.81,-1.38
11.485,-1.02,-1.38,-0.81,-1.38,-0.81,-1.38
11.502,-1.03,-1.38,-0.8,-1.38,-0.81,-1.38
11.517,-1.03,-1.39,-0.8,-1.38,-0.81,-1.38
11.531,-1.05,-1.37,-0.8,-1.38,-0.81,-1.38
11.545,-1.04,-1.37,-0.81,-1.38,-0.81,-1.38
11.56,-1.1,-1.41,-0.81,-1.38,-0.81,-1.38
11.574,-1.09,-1.42,-0.81,-1.38,-0.81,-1.38
11.589,-1.02,-1.4,-0.81,-1.38,-0.81,-1.38
11.604,-0.98,-1.33,-0.81,-1.38,-0.81,-1.38
11.618,-1.0,-1.32,-0.81,-1.38,-0.81,-1.38
11.633,-1.03,-1.39,-0.81,-1.38,-0.81,-1.38
11.647,-1.0,-1.43,-0.81,-1.38,-0.81,-1.38
11.661,-0.97,-1.38,-0.81,-1.38,-0.81,-1.38
11.676,-1.02,-1.36,-0.81,-1.38,-0.81,-1.38
11.691,-1.04,-1.42,-0.81,-1.37,-0.81,-1.37
11.705,-1.03,-1.45,-0.81,-1.37,-0.81,-1.37
11.72,-1.05,-1.41,-0.81,-1.37,-0.81,-1.37
11.734,-1.07,-1.4,-0.81,-1.37,-0.81,-1.37
11.749,-0.94,-1.36,-0.81,-1.37,-0.81,-1.37
11.764,-0.98,-1.34,-0.81,-1.37,-0.81,-1.37
11.778,-1.11,-1.36,-0.81,-1.37,-0.81,-1.37
11.793,-1.11,-1.36,-0.81,-1.37,-0.81,-1.37
11.807,-0.99,-1.38,-0.81,-1.37,-0.81,-1.37
11.822,-0.98,-1.37,-0.81,-1.37,-0.81,-1.37
11.836,-1.0,-1.36,-0.81,-1.37,-0.81,-1.37
11.851,-1.05,-1.36,-0.81,-1.37,-0.81,-1.37
11.866,-1.08,-1.38,-0.81,-1.37,-0.81,-1.37
11.88,-1.05,-1.41,-0.81,-1.37,-0.81,-1.37
11.894,-1.0,-1.4,-0.81,-1.37,-0.81,-1.37
11.909,-0.94,-1.43,-0.81,-1.37,-0.81,-1.37
11.924,-0.95,-1.44,-0.81,-1.37,-0.81,-1.38
11.938,-0.97,-1.37,-0.81,-1.38,-0.81,-1.38
11.953,-0.98,-1.34,-0.81,-1.37,-0.81,-1.37
11.967,-1.06,-1.36,-0.81,-1.37,-0.81,-1.37
11.982,-1.03,-1.45,-0.81,-1.37,-0.81,-1.37
11.996,-0.97,-1.45,-0.81,-1.37,-0.81,-1.38
12.011,-0.98,-1.4,-0.81,-1.37,-0.81,-1.37
12.026,-1.04,-1.43,-0.81,-1.37,-0.81,-1.37
12.04,-1.03,-1.42,-0.81,-1.37,-0.81,-1.38
12.054,-1.05,-1.4,-0.81,-1.38,-0.81,-1.38
12.069,-1.08,-1.4,-0.81,-1.37,-0.81,-1.37
12.084,-1.05,-1.4,-0.81,-1.37,-0.81,-1.37
12.098,-0.92,-1.33,-0.81,-1.37,-0.81,-1.37
12.115,-1.1,-1.45,-0.81,-1.37,-0.81,-1.37
12.129,-1.12,-1.44,-0.81,-1.37,-0.82,-1.38
12.143,-1.05,-1.31,-0.81,-1.38,-0.82,-1.37
12.158,-1.05,-1.29,-0.81,-1.37,-0.82,-1.37
12.172,-1.05,-1.36,-0.81,-1.37,-0.82,-1.37
12.187,-0.99,-1.44,-0.81,-1.37,-0.82,-1.37
12.201,-0.98,-1.46,-0.81,-1.37,-0.82,-1.37
12.215,-0.99,-1.42,-0.81,-1.37,-0.82,-1.38
12.23,-1.07,-1.41,-0.81,-1.38,-0.82,-1.38
12.244,-0.96,-1.38,-0.81,-1.38,-0.82,-1.38
12.259,-0.95,-1.4,-0.81,-1.37,-0.82,-1.37
12.273,-0.92,-1.4,-0.81,-1.37,-0.81,-1.37
12.288,-0.93,-1.38,-0.81,-1.37,-0.81,-1.37
12.302,-1.0,-1.4,-0.81,-1.37,-0.82,-1.37
12.317,-1.03,-1.38,-0.81,-1.37,-0.82,-1.37
12.331,-1.05,-1.4,-0.81,-1.37,-0.82,-1.37
12.346,-1.05,-1.37,-0.81,-1.37,-0.82,-1.37
12.36,-1.04,-1.33,-0.81,-1.37,-0.82,-1.37
12.375,-1.03,-1.39,-0.81,-1.37,-0.82,-1.37
12.389,-1.07,-1.38,-0.81,-1.37,-0.82,-1.37
12.404,-1.05,-1.41,-0.81,-1.38,-0.82,-1.38
12.418,-1.0,-1.42,-0.81,-1.38,-0.82,-1.38
12.433,-1.01,-1.4,-0.81,-1.37,-0.82,-1.37
12.447,-1.02,-1.37,-0.82,-1.37,-0.82,-1.37
12.462,-0.96,-1.38,-0.82,-1.37,-0.82,-1.37
12.476,-1.01,-1.38,-0.82,-1.38,-0.82,-1.38
12.491,-1.06,-1.44,-0.82,-1.38,-0.82,-1.38
12.505,-1.07,-1.42,-0.82,-1.38,-0.82,-1.38
12.52,-1.03,-1.38,-0.82,-1.38,-0.82,-1.38
12.534,-0.99,-1.4,-0.82,-1.38,-0.82,-1.38
12.549,-0.98,-1.37,-0.82,-1.37,-0.82,-1.37
12.564,-1.03,-1.39,-0.82,-1.38,-0.82,-1.38
12.578,-1.06,-1.42,-0.82,-1.38,-0.82,-1.38
12.593,-0.96,-1.38,-0.82,-1.38,-0.82,-1.38
12.607,-0.95,-1.4,-0.82,-1.38,-0.82,-1.38
12.622,-1.0,-1.38,-0.82,-1.38,-0.82,-1.38
12.636,-0.98,-1.37,-0.82,-1.38,-0.82,-1.38
12.651,-0.93,-1.41,-0.82,-1.38,-0.82,-1.38
12.666,-1.02,-1.39,-0.82,-1.38,-0.82,-1.38
12.68,-1.07,-1.4,-0.82,-1.38,-0.82,-1.38
12.695,-1.1,-1.44,-0.82,-1.38,-0.82,-1.38
12.709,-1.07,-1.38,-0.82,-1.38,-0.82,-1.38
12.724,-1.03,-1.36,-0.82,-1.38,-0.82,-1.38
12.738,-0.99,-1.43,-0.82,-1.38,-0.82,-1.38
12.753,-1.0,-1.47,-0.82,-1.38,-0.82,-1.38
12.77,-0.98,-1.44,-0.82,-1.38,-0.82,-1.38
12.784,-0.98,-1.39,-0.82,-1.38,-0.82,-1.38
12.799,-1.01,-1.35,-0.82,-1.38,-0.82,-1.38
12.813,-0.96,-1.37,-0.81,-1.38,-0.82,-1.38
12.828,-0.95,-1.36,-0.81,-1.38,-0.82,-1.38
12.842,-1.05,-1.39,-0.81,-1.38,-0.81,-1.38
12.857,-1.1,-1.39,-0.81,-1.38,-0.82,-1.38
12.873,-1.08,-1.42,-0.81,-1.38,-0.81,-1.38
12.887,-1.04,-1.48,-0.81,-1.38,-0.82,-1.38
12.902,-1.05,-1.47,-0.81,-1.38,-0.82,-1.38
12.916,-1.05,-1.35,-0.81,-1.38,-0.82,-1.38
12.931,-1.03,-1.31,-0.82,-1.38,-0.82,-1.38
12.945,-0.99,-1.43,-0.82,-1.38,-0.82,-1.38
12.96,-1.0,-1.41,-0.82,-1.38,-0.82,-1.38
12.974,-0.94,-1.38,-0.82,-1.38,-0.82,-1.38
12.989,-0.93,-1.39,-0.81,-1.38,-0.81,-1.38
13.003,-0.99,-1.39,-0.81,-1.38,-0.81,-1.38
13.018,-1.06,-1.38,-0.81,-1.38,-0.82,-1.38
13.032,-1.05,-1.4,-0.81,-1.38,-0.82,-1.38
13.047,-1.06,-1.44,-0.81,-1.38,-0.82,-1.38
13.061,-1.09,-1.42,-0.81,-1.38,-0.82,-1.38
13.076,-1.02,-1.37,-0.81,-1.38,-0.81,-1.38
13.09,-1.04,-1.35,-0.81,-1.38,-0.81,-1.38
13.105,-1.05,-1.37,-0.81,-1.38,-0.81,-1.38
13.119,-1.0,-1.41,-0.81,-1.38,-0.81,-1.38
13.137,-0.98,-1.44,-0.81,-1.38,-0.81,-1.38
13.151,-0.98,-1.42,-0.81,-1.38,-0.81,-1.38
13.165,-1.01,-1.39,-0.81,-1.38,-0.81,-1.38
13.179,-1.03,-1.36,-0.81,-1.38,-0.81,-1.38
13.194,-0.99,-1.4,-0.81,-1.38,-0.81,-1.38
13.209,-0.95,-1.44,-0.81,-1.38,-0.81,-1.38
13.223,-1.0,-1.36,-0.81,-1.38,-0.81,-1.38
13.238,-0.98,-1.4,-0.81,-1.38,-0.81,-1.38
13.252,-1.03,-1.38,-0.81,-1.38,-0.81,-1.38
13.267,-1.06,-1.38,-0.81,-1.38,-0.81,-1.38
13.282,-1.05,-1.38,-0.81,-1.38,-0.81,-1.38
13.296,-1.02,-1.38,-0.81,-1.38,-0.81,-1.38
13.311,-0.96,-1.39,-0.81,-1.38,-0.81,-1.38
13.325,-0.97,-1.37,-0.81,-1.38,-0.81,-1.38
13.34,-0.98,-1.37,-0.81,-1.38,-0.81,-1.38
13.354,-0.94,-1.36,-0.81,-1.38,-0.81,-1.38
13.369,-0.96,-1.35,-0.81,-1.38,-0.81,-1.38
13.383,-0.99,-1.39,-0.81,-1.38,-0.81,-1.38
13.398,-1.0,-1.4,-0.81,-1.38,-0.81,-1.38
13.412,-1.01,-1.38,-0.81,-1.38,-0.81,-1.38
13.427,-1.03,-1.35,-0.81,-1.38,-0.81,-1.38
13.442,-1.07,-1.36,-0.81,-1.38,-0.81,-1.38
13.456,-1.0,-1.37,-0.81,-1.38,-0.81,-1.38
13.471,-0.99,-1.41,-0.81,-1.38,-0.81,-1.38
13.485,-1.03,-1.4,-0.81,-1.38,-0.81,-1.38
13.499,-1.04,-1.38,-0.81,-1.38,-0.81,-1.38
13.514,-1.01,-1.4,-0.81,-1.38,-0.81,-1.38
13.529,-0.96,-1.37,-0.81,-1.38,-0.81,-1.38
13.543,-0.97,-1.36,-0.81,-1.38,-0.81,-1.38
13.558,-1.03,-1.39,-0.81,-1.38,-0.81,-1.38
13.572,-1.03,-1.38,-0.81,-1.38,-0.81,-1.38
13.587,-1.04,-1.38,-0.81,-1.38,-0.81,-1.38
13.601,-1.01,-1.41,-0.81,-1.38,-0.81,-1.38
13.616,-1.07,-1.38,-0.81,-1.38,-0.81,-1.38
13.63,-1.1,-1.32,-0.81,-1.38,-0.81,-1.38
13.645,-1.08,-1.35,-0.81,-1.38,-0.81,-1.38
13.66,-0.99,-1.45,-0.81,-1.38,-0.81,-1.38
13.675,-0.98,-1.43,-0.81,-1.38,-0.81,-1.38
13.69,-1.0,-1.4,-0.81,-1.38,-0.81,-1.38
13.704,-1.03,-1.42,-0.81,-1.38,-0.81,-1.38
13.719,-1.05,-1.4,-0.81,-1.38,-0.81,-1.38
13.733,-1.03,-1.4,-0.81,-1.38,-0.81,-1.38
13.748,-1.03,-1.41,-0.81,-1.38,-0.81,-1.38
13.762,-1.02,-1.42,-0.81,-1.38,-0.81,-1.38
13.776,-1.05,-1.41,-0.81,-1.38,-0.81,-1.38
13.791,-1.02,-1.41,-0.81,-1.38,-0.81,-1.38
13.805,-1.04,-1.4,-0.81,-1.39,-0.81,-1.39
13.82,-1.04,-1.41,-0.81,-1.39,-0.81,-1.39
13.834,-1.03,-1.42,-0.81,-1.39,-0.81,-1.39
13.848,-0.94,-1.36,-0.81,-1.39,-0.81,-1.39
13.863,-0.92,-1.37,-0.81,-1.39,-0.81,-1.39
13.878,-0.98,-1.37,-0.81,-1.39,-0.81,-1.39
13.893,-0.99,-1.38,-0.81,-1.39,-0.81,-1.38
13.907,-1.03,-1.4,-0.81,-1.38,-0.81,-1.39
13.922,-1.04,-1.41,-0.81,-1.39,-0.81,-1.39
13.936,-1.05,-1.38,-0.81,-1.39,-0.81,-1.39
13.951,-1.03,-1.34,-0.81,-1.39,-0.81,-1.39
13.965,-1.04,-1.34,-0.81,-1.38,-0.81,-1.38
13.98,-1.01,-1.36,-0.81,-1.38,-0.81,-1.38
13.994,-1.0,-1.42,-0.81,-1.38,-0.81,-1.38
14.009,-1.04,-1.4,-0.81,-1.38,-0.81,-1.38
14.023,-1.06,-1.4,-0.81,-1.39,-0.81,-1.39
14.037,-1.0,-1.43,-0.81,-1.39,-0.81,-1.39
14.052,-0.98,-1.42,-0.81,-1.39,-0.81,-1.39
14.066,-0.98,-1.38,-0.81,-1.39,-0.81,-1.39
14.081,-0.96,-1.38,-0.81,-1.39,-0.81,-1.39
14.096,-1.03,-1.41,-0.81,-1.39,-0.81,-1.39
14.11,-1.03,-1.4,-0.81,-1.39,-0.81,-1.39
14.124,-1.05,-1.4,-0.81,-1.39,-0.81,-1.39
14.139,-1.05,-1.41,-0.81,-1.38,-0.81,-1.39
14.153,-1.05,-1.43,-0.81,-1.39,-0.81,-1.39
14.168,-1.01,-1.41,-0.81,-1.39,-0.81,-1.39
14.182,-1.08,-1.39,-0.81,-1.39,-0.81,-1.39
14.197,-1.11,-1.39,-0.81,-1.39,-0.81,-1.39
14.211,-1.01,-1.45,-0.81,-1.39,-0.81,-1.39
14.226,-1.01,-1.4,-0.81,-1.39,-0.81,-1.39
14.24,-1.01,-1.34,-0.81,-1.39,-0.81,-1.39
14.255,-0.98,-1.39,-0.81,-1.39,-0.81,-1.39
14.269,-1.0,-1.4,-0.81,-1.39,-0.81,-1.39
14.284,-1.05,-1.41,-0.81,-1.39,-0.81,-1.39
14.298,-1.05,-1.44,-0.81,-1.38,-0.81,-1.39
14.317,-1.05,-1.4,-0.81,-1.38,-0.81,-1.38
14.332,-1.03,-1.38,-0.81,-1.38,-0.81,-1.38
14.346,-1.03,-1.36,-0.81,-1.38,-0.81,-1.38
14.361,-1.02,-1.36,-0.81,-1.39,-0.81,-1.38
14.375,-1.04,-1.39,-0.81,-1.38,-0.81,-1.38
14.389,-1.09,-1.4,-0.81,-1.38,-0.81,-1.38
14.404,-1.05,-1.41,-0.81,-1.38,-0.82,-1.38
14.419,-1.01,-1.39,-0.81,-1.38,-0.82,-1.38
14.433,-1.02,-1.37,-0.81,-1.38,-0.82,-1.38
14.448,-0.99,-1.41,-0.81,-1.38,-0.82,-1.38
14.462,-1.0,-1.4,-0.81,-1.38,-0.82,-1.38
14.477,-1.01,-1.39,-0.82,-1.38,-0.82,-1.38
14.491,-1.03,-1.38,-0.82,-1.38,-0.82,-1.38
14.506,-1.0,-1.4,-0.82,-1.38,-0.82,-1.38
14.52,-0.97,-1.45,-0.82,-1.38,-0.82,-1.38
14.535,-1.01,-1.44,-0.82,-1.38,-0.82,-1.38
14.549,-1.02,-1.45,-0.82,-1.38,-0.82,-1.38
14.564,-1.02,-1.4,-0.82,-1.38,-0.82,-1.38
14.578,-0.97,-1.42,-0.82,-1.38,-0.82,-1.38
14.592,-0.97,-1.38,-0.82,-1.38,-0.82,-1.38
14.607,-0.95,-1.43,-0.82,-1.38,-0.82,-1.38
14.621,-0.97,-1.43,-0.82,-1.38,-0.82,-1.38
14.636,-1.01,-1.38,-0.82,-1.38,-0.82,-1.38
14.651,-1.01,-1.45,-0.82,-1.38,-0.82,-1.38
14.665,-1.04,-1.37,-0.82,-1.38,-0.82,-1.38
14.68,-1.03,-1.38,-0.82,-1.38,-0.82,-1.38
14.695,-1.02,-1.39,-0.82,-1.38,-0.82,-1.38
14.709,-1.06,-1.38,-0.82,-1.38,-0.82,-1.38
14.723,-1.08,-1.36,-0.82,-1.38,-0.82,-1.38
14.738,-1.05,-1.45,-0.82,-1.38,-0.82,-1.38
14.756,-1.02,-1.42,-0.82,-1.38,-0.82,-1.38
14.77,-1.01,-1.4,-0.82,-1.38,-0.82,-1.38
14.784,-1.05,-1.41,-0.82,-1.38,-0.82,-1.39
14.799,-0.99,-1.38,-0.82,-1.38,-0.82,-1.38
14.813,-0.97,-1.42,-0.82,-1.38,-0.82,-1.38
14.828,-0.97,-1.43,-0.82,-1.38,-0.82,-1.38
14.842,-0.97,-1.39,-0.82,-1.38,-0.82,-1.39
14.858,-1.04,-1.4,-0.81,-1.39,-0.82,-1.39
14.873,-1.04,-1.43,-0.81,-1.39,-0.82,-1.39
14.887,-1.01,-1.43,-0.82,-1.39,-0.82,-1.39
14.902,-1.01,-1.43,-0.82,-1.39,-0.82,-1.39
14.916,-1.01,-1.4,-0.82,-1.39,-0.82,-1.39
14.931,-0.99,-1.42,-0.82,-1.39,-0.82,-1.39
14.945,-0.98,-1.42,-0.82,-1.39,-0.82,-1.39
14.959,-1.03,-1.4,-0.82,-1.39,-0.82,-1.39
14.974,-0.99,-1.43,-0.82,-1.39,-0.82,-1.39
14.988,-0.96,-1.43,-0.82,-1.39,-0.82,-1.39
15.003,-1.04,-1.4,-0.81,-1.39,-0.82,-1.39
15.017,-1.06,-1.42,-0.81,-1.39,-0.82,-1.39
15.032,-1.0,-1.39,-0.81,-1.39,-0.82,-1.39
15.046,-1.04,-1.4,-0.81,-1.39,-0.81,-1.39
15.061,-1.09,-1.4,-0.81,-1.39,-0.82,-1.39
15.075,-1.06,-1.38,-0.81,-1.39,-0.82,-1.39
15.09,-1.03,-1.37,-0.81,-1.39,-0.82,-1.39
15.104,-1.01,-1.44,-0.82,-1.39,-0.82,-1.39
15.118,-1.01,-1.45,-0.82,-1.39,-0.82,-1.39
15.133,-1.0,-1.43,-0.82,-1.39,-0.82,-1.39
15.148,-1.02,-1.38,-0.82,-1.39,-0.82,-1.39
15.162,-1.04,-1.32,-0.81,-1.39,-0.82,-1.39
15.177,-1.0,-1.36,-0.82,-1.39,-0.82,-1.39
15.191,-0.95,-1.37,-0.82,-1.39,-0.82,-1.39
15.206,-0.99,-1.38,-0.82,-1.39,-0.82,-1.39
15.22,-1.06,-1.37,-0.82,-1.39,-0.82,-1.39
15.235,-1.03,-1.4,-0.82,-1.39,-0.82,-1.39
15.249,-1.02,-1.42,-0.82,-1.39,-0.82,-1.39
15.263,-1.01,-1.41,-0.81,-1.39,-0.82,-1.39
15.278,-0.98,-1.37,-0.81,-1.39,-0.81,-1.39
15.294,-0.93,-1.36,-0.81,-1.39,-0.81,-1.39
15.308,-1.06,-1.4,-0.81,-1.39,-0.81,-1.39
15.323,-1.02,-1.36,-0.81,-1.39,-0.81,-1.39
15.337,-0.96,-1.37,-0.81,-1.39,-0.81,-1.39
15.351,-0.97,-1.42,-0.81,-1.39,-0.81,-1.39
15.366,-1.01,-1.42,-0.81,-1.39,-0.81,-1.39
15.381,-1.07,-1.36,-0.81,-1.39,-0.81,-1.39
15.395,-1.02,-1.38,-0.81,-1.39,-0.81,-1.39
15.409,-1.07,-1.36,-0.81,-1.39,-0.81,-1.39
15.424,-1.07,-1.36,-0.81,-1.39,-0.81,-1.39
15.438,-0.99,-1.36,-0.81,-1.39,-0.81,-1.39
15.453,-1.0,-1.36,-0.81,-1.39,-0.81,-1.39
15.467,-1.02,-1.35,-0.81,-1.39,-0.81,-1.39
15.481,-1.06,-1.35,-0.81,-1.39,-0.81,-1.39
15.496,-1.09,-1.42,-0.81,-1.39,-0.82,-1.39
15.511,-1.03,-1.4,-0.81,-1.39,-0.82,-1.39
15.525,-0.97,-1.37,-0.82,-1.39,-0.82,-1.39
15.539,-1.01,-1.38,-0.81,-1.39,-0.82,-1.39
15.554,-1.05,-1.4,-0.81,-1.39,-0.82,-1.39
15.568,-1.01,-1.41,-0.81,-1.39,-0.82,-1.39
15.583,-0.99,-1.44,-0.81,-1.39,-0.82,-1.39
15.597,-1.01,-1.38,-0.81,-1.39,-0.82,-1.39
15.612,-1.05,-1.38,-0.81,-1.39,-0.82,-1.39
15.627,-1.03,-1.38,-0.82,-1.39,-0.82,-1.39
15.641,-1.0,-1.42,-0.82,-1.39,-0.82,-1.39
15.656,-1.01,-1.38,-0.82,-1.39,-0.82,-1.39
15.67,-1.03,-1.34,-0.82,-1.39,-0.82,-1.39
15.684,-1.06,-1.41,-0.82,-1.39,-0.82,-1.39
15.699,-1.0,-1.43,-0.82,-1.39,-0.82,-1.39
15.713,-0.94,-1.38,-0.81,-1.39,-0.82,-1.39
15.728,-0.95,-1.39,-0.81,-1.39,-0.82,-1.39
15.742,-0.97,-1.38,-0.81,-1.39,-0.81,-1.39
15.756,-1.01,-1.36,-0.81,-1.39,-0.81,-1.39
15.771,-1.04,-1.41,-0.81,-1.39,-0.81,-1.39
15.785,-1.0,-1.45,-0.81,-1.39,-0.81,-1.39
15.8,-0.98,-1.45,-0.81,-1.39,-0.81,-1.39
15.814,-1.03,-1.34,-0.81,-1.39,-0.81,-1.39
15.829,-1.05,-1.33,-0.81,-1.39,-0.81,-1.39
15.843,-1.07,-1.35,-0.81,-1.38,-0.81,-1.38
15.858,-1.06,-1.44,-0.81,-1.38,-0.81,-1.39
15.872,-1.05,-1.45,-0.81,-1.39,-0.81,-1.39
15.887,-1.01,-1.4,-0.81,-1.39,-0.81,-1.39
15.901,-0.98,-1.4,-0.81,-1.39,-0.81,-1.39
15.915,-1.03,-1.4,-0.81,-1.39,-0.81,-1.39
15.93,-1.05,-1.34,-0.81,-1.39,-0.81,-1.39
15.944,-0.99,-1.38,-0.81,-1.38,-0.81,-1.38
15.959,-0.98,-1.4,-0.81,-1.38,-0.81,-1.38
15.973,-1.02,-1.44,-0.81,-1.38,-0.81,-1.38
15.988,-1.01,-1.46,-0.81,-1.38,-0.81,-1.39
16.002,-1.04,-1.4,-0.81,-1.39,-0.81,-1.39
16.017,-1.03,-1.37,-0.81,-1.38,-0.81,-1.38
16.032,-0.98,-1.33,-0.81,-1.38,-0.81,-1.38
16.046,-0.95,-1.36,-0.81,-1.38,-0.81,-1.38
16.06,-0.95,-1.38,-0.81,-1.38,-0.81,-1.38
16.075,-1.01,-1.41,-0.81,-1.38,-0.81,-1.38
16.089,-1.01,-1.41,-0.81,-1.38,-0.81,-1.38
16.104,-1.03,-1.41,-0.81,-1.38,-0.81,-1.38
16.118,-1.08,-1.4,-0.81,-1.38,-0.81,-1.38
16.133,-1.03,-1.39,-0.81,-1.38,-0.81,-1.38
16.148,-0.99,-1.37,-0.81,-1.39,-0.81,-1.39
16.162,-1.01,-1.36,-0.81,-1.39,-0.81,-1.39
16.176,-1.03,-1.36,-0.81,-1.39,-0.81,-1.39
16.191,-1.05,-1.41,-0.81,-1.39,-0.81,-1.39
16.205,-1.03,-1.43,-0.81,-1.39,-0.81,-1.39
16.22,-0.98,-1.4,-0.8,-1.39,-0.81,-1.39
16.234,-1.01,-1.38,-0.8,-1.39,-0.81,-1.39
16.248,-0.99,-1.35,-0.8,-1.39,-0.81,-1.39
16.263,-1.02,-1.35,-0.8,-1.39,-0.81,-1.39
16.277,-1.03,-1.38,-0.8,-1.39,-0.81,-1.39
16.292,-1.02,-1.4,-0.8,-1.39,-0.81,-1.39
16.306,-1.0,-1.42,-0.8,-1.39,-0.81,-1.39
16.321,-1.0,-1.41,-0.8,-1.39,-0.81,-1.39
16.335,-1.02,-1.42,-0.8,-1.39,-0.81,-1.39
16.35,-1.06,-1.38,-0.8,-1.39,-0.81,-1.39
16.365,-1.05,-1.4,-0.81,-1.39,-0.81,-1.39
16.384,-1.01,-1.42,-0.81,-1.39,-0.81,-1.39
16.397,-0.99,-1.43,-0.81,-1.39,-0.81,-1.39
16.412,-1.02,-1.44,-0.8,-1.39,-0.81,-1.39
16.426,-1.05,-1.45,-0.8,-1.39,-0.81,-1.39
16.441,-1.06,-1.45,-0.81,-1.39,-0.81,-1.39
16.456,-1.08,-1.36,-0.81,-1.39,-0.81,-1.39
16.47,-1.08,-1.37,-0.81,-1.39,-0.81,-1.39
16.484,-1.03,-1.41,-0.81,-1.39,-0.81,-1.39
16.499,-0.96,-1.45,-0.81,-1.39,-0.81,-1.39
16.513,-0.97,-1.42,-0.81,-1.39,-0.81,-1.39
16.528,-1.01,-1.36,-0.81,-1.39,-0.81,-1.39
16.542,-1.02,-1.35,-0.81,-1.39,-0.81,-1.39
16.557,-1.04,-1.39,-0.81,-1.39,-0.81,-1.39
16.571,-1.02,-1.35,-0.81,-1.38,-0.81,-1.38
16.586,-0.96,-1.43,-0.81,-1.38,-0.81,-1.38
16.6,-0.98,-1.44,-0.81,-1.38,-0.81,-1.38
16.615,-1.03,-1.38,-0.81,-1.38,-0.81,-1.38
16.629,-1.03,-1.36,-0.81,-1.38,-0.81,-1.38
16.644,-0.98,-1.4,-0.81,-1.38,-0.81,-1.38
16.658,-0.99,-1.4,-0.81,-1.38,-0.81,-1.38
16.672,-0.97,-1.39,-0.81,-1.38,-0.81,-1.38
16.687,-0.99,-1.39,-0.81,-1.38,-0.81,-1.38
16.701,-1.05,-1.4,-0.81,-1.38,-0.81,-1.38
16.716,-1.12,-1.43,-0.81,-1.38,-0.81,-1.38
16.73,-1.11,-1.44,-0.81,-1.38,-0.81,-1.38
16.745,-0.97,-1.37,-0.81,-1.38,-0.81,-1.38
16.759,-0.96,-1.36,-0.81,-1.38,-0.81,-1.38
16.774,-0.96,-1.37,-0.81,-1.38,-0.81,-1.38
16.788,-0.98,-1.4,-0.81,-1.38,-0.81,-1.38
16.802,-0.99,-1.45,-0.81,-1.38,-0.81,-1.38
16.816,-1.02,-1.4,-0.81,-1.38,-0.81,-1.38
16.831,-1.03,-1.39,-0.81,-1.38,-0.81,-1.38
16.845,-1.03,-1.41,-0.81,-1.38,-0.81,-1.39
16.86,-1.02,-1.38,-0.81,-1.39,-0.81,-1.39
16.874,-0.96,-1.4,-0.81,-1.39,-0.81,-1.39
16.888,-0.96,-1.36,-0.81,-1.39,-0.81,-1.38
16.903,-1.01,-1.32,-0.8,-1.38,-0.81,-1.38
16.917,-1.05,-1.37,-0.81,-1.39,-0.81,-1.38
16.932,-1.04,-1.42,-0.8,-1.38,-0.81,-1.39
16.946,-1.02,-1.39,-0.8,-1.38,-0.81,-1.38
16.961,-0.98,-1.35,-0.8,-1.38,-0.81,-1.38
16.975,-0.97,-1.35,-0.8,-1.38,-0.8,-1.38
16.99,-1.04,-1.38,-0.8,-1.38,-0.81,-1.38
17.004,-1.02,-1.36,-0.8,-1.38,-0.81,-1.38
17.018,-0.99,-1.35,-0.8,-1.38,-0.81,-1.38
17.033,-0.98,-1.45,-0.8,-1.38,-0.81,-1.38
17.047,-1.05,-1.42,-0.8,-1.38,-0.8,-1.38
17.061,-0.98,-1.35,-0.8,-1.38,-0.8,-1.38
17.076,-0.99,-1.38,-0.8,-1.38,-0.81,-1.38
17.09,-0.99,-1.4,-0.8,-1.38,-0.81,-1.38
17.105,-0.96,-1.41,-0.8,-1.38,-0.81,-1.38
17.119,-0.98,-1.43,-0.8,-1.38,-0.8,-1.38
17.134,-1.08,-1.41,-0.8,-1.38,-0.81,-1.38
17.148,-1.0,-1.38,-0.8,-1.38,-0.8,-1.38
17.163,-0.99,-1.38,-0.8,-1.38,-0.8,-1.38
17.178,-0.94,-1.35,-0.8,-1.38,-0.8,-1.38
17.192,-0.97,-1.38,-0.8,-1.38,-0.8,-1.38
17.207,-1.06,-1.38,-0.8,-1.38,-0.8,-1.38
17.221,-1.04,-1.35,-0.8,-1.38,-0.8,-1.38
17.236,-1.0,-1.38,-0.8,-1.38,-0.8,-1.38
17.25,-1.02,-1.42,-0.8,-1.38,-0.8,-1.38
17.264,-0.99,-1.36,-0.8,-1.38,-0.8,-1.38
17.279,-1.05,-1.37,-0.8,-1.38,-0.8,-1.38
17.293,-1.06,-1.39,-0.8,-1.38,-0.81,-1.38
17.308,-0.99,-1.4,-0.8,-1.38,-0.81,-1.38
17.322,-0.98,-1.38,-0.8,-1.38,-0.81,-1.38
17.337,-1.01,-1.35,-0.8,-1.38,-0.8,-1.38
17.351,-0.98,-1.37,-0.8,-1.38,-0.8,-1.38
17.366,-0.99,-1.46,-0.8,-1.38,-0.81,-1.38
17.381,-1.05,-1.44,-0.8,-1.38,-0.81,-1.38
17.396,-1.0,-1.45,-0.81,-1.38,-0.81,-1.38
17.41,-0.96,-1.4,-0.8,-1.38,-0.81,-1.38
17.424,-1.05,-1.37,-0.8,-1.38,-0.81,-1.38
17.439,-1.06,-1.38,-0.8,-1.38,-0.81,-1.38
17.453,-1.03,-1.4,-0.8,-1.38,-0.81,-1.38
17.468,-1.02,-1.41,-0.8,-1.38,-0.81,-1.38
17.482,-1.0,-1.37,-0.81,-1.38,-0.81,-1.38
17.497,-1.01,-1.36,-0.81,-1.38,-0.81,-1.38
17.511,-1.0,-1.34,-0.81,-1.38,-0.81,-1.38
17.526,-1.0,-1.4,-0.81,-1.38,-0.81,-1.38
17.54,-1.0,-1.41,-0.81,-1.38,-0.81,-1.38
17.555,-0.97,-1.4,-0.81,-1.38,-0.81,-1.38
17.569,-0.96,-1.38,-0.81,-1.38,-0.81,-1.38
17.584,-0.99,-1.41,-0.81,-1.38,-0.81,-1.38
17.598,-1.03,-1.42,-0.81,-1.38,-0.81,-1.38
17.612,-1.04,-1.35,-0.81,-1.38,-0.81,-1.38
17.627,-1.02,-1.37,-0.81,-1.38,-0.81,-1.38
17.642,-1.01,-1.41,-0.81,-1.38,-0.81,-1.38
17.656,-0.98,-1.39,-0.81,-1.38,-0.81,-1.38
17.671,-0.96,-1.38,-0.81,-1.38,-0.81,-1.38
17.685,-1.03,-1.42,-0.81,-1.38,-0.81,-1.38
17.7,-1.04,-1.41,-0.81,-1.38,-0.81,-1.38
17.714,-1.02,-1.38,-0.81,-1.38,-0.81,-1.38
17.728,-0.99,-1.33,-0.81,-1.38,-0.81,-1.38
17.743,-1.02,-1.34,-0.81,-1.38,-0.81,-1.37
17.757,-1.0,-1.38,-0.81,-1.37,-0.81,-1.37
17.772,-0.98,-1.44,-0.81,-1.37,-0.81,-1.38
17.786,-0.99,-1.42,-0.8,-1.37,-0.81,-1.38
17.8,-0.94,-1.39,-0.8,-1.38,-0.81,-1.38
17.815,-0.93,-1.39,-0.8,-1.38,-0.8,-1.38
17.83,-1.01,-1.36,-0.8,-1.38,-0.8,-1.38
17.844,-0.99,-1.39,-0.8,-1.38,-0.8,-1.38
17.859,-0.96,-1.37,-0.8,-1.37,-0.8,-1.37
17.874,-1.0,-1.36,-0.8,-1.37,-0.8,-1.37
17.888,-1.05,-1.36,-0.8,-1.37,-0.8,-1.37
17.902,-1.07,-1.39,-0.8,-1.37,-0.8,-1.37
17.917,-1.05,-1.36,-0.8,-1.37,-0.8,-1.37
17.931,-1.06,-1.36,-0.8,-1.37,-0.8,-1.37
17.946,-1.05,-1.41,-0.8,-1.37,-0.8,-1.38
17.96,-0.95,-1.41,-0.8,-1.38,-0.8,-1.38
17.975,-0.94,-1.42,-0.8,-1.38,-0.8,-1.38
17.99,-1.02,-1.35,-0.8,-1.38,-0.8,-1.38
18.007,-1.01,-1.33,-0.8,-1.38,-0.8,-1.38
18.021,-0.96,-1.39,-0.8,-1.38,-0.8,-1.38
18.035,-0.97,-1.4,-0.8,-1.38,-0.8,-1.38
18.05,-0.97,-1.41,-0.8,-1.38,-0.8,-1.38
18.064,-0.95,-1.41,-0.8,-1.38,-0.8,-1.38
18.079,-0.94,-1.41,-0.8,-1.38,-0.8,-1.38
18.093,-0.96,-1.4,-0.8,-1.38,-0.8,-1.38
18.108,-1.04,-1.41,-0.8,-1.38,-0.8,-1.38
18.122,-1.0,-1.44,-0.8,-1.38,-0.8,-1.38
18.137,-0.9,-1.35,-0.8,-1.38,-0.8,-1.38
18.151,-0.92,-1.38,-0.8,-1.38,-0.8,-1.38
18.165,-0.99,-1.43,-0.8,-1.38,-0.8,-1.38
18.18,-1.05,-1.42,-0.8,-1.38,-0.8,-1.38
18.194,-1.05,-1.42,-0.8,-1.38,-0.8,-1.38
18.209,-1.0,-1.35,-0.8,-1.38,-0.8,-1.38
18.223,-0.96,-1.3,-0.8,-1.38,-0.8,-1.38
18.238,-0.96,-1.35,-0.8,-1.38,-0.8,-1.38
18.252,-0.97,-1.37,-0.8,-1.38,-0.8,-1.38
18.267,-1.01,-1.41,-0.8,-1.38,-0.8,-1.38
18.281,-1.04,-1.39,-0.8,-1.38,-0.8,-1.38
18.296,-1.06,-1.39,-0.8,-1.38,-0.8,-1.38
18.31,-1.03,-1.41,-0.8,-1.38,-0.8,-1.38
18.325,-0.92,-1.36,-0.8,-1.38,-0.8,-1.38
18.339,-0.92,-1.34,-0.8,-1.38,-0.8,-1.38
18.354,-0.95,-1.39,-0.79,-1.38,-0.8,-1.38
18.368,-0.97,-1.4,-0.79,-1.38,-0.8,-1.38
18.382,-1.01,-1.39,-0.79,-1.38,-0.8,-1.38
18.397,-1.01,-1.39,-0.79,-1.38,-0.8,-1.38
18.411,-0.98,-1.42,-0.79,-1.38,-0.8,-1.38
18.426,-0.95,-1.41,-0.79,-1.38,-0.8,-1.38
18.44,-0.97,-1.41,-0.79,-1.38,-0.79,-1.38
18.454,-1.04,-1.41,-0.79,-1.38,-0.79,-1.38
18.469,-1.07,-1.36,-0.79,-1.38,-0.8,-1.38
18.483,-1.06,-1.4,-0.79,-1.38,-0.8,-1.38
18.498,-1.02,-1.38,-0.79,-1.38,-0.8,-1.38
18.512,-0.97,-1.35,-0.79,-1.38,-0.8,-1.38
18.527,-0.96,-1.35,-0.79,-1.38,-0.8,-1.38
18.541,-1.03,-1.41,-0.79,-1.38,-0.8,-1.38
18.556,-1.03,-1.41,-0.8,-1.38,-0.8,-1.38
18.57,-0.98,-1.4,-0.79,-1.38,-0.8,-1.38
18.585,-0.98,-1.39,-0.79,-1.38,-0.8,-1.38
18.599,-0.99,-1.39,-0.79,-1.38,-0.8,-1.38
18.615,-1.01,-1.4,-0.79,-1.38,-0.8,-1.38
18.629,-0.99,-1.41,-0.79,-1.38,-0.8,-1.38
18.643,-0.98,-1.41,-0.8,-1.38,-0.8,-1.38
18.658,-1.03,-1.41,-0.8,-1.38,-0.8,-1.38
18.672,-1.05,-1.42,-0.8,-1.38,-0.8,-1.38
18.687,-1.04,-1.42,-0.8,-1.38,-0.8,-1.38
18.701,-1.03,-1.36,-0.8,-1.38,-0.8,-1.38
18.716,-1.0,-1.37,-0.8,-1.38,-0.8,-1.38
18.73,-1.03,-1.43,-0.8,-1.38,-0.8,-1.38
18.745,-1.02,-1.4,-0.8,-1.38,-0.8,-1.38
18.759,-0.96,-1.37,-0.8,-1.38,-0.8,-1.38
18.773,-1.01,-1.4,-0.8,-1.38,-0.8,-1.38
18.788,-1.03,-1.44,-0.8,-1.38,-0.8,-1.38
18.802,-1.02,-1.42,-0.8,-1.38,-0.8,-1.38
18.817,-1.03,-1.4,-0.8,-1.38,-0.8,-1.38
18.831,-0.96,-1.37,-0.8,-1.38,-0.8,-1.38
18.846,-0.95,-1.39,-0.8,-1.38,-0.8,-1.38
18.861,-1.03,-1.33,-0.8,-1.38,-0.8,-1.38
18.875,-1.07,-1.35,-0.8,-1.38,-0.8,-1.38
18.889,-1.07,-1.41,-0.8,-1.38,-0.8,-1.38
18.904,-1.0,-1.39,-0.8,-1.38,-0.8,-1.38
18.918,-0.97,-1.39,-0.8,-1.38,-0.8,-1.38
18.933,-0.94,-1.4,-0.8,-1.38,-0.8,-1.38
18.948,-0.99,-1.38,-0.8,-1.38,-0.8,-1.38
18.962,-1.03,-1.39,-0.8,-1.38,-0.8,-1.38
18.977,-1.0,-1.43,-0.8,-1.38,-0.8,-1.38
18.991,-1.01,-1.42,-0.8,-1.38,-0.8,-1.38
19.006,-1.0,-1.42,-0.8,-1.38,-0.8,-1.38
19.02,-0.96,-1.37,-0.8,-1.38,-0.8,-1.38
19.035,-0.94,-1.4,-0.8,-1.38,-0.8,-1.38
19.049,-1.05,-1.4,-0.8,-1.38,-0.8,-1.38
19.064,-1.05,-1.38,-0.8,-1.38,-0.8,-1.38
19.078,-0.98,-1.4,-0.8,-1.38,-0.8,-1.38
19.093,-0.99,-1.38,-0.8,-1.38,-0.8,-1.38
19.107,-0.95,-1.38,-0.8,-1.38,-0.8,-1.38
19.122,-0.9,-1.37,-0.8,-1.38,-0.8,-1.38
19.136,-0.93,-1.32,-0.79,-1.38,-0.8,-1.38
19.151,-0.97,-1.36,-0.79,-1.37,-0.8,-1.37
19.165,-0.97,-1.44,-0.79,-1.37,-0.8,-1.37
19.18,-0.95,-1.41,-0.79,-1.37,-0.79,-1.38
19.194,-1.04,-1.35,-0.79,-1.38,-0.8,-1.37
19.209,-1.06,-1.37,-0.79,-1.37,-0.8,-1.37
19.223,-1.04,-1.39,-0.79,-1.37,-0.8,-1.37
19.238,-1.01,-1.39,-0.79,-1.37,-0.8,-1.37
19.252,-1.05,-1.41,-0.79,-1.37,-0.8,-1.37
19.267,-1.05,-1.4,-0.79,-1.37,-0.8,-1.37
19.282,-1.02,-1.37,-0.8,-1.37,-0.8,-1.37
19.296,-0.98,-1.4,-0.8,-1.37,-0.8,-1.37
19.311,-0.96,-1.4,-0.8,-1.37,-0.8,-1.37
19.325,-1.01,-1.41,-0.79,-1.37,-0.8,-1.37
19.34,-0.98,-1.39,-0.8,-1.37,-0.8,-1.37
19.356,-1.01,-1.37,-0.79,-1.37,-0.8,-1.37
19.37,-1.0,-1.38,-0.79,-1.37,-0.8,-1.37
19.385,-1.1,-1.38,-0.79,-1.37,-0.8,-1.37
19.399,-1.11,-1.39,-0.79,-1.37,-0.8,-1.37
19.414,-1.02,-1.45,-0.8,-1.37,-0.8,-1.37
19.428,-1.03,-1.43,-0.8,-1.37,-0.8,-1.37
19.443,-1.0,-1.37,-0.8,-1.37,-0.8,-1.37
19.458,-0.99,-1.36,-0.8,-1.37,-0.8,-1.37
19.472,-1.0,-1.41,-0.8,-1.37,-0.8,-1.37
19.487,-1.0,-1.42,-0.8,-1.37,-0.8,-1.37
19.501,-0.97,-1.44,-0.8,-1.37,-0.8,-1.37
19.516,-0.96,-1.43,-0.8,-1.37,-0.8,-1.37
19.53,-0.9,-1.4,-0.8,-1.37,-0.8,-1.37
19.545,-0.92,-1.39,-0.79,-1.37,-0.79,-1.37
19.56,-1.0,-1.4,-0.79,-1.37,-0.79,-1.37
19.574,-1.09,-1.41,-0.79,-1.37,-0.79,-1.37
19.588,-1.07,-1.41,-0.79,-1.37,-0.79,-1.37
19.603,-0.96,-1.36,-0.79,-1.37,-0.79,-1.37
19.617,-0.98,-1.39,-0.79,-1.37,-0.79,-1.37
19.635,-0.93,-1.42,-0.79,-1.37,-0.79,-1.37
19.649,-1.03,-1.4,-0.79,-1.38,-0.79,-1.38
19.663,-1.04,-1.4,-0.79,-1.38,-0.79,-1.38
19.682,-1.0,-1.39,-0.79,-1.38,-0.79,-1.38
19.696,-1.04,-1.43,-0.79,-1.38,-0.79,-1.38
19.711,-1.02,-1.47,-0.79,-1.38,-0.79,-1.38
19.725,-0.97,-1.41,-0.79,-1.38,-0.79,-1.38
19.74,-0.99,-1.38,-0.79,-1.38,-0.79,-1.38
19.754,-1.01,-1.4,-0.79,-1.37,-0.79,-1.38
19.769,-1.03,-1.37,-0.79,-1.38,-0.79,-1.38
19.783,-1.04,-1.34,-0.79,-1.37,-0.79,-1.37
19.798,-1.03,-1.39,-0.79,-1.37,-0.8,-1.37
19.812,-1.02,-1.41,-0.79,-1.37,-0.8,-1.37
19.827,-0.93,-1.49,-0.79,-1.37,-0.79,-1.38
19.841,-0.96,-1.48,-0.79,-1.38,-0.79,-1.38
19.856,-0.99,-1.43,-0.79,-1.38,-0.79,-1.38
19.87,-0.98,-1.39,-0.79,-1.38,-0.79,-1.38
19.885,-1.07,-1.33,-0.79,-1.38,-0.79,-1.38
19.899,-0.98,-1.3,-0.79,-1.38,-0.79,-1.38
19.914,-0.94,-1.35,-0.79,-1.38,-0.79,-1.38
19.928,-1.01,-1.41,-0.79,-1.38,-0.79,-1.38
19.942,-0.99,-1.43,-0.79,-1.38,-0.79,-1.38
19.957,-1.02,-1.36,-0.79,-1.38,-0.79,-1.38
19.971,-1.08,-1.35,-0.79,-1.38,-0.79,-1.38
19.986,-1.05,-1.4,-0.79,-1.37,-0.79,-1.37
20.0,-1.01,-1.44,-0.79,-1.37,-0.8,-1.37
20.015,-0.95,-1.43,-0.8,-1.37,-0.8,-1.37
20.029,-1.03,-1.41,-0.79,-1.37,-0.8,-1.37
20.044,-1.01,-1.42,-0.8,-1.37,-0.8,-1.37
20.058,-1.01,-1.39,-0.79,-1.37,-0.8,-1.37
20.073,-1.01,-1.4,-0.79,-1.37,-0.8,-1.37
20.087,-0.99,-1.35,-0.79,-1.37,-0.8,-1.37
20.102,-1.06,-1.39,-0.79,-1.37,-0.8,-1.37
20.116,-1.06,-1.41,-0.79,-1.37,-0.8,-1.37
20.13,-1.05,-1.4,-0.8,-1.37,-0.8,-1.37
20.145,-1.07,-1.37,-0.8,-1.37,-0.8,-1.37
20.16,-1.02,-1.34,-0.8,-1.37,-0.8,-1.37
20.174,-0.94,-1.4,-0.8,-1.37,-0.8,-1.37
20.189,-0.92,-1.42,-0.8,-1.37,-0.8,-1.37
20.203,-0.95,-1.41,-0.8,-1.37,-0.8,-1.37
20.217,-0.96,-1.38,-0.8,-1.37,-0.8,-1.37
20.231,-0.94,-1.38,-0.8,-1.37,-0.8,-1.37
20.246,-0.97,-1.34,-0.8,-1.37,-0.8,-1.37
20.26,-0.99,-1.35,-0.79,-1.37,-0.8,-1.37
20.275,-1.02,-1.41,-0.79,-1.37,-0.8,-1.37
20.289,-1.07,-1.41,-0.79,-1.37,-0.8,-1.37
20.303,-1.02,-1.36,-0.8,-1.37,-0.8,-1.37
20.318,-0.96,-1.36,-0.8,-1.37,-0.8,-1.37
20.332,-1.02,-1.4,-0.79,-1.37,-0.79,-1.37
20.347,-1.07,-1.45,-0.79,-1.37,-0.79,-1.37
20.361,-0.43,-1.48,-0.78,-1.37,-0.78,-1.37
20.376,0.08,-1.45,-0.74,-1.37,-0.74,-1.37
20.39,0.23,-1.38,-0.67,-1.37,-0.66,-1.37
20.405,-2.31,-1.25,-0.55,-1.38,-0.57,-1.38
20.419,-4.06,-1.31,-0.45,-1.38,-0.49,-1.38
20.433,-3.81,-1.44,-0.46,-1.38,-0.49,-1.38
20.448,1.69,-1.43,-0.7,-1.37,-0.68,-1.37
20.462,-0.74,-1.37,-0.86,-1.37,-0.86,-1.37
20.477,-2.55,-1.43,-0.84,-1.37,-0.86,-1.37
20.491,-0.41,-1.47,-0.88,-1.37,-0.87,-1.37
20.506,0.06,-1.57,-0.92,-1.37,-0.91,-1.38
20.52,-0.41,-1.14,-0.92,-1.38,-0.91,-1.37
20.535,-0.96,-1.02,-0.89,-1.38,-0.89,-1.37
20.549,-1.4,-1.74,-0.86,-1.37,-0.87,-1.38
20.564,-0.7,-1.91,-0.87,-1.38,-0.87,-1.39
20.578,-0.76,-2.5,-0.87,-1.39,-0.87,-1.4
20.593,-0.19,-1.94,-0.81,-1.4,-0.81,-1.41
20.607,0.34,-1.28,-0.73,-1.41,-0.72,-1.41
20.622,-0.01,-3.96,-0.63,-1.42,-0.62,-1.44
20.636,-0.76,-1.72,-0.39,-1.44,-0.4,-1.45
20.651,-5.71,-0.01,-0.12,-1.45,-0.17,-1.44
20.665,-4.98,0.27,-0.05,-1.47,-0.1,-1.45
20.68,-2.46,0.03,-0.11,-1.49,-0.14,-1.47
20.694,-4.44,-2.52,-0.26,-1.48,-0.3,-1.49
20.709,1.33,-2.69,-0.52,-1.5,-0.5,-1.52
20.723,5.2,-0.02,-0.84,-1.64,-0.78,-1.62
20.737,-1.47,2.48,-0.96,-1.75,-0.97,-1.71
20.752,-4.42,0.28,-0.93,-1.66,-0.97,-1.64
20.767,-0.5,-6.05,-0.94,-1.5,-0.93,-1.54
20.781,0.48,-4.66,-0.95,-1.57,-0.94,-1.6
20.796,-1.68,-1.79,-0.97,-1.7,-0.97,-1.7
20.81,-0.31,1.64,-1.01,-1.83,-1.0,-1.8
20.824,-0.13,1.2,-1.02,-1.86,-1.01,-1.83
20.839,-1.71,0.94,-1.02,-1.83,-1.03,-1.8
20.853,-2.48,-0.02,-1.0,-1.73,-1.02,-1.71
20.868,-0.33,-4.33,-1.02,-1.68,-1.02,-1.71
20.883,0.82,-4.51,-1.09,-1.78,-1.07,-1.81
20.897,1.93,-1.25,-1.24,-1.95,-1.21,-1.94
20.911,-1.77,0.98,-1.37,-2.16,-1.38,-2.13
20.926,-3.65,1.17,-1.42,-2.31,-1.44,-2.28
20.94,-6.9,-0.75,-1.35,-2.27,-1.4,-2.26
20.955,-2.74,-1.26,-1.31,-2.23,-1.33,-2.22
20.969,1.06,-0.31,-1.52,-2.33,-1.49,-2.31
20.983,1.63,1.31,-1.84,-2.47,-1.8,-2.44
20.998,0.49,1.8,-2.22,-2.62,-2.19,-2.58
21.012,-0.31,-0.71,-2.57,-2.45,-2.55,-2.43
21.026,0.21,2.43,-2.98,-2.17,-2.94,-2.13
21.04,1.11,2.76,-3.27,-2.02,-3.23,-1.97
21.055,1.3,-0.84,-3.44,-1.81,-3.4,-1.8
21.069,0.38,-2.11,-3.34,-1.59,-3.3,-1.6
21.084,-1.59,-0.01,-3.19,-1.42,-3.17,-1.4
21.098,0.73,-0.1,-3.11,-1.33,-3.08,-1.32
21.113,4.22,-2.41,-3.1,-1.27,-3.02,-1.28
21.127,4.08,-0.77,-3.19,-1.3,-3.12,-1.3
21.144,3.15,-2.64,-3.42,-1.28,-3.35,-1.29
21.158,4.73,-2.2,-3.73,-1.22,-3.65,-1.23
21.173,3.24,-1.46,-4.04,-1.21,-3.97,-1.21
21.187,3.03,-2.2,-4.17,-1.22,-4.1,-1.23
21.202,5.42,-3.2,-4.24,-1.26,-4.14,-1.28
21.216,4.35,-2.17,-4.32,-1.31,-4.23,-1.32
21.231,1.11,-1.88,-4.48,-1.34,-4.42,-1.35
21.245,-5.16,-3.29,-4.51,-1.45,-4.51,-1.46
21.26,-3.15,-0.9,-4.37,-1.68,-4.36,-1.68
21.274,4.79,-1.84,-4.06,-1.84,-3.97,-1.84
21.289,5.67,-2.9,-3.92,-1.56,-3.82,-1.57
21.303,8.93,2.56,-4.07,-1.57,-3.94,-1.53
21.317,7.38,0.5,-4.48,-1.8,-4.36,-1.78
21.332,4.72,-0.14,-4.93,-1.87,-4.83,-1.85
21.346,5.31,1.3,-5.19,-1.69,-5.08,-1.66
21.361,3.5,-0.94,-5.36,-1.38,-5.27,-1.37
21.375,3.16,-3.45,-5.6,-0.77,-5.51,-0.8
21.39,7.67,-4.96,-6.02,-0.21,-5.88,-0.26
21.404,7.53,-19.03,-6.68,0.42,-6.54,0.22
21.418,12.31,-20.31,-7.42,0.23,-7.22,0.03
21.433,12.23,8.4,-8.16,-1.0,-7.96,-0.9
21.448,15.94,0.05,-8.67,-1.28,-8.43,-1.26
21.462,9.98,-3.53,-8.84,-1.18,-8.66,-1.21
21.476,8.74,-1.97,-8.61,-1.14,-8.44,-1.15
21.49,9.24,-0.98,-8.41,-1.15,-8.23,-1.15
21.505,8.93,-1.34,-8.22,-1.16,-8.05,-1.17
21.519,8.84,-1.56,-8.04,-1.17,-7.87,-1.17
21.534,8.99,-1.51,-7.86,-1.17,-7.7,-1.17
21.548,8.96,-1.55,-7.69,-1.18,-7.52,-1.18
21.563,9.14,-1.46,-7.51,-1.18,-7.34,-1.18
21.577,9.03,-1.47,-7.33,-1.18,-7.17,-1.19
21.591,8.55,-1.67,-7.16,-1.19,-7.01,-1.19
21.606,8.63,-1.68,-7.01,-1.19,-6.86,-1.19
21.62,9.15,-1.57,-6.87,-1.19,-6.71,-1.2
21.634,9.38,-1.47,-6.72,-1.2,-6.56,-1.2
21.649,9.47,-1.53,-6.56,-1.2,-6.4,-1.21
21.663,9.37,-1.58,-6.38,-1.21,-6.22,-1.21
21.677,9.03,-1.73,-6.2,-1.21,-6.05,-1.22
21.692,8.82,-1.5,-5.99,-1.22,-5.85,-1.22
21.706,8.45,-1.61,-5.8,-1.22,-5.66,-1.23
21.72,9.35,-1.52,-5.66,-1.23,-5.51,-1.23
21.735,9.53,-1.32,-5.51,-1.23,-5.36,-1.24
21.75,8.1,-1.53,-5.33,-1.24,-5.19,-1.24
21.764,8.59,-1.47,-5.18,-1.25,-5.04,-1.25
21.779,8.6,-1.45,-5.03,-1.25,-4.9,-1.25
21.793,8.79,-1.48,-4.9,-1.25,-4.76,-1.25
21.807,8.9,-1.72,-4.76,-1.25,-4.62,-1.25
21.822,8.81,-1.72,-4.62,-1.26,-4.49,-1.26
21.836,8.93,-1.43,-4.48,-1.26,-4.35,-1.26
21.851,8.82,-1.42,-4.35,-1.26,-4.22,-1.26
21.865,8.71,-1.62,-4.22,-1.26,-4.09,-1.27
21.879,8.83,-1.69,-4.08,-1.27,-3.95,-1.27
21.894,8.95,-1.68,-3.95,-1.27,-3.82,-1.27
21.908,8.92,-1.63,-3.82,-1.27,-3.69,-1.28
21.923,8.91,-1.55,-3.69,-1.28,-3.56,-1.28
21.937,8.71,-1.39,-3.56,-1.28,-3.44,-1.28
21.951,8.64,-1.44,-3.44,-1.28,-3.32,-1.28
21.966,8.79,-1.64,-3.32,-1.28,-3.19,-1.29
21.98,8.88,-1.68,-3.19,-1.29,-3.07,-1.29
21.994,8.93,-1.61,-3.07,-1.29,-2.95,-1.29
22.008,8.89,-1.54,-2.95,-1.29,-2.83,-1.3
22.023,8.82,-1.48,-2.83,-1.3,-2.71,-1.3
22.037,8.82,-1.55,-2.71,-1.3,-2.6,-1.3
22.052,8.79,-1.6,-2.59,-1.3,-2.48,-1.3
22.067,8.86,-1.62,-2.48,-1.3,-2.36,-1.31
22.081,8.91,-1.61,-2.36,-1.31,-2.25,-1.31
22.095,8.86,-1.52,-2.25,-1.31,-2.14,-1.31
22.109,8.8,-1.48,-2.13,-1.31,-2.02,-1.31
22.124,8.69,-1.45,-2.02,-1.31,-1.91,-1.32
22.138,8.69,-1.49,-1.91,-1.32,-1.81,-1.32
22.153,8.87,-1.61,-1.81,-1.32,-1.7,-1.32
22.167,8.91,-1.62,-1.7,-1.32,-1.59,-1.32
22.181,8.89,-1.6,-1.59,-1.32,-1.48,-1.32
22.196,8.82,-1.56,-1.48,-1.32,-1.38,-1.33
22.21,8.71,-1.55,-1.38,-1.33,-1.28,-1.33
22.224,8.87,-1.53,-1.27,-1.33,-1.17,-1.33
22.239,8.97,-1.55,-1.17,-1.33,-1.07,-1.33
22.253,8.99,-1.6,-1.07,-1.33,-0.97,-1.34
22.267,8.95,-1.6,-0.96,-1.34,-0.87,-1.34
22.282,8.8,-1.5,-0.86,-1.34,-0.77,-1.34
22.296,8.75,-1.46,-0.76,-1.34,-0.67,-1.34
22.311,8.7,-1.54,-0.67,-1.34,-0.57,-1.34
22.325,8.75,-1.59,-0.57,-1.34,-0.48,-1.34
22.339,8.87,-1.62,-0.48,-1.34,-0.38,-1.35
22.353,8.91,-1.6,-0.38,-1.35,-0.29,-1.35
22.368,8.93,-1.57,-0.29,-1.35,-0.19,-1.35
22.382,8.66,-1.49,-0.19,-1.35,-0.1,-1.35
22.396,8.64,-1.49,-0.1,-1.35,-0.02,-1.35
22.411,8.83,-1.57,-0.01,-1.35,0.08,-1.35
22.425,8.91,-1.55,0.08,-1.35,0.17,-1.36
22.44,8.91,-1.49,0.17,-1.36,0.25,-1.36
22.454,8.91,-1.49,0.26,-1.36,0.34,-1.36
22.468,8.69,-1.51,0.34,-1.36,0.43,-1.36
22.482,8.66,-1.54,0.43,-1.36,0.51,-1.36
22.496,8.67,-1.57,0.51,-1.36,0.6,-1.36
22.511,8.83,-1.57,0.6,-1.36,0.68,-1.37
22.525,8.92,-1.55,0.68,-1.37,0.76,-1.37
22.539,8.9,-1.51,0.77,-1.37,0.85,-1.37
22.553,8.82,-1.51,0.85,-1.37,0.93,-1.37
22.567,8.71,-1.59,0.93,-1.37,1.01,-1.37
22.581,8.78,-1.63,1.01,-1.37,1.09,-1.38
22.596,8.86,-1.56,1.09,-1.38,1.17,-1.38
22.61,8.87,-1.51,1.17,-1.38,1.25,-1.38
22.624,8.85,-1.47,1.25,-1.38,1.32,-1.38
22.638,8.79,-1.47,1.33,-1.38,1.4,-1.39
22.653,8.78,-1.49,1.4,-1.39,1.48,-1.39
22.667,8.72,-1.57,1.48,-1.39,1.55,-1.39
22.681,8.74,-1.57,1.55,-1.39,1.62,-1.39
22.695,8.95,-1.56,1.63,-1.39,1.7,-1.39
22.71,8.94,-1.51,1.7,-1.39,1.77,-1.39
22.724,8.91,-1.51,1.77,-1.39,1.85,-1.39
22.738,8.81,-1.62,1.85,-1.39,1.92,-1.4
22.756,8.74,-1.64,1.92,-1.4,1.99,-1.4
22.77,8.78,-1.59,1.99,-1.4,2.06,-1.4
22.785,8.87,-1.49,2.06,-1.4,2.13,-1.4
22.799,8.88,-1.47,2.13,-1.4,2.2,-1.4
22.813,8.84,-1.5,2.2,-1.4,2.27,-1.4
22.827,8.78,-1.57,2.27,-1.4,2.33,-1.41
22.844,8.77,-1.63,2.34,-1.41,2.4,-1.41
22.858,8.78,-1.6,2.4,-1.41,2.47,-1.41
22.872,8.81,-1.54,2.47,-1.41,2.53,-1.41
22.886,8.89,-1.54,2.54,-1.41,2.6,-1.41
22.9,8.88,-1.53,2.6,-1.41,2.66,-1.42
22.915,8.75,-1.57,2.67,-1.42,2.73,-1.42
22.929,8.75,-1.56,2.73,-1.42,2.79,-1.42
22.943,8.89,-1.52,2.79,-1.42,2.85,-1.42
22.957,8.94,-1.53,2.85,-1.42,2.92,-1.42
22.971,8.92,-1.55,2.92,-1.42,2.98,-1.42
22.985,8.85,-1.56,2.98,-1.42,3.04,-1.42
23.0,8.79,-1.56,3.04,-1.42,3.1,-1.43
23.014,8.75,-1.61,3.1,-1.43,3.16,-1.43
23.028,8.79,-1.63,3.16,-1.43,3.22,-1.43
23.042,8.86,-1.54,3.22,-1.43,3.27,-1.43
23.056,8.92,-1.5,3.28,-1.43,3.33,-1.43
23.071,8.82,-1.5,3.34,-1.43,3.39,-1.43
23.085,8.76,-1.52,3.39,-1.43,3.45,-1.43
23.099,8.79,-1.51,3.45,-1.43,3.5,-1.44
23.113,8.8,-1.59,3.5,-1.44,3.56,-1.44
23.127,8.78,-1.59,3.56,-1.44,3.61,-1.44
23.141,8.85,-1.59,3.61,-1.44,3.67,-1.44
23.156,8.86,-1.57,3.67,-1.44,3.72,-1.44
23.17,8.79,-1.55,3.72,-1.44,3.77,-1.45
23.184,8.77,-1.56,3.77,-1.45,3.82,-1.45
23.198,8.77,-1.57,3.83,-1.45,3.88,-1.45
23.213,8.84,-1.58,3.88,-1.45,3.93,-1.45
23.227,8.88,-1.58,3.93,-1.45,3.98,-1.45
23.241,8.89,-1.54,3.98,-1.45,4.03,-1.45
23.255,8.86,-1.54,4.03,-1.45,4.08,-1.45
23.269,8.85,-1.58,4.08,-1.45,4.13,-1.46
23.284,8.81,-1.54,4.13,-1.46,4.18,-1.46
23.298,8.79,-1.48,4.18,-1.46,4.23,-1.46
23.312,8.87,-1.5,4.23,-1.46,4.28,-1.46
23.326,8.93,-1.48,4.28,-1.46,4.32,-1.46
23.34,8.88,-1.62,4.33,-1.46,4.37,-1.46
23.354,8.78,-1.62,4.37,-1.46,4.42,-1.46
23.369,8.74,-1.54,4.42,-1.46,4.46,-1.46
23.384,8.82,-1.49,4.46,-1.46,4.51,-1.46
23.398,8.89,-1.54,4.51,-1.46,4.55,-1.46
23.413,8.87,-1.61,4.55,-1.46,4.6,-1.46
23.427,8.76,-1.67,4.6,-1.46,4.64,-1.46
23.441,8.77,-1.65,4.64,-1.46,4.68,-1.46
23.455,8.8,-1.61,4.68,-1.46,4.73,-1.46
23.469,8.74,-1.49,4.73,-1.46,4.77,-1.46
23.484,8.77,-1.51,4.77,-1.46,4.81,-1.46
23.498,8.82,-1.54,4.81,-1.46,4.85,-1.47
23.512,8.83,-1.53,4.85,-1.46,4.89,-1.47
23.527,8.81,-1.59,4.9,-1.47,4.94,-1.47
23.541,8.76,-1.59,4.94,-1.47,4.98,-1.47
23.555,8.8,-1.56,4.98,-1.47,5.02,-1.47
23.569,8.82,-1.56,5.02,-1.47,5.06,-1.47
23.584,8.79,-1.52,5.06,-1.47,5.1,-1.47
23.598,8.82,-1.52,5.1,-1.47,5.14,-1.47
23.612,8.86,-1.59,5.14,-1.47,5.17,-1.47
23.626,8.86,-1.6,5.18,-1.47,5.21,-1.47
23.641,8.8,-1.58,5.22,-1.47,5.25,-1.47
23.655,8.79,-1.53,5.26,-1.47,5.29,-1.47
23.669,8.84,-1.51,5.29,-1.47,5.33,-1.47
23.683,8.89,-1.49,5.33,-1.47,5.37,-1.47
23.697,8.8,-1.54,5.37,-1.47,5.4,-1.47
23.711,8.78,-1.55,5.4,-1.47,5.44,-1.47
23.725,8.78,-1.55,5.44,-1.47,5.47,-1.47
23.74,8.79,-1.54,5.47,-1.47,5.51,-1.47
23.754,8.78,-1.55,5.51,-1.47,5.54,-1.47
23.768,8.82,-1.58,5.55,-1.47,5.58,-1.47
23.782,8.82,-1.58,5.58,-1.47,5.61,-1.47
23.797,8.83,-1.5,5.61,-1.48,5.65,-1.48
23.811,8.84,-1.53,5.65,-1.48,5.68,-1.48
23.826,8.83,-1.56,5.68,-1.48,5.71,-1.48
23.841,8.82,-1.54,5.72,-1.48,5.75,-1.48
23.855,8.84,-1.54,5.75,-1.48,5.78,-1.48
23.869,8.82,-1.5,5.78,-1.48,5.81,-1.48
23.884,8.76,-1.54,5.82,-1.48,5.85,-1.48
23.898,8.76,-1.59,5.85,-1.48,5.88,-1.48
23.913,8.77,-1.54,5.88,-1.48,5.91,-1.48
23.927,8.74,-1.53,5.91,-1.48,5.94,-1.48
23.941,8.79,-1.6,5.94,-1.48,5.97,-1.48
23.955,8.8,-1.56,5.97,-1.48,6.0,-1.48
23.969,8.79,-1.54,6.0,-1.48,6.03,-1.48
23.983,8.79,-1.54,6.03,-1.48,6.06,-1.48
23.997,8.81,-1.55,6.06,-1.48,6.09,-1.48
24.011,8.82,-1.55,6.09,-1.48,6.12,-1.48
24.026,8.86,-1.57,6.12,-1.48,6.15,-1.48
24.04,8.84,-1.54,6.15,-1.48,6.17,-1.48
24.054,8.81,-1.55,6.17,-1.48,6.2,-1.49
24.068,8.81,-1.56,6.2,-1.49,6.23,-1.49
24.082,8.78,-1.55,6.23,-1.49,6.26,-1.49
24.097,8.75,-1.54,6.26,-1.49,6.29,-1.49
24.111,8.83,-1.53,6.29,-1.49,6.31,-1.49
24.125,8.89,-1.51,6.31,-1.49,6.34,-1.49
24.139,8.84,-1.51,6.34,-1.49,6.37,-1.49
24.153,8.81,-1.52,6.37,-1.49,6.39,-1.49
24.167,8.82,-1.54,6.39,-1.49,6.42,-1.49
24.181,8.79,-1.56,6.42,-1.49,6.44,-1.49
24.196,8.86,-1.55,6.44,-1.49,6.47,-1.49
24.21,8.87,-1.54,6.47,-1.49,6.49,-1.49
24.224,8.84,-1.58,6.5,-1.49,6.52,-1.49
24.238,8.79,-1.61,6.52,-1.49,6.55,-1.49
24.252,8.83,-1.57,6.55,-1.49,6.57,-1.49
24.266,8.86,-1.55,6.57,-1.49,6.6,-1.49
24.28,8.83,-1.51,6.6,-1.49,6.62,-1.49
24.294,8.84,-1.52,6.62,-1.49,6.64,-1.49
24.309,8.9,-1.6,6.64,-1.49,6.67,-1.49
24.323,8.88,-1.63,6.67,-1.49,6.69,-1.49
24.337,8.81,-1.51,6.69,-1.49,6.72,-1.49
24.351,8.82,-1.48,6.72,-1.49,6.74,-1.49
24.365,8.88,-1.49,6.74,-1.49,6.76,-1.49
24.383,8.88,-1.6,6.76,-1.49,6.79,-1.49
24.397,8.79,-1.59,6.79,-1.49,6.81,-1.49
24.411,8.82,-1.56,6.81,-1.49,6.83,-1.49
24.426,8.86,-1.55,6.83,-1.49,6.85,-1.5
24.44,8.85,-1.58,6.85,-1.5,6.87,-1.5
24.454,8.84,-1.6,6.88,-1.5,6.89,-1.5
24.469,8.82,-1.61,6.9,-1.5,6.92,-1.5
24.483,8.83,-1.59,6.92,-1.5,6.94,-1.5
24.497,8.84,-1.59,6.94,-1.5,6.96,-1.5
24.511,8.83,-1.6,6.96,-1.5,6.98,-1.5
24.526,8.82,-1.55,6.98,-1.5,7.0,-1.5
24.54,8.83,-1.54,7.0,-1.5,7.02,-1.5
24.554,8.8,-1.57,7.02,-1.5,7.04,-1.5
24.568,8.82,-1.56,7.04,-1.5,7.06,-1.5
24.582,8.85,-1.54,7.06,-1.5,7.08,-1.5
24.597,8.82,-1.55,7.08,-1.5,7.1,-1.5
24.611,8.86,-1.55,7.1,-1.5,7.12,-1.5
24.625,8.86,-1.53,7.12,-1.5,7.14,-1.5
24.639,8.87,-1.55,7.14,-1.5,7.16,-1.5
24.653,8.83,-1.53,7.16,-1.5,7.18,-1.5
24.667,8.81,-1.52,7.18,-1.5,7.19,-1.5
24.682,8.8,-1.55,7.2,-1.5,7.21,-1.5
24.696,8.81,-1.58,7.21,-1.5,7.23,-1.5
24.711,8.77,-1.57,7.23,-1.5,7.25,-1.5
24.725,8.81,-1.54,7.25,-1.5,7.26,-1.5
24.739,8.82,-1.53,7.27,-1.5,7.28,-1.5
24.753,8.76,-1.47,7.28,-1.5,7.3,-1.5
24.767,8.73,-1.51,7.3,-1.5,7.32,-1.5
24.782,8.8,-1.61,7.32,-1.5,7.33,-1.5
24.796,8.87,-1.63,7.34,-1.5,7.35,-1.5
24.81,8.91,-1.63,7.35,-1.5,7.37,-1.51
24.824,8.88,-1.55,7.37,-1.51,7.39,-1.51
24.838,8.87,-1.48,7.39,-1.5,7.4,-1.5
24.853,8.77,-1.5,7.41,-1.5,7.42,-1.5
24.867,8.78,-1.56,7.42,-1.5,7.43,-1.5
24.881,8.88,-1.64,7.43,-1.5,7.45,-1.51
24.895,8.9,-1.62,7.45,-1.5,7.46,-1.51
24.91,8.92,-1.57,7.47,-1.5,7.48,-1.51
24.924,8.8,-1.5,7.48,-1.5,7.5,-1.5
24.938,8.74,-1.48,7.5,-1.5,7.51,-1.5
24.953,8.72,-1.52,7.51,-1.5,7.53,-1.5
24.967,8.77,-1.58,7.53,-1.51,7.54,-1.51
24.981,8.88,-1.6,7.54,-1.51,7.56,-1.51
24.995,8.89,-1.56,7.56,-1.51,7.57,-1.51
25.01,8.81,-1.55,7.57,-1.51,7.58,-1.51
25.024,8.79,-1.56,7.59,-1.51,7.6,-1.51
25.04,8.77,-1.54,7.6,-1.51,7.61,-1.51
25.054,8.81,-1.52,7.61,-1.51,7.63,-1.51
25.068,8.84,-1.5,7.63,-1.51,7.64,-1.51
25.082,8.93,-1.48,7.64,-1.51,7.66,-1.51
25.096,8.87,-1.53,7.66,-1.51,7.67,-1.51
25.111,8.77,-1.53,7.67,-1.51,7.68,-1.51
25.125,8.79,-1.5,7.68,-1.51,7.69,-1.51
25.139,8.83,-1.54,7.7,-1.51,7.71,-1.51
25.154,8.83,-1.6,7.71,-1.51,7.72,-1.51
25.168,8.86,-1.63,7.72,-1.51,7.73,-1.51
25.182,8.87,-1.56,7.74,-1.51,7.75,-1.51
25.196,8.9,-1.49,7.75,-1.51,7.76,-1.51
25.21,8.74,-1.54,7.76,-1.51,7.77,-1.51
25.224,8.65,-1.61,7.78,-1.51,7.78,-1.51
25.239,8.99,-1.57,7.79,-1.51,7.8,-1.51
25.253,8.95,-1.6,7.8,-1.51,7.81,-1.51
25.267,8.8,-1.55,7.81,-1.51,7.82,-1.51
25.281,8.86,-1.53,7.83,-1.51,7.84,-1.51
25.295,8.84,-1.53,7.84,-1.51,7.85,-1.51
25.309,8.77,-1.57,7.85,-1.51,7.86,-1.51
25.324,8.76,-1.64,7.86,-1.51,7.87,-1.51
25.338,8.94,-1.59,7.87,-1.51,7.88,-1.52
25.352,8.93,-1.52,7.88,-1.52,7.89,-1.52
25.367,8.82,-1.45,7.9,-1.51,7.91,-1.51
25.381,8.81,-1.46,7.91,-1.51,7.92,-1.51
25.395,8.82,-1.65,7.92,-1.51,7.93,-1.51
25.41,8.8,-1.72,7.93,-1.51,7.94,-1.52
25.424,8.79,-1.68,7.94,-1.52,7.95,-1.52
25.438,8.87,-1.43,7.95,-1.52,7.96,-1.52
25.452,8.88,-1.38,7.96,-1.52,7.97,-1.52
25.466,8.78,-1.59,7.97,-1.52,7.98,-1.52
25.481,8.78,-1.68,7.98,-1.52,7.99,-1.52
25.495,8.87,-1.62,7.99,-1.52,8.0,-1.52
25.509,8.86,-1.56,8.0,-1.52,8.01,-1.52
25.523,8.95,-1.43,8.02,-1.52,8.02,-1.52
25.537,8.86,-1.47,8.03,-1.52,8.04,-1.52
25.552,8.76,-1.56,8.04,-1.52,8.05,-1.52
25.566,8.84,-1.63,8.05,-1.52,8.06,-1.52
25.58,8.88,-1.58,8.06,-1.52,8.07,-1.52
25.594,8.89,-1.47,8.07,-1.52,8.08,-1.52
25.608,8.86,-1.49,8.08,-1.52,8.08,-1.52
25.622,8.83,-1.64,8.09,-1.52,8.09,-1.53
25.637,8.76,-1.7,8.1,-1.53,8.1,-1.53
25.651,8.76,-1.66,8.11,-1.53,8.11,-1.53
25.665,8.89,-1.48,8.11,-1.53,8.12,-1.53
25.68,8.92,-1.44,8.12,-1.53,8.13,-1.53
25.694,8.78,-1.57,8.13,-1.53,8.14,-1.53
25.708,8.75,-1.66,8.14,-1.53,8.14,-1.53
25.722,8.77,-1.66,8.15,-1.53,8.15,-1.53
25.736,8.83,-1.58,8.15,-1.53,8.16,-1.53
25.75,8.85,-1.46,8.16,-1.53,8.17,-1.53
25.765,8.85,-1.44,8.17,-1.53,8.18,-1.53
25.779,8.83,-1.46,8.18,-1.53,8.19,-1.53
25.794,8.78,-1.66,8.19,-1.53,8.19,-1.53
25.808,8.79,-1.68,8.2,-1.53,8.2,-1.53
25.822,8.87,-1.52,8.2,-1.53,8.21,-1.53
25.837,8.86,-1.43,8.21,-1.53,8.22,-1.53
25.851,8.82,-1.39,8.22,-1.53,8.23,-1.53
25.865,8.86,-1.46,8.23,-1.53,8.24,-1.53
25.879,8.8,-1.73,8.24,-1.53,8.24,-1.53
25.893,8.74,-1.7,8.25,-1.53,8.25,-1.53
25.907,8.74,-1.59,8.25,-1.53,8.26,-1.54
25.921,8.8,-1.45,8.26,-1.54,8.27,-1.54
25.935,8.81,-1.43,8.27,-1.54,8.27,-1.53
25.95,8.83,-1.56,8.28,-1.53,8.28,-1.53
25.964,8.87,-1.64,8.29,-1.53,8.29,-1.54
25.978,8.85,-1.68,8.29,-1.54,8.3,-1.54
25.992,8.78,-1.58,8.3,-1.54,8.31,-1.54
26.01,8.84,-1.42,8.31,-1.54,8.31,-1.54
26.024,8.89,-1.44,8.32,-1.54,8.32,-1.54
26.038,8.87,-1.58,8.33,-1.54,8.33,-1.54
26.052,8.84,-1.65,8.33,-1.54,8.34,-1.54
26.066,8.84,-1.66,8.34,-1.54,8.34,-1.54
26.08,8.87,-1.53,8.34,-1.54,8.35,-1.54
26.094,8.86,-1.43,8.35,-1.54,8.36,-1.54
26.108,8.8,-1.46,8.36,-1.54,8.36,-1.54
26.122,8.84,-1.5,8.37,-1.54,8.37,-1.54
26.137,8.8,-1.66,8.37,-1.54,8.38,-1.54
26.151,8.8,-1.65,8.38,-1.54,8.38,-1.54
26.166,8.77,-1.51,8.39,-1.54,8.39,-1.54
26.18,8.79,-1.47,8.39,-1.54,8.4,-1.54
26.194,8.83,-1.46,8.4,-1.54,8.4,-1.54
26.208,8.87,-1.55,8.4,-1.54,8.41,-1.54
26.222,8.85,-1.68,8.41,-1.54,8.41,-1.54
26.238,8.85,-1.7,8.41,-1.54,8.42,-1.54
26.252,8.88,-1.59,8.42,-1.55,8.42,-1.55
26.266,8.86,-1.41,8.43,-1.55,8.43,-1.55
26.281,8.85,-1.42,8.43,-1.54,8.44,-1.54
26.295,8.87,-1.64,8.44,-1.54,8.44,-1.54
26.309,8.83,-1.73,8.45,-1.54,8.45,-1.54
26.323,8.79,-1.77,8.45,-1.54,8.46,-1.55
26.337,8.76,-1.55,8.46,-1.55,8.46,-1.55
26.351,8.8,-1.43,8.46,-1.55,8.47,-1.55
26.365,8.82,-1.41,8.47,-1.55,8.47,-1.54
26.379,8.81,-1.52,8.47,-1.54,8.48,-1.54
26.394,8.86,-1.65,8.48,-1.54,8.48,-1.54
26.408,8.85,-1.61,8.48,-1.54,8.49,-1.55
26.422,8.82,-1.59,8.49,-1.55,8.49,-1.55
26.436,8.88,-1.48,8.49,-1.55,8.5,-1.54
26.45,8.93,-1.45,8.5,-1.54,8.5,-1.54
26.465,8.85,-1.55,8.5,-1.54,8.51,-1.54
26.479,8.78,-1.61,8.51,-1.54,8.51,-1.54
26.493,8.8,-1.58,8.52,-1.54,8.52,-1.55
26.507,8.84,-1.53,8.52,-1.55,8.52,-1.54
26.521,8.82,-1.53,8.52,-1.54,8.53,-1.54
26.536,8.82,-1.48,8.53,-1.54,8.53,-1.54
26.55,8.82,-1.52,8.53,-1.54,8.54,-1.54
26.564,8.75,-1.69,8.54,-1.54,8.54,-1.55
26.578,8.73,-1.71,8.54,-1.55,8.55,-1.55
26.593,8.79,-1.52,8.55,-1.55,8.55,-1.55
26.606,8.82,-1.48,8.55,-1.55,8.55,-1.55
26.62,8.86,-1.53,8.56,-1.55,8.56,-1.55
26.635,8.82,-1.53,8.56,-1.55,8.56,-1.55
26.649,8.79,-1.55,8.57,-1.55,8.57,-1.55
26.663,8.77,-1.64,8.57,-1.55,8.57,-1.55
26.68,8.8,-1.6,8.57,-1.55,8.58,-1.55
26.694,8.82,-1.44,8.58,-1.55,8.58,-1.55
26.708,8.85,-1.45,8.58,-1.55,8.59,-1.55
26.722,8.83,-1.57,8.59,-1.55,8.59,-1.55
26.736,8.77,-1.62,8.59,-1.55,8.6,-1.55
26.751,8.81,-1.57,8.6,-1.55,8.6,-1.55
26.765,8.83,-1.54,8.6,-1.55,8.6,-1.55
26.779,8.86,-1.51,8.61,-1.55,8.61,-1.55
26.793,8.91,-1.55,8.61,-1.55,8.61,-1.55
26.807,8.91,-1.55,8.62,-1.55,8.62,-1.55
26.821,8.78,-1.59,8.62,-1.55,8.62,-1.55
26.835,8.82,-1.58,8.63,-1.55,8.63,-1.55
26.849,8.87,-1.47,8.63,-1.55,8.63,-1.55
26.864,8.85,-1.48,8.63,-1.55,8.64,-1.55
26.878,8.83,-1.52,8.64,-1.55,8.64,-1.55
26.892,8.84,-1.57,8.64,-1.55,8.65,-1.55
26.906,8.85,-1.62,8.65,-1.55,8.65,-1.55
26.92,8.85,-1.6,8.65,-1.55,8.65,-1.55
26.934,8.81,-1.55,8.65,-1.55,8.66,-1.55
26.948,8.8,-1.48,8.66,-1.55,8.66,-1.55
26.962,8.85,-1.49,8.66,-1.55,8.66,-1.55
26.976,8.91,-1.52,8.66,-1.55,8.67,-1.55
26.99,8.86,-1.62,8.67,-1.55,8.67,-1.55
27.004,8.87,-1.67,8.67,-1.55,8.67,-1.55
27.018,8.9,-1.61,8.68,-1.55,8.68,-1.55
27.033,8.88,-1.5,8.68,-1.55,8.68,-1.55
27.047,8.86,-1.5,8.68,-1.55,8.69,-1.55
27.061,8.85,-1.57,8.69,-1.55,8.69,-1.55
27.075,8.85,-1.61,8.69,-1.55,8.69,-1.55
27.089,8.76,-1.64,8.69,-1.55,8.69,-1.55
27.103,8.8,-1.59,8.7,-1.55,8.7,-1.55
27.117,8.88,-1.54,8.7,-1.55,8.7,-1.55
27.132,8.86,-1.48,8.7,-1.55,8.7,-1.55
27.146,8.8,-1.52,8.71,-1.55,8.71,-1.55
27.16,8.82,-1.59,8.71,-1.55,8.71,-1.55
27.174,8.82,-1.58,8.71,-1.55,8.71,-1.55
27.188,8.81,-1.53,8.72,-1.55,8.72,-1.55
27.202,8.88,-1.55,8.72,-1.55,8.72,-1.55
27.216,8.87,-1.48,8.72,-1.55,8.72,-1.55
27.231,8.84,-1.5,8.73,-1.55,8.73,-1.55
27.245,8.8,-1.59,8.73,-1.55,8.73,-1.55
27.259,8.78,-1.63,8.73,-1.55,8.73,-1.55
27.273,8.79,-1.6,8.73,-1.55,8.73,-1.55
27.287,8.86,-1.51,8.74,-1.55,8.74,-1.55
27.301,8.8,-1.53,8.74,-1.55,8.74,-1.55
27.315,8.77,-1.53,8.74,-1.55,8.74,-1.55
27.329,8.83,-1.53,8.74,-1.55,8.75,-1.55
27.343,8.81,-1.56,8.75,-1.55,8.75,-1.55
27.358,8.8,-1.56,8.75,-1.56,8.75,-1.56
27.372,8.87,-1.51,8.75,-1.56,8.75,-1.55
27.386,8.89,-1.48,8.75,-1.55,8.76,-1.55
27.4,8.88,-1.51,8.76,-1.55,8.76,-1.55
27.414,8.77,-1.62,8.76,-1.55,8.76,-1.55
27.429,8.81,-1.62,8.76,-1.55,8.76,-1.55
27.443,8.81,-1.56,8.76,-1.56,8.76,-1.56
27.458,8.8,-1.51,8.77,-1.56,8.77,-1.55
27.472,8.86,-1.48,8.77,-1.55,8.77,-1.55
27.486,8.87,-1.53,8.77,-1.55,8.77,-1.55
27.5,8.87,-1.56,8.77,-1.55,8.78,-1.55
27.514,8.84,-1.54,8.78,-1.55,8.78,-1.55
27.528,8.82,-1.53,8.78,-1.55,8.78,-1.55
27.542,8.81,-1.5,8.78,-1.55,8.79,-1.55
27.556,8.81,-1.52,8.79,-1.55,8.79,-1.55
27.571,8.77,-1.55,8.79,-1.55,8.79,-1.55
27.585,8.76,-1.56,8.79,-1.55,8.79,-1.55
27.599,8.8,-1.6,8.8,-1.55,8.8,-1.55
27.613,8.8,-1.57,8.8,-1.55,8.8,-1.55
27.63,8.79,-1.54,8.8,-1.55,8.8,-1.55
27.644,8.8,-1.52,8.8,-1.56,8.8,-1.56
27.658,8.81,-1.51,8.81,-1.56,8.81,-1.56
27.673,8.84,-1.6,8.81,-1.56,8.81,-1.56
27.687,8.84,-1.6,8.81,-1.56,8.81,-1.56
27.701,8.81,-1.58,8.81,-1.56,8.81,-1.56
27.715,8.77,-1.57,8.82,-1.56,8.82,-1.56
27.729,8.8,-1.53,8.82,-1.56,8.82,-1.56
27.743,8.82,-1.53,8.82,-1.56,8.82,-1.56
27.757,8.83,-1.56,8.82,-1.56,8.82,-1.56
27.772,8.81,-1.59,8.82,-1.56,8.82,-1.56
27.789,8.84,-1.54,8.83,-1.56,8.83,-1.56
27.803,8.83,-1.49,8.83,-1.56,8.83,-1.56
27.817,8.83,-1.48,8.83,-1.56,8.83,-1.55
27.831,8.86,-1.57,8.83,-1.55,8.83,-1.55
27.845,8.89,-1.58,8.83,-1.56,8.83,-1.56
27.859,8.86,-1.52,8.84,-1.56,8.84,-1.56
27.873,8.84,-1.48,8.84,-1.55,8.84,-1.55
27.887,8.76,-1.5,8.84,-1.55,8.84,-1.55
27.901,8.77,-1.51,8.84,-1.55,8.84,-1.55
27.915,8.79,-1.56,8.85,-1.55,8.84,-1.55
27.93,8.85,-1.6,8.85,-1.55,8.85,-1.55
27.944,8.85,-1.56,8.85,-1.55,8.85,-1.55
27.958,8.79,-1.5,8.85,-1.55,8.85,-1.55
27.972,8.8,-1.5,8.85,-1.55,8.85,-1.55
27.986,8.79,-1.54,8.85,-1.55,8.85,-1.55
28.001,8.8,-1.57,8.85,-1.55,8.85,-1.55
28.015,8.88,-1.62,8.85,-1.55,8.85,-1.55
28.029,8.9,-1.63,8.86,-1.55,8.86,-1.55
28.043,8.9,-1.6,8.86,-1.56,8.86,-1.56
28.058,8.79,-1.48,8.87,-1.56,8.86,-1.55
28.072,8.87,-1.45,8.87,-1.55,8.87,-1.55
28.086,8.84,-1.57,8.87,-1.55,8.87,-1.55
28.103,8.81,-1.62,8.87,-1.55,8.87,-1.55
28.117,8.9,-1.62,8.87,-1.55,8.87,-1.55
28.131,8.87,-1.59,8.87,-1.55,8.87,-1.55
28.146,8.8,-1.49,8.88,-1.55,8.87,-1.55
28.16,8.79,-1.5,8.88,-1.55,8.88,-1.55
28.174,8.82,-1.61,8.88,-1.55,8.88,-1.55
28.188,8.84,-1.64,8.88,-1.55,8.88,-1.55
28.202,8.88,-1.64,8.88,-1.55,8.88,-1.55
28.216,8.88,-1.53,8.88,-1.55,8.88,-1.55
28.231,8.82,-1.51,8.88,-1.55,8.88,-1.55
28.245,8.8,-1.54,8.89,-1.55,8.88,-1.55
28.259,8.83,-1.59,8.89,-1.55,8.89,-1.55
28.273,8.85,-1.62,8.89,-1.55,8.89,-1.55
28.287,8.84,-1.63,8.89,-1.55,8.89,-1.55
28.301,8.85,-1.57,8.89,-1.56,8.89,-1.56
28.315,8.89,-1.5,8.89,-1.56,8.89,-1.56
28.329,8.85,-1.55,8.9,-1.56,8.9,-1.56
28.343,8.79,-1.61,8.9,-1.55,8.9,-1.56
28.358,8.8,-1.57,8.9,-1.56,8.9,-1.56
28.372,8.82,-1.53,8.9,-1.56,8.9,-1.56
28.386,8.85,-1.54,8.9,-1.55,8.9,-1.55
28.4,8.86,-1.54,8.9,-1.55,8.9,-1.55
28.414,8.9,-1.53,8.9,-1.55,8.9,-1.55
28.428,8.88,-1.53,8.91,-1.55,8.91,-1.55
28.442,8.83,-1.54,8.91,-1.55,8.91,-1.55
28.456,8.86,-1.51,8.91,-1.55,8.91,-1.55
28.47,8.89,-1.55,8.91,-1.55,8.91,-1.55
28.484,8.87,-1.52,8.91,-1.55,8.91,-1.55
28.498,8.86,-1.49,8.91,-1.55,8.91,-1.55
28.513,8.83,-1.54,8.91,-1.55,8.91,-1.55
28.527,8.84,-1.59,8.92,-1.55,8.92,-1.55
28.541,8.83,-1.57,8.92,-1.55,8.92,-1.55
28.555,8.82,-1.54,8.92,-1.55,8.92,-1.55
28.569,8.83,-1.56,8.92,-1.55,8.92,-1.55
28.583,8.87,-1.51,8.92,-1.55,8.92,-1.55
28.598,8.89,-1.5,8.92,-1.55,8.92,-1.55
28.612,8.86,-1.58,8.92,-1.55,8.92,-1.55
28.626,8.87,-1.6,8.92,-1.55,8.92,-1.55
28.64,8.91,-1.55,8.93,-1.55,8.92,-1.55
28.654,8.89,-1.5,8.93,-1.55,8.93,-1.55
28.669,8.82,-1.5,8.93,-1.55,8.93,-1.55
28.683,8.81,-1.56,8.93,-1.55,8.93,-1.55
28.697,8.79,-1.57,8.93,-1.55,8.93,-1.55
28.711,8.9,-1.56,8.93,-1.55,8.93,-1.55
28.725,8.88,-1.56,8.93,-1.55,8.93,-1.55
28.739,8.8,-1.53,8.93,-1.55,8.93,-1.55
28.753,8.88,-1.54,8.93,-1.55,8.93,-1.55
28.768,8.84,-1.49,8.94,-1.55,8.94,-1.54
28.782,8.8,-1.5,8.94,-1.54,8.94,-1.54
28.796,8.83,-1.52,8.94,-1.54,8.94,-1.54
28.81,8.93,-1.56,8.94,-1.54,8.94,-1.54
28.824,8.91,-1.54,8.94,-1.54,8.94,-1.54
28.838,8.83,-1.5,8.94,-1.54,8.94,-1.54
28.852,8.85,-1.51,8.95,-1.54,8.94,-1.54
28.867,8.89,-1.55,8.95,-1.54,8.95,-1.54
28.881,8.88,-1.55,8.95,-1.54,8.95,-1.54
28.895,8.86,-1.53,8.95,-1.54,8.95,-1.54
28.909,8.81,-1.55,8.95,-1.54,8.95,-1.54
28.923,8.83,-1.57,8.95,-1.54,8.95,-1.54
28.937,8.83,-1.52,8.95,-1.54,8.95,-1.54
28.951,8.8,-1.51,8.95,-1.54,8.95,-1.54
28.966,8.84,-1.55,8.95,-1.54,8.95,-1.54
28.98,8.86,-1.53,8.96,-1.54,8.95,-1.54
28.994,8.94,-1.54,8.96,-1.54,8.96,-1.54
29.008,8.9,-1.59,8.96,-1.54,8.96,-1.54
29.022,8.8,-1.57,8.96,-1.54,8.96,-1.54
29.036,8.8,-1.49,8.96,-1.54,8.96,-1.54
29.05,8.84,-1.47,8.96,-1.54,8.96,-1.54
29.064,8.8,-1.5,8.96,-1.54,8.96,-1.54
29.078,8.8,-1.51,8.96,-1.54,8.96,-1.54
29.092,8.81,-1.5,8.96,-1.54,8.96,-1.54
29.107,8.8,-1.59,8.96,-1.54,8.96,-1.54
29.121,8.79,-1.58,8.96,-1.54,8.96,-1.54
29.135,8.8,-1.51,8.96,-1.54,8.96,-1.54
29.149,8.8,-1.54,8.96,-1.54,8.96,-1.54
29.163,8.81,-1.57,8.97,-1.54,8.96,-1.54
29.177,8.83,-1.59,8.97,-1.54,8.97,-1.54
29.192,8.85,-1.56,8.97,-1.54,8.97,-1.54
29.206,8.83,-1.58,8.97,-1.54,8.97,-1.54
29.22,8.83,-1.58,8.97,-1.54,8.97,-1.54
29.234,8.84,-1.5,8.97,-1.54,8.97,-1.54
29.25,8.84,-1.47,8.97,-1.54,8.97,-1.54
29.265,8.83,-1.53,8.97,-1.54,8.97,-1.54
29.279,8.81,-1.54,8.97,-1.54,8.97,-1.54
29.293,8.77,-1.57,8.97,-1.54,8.97,-1.54
29.308,8.8,-1.56,8.97,-1.54,8.97,-1.54
29.322,8.89,-1.53,8.97,-1.54,8.97,-1.54
29.336,8.88,-1.53,8.97,-1.54,8.97,-1.54
29.35,8.85,-1.53,8.97,-1.54,8.97,-1.54
29.364,8.85,-1.5,8.98,-1.54,8.97,-1.54
29.378,8.82,-1.48,8.98,-1.54,8.97,-1.54
29.392,8.83,-1.58,8.98,-1.54,8.97,-1.54
29.407,8.79,-1.57,8.98,-1.54,8.98,-1.54
29.421,8.85,-1.52,8.98,-1.54,8.98,-1.54
29.435,8.91,-1.5,8.98,-1.54,8.98,-1.54
29.449,8.81,-1.52,8.98,-1.54,8.98,-1.54
29.463,8.79,-1.52,8.98,-1.54,8.98,-1.54
29.477,8.8,-1.54,8.98,-1.54,8.98,-1.54
29.492,8.82,-1.53,8.98,-1.54,8.98,-1.54
29.506,8.82,-1.54,8.98,-1.54,8.98,-1.54
29.52,8.8,-1.5,8.98,-1.53,8.98,-1.53
29.534,8.78,-1.53,8.98,-1.53,8.98,-1.53
29.548,8.79,-1.57,8.98,-1.53,8.98,-1.53
29.562,8.79,-1.51,8.98,-1.53,8.98,-1.53
29.576,8.79,-1.45,8.98,-1.53,8.98,-1.53
29.59,8.86,-1.53,8.98,-1.53,8.98,-1.53
29.605,8.89,-1.55,8.98,-1.53,8.98,-1.53
29.619,8.86,-1.51,8.99,-1.53,8.98,-1.53
29.633,8.85,-1.47,8.99,-1.53,8.99,-1.53
29.647,8.75,-1.54,8.99,-1.53,8.99,-1.53
29.661,8.78,-1.54,8.99,-1.53,8.98,-1.53
29.675,8.87,-1.52,8.99,-1.53,8.99,-1.53
29.689,8.89,-1.59,8.99,-1.53,8.99,-1.53
29.703,8.9,-1.57,8.99,-1.53,8.99,-1.53
29.717,8.86,-1.52,8.99,-1.53,8.99,-1.53
29.731,8.84,-1.52,8.99,-1.53,8.99,-1.53
29.746,8.78,-1.55,8.99,-1.53,8.99,-1.53
29.76,8.76,-1.55,8.99,-1.53,8.99,-1.53
29.774,8.76,-1.55,8.99,-1.53,8.99,-1.53
29.788,8.86,-1.6,8.99,-1.53,8.99,-1.53
29.802,8.84,-1.58,8.99,-1.53,8.99,-1.53
29.817,8.77,-1.49,8.99,-1.53,8.99,-1.53
29.831,8.79,-1.48,8.99,-1.53,8.99,-1.53
29.845,8.88,-1.56,8.99,-1.53,8.99,-1.53
29.859,8.86,-1.56,8.99,-1.53,8.99,-1.53
29.873,8.82,-1.55,8.99,-1.53,8.99,-1.53
29.888,8.85,-1.55,8.99,-1.53,8.99,-1.53
29.902,8.89,-1.59,9.0,-1.53,8.99,-1.53
29.916,8.84,-1.53,9.0,-1.53,9.0,-1.53
29.93,8.84,-1.51,9.0,-1.53,9.0,-1.53
29.944,8.79,-1.52,9.0,-1.54,9.0,-1.53
29.958,8.79,-1.59,9.0,-1.53,9.0,-1.53
29.973,8.83,-1.63,9.0,-1.53,9.0,-1.53
29.987,8.81,-1.62,9.0,-1.53,9.0,-1.53
30.001,8.78,-1.58,9.0,-1.53,9.0,-1.53
30.015,8.79,-1.59,9.0,-1.53,9.0,-1.53
30.029,8.81,-1.58,9.0,-1.53,9.0,-1.54
30.043,8.87,-1.58,9.0,-1.54,9.0,-1.54
30.057,8.9,-1.58,9.0,-1.53,9.0,-1.54
30.071,8.89,-1.57,9.0,-1.54,9.0,-1.54
30.085,8.82,-1.59,9.0,-1.54,9.0,-1.54
30.1,8.79,-1.57,9.0,-1.54,9.0,-1.54
30.114,8.83,-1.55,9.0,-1.54,9.0,-1.54
30.128,8.88,-1.55,9.0,-1.54,9.0,-1.54
30.142,8.83,-1.53,9.0,-1.54,9.0,-1.54
30.156,8.82,-1.57,9.0,-1.53,9.0,-1.54
30.17,8.83,-1.6,9.0,-1.53,9.0,-1.53
30.184,8.83,-1.54,9.0,-1.53,9.0,-1.53
30.198,8.84,-1.55,9.0,-1.53,9.0,-1.54
30.213,8.85,-1.56,9.0,-1.54,9.0,-1.54
30.227,8.83,-1.57,9.0,-1.54,9.0,-1.54
30.241,8.77,-1.56,9.0,-1.54,9.0,-1.54
30.255,8.81,-1.52,9.0,-1.54,9.0,-1.54
30.27,8.85,-1.55,9.0,-1.54,9.0,-1.54
30.284,8.81,-1.58,9.0,-1.54,9.0,-1.54
30.298,8.8,-1.56,9.0,-1.54,9.0,-1.54
30.312,8.83,-1.57,9.0,-1.54,9.0,-1.54
30.326,8.88,-1.55,9.01,-1.54,9.0,-1.54
30.34,8.83,-1.53,9.01,-1.54,9.01,-1.54
30.357,8.78,-1.55,9.01,-1.54,9.01,-1.54
30.371,8.79,-1.55,9.01,-1.54,9.01,-1.54
30.385,8.81,-1.6,9.01,-1.54,9.01,-1.54
30.399,8.78,-1.55,9.01,-1.54,9.01,-1.54
30.414,8.79,-1.51,9.01,-1.54,9.01,-1.54
30.429,8.86,-1.53,9.01,-1.54,9.01,-1.54
30.443,8.82,-1.55,9.01,-1.54,9.01,-1.54
30.457,8.79,-1.54,9.01,-1.54,9.01,-1.54
30.472,8.85,-1.57,9.01,-1.54,9.01,-1.54
30.486,8.91,-1.6,9.01,-1.54,9.01,-1.54
30.501,8.88,-1.62,9.01,-1.54,9.01,-1.54
30.515,8.83,-1.59,9.01,-1.54,9.01,-1.54
30.529,8.81,-1.52,9.01,-1.54,9.01,-1.54
30.543,8.81,-1.49,9.01,-1.54,9.01,-1.54
30.557,8.82,-1.53,9.01,-1.54,9.01,-1.54
30.571,8.83,-1.57,9.01,-1.54,9.01,-1.54
30.585,8.82,-1.61,9.01,-1.54,9.01,-1.54
30.599,8.83,-1.56,9.01,-1.54,9.01,-1.54
30.614,8.82,-1.51,9.02,-1.54,9.01,-1.54
30.628,8.85,-1.56,9.02,-1.54,9.01,-1.54
30.642,8.84,-1.56,9.02,-1.54,9.01,-1.54
30.656,8.84,-1.56,9.02,-1.54,9.02,-1.54
30.67,8.84,-1.6,9.02,-1.54,9.01,-1.54
30.684,8.82,-1.62,9.01,-1.54,9.01,-1.54
30.699,8.78,-1.61,9.01,-1.54,9.01,-1.54
30.713,8.78,-1.59,9.01,-1.54,9.01,-1.54
30.727,8.8,-1.49,9.01,-1.54,9.01,-1.54
30.741,8.78,-1.52,9.01,-1.54,9.01,-1.54
30.755,8.82,-1.53,9.01,-1.54,9.01,-1.54
30.769,8.9,-1.53,9.01,-1.54,9.01,-1.54
30.784,8.87,-1.57,9.01,-1.54,9.01,-1.54
30.798,8.83,-1.58,9.01,-1.54,9.01,-1.54
30.812,8.81,-1.59,9.01,-1.54,9.01,-1.54
30.826,8.84,-1.59,9.01,-1.54,9.01,-1.54
30.84,8.85,-1.6,9.01,-1.54,9.01,-1.54
30.854,8.88,-1.57,9.01,-1.54,9.01,-1.54
30.869,8.87,-1.56,9.01,-1.54,9.01,-1.54
30.887,8.85,-1.52,9.01,-1.54,9.01,-1.54
30.901,8.8,-1.53,9.01,-1.54,9.01,-1.54
30.916,8.8,-1.54,9.01,-1.54,9.01,-1.54
30.93,8.84,-1.56,9.01,-1.54,9.01,-1.54
30.944,8.79,-1.57,9.01,-1.54,9.01,-1.54
30.958,8.76,-1.52,9.01,-1.54,9.01,-1.54
30.973,8.82,-1.55,9.01,-1.54,9.01,-1.54
30.987,8.85,-1.58,9.01,-1.54,9.01,-1.54
31.001,8.86,-1.61,9.01,-1.54,9.01,-1.54
31.015,8.82,-1.63,9.01,-1.54,9.01,-1.54
31.029,8.85,-1.58,9.01,-1.54,9.01,-1.54
31.044,8.84,-1.53,9.01,-1.54,9.01,-1.54
31.058,8.87,-1.55,9.01,-1.54,9.01,-1.54
31.072,8.84,-1.57,9.01,-1.54,9.01,-1.54
31.086,8.79,-1.57,9.01,-1.54,9.01,-1.54
31.1,8.82,-1.52,9.01,-1.54,9.01,-1.54
31.114,8.88,-1.51,9.01,-1.54,9.01,-1.54
31.128,8.85,-1.49,9.01,-1.54,9.01,-1.54
31.143,8.78,-1.54,9.02,-1.54,9.01,-1.54
31.157,8.83,-1.56,9.01,-1.54,9.01,-1.54
31.171,8.94,-1.54,9.01,-1.54,9.01,-1.54
31.185,8.89,-1.55,9.02,-1.54,9.01,-1.54
31.199,8.77,-1.53,9.02,-1.54,9.01,-1.54
31.214,8.82,-1.6,9.02,-1.54,9.01,-1.54
31.228,8.86,-1.62,9.02,-1.54,9.01,-1.54
31.242,8.8,-1.51,9.02,-1.54,9.01,-1.54
31.256,8.77,-1.54,9.02,-1.54,9.01,-1.54
31.27,8.8,-1.69,9.02,-1.54,9.01,-1.54
31.284,8.81,-1.63,9.02,-1.54,9.01,-1.54
31.298,8.86,-1.54,9.02,-1.54,9.01,-1.54
31.312,8.81,-1.54,9.02,-1.54,9.01,-1.54
31.327,8.81,-1.56,9.02,-1.54,9.01,-1.54
31.341,8.87,-1.62,9.02,-1.54,9.02,-1.54
31.355,8.89,-1.57,9.02,-1.54,9.02,-1.54
31.369,8.84,-1.54,9.02,-1.54,9.02,-1.54
31.384,8.87,-1.57,9.02,-1.54,9.02,-1.54
31.398,8.85,-1.56,9.02,-1.54,9.02,-1.54
31.412,8.81,-1.57,9.02,-1.54,9.02,-1.54
31.426,8.83,-1.58,9.02,-1.54,9.02,-1.54
31.44,8.85,-1.59,9.02,-1.54,9.02,-1.54
31.455,8.86,-1.57,9.02,-1.54,9.02,-1.55
31.469,8.79,-1.56,9.02,-1.55,9.02,-1.55
31.483,8.77,-1.58,9.02,-1.55,9.02,-1.55
31.497,8.84,-1.59,9.02,-1.55,9.02,-1.55
31.512,8.87,-1.59,9.02,-1.55,9.02,-1.55
31.526,8.81,-1.56,9.02,-1.54,9.02,-1.55
31.54,8.82,-1.52,9.02,-1.55,9.02,-1.54
31.554,8.85,-1.53,9.02,-1.54,9.02,-1.54
31.569,8.85,-1.57,9.02,-1.54,9.02,-1.54
31.583,8.83,-1.55,9.02,-1.54,9.02,-1.54
31.597,8.81,-1.51,9.02,-1.54,9.02,-1.54
31.611,8.81,-1.52,9.02,-1.54,9.02,-1.54
31.626,8.87,-1.53,9.02,-1.54,9.02,-1.54
31.64,8.88,-1.51,9.02,-1.54,9.02,-1.54
31.654,8.79,-1.56,9.02,-1.54,9.02,-1.54
31.671,8.82,-1.6,9.02,-1.55,9.02,-1.55
31.685,8.86,-1.6,9.02,-1.55,9.02,-1.55
31.699,8.81,-1.54,9.02,-1.55,9.02,-1.55
31.713,8.74,-1.47,9.02,-1.55,9.02,-1.55
31.727,8.84,-1.5,9.02,-1.55,9.02,-1.54
31.742,8.91,-1.55,9.02,-1.54,9.02,-1.55
31.757,8.84,-1.6,9.02,-1.55,9.02,-1.55
31.771,8.85,-1.57,9.02,-1.54,9.02,-1.55
31.785,8.85,-1.57,9.02,-1.54,9.02,-1.54
31.799,8.82,-1.58,9.02,-1.54,9.02,-1.54
31.814,8.83,-1.54,9.02,-1.55,9.02,-1.55
31.828,8.83,-1.54,9.02,-1.55,9.02,-1.55
31.842,8.86,-1.55,9.02,-1.55,9.02,-1.55
31.856,8.86,-1.55,9.02,-1.55,9.02,-1.55
31.87,8.81,-1.56,9.02,-1.55,9.02,-1.55
31.884,8.86,-1.54,9.02,-1.55,9.02,-1.55
31.898,8.87,-1.52,9.02,-1.55,9.02,-1.55
31.913,8.83,-1.58,9.02,-1.55,9.02,-1.55
31.927,8.76,-1.58,9.02,-1.55,9.02,-1.55
31.941,8.83,-1.58,9.02,-1.55,9.02,-1.55
31.955,8.89,-1.56,9.02,-1.55,9.02,-1.55
31.969,8.87,-1.53,9.02,-1.55,9.02,-1.55
31.984,8.8,-1.56,9.02,-1.55,9.02,-1.55
31.998,8.76,-1.56,9.02,-1.55,9.02,-1.55
32.012,8.83,-1.54,9.02,-1.55,9.02,-1.55
32.026,8.84,-1.53,9.02,-1.55,9.02,-1.55
32.041,8.78,-1.55,9.02,-1.55,9.02,-1.55
32.055,8.79,-1.54,9.02,-1.55,9.02,-1.55
32.069,8.86,-1.54,9.02,-1.55,9.02,-1.55
32.083,8.84,-1.54,9.02,-1.55,9.02,-1.55
32.097,8.8,-1.56,9.02,-1.55,9.02,-1.55
32.112,8.8,-1.56,9.02,-1.55,9.02,-1.55
32.126,8.81,-1.54,9.02,-1.55,9.02,-1.55
32.14,8.82,-1.57,9.02,-1.55,9.02,-1.55
32.154,8.82,-1.6,9.02,-1.55,9.02,-1.55
32.169,8.81,-1.55,9.02,-1.55,9.02,-1.55
32.183,8.81,-1.52,9.02,-1.55,9.02,-1.55
32.197,8.79,-1.51,9.02,-1.55,9.02,-1.55
32.213,8.75,-1.54,9.02,-1.55,9.02,-1.55
32.228,8.87,-1.55,9.02,-1.55,9.02,-1.55
32.242,8.92,-1.55,9.02,-1.55,9.02,-1.55
32.256,8.89,-1.59,9.02,-1.54,9.02,-1.55
32.271,8.81,-1.6,9.02,-1.54,9.02,-1.55
32.285,8.84,-1.6,9.02,-1.55,9.02,-1.55
32.299,8.82,-1.54,9.02,-1.55,9.02,-1.55
32.313,8.79,-1.54,9.02,-1.55,9.02,-1.55
32.327,8.78,-1.55,9.02,-1.55,9.02,-1.55
32.341,8.85,-1.55,9.02,-1.55,9.02,-1.55
32.356,8.91,-1.55,9.02,-1.55,9.02,-1.55
32.37,8.86,-1.57,9.02,-1.55,9.02,-1.55
32.384,8.82,-1.58,9.02,-1.55,9.02,-1.55
32.398,8.82,-1.55,9.02,-1.55,9.02,-1.55
32.412,8.8,-1.53,9.02,-1.55,9.02,-1.55
32.427,8.78,-1.57,9.02,-1.55,9.02,-1.55
32.441,8.79,-1.57,9.02,-1.55,9.02,-1.55
32.456,8.81,-1.57,9.02,-1.55,9.02,-1.55
32.47,8.8,-1.53,9.02,-1.55,9.02,-1.55
32.484,8.79,-1.48,9.02,-1.55,9.02,-1.55
32.5,8.81,-1.51,9.03,-1.54,9.02,-1.54
32.515,8.79,-1.55,9.03,-1.54,9.02,-1.54
32.53,8.83,-1.55,9.02,-1.54,9.02,-1.54
32.544,8.87,-1.56,9.02,-1.54,9.02,-1.54
32.558,8.86,-1.57,9.02,-1.54,9.02,-1.54
32.572,8.85,-1.57,9.02,-1.54,9.02,-1.54
32.586,8.83,-1.56,9.02,-1.54,9.02,-1.54
32.6,8.85,-1.54,9.02,-1.54,9.02,-1.54
32.615,8.89,-1.56,9.03,-1.54,9.02,-1.54
32.629,8.88,-1.54,9.03,-1.54,9.02,-1.54
32.643,8.81,-1.53,9.03,-1.54,9.02,-1.54
32.657,8.8,-1.57,9.03,-1.54,9.02,-1.54
32.672,8.83,-1.56,9.02,-1.54,9.02,-1.54
32.686,8.85,-1.54,9.02,-1.54,9.02,-1.54
32.7,8.85,-1.55,9.02,-1.54,9.02,-1.54
32.714,8.87,-1.57,9.02,-1.54,9.02,-1.54
32.729,8.84,-1.59,9.02,-1.54,9.02,-1.54
32.743,8.83,-1.58,9.02,-1.54,9.02,-1.54
32.757,8.86,-1.58,9.02,-1.54,9.02,-1.54
32.771,8.86,-1.56,9.02,-1.54,9.02,-1.54
32.785,8.79,-1.55,9.02,-1.54,9.02,-1.54
32.799,8.79,-1.53,9.02,-1.54,9.02,-1.54
32.814,8.85,-1.5,9.02,-1.54,9.02,-1.54
32.829,8.87,-1.52,9.02,-1.54,9.02,-1.54
32.843,8.86,-1.58,9.02,-1.54,9.02,-1.54
32.857,8.89,-1.57,9.03,-1.54,9.02,-1.54
32.874,8.87,-1.56,9.03,-1.54,9.03,-1.54
32.888,8.85,-1.55,9.03,-1.54,9.03,-1.54
32.902,8.86,-1.52,9.03,-1.54,9.03,-1.54
32.916,8.88,-1.54,9.03,-1.54,9.03,-1.54
32.931,8.81,-1.6,9.03,-1.54,9.03,-1.54
32.945,8.81,-1.58,9.03,-1.54,9.03,-1.54
32.959,8.85,-1.55,9.03,-1.54,9.03,-1.54
32.973,8.87,-1.53,9.03,-1.54,9.03,-1.54
32.988,8.83,-1.49,9.03,-1.54,9.03,-1.54
33.002,8.82,-1.48,9.03,-1.54,9.03,-1.54
33.016,8.86,-1.52,9.03,-1.54,9.03,-1.54
33.031,8.85,-1.61,9.03,-1.54,9.03,-1.54
33.045,8.82,-1.59,9.03,-1.54,9.03,-1.54
33.059,8.78,-1.59,9.03,-1.54,9.03,-1.54
33.073,8.78,-1.59,9.03,-1.54,9.03,-1.54
33.087,8.77,-1.57,9.03,-1.54,9.03,-1.54
33.102,8.82,-1.59,9.03,-1.54,9.03,-1.54
33.116,8.86,-1.57,9.03,-1.54,9.03,-1.54
33.13,8.88,-1.53,9.03,-1.54,9.03,-1.54
33.144,8.82,-1.55,9.03,-1.54,9.03,-1.54
33.159,8.79,-1.59,9.03,-1.54,9.03,-1.54
33.173,8.8,-1.58,9.03,-1.54,9.03,-1.54
33.187,8.86,-1.58,9.03,-1.54,9.03,-1.54
33.202,8.9,-1.56,9.03,-1.54,9.03,-1.54
33.216,8.92,-1.52,9.03,-1.54,9.03,-1.54
33.23,8.84,-1.55,9.03,-1.54,9.03,-1.54
33.244,8.8,-1.58,9.03,-1.54,9.03,-1.54
33.258,8.77,-1.57,9.03,-1.54,9.03,-1.54
33.272,8.74,-1.54,9.03,-1.54,9.03,-1.54
33.287,8.82,-1.44,9.03,-1.54,9.03,-1.54
33.301,8.89,-1.48,9.03,-1.54,9.03,-1.54
33.315,8.88,-1.5,9.03,-1.54,9.03,-1.54
33.329,8.82,-1.58,9.03,-1.54,9.03,-1.54
33.343,8.83,-1.6,9.03,-1.54,9.03,-1.54
33.358,8.83,-1.52,9.03,-1.54,9.03,-1.54
33.372,8.82,-1.49,9.03,-1.54,9.03,-1.54
33.386,8.85,-1.54,9.03,-1.54,9.03,-1.54
33.4,8.84,-1.56,9.03,-1.54,9.03,-1.54
33.414,8.84,-1.53,9.03,-1.54,9.03,-1.54
33.428,8.84,-1.53,9.03,-1.54,9.03,-1.54
33.442,8.81,-1.59,9.03,-1.54,9.03,-1.54
33.457,8.84,-1.59,9.04,-1.54,9.03,-1.54
33.471,8.86,-1.59,9.04,-1.54,9.03,-1.54
33.486,8.77,-1.58,9.04,-1.54,9.03,-1.54
33.5,8.81,-1.56,9.03,-1.54,9.03,-1.54
33.514,8.88,-1.56,9.04,-1.54,9.03,-1.54
33.528,8.86,-1.58,9.04,-1.54,9.03,-1.54
33.543,8.84,-1.6,9.04,-1.54,9.04,-1.54
33.557,8.82,-1.56,9.04,-1.54,9.03,-1.54
33.571,8.81,-1.55,9.04,-1.54,9.03,-1.54
33.585,8.81,-1.51,9.03,-1.54,9.03,-1.54
33.599,8.85,-1.48,9.03,-1.54,9.03,-1.54
33.614,8.86,-1.54,9.03,-1.54,9.03,-1.54
33.628,8.82,-1.58,9.03,-1.54,9.03,-1.54
33.642,8.86,-1.57,9.03,-1.54,9.03,-1.54
33.656,8.88,-1.53,9.03,-1.54,9.03,-1.54
33.67,8.87,-1.52,9.03,-1.54,9.03,-1.54
33.684,8.75,-1.49,9.03,-1.54,9.03,-1.54
33.699,8.76,-1.48,9.03,-1.54,9.03,-1.54
33.713,8.89,-1.58,9.03,-1.54,9.03,-1.54
33.727,8.87,-1.58,9.03,-1.54,9.03,-1.54
33.741,8.82,-1.51,9.03,-1.53,9.03,-1.53
33.755,8.82,-1.51,9.03,-1.53,9.03,-1.53
33.769,8.82,-1.52,9.03,-1.53,9.03,-1.53
33.783,8.83,-1.57,9.03,-1.53,9.03,-1.53
33.798,8.91,-1.56,9.03,-1.53,9.03,-1.53
33.812,8.87,-1.56,9.03,-1.53,9.03,-1.53
33.826,8.83,-1.61,9.04,-1.53,9.03,-1.54
33.841,8.81,-1.58,9.04,-1.53,9.03,-1.54
33.855,8.81,-1.52,9.04,-1.53,9.03,-1.53
33.869,8.84,-1.51,9.04,-1.53,9.03,-1.53
33.883,8.77,-1.55,9.04,-1.53,9.03,-1.53
33.897,8.76,-1.58,9.03,-1.53,9.03,-1.53
33.911,8.85,-1.55,9.03,-1.53,9.03,-1.53
33.925,8.87,-1.53,9.03,-1.53,9.03,-1.53
33.939,8.84,-1.54,9.03,-1.53,9.03,-1.53
33.954,8.88,-1.52,9.03,-1.53,9.03,-1.53
33.968,8.88,-1.49,9.03,-1.53,9.03,-1.53
33.982,8.79,-1.52,9.03,-1.53,9.03,-1.53
33.996,8.77,-1.54,9.03,-1.53,9.03,-1.53
34.011,8.84,-1.53,9.03,-1.53,9.03,-1.53
34.025,8.84,-1.53,9.03,-1.53,9.03,-1.53
34.039,8.85,-1.52,9.03,-1.53,9.03,-1.53
34.053,8.83,-1.51,9.03,-1.53,9.03,-1.53
34.068,8.85,-1.53,9.03,-1.53,9.03,-1.53
34.082,8.84,-1.5,9.03,-1.53,9.03,-1.53
34.096,8.8,-1.5,9.03,-1.53,9.03,-1.53
34.11,8.8,-1.55,9.03,-1.53,9.03,-1.53
34.128,8.84,-1.58,9.03,-1.53,9.03,-1.53
34.143,8.87,-1.56,9.03,-1.53,9.03,-1.53
34.157,8.9,-1.51,9.03,-1.53,9.03,-1.53
34.173,8.88,-1.52,9.03,-1.53,9.03,-1.53
34.187,8.78,-1.52,9.03,-1.53,9.03,-1.53
34.202,8.74,-1.53,9.03,-1.53,9.03,-1.53
34.216,8.75,-1.53,9.03,-1.53,9.03,-1.53
34.23,8.79,-1.52,9.03,-1.53,9.03,-1.53
34.245,8.84,-1.49,9.03,-1.53,9.03,-1.53
34.259,8.8,-1.53,9.03,-1.53,9.03,-1.53
34.274,8.82,-1.51,9.03,-1.53,9.03,-1.53
34.288,8.85,-1.55,9.03,-1.53,9.03,-1.53
34.302,8.86,-1.57,9.03,-1.53,9.03,-1.53
34.316,8.87,-1.54,9.03,-1.53,9.03,-1.53
34.33,8.83,-1.55,9.03,-1.53,9.03,-1.53
34.344,8.78,-1.59,9.03,-1.53,9.03,-1.53
34.358,8.84,-1.58,9.03,-1.53,9.03,-1.53
34.372,8.83,-1.52,9.03,-1.53,9.03,-1.53
34.387,8.77,-1.51,9.03,-1.53,9.03,-1.53
34.401,8.79,-1.58,9.03,-1.53,9.03,-1.53
34.415,8.8,-1.62,9.03,-1.53,9.03,-1.53
34.429,8.81,-1.59,9.03,-1.53,9.03,-1.53
34.443,8.77,-1.46,9.03,-1.53,9.03,-1.53
34.457,8.76,-1.48,9.03,-1.53,9.02,-1.53
34.472,8.81,-1.49,9.03,-1.53,9.02,-1.53
34.486,8.88,-1.55,9.03,-1.53,9.02,-1.53
34.502,8.86,-1.54,9.02,-1.53,9.02,-1.53
34.516,8.8,-1.57,9.03,-1.53,9.02,-1.53
34.53,8.81,-1.58,9.02,-1.53,9.02,-1.53
34.545,8.82,-1.54,9.02,-1.53,9.02,-1.53
34.559,8.79,-1.57,9.02,-1.53,9.02,-1.53
34.573,8.87,-1.54,9.02,-1.53,9.02,-1.53
34.587,8.84,-1.52,9.02,-1.53,9.02,-1.53
34.602,8.82,-1.64,9.03,-1.53,9.02,-1.53
34.616,8.81,-1.65,9.02,-1.53,9.02,-1.53
34.631,8.78,-1.63,9.02,-1.53,9.02,-1.53
34.645,8.79,-1.56,9.02,-1.53,9.02,-1.53
34.659,8.85,-1.54,9.02,-1.53,9.02,-1.53
34.673,8.89,-1.61,9.02,-1.53,9.02,-1.53
34.687,8.89,-1.62,9.03,-1.53,9.02,-1.53
34.701,8.82,-1.55,9.03,-1.53,9.02,-1.53
34.716,8.79,-1.53,9.03,-1.54,9.02,-1.54
34.73,8.81,-1.58,9.02,-1.54,9.02,-1.54
34.744,8.8,-1.59,9.02,-1.54,9.02,-1.54
34.758,8.81,-1.56,9.02,-1.53,9.02,-1.54
34.773,8.91,-1.5,9.02,-1.54,9.02,-1.53
34.787,8.88,-1.5,9.02,-1.53,9.02,-1.53
34.801,8.82,-1.57,9.03,-1.53,9.02,-1.53
34.815,8.82,-1.56,9.03,-1.53,9.02,-1.53
34.829,8.82,-1.57,9.03,-1.53,9.02,-1.53
34.843,8.82,-1.59,9.03,-1.53,9.02,-1.53
34.858,8.85,-1.54,9.03,-1.53,9.02,-1.53
34.872,8.94,-1.58,9.03,-1.53,9.02,-1.53
34.886,8.89,-1.59,9.03,-1.53,9.02,-1.53
34.9,8.83,-1.48,9.03,-1.53,9.02,-1.53
34.914,8.83,-1.5,9.02,-1.53,9.02,-1.53
34.928,8.81,-1.56,9.03,-1.53,9.02,-1.53
34.942,8.83,-1.51,9.03,-1.53,9.02,-1.53
34.957,8.84,-1.54,9.03,-1.53,9.02,-1.53
34.971,8.85,-1.56,9.03,-1.53,9.03,-1.53
34.985,8.85,-1.57,9.03,-1.53,9.03,-1.53
35.0,8.84,-1.59,9.03,-1.53,9.03,-1.53
35.014,8.85,-1.57,9.03,-1.53,9.03,-1.53
35.028,8.85,-1.56,9.03,-1.53,9.03,-1.53
35.043,8.83,-1.55,9.03,-1.53,9.03,-1.54
35.057,8.88,-1.55,9.03,-1.54,9.03,-1.54
35.072,8.86,-1.6,9.03,-1.54,9.03,-1.54
35.086,8.76,-1.56,9.03,-1.54,9.03,-1.54
35.1,8.79,-1.5,9.03,-1.54,9.03,-1.53
35.114,8.82,-1.47,9.03,-1.53,9.03,-1.53
35.128,8.92,-1.5,9.03,-1.53,9.03,-1.53
35.142,8.92,-1.55,9.03,-1.53,9.03,-1.53
35.157,8.88,-1.54,9.03,-1.53,9.03,-1.53
35.171,8.85,-1.51,9.03,-1.53,9.03,-1.53
35.185,8.83,-1.58,9.03,-1.53,9.03,-1.53
35.2,8.87,-1.61,9.03,-1.53,9.03,-1.54
35.214,8.88,-1.59,9.03,-1.54,9.03,-1.54
35.228,8.81,-1.55,9.03,-1.54,9.03,-1.54
35.242,8.8,-1.61,9.03,-1.54,9.03,-1.54
35.257,8.83,-1.59,9.03,-1.54,9.03,-1.54
35.271,8.86,-1.55,9.03,-1.54,9.03,-1.54
35.285,8.87,-1.57,9.03,-1.54,9.03,-1.54
35.299,8.82,-1.58,9.03,-1.54,9.03,-1.54
35.313,8.82,-1.49,9.03,-1.54,9.03,-1.54
35.328,8.84,-1.5,9.03,-1.54,9.03,-1.54
35.342,8.86,-1.54,9.03,-1.54,9.03,-1.54
35.356,8.82,-1.56,9.03,-1.54,9.03,-1.54
35.37,8.84,-1.56,9.03,-1.54,9.03,-1.54
35.385,8.89,-1.53,9.03,-1.54,9.03,-1.54
35.399,8.88,-1.53,9.03,-1.54,9.03,-1.54
35.413,8.84,-1.54,9.03,-1.54,9.03,-1.54
35.427,8.81,-1.56,9.03,-1.54,9.03,-1.54
35.442,8.82,-1.54,9.03,-1.54,9.03,-1.54
35.456,8.83,-1.52,9.03,-1.54,9.03,-1.54
35.47,8.87,-1.54,9.03,-1.54,9.03,-1.54
35.484,8.8,-1.51,9.03,-1.54,9.03,-1.54
35.498,8.74,-1.54,9.03,-1.54,9.03,-1.54
35.512,8.79,-1.58,9.03,-1.53,9.03,-1.53
35.527,8.83,-1.56,9.03,-1.53,9.03,-1.53
35.541,8.78,-1.54,9.03,-1.53,9.03,-1.53
35.555,8.77,-1.59,9.03,-1.53,9.03,-1.53
35.569,8.79,-1.61,9.03,-1.53,9.03,-1.53
35.583,8.82,-1.55,9.03,-1.53,9.02,-1.53
35.597,8.82,-1.54,9.03,-1.53,9.02,-1.53
35.612,8.78,-1.54,9.03,-1.53,9.02,-1.53
35.626,8.82,-1.52,9.03,-1.53,9.02,-1.53
35.641,8.86,-1.56,9.03,-1.53,9.02,-1.53
35.655,8.85,-1.57,9.03,-1.53,9.03,-1.53
35.669,8.83,-1.61,9.03,-1.53,9.03,-1.53
35.683,8.82,-1.59,9.03,-1.53,9.03,-1.53
35.699,8.8,-1.47,9.03,-1.53,9.03,-1.53
35.713,8.81,-1.46,9.03,-1.53,9.03,-1.53
35.728,8.85,-1.54,9.03,-1.53,9.03,-1.53
35.742,8.85,-1.64,9.03,-1.53,9.02,-1.53
35.758,8.88,-1.57,9.03,-1.53,9.03,-1.53
35.772,8.85,-1.55,9.03,-1.53,9.03,-1.53
35.787,8.81,-1.55,9.03,-1.53,9.02,-1.53
35.801,8.84,-1.52,9.03,-1.53,9.03,-1.53
35.815,8.82,-1.5,9.03,-1.53,9.03,-1.53
35.829,8.81,-1.56,9.03,-1.53,9.02,-1.53
35.844,8.81,-1.56,9.03,-1.53,9.02,-1.53
35.858,8.88,-1.58,9.03,-1.53,9.02,-1.53
35.872,8.9,-1.58,9.03,-1.53,9.02,-1.53
35.886,8.83,-1.59,9.03,-1.53,9.02,-1.54
35.9,8.78,-1.57,9.03,-1.53,9.02,-1.53
35.916,8.8,-1.52,9.03,-1.53,9.02,-1.53
35.931,8.85,-1.48,9.03,-1.53,9.02,-1.53
35.945,8.89,-1.46,9.03,-1.53,9.02,-1.53
35.959,8.91,-1.55,9.03,-1.53,9.03,-1.53
35.973,8.86,-1.61,9.03,-1.53,9.03,-1.53
35.987,8.79,-1.61,9.03,-1.53,9.03,-1.53
36.002,8.77,-1.59,9.03,-1.53,9.02,-1.53
36.016,8.79,-1.5,9.03,-1.53,9.03,-1.53
36.03,8.84,-1.54,9.03,-1.53,9.03,-1.53
36.045,8.8,-1.56,9.03,-1.53,9.03,-1.53
36.059,8.79,-1.58,9.03,-1.54,9.02,-1.54
36.073,8.85,-1.59,9.03,-1.54,9.03,-1.54
36.087,8.78,-1.54,9.03,-1.54,9.03,-1.54
36.102,8.74,-1.49,9.03,-1.54,9.02,-1.54
36.116,8.82,-1.47,9.03,-1.54,9.02,-1.54
36.13,8.87,-1.51,9.03,-1.54,9.02,-1.54
36.144,8.86,-1.56,9.03,-1.54,9.03,-1.54
36.158,8.88,-1.53,9.03,-1.54,9.03,-1.54
36.173,8.88,-1.53,9.03,-1.54,9.03,-1.54
36.187,8.8,-1.57,9.03,-1.54,9.03,-1.54
36.201,8.77,-1.58,9.03,-1.54,9.03,-1.54
36.215,8.8,-1.55,9.03,-1.54,9.03,-1.54
36.229,8.83,-1.56,9.03,-1.54,9.03,-1.54
36.244,8.88,-1.57,9.03,-1.54,9.03,-1.54
36.258,8.85,-1.55,9.03,-1.54,9.03,-1.54
36.272,8.84,-1.56,9.03,-1.54,9.03,-1.54
36.287,8.8,-1.58,9.03,-1.54,9.03,-1.54
36.301,8.77,-1.56,9.03,-1.54,9.03,-1.54
36.315,8.86,-1.54,9.03,-1.54,9.03,-1.54
36.329,8.85,-1.51,9.03,-1.54,9.03,-1.54
36.344,8.85,-1.55,9.03,-1.54,9.02,-1.54
36.358,8.84,-1.57,9.03,-1.54,9.02,-1.54
36.372,8.88,-1.57,9.03,-1.54,9.03,-1.54
36.387,8.84,-1.57,9.03,-1.54,9.02,-1.54
36.401,8.84,-1.6,9.03,-1.54,9.02,-1.54
36.415,8.86,-1.58,9.03,-1.54,9.02,-1.54
36.429,8.82,-1.56,9.03,-1.54,9.02,-1.54
36.444,8.83,-1.56,9.03,-1.54,9.02,-1.54
36.459,8.86,-1.56,9.02,-1.54,9.02,-1.54
36.474,8.87,-1.53,9.02,-1.54,9.02,-1.54
36.488,8.91,-1.53,9.02,-1.54,9.02,-1.54
36.503,8.94,-1.54,9.02,-1.54,9.02,-1.54
36.517,8.85,-1.56,9.03,-1.54,9.02,-1.54
36.532,8.94,-1.53,9.03,-1.54,9.03,-1.54
36.546,9.26,-1.54,9.04,-1.54,9.04,-1.54
36.56,11.09,-1.54,9.06,-1.54,9.08,-1.54
36.574,11.06,-1.56,9.22,-1.54,9.23,-1.54
36.588,8.36,-1.81,9.45,-1.54,9.44,-1.54
36.602,2.22,-1.46,9.69,-1.54,9.61,-1.54
36.616,2.35,-1.45,9.57,-1.55,9.5,-1.54
36.631,14.3,-1.36,9.23,-1.55,9.28,-1.54
36.645,13.83,-1.55,9.05,-1.54,9.09,-1.54
36.659,8.1,-1.57,9.06,-1.53,9.05,-1.53
36.673,8.1,-1.61,9.09,-1.53,9.08,-1.53
36.687,8.68,-1.61,9.09,-1.54,9.09,-1.54
36.701,8.81,-1.46,9.09,-1.54,9.08,-1.54
36.716,8.77,-1.44,9.09,-1.54,9.09,-1.54
36.73,8.95,-1.57,9.09,-1.54,9.09,-1.54
36.744,8.92,-1.57,9.09,-1.54,9.09,-1.54
36.759,8.8,-1.57,9.09,-1.53,9.09,-1.54
36.773,8.8,-1.57,9.09,-1.53,9.09,-1.53
36.787,8.78,-1.54,9.09,-1.53,9.09,-1.53
36.802,8.86,-1.54,9.09,-1.53,9.09,-1.53
36.816,9.48,-1.53,9.09,-1.53,9.1,-1.53
36.83,9.05,-1.47,9.13,-1.54,9.13,-1.54
36.844,9.62,-1.56,9.18,-1.54,9.19,-1.54
36.859,10.38,-1.62,9.28,-1.54,9.29,-1.54
36.873,7.35,-1.35,9.53,-1.55,9.51,-1.55
36.887,5.58,-1.39,9.77,-1.56,9.73,-1.56
36.902,7.27,-1.44,9.78,-1.56,9.75,-1.56
36.916,7.72,-1.57,9.73,-1.56,9.71,-1.56
36.93,7.42,-1.6,9.66,-1.56,9.64,-1.56
36.944,7.78,-1.56,9.58,-1.56,9.56,-1.56
36.958,8.91,-1.48,9.48,-1.56,9.47,-1.56
36.973,9.7,-1.47,9.38,-1.56,9.38,-1.56
36.987,8.61,-1.55,9.34,-1.55,9.33,-1.55
37.009,8.4,-1.51,9.34,-1.56,9.33,-1.56
37.021,8.57,-1.51,9.33,-1.55,9.32,-1.55
37.035,8.44,-1.61,9.33,-1.55,9.32,-1.55
37.05,8.46,-1.56,9.32,-1.55,9.31,-1.55
37.064,8.52,-1.48,9.32,-1.56,9.31,-1.55
37.078,8.74,-1.48,9.32,-1.55,9.31,-1.55
37.092,9.19,-1.51,9.33,-1.55,9.33,-1.55
37.106,7.45,-1.57,9.37,-1.55,9.35,-1.55
37.12,6.82,-1.52,9.39,-1.55,9.37,-1.55
37.135,8.04,-1.34,9.36,-1.55,9.34,-1.55
37.149,10.05,-1.51,9.25,-1.55,9.26,-1.55
37.163,8.83,-1.71,9.2,-1.54,9.19,-1.55
37.178,8.37,-1.6,9.21,-1.55,9.2,-1.55
37.192,8.43,-1.52,9.21,-1.55,9.2,-1.55
37.206,8.4,-1.54,9.2,-1.55,9.19,-1.55
37.22,7.4,-1.47,9.19,-1.55,9.17,-1.55
37.234,7.61,-1.37,9.13,-1.55,9.12,-1.54
37.248,11.84,-1.72,8.91,-1.53,8.94,-1.53
37.262,10.06,-1.64,8.8,-1.51,8.81,-1.51
37.277,8.98,-1.52,8.83,-1.52,8.83,-1.52
37.291,8.56,-1.46,8.86,-1.52,8.85,-1.52
37.305,8.69,-1.51,8.86,-1.52,8.86,-1.52
37.319,8.81,-1.52,8.86,-1.52,8.86,-1.52
37.334,8.78,-1.63,8.87,-1.52,8.86,-1.52
37.348,8.79,-1.62,8.86,-1.52,8.86,-1.52
37.362,8.92,-1.52,8.86,-1.52,8.86,-1.52
37.378,8.8,-1.5,8.86,-1.52,8.86,-1.52
37.393,8.83,-1.55,8.86,-1.52,8.86,-1.52
37.407,8.96,-1.62,8.85,-1.52,8.85,-1.52
37.421,8.91,-1.54,8.85,-1.52,8.85,-1.52
37.436,8.89,-1.51,8.85,-1.52,8.85,-1.52
37.449,9.0,-1.52,8.85,-1.52,8.85,-1.52
37.463,9.13,-1.55,8.86,-1.52,8.86,-1.52
37.478,8.92,-1.53,8.87,-1.52,8.87,-1.52
37.492,8.66,-1.54,8.88,-1.52,8.88,-1.52
37.506,8.71,-1.54,8.89,-1.52,8.89,-1.52
37.52,8.89,-1.51,8.89,-1.52,8.89,-1.52
37.534,8.89,-1.55,8.89,-1.52,8.89,-1.52
37.55,8.76,-1.57,8.9,-1.52,8.9,-1.52
37.564,8.79,-1.55,8.9,-1.52,8.9,-1.52
37.579,8.94,-1.53,8.9,-1.52,8.9,-1.52
37.593,8.91,-1.58,8.9,-1.52,8.9,-1.53
37.607,8.86,-1.59,8.9,-1.53,8.9,-1.53
37.621,8.92,-1.53,8.9,-1.53,8.9,-1.53
37.635,8.96,-1.53,8.9,-1.53,8.91,-1.53
37.649,8.8,-1.57,8.91,-1.53,8.91,-1.53
37.664,8.76,-1.58,8.91,-1.53,8.91,-1.53
37.678,8.85,-1.56,8.91,-1.53,8.91,-1.53
37.692,8.84,-1.53,8.91,-1.53,8.91,-1.53
37.707,8.77,-1.53,8.91,-1.53,8.91,-1.53
37.721,8.8,-1.55,8.91,-1.53,8.91,-1.53
37.735,8.86,-1.55,8.92,-1.53,8.92,-1.53
37.749,8.86,-1.55,8.92,-1.53,8.92,-1.53
37.763,8.9,-1.56,8.92,-1.53,8.92,-1.53
37.777,8.97,-1.54,8.92,-1.53,8.92,-1.53
37.792,8.94,-1.52,8.92,-1.53,8.92,-1.53
37.806,8.77,-1.52,8.93,-1.53,8.93,-1.53
37.82,8.65,-1.58,8.93,-1.53,8.93,-1.53
37.834,8.69,-1.59,8.93,-1.53,8.93,-1.53
37.848,8.94,-1.54,8.92,-1.53,8.92,-1.53
37.862,8.9,-1.55,8.92,-1.53,8.92,-1.53
37.877,8.83,-1.6,8.93,-1.53,8.93,-1.53
37.891,8.89,-1.55,8.93,-1.53,8.93,-1.53
37.905,8.93,-1.55,8.93,-1.53,8.93,-1.53
37.92,8.87,-1.54,8.93,-1.53,8.93,-1.53
37.934,8.77,-1.53,8.93,-1.53,8.93,-1.53
37.948,8.8,-1.57,8.93,-1.53,8.93,-1.53
37.962,8.85,-1.63,8.93,-1.53,8.93,-1.53
37.976,8.92,-1.59,8.94,-1.53,8.94,-1.53
37.99,8.84,-1.52,8.94,-1.53,8.94,-1.53
38.004,8.84,-1.48,8.94,-1.53,8.94,-1.53
38.019,8.88,-1.54,8.94,-1.53,8.94,-1.53
38.033,8.85,-1.58,8.94,-1.53,8.94,-1.53
38.047,8.79,-1.56,8.94,-1.53,8.94,-1.53
38.062,8.81,-1.53,8.94,-1.53,8.94,-1.53
38.076,8.85,-1.52,8.94,-1.53,8.94,-1.53
38.09,8.85,-1.55,8.94,-1.53,8.94,-1.53
38.104,8.82,-1.58,8.95,-1.53,8.94,-1.53
38.118,8.83,-1.59,8.95,-1.53,8.94,-1.53
38.133,8.85,-1.6,8.95,-1.53,8.95,-1.53
38.147,8.84,-1.57,8.95,-1.53,8.95,-1.53
38.161,8.81,-1.5,8.95,-1.53,8.95,-1.53
38.175,8.81,-1.52,8.95,-1.53,8.95,-1.53
38.189,8.82,-1.56,8.95,-1.53,8.95,-1.53
38.206,8.83,-1.6,8.95,-1.53,8.95,-1.53
38.22,8.87,-1.53,8.95,-1.53,8.95,-1.53
38.234,8.9,-1.49,8.95,-1.53,8.95,-1.53
38.249,8.96,-1.49,8.95,-1.53,8.95,-1.53
38.264,8.86,-1.59,8.96,-1.53,8.95,-1.53
38.277,8.81,-1.59,8.96,-1.53,8.96,-1.53
38.292,9.39,-1.65,8.96,-1.53,8.96,-1.53
38.306,10.51,-1.75,8.97,-1.54,8.98,-1.54
38.32,7.05,-1.41,9.0,-1.54,8.98,-1.54
38.334,8.23,-1.43,8.99,-1.55,8.98,-1.55
38.349,8.84,-1.54,8.97,-1.55,8.97,-1.55
38.363,8.71,-1.64,8.97,-1.54,8.97,-1.55
38.377,8.82,-1.6,8.96,-1.55,8.96,-1.55
38.391,8.95,-1.58,8.95,-1.55,8.95,-1.55
38.405,8.85,-1.58,8.95,-1.55,8.95,-1.55
38.423,8.84,-1.5,8.96,-1.55,8.95,-1.55
38.438,8.85,-1.6,8.96,-1.54,8.96,-1.55
38.452,8.91,-1.62,8.96,-1.55,8.96,-1.55
38.466,8.85,-1.61,8.97,-1.55,8.97,-1.55
38.48,8.83,-1.55,8.97,-1.55,8.97,-1.55
38.495,8.83,-1.54,8.97,-1.55,8.97,-1.55
38.509,8.86,-1.54,8.98,-1.55,8.98,-1.55
38.523,9.05,-1.53,8.98,-1.55,8.98,-1.55
38.537,8.8,-1.48,9.0,-1.55,9.0,-1.55
38.551,8.3,-1.51,9.04,-1.55,9.03,-1.55
38.566,8.29,-1.53,9.06,-1.55,9.05,-1.55
38.58,8.47,-1.57,9.07,-1.55,9.06,-1.55
38.594,8.46,-1.55,9.05,-1.55,9.05,-1.55
38.608,8.55,-1.49,9.03,-1.55,9.03,-1.55
38.622,9.0,-1.52,9.0,-1.55,9.0,-1.55
38.637,9.06,-1.61,8.98,-1.54,8.99,-1.55
38.651,8.95,-1.59,9.0,-1.55,9.0,-1.55
38.665,8.11,-1.53,9.01,-1.55,9.0,-1.55
38.679,8.23,-1.47,9.0,-1.55,8.99,-1.55
38.693,9.07,-1.41,8.96,-1.55,8.96,-1.54
38.708,9.53,-1.41,8.94,-1.54,8.94,-1.54
38.722,9.4,-1.42,8.95,-1.54,8.95,-1.54
38.736,10.37,-1.15,8.97,-1.53,8.98,-1.53
38.751,9.56,-1.34,9.05,-1.5,9.05,-1.5
38.766,6.51,0.03,9.17,-1.48,9.14,-1.46
38.78,7.36,-2.47,9.33,-1.5,9.31,-1.51
38.794,8.56,-2.71,9.41,-1.55,9.4,-1.56
38.808,7.86,-2.02,9.35,-1.55,9.34,-1.56
38.823,8.02,-1.49,9.31,-1.55,9.29,-1.55
38.837,8.67,-1.51,9.28,-1.55,9.27,-1.55
38.851,8.52,-1.53,9.28,-1.55,9.27,-1.55
38.865,8.24,-1.45,9.27,-1.55,9.26,-1.55
38.879,8.43,-1.47,9.26,-1.55,9.25,-1.55
38.893,8.68,-1.56,9.25,-1.55,9.24,-1.55
38.908,8.87,-1.59,9.25,-1.55,9.25,-1.55
38.922,9.49,-1.62,9.26,-1.55,9.27,-1.55
38.936,7.95,-1.6,9.31,-1.54,9.3,-1.55
38.95,7.52,-1.43,9.38,-1.55,9.36,-1.55
38.964,7.49,0.63,9.41,-1.55,9.39,-1.53
38.978,7.86,0.77,9.37,-1.52,9.36,-1.5
38.992,9.09,-1.9,9.31,-1.47,9.31,-1.48
39.007,9.26,-2.57,9.28,-1.46,9.28,-1.48
39.021,8.45,-3.46,9.28,-1.49,9.27,-1.51
39.035,7.32,-1.27,9.29,-1.52,9.27,-1.52
39.049,6.47,0.0,9.25,-1.51,9.22,-1.5
39.064,8.66,-1.58,9.2,-1.48,9.2,-1.48
39.078,10.91,-4.25,9.18,-1.42,9.19,-1.44
39.092,9.12,-2.76,9.15,-1.38,9.15,-1.39
39.106,7.99,-0.76,9.1,-1.39,9.09,-1.38
39.121,7.42,-0.37,9.05,-1.36,9.03,-1.35
39.135,7.89,-1.56,8.96,-1.2,8.95,-1.21
39.149,8.62,-2.97,8.86,-1.02,8.86,-1.04
39.163,9.66,-2.91,8.74,-0.87,8.75,-0.89
39.178,9.23,-3.09,8.68,-0.85,8.68,-0.87
39.192,8.89,-0.87,8.64,-0.86,8.64,-0.86
39.206,8.34,1.29,8.62,-0.85,8.61,-0.82
39.22,5.06,-2.26,8.64,-0.77,8.6,-0.78
39.234,8.79,-4.65,8.51,-0.63,8.51,-0.67
39.249,10.58,-6.63,8.28,-0.44,8.31,-0.5
39.263,10.98,-6.99,7.88,-0.23,7.91,-0.3
39.277,12.09,-4.74,7.47,-0.22,7.51,-0.27
39.292,11.4,-0.32,7.14,-0.4,7.18,-0.4
39.306,9.01,-2.25,7.02,-0.44,7.04,-0.46
39.32,6.48,-6.57,6.88,-0.37,6.88,-0.44
39.335,9.67,-6.01,6.55,-0.48,6.58,-0.54
39.349,12.67,-2.43,6.22,-0.71,6.28,-0.73
39.363,10.91,0.17,6.04,-0.94,6.09,-0.93
39.377,9.48,1.05,5.88,-1.1,5.92,-1.08
39.391,6.29,1.09,5.77,-1.17,5.78,-1.15
39.405,11.02,-0.69,5.94,-1.12,5.99,-1.12
39.419,19.1,-3.61,6.18,-1.11,6.31,-1.14
39.434,13.95,-3.76,6.24,-1.14,6.32,-1.17
39.448,11.24,-2.32,6.19,-1.16,6.24,-1.17
39.462,12.02,-2.12,6.11,-1.17,6.17,-1.18
39.476,11.61,-2.34,6.04,-1.19,6.1,-1.2
39.49,12.06,-2.33,5.9,-1.2,5.96,-1.21
39.505,12.79,-2.66,5.78,-1.21,5.85,-1.23
39.519,14.09,-3.76,5.74,-1.23,5.83,-1.26
39.534,12.53,-2.67,5.94,-1.31,6.01,-1.33
39.548,12.21,0.2,6.22,-1.41,6.28,-1.4
39.562,13.94,-0.73,6.43,-1.45,6.51,-1.45
39.576,10.21,-2.19,6.54,-1.45,6.58,-1.46
39.59,10.48,-1.44,6.54,-1.45,6.58,-1.45
39.605,11.46,-1.2,6.58,-1.45,6.63,-1.45
39.619,12.27,-1.6,6.69,-1.46,6.75,-1.46
39.633,12.8,-1.62,6.77,-1.46,6.83,-1.46
39.647,12.79,-2.09,6.78,-1.47,6.84,-1.47
39.662,13.13,-2.02,6.65,-1.47,6.72,-1.48
39.676,14.95,-1.46,6.52,-1.48,6.6,-1.48
39.69,13.0,-1.0,6.57,-1.48,6.64,-1.48
39.704,8.06,-1.72,6.71,-1.48,6.72,-1.48
39.719,9.15,-2.09,6.76,-1.48,6.79,-1.49
39.733,12.16,-1.99,6.82,-1.51,6.88,-1.51
39.747,13.14,-2.55,6.96,-1.54,7.02,-1.55
39.761,11.07,-3.95,7.22,-1.6,7.26,-1.62
39.775,5.71,-2.25,7.43,-1.69,7.41,-1.7
39.79,5.41,-0.44,7.6,-1.84,7.58,-1.82
39.804,12.97,0.48,7.81,-1.96,7.86,-1.94
39.818,14.93,0.82,8.04,-1.96,8.11,-1.93
39.832,13.2,1.32,8.19,-1.93,8.24,-1.9
39.846,10.79,1.91,7.94,-1.94,7.97,-1.9
39.86,9.54,1.22,7.48,-1.91,7.5,-1.87
39.874,9.6,1.59,6.86,-1.85,6.89,-1.81
39.888,8.94,1.07,6.35,-1.72,6.38,-1.69
39.902,10.06,-1.8,5.98,-1.58,6.02,-1.58
39.917,11.68,-2.22,6.05,-1.47,6.11,-1.48
39.931,13.45,-4.03,6.28,-1.37,6.35,-1.4
39.948,15.04,-1.85,6.49,-1.27,6.57,-1.27
39.962,21.62,-2.15,6.6,-1.16,6.75,-1.17
39.977,22.88,-2.88,6.27,-1.12,6.44,-1.14
39.991,13.1,-3.15,5.86,-1.1,5.94,-1.12
40.005,13.38,-1.96,5.51,-1.1,5.58,-1.11
40.02,14.49,-2.18,5.29,-1.1,5.38,-1.11
40.034,16.69,-2.87,5.15,-1.11,5.27,-1.13
40.048,17.93,-0.63,5.09,-1.22,5.22,-1.21
40.062,15.58,0.36,5.11,-1.29,5.22,-1.27
40.076,14.88,-2.07,5.32,-1.21,5.41,-1.21
40.091,14.66,-0.76,5.52,-1.17,5.61,-1.16
40.105,14.78,-1.34,5.65,-1.17,5.74,-1.17
40.119,13.99,-3.13,5.79,-1.17,5.87,-1.19
40.134,14.94,-2.37,5.85,-1.21,5.94,-1.22
40.148,15.21,-1.38,5.88,-1.25,5.97,-1.25
40.165,16.59,-0.1,5.9,-1.28,6.01,-1.26
40.179,13.67,1.25,6.0,-1.28,6.08,-1.25
40.194,13.4,1.51,6.04,-1.24,6.12,-1.21
40.208,16.1,-0.29,6.03,-1.18,6.13,-1.17
40.222,16.8,-1.87,6.06,-1.1,6.17,-1.11
40.236,16.05,-4.59,6.13,-1.06,6.23,-1.1
40.251,13.78,-1.44,6.21,-1.13,6.29,-1.13
40.265,16.93,-3.92,6.24,-1.15,6.35,-1.18
40.279,14.6,-2.48,6.3,-1.16,6.38,-1.18
40.293,12.88,-1.07,6.28,-1.17,6.35,-1.17
40.307,14.25,-0.83,6.17,-1.18,6.25,-1.17
40.321,15.09,-0.88,5.97,-1.19,6.06,-1.19
40.336,15.78,-0.92,5.75,-1.2,5.85,-1.2
40.35,17.13,-1.48,5.5,-1.22,5.61,-1.22
40.364,18.38,-1.55,5.27,-1.24,5.4,-1.24
40.38,19.09,-1.21,5.1,-1.27,5.24,-1.27
40.394,16.17,-0.51,5.25,-1.32,5.36,-1.31
40.408,17.22,0.32,5.42,-1.38,5.54,-1.36
40.422,17.92,-0.32,5.48,-1.39,5.6,-1.38
40.436,15.41,-0.98,5.52,-1.4,5.62,-1.4
40.451,14.92,-1.2,5.47,-1.42,5.57,-1.42
40.465,16.63,-2.0,5.38,-1.46,5.49,-1.46
40.479,17.72,-2.27,5.34,-1.58,5.46,-1.59
40.494,16.99,-3.5,5.28,-1.74,5.4,-1.76
40.508,15.01,-1.77,5.15,-1.94,5.25,-1.94
40.522,15.56,1.81,4.77,-2.19,4.87,-2.15
40.537,12.94,3.76,4.37,-2.39,4.46,-2.33
40.551,14.0,2.7,4.12,-2.44,4.22,-2.39
40.565,21.59,3.52,4.09,-2.45,4.27,-2.39
40.579,22.64,6.99,4.54,-2.56,4.72,-2.46
40.593,22.07,7.79,5.03,-2.49,5.2,-2.39
40.607,18.28,1.49,5.45,-2.14,5.58,-2.1
40.621,18.06,1.2,5.63,-1.71,5.76,-1.68
40.635,27.12,-3.68,5.63,-1.52,5.85,-1.54
40.65,23.19,-0.61,5.6,-1.49,5.77,-1.48
40.664,21.34,-4.6,5.55,-1.29,5.71,-1.32
40.678,21.49,-2.58,5.48,-1.21,5.64,-1.23
40.693,19.98,-0.64,5.4,-1.21,5.54,-1.2
40.707,21.37,-0.67,5.34,-1.2,5.5,-1.2
40.721,22.56,-0.95,5.3,-1.18,5.48,-1.18
40.735,23.32,-1.61,5.27,-1.15,5.45,-1.16
40.749,24.56,-0.65,5.17,-1.14,5.36,-1.14
40.764,23.76,2.14,5.11,-1.14,5.3,-1.1
40.778,24.16,-0.56,5.15,-1.08,5.34,-1.08
40.792,20.92,-0.95,5.29,-1.01,5.44,-1.01
40.807,21.01,0.12,5.46,-0.98,5.62,-0.97
40.821,18.83,-1.05,5.7,-0.94,5.83,-0.94
40.835,18.22,-1.73,6.23,-0.92,6.35,-0.93
40.849,20.16,-0.85,6.89,-0.93,7.03,-0.93
40.863,18.47,-0.25,7.59,-0.95,7.7,-0.94
40.877,17.45,-0.8,8.25,-0.96,8.34,-0.96
40.892,17.4,-2.71,8.82,-0.98,8.91,-1.0
40.906,18.41,-2.26,9.13,-1.04,9.23,-1.05
40.92,18.63,0.65,9.34,-1.12,9.43,-1.1
40.934,18.82,0.66,9.54,-1.1,9.63,-1.08
40.948,19.17,-0.86,9.85,-1.02,9.94,-1.02
40.963,16.57,-2.87,10.2,-0.94,10.26,-0.96
40.977,15.32,-2.46,10.31,-0.97,10.36,-0.98
40.991,14.0,-3.39,10.22,-1.05,10.26,-1.07
41.005,15.37,-2.84,9.94,-1.27,9.99,-1.28
41.019,18.93,1.83,9.68,-1.55,9.77,-1.52
41.034,21.21,0.34,9.72,-1.68,9.83,-1.66
41.048,18.77,-0.1,9.92,-1.7,10.01,-1.69
41.063,19.32,0.79,10.15,-1.67,10.24,-1.64
41.077,21.19,0.63,10.25,-1.67,10.36,-1.64
41.091,20.64,0.81,10.23,-1.73,10.33,-1.7
41.105,15.55,0.58,10.23,-1.85,10.28,-1.82
41.12,16.37,1.22,10.41,-1.97,10.47,-1.94
41.134,19.67,1.08,10.9,-2.03,10.99,-2.0
41.148,16.17,1.19,11.39,-2.13,11.44,-2.09
41.162,15.51,1.05,11.49,-2.19,11.53,-2.16
41.176,15.81,0.45,11.48,-2.18,11.52,-2.16
41.191,17.51,0.58,11.41,-2.15,11.47,-2.12
41.205,18.22,0.61,11.3,-2.12,11.37,-2.1
41.219,20.92,1.18,11.18,-2.11,11.28,-2.08
41.233,22.88,2.2,11.12,-2.07,11.24,-2.03
41.249,18.97,1.47,11.18,-1.98,11.26,-1.95
41.262,15.0,0.18,11.4,-1.86,11.43,-1.84
41.277,12.54,-1.45,11.53,-1.77,11.54,-1.76
41.291,14.09,-0.9,11.32,-1.74,11.35,-1.73
41.305,16.74,0.6,10.95,-1.74,11.01,-1.72
41.319,20.49,0.68,10.5,-1.74,10.6,-1.71
41.334,21.19,0.46,10.26,-1.71,10.37,-1.69
41.348,24.84,0.79,10.11,-1.69,10.26,-1.66
41.362,23.41,1.55,10.37,-1.65,10.5,-1.62
41.376,18.11,0.88,10.87,-1.55,10.94,-1.53
41.39,17.87,-1.06,11.56,-1.34,11.62,-1.34
41.404,17.6,-1.17,12.24,-1.15,12.29,-1.15
41.419,16.25,-0.27,12.62,-1.08,12.65,-1.07
41.433,14.73,-1.11,12.85,-1.05,12.86,-1.05
41.447,14.51,-1.78,12.94,-1.09,12.96,-1.1
41.461,15.15,-0.26,12.83,-1.3,12.86,-1.29
41.475,17.67,1.74,12.64,-1.52,12.69,-1.49
41.49,19.7,0.8,12.41,-1.55,12.48,-1.53
41.504,19.38,0.73,12.25,-1.53,12.32,-1.51
41.518,17.71,1.72,12.35,-1.52,12.4,-1.49
41.532,17.15,1.66,12.48,-1.5,12.53,-1.47
41.546,18.96,-0.01,12.56,-1.46,12.62,-1.44
41.561,19.4,-0.41,12.42,-1.44,12.49,-1.43
41.575,22.09,1.95,12.24,-1.46,12.34,-1.43
41.589,23.6,1.45,12.27,-1.45,12.38,-1.42
41.603,24.01,-2.29,12.4,-1.41,12.52,-1.42
41.617,19.05,-1.2,12.1,-1.4,12.17,-1.4
41.631,15.04,2.01,11.52,-1.41,11.56,-1.37
41.645,16.6,0.1,11.09,-1.36,11.15,-1.35
41.66,18.42,-1.13,10.94,-1.23,11.02,-1.23
41.674,19.86,-0.91,10.76,-1.13,10.85,-1.13
41.688,23.76,0.58,10.64,-1.17,10.77,-1.15
41.702,28.8,0.95,10.7,-1.22,10.88,-1.2
41.716,27.44,1.02,11.17,-1.24,11.33,-1.21
41.73,25.53,0.42,11.62,-1.15,11.76,-1.14
41.745,20.33,-6.03,11.9,-0.88,11.98,-0.94
41.759,14.36,-1.3,12.15,-0.69,12.17,-0.7
41.773,10.79,3.54,12.42,-0.58,12.41,-0.54
41.787,13.49,3.82,12.74,-0.53,12.75,-0.49
41.801,19.2,4.22,13.1,-0.5,13.17,-0.45
41.816,20.02,3.53,13.48,-0.45,13.54,-0.41
41.83,20.21,1.85,13.67,-0.39,13.74,-0.37
41.844,18.94,1.11,13.38,-0.35,13.44,-0.34
41.857,16.11,0.51,12.94,-0.32,12.97,-0.31
41.872,11.74,1.13,12.41,-0.25,12.4,-0.24
41.885,13.17,4.28,12.02,-0.15,12.03,-0.11
41.9,13.43,1.87,11.96,-0.09,11.98,-0.07
41.914,15.29,-2.18,12.6,-0.01,12.62,-0.04
41.928,18.06,-4.36,13.31,0.01,13.36,-0.04
41.942,24.55,-1.24,13.98,-0.1,14.09,-0.11
41.957,26.81,0.23,14.45,-0.18,14.57,-0.17
41.971,25.07,-1.89,15.01,-0.15,15.11,-0.16
41.985,20.84,-3.21,15.55,-0.13,15.6,-0.16
41.999,12.84,-2.9,15.78,-0.11,15.75,-0.13
42.013,12.92,-4.18,15.15,-0.08,15.13,-0.12
42.027,14.51,-2.57,14.39,-0.15,14.39,-0.18
42.042,16.13,-1.12,13.91,-0.35,13.93,-0.36
42.056,17.96,-1.26,13.62,-0.47,13.66,-0.47
42.07,19.43,0.37,13.48,-0.49,13.54,-0.48
42.084,20.42,1.28,13.52,-0.35,13.59,-0.34
42.098,19.47,0.83,13.6,-0.17,13.65,-0.16
42.112,18.86,0.12,13.59,0.01,13.64,0.01
42.126,19.02,-1.73,13.55,0.17,13.6,0.15
42.141,16.75,-0.99,13.64,0.22,13.67,0.21
42.154,15.01,0.18,13.78,0.19,13.79,0.19
42.168,16.95,2.07,13.93,0.06,13.96,0.08
42.182,19.6,2.77,14.02,-0.14,14.07,-0.11
42.196,21.12,-1.28,14.04,-0.34,14.11,-0.35
42.211,22.87,-1.61,13.99,-0.42,14.08,-0.43
42.227,25.51,-0.22,13.92,-0.49,14.04,-0.48
42.239,24.93,-0.37,13.77,-0.52,13.88,-0.52
42.254,22.71,0.08,13.55,-0.56,13.64,-0.56
42.268,21.18,0.63,13.3,-0.6,13.38,-0.59
42.282,21.98,0.19,13.16,-0.67,13.25,-0.66
42.296,20.78,0.21,13.12,-0.79,13.19,-0.78
42.311,20.46,-0.21,13.23,-0.86,13.3,-0.85
42.325,22.82,1.87,13.42,-0.86,13.51,-0.83
42.339,22.31,1.02,13.74,-0.81,13.83,-0.79
42.353,20.29,0.2,14.12,-0.78,14.18,-0.77
42.367,17.97,-0.21,14.49,-0.75,14.52,-0.74
42.381,16.16,-1.44,14.72,-0.71,14.74,-0.71
42.395,17.4,-0.44,14.83,-0.66,14.86,-0.66
42.41,19.72,1.74,14.73,-0.65,14.78,-0.62
42.424,20.81,0.62,14.63,-0.62,14.69,-0.61
42.438,21.19,-0.66,14.55,-0.58,14.62,-0.58
42.452,21.12,0.41,14.48,-0.54,14.54,-0.53
42.466,21.54,0.66,14.39,-0.46,14.46,-0.45
42.48,21.61,1.26,14.3,-0.35,14.38,-0.33
42.495,21.25,1.58,14.31,-0.26,14.38,-0.24
42.509,20.7,0.34,14.49,-0.19,14.55,-0.19
42.523,18.94,-2.38,14.69,-0.14,14.73,-0.16
42.537,19.19,-2.31,14.77,-0.13,14.81,-0.15
42.552,19.56,-1.33,14.8,-0.12,14.84,-0.14
42.566,19.41,-0.89,14.83,-0.12,14.87,-0.13
42.58,19.27,-0.41,14.86,-0.12,14.91,-0.12
42.595,20.19,-0.21,14.89,-0.11,14.94,-0.11
42.609,19.62,-0.4,14.84,-0.1,14.89,-0.1
42.623,19.88,-0.7,14.7,-0.08,14.76,-0.09
42.637,21.13,-0.95,14.53,-0.08,14.59,-0.09
42.652,20.76,-2.13,14.43,-0.1,14.5,-0.12
42.666,20.27,-1.45,14.63,-0.24,14.69,-0.25
42.68,20.77,0.74,14.89,-0.46,14.95,-0.45
42.694,21.13,2.22,15.05,-0.78,15.11,-0.75
42.709,21.34,3.4,15.1,-1.0,15.16,-0.96
42.723,21.39,1.15,15.08,-1.09,15.14,-1.06
42.737,20.93,0.23,15.11,-1.05,15.17,-1.04
42.751,20.73,-0.49,15.18,-1.03,15.23,-1.03
42.766,20.23,-0.12,15.1,-1.03,15.15,-1.03
42.78,22.4,1.18,14.88,-1.03,14.96,-1.01
42.794,22.67,0.55,14.63,-1.06,14.71,-1.05
42.808,21.93,0.74,14.45,-1.13,14.53,-1.11
42.822,22.64,2.36,14.31,-1.18,14.39,-1.15
42.836,23.38,3.08,14.23,-1.19,14.33,-1.14
42.85,21.99,3.88,14.24,-1.17,14.32,-1.12
42.865,20.64,3.26,14.38,-1.13,14.44,-1.08
42.879,20.83,1.13,14.5,-1.09,14.57,-1.06
42.893,20.88,0.45,14.52,-1.07,14.58,-1.05
42.907,20.74,-1.78,14.47,-1.06,14.53,-1.07
42.921,21.76,-0.8,14.3,-1.13,14.37,-1.13
42.936,22.85,1.33,14.1,-1.23,14.19,-1.21
42.95,23.91,2.5,13.92,-1.34,14.02,-1.3
42.964,23.43,3.32,13.84,-1.39,13.93,-1.34
42.978,23.96,2.53,13.8,-1.4,13.9,-1.36
42.992,24.1,2.16,13.85,-1.38,13.95,-1.34
43.006,23.48,2.58,13.95,-1.35,14.05,-1.31
43.02,21.45,3.17,14.07,-1.33,14.14,-1.28
43.034,21.28,1.85,14.06,-1.3,14.13,-1.27
43.048,23.84,2.86,13.95,-1.28,14.05,-1.24
43.062,23.46,2.77,13.81,-1.26,13.91,-1.22
43.076,24.73,-1.2,13.74,-1.25,13.85,-1.25
43.09,25.04,-2.2,13.75,-1.25,13.86,-1.26
43.104,25.42,-1.19,13.71,-1.26,13.82,-1.26
43.119,26.73,1.51,13.6,-1.27,13.73,-1.24
43.133,26.2,1.47,13.65,-1.24,13.77,-1.21
43.147,24.02,0.6,13.82,-1.21,13.92,-1.19
43.161,22.0,-0.42,14.05,-1.19,14.13,-1.19
43.175,20.2,-6.4,14.15,-1.19,14.21,-1.24
43.189,21.1,-5.71,14.0,-1.26,14.07,-1.31
43.203,22.32,-1.63,13.9,-1.34,13.98,-1.34
43.218,23.11,6.22,13.87,-1.37,13.96,-1.29
43.232,19.87,1.94,13.99,-1.0,14.05,-0.97
43.246,34.56,1.75,14.19,-0.43,14.39,-0.41
43.26,34.31,7.87,14.31,-0.07,14.51,0.01
43.274,24.68,-10.01,14.03,0.48,14.13,0.38
43.288,25.17,-22.12,13.46,1.19,13.57,0.95
43.302,26.63,-13.91,12.93,0.86,13.06,0.72
43.317,23.05,9.53,12.45,-0.38,12.55,-0.29
43.331,29.71,1.9,12.09,-0.64,12.27,-0.62
43.345,29.68,-6.3,12.08,-0.51,12.26,-0.57
43.359,28.44,-3.59,12.41,-0.43,12.57,-0.46
43.374,28.29,-1.28,12.71,-0.41,12.87,-0.41
43.388,27.58,-0.75,13.08,-0.33,13.23,-0.33
43.402,25.07,-0.73,13.47,-0.21,13.59,-0.22
43.417,23.52,-0.63,13.75,-0.12,13.85,-0.12
43.43,24.04,-1.5,13.9,-0.07,14.01,-0.08
43.445,27.3,-5.23,13.99,-0.06,14.12,-0.11
43.459,28.02,-5.06,13.96,-0.16,14.1,-0.21
43.473,27.67,-1.98,13.83,-0.32,13.96,-0.33
43.487,26.96,0.63,13.53,-0.51,13.66,-0.5
43.501,28.64,-0.03,13.25,-0.65,13.41,-0.65
43.515,26.46,-0.8,13.31,-0.69,13.44,-0.69
43.53,26.03,-0.9,13.46,-0.7,13.58,-0.7
43.545,28.14,-1.81,13.59,-0.69,13.74,-0.7
43.559,28.3,-1.66,13.74,-0.7,13.88,-0.71
43.573,28.22,-2.5,13.87,-0.71,14.02,-0.73
43.588,28.28,-2.96,14.02,-0.73,14.16,-0.75
43.602,28.35,-1.31,14.17,-0.76,14.31,-0.76
43.616,28.08,-1.73,14.32,-0.77,14.46,-0.78
43.631,28.68,-1.95,14.47,-0.8,14.61,-0.81
43.646,28.09,-1.29,14.65,-0.83,14.78,-0.84
43.66,26.59,-0.41,14.81,-0.87,14.93,-0.86
43.675,26.83,-1.01,14.93,-0.88,15.05,-0.88
43.689,27.95,-1.81,15.05,-0.88,15.18,-0.89
43.703,27.98,-1.71,15.16,-0.89,15.29,-0.9
43.717,27.91,-1.58,15.27,-0.9,15.4,-0.9
43.731,27.84,-1.3,15.38,-0.91,15.5,-0.91
43.745,27.96,-1.27,15.48,-0.91,15.6,-0.91
43.76,28.22,-1.85,15.58,-0.91,15.71,-0.92
43.774,28.14,-1.97,15.69,-0.91,15.82,-0.92
43.788,28.11,-1.76,15.8,-0.92,15.92,-0.93
43.802,27.89,-1.38,15.91,-0.93,16.03,-0.93
43.816,27.93,-1.52,16.02,-0.93,16.14,-0.93
43.83,28.47,-2.58,16.12,-0.93,16.24,-0.94
43.845,28.33,-2.13,16.23,-0.94,16.36,-0.95
43.859,28.08,-1.52,16.35,-0.95,16.47,-0.96
43.873,28.27,-1.65,16.47,-0.95,16.59,-0.96
43.887,28.35,-1.6,16.6,-0.96,16.72,-0.96
43.902,28.24,-1.5,16.74,-0.96,16.85,-0.97
43.916,27.85,-1.21,16.87,-0.97,16.98,-0.97
43.93,28.19,-0.73,17.01,-0.97,17.12,-0.97
43.944,28.53,-0.54,17.15,-0.96,17.26,-0.96
43.959,27.48,-2.98,17.27,-0.96,17.38,-0.98
43.972,26.96,-4.23,17.37,-1.0,17.47,-1.03
43.987,28.4,-1.52,17.46,-1.03,17.57,-1.04
44.001,28.1,-1.3,17.57,-1.04,17.68,-1.04
44.015,28.05,-1.67,17.67,-1.04,17.78,-1.05
44.029,28.21,-1.67,17.77,-1.05,17.87,-1.05
44.043,28.33,-1.69,17.88,-1.05,17.98,-1.06
44.058,27.94,-1.68,17.98,-1.06,18.08,-1.06
44.072,27.86,-1.68,18.09,-1.06,18.18,-1.07
44.091,28.06,-1.7,18.19,-1.07,18.28,-1.07
44.105,28.04,-1.7,18.29,-1.07,18.38,-1.08
44.119,28.05,-1.66,18.39,-1.08,18.48,-1.09
44.134,28.13,-1.63,18.48,-1.09,18.58,-1.09
44.148,28.15,-1.66,18.58,-1.09,18.68,-1.1
44.162,28.07,-1.71,18.68,-1.1,18.78,-1.1
44.176,27.99,-1.74,18.78,-1.1,18.87,-1.11
44.192,28.04,-1.7,18.87,-1.11,18.96,-1.11
44.206,28.09,-1.62,18.97,-1.11,19.06,-1.12
44.221,28.09,-1.62,19.06,-1.12,19.15,-1.12
44.235,28.09,-1.72,19.15,-1.12,19.24,-1.13
44.249,28.03,-1.78,19.24,-1.13,19.33,-1.14
44.263,28.07,-1.76,19.33,-1.14,19.42,-1.14
44.277,28.12,-1.67,19.42,-1.14,19.51,-1.15
44.291,28.09,-1.62,19.51,-1.15,19.6,-1.15
44.305,28.05,-1.62,19.6,-1.16,19.68,-1.16
44.32,28.06,-1.63,19.68,-1.16,19.77,-1.16
44.334,28.06,-1.73,19.77,-1.16,19.85,-1.17
44.348,28.1,-1.79,19.86,-1.17,19.94,-1.18
44.362,28.06,-1.73,19.94,-1.18,20.02,-1.18
44.376,28.07,-1.7,20.02,-1.18,20.1,-1.19
44.391,28.06,-1.64,20.1,-1.19,20.18,-1.19
44.407,28.01,-1.66,20.19,-1.19,20.26,-1.19
44.421,28.01,-1.69,20.27,-1.19,20.34,-1.2
44.435,28.05,-1.68,20.34,-1.2,20.42,-1.2
44.449,28.08,-1.67,20.42,-1.2,20.5,-1.21
44.463,28.05,-1.59,20.5,-1.2,20.58,-1.21
44.478,28.04,-1.59,20.58,-1.21,20.65,-1.21
44.492,28.11,-1.76,20.66,-1.21,20.73,-1.22
44.506,28.06,-1.78,20.73,-1.22,20.8,-1.22
44.52,28.04,-1.72,20.81,-1.22,20.88,-1.23
44.534,28.07,-1.69,20.88,-1.23,20.95,-1.23
44.548,28.11,-1.64,20.96,-1.23,21.03,-1.24
44.563,28.08,-1.65,21.03,-1.24,21.1,-1.24
44.577,28.08,-1.68,21.1,-1.24,21.17,-1.25
44.591,28.05,-1.72,21.17,-1.24,21.24,-1.25
44.606,28.04,-1.8,21.24,-1.25,21.31,-1.25
44.62,28.1,-1.72,21.31,-1.25,21.38,-1.26
44.634,28.12,-1.64,21.38,-1.26,21.45,-1.26
44.648,28.11,-1.62,21.45,-1.26,21.52,-1.27
44.662,28.08,-1.65,21.52,-1.27,21.59,-1.27
44.677,28.03,-1.7,21.59,-1.27,21.65,-1.27
44.691,28.05,-1.76,21.65,-1.28,21.72,-1.28
44.706,28.04,-1.74,21.72,-1.28,21.78,-1.29
44.72,28.08,-1.67,21.78,-1.29,21.84,-1.29
44.734,28.1,-1.63,21.85,-1.29,21.91,-1.29
44.748,28.09,-1.62,21.91,-1.29,21.97,-1.3
44.762,28.04,-1.69,21.97,-1.3,22.03,-1.3
44.777,28.06,-1.69,22.04,-1.3,22.1,-1.31
44.791,28.12,-1.67,22.1,-1.31,22.16,-1.31
44.806,28.13,-1.64,22.16,-1.31,22.22,-1.31
44.82,27.97,-1.6,22.22,-1.31,22.28,-1.32
44.834,28.02,-1.66,22.28,-1.32,22.34,-1.32
44.848,28.14,-1.75,22.34,-1.32,22.4,-1.32
44.863,28.12,-1.75,22.4,-1.32,22.46,-1.33
44.877,28.06,-1.66,22.46,-1.33,22.51,-1.33
44.891,28.16,-1.65,22.52,-1.33,22.57,-1.34
44.906,28.14,-1.72,22.57,-1.34,22.63,-1.34
44.92,28.09,-1.72,22.63,-1.34,22.69,-1.34
44.934,28.02,-1.72,22.69,-1.34,22.74,-1.35
44.948,27.97,-1.78,22.74,-1.35,22.8,-1.35
44.962,28.04,-1.78,22.8,-1.35,22.85,-1.36
44.977,28.09,-1.7,22.85,-1.36,22.9,-1.36
44.991,28.05,-1.67,22.91,-1.36,22.96,-1.36
45.005,28.08,-1.65,22.96,-1.36,23.01,-1.37
45.02,28.1,-1.68,23.01,-1.36,23.06,-1.37
45.034,28.0,-1.71,23.06,-1.37,23.11,-1.37
45.048,28.0,-1.71,23.12,-1.37,23.16,-1.37
45.062,28.07,-1.71,23.17,-1.37,23.22,-1.38
45.076,28.2,-1.73,23.22,-1.38,23.27,-1.38
45.09,28.21,-1.7,23.27,-1.38,23.32,-1.38
45.105,28.09,-1.72,23.32,-1.38,23.37,-1.39
45.119,28.04,-1.71,23.37,-1.39,23.42,-1.39
45.133,28.06,-1.62,23.42,-1.39,23.46,-1.39
45.148,28.07,-1.6,23.47,-1.39,23.51,-1.39
45.162,28.04,-1.63,23.52,-1.4,23.56,-1.4
45.176,28.04,-1.72,23.56,-1.4,23.61,-1.4
45.19,28.05,-1.79,23.61,-1.4,23.65,-1.4
45.204,28.09,-1.78,23.66,-1.4,23.7,-1.41
45.219,28.06,-1.69,23.7,-1.41,23.75,-1.41
45.233,28.17,-1.63,23.75,-1.41,23.79,-1.41
45.247,28.17,-1.68,23.79,-1.41,23.84,-1.41
45.261,28.12,-1.74,23.84,-1.41,23.88,-1.42
45.275,28.07,-1.79,23.88,-1.42,23.93,-1.42
45.29,28.05,-1.78,23.93,-1.42,23.97,-1.42
45.304,28.09,-1.69,23.97,-1.42,24.01,-1.43
45.318,28.02,-1.65,24.01,-1.43,24.05,-1.43
45.332,27.99,-1.7,24.06,-1.43,24.09,-1.43
45.347,28.04,-1.74,24.1,-1.43,24.14,-1.44
45.361,28.14,-1.74,24.14,-1.44,24.18,-1.44
45.375,28.15,-1.72,24.18,-1.44,24.22,-1.44
45.39,28.05,-1.63,24.22,-1.44,24.26,-1.44
45.404,28.03,-1.59,24.26,-1.44,24.3,-1.44
45.418,28.02,-1.61,24.3,-1.44,24.34,-1.45
45.432,28.06,-1.74,24.34,-1.45,24.38,-1.45
45.446,28.11,-1.78,24.38,-1.45,24.42,-1.45
45.46,28.11,-1.7,24.42,-1.45,24.46,-1.46
45.475,28.11,-1.64,24.46,-1.46,24.49,-1.46
45.489,28.02,-1.65,24.5,-1.46,24.53,-1.46
45.503,28.05,-1.69,24.54,-1.46,24.57,-1.46
45.518,28.12,-1.71,24.57,-1.46,24.61,-1.46
45.533,28.14,-1.77,24.61,-1.46,24.65,-1.47
45.547,28.09,-1.79,24.65,-1.46,24.68,-1.47
45.561,28.07,-1.65,24.69,-1.47,24.72,-1.47
45.575,28.08,-1.63,24.72,-1.47,24.75,-1.47
45.589,28.03,-1.66,24.75,-1.47,24.79,-1.47
45.603,27.99,-1.68,24.79,-1.47,24.82,-1.48
45.617,28.11,-1.68,24.82,-1.48,24.86,-1.48
45.632,28.14,-1.71,24.86,-1.48,24.89,-1.48
45.646,28.11,-1.72,24.89,-1.48,24.93,-1.48
45.661,27.99,-1.65,24.93,-1.48,24.96,-1.49
45.675,28.02,-1.67,24.96,-1.49,24.99,-1.49
45.689,28.05,-1.69,24.99,-1.49,25.02,-1.49
45.704,28.01,-1.66,25.03,-1.49,25.06,-1.49
45.718,28.06,-1.65,25.06,-1.49,25.09,-1.49
45.732,28.08,-1.63,25.09,-1.49,25.12,-1.5
45.746,28.08,-1.64,25.12,-1.5,25.15,-1.5
45.76,28.01,-1.71,25.15,-1.5,25.18,-1.5
45.774,27.98,-1.75,25.18,-1.5,25.21,-1.5
45.789,28.11,-1.71,25.21,-1.5,25.24,-1.5
45.803,28.15,-1.68,25.24,-1.5,25.27,-1.5
45.817,28.07,-1.65,25.27,-1.5,25.3,-1.5
45.831,28.05,-1.68,25.3,-1.5,25.33,-1.51
45.846,28.07,-1.77,25.33,-1.51,25.36,-1.51
45.86,28.06,-1.78,25.36,-1.51,25.39,-1.51
45.874,28.07,-1.68,25.39,-1.51,25.42,-1.51
45.888,28.11,-1.68,25.42,-1.51,25.45,-1.51
45.902,28.13,-1.68,25.45,-1.51,25.48,-1.52
45.916,28.08,-1.68,25.48,-1.52,25.5,-1.52
45.931,28.04,-1.67,25.51,-1.52,25.53,-1.52
45.945,28.1,-1.68,25.53,-1.52,25.56,-1.52
45.959,28.12,-1.7,25.56,-1.52,25.59,-1.52
45.973,28.05,-1.71,25.59,-1.52,25.61,-1.52
45.987,28.05,-1.69,25.62,-1.52,25.64,-1.52
46.002,28.04,-1.66,25.64,-1.52,25.67,-1.52
46.016,28.04,-1.71,25.67,-1.52,25.69,-1.53
46.03,28.07,-1.71,25.69,-1.53,25.72,-1.53
46.044,28.11,-1.7,25.72,-1.53,25.74,-1.53
46.058,28.11,-1.67,25.74,-1.53,25.77,-1.53
46.073,28.08,-1.64,25.77,-1.53,25.79,-1.53
46.087,28.08,-1.66,25.79,-1.53,25.82,-1.53
46.101,28.03,-1.67,25.82,-1.53,25.84,-1.53
46.115,28.06,-1.7,25.84,-1.53,25.86,-1.53
46.129,28.09,-1.74,25.87,-1.53,25.89,-1.54
46.144,28.18,-1.73,25.89,-1.54,25.91,-1.54
46.158,28.17,-1.65,25.92,-1.54,25.94,-1.54
46.172,28.06,-1.62,25.94,-1.54,25.96,-1.54
46.186,28.05,-1.67,25.96,-1.54,25.99,-1.54
46.2,28.02,-1.73,25.99,-1.54,26.01,-1.54
46.215,27.99,-1.75,26.01,-1.54,26.03,-1.54
46.229,28.01,-1.73,26.03,-1.55,26.05,-1.55
46.243,28.02,-1.71,26.05,-1.55,26.07,-1.55
46.257,27.99,-1.7,26.07,-1.55,26.09,-1.55
46.271,28.05,-1.75,26.1,-1.55,26.11,-1.55
46.286,28.09,-1.72,26.12,-1.55,26.14,-1.55
46.3,28.06,-1.64,26.14,-1.55,26.16,-1.55
46.314,28.09,-1.64,26.16,-1.55,26.18,-1.56
46.328,28.14,-1.65,26.18,-1.56,26.2,-1.56
46.343,28.12,-1.72,26.2,-1.56,26.22,-1.56
46.357,28.02,-1.74,26.22,-1.56,26.24,-1.56
46.371,27.98,-1.73,26.24,-1.56,26.26,-1.56
46.385,28.02,-1.73,26.26,-1.56,26.28,-1.56
46.399,28.1,-1.61,26.28,-1.56,26.3,-1.56
46.414,28.1,-1.6,26.3,-1.56,26.32,-1.56
46.428,28.11,-1.75,26.32,-1.56,26.34,-1.56
46.442,28.08,-1.77,26.34,-1.56,26.36,-1.57
46.456,28.04,-1.77,26.36,-1.57,26.38,-1.57
46.47,28.01,-1.73,26.38,-1.57,26.39,-1.57
46.485,27.99,-1.72,26.4,-1.57,26.41,-1.57
46.499,28.11,-1.7,26.41,-1.57,26.43,-1.57
46.513,28.13,-1.68,26.43,-1.57,26.45,-1.57
46.527,28.07,-1.64,26.45,-1.57,26.47,-1.57
46.542,28.08,-1.67,26.47,-1.57,26.49,-1.57
46.556,28.14,-1.7,26.49,-1.57,26.51,-1.58
46.57,28.07,-1.66,26.51,-1.57,26.52,-1.58
46.584,28.05,-1.69,26.53,-1.58,26.54,-1.58
46.598,28.06,-1.66,26.54,-1.58,26.56,-1.58
46.613,28.05,-1.69,26.56,-1.58,26.57,-1.58
46.627,28.09,-1.67,26.58,-1.58,26.59,-1.58
46.641,28.1,-1.64,26.59,-1.58,26.61,-1.58
46.655,28.11,-1.69,26.61,-1.58,26.62,-1.58
46.67,28.1,-1.69,26.63,-1.58,26.64,-1.58
46.684,28.11,-1.69,26.64,-1.58,26.66,-1.58
46.699,28.06,-1.64,26.66,-1.58,26.68,-1.58
46.713,28.08,-1.65,26.68,-1.58,26.69,-1.58
46.727,28.08,-1.67,26.69,-1.58,26.71,-1.58
46.741,28.04,-1.69,26.71,-1.58,26.72,-1.58
46.755,28.05,-1.75,26.72,-1.58,26.74,-1.58
46.769,28.08,-1.73,26.74,-1.58,26.75,-1.58
46.784,28.09,-1.68,26.75,-1.58,26.77,-1.58
46.798,28.09,-1.65,26.77,-1.58,26.78,-1.59
46.812,28.07,-1.65,26.78,-1.58,26.8,-1.59
46.826,28.08,-1.75,26.8,-1.58,26.81,-1.59
46.84,28.07,-1.77,26.81,-1.59,26.83,-1.59
46.854,28.06,-1.71,26.83,-1.59,26.84,-1.59
46.869,28.07,-1.63,26.84,-1.59,26.85,-1.59
46.883,28.1,-1.6,26.86,-1.59,26.87,-1.59
46.897,28.11,-1.68,26.87,-1.59,26.88,-1.59
46.911,28.09,-1.72,26.88,-1.59,26.9,-1.59
46.925,28.02,-1.68,26.9,-1.59,26.91,-1.59
46.939,28.01,-1.68,26.91,-1.59,26.92,-1.59
46.954,28.06,-1.61,26.92,-1.59,26.93,-1.59
46.968,28.08,-1.6,26.94,-1.59,26.95,-1.59
46.982,28.01,-1.65,26.95,-1.59,26.96,-1.59
46.997,28.05,-1.67,26.96,-1.59,26.97,-1.59
47.011,28.12,-1.72,26.97,-1.59,26.99,-1.59
47.025,28.14,-1.74,26.99,-1.59,27.0,-1.59
47.039,28.1,-1.72,27.0,-1.59,27.01,-1.59
47.054,28.1,-1.66,27.01,-1.59,27.03,-1.6
47.068,28.1,-1.64,27.03,-1.59,27.04,-1.59
47.082,27.96,-1.71,27.04,-1.59,27.05,-1.6
47.096,27.96,-1.75,27.05,-1.59,27.06,-1.6
47.11,28.11,-1.69,27.06,-1.6,27.07,-1.6
47.125,28.1,-1.66,27.07,-1.6,27.08,-1.6
47.139,28.03,-1.67,27.08,-1.6,27.09,-1.6
47.154,28.04,-1.73,27.1,-1.6,27.1,-1.6
47.168,28.09,-1.76,27.11,-1.6,27.12,-1.6
47.183,28.04,-1.68,27.12,-1.6,27.13,-1.6
47.197,28.04,-1.64,27.13,-1.6,27.14,-1.6
47.211,28.08,-1.67,27.14,-1.6,27.15,-1.6
47.225,28.13,-1.65,27.16,-1.6,27.17,-1.6
47.24,28.08,-1.65,27.17,-1.6,27.18,-1.6
47.254,28.01,-1.66,27.18,-1.6,27.19,-1.6
47.269,28.05,-1.67,27.19,-1.6,27.2,-1.6
47.283,28.11,-1.64,27.2,-1.6,27.21,-1.6
47.297,28.08,-1.65,27.21,-1.6,27.22,-1.6
47.311,28.03,-1.73,27.22,-1.6,27.23,-1.6
47.326,28.02,-1.73,27.23,-1.6,27.24,-1.6
47.34,28.0,-1.69,27.24,-1.6,27.25,-1.61
47.354,28.03,-1.66,27.25,-1.6,27.26,-1.6
47.368,28.09,-1.65,27.26,-1.6,27.27,-1.6
47.383,28.1,-1.67,27.27,-1.6,27.28,-1.6
47.397,28.08,-1.73,27.28,-1.6,27.29,-1.61
47.411,28.07,-1.74,27.29,-1.61,27.29,-1.61
47.426,28.01,-1.75,27.3,-1.61,27.3,-1.61
47.44,28.07,-1.71,27.31,-1.61,27.31,-1.61
47.454,28.08,-1.69,27.31,-1.61,27.32,-1.61
47.468,28.05,-1.67,27.32,-1.61,27.33,-1.61
47.482,28.08,-1.68,27.33,-1.61,27.34,-1.61
47.496,28.07,-1.74,27.34,-1.61,27.35,-1.61
47.51,28.04,-1.76,27.35,-1.61,27.36,-1.61
47.524,28.09,-1.75,27.36,-1.61,27.37,-1.62
47.539,28.07,-1.67,27.37,-1.62,27.38,-1.62
47.553,28.03,-1.66,27.38,-1.62,27.39,-1.62
47.567,28.01,-1.62,27.39,-1.62,27.39,-1.62
47.581,28.04,-1.64,27.39,-1.62,27.4,-1.62
47.595,28.08,-1.65,27.4,-1.62,27.41,-1.62
47.609,28.08,-1.64,27.41,-1.62,27.42,-1.62
47.624,28.07,-1.66,27.42,-1.62,27.43,-1.62
47.638,28.05,-1.69,27.43,-1.62,27.43,-1.62
47.652,28.02,-1.69,27.43,-1.62,27.44,-1.62
47.666,28.02,-1.71,27.44,-1.62,27.45,-1.62
47.68,28.02,-1.74,27.45,-1.62,27.45,-1.62
47.694,28.07,-1.65,27.46,-1.62,27.46,-1.62
47.708,28.04,-1.63,27.46,-1.62,27.47,-1.62
47.722,28.03,-1.69,27.47,-1.62,27.48,-1.62
47.737,28.11,-1.71,27.48,-1.62,27.48,-1.62
47.751,28.12,-1.7,27.49,-1.62,27.49,-1.62
47.765,28.06,-1.67,27.49,-1.62,27.5,-1.62
47.784,28.01,-1.61,27.5,-1.62,27.51,-1.62
47.799,28.04,-1.62,27.51,-1.62,27.51,-1.62
47.813,28.06,-1.67,27.52,-1.62,27.52,-1.62
47.827,28.03,-1.68,27.52,-1.62,27.53,-1.62
47.841,28.03,-1.73,27.53,-1.62,27.54,-1.63
47.856,28.11,-1.74,27.54,-1.62,27.54,-1.63
47.87,28.09,-1.72,27.55,-1.63,27.55,-1.63
47.884,28.01,-1.69,27.55,-1.63,27.56,-1.63
47.898,28.04,-1.65,27.56,-1.63,27.57,-1.63
47.913,28.09,-1.63,27.57,-1.63,27.57,-1.63
47.927,28.1,-1.66,27.58,-1.63,27.58,-1.63
47.941,28.1,-1.64,27.58,-1.63,27.59,-1.63
47.955,28.13,-1.65,27.59,-1.63,27.6,-1.63
47.969,28.12,-1.65,27.6,-1.63,27.6,-1.63
47.983,28.04,-1.67,27.6,-1.63,27.61,-1.63
47.998,28.03,-1.67,27.61,-1.63,27.61,-1.63
48.012,28.01,-1.7,27.61,-1.63,27.62,-1.63
48.026,28.0,-1.72,27.62,-1.63,27.62,-1.63
48.04,28.12,-1.65,27.62,-1.63,27.63,-1.63
48.054,28.12,-1.64,27.63,-1.63,27.64,-1.63
48.068,28.07,-1.67,27.64,-1.63,27.64,-1.63
48.083,28.08,-1.72,27.64,-1.63,27.65,-1.64
48.097,28.08,-1.71,27.65,-1.64,27.65,-1.64
48.111,28.11,-1.67,27.66,-1.64,27.66,-1.64
48.125,28.11,-1.59,27.66,-1.64,27.67,-1.64
48.139,28.07,-1.67,27.67,-1.64,27.67,-1.64
48.154,28.03,-1.73,27.68,-1.64,27.68,-1.64
48.168,28.04,-1.72,27.68,-1.64,27.69,-1.64
48.182,28.05,-1.69,27.69,-1.64,27.69,-1.64
48.197,28.08,-1.66,27.69,-1.64,27.7,-1.64
48.211,28.08,-1.66,27.7,-1.64,27.7,-1.64
48.225,28.04,-1.66,27.7,-1.64,27.71,-1.64
48.24,28.07,-1.63,27.71,-1.64,27.71,-1.64
48.254,28.12,-1.66,27.71,-1.64,27.72,-1.64
48.268,28.1,-1.72,27.72,-1.64,27.72,-1.64
48.282,28.03,-1.68,27.72,-1.64,27.73,-1.64
48.297,28.06,-1.68,27.73,-1.64,27.73,-1.64
48.311,28.11,-1.73,27.73,-1.64,27.74,-1.64
48.325,28.08,-1.69,27.74,-1.64,27.74,-1.64
48.339,28.03,-1.67,27.74,-1.64,27.75,-1.64
48.354,28.05,-1.7,27.75,-1.64,27.75,-1.64
48.368,28.07,-1.67,27.75,-1.64,27.76,-1.64
48.382,28.05,-1.64,27.76,-1.64,27.76,-1.64
48.396,28.02,-1.69,27.77,-1.64,27.77,-1.64
48.41,28.06,-1.65,27.77,-1.64,27.77,-1.64
48.424,28.11,-1.65,27.77,-1.64,27.78,-1.64
48.439,28.1,-1.66,27.78,-1.64,27.78,-1.64
48.453,28.09,-1.69,27.78,-1.64,27.79,-1.64
48.467,28.07,-1.75,27.79,-1.64,27.79,-1.64
48.482,28.08,-1.75,27.79,-1.64,27.8,-1.64
48.498,28.1,-1.64,27.8,-1.64,27.8,-1.64
48.512,28.09,-1.61,27.8,-1.64,27.8,-1.64
48.526,28.11,-1.64,27.81,-1.64,27.81,-1.64
48.54,28.08,-1.7,27.81,-1.64,27.81,-1.64
48.555,28.08,-1.73,27.81,-1.64,27.82,-1.64
48.568,28.08,-1.74,27.82,-1.64,27.82,-1.64
48.583,28.1,-1.72,27.82,-1.64,27.83,-1.64
48.597,28.1,-1.62,27.83,-1.64,27.83,-1.64
48.612,28.11,-1.6,27.83,-1.64,27.84,-1.64
48.626,28.03,-1.72,27.84,-1.64,27.84,-1.64
48.64,28.03,-1.8,27.84,-1.64,27.84,-1.64
48.655,28.12,-1.79,27.85,-1.64,27.85,-1.65
48.67,28.12,-1.73,27.85,-1.65,27.85,-1.65
48.684,28.09,-1.64,27.85,-1.65,27.86,-1.65
48.698,28.09,-1.65,27.86,-1.64,27.86,-1.64
48.712,28.05,-1.66,27.86,-1.64,27.86,-1.64
48.726,28.02,-1.69,27.86,-1.64,27.87,-1.64
48.741,28.04,-1.73,27.87,-1.64,27.87,-1.65
48.755,28.12,-1.69,27.87,-1.65,27.87,-1.65
48.769,28.06,-1.63,27.87,-1.65,27.88,-1.65
48.783,27.97,-1.63,27.88,-1.65,27.88,-1.65
48.798,28.01,-1.7,27.88,-1.64,27.88,-1.64
48.812,28.06,-1.77,27.88,-1.64,27.89,-1.65
48.826,28.08,-1.79,27.89,-1.65,27.89,-1.65
48.84,28.08,-1.75,27.89,-1.65,27.89,-1.65
48.854,28.03,-1.61,27.9,-1.65,27.9,-1.65
48.869,28.04,-1.66,27.9,-1.65,27.9,-1.65
48.883,28.05,-1.75,27.9,-1.65,27.9,-1.65
48.897,28.03,-1.74,27.91,-1.65,27.91,-1.65
48.911,28.03,-1.74,27.91,-1.65,27.91,-1.65
48.925,28.06,-1.76,27.91,-1.65,27.92,-1.65
48.939,28.05,-1.74,27.92,-1.65,27.92,-1.65
48.954,28.04,-1.71,27.92,-1.65,27.92,-1.65
48.968,28.06,-1.68,27.92,-1.65,27.93,-1.65
48.982,28.08,-1.7,27.93,-1.65,27.93,-1.65
48.996,28.08,-1.72,27.93,-1.65,27.93,-1.65
49.011,28.07,-1.7,27.93,-1.65,27.93,-1.65
49.025,28.05,-1.67,27.94,-1.66,27.94,-1.66
49.039,28.04,-1.71,27.94,-1.66,27.94,-1.66
49.053,28.02,-1.73,27.94,-1.66,27.94,-1.66
49.067,28.02,-1.7,27.94,-1.66,27.95,-1.66
49.082,28.06,-1.67,27.95,-1.66,27.95,-1.66
49.096,28.08,-1.72,27.95,-1.66,27.95,-1.66
49.11,28.1,-1.67,27.95,-1.66,27.95,-1.66
49.124,28.07,-1.68,27.95,-1.66,27.96,-1.66
49.138,28.05,-1.78,27.96,-1.66,27.96,-1.66
49.153,28.05,-1.79,27.96,-1.66,27.96,-1.66
49.167,28.03,-1.72,27.96,-1.66,27.96,-1.66
49.181,28.02,-1.64,27.97,-1.66,27.97,-1.66
49.195,28.04,-1.69,27.97,-1.66,27.97,-1.66
49.209,28.15,-1.74,27.97,-1.66,27.97,-1.66
49.224,28.16,-1.7,27.97,-1.66,27.98,-1.66
49.238,28.04,-1.7,27.98,-1.66,27.98,-1.66
49.252,28.03,-1.71,27.98,-1.66,27.98,-1.66
49.266,28.09,-1.67,27.98,-1.66,27.99,-1.66
49.28,28.09,-1.64,27.99,-1.66,27.99,-1.66
49.295,28.08,-1.64,27.99,-1.66,27.99,-1.66
49.309,28.09,-1.7,27.99,-1.66,27.99,-1.66
49.323,28.09,-1.73,27.99,-1.66,27.99,-1.66
49.337,28.11,-1.74,27.99,-1.66,28.0,-1.66
49.351,28.07,-1.71,28.0,-1.66,28.0,-1.66
49.366,28.1,-1.65,28.0,-1.66,28.0,-1.66
49.38,28.13,-1.68,28.01,-1.66,28.01,-1.66
49.394,28.16,-1.72,28.01,-1.66,28.01,-1.66
49.408,28.14,-1.7,28.01,-1.66,28.01,-1.66
49.423,28.09,-1.71,28.02,-1.66,28.02,-1.66
49.437,28.08,-1.72,28.02,-1.66,28.02,-1.66
49.451,28.12,-1.74,28.02,-1.66,28.02,-1.66
49.465,28.01,-1.7,28.03,-1.66,28.03,-1.66
49.479,28.02,-1.68,28.03,-1.66,28.03,-1.66
49.494,28.1,-1.65,28.03,-1.66,28.03,-1.66
49.508,28.1,-1.71,28.03,-1.66,28.03,-1.66
49.522,28.05,-1.74,28.03,-1.66,28.03,-1.67
49.536,28.04,-1.74,28.04,-1.67,28.04,-1.67
49.551,28.08,-1.72,28.04,-1.67,28.04,-1.67
49.565,28.09,-1.64,28.04,-1.67,28.04,-1.67
49.579,28.05,-1.64,28.04,-1.66,28.04,-1.66
49.593,28.11,-1.68,28.05,-1.66,28.05,-1.66
49.607,28.11,-1.7,28.05,-1.66,28.05,-1.66
49.622,28.12,-1.73,28.05,-1.66,28.05,-1.66
49.636,28.04,-1.72,28.05,-1.66,28.05,-1.67
49.651,28.05,-1.71,28.05,-1.67,28.05,-1.67
49.665,28.08,-1.69,28.06,-1.67,28.06,-1.67
49.679,28.04,-1.67,28.06,-1.67,28.06,-1.67
49.693,27.99,-1.69,28.06,-1.67,28.06,-1.67
49.708,28.02,-1.71,28.06,-1.67,28.06,-1.67
49.722,28.1,-1.67,28.06,-1.67,28.06,-1.67
49.736,28.1,-1.68,28.06,-1.67,28.06,-1.67
49.751,28.07,-1.62,28.07,-1.67,28.07,-1.67
49.765,28.07,-1.59,28.07,-1.67,28.07,-1.67
49.779,28.06,-1.6,28.07,-1.67,28.07,-1.66
49.793,28.07,-1.73,28.07,-1.66,28.07,-1.67
49.808,28.08,-1.74,28.07,-1.67,28.07,-1.67
49.822,28.02,-1.71,28.08,-1.67,28.07,-1.67
49.836,28.05,-1.75,28.08,-1.67,28.08,-1.67
49.85,28.09,-1.68,28.08,-1.67,28.08,-1.67
49.865,28.11,-1.62,28.08,-1.67,28.08,-1.67
49.879,28.09,-1.63,28.08,-1.67,28.08,-1.67
49.893,28.07,-1.68,28.08,-1.67,28.08,-1.67
49.907,28.04,-1.73,28.09,-1.67,28.08,-1.67
49.921,28.04,-1.74,28.09,-1.67,28.09,-1.67
49.935,28.07,-1.7,28.09,-1.67,28.09,-1.67
49.95,28.02,-1.68,28.09,-1.67,28.09,-1.67
49.964,28.03,-1.69,28.09,-1.67,28.09,-1.67
49.978,28.07,-1.69,28.09,-1.67,28.09,-1.67
49.992,28.08,-1.71,28.09,-1.67,28.09,-1.67
50.006,28.09,-1.71,28.09,-1.67,28.09,-1.67
50.021,28.13,-1.67,28.1,-1.67,28.1,-1.67
50.035,28.11,-1.67,28.1,-1.67,28.1,-1.67
50.049,28.04,-1.67,28.1,-1.67,28.1,-1.67
50.064,28.04,-1.71,28.1,-1.67,28.1,-1.67
50.079,28.12,-1.67,28.1,-1.67,28.1,-1.67
50.093,28.16,-1.69,28.1,-1.67,28.1,-1.67
50.107,28.06,-1.76,28.11,-1.67,28.11,-1.67
50.122,28.05,-1.75,28.11,-1.67,28.11,-1.67
50.136,28.04,-1.73,28.11,-1.67,28.11,-1.67
50.15,28.07,-1.72,28.11,-1.67,28.11,-1.67
50.165,28.1,-1.66,28.11,-1.67,28.11,-1.67
50.179,28.07,-1.75,28.12,-1.67,28.11,-1.67
50.193,28.09,-1.74,28.12,-1.67,28.12,-1.67
50.207,28.1,-1.68,28.12,-1.67,28.12,-1.67
50.222,28.09,-1.69,28.12,-1.67,28.12,-1.67
50.236,28.06,-1.69,28.12,-1.67,28.12,-1.67
50.25,28.06,-1.69,28.12,-1.67,28.12,-1.67
50.265,28.1,-1.69,28.12,-1.67,28.12,-1.67
50.279,28.1,-1.7,28.12,-1.67,28.12,-1.67
50.293,28.07,-1.72,28.13,-1.67,28.12,-1.67
50.308,28.02,-1.73,28.13,-1.67,28.13,-1.67
50.322,28.03,-1.72,28.13,-1.67,28.13,-1.67
50.336,28.04,-1.74,28.13,-1.67,28.13,-1.67
50.35,28.05,-1.71,28.13,-1.67,28.13,-1.67
50.365,28.09,-1.64,28.13,-1.68,28.13,-1.68
50.379,28.11,-1.67,28.13,-1.68,28.13,-1.68
50.393,28.07,-1.7,28.14,-1.68,28.13,-1.68
50.407,28.08,-1.74,28.14,-1.68,28.14,-1.68
50.421,28.11,-1.73,28.14,-1.68,28.14,-1.68
50.436,28.06,-1.68,28.14,-1.68,28.14,-1.68
50.45,28.03,-1.65,28.14,-1.68,28.14,-1.68
50.464,28.03,-1.67,28.14,-1.68,28.14,-1.68
50.478,28.08,-1.72,28.14,-1.68,28.14,-1.68
50.492,27.99,-1.69,28.14,-1.68,28.14,-1.68
50.506,28.0,-1.68,28.14,-1.68,28.14,-1.68
50.521,28.07,-1.71,28.14,-1.68,28.14,-1.68
50.535,28.11,-1.65,28.15,-1.68,28.15,-1.68
50.549,28.06,-1.66,28.15,-1.68,28.15,-1.68
50.563,28.09,-1.73,28.15,-1.68,28.15,-1.68
50.577,28.07,-1.69,28.15,-1.68,28.15,-1.68
50.591,28.09,-1.71,28.15,-1.68,28.15,-1.68
50.606,28.06,-1.74,28.15,-1.68,28.15,-1.68
50.62,28.04,-1.72,28.15,-1.68,28.15,-1.68
50.634,28.04,-1.66,28.15,-1.68,28.15,-1.68
50.648,28.05,-1.68,28.15,-1.68,28.15,-1.68
50.662,28.05,-1.68,28.15,-1.68,28.15,-1.68
50.676,28.03,-1.71,28.15,-1.68,28.15,-1.68
50.691,28.13,-1.76,28.16,-1.68,28.15,-1.68
50.705,28.11,-1.76,28.16,-1.68,28.16,-1.68
50.719,28.07,-1.73,28.16,-1.68,28.16,-1.68
50.733,28.05,-1.64,28.16,-1.68,28.16,-1.68
50.747,28.07,-1.63,28.16,-1.68,28.16,-1.68
50.762,28.15,-1.67,28.16,-1.68,28.16,-1.68
50.776,28.14,-1.68,28.16,-1.68,28.16,-1.68
50.79,28.05,-1.65,28.16,-1.68,28.16,-1.68
50.804,28.05,-1.63,28.16,-1.68,28.16,-1.68
50.819,28.02,-1.67,28.16,-1.68,28.16,-1.68
50.833,28.02,-1.69,28.16,-1.68,28.16,-1.68
50.847,28.03,-1.69,28.16,-1.68,28.16,-1.68
50.861,28.06,-1.69,28.17,-1.68,28.16,-1.68
50.876,28.08,-1.68,28.17,-1.68,28.17,-1.68
50.89,28.07,-1.73,28.17,-1.68,28.17,-1.68
50.904,28.08,-1.72,28.17,-1.68,28.17,-1.68
50.918,28.11,-1.74,28.17,-1.68,28.17,-1.68
50.933,28.12,-1.75,28.17,-1.68,28.17,-1.68
50.947,28.05,-1.63,28.17,-1.68,28.17,-1.68
50.961,28.08,-1.62,28.18,-1.68,28.17,-1.68
50.975,28.11,-1.66,28.18,-1.68,28.18,-1.68
50.99,28.07,-1.75,28.18,-1.67,28.18,-1.67
51.004,28.04,-1.72,28.18,-1.67,28.18,-1.68
51.018,28.1,-1.7,28.18,-1.68,28.18,-1.68
51.032,28.11,-1.69,28.18,-1.68,28.18,-1.68
51.047,28.02,-1.66,28.18,-1.68,28.18,-1.68
51.061,28.03,-1.69,28.18,-1.68,28.18,-1.68
51.075,28.06,-1.72,28.18,-1.68,28.18,-1.68
51.09,28.06,-1.71,28.18,-1.68,28.18,-1.68
51.104,28.07,-1.7,28.18,-1.68,28.18,-1.68
51.118,28.07,-1.71,28.18,-1.68,28.18,-1.68
51.132,28.08,-1.71,28.18,-1.68,28.18,-1.68
51.147,28.08,-1.67,28.18,-1.68,28.18,-1.68
51.161,28.06,-1.68,28.18,-1.68,28.18,-1.68
51.175,28.08,-1.71,28.18,-1.68,28.18,-1.68
51.189,28.11,-1.72,28.19,-1.68,28.18,-1.68
51.204,28.09,-1.71,28.19,-1.68,28.19,-1.68
51.218,28.1,-1.65,28.19,-1.68,28.19,-1.68
51.232,28.07,-1.71,28.19,-1.68,28.19,-1.68
51.246,28.04,-1.75,28.19,-1.68,28.19,-1.68
51.261,28.05,-1.71,28.19,-1.68,28.19,-1.68
51.276,28.1,-1.67,28.19,-1.68,28.19,-1.68
51.29,28.06,-1.69,28.19,-1.68,28.19,-1.68
51.304,28.05,-1.73,28.19,-1.68,28.19,-1.68
51.318,28.06,-1.73,28.19,-1.68,28.19,-1.68
51.333,28.07,-1.7,28.19,-1.68,28.19,-1.68
51.347,28.06,-1.72,28.19,-1.68,28.19,-1.68
51.361,28.06,-1.72,28.19,-1.68,28.19,-1.68
51.375,28.08,-1.69,28.19,-1.68,28.19,-1.68
51.39,28.09,-1.7,28.19,-1.68,28.19,-1.68
51.404,28.05,-1.7,28.19,-1.68,28.19,-1.68
51.419,28.04,-1.68,28.19,-1.68,28.19,-1.68
51.433,28.11,-1.66,28.2,-1.68,28.19,-1.68
51.447,28.08,-1.67,28.2,-1.68,28.2,-1.68
51.461,28.05,-1.72,28.2,-1.68,28.2,-1.68
51.476,28.08,-1.72,28.2,-1.68,28.2,-1.68
51.49,28.12,-1.73,28.2,-1.68,28.2,-1.69
51.504,28.02,-1.65,28.2,-1.68,28.2,-1.68
51.518,27.98,-1.62,28.2,-1.68,28.2,-1.68
51.532,28.06,-1.67,28.2,-1.68,28.2,-1.68
51.547,28.07,-1.7,28.2,-1.68,28.2,-1.68
51.561,28.06,-1.72,28.21,-1.68,28.2,-1.68
51.576,28.05,-1.7,28.21,-1.68,28.21,-1.68
51.59,28.06,-1.72,28.21,-1.68,28.21,-1.68
51.604,28.08,-1.71,28.21,-1.68,28.21,-1.68
51.619,28.08,-1.69,28.21,-1.68,28.21,-1.68
51.633,28.05,-1.67,28.21,-1.68,28.21,-1.68
51.647,28.12,-1.65,28.21,-1.68,28.21,-1.68
51.661,28.11,-1.7,28.21,-1.68,28.21,-1.68
51.676,28.11,-1.7,28.21,-1.68,28.21,-1.68
51.69,28.09,-1.66,28.22,-1.68,28.21,-1.68
51.706,28.05,-1.7,28.22,-1.68,28.22,-1.68
51.72,28.02,-1.68,28.22,-1.68,28.22,-1.68
51.734,28.03,-1.64,28.22,-1.68,28.21,-1.68
51.748,28.05,-1.66,28.22,-1.68,28.21,-1.68
51.762,28.08,-1.68,28.22,-1.68,28.22,-1.68
51.776,28.12,-1.69,28.22,-1.68,28.22,-1.68
51.791,28.05,-1.66,28.22,-1.68,28.22,-1.68
51.805,28.05,-1.68,28.22,-1.68,28.22,-1.68
51.819,28.13,-1.66,28.22,-1.68,28.22,-1.68
51.834,28.17,-1.65,28.22,-1.68,28.22,-1.68
51.848,28.11,-1.71,28.22,-1.68,28.22,-1.68
51.862,28.07,-1.73,28.22,-1.68,28.22,-1.68
51.877,28.02,-1.71,28.22,-1.68,28.22,-1.68
51.891,28.06,-1.74,28.22,-1.68,28.22,-1.68
51.905,28.11,-1.73,28.22,-1.68,28.22,-1.68
51.92,28.12,-1.64,28.22,-1.68,28.22,-1.68
51.934,28.12,-1.66,28.22,-1.68,28.22,-1.68
51.948,28.1,-1.7,28.22,-1.68,28.22,-1.68
51.962,28.1,-1.72,28.22,-1.68,28.22,-1.68
51.977,28.03,-1.72,28.22,-1.68,28.22,-1.68
51.991,27.99,-1.66,28.22,-1.68,28.22,-1.68
52.005,28.02,-1.63,28.22,-1.68,28.22,-1.68
52.019,28.15,-1.67,28.22,-1.68,28.22,-1.68
52.036,28.14,-1.66,28.22,-1.68,28.22,-1.68
52.05,28.08,-1.68,28.22,-1.68,28.22,-1.68
52.064,28.02,-1.7,28.23,-1.68,28.22,-1.68
52.079,28.05,-1.65,28.23,-1.68,28.22,-1.68
52.093,28.1,-1.66,28.23,-1.68,28.22,-1.68
52.107,28.13,-1.69,28.23,-1.68,28.23,-1.68
52.121,28.09,-1.71,28.23,-1.68,28.23,-1.68
52.139,28.06,-1.68,28.23,-1.68,28.23,-1.68
52.154,28.05,-1.7,28.23,-1.68,28.23,-1.68
52.168,28.1,-1.74,28.23,-1.68,28.23,-1.68
52.182,28.16,-1.75,28.23,-1.68,28.23,-1.68
52.197,28.06,-1.69,28.23,-1.68,28.23,-1.68
52.211,28.06,-1.68,28.23,-1.68,28.23,-1.68
52.226,28.09,-1.72,28.23,-1.68,28.23,-1.68
52.24,28.05,-1.73,28.23,-1.68,28.23,-1.68
52.254,28.06,-1.71,28.23,-1.68,28.23,-1.68
52.268,28.11,-1.76,28.23,-1.68,28.23,-1.68
52.283,28.11,-1.75,28.23,-1.68,28.23,-1.68
52.297,28.06,-1.7,28.24,-1.68,28.23,-1.68
52.311,28.02,-1.67,28.24,-1.68,28.23,-1.68
52.325,28.04,-1.72,28.23,-1.68,28.23,-1.68
52.339,28.0,-1.74,28.24,-1.68,28.23,-1.68
52.354,28.07,-1.71,28.23,-1.68,28.23,-1.68
52.368,28.06,-1.7,28.23,-1.68,28.23,-1.68
52.382,28.06,-1.73,28.23,-1.68,28.23,-1.68
52.396,28.11,-1.75,28.23,-1.68,28.23,-1.68
52.411,28.12,-1.72,28.23,-1.68,28.23,-1.68
52.425,28.11,-1.69,28.23,-1.68,28.23,-1.68
52.439,28.09,-1.68,28.24,-1.68,28.23,-1.68
52.453,28.11,-1.77,28.24,-1.68,28.23,-1.68
52.467,28.09,-1.78,28.24,-1.68,28.23,-1.68
52.482,28.11,-1.61,28.23,-1.68,28.23,-1.68
52.496,28.07,-1.61,28.24,-1.68,28.23,-1.68
52.51,28.05,-1.7,28.24,-1.68,28.23,-1.68
52.525,28.04,-1.71,28.24,-1.68,28.23,-1.68
52.539,28.03,-1.69,28.24,-1.68,28.23,-1.68
52.553,28.06,-1.71,28.24,-1.68,28.23,-1.68
52.567,28.06,-1.73,28.24,-1.68,28.23,-1.68
52.582,28.05,-1.73,28.24,-1.68,28.23,-1.68
52.596,28.04,-1.69,28.23,-1.68,28.23,-1.68
52.61,28.04,-1.69,28.23,-1.68,28.23,-1.68
52.625,28.08,-1.71,28.24,-1.68,28.23,-1.68
52.639,28.07,-1.74,28.24,-1.68,28.23,-1.68
52.653,28.04,-1.74,28.24,-1.68,28.24,-1.68
52.667,28.04,-1.68,28.24,-1.68,28.24,-1.68
52.681,28.05,-1.6,28.24,-1.68,28.24,-1.68
52.695,28.05,-1.65,28.24,-1.68,28.23,-1.68
52.709,28.1,-1.7,28.24,-1.68,28.24,-1.68
52.724,28.12,-1.73,28.24,-1.68,28.24,-1.68
52.738,28.03,-1.71,28.24,-1.68,28.24,-1.68
52.752,27.98,-1.66,28.24,-1.68,28.24,-1.68
52.766,28.01,-1.62,28.24,-1.68,28.24,-1.68
52.78,28.1,-1.68,28.24,-1.68,28.24,-1.68
52.794,28.09,-1.73,28.24,-1.68,28.24,-1.68
52.809,28.11,-1.73,28.24,-1.68,28.24,-1.68
52.823,28.09,-1.69,28.24,-1.68,28.24,-1.68
52.837,28.05,-1.67,28.24,-1.68,28.24,-1.68
52.851,28.04,-1.69,28.24,-1.68,28.24,-1.68
52.866,28.06,-1.76,28.24,-1.68,28.24,-1.68
52.88,28.07,-1.77,28.24,-1.68,28.24,-1.68
52.894,28.08,-1.76,28.24,-1.68,28.24,-1.68
52.908,28.06,-1.72,28.24,-1.68,28.24,-1.68
52.922,28.07,-1.7,28.24,-1.68,28.24,-1.68
52.936,28.01,-1.74,28.24,-1.68,28.24,-1.68
52.951,27.97,-1.7,28.24,-1.68,28.24,-1.68
52.965,28.04,-1.71,28.24,-1.68,28.24,-1.68
52.979,28.05,-1.72,28.24,-1.68,28.24,-1.68
52.993,28.08,-1.71,28.24,-1.68,28.24,-1.68
53.008,28.12,-1.69,28.24,-1.68,28.24,-1.68
53.022,28.1,-1.7,28.24,-1.68,28.24,-1.68
53.036,28.08,-1.67,28.24,-1.68,28.24,-1.68
53.05,28.1,-1.66,28.24,-1.68,28.24,-1.68
53.064,28.06,-1.65,28.24,-1.68,28.24,-1.68
53.078,28.02,-1.66,28.24,-1.68,28.24,-1.68
53.093,28.02,-1.65,28.24,-1.68,28.24,-1.68
53.107,28.1,-1.68,28.24,-1.68,28.24,-1.68
53.121,28.1,-1.68,28.24,-1.68,28.24,-1.68
53.135,28.02,-1.72,28.25,-1.68,28.24,-1.68
53.15,28.03,-1.7,28.25,-1.68,28.24,-1.68
53.164,28.11,-1.7,28.25,-1.68,28.24,-1.68
53.178,28.11,-1.67,28.25,-1.68,28.24,-1.68
53.192,28.1,-1.67,28.25,-1.68,28.24,-1.68
53.206,28.04,-1.69,28.25,-1.68,28.24,-1.68
53.22,28.01,-1.69,28.25,-1.68,28.24,-1.68
53.235,28.05,-1.65,28.25,-1.68,28.24,-1.68
53.249,28.12,-1.65,28.25,-1.68,28.24,-1.68
53.263,28.11,-1.66,28.25,-1.68,28.24,-1.68
53.277,28.08,-1.69,28.25,-1.68,28.24,-1.68
53.291,28.05,-1.75,28.25,-1.68,28.24,-1.68
53.305,28.05,-1.73,28.24,-1.68,28.24,-1.68
53.32,28.04,-1.7,28.24,-1.68,28.24,-1.68
53.334,28.11,-1.69,28.24,-1.68,28.24,-1.68
53.348,28.14,-1.69,28.24,-1.68,28.24,-1.68
53.362,28.07,-1.67,28.25,-1.68,28.24,-1.68
53.377,28.05,-1.71,28.25,-1.68,28.24,-1.68
53.391,28.02,-1.81,28.25,-1.68,28.24,-1.68
53.405,28.06,-1.76,28.25,-1.68,28.24,-1.68
53.419,28.16,-1.66,28.25,-1.68,28.24,-1.68
53.433,28.18,-1.63,28.25,-1.68,28.25,-1.68
53.448,28.16,-1.62,28.25,-1.68,28.25,-1.68
53.462,28.05,-1.78,28.25,-1.68,28.25,-1.68
53.476,28.02,-1.85,28.25,-1.68,28.25,-1.68
53.49,28.01,-1.72,28.25,-1.68,28.24,-1.68
53.504,28.08,-1.65,28.25,-1.68,28.24,-1.68
53.519,28.12,-1.65,28.25,-1.68,28.24,-1.68
53.533,28.11,-1.67,28.25,-1.68,28.24,-1.68
53.547,28.05,-1.72,28.25,-1.68,28.24,-1.68
53.561,28.02,-1.76,28.25,-1.68,28.24,-1.68
53.575,28.03,-1.76,28.24,-1.68,28.24,-1.68
53.589,28.06,-1.63,28.24,-1.68,28.24,-1.68
53.603,28.08,-1.6,28.24,-1.68,28.24,-1.68
53.618,28.1,-1.66,28.24,-1.68,28.24,-1.68
53.632,28.07,-1.73,28.24,-1.68,28.24,-1.68
53.646,28.03,-1.78,28.24,-1.68,28.24,-1.68
53.66,28.09,-1.7,28.24,-1.68,28.24,-1.68
53.674,28.12,-1.69,28.24,-1.68,28.24,-1.68
53.689,28.07,-1.69,28.24,-1.68,28.24,-1.68
53.703,28.1,-1.69,28.24,-1.68,28.24,-1.68
53.717,28.11,-1.72,28.25,-1.68,28.24,-1.68
53.731,28.06,-1.75,28.25,-1.68,28.24,-1.68
53.745,28.05,-1.76,28.25,-1.68,28.24,-1.68
53.76,28.04,-1.74,28.25,-1.68,28.24,-1.68
53.774,28.07,-1.67,28.24,-1.68,28.24,-1.68
53.788,28.09,-1.65,28.25,-1.69,28.24,-1.68
53.802,28.09,-1.72,28.25,-1.68,28.25,-1.69
53.816,28.14,-1.75,28.25,-1.69,28.25,-1.69
53.83,28.11,-1.71,28.25,-1.69,28.25,-1.69
53.846,28.04,-1.59,28.25,-1.69,28.25,-1.69
53.86,28.04,-1.62,28.25,-1.69,28.25,-1.68
53.875,28.11,-1.67,28.25,-1.68,28.25,-1.68
53.889,28.13,-1.7,28.25,-1.68,28.25,-1.68
53.903,28.11,-1.74,28.25,-1.68,28.25,-1.68
53.917,28.11,-1.72,28.25,-1.68,28.25,-1.68
53.931,28.09,-1.69,28.25,-1.68,28.25,-1.68
53.946,28.03,-1.61,28.25,-1.68,28.25,-1.68
53.96,28.06,-1.57,28.25,-1.68,28.25,-1.68
53.974,28.09,-1.73,28.25,-1.68,28.25,-1.68
53.988,28.07,-1.78,28.25,-1.68,28.25,-1.68
54.002,28.06,-1.72,28.25,-1.68,28.25,-1.68
54.017,28.1,-1.7,28.25,-1.68,28.25,-1.68
54.031,28.09,-1.66,28.25,-1.68,28.25,-1.68
54.045,28.03,-1.61,28.25,-1.68,28.25,-1.68
54.06,28.08,-1.65,28.25,-1.68,28.25,-1.68
54.074,28.09,-1.79,28.25,-1.68,28.25,-1.68
54.089,28.1,-1.8,28.25,-1.68,28.25,-1.69
54.104,28.04,-1.7,28.26,-1.69,28.25,-1.69
54.118,28.03,-1.63,28.26,-1.69,28.25,-1.69
54.132,28.06,-1.66,28.25,-1.69,28.25,-1.69
54.146,28.09,-1.71,28.25,-1.69,28.25,-1.69
54.16,28.09,-1.77,28.25,-1.69,28.25,-1.69
54.175,28.05,-1.76,28.25,-1.69,28.25,-1.69
54.189,28.07,-1.74,28.25,-1.69,28.25,-1.69
54.203,28.1,-1.63,28.25,-1.69,28.25,-1.69
54.217,28.08,-1.59,28.25,-1.69,28.25,-1.69
54.231,28.02,-1.69,28.25,-1.68,28.25,-1.68
54.245,28.04,-1.76,28.25,-1.68,28.25,-1.69
54.259,28.07,-1.74,28.25,-1.68,28.25,-1.68
54.274,28.07,-1.64,28.25,-1.68,28.25,-1.68
54.288,28.09,-1.67,28.26,-1.69,28.25,-1.69
54.302,28.13,-1.74,28.26,-1.69,28.25,-1.69
54.317,28.1,-1.77,28.26,-1.69,28.25,-1.69
54.331,28.05,-1.78,28.26,-1.69,28.25,-1.69
54.345,28.05,-1.77,28.26,-1.69,28.25,-1.69
54.36,28.12,-1.69,28.26,-1.69,28.25,-1.69
54.374,28.12,-1.67,28.26,-1.69,28.26,-1.69
54.388,28.11,-1.66,28.26,-1.69,28.26,-1.69
54.402,28.02,-1.76,28.26,-1.69,28.26,-1.69
54.416,27.97,-1.78,28.26,-1.69,28.26,-1.69
54.43,28.05,-1.74,28.26,-1.69,28.26,-1.69
54.444,28.06,-1.69,28.26,-1.69,28.26,-1.69
54.458,28.09,-1.71,28.26,-1.69,28.26,-1.69
54.473,28.06,-1.74,28.26,-1.69,28.26,-1.69
54.487,28.04,-1.72,28.26,-1.69,28.26,-1.69
54.501,28.03,-1.72,28.26,-1.69,28.26,-1.69
54.515,28.06,-1.73,28.26,-1.69,28.26,-1.69
54.53,28.11,-1.67,28.26,-1.69,28.26,-1.69
54.544,28.08,-1.66,28.26,-1.69,28.26,-1.69
54.558,28.09,-1.73,28.26,-1.69,28.26,-1.69
54.572,28.07,-1.71,28.26,-1.69,28.26,-1.69
54.587,28.07,-1.69,28.26,-1.69,28.26,-1.69
54.601,28.1,-1.69,28.26,-1.69,28.26,-1.69
54.616,28.11,-1.6,28.26,-1.69,28.26,-1.69
54.63,28.1,-1.6,28.26,-1.69,28.26,-1.69
54.644,28.07,-1.64,28.26,-1.69,28.26,-1.69
54.658,28.02,-1.67,28.26,-1.69,28.25,-1.69
54.672,28.01,-1.72,28.26,-1.69,28.25,-1.69
54.686,28.06,-1.7,28.25,-1.69,28.25,-1.69
54.701,28.09,-1.69,28.25,-1.69,28.25,-1.69
54.715,28.07,-1.65,28.25,-1.69,28.25,-1.69
54.729,28.07,-1.65,28.26,-1.69,28.25,-1.69
54.743,28.09,-1.69,28.26,-1.69,28.25,-1.69
54.758,28.05,-1.77,28.26,-1.69,28.25,-1.69
54.772,28.09,-1.76,28.25,-1.69,28.25,-1.69
54.786,28.06,-1.66,28.25,-1.69,28.25,-1.69
54.801,28.08,-1.62,28.26,-1.69,28.25,-1.69
54.815,28.11,-1.64,28.26,-1.69,28.25,-1.69
54.83,28.1,-1.71,28.26,-1.68,28.25,-1.69
54.844,28.03,-1.75,28.26,-1.69,28.25,-1.69
54.858,28.05,-1.74,28.26,-1.69,28.25,-1.69
54.872,28.09,-1.71,28.26,-1.69,28.26,-1.69
54.887,28.1,-1.66,28.26,-1.68,28.26,-1.68
54.901,28.06,-1.68,28.26,-1.69,28.26,-1.69
54.915,28.05,-1.62,28.26,-1.69,28.26,-1.69
54.929,28.07,-1.63,28.26,-1.69,28.26,-1.68
54.943,28.11,-1.71,28.26,-1.68,28.26,-1.69
54.957,28.1,-1.68,28.26,-1.68,28.26,-1.68
54.972,28.08,-1.62,28.26,-1.68,28.26,-1.68
54.986,28.09,-1.67,28.26,-1.68,28.26,-1.68
55.0,28.07,-1.72,28.26,-1.68,28.26,-1.68
55.014,28.0,-1.72,28.26,-1.68,28.26,-1.68
55.029,28.07,-1.67,28.26,-1.68,28.26,-1.68
55.043,28.15,-1.67,28.26,-1.68,28.26,-1.68
55.057,28.13,-1.7,28.26,-1.68,28.26,-1.68
55.071,28.07,-1.66,28.26,-1.68,28.26,-1.68
55.086,28.06,-1.65,28.26,-1.68,28.26,-1.68
55.1,28.08,-1.65,28.26,-1.68,28.26,-1.68
55.114,28.09,-1.65,28.26,-1.68,28.26,-1.68
55.128,28.06,-1.6,28.26,-1.68,28.26,-1.68
55.143,28.13,-1.64,28.26,-1.68,28.26,-1.68
55.157,28.12,-1.65,28.26,-1.68,28.26,-1.68
55.171,28.06,-1.71,28.26,-1.68,28.26,-1.68
55.185,28.05,-1.71,28.26,-1.68,28.26,-1.68
55.199,28.09,-1.67,28.26,-1.68,28.26,-1.68
55.214,28.1,-1.66,28.26,-1.68,28.26,-1.68
55.229,28.1,-1.72,28.26,-1.68,28.26,-1.68
55.243,28.06,-1.72,28.26,-1.68,28.26,-1.68
55.257,28.05,-1.72,28.26,-1.68,28.26,-1.68
55.272,28.01,-1.7,28.27,-1.68,28.26,-1.68
55.286,28.0,-1.68,28.26,-1.68,28.26,-1.68
55.3,28.1,-1.62,28.26,-1.68,28.26,-1.68
55.314,28.09,-1.65,28.26,-1.68,28.26,-1.68
55.329,28.07,-1.76,28.27,-1.68,28.26,-1.68
55.343,28.04,-1.75,28.27,-1.68,28.26,-1.68
55.357,28.01,-1.69,28.26,-1.68,28.26,-1.68
55.372,28.03,-1.71,28.26,-1.68,28.26,-1.68
55.386,28.05,-1.71,28.27,-1.68,28.26,-1.68
55.4,28.13,-1.7,28.26,-1.68,28.26,-1.68
55.414,28.15,-1.7,28.26,-1.68,28.26,-1.68
55.428,28.07,-1.76,28.26,-1.68,28.26,-1.68
55.443,28.07,-1.74,28.26,-1.68,28.26,-1.68
55.457,28.13,-1.64,28.26,-1.68,28.26,-1.68
55.471,28.08,-1.61,28.26,-1.68,28.26,-1.68
55.485,28.04,-1.61,28.27,-1.68,28.26,-1.68
55.499,28.07,-1.63,28.27,-1.68,28.26,-1.68
55.514,28.08,-1.65,28.27,-1.68,28.26,-1.68
55.528,28.06,-1.68,28.27,-1.68,28.26,-1.68
55.542,28.05,-1.66,28.27,-1.68,28.26,-1.68
55.556,28.04,-1.66,28.27,-1.68,28.26,-1.68
55.57,28.05,-1.66,28.27,-1.68,28.26,-1.68
55.585,28.11,-1.65,28.26,-1.68,28.26,-1.68
55.598,28.14,-1.67,28.26,-1.68,28.26,-1.68
55.613,28.12,-1.7,28.27,-1.68,28.26,-1.68
55.627,28.07,-1.7,28.27,-1.68,28.26,-1.68
55.641,28.05,-1.67,28.27,-1.68,28.26,-1.68
55.656,28.02,-1.73,28.26,-1.68,28.26,-1.68
55.67,28.07,-1.72,28.27,-1.68,28.26,-1.68
55.684,28.08,-1.67,28.27,-1.68,28.26,-1.68
55.698,28.07,-1.69,28.27,-1.68,28.26,-1.68
55.712,28.07,-1.69,28.27,-1.68,28.26,-1.68
55.727,28.06,-1.68,28.27,-1.68,28.26,-1.68
55.74,28.01,-1.68,28.27,-1.68,28.26,-1.68
55.755,28.06,-1.72,28.26,-1.68,28.26,-1.68
55.769,28.12,-1.72,28.26,-1.68,28.26,-1.68
55.783,28.03,-1.73,28.26,-1.68,28.26,-1.68
55.797,27.99,-1.72,28.26,-1.68,28.26,-1.68
55.811,28.02,-1.67,28.26,-1.68,28.26,-1.68
55.825,28.09,-1.65,28.26,-1.68,28.26,-1.68
55.84,28.11,-1.66,28.26,-1.68,28.26,-1.68
55.856,28.06,-1.7,28.26,-1.68,28.26,-1.68
55.87,28.07,-1.7,28.26,-1.68,28.26,-1.68
55.885,28.09,-1.66,28.26,-1.68,28.26,-1.68
55.899,28.07,-1.65,28.26,-1.68,28.26,-1.68
55.913,28.08,-1.7,28.26,-1.68,28.26,-1.68
55.928,28.1,-1.71,28.26,-1.68,28.26,-1.68
55.942,28.05,-1.69,28.26,-1.68,28.26,-1.68
55.956,28.04,-1.66,28.26,-1.68,28.26,-1.68
55.97,28.03,-1.64,28.27,-1.68,28.26,-1.68
55.985,28.08,-1.67,28.27,-1.68,28.26,-1.68
55.999,28.12,-1.68,28.27,-1.68,28.26,-1.68
56.013,28.11,-1.65,28.27,-1.68,28.26,-1.68
56.028,28.06,-1.67,28.27,-1.68,28.26,-1.68
56.042,28.05,-1.73,28.26,-1.68,28.26,-1.68
56.056,28.07,-1.71,28.26,-1.68,28.26,-1.68
56.07,28.08,-1.68,28.27,-1.68,28.26,-1.68
56.086,28.07,-1.7,28.27,-1.68,28.26,-1.68
56.1,28.06,-1.67,28.27,-1.68,28.26,-1.68
56.114,28.07,-1.65,28.27,-1.68,28.26,-1.68
56.129,28.05,-1.63,28.27,-1.68,28.26,-1.68
56.143,28.07,-1.62,28.27,-1.68,28.26,-1.68
56.157,28.08,-1.64,28.26,-1.68,28.26,-1.68
56.172,28.09,-1.71,28.26,-1.68,28.26,-1.68
56.186,28.09,-1.69,28.26,-1.68,28.26,-1.68
56.2,28.06,-1.72,28.26,-1.68,28.26,-1.68
56.214,28.05,-1.71,28.27,-1.68,28.26,-1.68
56.229,28.03,-1.69,28.27,-1.68,28.26,-1.68
56.243,28.03,-1.68,28.27,-1.68,28.26,-1.68
56.257,28.05,-1.66,28.27,-1.68,28.26,-1.68
56.271,28.09,-1.69,28.27,-1.68,28.26,-1.68
56.286,28.03,-1.68,28.27,-1.68,28.27,-1.68
56.3,28.09,-1.67,28.27,-1.68,28.27,-1.68
56.314,28.14,-1.7,28.27,-1.68,28.27,-1.68
56.328,28.05,-1.64,28.27,-1.68,28.27,-1.68
56.343,28.04,-1.61,28.27,-1.68,28.27,-1.68
56.357,28.19,-1.67,28.27,-1.68,28.27,-1.68
56.372,28.26,-1.73,28.27,-1.68,28.27,-1.68
56.386,27.99,-1.57,28.28,-1.69,28.27,-1.68
56.401,28.0,-1.7,28.27,-1.68,28.27,-1.68
56.415,28.04,-1.79,28.27,-1.68,28.27,-1.69
56.429,28.08,-1.64,28.27,-1.69,28.27,-1.69
56.443,28.1,-1.64,28.27,-1.69,28.27,-1.69
56.457,28.02,-1.62,28.27,-1.69,28.27,-1.69
56.471,28.05,-1.63,28.27,-1.69,28.27,-1.69
56.486,28.21,-1.76,28.27,-1.69,28.27,-1.69
56.5,28.18,-1.74,28.28,-1.69,28.28,-1.69
56.514,28.02,-1.69,28.28,-1.69,28.28,-1.69
56.528,28.0,-1.67,28.28,-1.69,28.28,-1.69
56.543,28.1,-1.72,28.28,-1.69,28.28,-1.69
56.557,28.09,-1.58,28.28,-1.69,28.28,-1.69
56.571,28.08,-1.59,28.28,-1.69,28.28,-1.69
56.585,28.1,-1.71,28.28,-1.69,28.28,-1.69
56.599,28.06,-1.68,28.28,-1.69,28.28,-1.69
56.614,28.06,-1.66,28.28,-1.69,28.28,-1.69
56.628,28.13,-1.67,28.29,-1.69,28.28,-1.69
56.642,28.13,-1.65,28.29,-1.69,28.28,-1.69
56.657,28.08,-1.63,28.29,-1.69,28.28,-1.69
56.671,28.08,-1.7,28.29,-1.69,28.28,-1.69
56.685,28.05,-1.79,28.29,-1.69,28.28,-1.69
56.699,28.05,-1.75,28.28,-1.69,28.28,-1.69
56.713,28.16,-1.64,28.28,-1.69,28.28,-1.69
56.728,28.08,-1.57,28.29,-1.69,28.28,-1.69
56.742,28.04,-1.66,28.29,-1.69,28.28,-1.69
56.756,28.1,-1.72,28.29,-1.69,28.28,-1.69
56.77,28.06,-1.74,28.28,-1.69,28.28,-1.69
56.785,28.03,-1.71,28.28,-1.69,28.28,-1.69
56.799,28.06,-1.69,28.28,-1.69,28.28,-1.69
56.813,28.08,-1.67,28.28,-1.69,28.28,-1.69
56.827,28.06,-1.67,28.29,-1.69,28.28,-1.69
56.842,28.02,-1.74,28.29,-1.69,28.28,-1.69
56.856,28.0,-1.76,28.29,-1.69,28.28,-1.69
56.87,28.03,-1.79,28.29,-1.69,28.28,-1.69
56.884,28.14,-1.71,28.29,-1.69,28.28,-1.69
56.898,28.11,-1.68,28.29,-1.69,28.28,-1.69
56.912,28.01,-1.6,28.29,-1.69,28.28,-1.69
56.927,28.04,-1.67,28.29,-1.69,28.28,-1.69
56.941,28.08,-1.78,28.29,-1.69,28.28,-1.69
56.955,28.05,-1.72,28.29,-1.69,28.28,-1.69
56.969,28.11,-1.63,28.29,-1.69,28.28,-1.69
56.983,28.09,-1.64,28.29,-1.69,28.29,-1.69
56.997,28.06,-1.67,28.29,-1.69,28.29,-1.69
57.012,28.07,-1.76,28.29,-1.69,28.29,-1.69
57.026,28.09,-1.73,28.29,-1.69,28.29,-1.69
57.04,28.03,-1.65,28.29,-1.69,28.29,-1.69
57.055,28.03,-1.65,28.29,-1.69,28.29,-1.69
57.069,28.09,-1.6,28.29,-1.69,28.29,-1.69
57.083,28.06,-1.62,28.29,-1.69,28.29,-1.69
57.097,27.98,-1.66,28.29,-1.69,28.29,-1.69
57.112,27.96,-1.75,28.29,-1.69,28.29,-1.69
57.126,28.04,-1.8,28.29,-1.69,28.28,-1.69
57.14,28.08,-1.68,28.29,-1.69,28.28,-1.69
57.154,28.02,-1.62,28.29,-1.69,28.28,-1.69
57.169,28.11,-1.66,28.29,-1.69,28.28,-1.69
57.183,28.09,-1.69,28.29,-1.69,28.28,-1.69
57.197,28.02,-1.72,28.29,-1.69,28.28,-1.69
57.211,28.06,-1.69,28.29,-1.69,28.28,-1.69
57.225,28.1,-1.7,28.29,-1.69,28.28,-1.69
57.239,28.06,-1.71,28.29,-1.69,28.28,-1.69
57.253,28.06,-1.66,28.29,-1.69,28.28,-1.69
57.267,28.08,-1.67,28.29,-1.69,28.28,-1.69
57.281,28.05,-1.69,28.28,-1.69,28.28,-1.69
57.296,28.05,-1.76,28.28,-1.69,28.28,-1.69
57.31,28.11,-1.7,28.28,-1.69,28.28,-1.69
57.324,28.11,-1.62,28.28,-1.69,28.28,-1.69
57.338,28.02,-1.67,28.28,-1.69,28.28,-1.69
57.352,28.02,-1.71,28.28,-1.69,28.28,-1.69
57.367,28.07,-1.75,28.28,-1.69,28.28,-1.69
57.381,28.11,-1.7,28.28,-1.69,28.28,-1.69
57.395,28.15,-1.57,28.28,-1.69,28.28,-1.69
57.41,28.11,-1.63,28.28,-1.69,28.28,-1.69
57.424,28.08,-1.73,28.28,-1.69,28.28,-1.69
57.438,28.05,-1.77,28.28,-1.69,28.28,-1.69
57.452,28.06,-1.73,28.28,-1.69,28.28,-1.69
57.466,28.1,-1.63,28.28,-1.69,28.28,-1.69
57.48,28.05,-1.66,28.28,-1.68,28.28,-1.68
57.494,28.0,-1.68,28.28,-1.68,28.28,-1.68
57.509,28.02,-1.63,28.28,-1.68,28.28,-1.68
57.523,28.05,-1.63,28.28,-1.68,28.28,-1.68
57.537,28.07,-1.73,28.28,-1.68,28.28,-1.68
57.551,28.06,-1.7,28.28,-1.68,28.28,-1.68
57.565,28.06,-1.57,28.28,-1.68,28.28,-1.68
57.579,28.08,-1.6,28.28,-1.68,28.28,-1.68
57.594,28.16,-1.79,28.28,-1.68,28.28,-1.68
57.608,28.15,-1.8,28.28,-1.68,28.28,-1.68
57.622,28.0,-1.73,28.28,-1.68,28.28,-1.68
57.636,27.98,-1.66,28.28,-1.68,28.28,-1.68
57.65,28.02,-1.62,28.28,-1.68,28.27,-1.68
57.664,28.08,-1.62,28.28,-1.68,28.27,-1.68
57.679,28.05,-1.65,28.28,-1.68,28.27,-1.68
57.693,28.05,-1.77,28.27,-1.68,28.27,-1.68
57.707,28.09,-1.77,28.27,-1.68,28.27,-1.68
57.724,28.04,-1.61,28.27,-1.68,28.27,-1.68
57.738,28.0,-1.52,28.27,-1.68,28.27,-1.68
57.752,28.03,-1.67,28.27,-1.67,28.27,-1.67
57.766,28.09,-1.79,28.27,-1.67,28.27,-1.68
57.781,28.16,-1.79,28.27,-1.67,28.27,-1.68
57.795,28.14,-1.75,28.27,-1.68,28.27,-1.68
57.81,28.05,-1.69,28.27,-1.68,28.27,-1.68
57.824,28.0,-1.56,28.27,-1.68,28.27,-1.68
57.838,28.08,-1.61,28.27,-1.68,28.27,-1.68
57.852,28.1,-1.76,28.27,-1.68,28.27,-1.68
57.866,28.02,-1.75,28.27,-1.68,28.27,-1.68
57.88,28.02,-1.66,28.27,-1.68,28.27,-1.68
57.895,28.1,-1.61,28.27,-1.68,28.27,-1.68
57.909,28.18,-1.63,28.27,-1.68,28.27,-1.68
57.923,28.16,-1.69,28.27,-1.68,28.27,-1.68
57.938,28.09,-1.76,28.27,-1.68,28.27,-1.68
57.952,28.05,-1.78,28.27,-1.68,28.27,-1.68
57.966,28.11,-1.7,28.27,-1.68,28.27,-1.68
57.98,28.08,-1.62,28.27,-1.68,28.27,-1.68
57.994,28.03,-1.65,28.27,-1.68,28.27,-1.68
58.009,28.07,-1.71,28.27,-1.68,28.27,-1.68
58.023,28.1,-1.67,28.27,-1.68,28.27,-1.68
58.037,28.09,-1.69,28.27,-1.68,28.27,-1.68
58.052,28.11,-1.74,28.27,-1.68,28.27,-1.68
58.066,28.1,-1.7,28.27,-1.68,28.27,-1.68
58.08,28.1,-1.62,28.27,-1.68,28.27,-1.68
58.095,28.08,-1.62,28.27,-1.68,28.27,-1.68
58.109,28.01,-1.73,28.27,-1.68,28.27,-1.68
58.123,27.99,-1.78,28.27,-1.68,28.27,-1.68
58.138,28.08,-1.71,28.27,-1.68,28.27,-1.68
58.152,28.1,-1.66,28.27,-1.68,28.27,-1.68
58.166,28.11,-1.66,28.27,-1.68,28.27,-1.68
58.18,28.11,-1.71,28.27,-1.68,28.27,-1.68
58.194,28.05,-1.74,28.27,-1.68,28.27,-1.68
58.209,27.95,-1.66,28.27,-1.68,28.27,-1.68
58.223,28.02,-1.62,28.27,-1.68,28.27,-1.68
58.237,28.1,-1.56,28.27,-1.68,28.27,-1.68
58.252,28.06,-1.6,28.27,-1.68,28.27,-1.68
58.266,28.07,-1.71,28.27,-1.68,28.27,-1.68
58.28,28.08,-1.7,28.27,-1.68,28.27,-1.68
58.295,27.99,-1.7,28.27,-1.68,28.27,-1.68
58.309,28.01,-1.71,28.27,-1.68,28.27,-1.68
58.323,28.1,-1.72,28.27,-1.68,28.27,-1.68
58.337,28.11,-1.61,28.27,-1.68,28.27,-1.68
58.352,28.11,-1.58,28.27,-1.68,28.27,-1.68
58.367,28.03,-1.65,28.28,-1.68,28.27,-1.68
58.381,27.96,-1.71,28.28,-1.68,28.27,-1.68
58.395,27.92,-1.76,28.28,-1.69,28.27,-1.69
58.41,28.05,-1.76,28.28,-1.68,28.28,-1.69
58.424,28.19,-1.66,28.28,-1.68,28.28,-1.68
58.438,28.16,-1.62,28.28,-1.68,28.28,-1.68
58.452,28.1,-1.65,28.28,-1.68,28.28,-1.68
58.467,27.99,-1.78,28.28,-1.69,28.28,-1.69
58.481,28.05,-1.75,28.28,-1.69,28.28,-1.69
58.495,28.16,-1.66,28.28,-1.69,28.28,-1.69
58.509,28.05,-1.63,28.28,-1.69,28.28,-1.69
58.523,28.01,-1.65,28.28,-1.69,28.28,-1.69
58.537,28.09,-1.72,28.28,-1.69,28.28,-1.69
58.551,28.02,-1.78,28.28,-1.69,28.27,-1.69
58.566,27.94,-1.69,28.28,-1.69,28.27,-1.69
58.58,27.98,-1.59,28.28,-1.69,28.28,-1.69
58.594,28.15,-1.67,28.28,-1.69,28.28,-1.69
58.608,28.14,-1.71,28.28,-1.69,28.28,-1.69
58.622,27.89,-1.7,28.28,-1.69,28.27,-1.69
58.636,27.93,-1.71,28.28,-1.69,28.27,-1.69
58.651,28.1,-1.7,28.27,-1.69,28.27,-1.69
58.666,28.08,-1.63,28.27,-1.69,28.27,-1.69
58.68,28.07,-1.55,28.27,-1.69,28.27,-1.69
58.694,28.08,-1.62,28.27,-1.69,28.27,-1.69
58.708,28.07,-1.68,28.27,-1.69,28.27,-1.69
58.723,28.06,-1.74,28.27,-1.69,28.27,-1.69
58.737,28.06,-1.68,28.27,-1.68,28.27,-1.68
58.751,28.08,-1.65,28.27,-1.68,28.27,-1.68
58.765,28.08,-1.69,28.27,-1.68,28.27,-1.68
58.779,28.09,-1.72,28.27,-1.68,28.27,-1.68
58.794,28.05,-1.67,28.27,-1.68,28.27,-1.68
58.807,28.03,-1.65,28.27,-1.68,28.27,-1.68
58.822,28.18,-1.68,28.27,-1.68,28.27,-1.68
58.836,28.17,-1.66,28.27,-1.68,28.27,-1.68
58.85,28.0,-1.64,28.27,-1.68,28.27,-1.68
58.864,28.03,-1.66,28.27,-1.68,28.27,-1.68
58.878,28.09,-1.75,28.27,-1.68,28.27,-1.68
58.892,28.02,-1.75,28.27,-1.68,28.27,-1.68
58.907,27.95,-1.71,28.27,-1.68,28.27,-1.68
58.921,28.01,-1.64,28.27,-1.68,28.27,-1.68
58.935,28.07,-1.63,28.27,-1.68,28.27,-1.68
58.949,28.07,-1.66,28.27,-1.68,28.27,-1.68
58.964,28.06,-1.67,28.27,-1.68,28.27,-1.68
58.978,28.05,-1.68,28.27,-1.68,28.27,-1.68
58.992,28.04,-1.67,28.27,-1.68,28.27,-1.68
59.007,28.04,-1.67,28.27,-1.68,28.27,-1.68
59.021,28.0,-1.65,28.27,-1.68,28.27,-1.68
59.035,27.99,-1.63,28.27,-1.68,28.26,-1.68
59.049,28.09,-1.62,28.26,-1.68,28.26,-1.68
59.064,28.08,-1.63,28.26,-1.68,28.26,-1.68
59.078,27.98,-1.62,28.26,-1.68,28.26,-1.68
59.092,27.99,-1.65,28.26,-1.68,28.26,-1.68
59.107,28.05,-1.72,28.26,-1.68,28.26,-1.68
59.121,28.03,-1.67,28.26,-1.67,28.26,-1.67
59.135,28.01,-1.67,28.26,-1.67,28.26,-1.67
59.149,27.98,-1.68,28.26,-1.68,28.26,-1.68
59.163,28.03,-1.67,28.26,-1.68,28.26,-1.68
59.178,28.11,-1.66,28.26,-1.67,28.26,-1.67
59.192,28.07,-1.65,28.26,-1.67,28.26,-1.67
59.206,28.05,-1.59,28.26,-1.67,28.26,-1.67
59.221,28.07,-1.65,28.26,-1.67,28.26,-1.67
59.235,28.04,-1.75,28.26,-1.67,28.26,-1.67
59.249,28.01,-1.75,28.26,-1.67,28.25,-1.67
59.264,28.04,-1.62,28.26,-1.67,28.25,-1.67
59.278,28.05,-1.62,28.25,-1.67,28.25,-1.67
59.292,28.05,-1.61,28.26,-1.67,28.25,-1.67
59.306,28.05,-1.7,28.26,-1.67,28.25,-1.67
59.321,28.02,-1.73,28.26,-1.67,28.25,-1.67
59.335,28.09,-1.75,28.25,-1.67,28.25,-1.67
59.35,28.08,-1.73,28.26,-1.67,28.25,-1.67
59.364,28.09,-1.6,28.25,-1.67,28.25,-1.67
59.378,28.06,-1.57,28.25,-1.67,28.25,-1.67
59.393,28.07,-1.68,28.25,-1.67,28.25,-1.67
59.407,28.08,-1.65,28.25,-1.67,28.25,-1.67
59.421,28.1,-1.64,28.25,-1.67,28.25,-1.67
59.435,28.05,-1.67,28.25,-1.67,28.25,-1.67
59.45,27.99,-1.71,28.26,-1.67,28.25,-1.67
59.464,28.04,-1.63,28.26,-1.67,28.25,-1.67
59.478,28.09,-1.64,28.26,-1.67,28.25,-1.67
59.492,28.04,-1.74,28.26,-1.67,28.25,-1.67
59.507,28.01,-1.72,28.26,-1.67,28.25,-1.67
59.521,28.1,-1.66,28.26,-1.67,28.26,-1.67
59.535,28.12,-1.66,28.26,-1.67,28.26,-1.67
59.549,28.09,-1.65,28.26,-1.67,28.26,-1.67
59.566,28.04,-1.63,28.26,-1.67,28.26,-1.67
59.581,28.05,-1.64,28.26,-1.67,28.26,-1.67
59.595,28.09,-1.68,28.26,-1.67,28.26,-1.67
59.609,28.1,-1.73,28.26,-1.67,28.26,-1.67
59.624,28.05,-1.64,28.26,-1.67,28.26,-1.67
59.638,28.03,-1.64,28.26,-1.67,28.26,-1.67
59.652,28.0,-1.64,28.26,-1.66,28.26,-1.66
59.666,28.01,-1.66,28.26,-1.66,28.25,-1.66
59.68,28.06,-1.7,28.26,-1.67,28.26,-1.67
59.694,28.05,-1.72,28.26,-1.67,28.25,-1.67
59.708,28.05,-1.71,28.26,-1.67,28.25,-1.67
59.722,28.08,-1.66,28.26,-1.67,28.25,-1.67
59.737,28.06,-1.66,28.26,-1.67,28.25,-1.67
59.752,28.04,-1.64,28.26,-1.67,28.25,-1.67
59.766,28.06,-1.62,28.25,-1.67,28.25,-1.67
59.78,28.0,-1.73,28.25,-1.67,28.25,-1.67
59.794,28.03,-1.72,28.25,-1.67,28.25,-1.67
59.808,28.09,-1.68,28.25,-1.67,28.25,-1.67
59.823,28.07,-1.7,28.25,-1.67,28.25,-1.67
59.837,28.04,-1.71,28.26,-1.67,28.25,-1.67
59.851,28.04,-1.71,28.26,-1.67,28.25,-1.67
59.865,28.04,-1.7,28.26,-1.67,28.25,-1.67
59.88,28.07,-1.67,28.25,-1.67,28.25,-1.67
59.894,28.1,-1.68,28.25,-1.67,28.25,-1.67
59.908,28.06,-1.69,28.25,-1.67,28.25,-1.67
59.922,28.04,-1.68,28.25,-1.67,28.25,-1.67
59.937,28.02,-1.71,28.26,-1.67,28.25,-1.67
59.951,27.99,-1.69,28.26,-1.67,28.25,-1.67
59.966,28.02,-1.63,28.25,-1.67,28.25,-1.67
59.98,28.03,-1.64,28.25,-1.67,28.25,-1.67
59.994,28.05,-1.64,28.25,-1.67,28.25,-1.67
