Time (s),Accel Roll (deg),Accel Pitch (deg),Gyro Roll (deg),Gyro Pitch (deg),Filtered Roll (deg),Filtered Pitch (deg)
0.0,-1.13,-1.36,-0.96,-1.33,-0.96,-1.33
0.009,-1.11,-1.36,-0.96,-1.33,-0.96,-1.33
0.023,-1.14,-1.36,-0.96,-1.33,-0.96,-1.33
0.038,-1.18,-1.35,-0.96,-1.33,-0.96,-1.33
0.052,-1.13,-1.32,-0.96,-1.33,-0.96,-1.33
0.067,-1.1,-1.36,-0.95,-1.33,-0.96,-1.33
0.081,-1.1,-1.36,-0.95,-1.33,-0.95,-1.33
0.095,-1.14,-1.33,-0.95,-1.33,-0.96,-1.33
0.11,-1.12,-1.32,-0.95,-1.33,-0.96,-1.33
0.125,-1.14,-1.36,-0.95,-1.33,-0.96,-1.33
0.139,-1.15,-1.37,-0.95,-1.33,-0.96,-1.33
0.154,-1.18,-1.32,-0.95,-1.33,-0.96,-1.33
0.17,-1.21,-1.29,-0.95,-1.33,-0.95,-1.33
0.184,-1.23,-1.29,-0.95,-1.33,-0.95,-1.33
0.199,-1.22,-1.31,-0.95,-1.33,-0.96,-1.33
0.213,-1.23,-1.29,-0.95,-1.33,-0.96,-1.33
0.228,-1.18,-1.27,-0.96,-1.33,-0.96,-1.33
0.242,-1.11,-1.28,-0.96,-1.33,-0.96,-1.33
0.256,-1.09,-1.29,-0.96,-1.33,-0.96,-1.33
0.271,-1.1,-1.35,-0.96,-1.33,-0.96,-1.33
0.285,-1.11,-1.36,-0.96,-1.33,-0.96,-1.33
0.3,-1.14,-1.36,-0.96,-1.33,-0.96,-1.33
0.314,-1.14,-1.34,-0.96,-1.33,-0.96,-1.33
0.329,-1.08,-1.3,-0.96,-1.33,-0.96,-1.33
0.343,-1.07,-1.33,-0.96,-1.33,-0.96,-1.33
0.358,-1.14,-1.43,-0.96,-1.33,-0.96,-1.33
0.372,-1.14,-1.38,-0.96,-1.33,-0.96,-1.33
0.386,-1.18,-1.34,-0.95,-1.33,-0.96,-1.33
0.401,-1.21,-1.31,-0.95,-1.33,-0.96,-1.33
0.415,-1.18,-1.31,-0.95,-1.33,-0.96,-1.33
0.43,-1.16,-1.26,-0.95,-1.33,-0.96,-1.33
0.444,-1.2,-1.28,-0.95,-1.33,-0.96,-1.33
0.459,-1.17,-1.3,-0.95,-1.33,-0.96,-1.33
0.473,-1.14,-1.27,-0.96,-1.33,-0.96,-1.33
0.488,-1.12,-1.32,-0.96,-1.33,-0.96,-1.33
0.504,-1.13,-1.36,-0.95,-1.33,-0.96,-1.33
0.518,-1.14,-1.38,-0.95,-1.32,-0.95,-1.33
0.533,-1.1,-1.41,-0.95,-1.32,-0.95,-1.32
0.547,-1.08,-1.33,-0.95,-1.32,-0.95,-1.32
0.561,-1.08,-1.25,-0.95,-1.32,-0.95,-1.32
0.576,-1.14,-1.29,-0.95,-1.32,-0.95,-1.32
0.59,-1.1,-1.34,-0.95,-1.33,-0.95,-1.33
0.605,-1.13,-1.41,-0.95,-1.33,-0.95,-1.33
0.62,-1.14,-1.42,-0.95,-1.33,-0.95,-1.33
0.634,-1.09,-1.38,-0.95,-1.33,-0.95,-1.33
0.648,-1.12,-1.31,-0.95,-1.33,-0.95,-1.33
0.663,-1.14,-1.3,-0.95,-1.33,-0.95,-1.33
0.677,-1.16,-1.36,-0.95,-1.33,-0.95,-1.33
0.692,-1.14,-1.39,-0.95,-1.33,-0.95,-1.33
0.706,-1.14,-1.38,-0.95,-1.33,-0.95,-1.33
0.721,-1.13,-1.38,-0.95,-1.33,-0.95,-1.33
0.735,-1.17,-1.34,-0.95,-1.33,-0.95,-1.33
0.749,-1.14,-1.34,-0.95,-1.33,-0.95,-1.33
0.764,-1.07,-1.37,-0.95,-1.33,-0.95,-1.33
0.778,-1.09,-1.38,-0.95,-1.33,-0.95,-1.33
0.792,-1.11,-1.37,-0.95,-1.33,-0.95,-1.33
0.807,-1.06,-1.36,-0.95,-1.33,-0.95,-1.33
0.821,-1.05,-1.35,-0.95,-1.33,-0.95,-1.33
0.836,-1.23,-1.31,-0.95,-1.33,-0.95,-1.33
0.85,-1.22,-1.33,-0.95,-1.33,-0.95,-1.33
0.865,-1.18,-1.4,-0.95,-1.33,-0.95,-1.33
0.879,-1.16,-1.39,-0.95,-1.33,-0.95,-1.33
0.893,-1.14,-1.36,-0.95,-1.33,-0.95,-1.33
0.908,-1.18,-1.34,-0.95,-1.33,-0.95,-1.33
0.922,-1.12,-1.36,-0.95,-1.33,-0.95,-1.33
0.937,-1.09,-1.38,-0.95,-1.33,-0.95,-1.33
0.951,-1.09,-1.31,-0.94,-1.33,-0.95,-1.33
0.965,-1.08,-1.36,-0.94,-1.33,-0.94,-1.33
0.98,-1.08,-1.39,-0.94,-1.33,-0.95,-1.33
0.994,-1.12,-1.36,-0.94,-1.33,-0.95,-1.33
1.009,-1.15,-1.36,-0.94,-1.33,-0.95,-1.33
1.023,-1.16,-1.36,-0.94,-1.33,-0.95,-1.33
1.037,-1.14,-1.33,-0.95,-1.33,-0.95,-1.33
1.052,-1.1,-1.36,-0.95,-1.33,-0.95,-1.34
1.066,-1.14,-1.34,-0.94,-1.34,-0.95,-1.34
1.081,-1.23,-1.35,-0.94,-1.34,-0.95,-1.34
1.095,-1.15,-1.35,-0.94,-1.34,-0.95,-1.34
1.11,-1.09,-1.33,-0.94,-1.34,-0.95,-1.34
1.124,-1.1,-1.31,-0.94,-1.34,-0.95,-1.34
1.138,-1.14,-1.33,-0.94,-1.34,-0.94,-1.34
1.153,-1.15,-1.34,-0.94,-1.34,-0.94,-1.34
1.167,-1.16,-1.33,-0.94,-1.34,-0.95,-1.34
1.182,-1.24,-1.31,-0.94,-1.34,-0.95,-1.34
1.196,-1.2,-1.35,-0.94,-1.34,-0.95,-1.34
1.21,-1.04,-1.38,-0.94,-1.34,-0.95,-1.34
1.225,-0.99,-1.38,-0.94,-1.34,-0.95,-1.34
1.239,-1.15,-1.33,-0.94,-1.34,-0.95,-1.34
1.253,-1.18,-1.35,-0.94,-1.34,-0.95,-1.34
1.268,-1.07,-1.36,-0.94,-1.34,-0.94,-1.34
1.282,-1.1,-1.34,-0.94,-1.34,-0.94,-1.34
1.296,-1.16,-1.3,-0.94,-1.34,-0.94,-1.34
1.311,-1.24,-1.36,-0.94,-1.34,-0.94,-1.34
1.325,-1.18,-1.34,-0.94,-1.34,-0.95,-1.34
1.34,-1.1,-1.28,-0.94,-1.34,-0.94,-1.34
1.354,-1.1,-1.29,-0.94,-1.34,-0.94,-1.34
1.37,-1.12,-1.36,-0.94,-1.34,-0.94,-1.34
1.384,-1.11,-1.35,-0.94,-1.34,-0.94,-1.34
1.398,-1.18,-1.34,-0.94,-1.33,-0.95,-1.33
1.413,-1.2,-1.35,-0.94,-1.34,-0.94,-1.34
1.427,-1.11,-1.35,-0.94,-1.34,-0.94,-1.34
1.442,-1.14,-1.37,-0.94,-1.34,-0.94,-1.34
1.457,-1.14,-1.4,-0.94,-1.33,-0.94,-1.34
1.471,-1.16,-1.36,-0.94,-1.33,-0.94,-1.33
1.486,-1.17,-1.36,-0.94,-1.33,-0.94,-1.33
1.501,-1.2,-1.34,-0.94,-1.33,-0.94,-1.33
1.515,-1.21,-1.27,-0.94,-1.33,-0.94,-1.33
1.53,-1.18,-1.29,-0.94,-1.33,-0.94,-1.33
1.544,-1.14,-1.39,-0.94,-1.33,-0.94,-1.33
1.559,-1.16,-1.36,-0.94,-1.33,-0.94,-1.33
1.573,-1.18,-1.36,-0.94,-1.33,-0.94,-1.33
1.587,-1.12,-1.31,-0.94,-1.33,-0.94,-1.33
1.602,-1.09,-1.31,-0.94,-1.33,-0.94,-1.33
1.616,-1.01,-1.36,-0.94,-1.33,-0.94,-1.33
1.631,-1.08,-1.34,-0.94,-1.33,-0.94,-1.33
1.645,-1.16,-1.32,-0.94,-1.33,-0.94,-1.33
1.66,-1.14,-1.3,-0.94,-1.33,-0.94,-1.33
1.674,-1.11,-1.31,-0.94,-1.33,-0.94,-1.33
1.69,-1.17,-1.27,-0.94,-1.33,-0.94,-1.33
1.704,-1.18,-1.36,-0.94,-1.33,-0.94,-1.33
1.718,-1.13,-1.35,-0.94,-1.33,-0.94,-1.33
1.733,-1.1,-1.28,-0.94,-1.33,-0.94,-1.33
1.747,-1.14,-1.27,-0.94,-1.33,-0.94,-1.33
1.762,-1.16,-1.26,-0.94,-1.33,-0.94,-1.33
1.776,-1.12,-1.3,-0.94,-1.33,-0.94,-1.33
1.791,-1.17,-1.34,-0.94,-1.32,-0.94,-1.32
1.805,-1.21,-1.36,-0.94,-1.32,-0.94,-1.32
1.819,-1.17,-1.37,-0.94,-1.32,-0.94,-1.32
1.834,-1.12,-1.36,-0.94,-1.32,-0.94,-1.32
1.848,-1.14,-1.35,-0.94,-1.32,-0.94,-1.32
1.863,-1.22,-1.31,-0.94,-1.32,-0.95,-1.32
1.877,-1.22,-1.29,-0.94,-1.32,-0.95,-1.32
1.892,-1.19,-1.32,-0.94,-1.32,-0.95,-1.32
1.906,-1.14,-1.37,-0.94,-1.32,-0.95,-1.32
1.921,-1.15,-1.39,-0.94,-1.32,-0.95,-1.32
1.936,-1.14,-1.33,-0.94,-1.32,-0.95,-1.32
1.953,-1.22,-1.34,-0.94,-1.32,-0.95,-1.32
1.968,-1.21,-1.33,-0.94,-1.32,-0.95,-1.32
1.983,-1.17,-1.44,-0.94,-1.32,-0.95,-1.32
1.998,-1.05,-1.45,-0.95,-1.32,-0.95,-1.32
2.013,-1.18,-1.32,-0.94,-1.32,-0.95,-1.32
2.027,-1.2,-1.27,-0.94,-1.32,-0.95,-1.32
2.041,-1.15,-1.38,-0.94,-1.32,-0.95,-1.32
2.056,-1.14,-1.41,-0.94,-1.32,-0.95,-1.32
2.07,-1.09,-1.36,-0.94,-1.32,-0.95,-1.32
2.085,-1.12,-1.31,-0.94,-1.32,-0.95,-1.32
2.099,-1.02,-1.33,-0.94,-1.32,-0.94,-1.32
2.114,-1.13,-1.34,-0.94,-1.32,-0.94,-1.32
2.128,-1.2,-1.33,-0.94,-1.33,-0.94,-1.33
2.143,-1.18,-1.36,-0.94,-1.32,-0.95,-1.33
2.157,-1.11,-1.39,-0.95,-1.32,-0.95,-1.32
2.171,-1.1,-1.38,-0.95,-1.32,-0.95,-1.33
2.186,-1.16,-1.34,-0.94,-1.33,-0.95,-1.33
2.2,-1.17,-1.34,-0.94,-1.33,-0.95,-1.33
2.215,-1.16,-1.36,-0.94,-1.33,-0.95,-1.33
2.229,-1.2,-1.34,-0.94,-1.33,-0.95,-1.33
2.244,-1.22,-1.29,-0.95,-1.33,-0.95,-1.33
2.258,-1.09,-1.32,-0.95,-1.33,-0.95,-1.33
2.273,-1.06,-1.32,-0.95,-1.33,-0.95,-1.32
2.287,-1.11,-1.32,-0.94,-1.32,-0.95,-1.32
2.302,-1.12,-1.34,-0.94,-1.32,-0.95,-1.32
2.316,-1.14,-1.4,-0.94,-1.33,-0.95,-1.33
2.33,-1.07,-1.38,-0.95,-1.33,-0.95,-1.33
2.345,-1.06,-1.36,-0.95,-1.33,-0.95,-1.33
2.359,-1.13,-1.33,-0.94,-1.33,-0.94,-1.33
2.374,-1.14,-1.39,-0.94,-1.33,-0.94,-1.33
2.388,-1.15,-1.42,-0.94,-1.33,-0.94,-1.33
2.403,-1.12,-1.42,-0.94,-1.33,-0.94,-1.33
2.417,-1.09,-1.38,-0.94,-1.33,-0.94,-1.33
2.432,-1.09,-1.35,-0.94,-1.33,-0.94,-1.33
2.447,-1.17,-1.32,-0.94,-1.33,-0.94,-1.33
2.461,-1.14,-1.31,-0.94,-1.33,-0.94,-1.33
2.475,-1.16,-1.32,-0.94,-1.33,-0.94,-1.33
2.49,-1.16,-1.33,-0.94,-1.33,-0.94,-1.33
2.505,-1.07,-1.34,-0.94,-1.33,-0.94,-1.33
2.519,-1.08,-1.33,-0.94,-1.33,-0.94,-1.33
2.534,-1.15,-1.34,-0.94,-1.33,-0.94,-1.33
2.548,-1.14,-1.34,-0.94,-1.33,-0.94,-1.33
2.567,-1.18,-1.35,-0.94,-1.33,-0.94,-1.33
2.581,-1.23,-1.38,-0.94,-1.33,-0.94,-1.33
2.596,-1.21,-1.38,-0.94,-1.33,-0.94,-1.33
2.61,-1.19,-1.34,-0.94,-1.33,-0.94,-1.33
2.625,-1.13,-1.39,-0.94,-1.33,-0.94,-1.33
2.639,-1.13,-1.38,-0.94,-1.33,-0.94,-1.33
2.654,-1.2,-1.34,-0.94,-1.33,-0.94,-1.33
2.668,-1.15,-1.32,-0.94,-1.33,-0.94,-1.33
2.683,-1.07,-1.34,-0.94,-1.33,-0.94,-1.33
2.697,-1.07,-1.32,-0.94,-1.33,-0.94,-1.33
2.712,-1.08,-1.29,-0.94,-1.33,-0.94,-1.33
2.727,-1.11,-1.34,-0.94,-1.33,-0.94,-1.33
2.741,-1.14,-1.38,-0.94,-1.33,-0.94,-1.33
2.756,-1.14,-1.36,-0.94,-1.33,-0.94,-1.33
2.77,-1.09,-1.36,-0.94,-1.33,-0.94,-1.33
2.785,-1.08,-1.35,-0.94,-1.33,-0.94,-1.33
2.799,-1.14,-1.36,-0.94,-1.33,-0.94,-1.33
2.814,-1.16,-1.36,-0.94,-1.33,-0.94,-1.33
2.828,-1.15,-1.34,-0.94,-1.33,-0.94,-1.33
2.843,-1.19,-1.33,-0.94,-1.33,-0.94,-1.33
2.857,-1.17,-1.34,-0.94,-1.33,-0.94,-1.33
2.871,-1.13,-1.28,-0.94,-1.33,-0.94,-1.33
2.886,-1.15,-1.27,-0.94,-1.33,-0.94,-1.33
2.9,-1.16,-1.34,-0.94,-1.33,-0.94,-1.33
2.915,-1.18,-1.36,-0.94,-1.33,-0.94,-1.33
2.929,-1.1,-1.35,-0.94,-1.33,-0.94,-1.33
2.944,-1.09,-1.32,-0.94,-1.33,-0.94,-1.33
2.958,-1.11,-1.35,-0.94,-1.33,-0.94,-1.33
2.973,-1.09,-1.38,-0.94,-1.33,-0.94,-1.33
2.988,-1.12,-1.4,-0.94,-1.33,-0.94,-1.33
3.002,-1.18,-1.4,-0.94,-1.33,-0.94,-1.33
3.017,-1.16,-1.36,-0.94,-1.33,-0.94,-1.33
3.031,-1.17,-1.32,-0.94,-1.33,-0.94,-1.33
3.046,-1.14,-1.35,-0.94,-1.33,-0.94,-1.33
3.06,-1.09,-1.32,-0.94,-1.33,-0.94,-1.33
3.074,-1.06,-1.32,-0.94,-1.33,-0.94,-1.33
3.089,-1.15,-1.39,-0.94,-1.33,-0.94,-1.33
3.105,-1.14,-1.38,-0.93,-1.33,-0.94,-1.33
3.119,-1.08,-1.28,-0.93,-1.33,-0.94,-1.33
3.133,-1.07,-1.31,-0.93,-1.33,-0.94,-1.33
3.148,-1.16,-1.39,-0.93,-1.33,-0.94,-1.33
3.162,-1.19,-1.34,-0.93,-1.33,-0.94,-1.33
3.177,-1.16,-1.29,-0.93,-1.33,-0.94,-1.33
3.191,-1.14,-1.29,-0.93,-1.33,-0.94,-1.33
3.206,-1.14,-1.25,-0.93,-1.33,-0.94,-1.33
3.22,-1.1,-1.32,-0.93,-1.33,-0.93,-1.33
3.235,-1.15,-1.36,-0.93,-1.33,-0.94,-1.33
3.25,-1.14,-1.31,-0.93,-1.33,-0.94,-1.33
3.264,-1.13,-1.3,-0.93,-1.33,-0.93,-1.33
3.279,-1.18,-1.34,-0.93,-1.33,-0.94,-1.33
3.293,-1.18,-1.33,-0.93,-1.33,-0.94,-1.33
3.308,-1.04,-1.31,-0.93,-1.33,-0.94,-1.33
3.322,-1.09,-1.36,-0.93,-1.33,-0.94,-1.33
3.337,-1.11,-1.34,-0.93,-1.33,-0.93,-1.33
3.351,-1.13,-1.32,-0.93,-1.33,-0.93,-1.33
3.366,-1.16,-1.4,-0.93,-1.33,-0.94,-1.33
3.38,-1.15,-1.39,-0.93,-1.33,-0.93,-1.33
3.395,-1.15,-1.34,-0.93,-1.33,-0.93,-1.33
3.409,-1.18,-1.35,-0.93,-1.33,-0.93,-1.33
3.424,-1.18,-1.34,-0.93,-1.33,-0.94,-1.33
3.438,-1.18,-1.36,-0.93,-1.33,-0.94,-1.33
3.453,-1.16,-1.34,-0.93,-1.33,-0.94,-1.33
3.467,-1.14,-1.36,-0.93,-1.33,-0.94,-1.33
3.482,-1.13,-1.37,-0.94,-1.33,-0.94,-1.33
3.496,-1.15,-1.29,-0.94,-1.33,-0.94,-1.33
3.511,-1.11,-1.31,-0.94,-1.33,-0.94,-1.33
3.526,-1.17,-1.38,-0.94,-1.33,-0.94,-1.33
3.54,-1.18,-1.36,-0.94,-1.33,-0.94,-1.33
3.555,-1.17,-1.37,-0.94,-1.33,-0.94,-1.33
3.569,-1.14,-1.4,-0.94,-1.33,-0.94,-1.33
3.584,-1.18,-1.31,-0.94,-1.33,-0.94,-1.33
3.598,-1.14,-1.32,-0.94,-1.33,-0.94,-1.33
3.613,-1.17,-1.37,-0.94,-1.33,-0.94,-1.33
3.627,-1.16,-1.38,-0.94,-1.33,-0.94,-1.33
3.642,-1.14,-1.36,-0.94,-1.33,-0.94,-1.33
3.657,-1.18,-1.29,-0.94,-1.33,-0.95,-1.33
3.671,-1.13,-1.28,-0.94,-1.33,-0.95,-1.33
3.686,-1.11,-1.33,-0.94,-1.33,-0.95,-1.33
3.7,-1.08,-1.29,-0.94,-1.33,-0.94,-1.33
3.715,-1.14,-1.32,-0.94,-1.33,-0.95,-1.33
3.729,-1.15,-1.38,-0.94,-1.33,-0.95,-1.33
3.744,-1.1,-1.35,-0.94,-1.33,-0.95,-1.33
3.758,-1.1,-1.31,-0.94,-1.33,-0.95,-1.33
3.773,-1.13,-1.31,-0.94,-1.33,-0.95,-1.33
3.787,-1.1,-1.31,-0.94,-1.33,-0.94,-1.33
3.802,-1.1,-1.35,-0.94,-1.33,-0.94,-1.33
3.816,-1.12,-1.38,-0.94,-1.33,-0.94,-1.33
3.831,-1.11,-1.38,-0.94,-1.33,-0.94,-1.33
3.845,-1.11,-1.37,-0.94,-1.33,-0.94,-1.33
3.86,-1.08,-1.34,-0.94,-1.33,-0.94,-1.33
3.874,-1.11,-1.34,-0.94,-1.33,-0.94,-1.33
3.889,-1.1,-1.29,-0.94,-1.33,-0.94,-1.33
3.903,-1.09,-1.32,-0.94,-1.33,-0.94,-1.33
3.918,-1.16,-1.36,-0.94,-1.33,-0.94,-1.33
3.933,-1.16,-1.37,-0.94,-1.33,-0.94,-1.33
3.947,-1.14,-1.39,-0.94,-1.33,-0.94,-1.33
3.961,-1.14,-1.34,-0.94,-1.33,-0.94,-1.33
3.976,-1.14,-1.33,-0.94,-1.33,-0.94,-1.33
3.99,-1.12,-1.34,-0.94,-1.33,-0.94,-1.33
4.005,-1.09,-1.39,-0.94,-1.33,-0.94,-1.33
4.019,-1.05,-1.27,-0.94,-1.33,-0.94,-1.33
4.034,-1.13,-1.24,-0.94,-1.33,-0.94,-1.33
4.048,-1.22,-1.35,-0.94,-1.33,-0.94,-1.33
4.063,-1.22,-1.34,-0.94,-1.33,-0.94,-1.33
4.078,-1.12,-1.3,-0.94,-1.33,-0.94,-1.33
4.092,-1.12,-1.33,-0.93,-1.33,-0.94,-1.33
4.106,-1.23,-1.33,-0.93,-1.33,-0.94,-1.33
4.121,-1.23,-1.36,-0.93,-1.33,-0.94,-1.33
4.135,-1.12,-1.38,-0.94,-1.33,-0.94,-1.33
4.15,-1.12,-1.35,-0.93,-1.33,-0.94,-1.33
4.165,-1.2,-1.29,-0.93,-1.33,-0.93,-1.33
4.18,-1.22,-1.31,-0.93,-1.33,-0.93,-1.33
4.194,-1.21,-1.34,-0.93,-1.33,-0.93,-1.33
4.208,-1.1,-1.34,-0.93,-1.33,-0.93,-1.33
4.223,-1.12,-1.33,-0.93,-1.34,-0.93,-1.34
4.237,-1.16,-1.33,-0.93,-1.33,-0.93,-1.33
4.252,-1.19,-1.34,-0.93,-1.33,-0.93,-1.33
4.266,-1.21,-1.36,-0.93,-1.33,-0.94,-1.33
4.281,-1.19,-1.36,-0.93,-1.33,-0.94,-1.34
4.296,-1.16,-1.3,-0.93,-1.34,-0.94,-1.34
4.31,-1.12,-1.33,-0.94,-1.33,-0.94,-1.33
4.324,-1.14,-1.38,-0.94,-1.33,-0.94,-1.34
4.339,-1.15,-1.32,-0.93,-1.34,-0.94,-1.34
4.354,-1.11,-1.3,-0.93,-1.34,-0.94,-1.34
4.368,-1.1,-1.36,-0.94,-1.34,-0.94,-1.34
4.382,-1.18,-1.36,-0.94,-1.34,-0.94,-1.34
4.397,-1.16,-1.36,-0.94,-1.34,-0.94,-1.34
4.415,-1.18,-1.39,-0.94,-1.33,-0.94,-1.34
4.43,-1.14,-1.38,-0.93,-1.33,-0.94,-1.34
4.444,-1.18,-1.35,-0.93,-1.33,-0.94,-1.33
4.459,-1.14,-1.31,-0.94,-1.33,-0.94,-1.33
4.473,-1.15,-1.31,-0.94,-1.33,-0.94,-1.33
4.488,-1.15,-1.33,-0.94,-1.33,-0.94,-1.33
4.503,-1.19,-1.38,-0.94,-1.34,-0.94,-1.34
4.517,-1.12,-1.36,-0.94,-1.34,-0.94,-1.34
4.531,-1.13,-1.31,-0.94,-1.34,-0.94,-1.34
4.546,-1.19,-1.31,-0.94,-1.33,-0.94,-1.33
4.561,-1.18,-1.34,-0.94,-1.33,-0.94,-1.33
4.575,-1.12,-1.33,-0.94,-1.33,-0.94,-1.33
4.59,-1.1,-1.29,-0.94,-1.33,-0.94,-1.33
4.605,-1.11,-1.31,-0.94,-1.33,-0.94,-1.33
4.619,-1.11,-1.3,-0.93,-1.33,-0.94,-1.33
4.634,-1.11,-1.34,-0.93,-1.33,-0.94,-1.33
4.648,-1.1,-1.32,-0.93,-1.33,-0.94,-1.33
4.662,-1.12,-1.37,-0.93,-1.33,-0.94,-1.33
4.677,-1.1,-1.36,-0.93,-1.33,-0.94,-1.33
4.691,-1.11,-1.29,-0.94,-1.33,-0.94,-1.33
4.706,-1.14,-1.31,-0.93,-1.33,-0.94,-1.33
4.721,-1.14,-1.36,-0.93,-1.33,-0.94,-1.33
4.735,-1.11,-1.36,-0.93,-1.33,-0.94,-1.33
4.749,-1.07,-1.37,-0.93,-1.33,-0.93,-1.33
4.764,-1.14,-1.36,-0.93,-1.33,-0.93,-1.33
4.778,-1.16,-1.29,-0.93,-1.33,-0.93,-1.33
4.793,-1.1,-1.32,-0.93,-1.33,-0.94,-1.33
4.807,-1.08,-1.33,-0.93,-1.33,-0.94,-1.33
4.822,-1.11,-1.31,-0.93,-1.33,-0.94,-1.33
4.837,-1.2,-1.31,-0.93,-1.33,-0.94,-1.33
4.851,-1.13,-1.31,-0.93,-1.33,-0.93,-1.33
4.866,-1.05,-1.29,-0.93,-1.33,-0.93,-1.33
4.88,-1.12,-1.32,-0.93,-1.33,-0.93,-1.33
4.895,-1.16,-1.33,-0.93,-1.33,-0.93,-1.33
4.909,-1.19,-1.37,-0.93,-1.33,-0.94,-1.33
4.924,-1.16,-1.34,-0.93,-1.33,-0.94,-1.33
4.938,-1.12,-1.35,-0.94,-1.33,-0.94,-1.33
4.952,-1.16,-1.4,-0.94,-1.33,-0.94,-1.33
4.967,-1.16,-1.4,-0.94,-1.33,-0.94,-1.33
4.981,-1.15,-1.36,-0.94,-1.33,-0.94,-1.33
4.996,-1.2,-1.41,-0.94,-1.33,-0.94,-1.33
5.01,-1.17,-1.38,-0.94,-1.33,-0.94,-1.33
5.025,-1.12,-1.3,-0.94,-1.33,-0.94,-1.33
5.039,-1.14,-1.3,-0.94,-1.33,-0.94,-1.33
5.054,-1.18,-1.33,-0.94,-1.33,-0.94,-1.33
5.069,-1.25,-1.32,-0.93,-1.33,-0.94,-1.33
5.083,-1.21,-1.31,-0.94,-1.33,-0.94,-1.33
5.098,-1.18,-1.32,-0.94,-1.33,-0.94,-1.33
5.112,-1.14,-1.31,-0.94,-1.33,-0.94,-1.33
5.127,-1.16,-1.26,-0.94,-1.33,-0.94,-1.33
5.141,-1.15,-1.27,-0.94,-1.33,-0.94,-1.33
5.155,-1.11,-1.36,-0.94,-1.33,-0.94,-1.33
5.172,-1.12,-1.36,-0.94,-1.33,-0.94,-1.33
5.187,-1.21,-1.3,-0.94,-1.33,-0.94,-1.33
5.201,-1.18,-1.31,-0.94,-1.33,-0.94,-1.33
5.216,-1.12,-1.34,-0.94,-1.34,-0.94,-1.34
5.23,-1.14,-1.35,-0.94,-1.34,-0.94,-1.34
5.244,-1.15,-1.39,-0.94,-1.34,-0.94,-1.34
5.259,-1.16,-1.38,-0.94,-1.34,-0.94,-1.34
5.274,-1.19,-1.3,-0.94,-1.34,-0.94,-1.34
5.288,-1.14,-1.29,-0.94,-1.34,-0.94,-1.33
5.302,-1.18,-1.34,-0.94,-1.33,-0.94,-1.33
5.317,-1.2,-1.32,-0.94,-1.33,-0.94,-1.33
5.331,-1.18,-1.31,-0.94,-1.33,-0.94,-1.33
5.346,-1.11,-1.38,-0.94,-1.33,-0.94,-1.33
5.36,-1.18,-1.38,-0.94,-1.33,-0.94,-1.34
5.375,-1.19,-1.33,-0.94,-1.34,-0.94,-1.34
5.391,-1.14,-1.34,-0.94,-1.34,-0.94,-1.34
5.406,-1.13,-1.35,-0.94,-1.34,-0.94,-1.34
5.42,-1.17,-1.36,-0.94,-1.34,-0.94,-1.34
5.435,-1.19,-1.33,-0.94,-1.34,-0.94,-1.34
5.449,-1.19,-1.33,-0.94,-1.34,-0.95,-1.34
5.464,-1.18,-1.34,-0.94,-1.34,-0.95,-1.34
5.478,-1.18,-1.34,-0.94,-1.34,-0.95,-1.34
5.493,-1.16,-1.3,-0.94,-1.34,-0.95,-1.34
5.507,-1.15,-1.27,-0.94,-1.34,-0.95,-1.34
5.522,-1.17,-1.32,-0.94,-1.34,-0.95,-1.34
5.536,-1.2,-1.32,-0.94,-1.34,-0.95,-1.34
5.551,-1.17,-1.35,-0.94,-1.34,-0.95,-1.34
5.565,-1.18,-1.32,-0.95,-1.34,-0.95,-1.34
5.58,-1.09,-1.33,-0.95,-1.34,-0.95,-1.34
5.594,-1.09,-1.39,-0.95,-1.34,-0.95,-1.34
5.609,-1.22,-1.3,-0.94,-1.34,-0.95,-1.34
5.623,-1.21,-1.28,-0.95,-1.34,-0.95,-1.34
5.638,-1.09,-1.31,-0.95,-1.34,-0.95,-1.34
5.653,-1.08,-1.34,-0.94,-1.34,-0.95,-1.34
5.667,-1.12,-1.34,-0.94,-1.34,-0.95,-1.34
5.681,-1.12,-1.31,-0.94,-1.34,-0.94,-1.34
5.696,-1.09,-1.29,-0.94,-1.34,-0.94,-1.34
5.711,-1.09,-1.31,-0.94,-1.34,-0.94,-1.34
5.725,-1.12,-1.33,-0.94,-1.34,-0.94,-1.34
5.74,-1.16,-1.32,-0.94,-1.34,-0.95,-1.33
5.754,-1.12,-1.34,-0.94,-1.33,-0.95,-1.34
5.769,-1.12,-1.39,-0.94,-1.34,-0.95,-1.34
5.783,-1.16,-1.33,-0.94,-1.34,-0.95,-1.34
5.797,-1.14,-1.29,-0.94,-1.34,-0.95,-1.34
5.812,-1.14,-1.33,-0.94,-1.34,-0.95,-1.34
5.826,-1.17,-1.36,-0.94,-1.34,-0.95,-1.34
5.84,-1.13,-1.35,-0.94,-1.33,-0.95,-1.33
5.855,-1.14,-1.33,-0.94,-1.33,-0.94,-1.33
5.869,-1.18,-1.33,-0.94,-1.34,-0.94,-1.34
5.884,-1.18,-1.36,-0.94,-1.34,-0.94,-1.34
5.898,-1.14,-1.34,-0.94,-1.34,-0.94,-1.34
5.913,-1.15,-1.31,-0.94,-1.34,-0.94,-1.34
5.927,-1.16,-1.35,-0.94,-1.33,-0.94,-1.33
5.942,-1.18,-1.34,-0.94,-1.34,-0.95,-1.34
5.957,-1.22,-1.36,-0.94,-1.34,-0.95,-1.34
5.971,-1.18,-1.36,-0.94,-1.34,-0.95,-1.34
5.986,-1.15,-1.33,-0.94,-1.34,-0.95,-1.34
6.0,-1.13,-1.35,-0.94,-1.34,-0.95,-1.34
6.015,-1.13,-1.4,-0.94,-1.34,-0.95,-1.34
6.029,-1.14,-1.4,-0.94,-1.34,-0.95,-1.34
6.043,-1.2,-1.31,-0.94,-1.34,-0.95,-1.34
6.058,-1.18,-1.29,-0.94,-1.34,-0.95,-1.34
6.073,-1.11,-1.29,-0.94,-1.34,-0.95,-1.34
6.087,-1.09,-1.3,-0.94,-1.34,-0.95,-1.34
6.102,-1.14,-1.35,-0.94,-1.33,-0.95,-1.34
6.116,-1.14,-1.35,-0.94,-1.33,-0.95,-1.33
6.13,-1.18,-1.34,-0.94,-1.34,-0.95,-1.34
6.145,-1.22,-1.32,-0.94,-1.34,-0.95,-1.34
6.16,-1.24,-1.31,-0.94,-1.34,-0.95,-1.34
6.175,-1.24,-1.35,-0.95,-1.34,-0.95,-1.34
6.19,-1.15,-1.33,-0.95,-1.34,-0.95,-1.34
6.204,-1.07,-1.31,-0.95,-1.34,-0.95,-1.34
6.219,-1.1,-1.33,-0.95,-1.34,-0.95,-1.34
6.233,-1.14,-1.33,-0.94,-1.34,-0.95,-1.34
6.248,-1.12,-1.34,-0.94,-1.33,-0.95,-1.33
6.262,-1.12,-1.3,-0.94,-1.33,-0.95,-1.33
6.277,-1.14,-1.31,-0.94,-1.33,-0.95,-1.33
6.292,-1.19,-1.33,-0.94,-1.33,-0.95,-1.33
6.306,-1.16,-1.34,-0.94,-1.33,-0.95,-1.33
6.32,-1.18,-1.36,-0.95,-1.33,-0.95,-1.33
6.335,-1.16,-1.35,-0.95,-1.33,-0.95,-1.33
6.349,-1.09,-1.33,-0.95,-1.33,-0.95,-1.33
6.364,-1.06,-1.34,-0.94,-1.33,-0.95,-1.33
6.378,-1.12,-1.35,-0.94,-1.33,-0.95,-1.33
6.392,-1.15,-1.33,-0.94,-1.33,-0.95,-1.33
6.407,-1.16,-1.31,-0.94,-1.33,-0.95,-1.33
6.422,-1.25,-1.32,-0.94,-1.33,-0.95,-1.33
6.436,-1.23,-1.34,-0.94,-1.33,-0.95,-1.33
6.45,-1.11,-1.29,-0.94,-1.33,-0.95,-1.33
6.465,-1.1,-1.34,-0.94,-1.33,-0.94,-1.33
6.479,-1.21,-1.4,-0.94,-1.33,-0.95,-1.33
6.494,-1.16,-1.39,-0.94,-1.33,-0.95,-1.33
6.509,-1.18,-1.36,-0.94,-1.33,-0.95,-1.33
6.523,-1.18,-1.33,-0.94,-1.33,-0.95,-1.33
6.538,-1.12,-1.3,-0.95,-1.33,-0.95,-1.33
6.552,-1.12,-1.29,-0.95,-1.33,-0.95,-1.33
6.567,-1.14,-1.3,-0.94,-1.33,-0.95,-1.33
6.581,-1.2,-1.34,-0.94,-1.33,-0.95,-1.33
6.596,-1.18,-1.33,-0.94,-1.33,-0.95,-1.33
6.61,-1.12,-1.34,-0.94,-1.33,-0.95,-1.33
6.624,-1.14,-1.36,-0.94,-1.33,-0.95,-1.33
6.639,-1.14,-1.33,-0.94,-1.33,-0.95,-1.33
6.653,-1.15,-1.26,-0.94,-1.33,-0.95,-1.33
6.668,-1.16,-1.33,-0.94,-1.33,-0.95,-1.33
6.682,-1.14,-1.36,-0.95,-1.33,-0.95,-1.33
6.698,-1.07,-1.36,-0.94,-1.33,-0.95,-1.33
6.713,-1.13,-1.36,-0.94,-1.32,-0.95,-1.33
6.728,-1.18,-1.3,-0.94,-1.32,-0.95,-1.32
6.742,-1.18,-1.31,-0.94,-1.32,-0.95,-1.32
6.757,-1.15,-1.34,-0.94,-1.32,-0.95,-1.32
6.771,-1.17,-1.34,-0.95,-1.32,-0.95,-1.32
6.786,-1.14,-1.33,-0.95,-1.32,-0.95,-1.32
6.8,-1.14,-1.33,-0.95,-1.32,-0.95,-1.32
6.815,-1.2,-1.32,-0.95,-1.32,-0.95,-1.32
6.829,-1.23,-1.3,-0.95,-1.32,-0.95,-1.32
6.844,-1.22,-1.3,-0.95,-1.32,-0.95,-1.32
6.859,-1.16,-1.35,-0.95,-1.32,-0.95,-1.32
6.873,-1.14,-1.33,-0.95,-1.32,-0.95,-1.32
6.888,-1.21,-1.34,-0.95,-1.32,-0.95,-1.32
6.902,-1.16,-1.34,-0.95,-1.32,-0.95,-1.32
6.917,-1.13,-1.35,-0.95,-1.32,-0.95,-1.32
6.931,-1.14,-1.36,-0.95,-1.32,-0.95,-1.32
6.946,-1.18,-1.37,-0.95,-1.32,-0.95,-1.32
6.96,-1.18,-1.37,-0.95,-1.32,-0.95,-1.32
6.975,-1.14,-1.32,-0.95,-1.32,-0.95,-1.32
6.989,-1.14,-1.27,-0.95,-1.32,-0.95,-1.32
7.004,-1.16,-1.33,-0.95,-1.32,-0.95,-1.32
7.018,-1.18,-1.36,-0.95,-1.32,-0.95,-1.32
7.032,-1.2,-1.37,-0.95,-1.32,-0.95,-1.32
7.047,-1.19,-1.35,-0.95,-1.32,-0.96,-1.32
7.062,-1.1,-1.29,-0.95,-1.32,-0.95,-1.32
7.077,-1.11,-1.29,-0.95,-1.32,-0.95,-1.32
7.091,-1.14,-1.34,-0.95,-1.32,-0.95,-1.32
7.106,-1.26,-1.33,-0.95,-1.32,-0.96,-1.32
7.12,-1.25,-1.34,-0.95,-1.32,-0.96,-1.32
7.135,-1.18,-1.32,-0.96,-1.32,-0.96,-1.32
7.149,-1.14,-1.32,-0.96,-1.32,-0.96,-1.32
7.164,-1.14,-1.31,-0.96,-1.32,-0.96,-1.32
7.178,-1.18,-1.29,-0.96,-1.32,-0.96,-1.32
7.193,-1.17,-1.36,-0.96,-1.32,-0.96,-1.32
7.207,-1.16,-1.39,-0.96,-1.32,-0.96,-1.32
7.222,-1.18,-1.36,-0.96,-1.32,-0.96,-1.32
7.236,-1.19,-1.36,-0.96,-1.32,-0.96,-1.32
7.251,-1.2,-1.31,-0.96,-1.32,-0.96,-1.32
7.265,-1.17,-1.32,-0.96,-1.32,-0.96,-1.32
7.279,-1.14,-1.35,-0.96,-1.32,-0.96,-1.32
7.294,-1.16,-1.39,-0.96,-1.32,-0.96,-1.32
7.308,-1.15,-1.41,-0.96,-1.32,-0.96,-1.32
7.323,-1.15,-1.36,-0.96,-1.32,-0.96,-1.32
7.337,-1.19,-1.32,-0.96,-1.32,-0.96,-1.32
7.351,-1.15,-1.28,-0.96,-1.32,-0.96,-1.32
7.366,-1.16,-1.32,-0.96,-1.32,-0.96,-1.32
7.381,-1.25,-1.34,-0.96,-1.32,-0.96,-1.32
7.395,-1.2,-1.35,-0.96,-1.32,-0.96,-1.32
7.409,-1.11,-1.3,-0.96,-1.32,-0.96,-1.32
7.424,-1.11,-1.29,-0.96,-1.32,-0.96,-1.32
7.438,-1.12,-1.33,-0.96,-1.32,-0.96,-1.32
7.454,-1.12,-1.31,-0.96,-1.32,-0.96,-1.32
7.467,-1.14,-1.29,-0.96,-1.32,-0.96,-1.32
7.482,-1.12,-1.32,-0.95,-1.32,-0.96,-1.32
7.496,-1.11,-1.35,-0.95,-1.32,-0.96,-1.32
7.511,-1.2,-1.31,-0.95,-1.32,-0.96,-1.32
7.526,-1.22,-1.29,-0.95,-1.32,-0.96,-1.32
7.54,-1.21,-1.31,-0.95,-1.32,-0.96,-1.32
7.555,-1.2,-1.32,-0.95,-1.32,-0.96,-1.32
7.569,-1.18,-1.31,-0.95,-1.32,-0.96,-1.32
7.584,-1.15,-1.35,-0.95,-1.32,-0.96,-1.32
7.598,-1.19,-1.35,-0.95,-1.32,-0.96,-1.32
7.613,-1.2,-1.31,-0.95,-1.32,-0.96,-1.32
7.628,-1.15,-1.38,-0.95,-1.32,-0.96,-1.32
7.642,-1.12,-1.41,-0.96,-1.32,-0.96,-1.32
7.656,-1.16,-1.33,-0.96,-1.32,-0.96,-1.32
7.671,-1.17,-1.29,-0.96,-1.32,-0.96,-1.32
7.685,-1.17,-1.29,-0.96,-1.32,-0.96,-1.32
7.7,-1.2,-1.32,-0.96,-1.33,-0.96,-1.33
7.714,-1.18,-1.34,-0.96,-1.33,-0.96,-1.33
7.728,-1.14,-1.33,-0.96,-1.33,-0.96,-1.33
7.743,-1.18,-1.31,-0.96,-1.33,-0.96,-1.33
7.757,-1.15,-1.3,-0.96,-1.33,-0.96,-1.33
7.772,-1.15,-1.29,-0.96,-1.33,-0.96,-1.33
7.786,-1.22,-1.32,-0.96,-1.33,-0.96,-1.33
7.801,-1.18,-1.33,-0.96,-1.33,-0.96,-1.33
7.815,-1.12,-1.33,-0.96,-1.32,-0.96,-1.32
7.83,-1.16,-1.36,-0.96,-1.32,-0.96,-1.33
7.844,-1.2,-1.29,-0.96,-1.33,-0.97,-1.32
7.858,-1.2,-1.3,-0.96,-1.32,-0.97,-1.32
7.873,-1.2,-1.36,-0.96,-1.32,-0.97,-1.32
7.887,-1.14,-1.36,-0.96,-1.32,-0.97,-1.33
7.902,-1.07,-1.32,-0.96,-1.32,-0.97,-1.32
7.916,-1.11,-1.36,-0.96,-1.32,-0.96,-1.32
7.93,-1.16,-1.38,-0.96,-1.32,-0.96,-1.33
7.945,-1.17,-1.33,-0.96,-1.32,-0.96,-1.32
7.96,-1.14,-1.31,-0.96,-1.32,-0.96,-1.32
7.974,-1.14,-1.31,-0.96,-1.32,-0.96,-1.32
7.989,-1.14,-1.29,-0.96,-1.32,-0.96,-1.32
8.003,-1.18,-1.32,-0.96,-1.32,-0.96,-1.32
8.017,-1.21,-1.36,-0.96,-1.32,-0.96,-1.32
8.032,-1.18,-1.3,-0.96,-1.32,-0.96,-1.32
8.046,-1.09,-1.33,-0.96,-1.32,-0.96,-1.32
8.061,-1.14,-1.41,-0.96,-1.32,-0.96,-1.32
8.075,-1.17,-1.38,-0.96,-1.32,-0.96,-1.32
8.09,-1.16,-1.36,-0.96,-1.32,-0.96,-1.32
8.104,-1.07,-1.32,-0.96,-1.32,-0.96,-1.32
8.119,-1.1,-1.36,-0.96,-1.32,-0.96,-1.32
8.133,-1.16,-1.25,-0.96,-1.32,-0.96,-1.32
8.148,-1.18,-1.31,-0.96,-1.32,-0.96,-1.32
8.162,-1.18,-1.42,-0.96,-1.32,-0.96,-1.32
8.177,-1.17,-1.34,-0.96,-1.32,-0.96,-1.32
8.191,-1.14,-1.26,-0.96,-1.32,-0.96,-1.32
8.205,-1.12,-1.31,-0.96,-1.32,-0.96,-1.32
8.221,-1.15,-1.32,-0.96,-1.32,-0.96,-1.32
8.236,-1.19,-1.29,-0.96,-1.32,-0.96,-1.32
8.25,-1.2,-1.34,-0.96,-1.32,-0.96,-1.32
8.265,-1.18,-1.38,-0.96,-1.32,-0.96,-1.32
8.279,-1.07,-1.32,-0.96,-1.32,-0.96,-1.32
8.293,-1.08,-1.32,-0.96,-1.32,-0.96,-1.32
8.308,-1.14,-1.34,-0.96,-1.32,-0.96,-1.32
8.322,-1.12,-1.33,-0.96,-1.32,-0.96,-1.32
8.337,-1.16,-1.34,-0.96,-1.32,-0.96,-1.32
8.351,-1.2,-1.44,-0.96,-1.32,-0.96,-1.32
8.366,-1.14,-1.41,-0.96,-1.32,-0.96,-1.32
8.38,-1.17,-1.38,-0.96,-1.32,-0.96,-1.32
8.394,-1.18,-1.33,-0.96,-1.32,-0.96,-1.32
8.409,-1.14,-1.3,-0.96,-1.32,-0.96,-1.32
8.423,-1.08,-1.29,-0.96,-1.32,-0.96,-1.32
8.438,-1.14,-1.32,-0.96,-1.32,-0.96,-1.32
8.452,-1.15,-1.34,-0.96,-1.32,-0.96,-1.32
8.466,-1.1,-1.34,-0.96,-1.32,-0.96,-1.32
8.481,-1.13,-1.34,-0.95,-1.32,-0.96,-1.32
8.495,-1.17,-1.31,-0.95,-1.32,-0.96,-1.32
8.51,-1.19,-1.34,-0.95,-1.32,-0.96,-1.32
8.524,-1.16,-1.37,-0.95,-1.32,-0.96,-1.32
8.539,-1.14,-1.34,-0.95,-1.32,-0.95,-1.32
8.553,-1.13,-1.35,-0.95,-1.32,-0.95,-1.32
8.567,-1.18,-1.34,-0.95,-1.32,-0.96,-1.32
8.582,-1.18,-1.34,-0.95,-1.32,-0.96,-1.32
8.596,-1.13,-1.36,-0.96,-1.32,-0.96,-1.32
8.611,-1.14,-1.33,-0.95,-1.32,-0.96,-1.32
8.625,-1.17,-1.27,-0.95,-1.32,-0.96,-1.32
8.64,-1.15,-1.3,-0.95,-1.32,-0.96,-1.32
8.654,-1.14,-1.33,-0.95,-1.32,-0.96,-1.32
8.669,-1.17,-1.35,-0.95,-1.32,-0.96,-1.32
8.683,-1.16,-1.39,-0.95,-1.32,-0.95,-1.32
8.698,-1.09,-1.29,-0.95,-1.32,-0.95,-1.32
8.713,-1.11,-1.28,-0.95,-1.32,-0.95,-1.32
8.727,-1.14,-1.34,-0.95,-1.32,-0.95,-1.32
8.742,-1.17,-1.33,-0.95,-1.32,-0.95,-1.32
8.756,-1.19,-1.35,-0.95,-1.32,-0.95,-1.32
8.77,-1.17,-1.33,-0.95,-1.32,-0.95,-1.32
8.785,-1.13,-1.35,-0.95,-1.32,-0.95,-1.32
8.799,-1.19,-1.37,-0.95,-1.32,-0.95,-1.32
8.814,-1.15,-1.33,-0.95,-1.32,-0.95,-1.32
8.828,-1.15,-1.34,-0.95,-1.32,-0.95,-1.32
8.843,-1.13,-1.32,-0.95,-1.32,-0.95,-1.32
8.857,-1.12,-1.32,-0.95,-1.32,-0.95,-1.32
8.872,-1.15,-1.35,-0.95,-1.32,-0.95,-1.32
8.886,-1.14,-1.36,-0.95,-1.32,-0.95,-1.32
8.901,-1.12,-1.38,-0.95,-1.32,-0.95,-1.32
8.915,-1.14,-1.35,-0.95,-1.32,-0.95,-1.33
8.93,-1.16,-1.29,-0.95,-1.33,-0.95,-1.32
8.944,-1.18,-1.3,-0.95,-1.32,-0.95,-1.32
8.959,-1.12,-1.31,-0.95,-1.32,-0.95,-1.32
8.973,-1.15,-1.32,-0.95,-1.32,-0.95,-1.32
8.988,-1.16,-1.33,-0.95,-1.32,-0.95,-1.32
9.002,-1.21,-1.36,-0.95,-1.32,-0.95,-1.32
9.017,-1.22,-1.34,-0.95,-1.33,-0.95,-1.33
9.031,-1.12,-1.25,-0.95,-1.33,-0.95,-1.33
9.046,-1.07,-1.27,-0.95,-1.33,-0.95,-1.33
9.06,-1.17,-1.34,-0.95,-1.33,-0.95,-1.33
9.074,-1.17,-1.32,-0.95,-1.33,-0.95,-1.33
9.09,-1.1,-1.38,-0.95,-1.33,-0.95,-1.33
9.105,-1.08,-1.37,-0.95,-1.33,-0.95,-1.33
9.12,-1.15,-1.26,-0.95,-1.32,-0.95,-1.32
9.134,-1.16,-1.24,-0.95,-1.32,-0.95,-1.32
9.148,-1.13,-1.24,-0.95,-1.32,-0.95,-1.32
9.163,-1.08,-1.33,-0.95,-1.32,-0.95,-1.32
9.177,-1.15,-1.38,-0.95,-1.32,-0.95,-1.32
9.192,-1.19,-1.35,-0.95,-1.32,-0.95,-1.32
9.206,-1.17,-1.31,-0.95,-1.32,-0.95,-1.32
9.221,-1.09,-1.29,-0.95,-1.32,-0.95,-1.32
9.235,-1.07,-1.27,-0.95,-1.32,-0.95,-1.32
9.249,-1.16,-1.26,-0.95,-1.32,-0.95,-1.32
9.264,-1.18,-1.33,-0.95,-1.32,-0.95,-1.32
9.279,-1.11,-1.36,-0.95,-1.32,-0.95,-1.32
9.293,-1.13,-1.32,-0.95,-1.32,-0.95,-1.32
9.308,-1.2,-1.33,-0.95,-1.32,-0.95,-1.32
9.322,-1.18,-1.32,-0.95,-1.32,-0.95,-1.32
9.337,-1.06,-1.24,-0.95,-1.32,-0.95,-1.32
9.351,-1.07,-1.25,-0.95,-1.32,-0.95,-1.32
9.366,-1.14,-1.29,-0.95,-1.32,-0.95,-1.32
9.38,-1.12,-1.34,-0.95,-1.32,-0.95,-1.32
9.395,-1.06,-1.35,-0.95,-1.32,-0.95,-1.32
9.409,-1.14,-1.4,-0.95,-1.32,-0.95,-1.32
9.424,-1.22,-1.38,-0.95,-1.32,-0.95,-1.32
9.438,-1.16,-1.31,-0.95,-1.32,-0.95,-1.32
9.453,-1.09,-1.33,-0.95,-1.32,-0.95,-1.32
9.467,-1.11,-1.31,-0.95,-1.32,-0.95,-1.32
9.482,-1.16,-1.29,-0.95,-1.32,-0.95,-1.32
9.496,-1.18,-1.33,-0.95,-1.32,-0.95,-1.32
9.511,-1.18,-1.35,-0.95,-1.32,-0.95,-1.32
9.528,-1.15,-1.31,-0.95,-1.32,-0.95,-1.32
9.543,-1.16,-1.3,-0.94,-1.32,-0.95,-1.32
9.557,-1.15,-1.29,-0.95,-1.32,-0.95,-1.32
9.572,-1.1,-1.33,-0.95,-1.32,-0.95,-1.32
9.586,-1.14,-1.33,-0.94,-1.32,-0.95,-1.32
9.601,-1.1,-1.36,-0.94,-1.32,-0.95,-1.32
9.616,-1.08,-1.34,-0.94,-1.32,-0.95,-1.32
9.63,-1.14,-1.34,-0.94,-1.32,-0.95,-1.32
9.644,-1.2,-1.37,-0.94,-1.32,-0.95,-1.32
9.659,-1.16,-1.35,-0.94,-1.32,-0.95,-1.32
9.673,-1.17,-1.36,-0.94,-1.32,-0.95,-1.32
9.688,-1.2,-1.36,-0.94,-1.32,-0.95,-1.32
9.702,-1.21,-1.31,-0.94,-1.32,-0.95,-1.32
9.717,-1.16,-1.29,-0.94,-1.32,-0.95,-1.32
9.731,-1.16,-1.26,-0.95,-1.32,-0.95,-1.32
9.746,-1.18,-1.36,-0.95,-1.32,-0.95,-1.32
9.76,-1.18,-1.38,-0.95,-1.32,-0.95,-1.32
9.775,-1.14,-1.37,-0.95,-1.32,-0.95,-1.32
9.789,-1.1,-1.36,-0.95,-1.32,-0.95,-1.32
9.804,-1.12,-1.33,-0.95,-1.32,-0.95,-1.32
9.818,-1.11,-1.28,-0.95,-1.32,-0.95,-1.32
9.833,-1.13,-1.32,-0.95,-1.32,-0.95,-1.32
9.848,-1.17,-1.32,-0.95,-1.32,-0.95,-1.32
9.862,-1.16,-1.35,-0.95,-1.32,-0.95,-1.32
9.877,-1.16,-1.34,-0.94,-1.32,-0.95,-1.32
9.891,-1.19,-1.35,-0.94,-1.32,-0.95,-1.32
9.906,-1.21,-1.34,-0.94,-1.32,-0.95,-1.32
9.921,-1.18,-1.33,-0.95,-1.32,-0.95,-1.32
9.935,-1.15,-1.38,-0.95,-1.32,-0.95,-1.32
9.949,-1.14,-1.41,-0.95,-1.32,-0.95,-1.32
9.964,-1.13,-1.34,-0.95,-1.32,-0.95,-1.32
9.978,-1.11,-1.33,-0.95,-1.32,-0.95,-1.32
9.992,-1.07,-1.32,-0.94,-1.32,-0.95,-1.32
10.007,-1.12,-1.31,-0.94,-1.32,-0.94,-1.32
10.021,-1.2,-1.3,-0.94,-1.32,-0.95,-1.32
10.036,-1.18,-1.32,-0.94,-1.32,-0.95,-1.32
10.051,-1.06,-1.37,-0.94,-1.32,-0.95,-1.32
10.065,-1.06,-1.36,-0.94,-1.32,-0.94,-1.32
10.08,-1.11,-1.33,-0.94,-1.32,-0.94,-1.32
10.094,-1.14,-1.26,-0.94,-1.32,-0.94,-1.32
10.109,-1.23,-1.29,-0.94,-1.32,-0.95,-1.32
10.123,-1.22,-1.31,-0.94,-1.32,-0.95,-1.32
10.138,-1.25,-1.28,-0.94,-1.32,-0.95,-1.32
10.152,-1.29,-1.32,-0.94,-1.32,-0.95,-1.32
10.167,-1.15,-1.35,-0.94,-1.32,-0.95,-1.32
10.181,-1.11,-1.32,-0.94,-1.32,-0.95,-1.32
10.196,-1.12,-1.31,-0.94,-1.32,-0.94,-1.32
10.21,-1.13,-1.35,-0.94,-1.32,-0.94,-1.32
10.225,-1.12,-1.31,-0.94,-1.32,-0.94,-1.32
10.24,-1.19,-1.33,-0.94,-1.32,-0.95,-1.32
10.254,-1.15,-1.33,-0.94,-1.32,-0.95,-1.32
10.269,-1.13,-1.36,-0.95,-1.32,-0.95,-1.33
10.285,-1.18,-1.35,-0.94,-1.33,-0.95,-1.33
10.299,-1.13,-1.3,-0.94,-1.33,-0.95,-1.33
10.314,-1.12,-1.32,-0.94,-1.33,-0.95,-1.33
10.328,-1.18,-1.37,-0.94,-1.33,-0.95,-1.33
10.342,-1.11,-1.34,-0.94,-1.33,-0.95,-1.33
10.357,-1.16,-1.31,-0.94,-1.33,-0.95,-1.33
10.372,-1.18,-1.29,-0.94,-1.33,-0.95,-1.33
10.386,-1.18,-1.35,-0.95,-1.33,-0.95,-1.33
10.401,-1.19,-1.37,-0.95,-1.33,-0.95,-1.33
10.416,-1.19,-1.3,-0.95,-1.33,-0.95,-1.33
10.43,-1.14,-1.36,-0.95,-1.33,-0.95,-1.33
10.445,-1.11,-1.33,-0.95,-1.33,-0.95,-1.33
10.459,-1.13,-1.33,-0.95,-1.33,-0.95,-1.33
10.474,-1.1,-1.29,-0.95,-1.33,-0.95,-1.33
10.488,-1.1,-1.32,-0.95,-1.33,-0.95,-1.33
10.505,-1.16,-1.36,-0.95,-1.33,-0.95,-1.33
10.519,-1.14,-1.37,-0.95,-1.33,-0.95,-1.33
10.534,-1.18,-1.38,-0.95,-1.33,-0.95,-1.33
10.548,-1.18,-1.38,-0.95,-1.33,-0.95,-1.33
10.563,-1.12,-1.3,-0.95,-1.33,-0.95,-1.33
10.577,-1.1,-1.26,-0.95,-1.33,-0.95,-1.33
10.591,-1.1,-1.25,-0.95,-1.33,-0.95,-1.33
10.606,-1.14,-1.33,-0.95,-1.33,-0.95,-1.33
10.62,-1.16,-1.33,-0.95,-1.33,-0.95,-1.33
10.635,-1.14,-1.35,-0.95,-1.33,-0.95,-1.33
10.649,-1.09,-1.31,-0.95,-1.33,-0.95,-1.33
10.664,-1.11,-1.36,-0.95,-1.33,-0.95,-1.33
10.678,-1.12,-1.37,-0.95,-1.33,-0.95,-1.33
10.692,-1.2,-1.35,-0.94,-1.33,-0.95,-1.33
10.707,-1.19,-1.35,-0.94,-1.33,-0.95,-1.33
10.722,-1.15,-1.34,-0.94,-1.33,-0.95,-1.33
10.737,-1.12,-1.37,-0.95,-1.33,-0.95,-1.33
10.751,-1.13,-1.35,-0.95,-1.33,-0.95,-1.33
10.766,-1.14,-1.35,-0.95,-1.33,-0.95,-1.33
10.78,-1.13,-1.35,-0.94,-1.33,-0.95,-1.33
10.795,-1.15,-1.29,-0.94,-1.33,-0.95,-1.33
10.809,-1.18,-1.29,-0.94,-1.33,-0.95,-1.33
10.824,-1.15,-1.35,-0.95,-1.33,-0.95,-1.33
10.838,-1.18,-1.34,-0.94,-1.33,-0.95,-1.33
10.852,-1.21,-1.33,-0.94,-1.33,-0.95,-1.33
10.867,-1.21,-1.34,-0.95,-1.33,-0.95,-1.33
10.881,-1.12,-1.31,-0.95,-1.33,-0.95,-1.33
10.896,-1.12,-1.31,-0.95,-1.33,-0.95,-1.33
10.911,-1.12,-1.27,-0.95,-1.33,-0.95,-1.33
10.925,-1.14,-1.25,-0.95,-1.33,-0.95,-1.33
10.941,-1.07,-1.32,-0.95,-1.33,-0.95,-1.33
10.955,-1.1,-1.35,-0.94,-1.33,-0.94,-1.33
10.969,-1.21,-1.28,-0.94,-1.33,-0.94,-1.33
10.984,-1.19,-1.28,-0.94,-1.33,-0.95,-1.33
10.999,-1.12,-1.36,-0.95,-1.33,-0.95,-1.33
11.013,-1.11,-1.36,-0.95,-1.33,-0.95,-1.33
11.028,-1.11,-1.36,-0.95,-1.33,-0.95,-1.33
11.042,-1.15,-1.35,-0.95,-1.33,-0.95,-1.33
11.057,-1.17,-1.34,-0.95,-1.33,-0.95,-1.33
11.072,-1.16,-1.28,-0.95,-1.33,-0.95,-1.33
11.087,-1.19,-1.3,-0.95,-1.33,-0.95,-1.33
11.101,-1.18,-1.36,-0.95,-1.33,-0.95,-1.33
11.116,-1.14,-1.38,-0.95,-1.33,-0.95,-1.33
11.13,-1.17,-1.35,-0.95,-1.33,-0.95,-1.33
11.145,-1.18,-1.34,-0.95,-1.33,-0.95,-1.33
11.16,-1.2,-1.37,-0.95,-1.33,-0.95,-1.33
11.174,-1.17,-1.35,-0.95,-1.33,-0.95,-1.33
11.189,-1.11,-1.37,-0.95,-1.33,-0.95,-1.33
11.203,-1.07,-1.36,-0.95,-1.33,-0.95,-1.33
11.217,-1.11,-1.36,-0.95,-1.33,-0.95,-1.33
11.232,-1.11,-1.32,-0.95,-1.33,-0.95,-1.33
11.246,-1.15,-1.3,-0.95,-1.33,-0.95,-1.33
11.261,-1.2,-1.31,-0.95,-1.33,-0.95,-1.33
11.275,-1.18,-1.29,-0.95,-1.33,-0.95,-1.33
11.29,-1.15,-1.31,-0.95,-1.33,-0.95,-1.33
11.304,-1.11,-1.33,-0.95,-1.33,-0.95,-1.33
11.319,-1.15,-1.34,-0.95,-1.33,-0.95,-1.33
11.333,-1.17,-1.34,-0.95,-1.33,-0.95,-1.33
11.348,-1.15,-1.33,-0.95,-1.33,-0.95,-1.33
11.362,-1.16,-1.34,-0.95,-1.33,-0.95,-1.33
11.377,-1.2,-1.35,-0.95,-1.33,-0.95,-1.33
11.391,-1.18,-1.34,-0.95,-1.33,-0.95,-1.33
11.406,-1.19,-1.32,-0.95,-1.33,-0.95,-1.33
11.42,-1.17,-1.32,-0.95,-1.33,-0.95,-1.33
11.435,-1.14,-1.34,-0.95,-1.33,-0.95,-1.33
11.449,-1.14,-1.38,-0.95,-1.33,-0.95,-1.33
11.463,-1.13,-1.34,-0.95,-1.33,-0.95,-1.33
11.478,-1.1,-1.27,-0.95,-1.33,-0.95,-1.33
11.492,-1.1,-1.27,-0.95,-1.33,-0.95,-1.33
11.507,-1.07,-1.34,-0.95,-1.33,-0.95,-1.33
11.522,-1.17,-1.37,-0.95,-1.33,-0.95,-1.33
11.536,-1.18,-1.31,-0.95,-1.33,-0.95,-1.33
11.551,-1.14,-1.3,-0.95,-1.33,-0.95,-1.33
11.566,-1.09,-1.35,-0.95,-1.33,-0.95,-1.33
11.58,-1.11,-1.4,-0.95,-1.33,-0.95,-1.33
11.595,-1.16,-1.36,-0.94,-1.33,-0.95,-1.33
11.613,-1.18,-1.31,-0.94,-1.33,-0.95,-1.33
11.628,-1.2,-1.31,-0.94,-1.33,-0.95,-1.33
11.642,-1.12,-1.31,-0.94,-1.33,-0.95,-1.33
11.657,-1.09,-1.27,-0.94,-1.33,-0.95,-1.33
11.671,-1.18,-1.34,-0.94,-1.33,-0.95,-1.33
11.686,-1.19,-1.35,-0.94,-1.33,-0.95,-1.33
11.7,-1.15,-1.36,-0.94,-1.33,-0.94,-1.33
11.715,-1.15,-1.36,-0.94,-1.33,-0.95,-1.33
11.729,-1.18,-1.34,-0.94,-1.33,-0.95,-1.33
11.744,-1.16,-1.31,-0.94,-1.33,-0.95,-1.33
11.758,-1.16,-1.28,-0.94,-1.33,-0.95,-1.33
11.773,-1.15,-1.34,-0.94,-1.33,-0.94,-1.33
11.787,-1.13,-1.36,-0.94,-1.33,-0.94,-1.33
11.802,-1.06,-1.36,-0.94,-1.33,-0.94,-1.33
11.816,-1.08,-1.34,-0.94,-1.33,-0.94,-1.33
11.83,-1.2,-1.34,-0.94,-1.33,-0.94,-1.33
11.845,-1.16,-1.36,-0.94,-1.33,-0.94,-1.33
11.859,-1.13,-1.36,-0.94,-1.33,-0.94,-1.33
11.874,-1.15,-1.35,-0.94,-1.33,-0.94,-1.33
11.888,-1.22,-1.32,-0.94,-1.33,-0.94,-1.33
11.903,-1.19,-1.33,-0.94,-1.33,-0.94,-1.33
11.917,-1.16,-1.35,-0.94,-1.33,-0.94,-1.33
11.934,-1.2,-1.35,-0.94,-1.33,-0.94,-1.33
11.949,-1.21,-1.33,-0.94,-1.33,-0.94,-1.33
11.963,-1.13,-1.33,-0.94,-1.33,-0.94,-1.33
11.978,-1.05,-1.28,-0.94,-1.33,-0.94,-1.33
11.992,-1.09,-1.27,-0.94,-1.33,-0.94,-1.33
12.007,-1.1,-1.27,-0.94,-1.33,-0.94,-1.33
12.021,-1.14,-1.29,-0.94,-1.33,-0.94,-1.33
12.036,-1.18,-1.36,-0.94,-1.33,-0.94,-1.33
12.051,-1.18,-1.38,-0.94,-1.33,-0.94,-1.33
12.065,-1.15,-1.36,-0.94,-1.33,-0.94,-1.33
12.08,-1.16,-1.34,-0.94,-1.33,-0.94,-1.33
12.094,-1.2,-1.34,-0.94,-1.33,-0.94,-1.33
12.109,-1.13,-1.31,-0.94,-1.33,-0.94,-1.33
12.123,-1.14,-1.3,-0.94,-1.33,-0.94,-1.33
12.138,-1.17,-1.31,-0.94,-1.33,-0.94,-1.33
12.153,-1.18,-1.35,-0.94,-1.33,-0.94,-1.33
12.168,-1.14,-1.33,-0.94,-1.33,-0.94,-1.33
12.182,-1.18,-1.34,-0.94,-1.33,-0.94,-1.33
12.197,-1.16,-1.32,-0.94,-1.33,-0.94,-1.33
12.211,-1.15,-1.31,-0.94,-1.33,-0.94,-1.33
12.226,-1.1,-1.28,-0.94,-1.33,-0.94,-1.33
12.24,-1.14,-1.27,-0.94,-1.33,-0.94,-1.32
12.254,-1.12,-1.34,-0.94,-1.32,-0.94,-1.32
12.269,-1.12,-1.33,-0.94,-1.32,-0.94,-1.32
12.283,-1.15,-1.29,-0.94,-1.32,-0.94,-1.32
12.298,-1.17,-1.31,-0.94,-1.32,-0.94,-1.32
12.312,-1.15,-1.33,-0.94,-1.32,-0.94,-1.32
12.326,-1.13,-1.32,-0.94,-1.32,-0.94,-1.32
12.341,-1.13,-1.34,-0.94,-1.32,-0.94,-1.32
12.355,-1.15,-1.29,-0.94,-1.32,-0.94,-1.32
12.37,-1.18,-1.27,-0.94,-1.32,-0.94,-1.32
12.384,-1.18,-1.29,-0.94,-1.32,-0.94,-1.32
12.399,-1.15,-1.32,-0.94,-1.32,-0.94,-1.32
12.413,-1.18,-1.35,-0.94,-1.32,-0.94,-1.32
12.428,-1.18,-1.31,-0.94,-1.32,-0.94,-1.32
12.442,-1.19,-1.38,-0.94,-1.32,-0.94,-1.32
12.457,-1.16,-1.41,-0.94,-1.32,-0.94,-1.32
12.472,-1.16,-1.36,-0.94,-1.32,-0.94,-1.32
12.486,-1.19,-1.31,-0.94,-1.32,-0.94,-1.32
12.501,-1.17,-1.34,-0.94,-1.32,-0.94,-1.32
12.515,-1.21,-1.36,-0.94,-1.32,-0.95,-1.32
12.53,-1.19,-1.34,-0.94,-1.32,-0.95,-1.32
12.544,-1.09,-1.34,-0.94,-1.32,-0.95,-1.32
12.559,-1.11,-1.32,-0.94,-1.32,-0.94,-1.32
12.573,-1.25,-1.35,-0.94,-1.32,-0.94,-1.32
12.587,-1.24,-1.36,-0.94,-1.32,-0.94,-1.32
12.602,-1.12,-1.35,-0.94,-1.32,-0.94,-1.32
12.616,-1.12,-1.37,-0.94,-1.32,-0.94,-1.32
12.631,-1.16,-1.36,-0.94,-1.32,-0.94,-1.32
12.645,-1.17,-1.34,-0.94,-1.32,-0.94,-1.32
12.66,-1.21,-1.29,-0.94,-1.32,-0.94,-1.32
12.674,-1.23,-1.29,-0.94,-1.32,-0.94,-1.32
12.688,-1.24,-1.3,-0.94,-1.32,-0.95,-1.32
12.703,-1.17,-1.34,-0.94,-1.32,-0.95,-1.32
12.717,-1.14,-1.36,-0.94,-1.32,-0.95,-1.32
12.732,-1.18,-1.3,-0.95,-1.32,-0.95,-1.32
12.746,-1.19,-1.25,-0.95,-1.32,-0.95,-1.32
12.761,-1.17,-1.34,-0.95,-1.32,-0.95,-1.32
12.775,-1.14,-1.38,-0.95,-1.32,-0.95,-1.32
12.79,-1.16,-1.37,-0.95,-1.32,-0.95,-1.32
12.804,-1.18,-1.33,-0.95,-1.32,-0.95,-1.32
12.819,-1.16,-1.36,-0.95,-1.32,-0.95,-1.32
12.833,-1.2,-1.38,-0.95,-1.32,-0.95,-1.32
12.848,-1.18,-1.35,-0.95,-1.32,-0.95,-1.32
12.862,-1.2,-1.34,-0.95,-1.32,-0.95,-1.32
12.877,-1.17,-1.36,-0.94,-1.32,-0.95,-1.32
12.891,-1.12,-1.33,-0.94,-1.32,-0.95,-1.32
12.906,-1.14,-1.33,-0.94,-1.32,-0.95,-1.32
12.92,-1.19,-1.3,-0.95,-1.32,-0.95,-1.32
12.935,-1.18,-1.27,-0.95,-1.32,-0.95,-1.32
12.949,-1.16,-1.34,-0.95,-1.32,-0.95,-1.32
12.964,-1.18,-1.36,-0.95,-1.32,-0.95,-1.32
12.978,-1.13,-1.34,-0.95,-1.32,-0.95,-1.32
12.993,-1.13,-1.38,-0.95,-1.32,-0.95,-1.32
13.007,-1.16,-1.4,-0.95,-1.32,-0.95,-1.32
13.021,-1.15,-1.37,-0.95,-1.32,-0.95,-1.32
13.036,-1.14,-1.37,-0.95,-1.32,-0.95,-1.32
13.05,-1.12,-1.37,-0.95,-1.32,-0.95,-1.32
13.065,-1.12,-1.32,-0.95,-1.32,-0.95,-1.32
13.08,-1.13,-1.33,-0.95,-1.32,-0.95,-1.32
13.094,-1.16,-1.28,-0.95,-1.32,-0.95,-1.32
13.109,-1.18,-1.29,-0.95,-1.32,-0.95,-1.32
13.123,-1.15,-1.33,-0.95,-1.32,-0.95,-1.32
13.137,-1.11,-1.37,-0.95,-1.32,-0.95,-1.32
13.152,-1.14,-1.33,-0.95,-1.32,-0.95,-1.32
13.166,-1.15,-1.31,-0.95,-1.32,-0.95,-1.32
13.181,-1.18,-1.32,-0.95,-1.32,-0.95,-1.32
13.195,-1.19,-1.33,-0.95,-1.32,-0.95,-1.32
13.21,-1.16,-1.33,-0.95,-1.32,-0.95,-1.32
13.224,-1.16,-1.38,-0.95,-1.32,-0.95,-1.32
13.238,-1.17,-1.37,-0.95,-1.32,-0.95,-1.32
13.253,-1.21,-1.36,-0.95,-1.32,-0.95,-1.32
13.268,-1.19,-1.38,-0.95,-1.32,-0.95,-1.32
13.282,-1.17,-1.34,-0.95,-1.32,-0.95,-1.32
13.296,-1.15,-1.28,-0.95,-1.32,-0.95,-1.32
13.31,-1.14,-1.31,-0.95,-1.32,-0.95,-1.32
13.325,-1.11,-1.33,-0.95,-1.32,-0.95,-1.32
13.339,-1.13,-1.33,-0.95,-1.32,-0.95,-1.32
13.354,-1.11,-1.29,-0.95,-1.32,-0.95,-1.32
13.368,-1.15,-1.31,-0.95,-1.32,-0.95,-1.32
13.383,-1.15,-1.36,-0.95,-1.32,-0.95,-1.32
13.397,-1.12,-1.35,-0.95,-1.32,-0.95,-1.32
13.411,-1.15,-1.3,-0.95,-1.32,-0.95,-1.32
13.426,-1.16,-1.31,-0.95,-1.32,-0.95,-1.32
13.44,-1.16,-1.3,-0.95,-1.32,-0.95,-1.32
13.455,-1.15,-1.31,-0.95,-1.32,-0.95,-1.32
13.469,-1.13,-1.29,-0.95,-1.32,-0.95,-1.32
13.483,-1.14,-1.31,-0.95,-1.32,-0.95,-1.32
13.498,-1.09,-1.36,-0.95,-1.32,-0.95,-1.32
13.513,-1.13,-1.32,-0.95,-1.32,-0.95,-1.32
13.527,-1.16,-1.29,-0.95,-1.32,-0.95,-1.32
13.542,-1.14,-1.28,-0.95,-1.32,-0.95,-1.32
13.556,-1.12,-1.3,-0.95,-1.32,-0.95,-1.32
13.571,-1.15,-1.41,-0.95,-1.32,-0.95,-1.32
13.586,-1.15,-1.41,-0.95,-1.32,-0.95,-1.32
13.6,-1.12,-1.36,-0.95,-1.32,-0.95,-1.32
13.614,-1.13,-1.36,-0.95,-1.32,-0.95,-1.32
13.629,-1.23,-1.32,-0.95,-1.32,-0.95,-1.32
13.643,-1.25,-1.32,-0.95,-1.32,-0.95,-1.32
13.658,-1.19,-1.34,-0.95,-1.32,-0.95,-1.32
13.672,-1.15,-1.32,-0.95,-1.32,-0.95,-1.32
13.686,-1.16,-1.31,-0.95,-1.32,-0.95,-1.32
13.701,-1.17,-1.31,-0.95,-1.32,-0.95,-1.32
13.715,-1.16,-1.32,-0.95,-1.32,-0.95,-1.32
13.73,-1.13,-1.31,-0.95,-1.32,-0.95,-1.32
13.744,-1.16,-1.27,-0.95,-1.32,-0.95,-1.32
13.759,-1.13,-1.32,-0.95,-1.32,-0.95,-1.32
13.773,-1.11,-1.38,-0.95,-1.32,-0.95,-1.32
13.787,-1.1,-1.38,-0.95,-1.32,-0.95,-1.32
13.803,-1.14,-1.35,-0.95,-1.32,-0.95,-1.32
13.818,-1.17,-1.31,-0.95,-1.32,-0.95,-1.32
13.832,-1.17,-1.33,-0.95,-1.32,-0.95,-1.32
13.847,-1.24,-1.37,-0.95,-1.32,-0.95,-1.32
13.861,-1.24,-1.37,-0.95,-1.32,-0.95,-1.32
13.876,-1.18,-1.35,-0.95,-1.32,-0.95,-1.32
13.89,-1.14,-1.34,-0.95,-1.32,-0.95,-1.32
13.904,-1.09,-1.33,-0.95,-1.32,-0.96,-1.32
13.919,-1.14,-1.34,-0.95,-1.32,-0.96,-1.32
13.933,-1.16,-1.39,-0.95,-1.32,-0.96,-1.32
13.948,-1.16,-1.32,-0.95,-1.32,-0.95,-1.32
13.962,-1.18,-1.31,-0.95,-1.32,-0.96,-1.32
13.977,-1.18,-1.39,-0.96,-1.32,-0.96,-1.32
13.992,-1.16,-1.34,-0.96,-1.32,-0.96,-1.33
14.006,-1.05,-1.26,-0.96,-1.33,-0.96,-1.32
14.021,-1.1,-1.3,-0.95,-1.32,-0.96,-1.32
14.035,-1.2,-1.35,-0.95,-1.32,-0.96,-1.32
14.05,-1.19,-1.36,-0.95,-1.32,-0.96,-1.32
14.064,-1.16,-1.34,-0.95,-1.32,-0.96,-1.32
14.079,-1.17,-1.35,-0.95,-1.32,-0.96,-1.32
14.093,-1.2,-1.33,-0.95,-1.33,-0.96,-1.33
14.108,-1.19,-1.3,-0.96,-1.33,-0.96,-1.33
14.122,-1.17,-1.3,-0.95,-1.33,-0.96,-1.32
14.136,-1.16,-1.28,-0.96,-1.32,-0.96,-1.32
14.151,-1.14,-1.23,-0.95,-1.32,-0.96,-1.32
14.167,-1.12,-1.31,-0.95,-1.32,-0.96,-1.32
14.181,-1.09,-1.34,-0.95,-1.32,-0.95,-1.32
14.197,-1.15,-1.33,-0.95,-1.32,-0.95,-1.32
14.211,-1.17,-1.33,-0.95,-1.32,-0.95,-1.32
14.226,-1.18,-1.34,-0.95,-1.32,-0.95,-1.32
14.24,-1.2,-1.28,-0.95,-1.32,-0.95,-1.32
14.255,-1.17,-1.27,-0.95,-1.32,-0.95,-1.32
14.269,-1.19,-1.27,-0.95,-1.32,-0.95,-1.32
14.284,-1.16,-1.27,-0.95,-1.32,-0.95,-1.32
14.298,-1.14,-1.28,-0.95,-1.32,-0.95,-1.32
14.313,-1.13,-1.34,-0.95,-1.32,-0.95,-1.32
14.327,-1.18,-1.34,-0.95,-1.32,-0.95,-1.32
14.342,-1.18,-1.4,-0.95,-1.32,-0.95,-1.32
14.356,-1.15,-1.4,-0.95,-1.32,-0.95,-1.32
14.371,-1.15,-1.32,-0.95,-1.33,-0.95,-1.33
14.385,-1.18,-1.3,-0.95,-1.33,-0.95,-1.32
14.4,-1.11,-1.34,-0.95,-1.32,-0.95,-1.32
14.414,-1.09,-1.34,-0.95,-1.32,-0.95,-1.32
14.429,-1.09,-1.36,-0.95,-1.32,-0.95,-1.32
14.443,-1.09,-1.34,-0.95,-1.32,-0.95,-1.32
14.458,-1.12,-1.34,-0.95,-1.32,-0.95,-1.32
14.473,-1.09,-1.29,-0.95,-1.32,-0.95,-1.32
14.487,-1.14,-1.29,-0.95,-1.32,-0.95,-1.32
14.502,-1.21,-1.32,-0.95,-1.32,-0.95,-1.32
14.516,-1.18,-1.31,-0.95,-1.32,-0.95,-1.32
14.531,-1.19,-1.33,-0.95,-1.32,-0.95,-1.32
14.545,-1.25,-1.34,-0.95,-1.32,-0.96,-1.32
14.559,-1.15,-1.31,-0.95,-1.32,-0.95,-1.32
14.574,-1.13,-1.27,-0.95,-1.32,-0.95,-1.32
14.588,-1.13,-1.36,-0.95,-1.32,-0.95,-1.32
14.603,-1.13,-1.39,-0.95,-1.32,-0.95,-1.32
14.617,-1.13,-1.31,-0.95,-1.32,-0.95,-1.32
14.632,-1.16,-1.29,-0.95,-1.32,-0.95,-1.32
14.646,-1.2,-1.3,-0.95,-1.32,-0.95,-1.32
14.66,-1.14,-1.35,-0.95,-1.32,-0.95,-1.32
14.675,-1.1,-1.35,-0.95,-1.32,-0.95,-1.32
14.69,-1.19,-1.33,-0.95,-1.32,-0.95,-1.32
14.704,-1.19,-1.35,-0.95,-1.33,-0.95,-1.33
14.718,-1.12,-1.29,-0.95,-1.33,-0.95,-1.33
14.733,-1.13,-1.27,-0.95,-1.33,-0.95,-1.33
14.747,-1.14,-1.31,-0.95,-1.33,-0.95,-1.33
14.762,-1.11,-1.36,-0.95,-1.33,-0.95,-1.33
14.776,-1.16,-1.39,-0.95,-1.33,-0.95,-1.33
14.792,-1.18,-1.36,-0.95,-1.33,-0.95,-1.33
14.807,-1.12,-1.28,-0.95,-1.33,-0.95,-1.33
14.822,-1.14,-1.31,-0.95,-1.33,-0.95,-1.33
14.836,-1.16,-1.38,-0.95,-1.33,-0.95,-1.33
14.851,-1.16,-1.37,-0.95,-1.33,-0.95,-1.33
14.865,-1.12,-1.36,-0.95,-1.33,-0.95,-1.33
14.88,-1.13,-1.37,-0.95,-1.33,-0.95,-1.33
14.894,-1.14,-1.33,-0.95,-1.33,-0.95,-1.33
14.908,-1.14,-1.33,-0.95,-1.33,-0.95,-1.33
14.923,-1.15,-1.34,-0.95,-1.33,-0.95,-1.33
14.937,-1.16,-1.31,-0.95,-1.33,-0.95,-1.33
14.952,-1.17,-1.33,-0.95,-1.33,-0.95,-1.33
14.966,-1.21,-1.36,-0.95,-1.33,-0.95,-1.33
14.981,-1.18,-1.33,-0.95,-1.33,-0.95,-1.33
14.996,-1.12,-1.3,-0.95,-1.33,-0.95,-1.33
15.01,-1.13,-1.33,-0.95,-1.33,-0.95,-1.33
15.024,-1.14,-1.41,-0.95,-1.33,-0.95,-1.33
15.039,-1.15,-1.38,-0.95,-1.33,-0.95,-1.33
15.054,-1.16,-1.33,-0.95,-1.33,-0.95,-1.33
15.068,-1.17,-1.31,-0.95,-1.33,-0.95,-1.33
15.083,-1.13,-1.31,-0.95,-1.33,-0.95,-1.33
15.097,-1.08,-1.28,-0.95,-1.33,-0.95,-1.33
15.112,-1.1,-1.33,-0.95,-1.33,-0.95,-1.33
15.126,-1.11,-1.35,-0.95,-1.33,-0.95,-1.33
15.141,-1.12,-1.38,-0.95,-1.33,-0.95,-1.33
15.155,-1.2,-1.3,-0.95,-1.33,-0.95,-1.33
15.17,-1.16,-1.28,-0.95,-1.33,-0.95,-1.33
15.184,-1.18,-1.36,-0.95,-1.33,-0.95,-1.33
15.199,-1.18,-1.36,-0.94,-1.33,-0.95,-1.33
15.213,-1.1,-1.34,-0.94,-1.33,-0.95,-1.33
15.228,-1.07,-1.34,-0.94,-1.33,-0.95,-1.33
15.242,-1.09,-1.34,-0.94,-1.33,-0.95,-1.33
15.257,-1.12,-1.34,-0.94,-1.33,-0.94,-1.33
15.271,-1.19,-1.31,-0.94,-1.33,-0.94,-1.33
15.285,-1.18,-1.3,-0.94,-1.33,-0.94,-1.33
15.3,-1.13,-1.35,-0.94,-1.33,-0.95,-1.33
15.314,-1.11,-1.34,-0.94,-1.33,-0.94,-1.33
15.33,-1.1,-1.32,-0.94,-1.33,-0.94,-1.33
15.344,-1.12,-1.32,-0.94,-1.33,-0.95,-1.33
15.359,-1.18,-1.38,-0.94,-1.33,-0.95,-1.33
15.374,-1.19,-1.37,-0.95,-1.33,-0.95,-1.33
15.388,-1.2,-1.33,-0.95,-1.33,-0.95,-1.33
15.402,-1.25,-1.31,-0.95,-1.33,-0.95,-1.33
15.417,-1.2,-1.35,-0.95,-1.33,-0.95,-1.33
15.432,-1.16,-1.37,-0.95,-1.33,-0.95,-1.33
15.446,-1.18,-1.32,-0.95,-1.33,-0.95,-1.33
15.461,-1.14,-1.34,-0.95,-1.33,-0.95,-1.33
15.475,-1.11,-1.36,-0.95,-1.33,-0.95,-1.33
15.49,-1.07,-1.35,-0.95,-1.33,-0.95,-1.33
15.504,-1.05,-1.33,-0.95,-1.33,-0.95,-1.33
15.519,-1.12,-1.31,-0.94,-1.33,-0.95,-1.33
15.534,-1.18,-1.31,-0.94,-1.33,-0.95,-1.33
15.548,-1.19,-1.32,-0.94,-1.33,-0.95,-1.33
15.563,-1.16,-1.3,-0.94,-1.33,-0.95,-1.33
15.577,-1.1,-1.33,-0.94,-1.33,-0.95,-1.33
15.592,-1.1,-1.33,-0.94,-1.33,-0.94,-1.33
15.606,-1.16,-1.33,-0.94,-1.33,-0.95,-1.33
15.621,-1.18,-1.35,-0.94,-1.33,-0.95,-1.33
15.635,-1.18,-1.35,-0.94,-1.33,-0.95,-1.33
15.649,-1.14,-1.31,-0.94,-1.33,-0.95,-1.33
15.664,-1.14,-1.34,-0.94,-1.33,-0.95,-1.33
15.679,-1.16,-1.36,-0.95,-1.33,-0.95,-1.33
15.693,-1.18,-1.38,-0.95,-1.33,-0.95,-1.33
15.708,-1.15,-1.28,-0.95,-1.33,-0.95,-1.33
15.723,-1.17,-1.32,-0.95,-1.33,-0.95,-1.33
15.737,-1.19,-1.31,-0.95,-1.33,-0.95,-1.33
15.751,-1.17,-1.29,-0.95,-1.33,-0.95,-1.33
15.766,-1.12,-1.33,-0.95,-1.33,-0.95,-1.33
15.78,-1.13,-1.34,-0.95,-1.33,-0.95,-1.33
15.795,-1.17,-1.31,-0.95,-1.33,-0.95,-1.33
15.809,-1.14,-1.3,-0.95,-1.33,-0.95,-1.33
15.824,-1.1,-1.33,-0.95,-1.33,-0.95,-1.33
15.838,-1.14,-1.36,-0.95,-1.33,-0.95,-1.33
15.853,-1.18,-1.38,-0.95,-1.33,-0.95,-1.33
15.869,-1.11,-1.35,-0.95,-1.33,-0.95,-1.33
15.883,-1.15,-1.32,-0.95,-1.33,-0.95,-1.33
15.898,-1.19,-1.3,-0.95,-1.33,-0.95,-1.33
15.912,-1.2,-1.31,-0.95,-1.33,-0.95,-1.33
15.927,-1.18,-1.34,-0.95,-1.33,-0.95,-1.33
15.942,-1.09,-1.33,-0.95,-1.33,-0.95,-1.33
15.957,-1.11,-1.36,-0.95,-1.33,-0.95,-1.33
15.971,-1.19,-1.34,-0.95,-1.33,-0.95,-1.33
15.985,-1.15,-1.3,-0.95,-1.33,-0.95,-1.33
16.0,-1.14,-1.29,-0.95,-1.33,-0.95,-1.33
16.014,-1.14,-1.29,-0.95,-1.33,-0.95,-1.33
16.029,-1.11,-1.31,-0.95,-1.33,-0.95,-1.33
16.044,-1.1,-1.37,-0.95,-1.33,-0.95,-1.33
16.058,-1.16,-1.34,-0.95,-1.33,-0.95,-1.33
16.073,-1.21,-1.29,-0.95,-1.33,-0.95,-1.33
16.089,-1.19,-1.33,-0.95,-1.33,-0.95,-1.33
16.104,-1.14,-1.35,-0.95,-1.33,-0.95,-1.33
16.118,-1.13,-1.32,-0.94,-1.33,-0.95,-1.33
16.133,-1.16,-1.31,-0.94,-1.33,-0.95,-1.33
16.147,-1.14,-1.36,-0.95,-1.33,-0.95,-1.33
16.162,-1.18,-1.33,-0.95,-1.33,-0.95,-1.33
16.176,-1.18,-1.3,-0.94,-1.33,-0.95,-1.33
16.19,-1.12,-1.33,-0.94,-1.33,-0.95,-1.33
16.204,-1.09,-1.34,-0.95,-1.33,-0.95,-1.33
16.219,-1.19,-1.32,-0.95,-1.33,-0.95,-1.33
16.234,-1.25,-1.3,-0.95,-1.33,-0.95,-1.33
16.249,-1.17,-1.31,-0.95,-1.33,-0.95,-1.33
16.263,-1.16,-1.3,-0.95,-1.33,-0.95,-1.33
16.277,-1.16,-1.33,-0.95,-1.33,-0.95,-1.33
16.293,-1.11,-1.33,-0.95,-1.33,-0.95,-1.33
16.308,-1.12,-1.31,-0.95,-1.32,-0.95,-1.32
16.322,-1.2,-1.26,-0.95,-1.32,-0.95,-1.32
16.336,-1.2,-1.3,-0.95,-1.32,-0.95,-1.32
16.351,-1.16,-1.32,-0.95,-1.32,-0.95,-1.32
16.365,-1.15,-1.29,-0.95,-1.32,-0.95,-1.32
16.38,-1.13,-1.32,-0.95,-1.32,-0.95,-1.32
16.394,-1.11,-1.33,-0.95,-1.32,-0.95,-1.32
16.408,-1.17,-1.33,-0.95,-1.32,-0.95,-1.32
16.423,-1.12,-1.34,-0.95,-1.32,-0.95,-1.32
16.437,-1.12,-1.32,-0.95,-1.32,-0.95,-1.32
16.452,-1.12,-1.29,-0.94,-1.32,-0.95,-1.32
16.466,-1.12,-1.27,-0.94,-1.32,-0.95,-1.32
16.481,-1.11,-1.31,-0.94,-1.32,-0.95,-1.32
16.495,-1.14,-1.31,-0.94,-1.32,-0.95,-1.32
16.51,-1.2,-1.31,-0.94,-1.32,-0.95,-1.32
16.525,-1.22,-1.29,-0.94,-1.32,-0.95,-1.32
16.539,-1.12,-1.29,-0.94,-1.32,-0.94,-1.32
16.554,-1.11,-1.33,-0.94,-1.32,-0.94,-1.32
16.568,-1.11,-1.39,-0.94,-1.32,-0.94,-1.32
16.583,-1.17,-1.38,-0.94,-1.32,-0.94,-1.32
16.597,-1.2,-1.28,-0.94,-1.32,-0.94,-1.32
16.612,-1.11,-1.25,-0.94,-1.32,-0.94,-1.32
16.626,-1.12,-1.29,-0.94,-1.32,-0.94,-1.32
16.64,-1.16,-1.32,-0.94,-1.32,-0.94,-1.32
16.655,-1.13,-1.35,-0.94,-1.32,-0.94,-1.32
16.669,-1.09,-1.3,-0.94,-1.32,-0.94,-1.32
16.684,-1.19,-1.37,-0.94,-1.32,-0.94,-1.32
16.698,-1.23,-1.38,-0.94,-1.32,-0.94,-1.32
16.713,-1.19,-1.36,-0.94,-1.32,-0.94,-1.32
16.727,-1.14,-1.28,-0.94,-1.32,-0.94,-1.32
16.746,-1.16,-1.27,-0.94,-1.32,-0.94,-1.32
16.761,-1.14,-1.29,-0.94,-1.32,-0.94,-1.32
16.775,-1.14,-1.32,-0.94,-1.32,-0.94,-1.32
16.79,-1.16,-1.35,-0.94,-1.32,-0.94,-1.32
16.804,-1.16,-1.37,-0.94,-1.32,-0.94,-1.32
16.819,-1.11,-1.35,-0.94,-1.32,-0.94,-1.32
16.833,-1.09,-1.29,-0.94,-1.32,-0.94,-1.32
16.849,-1.15,-1.3,-0.94,-1.32,-0.94,-1.32
16.863,-1.16,-1.34,-0.94,-1.32,-0.94,-1.32
16.878,-1.18,-1.3,-0.94,-1.32,-0.94,-1.32
16.892,-1.13,-1.29,-0.94,-1.32,-0.94,-1.32
16.908,-1.11,-1.34,-0.94,-1.32,-0.94,-1.32
16.922,-1.13,-1.35,-0.94,-1.32,-0.94,-1.32
16.936,-1.13,-1.38,-0.94,-1.32,-0.94,-1.32
16.951,-1.19,-1.32,-0.94,-1.32,-0.94,-1.32
16.965,-1.18,-1.27,-0.94,-1.32,-0.94,-1.32
16.98,-1.13,-1.23,-0.94,-1.32,-0.94,-1.32
16.994,-1.13,-1.3,-0.94,-1.32,-0.94,-1.32
17.009,-1.16,-1.35,-0.94,-1.32,-0.94,-1.32
17.023,-1.16,-1.35,-0.94,-1.32,-0.94,-1.32
17.038,-1.12,-1.34,-0.94,-1.32,-0.94,-1.32
17.052,-1.19,-1.33,-0.94,-1.32,-0.94,-1.32
17.067,-1.21,-1.34,-0.94,-1.32,-0.94,-1.32
17.082,-1.1,-1.31,-0.94,-1.32,-0.94,-1.32
17.097,-1.05,-1.31,-0.94,-1.32,-0.94,-1.32
17.111,-1.1,-1.29,-0.94,-1.32,-0.94,-1.32
17.126,-1.17,-1.31,-0.94,-1.32,-0.94,-1.32
17.14,-1.15,-1.29,-0.94,-1.32,-0.94,-1.32
17.155,-1.12,-1.27,-0.94,-1.32,-0.94,-1.32
17.169,-1.16,-1.35,-0.94,-1.32,-0.94,-1.32
17.184,-1.14,-1.36,-0.94,-1.32,-0.94,-1.32
17.198,-1.14,-1.29,-0.94,-1.32,-0.94,-1.32
17.212,-1.18,-1.28,-0.94,-1.32,-0.94,-1.32
17.227,-1.23,-1.32,-0.94,-1.32,-0.94,-1.32
17.241,-1.2,-1.36,-0.94,-1.32,-0.94,-1.32
17.255,-1.18,-1.34,-0.94,-1.32,-0.94,-1.32
17.27,-1.14,-1.35,-0.94,-1.32,-0.94,-1.32
17.286,-1.13,-1.37,-0.94,-1.32,-0.94,-1.32
17.301,-1.16,-1.31,-0.94,-1.32,-0.94,-1.32
17.315,-1.16,-1.27,-0.94,-1.33,-0.94,-1.32
17.33,-1.18,-1.33,-0.94,-1.33,-0.94,-1.33
17.344,-1.18,-1.31,-0.94,-1.32,-0.94,-1.32
17.358,-1.14,-1.28,-0.94,-1.32,-0.94,-1.32
17.373,-1.1,-1.31,-0.94,-1.32,-0.94,-1.32
17.388,-1.06,-1.4,-0.94,-1.32,-0.94,-1.32
17.402,-1.11,-1.4,-0.94,-1.32,-0.94,-1.32
17.416,-1.21,-1.36,-0.94,-1.32,-0.94,-1.32
17.432,-1.19,-1.34,-0.94,-1.32,-0.95,-1.33
17.446,-1.16,-1.35,-0.94,-1.32,-0.94,-1.32
17.461,-1.12,-1.36,-0.94,-1.32,-0.94,-1.32
17.475,-1.17,-1.3,-0.94,-1.33,-0.95,-1.33
17.49,-1.18,-1.29,-0.94,-1.33,-0.95,-1.33
17.504,-1.18,-1.3,-0.95,-1.33,-0.95,-1.33
17.518,-1.17,-1.27,-0.95,-1.32,-0.95,-1.32
17.533,-1.2,-1.28,-0.95,-1.32,-0.95,-1.32
17.547,-1.16,-1.35,-0.95,-1.32,-0.95,-1.32
17.561,-1.15,-1.31,-0.95,-1.32,-0.95,-1.32
17.576,-1.14,-1.29,-0.95,-1.32,-0.95,-1.32
17.59,-1.1,-1.3,-0.95,-1.32,-0.95,-1.32
17.604,-1.11,-1.33,-0.95,-1.32,-0.95,-1.32
17.619,-1.13,-1.33,-0.95,-1.33,-0.95,-1.33
17.633,-1.09,-1.32,-0.94,-1.33,-0.95,-1.33
17.648,-1.15,-1.32,-0.94,-1.33,-0.95,-1.33
17.662,-1.21,-1.33,-0.94,-1.33,-0.95,-1.33
17.677,-1.16,-1.3,-0.94,-1.33,-0.95,-1.33
17.691,-1.13,-1.3,-0.94,-1.33,-0.95,-1.33
17.706,-1.15,-1.29,-0.94,-1.33,-0.95,-1.33
17.72,-1.17,-1.26,-0.94,-1.33,-0.95,-1.32
17.734,-1.1,-1.27,-0.94,-1.33,-0.95,-1.32
17.749,-1.08,-1.32,-0.94,-1.33,-0.94,-1.33
17.764,-1.19,-1.36,-0.94,-1.33,-0.95,-1.33
17.778,-1.2,-1.33,-0.94,-1.33,-0.95,-1.33
17.793,-1.14,-1.33,-0.94,-1.33,-0.95,-1.33
17.807,-1.14,-1.33,-0.94,-1.33,-0.95,-1.33
17.822,-1.2,-1.3,-0.94,-1.32,-0.95,-1.32
17.836,-1.2,-1.28,-0.95,-1.32,-0.95,-1.32
17.851,-1.18,-1.33,-0.95,-1.32,-0.95,-1.32
17.865,-1.11,-1.36,-0.95,-1.32,-0.95,-1.32
17.88,-1.06,-1.35,-0.95,-1.32,-0.95,-1.32
17.894,-1.19,-1.35,-0.95,-1.32,-0.95,-1.32
17.909,-1.22,-1.37,-0.95,-1.32,-0.95,-1.32
17.923,-1.16,-1.26,-0.95,-1.32,-0.96,-1.32
17.937,-1.16,-1.25,-0.96,-1.32,-0.96,-1.32
17.952,-1.02,-1.53,-0.96,-1.32,-0.96,-1.32
17.966,-1.04,-1.46,-0.96,-1.32,-0.96,-1.32
17.981,-1.18,-1.29,-0.96,-1.32,-0.96,-1.32
17.995,-1.23,-1.3,-0.95,-1.32,-0.96,-1.32
18.01,-1.2,-1.4,-0.96,-1.32,-0.96,-1.32
18.024,-1.16,-1.4,-0.96,-1.32,-0.96,-1.32
18.038,-1.14,-1.4,-0.96,-1.32,-0.96,-1.32
18.053,-1.18,-1.37,-0.96,-1.32,-0.96,-1.32
18.067,-1.2,-1.33,-0.96,-1.32,-0.96,-1.32
18.082,-1.07,-1.35,-0.96,-1.32,-0.96,-1.32
18.097,-1.06,-1.35,-0.96,-1.32,-0.96,-1.32
18.111,-1.26,-1.35,-0.96,-1.32,-0.96,-1.32
18.126,-1.27,-1.36,-0.96,-1.32,-0.96,-1.32
18.14,-1.14,-1.36,-0.96,-1.32,-0.96,-1.32
18.155,-1.15,-1.34,-0.96,-1.32,-0.96,-1.32
18.169,-1.19,-1.33,-0.96,-1.32,-0.96,-1.32
18.184,-1.16,-1.37,-0.96,-1.32,-0.96,-1.32
18.198,-1.14,-1.29,-0.96,-1.32,-0.96,-1.32
18.213,-1.2,-1.33,-0.96,-1.32,-0.96,-1.32
18.227,-1.16,-1.36,-0.96,-1.32,-0.96,-1.32
18.242,-1.15,-1.33,-0.96,-1.32,-0.96,-1.32
18.257,-1.06,-1.26,-0.96,-1.32,-0.96,-1.32
18.276,-1.01,-1.32,-0.96,-1.32,-0.96,-1.32
18.29,-1.18,-1.36,-0.96,-1.32,-0.96,-1.32
18.305,-1.23,-1.36,-0.95,-1.32,-0.96,-1.32
18.319,-1.14,-1.43,-0.96,-1.32,-0.96,-1.32
18.334,-1.12,-1.35,-0.95,-1.32,-0.96,-1.32
18.348,-1.16,-1.29,-0.95,-1.32,-0.96,-1.32
18.363,-1.18,-1.31,-0.96,-1.32,-0.96,-1.32
18.377,-1.14,-1.37,-0.96,-1.32,-0.96,-1.32
18.392,-1.15,-1.38,-0.96,-1.32,-0.96,-1.32
18.406,-1.12,-1.33,-0.96,-1.32,-0.96,-1.32
18.42,-1.12,-1.34,-0.95,-1.32,-0.96,-1.32
18.435,-1.12,-1.39,-0.95,-1.32,-0.96,-1.32
18.45,-1.13,-1.4,-0.95,-1.32,-0.96,-1.32
18.464,-1.18,-1.36,-0.95,-1.32,-0.96,-1.32
18.479,-1.19,-1.34,-0.95,-1.32,-0.96,-1.32
18.493,-1.18,-1.34,-0.95,-1.32,-0.96,-1.32
18.507,-1.16,-1.37,-0.95,-1.33,-0.96,-1.33
18.522,-1.17,-1.32,-0.95,-1.33,-0.96,-1.33
18.537,-1.18,-1.31,-0.96,-1.33,-0.96,-1.33
18.551,-1.17,-1.35,-0.96,-1.33,-0.96,-1.33
18.565,-1.19,-1.37,-0.96,-1.32,-0.96,-1.33
18.58,-1.16,-1.38,-0.96,-1.33,-0.96,-1.33
18.596,-1.12,-1.35,-0.96,-1.33,-0.96,-1.33
18.61,-1.11,-1.37,-0.96,-1.33,-0.96,-1.33
18.625,-1.13,-1.4,-0.96,-1.33,-0.96,-1.33
18.64,-1.17,-1.37,-0.96,-1.33,-0.96,-1.33
18.654,-1.15,-1.42,-0.96,-1.33,-0.96,-1.33
18.668,-1.12,-1.4,-0.96,-1.33,-0.96,-1.33
18.683,-1.12,-1.35,-0.96,-1.33,-0.96,-1.33
18.697,-1.12,-1.36,-0.96,-1.33,-0.96,-1.33
18.711,-1.11,-1.36,-0.96,-1.33,-0.96,-1.33
18.726,-1.11,-1.33,-0.96,-1.33,-0.96,-1.33
18.741,-1.82,-1.36,-0.96,-1.33,-0.96,-1.33
18.755,-4.05,-1.65,-0.99,-1.33,-1.02,-1.33
18.77,-0.53,-1.33,-1.16,-1.32,-1.16,-1.32
18.784,-0.2,-1.36,-1.21,-1.31,-1.2,-1.31
18.799,-2.58,-1.45,-1.18,-1.31,-1.2,-1.31
18.815,-0.5,-1.43,-1.19,-1.31,-1.18,-1.31
18.83,-0.87,-1.32,-1.17,-1.31,-1.17,-1.31
18.844,-0.85,-1.29,-1.15,-1.31,-1.15,-1.31
18.859,-1.3,-1.23,-1.13,-1.31,-1.14,-1.31
18.873,1.14,1.62,-1.13,-1.31,-1.1,-1.28
18.887,0.72,0.5,-1.01,-1.29,-0.99,-1.27
18.902,3.93,-4.49,-0.83,-1.27,-0.78,-1.31
18.916,-1.92,-1.82,-0.32,-1.32,-0.34,-1.33
18.93,-8.81,-1.47,0.27,-1.35,0.18,-1.35
18.945,-2.62,-1.85,0.22,-1.34,0.19,-1.34
18.959,-0.81,-1.36,0.11,-1.34,0.1,-1.34
18.973,-2.23,-1.27,0.08,-1.34,0.06,-1.34
18.988,-3.0,-1.24,0.07,-1.34,0.04,-1.34
19.002,-2.27,-1.42,0.05,-1.34,0.02,-1.34
19.016,-1.8,-1.41,0.01,-1.34,-0.01,-1.34
19.03,-1.96,-1.99,-0.01,-1.34,-0.03,-1.35
19.045,-1.86,-2.38,-0.01,-1.35,-0.03,-1.36
19.059,-2.22,-0.39,-0.01,-1.35,-0.03,-1.35
19.074,-2.29,-0.47,-0.01,-1.34,-0.03,-1.34
19.088,-2.24,-1.26,-0.01,-1.34,-0.03,-1.33
19.102,-2.38,-1.42,-0.01,-1.33,-0.04,-1.34
19.117,-2.32,-1.34,-0.02,-1.34,-0.04,-1.34
19.131,-2.18,-1.35,-0.04,-1.34,-0.06,-1.34
19.145,-2.19,-1.37,-0.05,-1.34,-0.07,-1.34
19.16,-2.32,-1.33,-0.06,-1.34,-0.08,-1.34
19.174,-2.5,-1.35,-0.06,-1.34,-0.09,-1.34
19.189,-2.41,-1.34,-0.07,-1.34,-0.09,-1.34
19.203,-2.42,-1.33,-0.09,-1.34,-0.11,-1.34
19.218,-2.22,-1.41,-0.11,-1.34,-0.13,-1.34
19.232,-2.05,-1.43,-0.14,-1.34,-0.15,-1.34
19.247,-2.27,-1.37,-0.15,-1.34,-0.17,-1.34
19.261,-2.4,-1.32,-0.15,-1.34,-0.17,-1.34
19.276,-2.46,-1.25,-0.16,-1.34,-0.18,-1.34
19.29,-2.37,-1.36,-0.18,-1.34,-0.21,-1.34
19.305,-2.3,-1.49,-0.21,-1.34,-0.23,-1.34
19.319,-2.31,-1.29,-0.23,-1.34,-0.26,-1.34
19.334,-2.32,-1.19,-0.25,-1.34,-0.27,-1.34
19.348,-2.38,-1.21,-0.27,-1.34,-0.29,-1.34
19.365,-2.37,-1.29,-0.29,-1.34,-0.31,-1.34
19.379,-2.32,-1.33,-0.31,-1.34,-0.33,-1.34
19.394,-2.16,-1.38,-0.33,-1.34,-0.35,-1.34
19.408,-2.31,-1.36,-0.35,-1.34,-0.37,-1.34
19.423,-2.6,-1.38,-0.37,-1.34,-0.39,-1.34
19.437,-2.62,-1.45,-0.42,-1.34,-0.44,-1.34
19.452,-2.33,-1.45,-0.48,-1.33,-0.5,-1.33
19.466,-2.0,-1.27,-0.55,-1.33,-0.56,-1.33
19.481,-1.67,-1.27,-0.6,-1.33,-0.61,-1.33
19.496,-2.11,-1.4,-0.63,-1.33,-0.65,-1.33
19.51,-2.38,-1.47,-0.64,-1.33,-0.66,-1.33
19.525,-2.57,-1.4,-0.66,-1.33,-0.67,-1.33
19.539,-2.41,-1.34,-0.69,-1.33,-0.7,-1.33
19.554,-2.25,-1.27,-0.73,-1.33,-0.75,-1.33
19.568,-2.23,-1.3,-0.78,-1.33,-0.79,-1.33
19.582,-1.55,-1.36,-0.82,-1.33,-0.83,-1.33
19.597,-1.61,-1.33,-0.84,-1.33,-0.85,-1.33
19.611,-2.01,-1.33,-0.84,-1.33,-0.85,-1.33
19.626,-2.21,-1.46,-0.82,-1.33,-0.84,-1.33
19.64,-2.35,-1.36,-0.8,-1.33,-0.82,-1.33
19.655,-2.22,-1.31,-0.8,-1.33,-0.82,-1.33
19.67,-2.2,-1.31,-0.81,-1.33,-0.82,-1.33
19.684,-2.19,-1.35,-0.81,-1.33,-0.83,-1.33
19.699,-2.14,-1.35,-0.82,-1.33,-0.83,-1.33
19.713,-2.24,-1.27,-0.83,-1.34,-0.84,-1.33
19.727,-2.14,-1.31,-0.84,-1.34,-0.85,-1.34
19.742,-2.07,-1.36,-0.85,-1.34,-0.86,-1.34
19.756,-2.12,-1.33,-0.85,-1.34,-0.86,-1.34
19.772,-2.09,-1.41,-0.85,-1.34,-0.86,-1.34
19.786,-2.28,-1.39,-0.84,-1.34,-0.85,-1.34
19.803,-2.58,-1.31,-0.83,-1.34,-0.85,-1.34
19.818,-2.46,-1.36,-0.85,-1.34,-0.86,-1.34
19.832,-2.21,-1.43,-0.87,-1.34,-0.89,-1.34
19.846,-2.09,-1.37,-0.9,-1.34,-0.91,-1.34
19.861,-2.19,-1.18,-0.92,-1.34,-0.94,-1.34
19.875,-2.12,-1.2,-0.95,-1.34,-0.96,-1.34
19.89,-2.07,-1.27,-0.96,-1.34,-0.97,-1.34
19.907,-2.16,-1.38,-0.97,-1.34,-0.98,-1.34
19.922,-2.19,-1.55,-0.97,-1.34,-0.98,-1.34
19.936,-2.25,-1.43,-0.98,-1.34,-0.99,-1.34
19.951,-2.27,-1.2,-0.98,-1.34,-0.99,-1.34
19.965,-2.24,-1.21,-0.98,-1.34,-1.0,-1.34
19.98,-2.21,-1.39,-0.99,-1.34,-1.0,-1.34
19.995,-2.19,-1.48,-1.0,-1.34,-1.01,-1.35
20.009,-2.29,-1.34,-1.01,-1.34,-1.02,-1.34
20.023,-2.3,-1.3,-1.02,-1.34,-1.03,-1.34
20.038,-2.31,-1.35,-1.03,-1.34,-1.04,-1.34
20.052,-2.34,-1.39,-1.05,-1.34,-1.06,-1.34
20.067,-2.24,-1.38,-1.06,-1.34,-1.08,-1.35
20.081,-2.23,-1.38,-1.09,-1.35,-1.1,-1.35
20.096,-2.2,-1.22,-1.11,-1.35,-1.12,-1.35
20.111,-2.19,-1.33,-1.14,-1.35,-1.15,-1.35
20.125,-1.31,-1.58,-1.17,-1.34,-1.18,-1.35
20.14,-1.49,-1.48,-1.2,-1.35,-1.2,-1.35
20.154,-2.19,-1.2,-1.19,-1.35,-1.2,-1.35
20.169,-2.07,-1.2,-1.18,-1.35,-1.19,-1.35
20.183,-2.22,-1.36,-1.17,-1.35,-1.18,-1.35
20.198,-2.17,-1.7,-1.18,-1.35,-1.19,-1.35
20.213,-3.3,-1.61,-1.26,-1.35,-1.28,-1.35
20.227,-2.04,-1.02,-1.42,-1.35,-1.42,-1.34
20.242,-0.32,-0.98,-1.64,-1.34,-1.62,-1.34
20.256,-1.44,-1.08,-1.77,-1.33,-1.77,-1.33
20.271,-2.12,-1.15,-1.84,-1.33,-1.84,-1.33
20.285,-2.18,-1.23,-1.92,-1.32,-1.92,-1.32
20.3,-1.19,-1.57,-2.05,-1.32,-2.04,-1.32
20.315,-0.67,-1.79,-2.18,-1.32,-2.16,-1.32
20.329,-0.67,-1.61,-2.26,-1.32,-2.24,-1.32
20.344,-0.29,-1.07,-2.33,-1.32,-2.31,-1.32
20.358,-0.61,-1.09,-2.33,-1.32,-2.31,-1.32
20.373,-1.15,-1.42,-2.31,-1.32,-2.3,-1.32
20.387,-0.96,-1.47,-2.31,-1.32,-2.3,-1.32
20.402,-0.96,-1.36,-2.31,-1.32,-2.3,-1.32
20.416,-0.77,-1.32,-2.31,-1.32,-2.3,-1.32
20.431,-0.68,-1.34,-2.31,-1.32,-2.29,-1.32
20.445,-0.73,-1.37,-2.3,-1.32,-2.29,-1.32
20.46,-0.79,-1.38,-2.28,-1.32,-2.26,-1.32
20.474,-0.98,-1.46,-2.25,-1.32,-2.24,-1.32
20.489,-1.01,-1.49,-2.23,-1.32,-2.22,-1.32
20.503,-0.99,-1.43,-2.22,-1.32,-2.21,-1.33
20.517,-0.94,-1.4,-2.21,-1.33,-2.19,-1.33
20.532,-0.9,-1.35,-2.19,-1.33,-2.18,-1.33
20.547,-0.92,-1.38,-2.18,-1.33,-2.17,-1.33
20.561,-0.86,-1.39,-2.17,-1.33,-2.15,-1.33
20.576,-0.89,-1.37,-2.16,-1.33,-2.14,-1.33
20.59,-0.85,-1.37,-2.15,-1.33,-2.13,-1.33
20.605,-0.86,-1.51,-2.14,-1.33,-2.12,-1.33
20.619,-0.89,-1.51,-2.12,-1.33,-2.11,-1.33
20.634,-0.85,-1.26,-2.12,-1.33,-2.1,-1.33
20.649,-0.77,-1.27,-2.11,-1.33,-2.09,-1.33
20.665,-0.72,-1.37,-2.09,-1.33,-2.07,-1.33
20.68,-0.76,-1.46,-2.07,-1.33,-2.05,-1.33
20.694,-0.73,-1.43,-2.04,-1.33,-2.02,-1.34
20.709,-0.83,-1.33,-2.01,-1.34,-1.99,-1.34
20.723,-0.62,-1.29,-1.97,-1.34,-1.96,-1.34
20.738,0.44,-1.29,-1.92,-1.34,-1.9,-1.34
20.753,-1.75,-1.32,-1.75,-1.34,-1.75,-1.34
20.767,-7.6,-1.29,-1.6,-1.35,-1.66,-1.35
20.782,2.9,-1.33,-1.83,-1.35,-1.79,-1.35
20.796,2.13,-1.49,-1.91,-1.35,-1.87,-1.35
20.811,-1.42,-1.41,-1.89,-1.35,-1.88,-1.35
20.825,-1.28,-1.43,-1.86,-1.35,-1.86,-1.35
20.84,-0.96,-1.38,-1.85,-1.35,-1.84,-1.35
20.854,-0.88,-1.33,-1.84,-1.35,-1.83,-1.35
20.869,-0.91,-1.44,-1.83,-1.35,-1.82,-1.35
20.883,-0.85,-1.43,-1.82,-1.35,-1.81,-1.35
20.898,-0.98,-1.38,-1.81,-1.35,-1.8,-1.35
20.912,-1.0,-1.34,-1.79,-1.35,-1.79,-1.35
20.927,-1.04,-1.37,-1.78,-1.35,-1.78,-1.35
20.941,-1.0,-1.4,-1.77,-1.35,-1.77,-1.35
20.956,-0.95,-1.44,-1.77,-1.35,-1.76,-1.35
20.971,-0.96,-1.42,-1.76,-1.35,-1.75,-1.35
20.985,-1.07,-1.33,-1.74,-1.35,-1.74,-1.35
21.0,-1.05,-1.32,-1.74,-1.35,-1.73,-1.35
21.014,-1.06,-1.36,-1.73,-1.35,-1.72,-1.35
21.029,-0.95,-1.45,-1.72,-1.35,-1.71,-1.36
21.043,-0.98,-1.46,-1.71,-1.36,-1.7,-1.36
21.058,9.3,-1.32,-1.68,-1.36,-1.57,-1.36
21.072,-3.67,-1.08,-1.03,-1.37,-1.06,-1.36
21.086,-9.86,-0.73,-0.37,-1.38,-0.46,-1.37
21.101,-2.3,-1.93,-0.55,-1.37,-0.57,-1.38
21.115,0.2,-1.7,-0.76,-1.38,-0.75,-1.38
21.13,-1.61,-1.32,-0.75,-1.38,-0.76,-1.38
21.144,-2.26,-1.28,-0.72,-1.38,-0.73,-1.38
21.159,-2.02,-1.3,-0.71,-1.38,-0.73,-1.38
21.173,-1.99,-1.34,-0.71,-1.38,-0.72,-1.38
21.188,-2.33,-1.38,-0.7,-1.38,-0.72,-1.38
21.202,-2.08,-1.32,-0.72,-1.38,-0.73,-1.38
21.217,-1.97,-1.29,-0.73,-1.38,-0.74,-1.38
21.231,-2.18,-1.22,-0.74,-1.38,-0.76,-1.38
21.246,-4.42,-0.95,-0.77,-1.37,-0.8,-1.37
21.26,-5.88,-0.42,-0.94,-1.37,-0.99,-1.36
21.275,4.12,1.03,-1.31,-1.36,-1.25,-1.33
21.289,4.9,-1.06,-1.45,-1.34,-1.38,-1.34
21.304,-4.02,-4.72,-1.32,-1.34,-1.35,-1.38
21.318,-2.81,-2.49,-1.29,-1.38,-1.3,-1.39
21.333,-1.77,-0.71,-1.31,-1.39,-1.31,-1.38
21.347,-1.53,-0.95,-1.35,-1.38,-1.35,-1.38
21.362,-2.23,-1.4,-1.39,-1.37,-1.4,-1.37
21.376,-0.87,-1.4,-1.51,-1.37,-1.5,-1.37
21.391,-0.01,-1.35,-1.62,-1.36,-1.6,-1.36
21.405,-1.07,-1.31,-1.66,-1.35,-1.66,-1.35
21.42,-0.09,-1.63,-1.73,-1.34,-1.71,-1.35
21.434,-0.85,-1.4,-1.76,-1.35,-1.75,-1.35
21.449,-1.32,-1.32,-1.73,-1.35,-1.72,-1.35
21.464,-1.21,-1.21,-1.71,-1.35,-1.71,-1.34
21.478,-1.06,-1.4,-1.76,-1.34,-1.75,-1.34
21.492,-1.01,-1.44,-1.8,-1.34,-1.79,-1.34
21.507,-0.3,-1.34,-1.82,-1.34,-1.8,-1.34
21.521,0.22,-1.31,-1.81,-1.33,-1.79,-1.33
21.538,-1.77,-1.78,-1.73,-1.3,-1.73,-1.31
21.553,-1.98,-1.57,-1.68,-1.29,-1.68,-1.29
21.567,-1.86,-1.81,-1.67,-1.3,-1.67,-1.31
21.582,-0.96,-1.45,-1.67,-1.32,-1.67,-1.32
21.597,-0.9,-1.6,-1.67,-1.33,-1.67,-1.33
21.611,-0.93,-1.92,-1.67,-1.34,-1.66,-1.34
21.626,-0.94,-1.6,-1.66,-1.35,-1.65,-1.35
21.64,-1.16,-1.57,-1.63,-1.35,-1.63,-1.35
21.655,-0.95,-1.85,-1.62,-1.32,-1.61,-1.33
21.669,-0.8,-1.74,-1.6,-1.31,-1.6,-1.32
21.684,-0.8,-2.97,-1.55,-1.37,-1.55,-1.39
21.699,-1.79,-1.95,-1.51,-1.5,-1.51,-1.51
21.713,-0.99,0.59,-1.52,-1.72,-1.51,-1.69
21.728,-1.61,0.95,-1.51,-1.9,-1.51,-1.87
21.742,-2.15,-0.18,-1.43,-1.91,-1.44,-1.9
21.757,-2.48,0.58,-1.38,-1.93,-1.39,-1.9
21.771,-1.05,0.66,-1.42,-2.02,-1.42,-2.0
21.786,-0.59,-0.13,-1.45,-2.18,-1.44,-2.16
21.8,-2.53,-0.4,-1.47,-2.37,-1.48,-2.35
21.815,-3.44,-0.22,-1.52,-2.53,-1.54,-2.51
21.829,-2.25,-1.02,-1.54,-2.64,-1.55,-2.62
21.844,-1.68,-1.56,-1.36,-2.47,-1.36,-2.46
21.859,-0.5,0.38,-1.08,-2.03,-1.08,-2.01
21.873,-0.15,-0.09,-0.94,-1.64,-0.93,-1.63
21.888,0.27,-0.25,-0.87,-1.41,-0.86,-1.4
21.902,-1.06,-0.29,-0.92,-1.33,-0.92,-1.32
21.917,-4.75,-1.92,-1.04,-1.22,-1.08,-1.23
21.931,-5.7,-2.1,-1.31,-1.19,-1.35,-1.2
21.946,-4.4,-3.3,-1.62,-1.24,-1.64,-1.26
21.96,-2.29,-1.69,-1.78,-1.37,-1.79,-1.37
21.975,2.0,-0.82,-1.85,-1.4,-1.82,-1.39
21.99,1.95,-1.27,-1.99,-1.28,-1.95,-1.28
22.005,-1.61,-1.37,-2.18,-1.28,-2.17,-1.28
22.019,-1.46,-0.77,-2.35,-1.38,-2.34,-1.37
22.034,-1.1,-0.7,-2.47,-1.44,-2.45,-1.44
22.048,-1.16,-1.8,-2.44,-1.45,-2.43,-1.45
22.062,0.02,-1.66,-2.39,-1.48,-2.36,-1.48
22.077,0.79,-1.1,-2.33,-1.51,-2.3,-1.5
22.091,-0.34,-0.86,-2.32,-1.52,-2.31,-1.51
22.106,0.19,-0.99,-2.34,-1.53,-2.32,-1.53
22.12,1.12,-0.56,-2.39,-1.58,-2.36,-1.57
22.134,1.35,0.1,-2.44,-1.63,-2.4,-1.61
22.149,0.63,-0.24,-2.41,-1.53,-2.38,-1.51
22.163,-2.52,-0.29,-2.35,-1.38,-2.35,-1.36
22.178,-3.52,-1.66,-2.33,-1.43,-2.34,-1.44
22.193,0.36,-4.1,-2.36,-1.64,-2.34,-1.66
22.207,1.22,-2.97,-2.38,-1.87,-2.35,-1.88
22.222,4.72,0.05,-2.39,-2.03,-2.32,-2.01
22.236,4.53,-1.94,-2.62,-1.8,-2.55,-1.81
22.25,1.85,-1.46,-2.98,-1.52,-2.93,-1.52
22.265,1.09,-0.85,-3.48,-1.33,-3.43,-1.33
22.279,1.95,-1.12,-3.93,-1.42,-3.87,-1.42
22.294,1.83,-0.69,-4.34,-1.51,-4.28,-1.5
22.308,2.42,0.04,-4.69,-1.54,-4.62,-1.52
22.322,4.13,-0.36,-5.01,-1.53,-4.92,-1.51
22.337,3.7,-0.19,-5.17,-1.39,-5.08,-1.38
22.351,3.36,0.81,-5.26,-1.15,-5.17,-1.14
22.366,4.48,0.52,-5.43,-0.82,-5.33,-0.8
22.38,4.29,-2.77,-5.63,-0.66,-5.53,-0.68
22.395,2.9,-3.22,-5.81,-0.69,-5.73,-0.72
22.409,2.98,-2.38,-6.02,-0.7,-5.93,-0.72
22.423,4.66,-1.55,-6.3,-0.64,-6.19,-0.65
22.438,6.06,-1.51,-6.63,-0.53,-6.5,-0.54
22.452,7.18,-1.82,-6.92,-0.35,-6.78,-0.36
22.467,6.13,-0.8,-7.19,0.16,-7.05,0.15
22.481,8.39,-18.84,-7.44,0.77,-7.28,0.58
22.495,11.21,-8.87,-7.89,0.2,-7.7,0.1
22.509,9.6,6.31,-8.28,-1.07,-8.1,-0.99
22.524,10.3,0.34,-8.58,-1.37,-8.39,-1.36
22.538,8.51,-2.32,-8.7,-1.28,-8.52,-1.29
22.552,8.67,-1.75,-8.63,-1.22,-8.45,-1.23
22.567,7.7,-1.34,-8.52,-1.23,-8.36,-1.23
22.581,8.22,-1.33,-8.44,-1.25,-8.27,-1.25
22.595,10.62,-1.51,-8.47,-1.24,-8.28,-1.25
22.61,9.76,-1.53,-8.42,-1.24,-8.24,-1.24
22.624,9.05,-1.54,-8.24,-1.24,-8.07,-1.25
22.64,8.81,-1.44,-8.05,-1.25,-7.89,-1.25
22.654,8.78,-1.41,-7.88,-1.25,-7.71,-1.25
22.668,8.6,-1.42,-7.7,-1.25,-7.54,-1.25
22.683,8.57,-1.48,-7.53,-1.25,-7.37,-1.25
22.697,8.64,-1.65,-7.38,-1.25,-7.22,-1.25
22.712,8.48,-1.67,-7.24,-1.25,-7.08,-1.25
22.726,8.94,-1.58,-7.11,-1.25,-6.95,-1.26
22.741,9.22,-1.59,-6.99,-1.26,-6.83,-1.26
22.755,9.29,-1.49,-6.86,-1.26,-6.7,-1.26
22.77,9.01,-1.43,-6.7,-1.26,-6.54,-1.26
22.784,8.78,-1.41,-6.54,-1.26,-6.38,-1.26
22.798,8.96,-1.56,-6.38,-1.26,-6.23,-1.27
22.813,8.87,-1.59,-6.22,-1.27,-6.07,-1.27
22.827,8.92,-1.46,-6.06,-1.27,-5.91,-1.27
22.841,9.31,-1.42,-5.91,-1.27,-5.76,-1.28
22.855,8.83,-1.55,-5.74,-1.28,-5.59,-1.28
22.87,8.59,-1.6,-5.55,-1.28,-5.41,-1.29
22.884,8.75,-1.68,-5.37,-1.29,-5.23,-1.29
22.899,8.99,-1.57,-5.21,-1.3,-5.07,-1.3
22.913,8.46,-1.44,-5.05,-1.31,-4.92,-1.31
22.928,10.0,-1.31,-4.91,-1.31,-4.76,-1.31
22.942,9.2,-1.39,-4.72,-1.32,-4.58,-1.32
22.957,8.12,-1.58,-4.52,-1.32,-4.39,-1.32
22.971,8.52,-1.53,-4.38,-1.32,-4.25,-1.33
22.986,8.77,-1.39,-4.26,-1.32,-4.13,-1.32
23.0,8.82,-1.41,-4.13,-1.32,-4.0,-1.33
23.015,8.58,-1.53,-3.99,-1.33,-3.87,-1.33
23.029,8.72,-1.52,-3.87,-1.33,-3.74,-1.33
23.044,8.67,-1.52,-3.74,-1.33,-3.61,-1.33
23.058,8.65,-1.52,-3.61,-1.33,-3.49,-1.34
23.072,8.69,-1.5,-3.49,-1.34,-3.37,-1.34
23.087,8.64,-1.52,-3.36,-1.34,-3.24,-1.34
23.101,8.65,-1.53,-3.24,-1.34,-3.12,-1.34
23.116,8.68,-1.48,-3.12,-1.34,-3.0,-1.34
23.13,8.64,-1.49,-3.0,-1.34,-2.88,-1.34
23.144,8.64,-1.42,-2.88,-1.34,-2.77,-1.34
23.159,8.65,-1.41,-2.76,-1.34,-2.65,-1.34
23.173,8.67,-1.45,-2.65,-1.34,-2.53,-1.35
23.188,8.71,-1.48,-2.53,-1.35,-2.42,-1.35
23.202,8.65,-1.48,-2.42,-1.35,-2.31,-1.35
23.216,8.67,-1.48,-2.3,-1.35,-2.19,-1.35
23.23,8.73,-1.53,-2.19,-1.35,-2.08,-1.35
23.245,8.71,-1.52,-2.08,-1.35,-1.97,-1.35
23.259,8.68,-1.45,-1.97,-1.35,-1.86,-1.35
23.273,8.66,-1.45,-1.86,-1.35,-1.75,-1.35
23.287,8.61,-1.45,-1.75,-1.35,-1.65,-1.35
23.302,8.62,-1.48,-1.65,-1.35,-1.54,-1.35
23.316,8.67,-1.47,-1.54,-1.35,-1.44,-1.36
23.331,8.74,-1.49,-1.44,-1.35,-1.34,-1.36
23.345,8.72,-1.52,-1.34,-1.36,-1.24,-1.36
23.36,8.66,-1.48,-1.23,-1.36,-1.14,-1.36
23.374,8.66,-1.46,-1.13,-1.36,-1.04,-1.36
23.388,8.66,-1.45,-1.03,-1.36,-0.94,-1.36
23.404,8.68,-1.47,-0.93,-1.36,-0.84,-1.36
23.418,8.71,-1.48,-0.84,-1.36,-0.74,-1.36
23.433,8.69,-1.48,-0.74,-1.36,-0.64,-1.36
23.447,8.67,-1.46,-0.64,-1.36,-0.55,-1.36
23.461,8.69,-1.38,-0.55,-1.36,-0.45,-1.36
23.476,8.68,-1.4,-0.45,-1.36,-0.36,-1.36
23.49,8.6,-1.53,-0.36,-1.36,-0.27,-1.36
23.505,8.63,-1.57,-0.27,-1.36,-0.18,-1.37
23.519,8.72,-1.57,-0.18,-1.37,-0.09,-1.37
23.534,8.71,-1.54,-0.09,-1.37,0.0,-1.37
23.548,8.69,-1.5,0.0,-1.37,0.09,-1.37
23.563,8.71,-1.49,0.09,-1.37,0.18,-1.37
23.577,8.71,-1.48,0.18,-1.37,0.27,-1.37
23.591,8.72,-1.48,0.27,-1.37,0.35,-1.37
23.605,8.71,-1.44,0.35,-1.37,0.44,-1.38
23.619,8.72,-1.5,0.44,-1.38,0.52,-1.38
23.634,8.69,-1.52,0.52,-1.38,0.61,-1.38
23.648,8.66,-1.48,0.61,-1.38,0.69,-1.38
23.662,8.68,-1.5,0.69,-1.38,0.77,-1.38
23.677,8.76,-1.53,0.77,-1.38,0.85,-1.38
23.691,8.96,-1.58,0.85,-1.38,0.93,-1.38
23.705,8.45,-1.23,0.94,-1.39,1.01,-1.38
23.719,8.49,-1.4,1.02,-1.38,1.09,-1.38
23.733,8.58,-1.54,1.09,-1.38,1.17,-1.38
23.747,8.96,-1.62,1.17,-1.38,1.25,-1.38
23.762,8.83,-1.49,1.25,-1.39,1.33,-1.39
23.776,8.55,-1.37,1.33,-1.39,1.4,-1.39
23.79,8.59,-1.42,1.4,-1.39,1.48,-1.39
23.805,8.79,-1.55,1.48,-1.39,1.55,-1.39
23.819,8.76,-1.6,1.55,-1.39,1.63,-1.39
23.833,8.6,-1.62,1.63,-1.39,1.7,-1.4
23.847,8.55,-1.42,1.7,-1.4,1.77,-1.4
23.861,8.68,-1.43,1.77,-1.4,1.84,-1.4
23.876,8.73,-1.54,1.84,-1.4,1.91,-1.4
23.89,8.57,-1.5,1.92,-1.4,1.98,-1.4
23.904,8.65,-1.5,1.98,-1.4,2.05,-1.4
23.919,8.73,-1.53,2.05,-1.41,2.12,-1.41
23.933,8.62,-1.42,2.12,-1.41,2.19,-1.41
23.947,8.59,-1.44,2.19,-1.41,2.26,-1.41
23.961,8.65,-1.49,2.26,-1.41,2.32,-1.41
23.976,8.65,-1.47,2.32,-1.41,2.39,-1.41
23.99,8.64,-1.48,2.39,-1.41,2.45,-1.41
24.004,8.68,-1.54,2.45,-1.41,2.52,-1.41
24.018,8.66,-1.51,2.52,-1.41,2.58,-1.41
24.032,8.76,-1.51,2.58,-1.41,2.64,-1.42
24.047,8.75,-1.54,2.64,-1.41,2.71,-1.42
24.061,8.59,-1.49,2.71,-1.42,2.77,-1.42
24.075,8.61,-1.5,2.77,-1.42,2.83,-1.42
24.089,8.64,-1.5,2.83,-1.42,2.89,-1.42
24.104,8.68,-1.44,2.89,-1.42,2.95,-1.42
24.118,8.67,-1.45,2.95,-1.42,3.01,-1.42
24.132,8.68,-1.54,3.01,-1.42,3.07,-1.42
24.146,8.7,-1.57,3.07,-1.42,3.13,-1.42
24.16,8.67,-1.48,3.13,-1.42,3.18,-1.42
24.175,8.63,-1.49,3.19,-1.42,3.24,-1.43
24.189,8.61,-1.49,3.24,-1.43,3.3,-1.43
24.203,8.65,-1.45,3.3,-1.43,3.35,-1.43
24.217,8.68,-1.48,3.35,-1.43,3.41,-1.43
24.232,8.55,-1.53,3.41,-1.43,3.46,-1.43
24.246,8.58,-1.5,3.46,-1.43,3.51,-1.43
24.26,8.64,-1.48,3.51,-1.43,3.57,-1.43
24.275,8.67,-1.48,3.57,-1.43,3.62,-1.43
24.289,8.71,-1.45,3.62,-1.43,3.67,-1.43
24.303,8.73,-1.44,3.67,-1.43,3.72,-1.43
24.317,8.7,-1.46,3.73,-1.43,3.78,-1.43
24.332,8.66,-1.49,3.78,-1.43,3.83,-1.43
24.346,8.66,-1.43,3.83,-1.43,3.88,-1.43
24.36,8.69,-1.4,3.88,-1.43,3.93,-1.43
24.374,8.65,-1.39,3.93,-1.43,3.98,-1.43
24.388,8.67,-1.5,3.98,-1.43,4.02,-1.43
24.402,8.67,-1.54,4.03,-1.43,4.07,-1.43
24.416,8.66,-1.52,4.07,-1.43,4.12,-1.43
24.431,8.61,-1.48,4.12,-1.43,4.17,-1.43
24.445,8.6,-1.43,4.17,-1.43,4.21,-1.43
24.459,8.63,-1.4,4.21,-1.43,4.26,-1.43
24.473,8.69,-1.47,4.26,-1.43,4.31,-1.43
24.488,8.68,-1.56,4.31,-1.43,4.35,-1.43
24.502,8.62,-1.49,4.35,-1.43,4.39,-1.43
24.516,8.69,-1.44,4.4,-1.43,4.44,-1.43
24.531,8.72,-1.46,4.44,-1.43,4.49,-1.43
24.545,8.7,-1.49,4.49,-1.43,4.53,-1.43
24.559,8.62,-1.51,4.53,-1.43,4.57,-1.43
24.573,8.62,-1.52,4.57,-1.43,4.62,-1.43
24.588,8.73,-1.47,4.62,-1.43,4.66,-1.43
24.602,8.72,-1.46,4.66,-1.43,4.7,-1.43
24.616,8.65,-1.47,4.7,-1.43,4.74,-1.43
24.63,8.7,-1.49,4.75,-1.43,4.79,-1.43
24.644,8.72,-1.5,4.79,-1.43,4.83,-1.43
24.658,8.64,-1.48,4.83,-1.43,4.87,-1.44
24.673,8.6,-1.5,4.87,-1.44,4.91,-1.44
24.688,8.66,-1.55,4.91,-1.44,4.94,-1.44
24.702,8.63,-1.53,4.95,-1.44,4.98,-1.44
24.716,8.61,-1.46,4.99,-1.44,5.02,-1.44
24.73,8.64,-1.44,5.02,-1.44,5.06,-1.44
24.744,8.66,-1.48,5.06,-1.44,5.1,-1.44
24.759,8.66,-1.52,5.1,-1.44,5.14,-1.44
24.773,8.62,-1.44,5.14,-1.44,5.17,-1.44
24.788,8.62,-1.43,5.18,-1.44,5.21,-1.44
24.802,8.62,-1.44,5.21,-1.44,5.25,-1.44
24.816,8.71,-1.52,5.25,-1.44,5.28,-1.44
24.83,8.68,-1.49,5.29,-1.44,5.32,-1.44
24.844,8.61,-1.41,5.32,-1.44,5.35,-1.44
24.858,8.61,-1.43,5.36,-1.44,5.39,-1.44
24.872,8.64,-1.52,5.39,-1.44,5.42,-1.44
24.886,8.64,-1.48,5.43,-1.44,5.46,-1.44
24.901,8.67,-1.44,5.46,-1.44,5.49,-1.44
24.915,8.67,-1.52,5.49,-1.44,5.53,-1.44
24.929,8.68,-1.52,5.53,-1.44,5.56,-1.44
24.943,8.69,-1.45,5.56,-1.44,5.59,-1.44
24.957,8.68,-1.45,5.59,-1.44,5.62,-1.44
24.971,8.62,-1.5,5.63,-1.44,5.66,-1.44
24.985,8.67,-1.51,5.66,-1.44,5.69,-1.44
24.999,8.7,-1.47,5.69,-1.44,5.72,-1.44
25.013,8.7,-1.5,5.72,-1.44,5.75,-1.44
25.028,8.66,-1.57,5.75,-1.44,5.78,-1.44
25.042,8.63,-1.42,5.79,-1.44,5.81,-1.44
25.056,8.67,-1.39,5.82,-1.44,5.84,-1.44
25.07,8.62,-1.43,5.85,-1.44,5.87,-1.44
25.084,8.59,-1.49,5.88,-1.44,5.9,-1.44
25.098,8.6,-1.5,5.9,-1.44,5.93,-1.44
25.112,8.7,-1.54,5.93,-1.45,5.96,-1.45
25.127,8.68,-1.52,5.96,-1.45,5.99,-1.45
25.141,8.6,-1.45,5.99,-1.45,6.02,-1.45
25.155,8.63,-1.43,6.02,-1.45,6.05,-1.45
25.169,8.63,-1.51,6.05,-1.45,6.07,-1.45
25.184,8.61,-1.53,6.08,-1.45,6.1,-1.45
25.198,8.64,-1.53,6.1,-1.45,6.13,-1.45
25.212,8.67,-1.54,6.13,-1.45,6.16,-1.45
25.226,8.67,-1.55,6.16,-1.45,6.18,-1.45
25.24,8.6,-1.49,6.19,-1.45,6.21,-1.45
25.255,8.58,-1.46,6.21,-1.45,6.24,-1.45
25.269,8.65,-1.51,6.24,-1.45,6.26,-1.45
25.283,8.65,-1.51,6.26,-1.45,6.29,-1.45
25.298,8.64,-1.42,6.29,-1.45,6.31,-1.45
25.312,8.62,-1.44,6.32,-1.45,6.34,-1.45
25.326,8.58,-1.44,6.34,-1.45,6.36,-1.45
25.34,8.6,-1.44,6.37,-1.45,6.39,-1.45
25.354,8.63,-1.49,6.39,-1.45,6.41,-1.45
25.369,8.69,-1.54,6.41,-1.45,6.44,-1.45
25.383,8.7,-1.49,6.44,-1.45,6.46,-1.45
25.399,8.66,-1.43,6.46,-1.45,6.48,-1.45
25.413,8.64,-1.44,6.49,-1.45,6.51,-1.45
25.427,8.67,-1.5,6.51,-1.45,6.53,-1.45
25.442,8.68,-1.48,6.53,-1.45,6.55,-1.45
25.456,8.68,-1.46,6.56,-1.45,6.58,-1.45
25.47,8.65,-1.48,6.58,-1.46,6.6,-1.46
25.484,8.64,-1.5,6.6,-1.46,6.62,-1.46
25.498,8.63,-1.52,6.62,-1.46,6.64,-1.46
25.513,8.65,-1.5,6.64,-1.46,6.66,-1.46
25.527,8.68,-1.47,6.67,-1.46,6.69,-1.46
25.541,8.68,-1.47,6.69,-1.46,6.71,-1.46
25.556,8.67,-1.45,6.71,-1.46,6.73,-1.46
25.57,8.67,-1.44,6.73,-1.46,6.75,-1.46
25.584,8.61,-1.46,6.76,-1.46,6.77,-1.46
25.598,8.65,-1.51,6.78,-1.46,6.8,-1.46
25.612,8.7,-1.52,6.8,-1.46,6.82,-1.46
25.627,8.65,-1.49,6.82,-1.46,6.84,-1.46
25.641,8.59,-1.47,6.84,-1.46,6.86,-1.46
25.655,8.64,-1.51,6.86,-1.46,6.88,-1.46
25.669,8.64,-1.52,6.88,-1.46,6.9,-1.46
25.683,8.63,-1.49,6.9,-1.46,6.92,-1.46
25.697,8.64,-1.53,6.92,-1.46,6.93,-1.46
25.711,8.65,-1.54,6.94,-1.46,6.95,-1.46
25.726,8.64,-1.46,6.96,-1.46,6.97,-1.46
25.74,8.66,-1.41,6.97,-1.46,6.99,-1.46
25.754,8.68,-1.5,6.99,-1.46,7.01,-1.46
25.768,8.67,-1.53,7.01,-1.46,7.03,-1.46
25.782,8.61,-1.5,7.03,-1.46,7.05,-1.46
25.796,8.63,-1.48,7.05,-1.46,7.06,-1.46
25.811,8.68,-1.48,7.07,-1.46,7.08,-1.46
25.825,8.65,-1.5,7.08,-1.46,7.1,-1.46
25.839,8.65,-1.5,7.1,-1.46,7.12,-1.46
25.854,8.66,-1.48,7.12,-1.46,7.14,-1.46
25.868,8.68,-1.46,7.14,-1.46,7.15,-1.46
25.882,8.64,-1.47,7.15,-1.46,7.17,-1.46
25.896,8.62,-1.48,7.17,-1.46,7.19,-1.46
25.911,8.61,-1.43,7.19,-1.46,7.2,-1.46
25.925,8.64,-1.43,7.21,-1.46,7.22,-1.46
25.939,8.66,-1.49,7.22,-1.46,7.24,-1.46
25.953,8.66,-1.52,7.24,-1.46,7.25,-1.46
25.967,8.63,-1.47,7.26,-1.46,7.27,-1.46
25.981,8.69,-1.44,7.27,-1.46,7.29,-1.46
25.996,8.67,-1.42,7.29,-1.46,7.3,-1.46
26.01,8.58,-1.49,7.3,-1.46,7.32,-1.46
26.024,8.58,-1.5,7.32,-1.46,7.33,-1.46
26.038,8.7,-1.5,7.33,-1.46,7.35,-1.46
26.053,8.73,-1.51,7.35,-1.46,7.36,-1.46
26.067,8.73,-1.48,7.36,-1.46,7.38,-1.46
26.081,8.66,-1.47,7.38,-1.46,7.39,-1.46
26.095,8.63,-1.47,7.39,-1.46,7.41,-1.46
26.11,8.61,-1.46,7.41,-1.46,7.42,-1.46
26.124,8.65,-1.48,7.42,-1.46,7.43,-1.46
26.138,8.71,-1.46,7.44,-1.46,7.45,-1.46
26.152,8.66,-1.46,7.45,-1.46,7.46,-1.46
26.166,8.66,-1.48,7.47,-1.46,7.48,-1.46
26.181,8.68,-1.46,7.48,-1.46,7.49,-1.46
26.195,8.66,-1.45,7.49,-1.46,7.51,-1.46
26.209,8.62,-1.5,7.51,-1.46,7.52,-1.46
26.224,8.62,-1.51,7.52,-1.46,7.53,-1.46
26.238,8.68,-1.52,7.53,-1.46,7.54,-1.46
26.252,8.67,-1.5,7.55,-1.46,7.56,-1.46
26.268,8.71,-1.48,7.56,-1.46,7.57,-1.46
26.283,8.69,-1.5,7.57,-1.46,7.59,-1.46
26.297,8.64,-1.5,7.59,-1.46,7.6,-1.46
26.311,8.67,-1.48,7.6,-1.46,7.61,-1.46
26.325,8.67,-1.47,7.61,-1.46,7.62,-1.46
26.339,8.64,-1.46,7.62,-1.47,7.63,-1.47
26.353,8.63,-1.44,7.64,-1.47,7.65,-1.47
26.368,8.67,-1.48,7.65,-1.47,7.66,-1.47
26.382,8.67,-1.5,7.66,-1.47,7.67,-1.47
26.396,8.66,-1.48,7.67,-1.47,7.68,-1.47
26.41,8.65,-1.48,7.69,-1.47,7.7,-1.47
26.424,8.7,-1.43,7.7,-1.47,7.71,-1.47
26.438,8.69,-1.44,7.71,-1.47,7.72,-1.47
26.453,8.66,-1.49,7.72,-1.47,7.73,-1.47
26.467,8.66,-1.52,7.73,-1.46,7.74,-1.47
26.481,8.67,-1.5,7.74,-1.47,7.75,-1.47
26.495,8.65,-1.42,7.76,-1.47,7.77,-1.46
26.51,8.65,-1.45,7.77,-1.46,7.78,-1.46
26.524,8.59,-1.49,7.78,-1.47,7.79,-1.47
26.538,8.59,-1.45,7.79,-1.47,7.8,-1.47
26.553,8.69,-1.44,7.8,-1.46,7.81,-1.46
26.567,8.67,-1.46,7.81,-1.46,7.82,-1.46
26.581,8.62,-1.46,7.82,-1.46,7.83,-1.46
26.595,8.59,-1.48,7.83,-1.46,7.84,-1.46
26.609,8.61,-1.48,7.84,-1.46,7.85,-1.46
26.624,8.67,-1.46,7.85,-1.46,7.86,-1.46
26.638,8.63,-1.43,7.86,-1.46,7.87,-1.46
26.653,8.64,-1.43,7.87,-1.46,7.88,-1.46
26.667,8.64,-1.46,7.88,-1.46,7.88,-1.46
26.682,8.65,-1.46,7.89,-1.46,7.89,-1.46
26.696,8.63,-1.42,7.89,-1.46,7.9,-1.46
26.711,8.63,-1.41,7.9,-1.46,7.91,-1.46
26.725,8.68,-1.44,7.91,-1.46,7.92,-1.46
26.74,8.68,-1.47,7.92,-1.46,7.93,-1.46
26.754,8.61,-1.47,7.93,-1.46,7.94,-1.46
26.768,8.61,-1.48,7.94,-1.46,7.95,-1.46
26.783,8.73,-1.47,7.95,-1.46,7.96,-1.46
26.797,8.72,-1.45,7.96,-1.46,7.97,-1.46
26.812,8.56,-1.5,7.97,-1.46,7.97,-1.46
26.826,8.57,-1.53,7.98,-1.46,7.98,-1.46
26.84,8.67,-1.43,7.98,-1.46,7.99,-1.46
26.854,8.67,-1.43,7.99,-1.46,8.0,-1.46
26.869,8.61,-1.46,8.0,-1.46,8.01,-1.46
26.883,8.64,-1.48,8.01,-1.46,8.02,-1.46
26.897,8.63,-1.47,8.02,-1.46,8.02,-1.46
26.912,8.59,-1.41,8.03,-1.46,8.03,-1.46
26.926,8.59,-1.41,8.03,-1.46,8.04,-1.46
26.941,8.74,-1.5,8.04,-1.46,8.05,-1.46
26.955,8.72,-1.5,8.05,-1.46,8.06,-1.46
26.971,8.7,-1.46,8.06,-1.46,8.06,-1.46
26.986,8.69,-1.44,8.07,-1.46,8.07,-1.46
27.001,8.66,-1.48,8.08,-1.46,8.08,-1.46
27.016,8.66,-1.5,8.08,-1.46,8.09,-1.46
27.03,8.7,-1.5,8.09,-1.46,8.1,-1.46
27.045,8.72,-1.5,8.1,-1.46,8.1,-1.46
27.059,8.66,-1.49,8.11,-1.46,8.11,-1.46
27.073,8.64,-1.48,8.11,-1.46,8.12,-1.46
27.087,8.65,-1.46,8.12,-1.46,8.13,-1.46
27.101,8.66,-1.51,8.13,-1.46,8.14,-1.46
27.115,8.66,-1.54,8.14,-1.46,8.14,-1.47
27.13,8.72,-1.49,8.14,-1.47,8.15,-1.47
27.144,8.72,-1.46,8.15,-1.46,8.16,-1.46
27.158,8.62,-1.5,8.16,-1.46,8.17,-1.46
27.172,8.6,-1.51,8.17,-1.46,8.17,-1.47
27.187,8.65,-1.45,8.18,-1.47,8.18,-1.47
27.201,8.69,-1.45,8.18,-1.46,8.19,-1.46
27.215,8.67,-1.51,8.19,-1.46,8.19,-1.46
27.229,8.6,-1.52,8.2,-1.47,8.2,-1.47
27.244,8.62,-1.48,8.2,-1.47,8.21,-1.47
27.258,8.63,-1.49,8.21,-1.47,8.21,-1.47
27.272,8.65,-1.49,8.21,-1.47,8.22,-1.47
27.287,8.61,-1.48,8.22,-1.47,8.22,-1.47
27.301,8.6,-1.5,8.23,-1.47,8.23,-1.47
27.315,8.65,-1.55,8.23,-1.47,8.24,-1.47
27.329,8.68,-1.49,8.24,-1.47,8.24,-1.47
27.343,8.69,-1.46,8.25,-1.47,8.25,-1.47
27.357,8.68,-1.46,8.25,-1.47,8.26,-1.47
27.371,8.67,-1.45,8.26,-1.47,8.26,-1.47
27.386,8.66,-1.43,8.26,-1.47,8.27,-1.47
27.4,8.65,-1.46,8.27,-1.47,8.27,-1.47
27.415,8.65,-1.52,8.27,-1.47,8.28,-1.47
27.429,8.7,-1.51,8.28,-1.47,8.28,-1.47
27.443,8.64,-1.48,8.29,-1.47,8.29,-1.47
27.458,8.65,-1.47,8.29,-1.47,8.29,-1.47
27.472,8.65,-1.48,8.3,-1.47,8.3,-1.47
27.487,8.63,-1.53,8.3,-1.47,8.31,-1.47
27.502,8.58,-1.52,8.31,-1.47,8.31,-1.47
27.516,8.6,-1.5,8.31,-1.47,8.32,-1.47
27.53,8.65,-1.49,8.32,-1.47,8.32,-1.47
27.545,8.66,-1.43,8.32,-1.47,8.33,-1.47
27.559,8.64,-1.4,8.33,-1.47,8.33,-1.47
27.574,8.68,-1.44,8.33,-1.47,8.34,-1.47
27.588,8.7,-1.5,8.34,-1.47,8.34,-1.47
27.602,8.64,-1.5,8.34,-1.47,8.35,-1.47
27.616,8.61,-1.46,8.35,-1.47,8.35,-1.47
27.63,8.62,-1.45,8.35,-1.47,8.36,-1.47
27.645,8.67,-1.48,8.36,-1.47,8.36,-1.47
27.659,8.7,-1.5,8.36,-1.47,8.37,-1.47
27.673,8.67,-1.48,8.37,-1.47,8.37,-1.47
27.688,8.64,-1.45,8.37,-1.47,8.38,-1.47
27.702,8.65,-1.44,8.38,-1.47,8.38,-1.47
27.716,8.67,-1.46,8.38,-1.47,8.38,-1.47
27.73,8.69,-1.46,8.39,-1.47,8.39,-1.47
27.745,8.65,-1.47,8.39,-1.47,8.39,-1.47
27.76,8.61,-1.46,8.39,-1.46,8.4,-1.46
27.776,8.6,-1.46,8.4,-1.46,8.4,-1.46
27.79,8.64,-1.49,8.4,-1.46,8.4,-1.46
27.804,8.62,-1.49,8.41,-1.46,8.41,-1.46
27.818,8.63,-1.48,8.41,-1.46,8.41,-1.46
27.832,8.68,-1.46,8.42,-1.46,8.42,-1.46
27.847,8.67,-1.48,8.42,-1.46,8.42,-1.46
27.861,8.65,-1.48,8.43,-1.46,8.43,-1.46
27.875,8.65,-1.48,8.43,-1.46,8.43,-1.46
27.889,8.7,-1.45,8.43,-1.46,8.44,-1.46
27.904,8.71,-1.43,8.44,-1.46,8.44,-1.46
27.918,8.69,-1.45,8.44,-1.46,8.45,-1.46
27.932,8.68,-1.48,8.45,-1.47,8.45,-1.47
27.946,8.68,-1.51,8.45,-1.47,8.45,-1.47
27.96,8.69,-1.53,8.45,-1.47,8.46,-1.47
27.974,8.72,-1.53,8.46,-1.47,8.46,-1.47
27.989,8.68,-1.46,8.46,-1.47,8.47,-1.47
28.003,8.66,-1.5,8.47,-1.47,8.47,-1.47
28.018,8.66,-1.49,8.47,-1.47,8.47,-1.47
28.032,8.66,-1.5,8.47,-1.47,8.48,-1.47
28.047,8.6,-1.47,8.48,-1.47,8.48,-1.47
28.063,8.64,-1.44,8.48,-1.47,8.48,-1.47
28.077,8.65,-1.47,8.49,-1.46,8.49,-1.46
28.091,8.62,-1.48,8.49,-1.46,8.49,-1.46
28.105,8.68,-1.46,8.49,-1.46,8.49,-1.46
28.119,8.68,-1.47,8.5,-1.46,8.5,-1.46
28.134,8.67,-1.45,8.5,-1.46,8.5,-1.46
28.148,8.64,-1.48,8.5,-1.46,8.51,-1.46
28.162,8.67,-1.52,8.51,-1.46,8.51,-1.46
28.176,8.69,-1.48,8.51,-1.46,8.51,-1.46
28.19,8.65,-1.45,8.52,-1.46,8.52,-1.46
28.204,8.65,-1.41,8.52,-1.47,8.52,-1.46
28.219,8.69,-1.42,8.52,-1.46,8.52,-1.46
28.233,8.71,-1.46,8.53,-1.46,8.53,-1.46
28.247,8.62,-1.53,8.53,-1.46,8.53,-1.46
28.262,8.63,-1.5,8.53,-1.47,8.53,-1.47
28.276,8.69,-1.46,8.54,-1.47,8.54,-1.47
28.29,8.7,-1.46,8.54,-1.47,8.54,-1.47
28.304,8.68,-1.48,8.54,-1.47,8.54,-1.47
28.318,8.65,-1.46,8.55,-1.47,8.55,-1.47
28.333,8.67,-1.44,8.55,-1.47,8.55,-1.47
28.348,8.65,-1.44,8.55,-1.47,8.55,-1.47
28.362,8.64,-1.44,8.56,-1.47,8.56,-1.47
28.376,8.64,-1.5,8.56,-1.47,8.56,-1.47
28.391,8.65,-1.52,8.56,-1.47,8.56,-1.47
28.405,8.63,-1.47,8.56,-1.47,8.56,-1.47
28.419,8.61,-1.48,8.57,-1.47,8.57,-1.47
28.434,8.66,-1.52,8.57,-1.47,8.57,-1.47
28.448,8.68,-1.5,8.57,-1.47,8.57,-1.47
28.462,8.7,-1.49,8.57,-1.47,8.58,-1.47
28.476,8.68,-1.45,8.58,-1.47,8.58,-1.47
28.49,8.67,-1.44,8.58,-1.47,8.58,-1.47
28.505,8.61,-1.44,8.58,-1.47,8.59,-1.47
28.519,8.61,-1.46,8.59,-1.47,8.59,-1.47
28.533,8.67,-1.51,8.59,-1.47,8.59,-1.47
28.547,8.69,-1.49,8.59,-1.47,8.59,-1.47
28.561,8.64,-1.45,8.59,-1.47,8.59,-1.47
28.576,8.63,-1.45,8.59,-1.47,8.6,-1.47
28.59,8.69,-1.44,8.6,-1.47,8.6,-1.47
28.604,8.69,-1.48,8.6,-1.47,8.6,-1.47
28.619,8.67,-1.51,8.6,-1.47,8.6,-1.47
28.633,8.67,-1.52,8.61,-1.47,8.61,-1.47
28.648,8.66,-1.5,8.61,-1.47,8.61,-1.47
28.662,8.71,-1.46,8.61,-1.47,8.61,-1.47
28.677,8.7,-1.54,8.61,-1.47,8.61,-1.47
28.691,8.57,-1.46,8.62,-1.47,8.62,-1.47
28.705,8.63,-1.41,8.62,-1.47,8.62,-1.47
28.719,8.72,-1.41,8.62,-1.47,8.62,-1.47
28.733,8.69,-1.44,8.62,-1.47,8.62,-1.47
28.747,8.64,-1.48,8.63,-1.47,8.63,-1.47
28.762,8.59,-1.5,8.63,-1.47,8.63,-1.47
28.776,8.62,-1.5,8.63,-1.46,8.63,-1.47
28.79,8.73,-1.49,8.63,-1.46,8.63,-1.46
28.804,8.72,-1.49,8.63,-1.46,8.64,-1.46
28.819,8.71,-1.51,8.64,-1.46,8.64,-1.46
28.833,8.73,-1.5,8.64,-1.47,8.64,-1.47
28.847,8.63,-1.56,8.64,-1.47,8.64,-1.47
28.862,8.57,-1.54,8.64,-1.47,8.64,-1.47
28.876,8.55,-1.5,8.64,-1.47,8.64,-1.47
28.89,8.62,-1.45,8.65,-1.47,8.65,-1.47
28.905,8.6,-1.48,8.65,-1.47,8.65,-1.47
28.919,8.61,-1.49,8.65,-1.47,8.65,-1.47
28.933,8.6,-1.43,8.65,-1.47,8.65,-1.46
28.947,8.68,-1.48,8.65,-1.46,8.65,-1.46
28.962,8.67,-1.51,8.65,-1.46,8.65,-1.46
28.976,8.65,-1.53,8.65,-1.46,8.65,-1.46
28.99,8.66,-1.51,8.66,-1.46,8.66,-1.46
29.004,8.63,-1.5,8.66,-1.46,8.66,-1.46
29.018,8.61,-1.48,8.66,-1.46,8.66,-1.46
29.033,8.62,-1.47,8.66,-1.46,8.66,-1.46
29.047,8.62,-1.46,8.66,-1.46,8.66,-1.46
29.062,8.63,-1.47,8.66,-1.46,8.66,-1.46
29.077,8.73,-1.5,8.66,-1.46,8.66,-1.47
29.092,8.72,-1.51,8.67,-1.46,8.67,-1.46
29.107,8.66,-1.46,8.67,-1.46,8.67,-1.46
29.121,8.68,-1.45,8.67,-1.46,8.67,-1.46
29.135,8.7,-1.47,8.67,-1.46,8.68,-1.46
29.149,8.68,-1.48,8.68,-1.46,8.68,-1.46
29.163,8.63,-1.48,8.68,-1.46,8.68,-1.46
29.177,8.65,-1.46,8.68,-1.46,8.68,-1.46
29.192,8.67,-1.46,8.69,-1.46,8.69,-1.46
29.206,8.68,-1.43,8.69,-1.46,8.69,-1.46
29.22,8.69,-1.43,8.69,-1.46,8.69,-1.46
29.235,8.61,-1.47,8.69,-1.46,8.69,-1.46
29.249,8.59,-1.47,8.69,-1.46,8.69,-1.46
29.263,8.71,-1.5,8.69,-1.46,8.69,-1.46
29.277,8.68,-1.46,8.7,-1.46,8.7,-1.46
29.291,8.63,-1.47,8.7,-1.46,8.7,-1.46
29.305,8.6,-1.48,8.7,-1.46,8.7,-1.46
29.32,8.64,-1.51,8.7,-1.46,8.7,-1.46
29.334,8.66,-1.45,8.7,-1.47,8.7,-1.47
29.348,8.65,-1.48,8.7,-1.47,8.7,-1.47
29.362,8.63,-1.54,8.71,-1.47,8.71,-1.47
29.377,8.61,-1.5,8.71,-1.47,8.71,-1.47
29.392,8.72,-1.45,8.71,-1.47,8.71,-1.47
29.406,8.75,-1.48,8.71,-1.47,8.71,-1.47
29.42,8.7,-1.52,8.71,-1.47,8.71,-1.47
29.434,8.65,-1.46,8.71,-1.47,8.71,-1.47
29.449,8.62,-1.37,8.71,-1.47,8.71,-1.47
29.463,8.56,-1.46,8.72,-1.47,8.71,-1.47
29.477,8.56,-1.5,8.72,-1.47,8.72,-1.47
29.491,8.65,-1.5,8.72,-1.47,8.72,-1.47
29.506,8.67,-1.51,8.72,-1.47,8.72,-1.47
29.52,8.7,-1.53,8.72,-1.47,8.72,-1.47
29.534,8.67,-1.56,8.72,-1.47,8.72,-1.47
29.548,8.68,-1.57,8.73,-1.47,8.72,-1.48
29.562,8.65,-1.52,8.73,-1.48,8.73,-1.48
29.577,8.67,-1.48,8.73,-1.48,8.73,-1.48
29.591,8.62,-1.39,8.73,-1.48,8.73,-1.48
29.605,8.61,-1.43,8.73,-1.48,8.73,-1.48
29.619,8.65,-1.53,8.73,-1.47,8.73,-1.48
29.633,8.68,-1.48,8.73,-1.48,8.73,-1.48
29.648,8.64,-1.47,8.73,-1.48,8.73,-1.48
29.667,8.64,-1.39,8.73,-1.48,8.73,-1.47
29.677,8.69,-1.39,8.74,-1.47,8.74,-1.47
29.691,8.7,-1.5,8.74,-1.47,8.74,-1.47
29.705,8.65,-1.53,8.74,-1.47,8.74,-1.47
29.72,8.64,-1.47,8.74,-1.47,8.74,-1.47
29.734,8.64,-1.46,8.74,-1.47,8.74,-1.47
29.748,8.63,-1.5,8.74,-1.47,8.74,-1.47
29.762,8.62,-1.47,8.74,-1.47,8.74,-1.47
29.777,8.69,-1.49,8.74,-1.47,8.74,-1.47
29.791,8.7,-1.5,8.74,-1.47,8.74,-1.47
29.805,8.7,-1.51,8.75,-1.47,8.75,-1.47
29.819,8.68,-1.44,8.75,-1.47,8.75,-1.47
29.833,8.65,-1.41,8.75,-1.47,8.75,-1.47
29.848,8.59,-1.47,8.75,-1.47,8.75,-1.47
29.862,8.61,-1.49,8.75,-1.47,8.75,-1.47
29.876,8.72,-1.51,8.75,-1.47,8.75,-1.47
29.89,8.71,-1.5,8.75,-1.47,8.75,-1.47
29.904,8.67,-1.47,8.75,-1.47,8.75,-1.47
29.919,8.66,-1.48,8.75,-1.47,8.75,-1.47
29.933,8.69,-1.48,8.75,-1.47,8.75,-1.47
29.947,8.67,-1.48,8.75,-1.47,8.75,-1.47
29.961,8.62,-1.46,8.76,-1.47,8.75,-1.47
29.975,8.6,-1.48,8.76,-1.47,8.75,-1.47
29.989,8.63,-1.5,8.76,-1.47,8.76,-1.47
30.003,8.61,-1.48,8.76,-1.47,8.76,-1.47
30.017,8.65,-1.52,8.76,-1.47,8.76,-1.47
30.032,8.69,-1.53,8.76,-1.47,8.76,-1.47
30.046,8.73,-1.49,8.76,-1.47,8.76,-1.47
30.06,8.7,-1.5,8.76,-1.47,8.76,-1.47
30.074,8.7,-1.47,8.76,-1.47,8.76,-1.47
30.088,8.64,-1.49,8.77,-1.47,8.76,-1.47
30.102,8.62,-1.52,8.77,-1.47,8.76,-1.47
30.116,8.62,-1.46,8.77,-1.47,8.77,-1.47
30.131,8.64,-1.44,8.77,-1.47,8.77,-1.47
30.145,8.69,-1.45,8.77,-1.47,8.77,-1.47
30.159,8.68,-1.46,8.77,-1.47,8.77,-1.47
30.174,8.61,-1.5,8.77,-1.47,8.77,-1.47
30.188,8.59,-1.51,8.77,-1.47,8.77,-1.47
30.202,8.68,-1.48,8.77,-1.47,8.77,-1.47
30.216,8.72,-1.46,8.77,-1.47,8.77,-1.47
30.231,8.71,-1.44,8.78,-1.47,8.77,-1.47
30.245,8.64,-1.48,8.78,-1.47,8.77,-1.47
30.259,8.68,-1.5,8.78,-1.47,8.78,-1.47
30.273,8.67,-1.48,8.78,-1.47,8.78,-1.47
30.288,8.61,-1.45,8.78,-1.47,8.78,-1.47
30.302,8.64,-1.43,8.78,-1.47,8.78,-1.47
30.316,8.66,-1.47,8.78,-1.47,8.78,-1.47
30.33,8.67,-1.52,8.78,-1.47,8.78,-1.47
30.344,8.62,-1.51,8.78,-1.47,8.78,-1.47
30.358,8.59,-1.48,8.78,-1.47,8.78,-1.47
30.373,8.72,-1.48,8.78,-1.47,8.78,-1.47
30.387,8.73,-1.5,8.78,-1.47,8.78,-1.47
30.401,8.67,-1.5,8.78,-1.47,8.78,-1.47
30.415,8.66,-1.47,8.78,-1.47,8.78,-1.47
30.431,8.6,-1.43,8.78,-1.47,8.78,-1.47
30.445,8.6,-1.46,8.78,-1.47,8.78,-1.47
30.459,8.61,-1.51,8.78,-1.47,8.78,-1.47
30.474,8.59,-1.51,8.78,-1.47,8.78,-1.47
30.488,8.61,-1.51,8.78,-1.47,8.78,-1.47
30.502,8.71,-1.42,8.78,-1.47,8.78,-1.47
30.516,8.64,-1.46,8.78,-1.47,8.78,-1.47
30.53,8.59,-1.44,8.78,-1.47,8.78,-1.47
30.544,8.64,-1.45,8.78,-1.47,8.78,-1.47
30.559,8.64,-1.51,8.78,-1.47,8.78,-1.47
30.573,8.61,-1.5,8.78,-1.47,8.78,-1.47
30.587,8.61,-1.49,8.78,-1.47,8.78,-1.47
30.601,8.63,-1.48,8.78,-1.47,8.78,-1.47
30.615,8.65,-1.45,8.78,-1.47,8.78,-1.47
30.63,8.68,-1.49,8.78,-1.47,8.78,-1.47
30.644,8.67,-1.51,8.79,-1.47,8.79,-1.47
30.659,8.68,-1.42,8.79,-1.47,8.79,-1.47
30.673,8.71,-1.41,8.79,-1.47,8.79,-1.47
30.687,8.68,-1.48,8.79,-1.47,8.79,-1.47
30.701,8.62,-1.49,8.79,-1.47,8.79,-1.47
30.715,8.57,-1.47,8.79,-1.47,8.79,-1.47
30.73,8.6,-1.47,8.79,-1.47,8.79,-1.47
30.744,8.65,-1.46,8.79,-1.47,8.79,-1.47
30.758,8.71,-1.44,8.79,-1.47,8.79,-1.47
30.772,8.67,-1.46,8.79,-1.47,8.79,-1.47
30.787,8.58,-1.51,8.79,-1.47,8.79,-1.47
30.801,8.58,-1.47,8.79,-1.47,8.79,-1.47
30.815,8.64,-1.49,8.79,-1.47,8.79,-1.47
30.829,8.68,-1.48,8.79,-1.47,8.79,-1.47
30.843,8.69,-1.43,8.79,-1.47,8.79,-1.47
30.857,8.68,-1.47,8.8,-1.47,8.8,-1.47
30.871,8.69,-1.48,8.8,-1.47,8.8,-1.47
30.886,8.58,-1.53,8.8,-1.47,8.8,-1.47
30.9,8.57,-1.53,8.8,-1.47,8.8,-1.47
30.914,8.68,-1.46,8.8,-1.47,8.8,-1.47
30.928,8.67,-1.45,8.8,-1.47,8.8,-1.47
30.942,8.64,-1.44,8.8,-1.47,8.8,-1.47
30.956,8.67,-1.46,8.8,-1.47,8.8,-1.47
30.97,8.68,-1.47,8.8,-1.47,8.8,-1.47
30.984,8.68,-1.46,8.8,-1.47,8.8,-1.47
30.999,8.7,-1.5,8.8,-1.47,8.8,-1.47
31.013,8.61,-1.5,8.8,-1.47,8.8,-1.47
31.027,8.59,-1.5,8.8,-1.47,8.8,-1.47
31.042,8.65,-1.48,8.8,-1.47,8.8,-1.47
31.056,8.65,-1.47,8.8,-1.47,8.8,-1.47
31.07,8.65,-1.44,8.81,-1.47,8.8,-1.47
31.084,8.63,-1.48,8.81,-1.47,8.8,-1.47
31.098,8.64,-1.48,8.81,-1.47,8.8,-1.47
31.113,8.61,-1.5,8.81,-1.47,8.8,-1.47
31.127,8.59,-1.48,8.81,-1.47,8.8,-1.47
31.141,8.63,-1.48,8.81,-1.47,8.8,-1.47
31.156,8.67,-1.49,8.81,-1.47,8.81,-1.47
31.17,8.69,-1.49,8.81,-1.47,8.81,-1.47
31.184,8.64,-1.45,8.81,-1.47,8.81,-1.47
31.198,8.65,-1.46,8.81,-1.47,8.81,-1.47
31.212,8.61,-1.5,8.81,-1.47,8.81,-1.47
31.226,8.58,-1.49,8.81,-1.47,8.81,-1.47
31.241,8.63,-1.47,8.81,-1.47,8.81,-1.47
31.255,8.64,-1.47,8.81,-1.47,8.81,-1.47
31.269,8.65,-1.5,8.81,-1.47,8.81,-1.47
31.283,8.7,-1.47,8.81,-1.47,8.81,-1.47
31.298,8.68,-1.44,8.81,-1.47,8.81,-1.47
31.312,8.6,-1.46,8.81,-1.47,8.81,-1.47
31.326,8.62,-1.47,8.81,-1.47,8.81,-1.47
31.341,8.69,-1.48,8.81,-1.48,8.81,-1.48
31.355,8.71,-1.51,8.81,-1.48,8.81,-1.48
31.369,8.69,-1.51,8.81,-1.48,8.81,-1.48
31.384,8.66,-1.49,8.81,-1.48,8.81,-1.48
31.398,8.62,-1.46,8.81,-1.48,8.81,-1.48
31.412,8.63,-1.48,8.81,-1.48,8.81,-1.48
31.426,8.66,-1.5,8.81,-1.48,8.81,-1.48
31.441,8.66,-1.52,8.81,-1.48,8.81,-1.48
31.455,8.67,-1.5,8.81,-1.48,8.81,-1.48
31.469,8.69,-1.48,8.81,-1.48,8.81,-1.48
31.484,8.68,-1.46,8.81,-1.48,8.81,-1.48
31.498,8.61,-1.48,8.82,-1.48,8.81,-1.48
31.512,8.62,-1.51,8.82,-1.48,8.81,-1.48
31.526,8.65,-1.52,8.82,-1.48,8.81,-1.48
31.54,8.66,-1.46,8.82,-1.48,8.81,-1.48
31.554,8.66,-1.46,8.82,-1.48,8.81,-1.48
31.569,8.58,-1.52,8.82,-1.48,8.81,-1.48
31.583,8.61,-1.51,8.82,-1.48,8.81,-1.48
31.597,8.61,-1.41,8.82,-1.48,8.81,-1.48
31.611,8.63,-1.44,8.82,-1.48,8.81,-1.48
31.626,8.66,-1.46,8.82,-1.48,8.81,-1.48
31.64,8.66,-1.48,8.82,-1.48,8.81,-1.48
31.654,8.67,-1.49,8.82,-1.48,8.81,-1.48
31.669,8.65,-1.5,8.82,-1.48,8.81,-1.48
31.683,8.64,-1.51,8.82,-1.48,8.81,-1.48
31.697,8.66,-1.47,8.82,-1.48,8.82,-1.48
31.712,8.66,-1.47,8.82,-1.48,8.82,-1.48
31.726,8.61,-1.52,8.82,-1.48,8.82,-1.48
31.74,8.58,-1.49,8.82,-1.48,8.82,-1.48
31.754,8.61,-1.48,8.82,-1.48,8.81,-1.48
31.769,8.61,-1.48,8.82,-1.48,8.82,-1.48
31.783,8.62,-1.5,8.82,-1.48,8.82,-1.48
31.798,8.74,-1.54,8.82,-1.48,8.82,-1.48
31.812,8.67,-1.54,8.82,-1.48,8.82,-1.48
31.827,8.66,-1.52,8.82,-1.48,8.82,-1.48
31.841,8.68,-1.5,8.82,-1.48,8.82,-1.48
31.855,8.67,-1.46,8.82,-1.48,8.82,-1.48
31.869,8.66,-1.46,8.82,-1.48,8.82,-1.48
31.884,8.65,-1.49,8.82,-1.48,8.82,-1.48
31.898,8.63,-1.51,8.82,-1.48,8.82,-1.48
31.912,8.67,-1.49,8.82,-1.48,8.82,-1.48
31.927,8.64,-1.5,8.82,-1.48,8.82,-1.48
31.941,8.69,-1.49,8.82,-1.48,8.82,-1.48
31.955,8.7,-1.49,8.82,-1.48,8.82,-1.48
31.969,8.7,-1.48,8.82,-1.48,8.82,-1.48
31.983,8.67,-1.46,8.82,-1.48,8.82,-1.48
31.998,8.66,-1.47,8.83,-1.48,8.82,-1.48
32.012,8.68,-1.46,8.83,-1.48,8.82,-1.48
32.026,8.65,-1.48,8.83,-1.48,8.82,-1.48
32.041,8.63,-1.5,8.83,-1.48,8.82,-1.48
32.055,8.69,-1.48,8.82,-1.48,8.82,-1.48
32.069,8.65,-1.42,8.82,-1.48,8.82,-1.48
32.083,8.64,-1.45,8.83,-1.48,8.82,-1.48
32.098,8.64,-1.51,8.83,-1.48,8.82,-1.48
32.112,8.63,-1.52,8.83,-1.48,8.83,-1.48
32.127,8.62,-1.5,8.83,-1.48,8.82,-1.48
32.141,8.72,-1.48,8.83,-1.47,8.82,-1.48
32.155,8.77,-1.48,8.83,-1.48,8.83,-1.48
32.17,8.65,-1.46,8.83,-1.48,8.83,-1.47
32.184,8.65,-1.48,8.83,-1.47,8.83,-1.48
32.198,8.7,-1.55,8.83,-1.48,8.83,-1.48
32.212,8.63,-1.52,8.83,-1.48,8.83,-1.48
32.226,8.62,-1.49,8.83,-1.48,8.83,-1.48
32.24,8.65,-1.45,8.83,-1.48,8.83,-1.48
32.254,8.64,-1.45,8.83,-1.48,8.83,-1.47
32.268,8.69,-1.48,8.83,-1.47,8.83,-1.48
32.283,8.67,-1.48,8.83,-1.48,8.83,-1.48
32.297,8.62,-1.49,8.83,-1.48,8.83,-1.48
32.311,8.7,-1.5,8.83,-1.48,8.83,-1.48
32.325,8.7,-1.5,8.83,-1.48,8.83,-1.48
32.339,8.65,-1.44,8.83,-1.47,8.83,-1.47
32.354,8.65,-1.44,8.83,-1.47,8.83,-1.47
32.368,8.65,-1.46,8.83,-1.47,8.83,-1.47
32.382,8.64,-1.43,8.83,-1.47,8.83,-1.47
32.397,8.65,-1.42,8.83,-1.47,8.83,-1.47
32.41,8.67,-1.5,8.83,-1.47,8.83,-1.47
32.425,8.66,-1.51,8.83,-1.47,8.83,-1.47
32.439,8.64,-1.46,8.83,-1.47,8.83,-1.47
32.453,8.66,-1.43,8.83,-1.47,8.83,-1.47
32.467,8.62,-1.47,8.83,-1.47,8.83,-1.47
32.481,8.64,-1.47,8.83,-1.47,8.83,-1.47
32.495,8.69,-1.44,8.83,-1.47,8.83,-1.47
32.51,8.66,-1.46,8.83,-1.47,8.83,-1.47
32.524,8.64,-1.5,8.83,-1.47,8.83,-1.47
32.538,8.67,-1.48,8.83,-1.47,8.83,-1.47
32.552,8.66,-1.48,8.83,-1.47,8.83,-1.47
32.567,8.7,-1.46,8.83,-1.47,8.83,-1.47
32.581,8.69,-1.46,8.83,-1.47,8.83,-1.47
32.595,8.63,-1.46,8.84,-1.47,8.83,-1.47
32.609,8.64,-1.44,8.84,-1.47,8.83,-1.47
32.624,8.67,-1.39,8.84,-1.47,8.83,-1.47
32.638,8.67,-1.42,8.84,-1.47,8.84,-1.47
32.652,8.64,-1.46,8.84,-1.47,8.84,-1.47
32.666,8.63,-1.48,8.84,-1.47,8.84,-1.47
32.681,8.66,-1.48,8.84,-1.46,8.84,-1.47
32.695,8.66,-1.48,8.84,-1.47,8.84,-1.47
32.709,8.7,-1.51,8.84,-1.47,8.84,-1.47
32.723,8.73,-1.5,8.84,-1.46,8.84,-1.47
32.737,8.69,-1.46,8.84,-1.47,8.84,-1.47
32.751,8.64,-1.47,8.84,-1.47,8.84,-1.47
32.765,8.72,-1.5,8.84,-1.47,8.84,-1.47
32.78,8.72,-1.48,8.84,-1.47,8.84,-1.47
32.794,8.65,-1.51,8.84,-1.47,8.84,-1.47
32.808,8.66,-1.47,8.84,-1.47,8.84,-1.47
32.822,8.69,-1.43,8.84,-1.47,8.84,-1.46
32.836,8.63,-1.48,8.84,-1.46,8.84,-1.46
32.851,8.6,-1.48,8.84,-1.46,8.84,-1.46
32.865,8.65,-1.43,8.84,-1.46,8.84,-1.46
32.879,8.65,-1.43,8.84,-1.46,8.84,-1.46
32.893,8.59,-1.47,8.84,-1.46,8.84,-1.46
32.907,8.6,-1.49,8.84,-1.46,8.84,-1.46
32.921,8.62,-1.51,8.84,-1.46,8.84,-1.46
32.936,8.63,-1.52,8.84,-1.46,8.84,-1.46
32.95,8.66,-1.48,8.84,-1.46,8.84,-1.46
32.964,8.64,-1.42,8.84,-1.46,8.84,-1.46
32.979,8.59,-1.44,8.84,-1.46,8.84,-1.46
32.993,8.62,-1.52,8.84,-1.46,8.84,-1.46
33.007,8.68,-1.54,8.84,-1.46,8.84,-1.46
33.021,8.68,-1.53,8.84,-1.46,8.84,-1.46
33.036,8.69,-1.48,8.84,-1.46,8.84,-1.46
33.05,8.66,-1.46,8.84,-1.46,8.84,-1.46
33.064,8.62,-1.44,8.84,-1.46,8.83,-1.46
33.079,8.62,-1.43,8.84,-1.46,8.83,-1.46
33.093,8.66,-1.52,8.84,-1.46,8.83,-1.46
33.107,8.63,-1.5,8.84,-1.46,8.83,-1.46
33.122,8.59,-1.41,8.84,-1.46,8.83,-1.46
33.137,8.65,-1.43,8.84,-1.46,8.83,-1.46
33.151,8.69,-1.43,8.84,-1.46,8.83,-1.46
33.165,8.69,-1.45,8.84,-1.46,8.83,-1.46
33.18,8.63,-1.5,8.84,-1.46,8.83,-1.46
33.193,8.65,-1.48,8.84,-1.46,8.83,-1.46
33.207,8.68,-1.46,8.84,-1.46,8.83,-1.46
33.222,8.68,-1.43,8.84,-1.46,8.83,-1.46
33.237,8.68,-1.47,8.83,-1.46,8.83,-1.46
33.252,8.65,-1.51,8.83,-1.46,8.83,-1.46
33.266,8.63,-1.51,8.83,-1.46,8.83,-1.46
33.28,8.61,-1.46,8.83,-1.46,8.83,-1.46
33.294,8.64,-1.45,8.83,-1.46,8.83,-1.46
33.308,8.73,-1.48,8.83,-1.46,8.83,-1.46
33.323,8.71,-1.44,8.83,-1.46,8.83,-1.46
33.337,8.63,-1.44,8.84,-1.46,8.83,-1.46
33.351,8.62,-1.46,8.84,-1.46,8.83,-1.46
33.365,8.63,-1.48,8.84,-1.46,8.83,-1.46
33.379,8.68,-1.47,8.84,-1.46,8.83,-1.46
33.394,8.66,-1.44,8.84,-1.46,8.83,-1.46
33.408,8.67,-1.46,8.84,-1.46,8.83,-1.46
33.422,8.68,-1.48,8.84,-1.46,8.84,-1.46
33.436,8.73,-1.46,8.84,-1.46,8.84,-1.46
33.45,8.68,-1.48,8.84,-1.46,8.84,-1.46
33.464,8.63,-1.51,8.84,-1.46,8.84,-1.46
33.479,8.66,-1.43,8.84,-1.46,8.84,-1.46
33.493,8.65,-1.37,8.84,-1.46,8.84,-1.46
33.507,8.64,-1.45,8.84,-1.46,8.84,-1.46
33.521,8.67,-1.5,8.84,-1.46,8.84,-1.46
33.536,8.66,-1.51,8.84,-1.46,8.84,-1.46
33.55,8.7,-1.49,8.84,-1.46,8.84,-1.46
33.564,8.61,-1.5,8.84,-1.46,8.83,-1.46
33.579,8.58,-1.49,8.84,-1.46,8.83,-1.46
33.593,8.66,-1.48,8.84,-1.46,8.83,-1.46
33.607,8.71,-1.48,8.84,-1.46,8.84,-1.46
33.621,8.7,-1.48,8.84,-1.46,8.84,-1.46
33.635,8.64,-1.43,8.84,-1.46,8.84,-1.46
33.649,8.64,-1.44,8.84,-1.46,8.83,-1.46
33.664,8.63,-1.48,8.84,-1.46,8.83,-1.46
33.678,8.66,-1.49,8.83,-1.46,8.83,-1.46
33.692,8.64,-1.46,8.83,-1.46,8.83,-1.46
33.707,8.61,-1.46,8.83,-1.46,8.83,-1.46
33.721,8.65,-1.44,8.83,-1.46,8.83,-1.46
33.735,8.62,-1.47,8.83,-1.46,8.83,-1.46
33.749,8.6,-1.51,8.83,-1.46,8.83,-1.46
33.764,8.59,-1.47,8.83,-1.46,8.83,-1.46
33.778,8.64,-1.39,8.83,-1.46,8.83,-1.46
33.792,8.68,-1.48,8.83,-1.46,8.83,-1.46
33.807,8.68,-1.51,8.83,-1.46,8.83,-1.46
33.821,8.68,-1.49,8.83,-1.46,8.83,-1.46
33.836,8.66,-1.48,8.83,-1.46,8.83,-1.46
33.85,8.64,-1.43,8.83,-1.46,8.83,-1.46
33.865,8.62,-1.45,8.83,-1.46,8.83,-1.46
33.879,8.64,-1.48,8.83,-1.46,8.83,-1.46
33.893,8.66,-1.48,8.83,-1.46,8.83,-1.46
33.908,8.66,-1.52,8.83,-1.46,8.83,-1.46
33.922,8.71,-1.5,8.83,-1.46,8.83,-1.46
33.936,8.71,-1.43,8.83,-1.46,8.83,-1.46
33.951,8.64,-1.44,8.83,-1.46,8.83,-1.46
33.965,8.66,-1.47,8.83,-1.46,8.83,-1.46
33.979,8.69,-1.48,8.84,-1.46,8.83,-1.46
33.993,8.65,-1.49,8.84,-1.46,8.83,-1.46
34.007,8.61,-1.5,8.84,-1.46,8.83,-1.46
34.021,8.62,-1.52,8.83,-1.46,8.83,-1.46
34.035,8.65,-1.47,8.83,-1.46,8.83,-1.46
34.049,8.66,-1.44,8.83,-1.46,8.83,-1.46
34.064,8.64,-1.45,8.83,-1.46,8.83,-1.46
34.078,8.69,-1.46,8.83,-1.46,8.83,-1.46
34.092,8.69,-1.45,8.84,-1.46,8.83,-1.46
34.106,8.64,-1.46,8.84,-1.46,8.83,-1.46
34.12,8.58,-1.45,8.84,-1.46,8.83,-1.46
34.135,8.67,-1.47,8.84,-1.46,8.83,-1.46
34.149,8.64,-1.54,8.84,-1.46,8.83,-1.46
34.163,8.6,-1.52,8.83,-1.46,8.83,-1.46
34.177,8.63,-1.43,8.83,-1.46,8.83,-1.46
34.191,8.61,-1.43,8.84,-1.46,8.83,-1.46
34.206,8.6,-1.47,8.84,-1.46,8.83,-1.46
34.22,8.67,-1.47,8.84,-1.46,8.83,-1.46
34.234,8.64,-1.49,8.84,-1.46,8.83,-1.46
34.248,8.68,-1.46,8.84,-1.46,8.83,-1.46
34.262,8.67,-1.46,8.84,-1.46,8.83,-1.46
34.277,8.65,-1.51,8.84,-1.46,8.84,-1.46
34.291,8.66,-1.5,8.84,-1.46,8.84,-1.46
34.305,8.7,-1.46,8.84,-1.46,8.84,-1.46
34.319,8.71,-1.43,8.84,-1.46,8.84,-1.46
34.333,8.64,-1.49,8.84,-1.46,8.84,-1.46
34.348,8.65,-1.5,8.84,-1.46,8.84,-1.46
34.362,8.65,-1.51,8.84,-1.46,8.84,-1.46
34.377,8.6,-1.5,8.84,-1.46,8.84,-1.46
34.391,8.6,-1.48,8.84,-1.46,8.84,-1.46
34.405,8.69,-1.46,8.84,-1.46,8.84,-1.46
34.419,8.67,-1.49,8.84,-1.46,8.84,-1.46
34.433,8.63,-1.53,8.84,-1.46,8.84,-1.46
34.448,8.63,-1.48,8.84,-1.46,8.84,-1.46
34.462,8.61,-1.48,8.84,-1.46,8.84,-1.46
34.476,8.64,-1.43,8.84,-1.46,8.84,-1.46
34.49,8.63,-1.43,8.84,-1.46,8.84,-1.46
34.504,8.63,-1.48,8.84,-1.46,8.84,-1.46
34.518,8.64,-1.48,8.84,-1.46,8.84,-1.46
34.533,8.64,-1.47,8.84,-1.46,8.84,-1.46
34.547,8.61,-1.5,8.84,-1.46,8.84,-1.46
34.561,8.63,-1.48,8.84,-1.46,8.84,-1.46
34.575,8.63,-1.49,8.84,-1.46,8.84,-1.46
34.589,8.66,-1.48,8.84,-1.46,8.84,-1.46
34.604,8.66,-1.48,8.84,-1.46,8.84,-1.46
34.618,8.66,-1.48,8.84,-1.46,8.84,-1.46
34.632,8.68,-1.52,8.84,-1.46,8.84,-1.46
34.646,8.68,-1.48,8.84,-1.46,8.84,-1.46
34.66,8.67,-1.43,8.84,-1.46,8.84,-1.46
34.675,8.64,-1.41,8.84,-1.46,8.84,-1.46
34.689,8.67,-1.39,8.84,-1.46,8.84,-1.46
34.703,8.65,-1.47,8.84,-1.46,8.84,-1.46
34.717,8.64,-1.5,8.84,-1.46,8.84,-1.46
34.731,8.69,-1.49,8.84,-1.46,8.84,-1.46
34.746,8.69,-1.48,8.84,-1.46,8.84,-1.46
34.76,8.66,-1.5,8.84,-1.46,8.84,-1.46
34.774,8.62,-1.46,8.84,-1.46,8.84,-1.46
34.789,8.65,-1.45,8.84,-1.46,8.84,-1.46
34.803,8.64,-1.45,8.84,-1.46,8.84,-1.46
34.817,8.62,-1.46,8.84,-1.46,8.84,-1.46
34.831,8.64,-1.47,8.84,-1.46,8.84,-1.46
34.845,8.66,-1.5,8.84,-1.46,8.84,-1.46
34.859,8.68,-1.49,8.84,-1.46,8.84,-1.46
34.873,8.73,-1.49,8.84,-1.46,8.84,-1.46
34.888,8.76,-1.47,8.84,-1.46,8.84,-1.46
34.902,8.64,-1.44,8.84,-1.46,8.84,-1.46
34.916,8.65,-1.44,8.84,-1.46,8.84,-1.46
34.93,8.66,-1.45,8.84,-1.46,8.84,-1.46
34.944,8.7,-1.47,8.84,-1.46,8.84,-1.46
34.958,8.72,-1.51,8.84,-1.46,8.84,-1.46
34.973,8.65,-1.49,8.85,-1.46,8.84,-1.46
34.987,8.61,-1.5,8.85,-1.46,8.84,-1.46
35.001,8.61,-1.46,8.85,-1.46,8.84,-1.46
35.015,8.65,-1.43,8.85,-1.46,8.84,-1.46
35.03,8.73,-1.44,8.84,-1.46,8.84,-1.46
35.044,8.7,-1.48,8.85,-1.46,8.84,-1.46
35.058,8.66,-1.51,8.85,-1.46,8.84,-1.46
35.072,8.68,-1.51,8.85,-1.46,8.84,-1.46
35.086,8.69,-1.49,8.85,-1.46,8.84,-1.46
35.101,8.65,-1.52,8.85,-1.46,8.84,-1.46
35.115,8.65,-1.59,8.85,-1.46,8.84,-1.46
35.129,8.6,-1.52,8.85,-1.46,8.84,-1.46
35.143,8.6,-1.47,8.84,-1.46,8.84,-1.46
35.157,8.68,-1.47,8.84,-1.46,8.84,-1.46
35.171,8.71,-1.43,8.84,-1.46,8.84,-1.46
35.186,8.67,-1.46,8.85,-1.46,8.84,-1.46
35.2,8.66,-1.49,8.85,-1.46,8.84,-1.46
35.214,8.68,-1.52,8.85,-1.46,8.85,-1.46
35.229,8.6,-1.51,8.85,-1.46,8.85,-1.46
35.243,8.61,-1.49,8.85,-1.46,8.84,-1.46
35.257,8.66,-1.47,8.84,-1.46,8.84,-1.46
35.271,8.64,-1.45,8.84,-1.46,8.84,-1.46
35.285,8.63,-1.49,8.84,-1.46,8.84,-1.46
35.299,8.62,-1.53,8.84,-1.46,8.84,-1.46
35.313,8.62,-1.5,8.84,-1.46,8.84,-1.46
35.328,8.63,-1.46,8.84,-1.46,8.84,-1.46
35.342,8.64,-1.46,8.84,-1.46,8.84,-1.46
35.356,8.67,-1.49,8.84,-1.46,8.84,-1.46
35.37,8.67,-1.48,8.84,-1.46,8.84,-1.46
35.384,8.67,-1.41,8.84,-1.46,8.84,-1.46
35.398,8.63,-1.43,8.84,-1.46,8.84,-1.46
35.412,8.61,-1.46,8.84,-1.46,8.84,-1.46
35.427,8.6,-1.5,8.84,-1.46,8.84,-1.46
35.441,8.63,-1.53,8.84,-1.46,8.84,-1.46
35.455,8.64,-1.45,8.84,-1.46,8.84,-1.46
35.469,8.63,-1.45,8.84,-1.46,8.84,-1.46
35.484,8.69,-1.48,8.84,-1.46,8.84,-1.46
35.499,8.73,-1.44,8.84,-1.46,8.84,-1.46
35.513,8.67,-1.44,8.84,-1.46,8.84,-1.46
35.527,8.64,-1.46,8.84,-1.46,8.84,-1.46
35.541,8.63,-1.44,8.84,-1.46,8.84,-1.46
35.555,8.6,-1.43,8.84,-1.46,8.84,-1.46
35.569,8.59,-1.43,8.84,-1.46,8.84,-1.46
35.584,8.65,-1.51,8.84,-1.46,8.84,-1.46
35.598,8.68,-1.54,8.84,-1.46,8.84,-1.46
35.612,8.69,-1.45,8.84,-1.46,8.84,-1.46
35.626,8.67,-1.43,8.84,-1.46,8.84,-1.46
35.64,8.66,-1.46,8.84,-1.46,8.84,-1.46
35.654,8.68,-1.53,8.84,-1.46,8.84,-1.46
35.669,8.69,-1.56,8.84,-1.46,8.84,-1.47
35.683,8.68,-1.47,8.84,-1.47,8.84,-1.47
35.699,8.66,-1.46,8.84,-1.47,8.84,-1.47
35.713,8.68,-1.46,8.84,-1.47,8.84,-1.47
35.727,8.69,-1.45,8.84,-1.47,8.84,-1.47
35.741,8.6,-1.54,8.84,-1.46,8.84,-1.46
35.756,8.63,-1.54,8.84,-1.46,8.84,-1.46
35.77,8.67,-1.5,8.84,-1.46,8.84,-1.46
35.784,8.69,-1.5,8.84,-1.46,8.84,-1.46
35.798,8.71,-1.52,8.84,-1.46,8.84,-1.46
35.812,8.67,-1.46,8.84,-1.46,8.84,-1.46
35.827,8.67,-1.46,8.84,-1.46,8.84,-1.46
35.841,8.65,-1.52,8.84,-1.46,8.84,-1.46
35.855,8.65,-1.5,8.84,-1.46,8.84,-1.46
35.869,8.66,-1.43,8.84,-1.46,8.84,-1.46
35.883,8.65,-1.42,8.84,-1.46,8.84,-1.46
35.898,8.66,-1.46,8.85,-1.46,8.84,-1.46
35.913,8.65,-1.52,8.85,-1.46,8.84,-1.46
35.927,8.65,-1.47,8.85,-1.46,8.84,-1.46
35.942,8.66,-1.45,8.85,-1.46,8.84,-1.46
35.956,8.65,-1.46,8.85,-1.46,8.84,-1.46
35.97,8.67,-1.47,8.85,-1.46,8.84,-1.46
35.985,8.7,-1.48,8.84,-1.46,8.84,-1.46
35.999,8.64,-1.45,8.84,-1.46,8.84,-1.46
36.013,8.6,-1.46,8.85,-1.46,8.84,-1.46
36.027,8.65,-1.47,8.85,-1.46,8.84,-1.46
36.041,8.68,-1.49,8.85,-1.46,8.84,-1.46
36.056,8.65,-1.5,8.85,-1.46,8.84,-1.46
36.07,8.65,-1.48,8.85,-1.46,8.84,-1.46
36.084,8.66,-1.45,8.85,-1.46,8.84,-1.46
36.098,8.62,-1.45,8.85,-1.46,8.84,-1.46
36.112,8.6,-1.46,8.85,-1.46,8.84,-1.46
36.127,8.61,-1.45,8.84,-1.46,8.84,-1.46
36.141,8.65,-1.46,8.84,-1.46,8.84,-1.46
36.155,8.7,-1.53,8.84,-1.46,8.84,-1.46
36.169,8.68,-1.53,8.85,-1.46,8.84,-1.46
36.183,8.66,-1.48,8.85,-1.46,8.84,-1.46
36.197,8.63,-1.42,8.85,-1.46,8.84,-1.46
36.212,8.62,-1.44,8.85,-1.46,8.84,-1.46
36.226,8.64,-1.5,8.84,-1.46,8.84,-1.46
36.241,8.64,-1.51,8.84,-1.46,8.84,-1.46
36.255,8.65,-1.5,8.84,-1.46,8.84,-1.46
36.269,8.65,-1.54,8.84,-1.46,8.84,-1.46
36.284,8.73,-1.5,8.85,-1.46,8.84,-1.46
36.298,8.68,-1.48,8.85,-1.46,8.85,-1.46
36.312,8.63,-1.46,8.85,-1.46,8.85,-1.46
36.327,8.64,-1.49,8.85,-1.46,8.85,-1.46
36.341,8.65,-1.48,8.85,-1.46,8.84,-1.46
36.355,8.62,-1.43,8.85,-1.46,8.84,-1.46
36.369,8.65,-1.47,8.85,-1.46,8.84,-1.46
36.384,8.68,-1.51,8.85,-1.46,8.85,-1.46
36.399,8.7,-1.46,8.85,-1.46,8.85,-1.46
36.413,8.6,-1.48,8.85,-1.46,8.85,-1.46
36.428,8.6,-1.48,8.85,-1.46,8.85,-1.46
36.442,8.69,-1.48,8.85,-1.46,8.85,-1.46
36.457,8.72,-1.49,8.85,-1.46,8.85,-1.46
36.471,8.69,-1.5,8.85,-1.46,8.85,-1.46
36.485,8.65,-1.48,8.85,-1.46,8.85,-1.46
36.499,8.65,-1.46,8.85,-1.46,8.85,-1.46
36.513,8.64,-1.48,8.85,-1.46,8.85,-1.46
36.528,8.67,-1.49,8.85,-1.46,8.85,-1.46
36.542,8.71,-1.44,8.85,-1.46,8.85,-1.46
36.556,8.69,-1.41,8.85,-1.46,8.85,-1.46
36.57,8.69,-1.45,8.85,-1.46,8.85,-1.46
36.584,8.64,-1.49,8.85,-1.46,8.85,-1.46
36.599,8.64,-1.52,8.85,-1.46,8.85,-1.46
36.613,8.7,-1.45,8.85,-1.46,8.85,-1.46
36.627,8.73,-1.42,8.85,-1.46,8.85,-1.46
36.641,8.64,-1.43,8.85,-1.46,8.85,-1.46
36.655,8.64,-1.44,8.85,-1.46,8.85,-1.46
36.669,8.64,-1.43,8.85,-1.46,8.85,-1.46
36.684,8.65,-1.44,8.85,-1.46,8.85,-1.46
36.698,8.67,-1.44,8.85,-1.46,8.85,-1.46
36.712,8.61,-1.43,8.85,-1.46,8.85,-1.46
36.726,8.59,-1.48,8.85,-1.46,8.85,-1.46
36.74,8.66,-1.5,8.85,-1.46,8.85,-1.46
36.755,8.68,-1.51,8.85,-1.46,8.85,-1.46
36.769,8.61,-1.52,8.85,-1.46,8.85,-1.46
36.783,8.63,-1.48,8.85,-1.46,8.84,-1.46
36.798,8.72,-1.41,8.85,-1.46,8.85,-1.46
36.812,8.66,-1.42,8.85,-1.46,8.85,-1.46
36.826,8.61,-1.45,8.85,-1.46,8.85,-1.46
36.84,8.63,-1.46,8.85,-1.46,8.84,-1.46
36.854,8.63,-1.49,8.85,-1.46,8.85,-1.46
36.868,8.61,-1.47,8.85,-1.46,8.84,-1.46
36.882,8.62,-1.42,8.85,-1.46,8.84,-1.46
36.897,8.71,-1.48,8.84,-1.46,8.84,-1.46
36.911,8.72,-1.52,8.85,-1.46,8.84,-1.46
36.925,8.73,-1.53,8.85,-1.46,8.84,-1.46
36.939,8.69,-1.52,8.85,-1.46,8.84,-1.46
36.953,8.68,-1.46,8.85,-1.46,8.85,-1.46
36.967,8.67,-1.43,8.85,-1.46,8.85,-1.46
36.981,8.64,-1.44,8.85,-1.46,8.85,-1.46
36.996,8.64,-1.46,8.85,-1.46,8.85,-1.46
37.01,8.65,-1.46,8.85,-1.46,8.85,-1.46
37.024,8.68,-1.47,8.85,-1.46,8.85,-1.46
37.038,8.62,-1.48,8.85,-1.46,8.85,-1.46
37.052,8.64,-1.46,8.85,-1.46,8.84,-1.46
37.066,8.64,-1.5,8.85,-1.46,8.84,-1.46
37.081,8.65,-1.48,8.85,-1.46,8.84,-1.46
37.095,8.64,-1.49,8.85,-1.46,8.84,-1.46
37.109,8.67,-1.48,8.85,-1.46,8.84,-1.46
37.123,8.7,-1.48,8.85,-1.46,8.84,-1.46
37.137,8.62,-1.48,8.85,-1.46,8.84,-1.46
37.152,8.65,-1.46,8.85,-1.46,8.84,-1.46
37.166,8.67,-1.45,8.85,-1.46,8.85,-1.46
37.18,8.66,-1.46,8.85,-1.46,8.85,-1.46
37.195,8.63,-1.5,8.85,-1.46,8.85,-1.46
37.209,8.6,-1.48,8.85,-1.46,8.85,-1.46
37.223,8.65,-1.43,8.85,-1.46,8.85,-1.46
37.237,8.66,-1.44,8.85,-1.46,8.85,-1.46
37.251,8.67,-1.44,8.85,-1.46,8.85,-1.46
37.265,8.59,-1.46,8.85,-1.46,8.85,-1.46
37.279,8.62,-1.49,8.85,-1.46,8.84,-1.46
37.293,8.65,-1.5,8.85,-1.46,8.84,-1.46
37.308,8.68,-1.49,8.85,-1.46,8.84,-1.46
37.322,8.71,-1.46,8.85,-1.46,8.84,-1.46
37.336,8.67,-1.48,8.85,-1.46,8.84,-1.46
37.351,8.66,-1.48,8.85,-1.46,8.84,-1.46
37.365,8.64,-1.54,8.85,-1.46,8.84,-1.46
37.379,8.62,-1.53,8.85,-1.46,8.84,-1.46
37.393,8.65,-1.43,8.85,-1.46,8.85,-1.46
37.408,8.67,-1.43,8.85,-1.46,8.85,-1.46
37.422,8.69,-1.45,8.85,-1.46,8.85,-1.46
37.436,8.69,-1.45,8.85,-1.46,8.85,-1.46
37.45,8.63,-1.51,8.85,-1.46,8.85,-1.46
37.464,8.58,-1.49,8.85,-1.46,8.85,-1.46
37.479,8.61,-1.49,8.85,-1.46,8.85,-1.46
37.493,8.65,-1.49,8.85,-1.46,8.85,-1.46
37.507,8.72,-1.48,8.85,-1.46,8.85,-1.46
37.521,8.72,-1.48,8.85,-1.46,8.85,-1.46
37.535,8.67,-1.52,8.85,-1.46,8.85,-1.46
37.55,8.67,-1.52,8.85,-1.46,8.85,-1.46
37.564,8.71,-1.53,8.85,-1.46,8.85,-1.46
37.578,8.69,-1.52,8.85,-1.46,8.85,-1.46
37.592,8.68,-1.49,8.85,-1.46,8.85,-1.46
37.606,8.71,-1.48,8.85,-1.46,8.85,-1.46
37.621,8.65,-1.54,8.85,-1.46,8.85,-1.46
37.635,8.61,-1.5,8.85,-1.46,8.85,-1.46
37.649,8.66,-1.44,8.85,-1.46,8.85,-1.46
37.663,8.66,-1.45,8.85,-1.46,8.85,-1.46
37.678,8.61,-1.43,8.85,-1.46,8.85,-1.46
37.692,8.61,-1.43,8.85,-1.46,8.85,-1.46
37.706,8.66,-1.44,8.85,-1.46,8.85,-1.46
37.72,8.68,-1.47,8.85,-1.46,8.85,-1.46
37.735,8.68,-1.48,8.85,-1.46,8.85,-1.46
37.749,8.69,-1.5,8.85,-1.46,8.85,-1.46
37.763,8.67,-1.48,8.85,-1.46,8.85,-1.46
37.777,8.67,-1.49,8.85,-1.46,8.85,-1.46
37.791,8.64,-1.48,8.85,-1.46,8.85,-1.46
37.805,8.66,-1.5,8.85,-1.46,8.85,-1.46
37.821,8.7,-1.52,8.85,-1.46,8.85,-1.46
37.835,8.65,-1.5,8.85,-1.46,8.85,-1.46
37.849,8.67,-1.48,8.85,-1.46,8.85,-1.46
37.863,8.69,-1.49,8.85,-1.46,8.85,-1.46
37.878,8.65,-1.53,8.85,-1.46,8.85,-1.46
37.892,8.64,-1.54,8.85,-1.46,8.85,-1.46
37.906,8.64,-1.47,8.85,-1.46,8.85,-1.46
37.92,8.64,-1.47,8.85,-1.46,8.85,-1.46
37.934,8.68,-1.49,8.85,-1.46,8.85,-1.46
37.948,8.67,-1.53,8.85,-1.46,8.85,-1.46
37.962,8.62,-1.55,8.85,-1.46,8.85,-1.46
37.977,8.59,-1.51,8.85,-1.46,8.85,-1.46
37.991,8.6,-1.5,8.85,-1.46,8.85,-1.46
38.005,8.66,-1.45,8.85,-1.46,8.85,-1.46
38.019,8.67,-1.46,8.85,-1.46,8.85,-1.46
38.033,8.63,-1.47,8.85,-1.46,8.85,-1.46
38.047,8.68,-1.45,8.86,-1.46,8.85,-1.46
38.061,8.66,-1.45,8.86,-1.46,8.85,-1.46
38.075,8.61,-1.49,8.86,-1.46,8.85,-1.46
38.09,8.63,-1.48,8.85,-1.46,8.85,-1.46
38.104,8.65,-1.46,8.85,-1.46,8.85,-1.46
38.118,8.65,-1.48,8.85,-1.46,8.85,-1.46
38.132,8.65,-1.47,8.85,-1.46,8.85,-1.46
38.147,8.64,-1.42,8.85,-1.46,8.85,-1.46
38.161,8.63,-1.43,8.85,-1.46,8.85,-1.46
38.176,8.6,-1.47,8.85,-1.46,8.85,-1.46
38.19,8.6,-1.49,8.85,-1.46,8.85,-1.46
38.204,8.73,-1.49,8.85,-1.46,8.85,-1.46
38.218,8.64,-1.48,8.85,-1.46,8.85,-1.46
38.233,8.67,-1.46,8.85,-1.46,8.85,-1.46
38.246,8.72,-1.45,8.85,-1.46,8.85,-1.46
38.26,8.73,-1.46,8.85,-1.46,8.85,-1.46
38.275,8.72,-1.47,8.85,-1.46,8.85,-1.46
38.289,8.62,-1.47,8.85,-1.46,8.85,-1.46
38.303,8.6,-1.46,8.85,-1.46,8.85,-1.46
38.317,8.64,-1.45,8.85,-1.46,8.85,-1.46
38.332,8.74,-1.46,8.85,-1.46,8.85,-1.46
38.346,8.72,-1.46,8.85,-1.46,8.85,-1.46
38.36,8.61,-1.47,8.85,-1.46,8.85,-1.46
38.375,8.6,-1.49,8.85,-1.46,8.85,-1.46
38.389,8.64,-1.48,8.85,-1.46,8.85,-1.46
38.403,8.69,-1.48,8.85,-1.46,8.85,-1.46
38.417,8.67,-1.48,8.85,-1.46,8.85,-1.46
38.431,8.66,-1.46,8.85,-1.46,8.85,-1.46
38.445,8.65,-1.46,8.85,-1.46,8.85,-1.46
38.46,8.67,-1.43,8.85,-1.46,8.85,-1.46
38.474,8.66,-1.42,8.85,-1.46,8.85,-1.46
38.488,8.62,-1.42,8.85,-1.46,8.85,-1.46
38.502,8.59,-1.44,8.85,-1.46,8.85,-1.46
38.516,8.63,-1.44,8.85,-1.46,8.85,-1.46
38.53,8.61,-1.49,8.85,-1.46,8.84,-1.46
38.544,8.6,-1.51,8.85,-1.46,8.84,-1.46
38.559,8.6,-1.45,8.85,-1.46,8.84,-1.46
38.573,8.62,-1.42,8.85,-1.46,8.84,-1.46
38.587,8.63,-1.43,8.84,-1.46,8.84,-1.46
38.601,8.68,-1.48,8.84,-1.46,8.84,-1.46
38.615,8.68,-1.46,8.84,-1.46,8.84,-1.46
38.629,8.67,-1.48,8.85,-1.46,8.84,-1.46
38.643,8.68,-1.5,8.85,-1.46,8.85,-1.46
38.657,8.58,-1.45,8.85,-1.46,8.84,-1.46
38.672,8.6,-1.39,8.85,-1.46,8.84,-1.46
38.686,8.63,-1.41,8.85,-1.46,8.84,-1.46
38.7,8.64,-1.47,8.85,-1.46,8.85,-1.46
38.714,8.65,-1.45,8.85,-1.46,8.85,-1.46
38.728,8.67,-1.49,8.85,-1.46,8.85,-1.46
38.742,8.64,-1.51,8.85,-1.46,8.85,-1.46
38.756,8.65,-1.5,8.85,-1.46,8.84,-1.46
38.77,8.64,-1.49,8.85,-1.46,8.85,-1.46
38.784,8.66,-1.49,8.85,-1.46,8.84,-1.46
38.799,8.64,-1.46,8.85,-1.46,8.84,-1.46
38.812,8.65,-1.44,8.85,-1.46,8.84,-1.46
38.827,8.63,-1.47,8.85,-1.46,8.84,-1.46
38.841,8.59,-1.47,8.85,-1.46,8.84,-1.46
38.855,8.64,-1.48,8.85,-1.46,8.84,-1.46
38.869,8.66,-1.45,8.84,-1.46,8.84,-1.46
38.883,8.68,-1.46,8.84,-1.46,8.84,-1.46
38.898,8.65,-1.51,8.84,-1.46,8.84,-1.46
38.912,8.68,-1.51,8.85,-1.46,8.84,-1.46
38.927,8.64,-1.49,8.85,-1.46,8.84,-1.46
38.941,8.63,-1.43,8.85,-1.46,8.85,-1.46
38.956,8.62,-1.41,8.85,-1.46,8.84,-1.46
38.97,8.63,-1.44,8.85,-1.46,8.84,-1.46
38.984,8.67,-1.5,8.85,-1.46,8.84,-1.46
38.999,8.66,-1.5,8.85,-1.46,8.84,-1.46
39.013,8.61,-1.46,8.85,-1.46,8.84,-1.46
39.027,8.58,-1.49,8.84,-1.46,8.84,-1.46
39.041,8.62,-1.51,8.84,-1.46,8.84,-1.46
39.055,8.67,-1.49,8.84,-1.46,8.84,-1.46
39.069,8.67,-1.48,8.84,-1.46,8.84,-1.46
39.083,8.65,-1.53,8.85,-1.46,8.84,-1.46
39.098,8.67,-1.51,8.85,-1.46,8.84,-1.46
39.112,8.66,-1.45,8.84,-1.46,8.84,-1.46
39.126,8.66,-1.43,8.85,-1.46,8.84,-1.46
39.14,8.71,-1.45,8.85,-1.46,8.84,-1.46
39.154,8.66,-1.49,8.85,-1.46,8.84,-1.46
39.168,8.6,-1.45,8.85,-1.46,8.84,-1.46
39.182,8.61,-1.45,8.85,-1.46,8.84,-1.46
39.197,8.66,-1.43,8.85,-1.46,8.85,-1.46
39.21,8.67,-1.48,8.85,-1.46,8.85,-1.46
39.225,8.66,-1.48,8.85,-1.46,8.85,-1.46
39.239,8.64,-1.47,8.85,-1.46,8.85,-1.46
39.253,8.59,-1.51,8.85,-1.46,8.85,-1.46
39.267,8.58,-1.51,8.85,-1.46,8.85,-1.46
39.281,8.67,-1.49,8.85,-1.46,8.85,-1.46
39.295,8.72,-1.48,8.85,-1.46,8.85,-1.46
39.31,8.65,-1.45,8.85,-1.46,8.85,-1.46
39.324,8.58,-1.48,8.85,-1.46,8.85,-1.46
39.338,8.59,-1.47,8.85,-1.46,8.85,-1.46
39.352,8.7,-1.46,8.85,-1.46,8.85,-1.46
39.366,8.68,-1.46,8.85,-1.46,8.85,-1.46
39.38,8.64,-1.43,8.85,-1.46,8.85,-1.46
39.395,8.71,-1.47,8.85,-1.45,8.85,-1.45
39.409,8.68,-1.47,8.85,-1.45,8.85,-1.45
39.423,8.64,-1.5,8.85,-1.45,8.85,-1.45
39.437,8.65,-1.5,8.85,-1.46,8.85,-1.46
39.452,8.66,-1.45,8.85,-1.46,8.85,-1.46
39.466,8.68,-1.4,8.85,-1.46,8.85,-1.46
39.48,8.72,-1.46,8.85,-1.45,8.85,-1.45
39.494,8.71,-1.45,8.85,-1.45,8.85,-1.45
39.508,8.59,-1.46,8.85,-1.46,8.85,-1.46
39.522,8.59,-1.5,8.85,-1.45,8.85,-1.45
39.536,8.64,-1.53,8.85,-1.45,8.85,-1.45
39.55,8.6,-1.44,8.85,-1.45,8.85,-1.45
39.564,8.65,-1.48,8.85,-1.46,8.85,-1.46
39.578,8.71,-1.5,8.85,-1.46,8.85,-1.46
39.592,8.68,-1.48,8.85,-1.46,8.85,-1.46
39.607,8.6,-1.48,8.85,-1.45,8.84,-1.46
39.621,8.57,-1.48,8.85,-1.45,8.84,-1.45
39.635,8.56,-1.48,8.85,-1.45,8.84,-1.45
39.649,8.66,-1.48,8.84,-1.45,8.84,-1.45
39.663,8.68,-1.43,8.85,-1.45,8.84,-1.45
39.677,8.63,-1.47,8.85,-1.45,8.84,-1.45
39.691,8.6,-1.46,8.84,-1.45,8.84,-1.45
39.705,8.55,-1.46,8.84,-1.45,8.84,-1.45
39.72,8.58,-1.43,8.84,-1.45,8.84,-1.45
39.734,8.66,-1.41,8.84,-1.45,8.84,-1.45
39.748,8.67,-1.45,8.84,-1.45,8.84,-1.45
39.762,8.62,-1.46,8.84,-1.45,8.84,-1.45
39.777,8.62,-1.48,8.84,-1.45,8.84,-1.45
39.791,8.59,-1.45,8.84,-1.45,8.84,-1.45
39.806,8.65,-1.5,8.84,-1.45,8.84,-1.45
39.82,8.68,-1.5,8.84,-1.45,8.84,-1.45
39.834,8.72,-1.49,8.85,-1.45,8.84,-1.45
39.848,8.73,-1.5,8.85,-1.45,8.85,-1.45
39.862,8.69,-1.5,8.85,-1.45,8.85,-1.45
39.876,8.57,-1.46,8.85,-1.45,8.85,-1.45
39.89,8.56,-1.42,8.85,-1.45,8.84,-1.45
39.904,8.69,-1.43,8.85,-1.45,8.84,-1.45
39.919,8.73,-1.44,8.85,-1.45,8.85,-1.45
39.933,8.69,-1.5,8.85,-1.45,8.85,-1.45
39.947,8.64,-1.52,8.85,-1.45,8.84,-1.45
39.961,8.56,-1.49,8.85,-1.45,8.84,-1.45
39.975,8.55,-1.44,8.84,-1.45,8.84,-1.45
39.989,8.65,-1.45,8.84,-1.45,8.84,-1.45
40.003,8.7,-1.5,8.84,-1.45,8.84,-1.45
40.017,8.69,-1.48,8.84,-1.45,8.84,-1.45
40.032,8.62,-1.43,8.84,-1.45,8.84,-1.45
40.046,8.63,-1.48,8.84,-1.45,8.84,-1.45
40.06,8.63,-1.55,8.84,-1.45,8.84,-1.45
40.074,8.65,-1.47,8.84,-1.45,8.84,-1.45
40.088,8.68,-1.45,8.85,-1.45,8.84,-1.45
40.102,8.68,-1.42,8.85,-1.45,8.84,-1.45
40.117,8.61,-1.46,8.85,-1.45,8.85,-1.45
40.131,8.6,-1.46,8.85,-1.45,8.84,-1.45
40.145,8.58,-1.5,8.85,-1.45,8.84,-1.45
40.159,8.61,-1.54,8.85,-1.45,8.84,-1.45
40.173,8.69,-1.45,8.84,-1.45,8.84,-1.45
40.187,8.67,-1.43,8.85,-1.45,8.84,-1.45
40.201,8.61,-1.48,8.85,-1.45,8.84,-1.45
40.215,8.66,-1.51,8.85,-1.45,8.84,-1.46
40.229,8.68,-1.52,8.85,-1.46,8.84,-1.46
40.244,8.68,-1.47,8.85,-1.46,8.84,-1.46
40.258,8.68,-1.43,8.85,-1.46,8.84,-1.46
40.272,8.65,-1.43,8.85,-1.46,8.84,-1.46
40.286,8.63,-1.43,8.85,-1.46,8.84,-1.46
40.301,8.67,-1.48,8.85,-1.46,8.84,-1.46
40.315,8.66,-1.51,8.85,-1.46,8.85,-1.46
40.329,8.62,-1.48,8.85,-1.46,8.85,-1.46
40.343,8.64,-1.49,8.85,-1.46,8.85,-1.46
40.358,8.7,-1.46,8.85,-1.46,8.85,-1.46
40.372,8.63,-1.45,8.85,-1.46,8.85,-1.46
40.386,8.61,-1.49,8.85,-1.46,8.85,-1.46
40.4,8.61,-1.48,8.85,-1.46,8.85,-1.46
40.414,8.65,-1.43,8.85,-1.46,8.85,-1.46
40.428,8.67,-1.42,8.85,-1.46,8.85,-1.46
40.442,8.68,-1.49,8.85,-1.46,8.85,-1.46
40.457,8.67,-1.49,8.85,-1.46,8.85,-1.46
40.471,8.65,-1.45,8.85,-1.46,8.85,-1.46
40.485,8.64,-1.46,8.85,-1.45,8.85,-1.45
40.499,8.63,-1.42,8.85,-1.45,8.85,-1.45
40.513,8.63,-1.4,8.85,-1.45,8.85,-1.45
40.527,8.65,-1.46,8.85,-1.45,8.85,-1.45
40.541,8.65,-1.48,8.85,-1.45,8.85,-1.45
40.556,8.62,-1.46,8.85,-1.45,8.85,-1.45
40.57,8.63,-1.47,8.85,-1.45,8.85,-1.45
40.584,8.67,-1.47,8.85,-1.45,8.85,-1.45
40.598,8.65,-1.52,8.85,-1.45,8.85,-1.46
40.612,8.67,-1.5,8.85,-1.45,8.85,-1.46
40.626,8.65,-1.43,8.85,-1.45,8.85,-1.45
40.64,8.63,-1.45,8.85,-1.45,8.85,-1.45
40.655,8.65,-1.47,8.85,-1.45,8.85,-1.45
40.669,8.65,-1.44,8.85,-1.45,8.85,-1.45
40.683,8.64,-1.43,8.85,-1.45,8.85,-1.45
40.697,8.69,-1.44,8.85,-1.45,8.85,-1.45
40.711,8.68,-1.42,8.86,-1.45,8.85,-1.45
40.725,8.64,-1.57,8.86,-1.45,8.85,-1.45
40.74,8.62,-1.56,8.86,-1.45,8.85,-1.45
40.754,8.61,-1.43,8.86,-1.46,8.85,-1.46
40.768,8.64,-1.43,8.85,-1.46,8.85,-1.46
40.782,8.66,-1.47,8.85,-1.46,8.85,-1.46
40.797,8.68,-1.51,8.85,-1.46,8.85,-1.46
40.811,8.69,-1.53,8.85,-1.45,8.85,-1.46
40.825,8.58,-1.5,8.85,-1.45,8.85,-1.46
40.839,8.6,-1.46,8.85,-1.45,8.85,-1.45
40.853,8.67,-1.49,8.85,-1.45,8.85,-1.45
40.868,8.64,-1.49,8.85,-1.45,8.85,-1.45
40.882,8.62,-1.49,8.86,-1.45,8.85,-1.46
40.896,8.61,-1.52,8.85,-1.46,8.85,-1.46
40.91,8.62,-1.51,8.85,-1.46,8.85,-1.46
40.926,8.71,-1.43,8.85,-1.46,8.85,-1.46
40.94,8.72,-1.44,8.85,-1.46,8.85,-1.46
40.954,8.68,-1.45,8.85,-1.46,8.85,-1.46
40.968,8.64,-1.49,8.85,-1.46,8.85,-1.46
40.983,8.62,-1.45,8.85,-1.46,8.85,-1.46
40.997,8.62,-1.42,8.85,-1.46,8.85,-1.46
41.011,8.69,-1.49,8.85,-1.46,8.85,-1.46
41.025,8.68,-1.45,8.85,-1.46,8.85,-1.46
41.039,8.64,-1.43,8.85,-1.46,8.85,-1.46
41.054,8.57,-1.46,8.85,-1.46,8.85,-1.46
41.068,8.61,-1.49,8.85,-1.46,8.85,-1.46
41.082,8.66,-1.48,8.85,-1.46,8.85,-1.46
41.096,8.67,-1.46,8.85,-1.46,8.85,-1.46
41.11,8.7,-1.46,8.85,-1.46,8.85,-1.46
41.125,8.7,-1.53,8.85,-1.46,8.85,-1.46
41.139,8.6,-1.56,8.85,-1.46,8.85,-1.46
41.153,8.6,-1.52,8.85,-1.46,8.85,-1.46
41.167,8.66,-1.48,8.85,-1.46,8.85,-1.46
41.181,8.64,-1.43,8.85,-1.46,8.85,-1.46
41.195,8.61,-1.44,8.85,-1.46,8.85,-1.46
41.209,8.65,-1.45,8.85,-1.46,8.85,-1.46
41.224,8.67,-1.48,8.85,-1.46,8.85,-1.46
41.238,8.61,-1.47,8.85,-1.46,8.84,-1.46
41.252,8.62,-1.43,8.85,-1.46,8.84,-1.46
41.266,8.64,-1.41,8.85,-1.46,8.84,-1.46
41.28,8.66,-1.5,8.85,-1.46,8.84,-1.46
41.294,8.66,-1.52,8.85,-1.46,8.84,-1.46
41.308,8.62,-1.52,8.85,-1.46,8.84,-1.46
41.322,8.6,-1.5,8.84,-1.46,8.84,-1.46
41.336,8.63,-1.5,8.84,-1.46,8.84,-1.46
41.351,8.67,-1.5,8.84,-1.46,8.84,-1.46
41.364,8.69,-1.46,8.84,-1.46,8.84,-1.46
41.379,8.69,-1.48,8.84,-1.46,8.84,-1.46
41.393,8.68,-1.51,8.84,-1.46,8.84,-1.46
41.407,8.65,-1.53,8.84,-1.46,8.84,-1.46
41.421,8.64,-1.5,8.84,-1.46,8.84,-1.46
41.436,8.7,-1.45,8.84,-1.46,8.84,-1.46
41.45,8.68,-1.47,8.84,-1.46,8.84,-1.46
41.464,8.64,-1.48,8.84,-1.46,8.84,-1.46
41.478,8.6,-1.47,8.84,-1.46,8.84,-1.46
41.492,8.62,-1.48,8.84,-1.46,8.84,-1.46
41.506,8.67,-1.45,8.84,-1.46,8.84,-1.46
41.521,8.67,-1.45,8.84,-1.46,8.84,-1.46
41.535,8.65,-1.44,8.84,-1.46,8.84,-1.46
41.549,8.65,-1.48,8.84,-1.46,8.84,-1.46
41.564,8.67,-1.48,8.84,-1.46,8.84,-1.46
41.578,8.67,-1.47,8.84,-1.46,8.84,-1.46
41.592,8.68,-1.49,8.84,-1.46,8.84,-1.46
41.606,8.6,-1.51,8.84,-1.46,8.84,-1.46
41.62,8.58,-1.45,8.84,-1.46,8.84,-1.46
41.634,8.67,-1.47,8.84,-1.46,8.84,-1.46
41.648,8.65,-1.55,8.84,-1.46,8.84,-1.46
41.663,8.62,-1.51,8.84,-1.46,8.84,-1.46
41.677,8.66,-1.45,8.84,-1.46,8.84,-1.46
41.691,8.69,-1.46,8.84,-1.46,8.84,-1.46
41.705,8.63,-1.53,8.84,-1.46,8.84,-1.46
41.72,8.64,-1.54,8.84,-1.46,8.84,-1.46
41.733,8.65,-1.52,8.84,-1.46,8.84,-1.46
41.748,8.67,-1.49,8.84,-1.46,8.84,-1.46
41.762,8.68,-1.42,8.84,-1.46,8.84,-1.46
41.776,8.65,-1.4,8.84,-1.46,8.84,-1.46
41.79,8.63,-1.42,8.84,-1.46,8.84,-1.46
41.804,8.68,-1.44,8.84,-1.46,8.84,-1.46
41.818,8.68,-1.52,8.84,-1.46,8.84,-1.46
41.833,8.6,-1.48,8.84,-1.46,8.84,-1.46
41.847,8.6,-1.43,8.84,-1.46,8.84,-1.46
41.861,8.66,-1.48,8.84,-1.46,8.83,-1.46
41.875,8.7,-1.5,8.84,-1.46,8.83,-1.46
41.889,8.67,-1.46,8.84,-1.46,8.83,-1.46
41.905,8.7,-1.46,8.84,-1.46,8.84,-1.46
41.919,8.69,-1.47,8.84,-1.46,8.84,-1.46
41.933,8.62,-1.46,8.84,-1.46,8.84,-1.46
41.947,8.62,-1.47,8.84,-1.46,8.84,-1.46
41.961,8.67,-1.48,8.84,-1.46,8.84,-1.46
41.976,8.7,-1.48,8.84,-1.46,8.84,-1.46
41.99,8.66,-1.48,8.84,-1.46,8.84,-1.46
42.004,8.63,-1.45,8.84,-1.46,8.84,-1.46
42.018,8.6,-1.44,8.84,-1.46,8.84,-1.46
42.032,8.68,-1.48,8.84,-1.46,8.84,-1.46
42.046,8.63,-1.5,8.84,-1.46,8.84,-1.46
42.061,8.65,-1.48,8.84,-1.46,8.84,-1.46
42.075,8.68,-1.47,8.84,-1.46,8.84,-1.46
42.089,8.68,-1.47,8.84,-1.46,8.84,-1.46
42.103,8.68,-1.45,8.84,-1.46,8.84,-1.46
42.117,8.66,-1.43,8.84,-1.46,8.84,-1.46
42.131,8.63,-1.5,8.84,-1.46,8.84,-1.46
42.145,8.64,-1.52,8.84,-1.46,8.84,-1.46
42.16,8.61,-1.51,8.84,-1.46,8.84,-1.46
42.175,8.67,-1.5,8.84,-1.46,8.84,-1.46
42.189,8.66,-1.45,8.84,-1.46,8.84,-1.46
42.203,8.59,-1.45,8.84,-1.46,8.84,-1.46
42.217,8.55,-1.45,8.84,-1.46,8.84,-1.46
42.231,8.61,-1.45,8.84,-1.46,8.84,-1.46
42.246,8.67,-1.5,8.84,-1.46,8.83,-1.46
42.26,8.7,-1.45,8.84,-1.46,8.83,-1.46
42.274,8.67,-1.37,8.84,-1.46,8.83,-1.46
42.288,8.67,-1.43,8.84,-1.46,8.83,-1.46
42.302,8.62,-1.48,8.84,-1.45,8.83,-1.45
42.316,8.68,-1.5,8.83,-1.45,8.83,-1.45
42.331,8.64,-1.45,8.83,-1.45,8.83,-1.45
42.345,8.61,-1.47,8.83,-1.45,8.83,-1.45
42.359,8.67,-1.49,8.83,-1.45,8.83,-1.45
42.373,8.74,-1.49,8.83,-1.45,8.83,-1.45
42.387,8.62,-1.43,8.83,-1.45,8.83,-1.45
42.401,8.55,-1.41,8.83,-1.45,8.83,-1.45
42.415,8.73,-1.58,8.83,-1.45,8.83,-1.45
42.429,8.77,-1.59,8.83,-1.45,8.83,-1.45
42.443,8.72,-1.51,8.83,-1.45,8.83,-1.45
42.457,8.52,-1.43,8.83,-1.45,8.83,-1.45
42.472,8.52,-1.47,8.83,-1.45,8.83,-1.45
42.486,8.7,-1.49,8.83,-1.45,8.83,-1.45
42.5,8.75,-1.47,8.83,-1.45,8.83,-1.45
42.514,8.67,-1.46,8.83,-1.45,8.83,-1.45
42.528,8.62,-1.48,8.83,-1.45,8.83,-1.45
42.542,8.64,-1.5,8.83,-1.45,8.83,-1.45
42.557,8.72,-1.5,8.83,-1.45,8.83,-1.45
42.571,8.65,-1.5,8.83,-1.45,8.83,-1.45
42.585,8.62,-1.39,8.83,-1.45,8.83,-1.45
42.599,8.7,-1.4,8.83,-1.45,8.83,-1.45
42.613,8.74,-1.45,8.83,-1.45,8.83,-1.45
42.627,8.69,-1.44,8.83,-1.45,8.83,-1.45
42.641,8.63,-1.44,8.84,-1.45,8.83,-1.45
42.656,8.67,-1.5,8.84,-1.45,8.83,-1.45
42.67,8.7,-1.5,8.84,-1.45,8.83,-1.45
42.685,8.72,-1.47,8.84,-1.45,8.83,-1.45
42.699,8.76,-1.47,8.84,-1.45,8.83,-1.45
42.713,8.72,-1.49,8.84,-1.45,8.83,-1.45
42.727,8.66,-1.49,8.84,-1.45,8.83,-1.45
42.742,8.54,-1.42,8.84,-1.45,8.83,-1.45
42.756,8.6,-1.41,8.84,-1.45,8.83,-1.45
42.77,8.67,-1.43,8.84,-1.45,8.83,-1.45
42.784,8.69,-1.52,8.84,-1.45,8.83,-1.45
42.798,8.68,-1.52,8.84,-1.45,8.83,-1.45
42.813,8.56,-1.52,8.84,-1.45,8.83,-1.45
42.827,8.56,-1.5,8.84,-1.45,8.83,-1.45
42.841,8.66,-1.48,8.84,-1.45,8.83,-1.45
42.855,8.69,-1.44,8.84,-1.45,8.83,-1.45
42.869,8.68,-1.47,8.84,-1.45,8.83,-1.45
42.884,8.69,-1.45,8.84,-1.45,8.84,-1.45
42.897,8.68,-1.46,8.84,-1.45,8.84,-1.45
42.912,8.65,-1.51,8.84,-1.45,8.84,-1.45
42.926,8.62,-1.51,8.84,-1.45,8.84,-1.45
42.94,8.67,-1.49,8.84,-1.45,8.84,-1.45
42.954,8.7,-1.49,8.84,-1.45,8.84,-1.45
42.968,8.68,-1.49,8.84,-1.45,8.84,-1.45
42.982,8.7,-1.52,8.84,-1.45,8.84,-1.45
42.996,8.68,-1.53,8.84,-1.45,8.84,-1.45
43.01,8.68,-1.52,8.84,-1.45,8.84,-1.45
43.025,8.72,-1.5,8.84,-1.45,8.84,-1.45
43.039,8.69,-1.52,8.84,-1.45,8.84,-1.45
43.053,8.62,-1.54,8.84,-1.45,8.84,-1.45
43.067,8.64,-1.52,8.84,-1.45,8.84,-1.45
43.081,8.68,-1.49,8.84,-1.45,8.84,-1.45
43.095,8.69,-1.46,8.84,-1.45,8.84,-1.45
43.109,8.68,-1.46,8.84,-1.45,8.84,-1.45
43.123,8.71,-1.49,8.84,-1.45,8.84,-1.45
43.137,8.65,-1.52,8.84,-1.45,8.84,-1.45
43.151,8.57,-1.55,8.84,-1.45,8.84,-1.45
43.166,8.54,-1.53,8.84,-1.45,8.84,-1.45
43.18,8.7,-1.51,8.84,-1.45,8.84,-1.45
43.194,8.7,-1.49,8.84,-1.45,8.84,-1.45
43.208,8.67,-1.43,8.84,-1.45,8.84,-1.45
43.223,8.66,-1.45,8.84,-1.45,8.84,-1.45
43.236,8.68,-1.51,8.84,-1.46,8.84,-1.46
43.251,8.71,-1.51,8.84,-1.46,8.84,-1.46
43.265,8.62,-1.46,8.84,-1.46,8.84,-1.46
43.28,8.63,-1.45,8.84,-1.46,8.84,-1.46
43.294,8.65,-1.47,8.84,-1.45,8.84,-1.45
43.308,8.67,-1.5,8.84,-1.45,8.84,-1.46
43.322,8.6,-1.47,8.84,-1.46,8.84,-1.46
43.336,8.6,-1.44,8.84,-1.45,8.84,-1.45
43.35,8.73,-1.49,8.84,-1.45,8.84,-1.45
43.365,8.59,-1.53,8.84,-1.45,8.83,-1.45
43.379,8.62,-1.55,8.83,-1.45,8.83,-1.46
43.393,8.61,-1.46,8.82,-1.46,8.82,-1.46
43.408,8.62,-1.47,8.81,-1.46,8.81,-1.46
43.422,8.41,-1.61,8.8,-1.46,8.8,-1.46
43.437,9.28,-1.27,8.8,-1.46,8.8,-1.46
43.451,8.54,-1.24,8.82,-1.46,8.82,-1.45
43.465,8.59,-1.6,8.84,-1.45,8.83,-1.45
43.479,8.7,-1.57,8.83,-1.45,8.83,-1.46
43.494,8.68,-1.43,8.83,-1.46,8.83,-1.46
43.508,8.63,-1.39,8.84,-1.45,8.84,-1.45
43.522,8.65,-1.5,8.84,-1.45,8.84,-1.45
43.536,8.66,-1.51,8.84,-1.45,8.84,-1.45
43.55,8.67,-1.5,8.84,-1.45,8.83,-1.45
43.564,8.78,-1.44,8.83,-1.45,8.83,-1.45
43.579,8.93,-1.49,8.83,-1.45,8.84,-1.45
43.593,10.41,-1.54,8.85,-1.45,8.86,-1.46
43.607,10.23,-1.54,8.95,-1.46,8.96,-1.46
43.621,5.13,-1.48,9.11,-1.46,9.07,-1.46
43.636,5.92,-1.46,9.11,-1.46,9.08,-1.46
43.649,8.53,-1.43,9.03,-1.45,9.02,-1.45
43.663,9.87,-1.5,8.95,-1.45,8.96,-1.45
43.678,7.6,-1.52,8.98,-1.45,8.96,-1.45
43.692,7.21,-1.36,8.98,-1.45,8.96,-1.45
43.706,10.74,-1.31,8.83,-1.45,8.85,-1.45
43.72,9.52,-1.45,8.74,-1.45,8.75,-1.45
43.735,9.03,-1.42,8.77,-1.45,8.77,-1.45
43.749,8.33,-1.48,8.8,-1.45,8.8,-1.45
43.763,8.19,-1.62,8.83,-1.45,8.82,-1.45
43.777,8.7,-1.57,8.82,-1.45,8.82,-1.45
43.791,9.68,-2.92,8.82,-1.46,8.82,-1.47
43.806,10.24,-3.79,8.84,-1.47,8.86,-1.49
43.82,7.14,-1.57,8.91,-1.48,8.89,-1.48
43.834,5.9,-1.59,8.99,-1.44,8.96,-1.45
43.848,7.18,-1.97,9.0,-1.39,8.98,-1.39
43.862,9.95,-1.17,8.81,-1.32,8.82,-1.32
43.876,10.3,-0.12,8.68,-1.27,8.69,-1.26
43.891,8.6,-0.15,8.65,-1.21,8.65,-1.2
43.905,8.15,-1.1,8.66,-1.12,8.66,-1.12
43.919,8.21,-2.03,8.65,-1.1,8.64,-1.11
43.933,8.78,-1.97,8.6,-1.2,8.61,-1.21
43.947,10.21,-2.89,8.59,-1.3,8.61,-1.32
43.961,8.98,-3.64,8.6,-1.31,8.6,-1.33
43.976,7.13,-3.88,8.55,-1.26,8.54,-1.29
43.99,8.8,-1.11,8.44,-1.2,8.44,-1.2
44.004,9.54,0.46,8.29,-1.16,8.3,-1.15
44.018,8.29,0.64,8.14,-1.14,8.14,-1.12
44.032,8.74,-4.51,7.94,-1.14,7.95,-1.18
44.047,7.71,-4.02,7.85,-1.35,7.85,-1.37
44.061,7.66,0.74,7.95,-1.48,7.95,-1.46
44.075,9.47,2.62,7.93,-1.43,7.95,-1.39
44.089,7.07,0.15,7.82,-1.34,7.81,-1.33
44.103,6.18,-1.67,7.7,-1.32,7.69,-1.33
44.118,8.67,-3.66,7.63,-1.32,7.64,-1.35
44.132,11.06,-3.73,7.62,-1.33,7.66,-1.36
44.147,12.4,-2.02,7.62,-1.36,7.66,-1.36
44.161,11.78,-1.47,7.48,-1.39,7.53,-1.39
44.175,9.69,-0.09,7.32,-1.4,7.34,-1.39
44.189,9.81,0.58,7.18,-1.36,7.2,-1.34
44.203,9.82,0.65,7.11,-1.28,7.13,-1.26
44.217,10.07,-1.27,7.1,-1.15,7.13,-1.15
44.232,11.48,-1.56,7.12,-1.09,7.16,-1.1
44.246,14.28,-0.81,7.09,-1.21,7.17,-1.2
44.26,14.32,0.31,7.05,-1.36,7.12,-1.35
44.274,9.52,-1.95,7.02,-1.37,7.05,-1.37
44.288,9.34,-2.57,7.02,-1.24,7.04,-1.26
44.302,9.28,-2.68,7.04,-1.17,7.06,-1.18
44.316,10.53,-2.66,7.06,-1.15,7.09,-1.17
44.33,10.91,-2.67,7.09,-1.21,7.12,-1.23
44.344,11.0,-0.02,7.1,-1.27,7.14,-1.26
44.359,10.56,-0.91,7.08,-1.2,7.12,-1.2
44.373,9.63,-3.04,7.08,-1.1,7.11,-1.12
44.387,9.69,-1.29,7.09,-1.16,7.11,-1.16
44.401,10.27,-0.81,7.09,-1.25,7.12,-1.24
44.416,10.79,-1.38,7.13,-1.29,7.17,-1.29
44.43,11.92,-1.96,7.32,-1.24,7.36,-1.25
44.445,11.33,-1.13,7.52,-1.2,7.56,-1.2
44.459,10.65,-1.47,7.57,-1.16,7.6,-1.16
44.473,9.82,-2.92,7.53,-1.12,7.55,-1.14
44.487,9.7,-2.69,7.43,-1.08,7.45,-1.1
44.501,10.19,-0.65,7.37,-1.03,7.4,-1.03
44.516,10.3,-0.09,7.41,-0.97,7.44,-0.96
44.53,10.66,-0.57,7.47,-0.92,7.5,-0.91
44.544,12.15,-2.35,7.54,-0.89,7.59,-0.91
44.558,12.37,-3.04,7.6,-0.92,7.65,-0.94
44.572,11.56,-3.6,7.62,-0.93,7.66,-0.96
44.587,11.52,-3.23,7.54,-0.92,7.58,-0.95
44.601,11.24,-1.79,7.44,-0.91,7.48,-0.92
44.615,11.34,-1.53,7.39,-0.9,7.43,-0.91
44.629,10.89,-1.54,7.36,-0.91,7.4,-0.92
44.644,10.67,-1.92,7.3,-0.94,7.33,-0.95
44.658,10.73,-2.51,7.21,-0.98,7.25,-1.0
44.672,10.95,-2.76,7.13,-1.03,7.17,-1.05
44.686,12.04,-2.53,7.06,-1.1,7.11,-1.11
44.7,16.24,-1.89,6.98,-1.17,7.07,-1.18
44.714,15.39,-2.38,6.84,-1.14,6.93,-1.16
44.729,11.28,-3.23,6.68,-1.1,6.72,-1.12
44.743,12.6,-2.35,6.53,-1.16,6.59,-1.17
44.757,13.93,-1.33,6.44,-1.25,6.51,-1.25
44.771,14.29,-1.22,6.42,-1.32,6.5,-1.32
44.785,13.1,-1.38,6.46,-1.33,6.52,-1.33
44.8,12.38,-2.16,6.5,-1.33,6.56,-1.33
44.814,12.95,-2.22,6.51,-1.33,6.58,-1.34
44.829,12.98,-1.67,6.5,-1.35,6.56,-1.35
44.843,12.52,-1.21,6.44,-1.37,6.5,-1.37
44.857,13.63,-1.02,6.38,-1.38,6.46,-1.37
44.871,14.01,-1.02,6.38,-1.34,6.46,-1.33
44.886,13.06,-1.62,6.42,-1.27,6.49,-1.27
44.9,11.81,-3.98,6.45,-1.19,6.51,-1.22
44.914,11.97,-3.52,6.34,-1.2,6.4,-1.22
44.928,13.59,-1.75,6.19,-1.26,6.27,-1.27
44.943,14.41,-0.84,6.03,-1.36,6.11,-1.36
44.957,15.37,0.03,5.89,-1.44,5.99,-1.42
44.971,14.86,-0.66,5.87,-1.4,5.96,-1.39
44.985,14.39,-1.79,5.9,-1.33,5.98,-1.33
44.999,13.74,-3.4,5.93,-1.25,6.01,-1.27
45.013,14.02,-3.02,5.88,-1.27,5.96,-1.29
45.027,14.8,-1.98,5.78,-1.33,5.87,-1.34
45.042,14.8,-1.07,5.69,-1.47,5.78,-1.47
45.056,17.14,0.14,5.6,-1.6,5.72,-1.58
45.07,16.95,-1.01,5.6,-1.61,5.71,-1.6
45.084,13.78,-1.79,5.64,-1.59,5.72,-1.6
45.099,14.6,-1.28,5.67,-1.6,5.76,-1.6
45.113,15.81,-0.83,5.68,-1.61,5.78,-1.61
45.127,15.51,-1.91,5.67,-1.61,5.77,-1.62
45.141,14.3,-2.83,5.64,-1.62,5.73,-1.63
45.156,11.33,-2.12,5.65,-1.64,5.71,-1.65
45.17,12.32,-0.63,5.76,-1.67,5.83,-1.66
45.184,13.83,-0.73,5.91,-1.69,5.99,-1.68
45.198,14.34,-1.4,6.08,-1.71,6.16,-1.7
45.212,15.64,-1.01,6.25,-1.73,6.34,-1.72
45.226,16.34,-0.23,6.45,-1.73,6.55,-1.71
45.241,19.11,-2.22,6.63,-1.61,6.76,-1.62
45.255,18.22,-2.72,6.73,-1.59,6.85,-1.6
45.269,15.55,-0.88,6.5,-1.68,6.59,-1.67
45.283,13.27,0.66,6.17,-1.71,6.24,-1.68
45.297,11.52,-1.21,5.78,-1.65,5.84,-1.65
45.311,13.86,-2.2,5.39,-1.63,5.48,-1.63
45.326,16.62,-0.96,5.34,-1.65,5.45,-1.64
45.34,17.79,1.59,5.59,-1.67,5.72,-1.64
45.354,19.31,1.53,6.03,-1.64,6.16,-1.61
45.368,20.57,-0.78,6.39,-1.62,6.53,-1.62
45.382,19.64,-3.21,6.62,-1.72,6.75,-1.73
45.397,18.35,-1.5,6.66,-1.9,6.78,-1.9
45.411,16.93,-2.9,6.62,-1.92,6.72,-1.93
45.425,17.12,-2.7,6.54,-1.84,6.64,-1.85
45.439,17.32,-2.38,6.54,-1.9,6.65,-1.9
45.453,16.94,-1.1,6.61,-2.0,6.72,-2.0
45.467,16.4,-0.8,6.72,-2.0,6.81,-1.98
45.482,15.27,-1.13,6.79,-1.97,6.88,-1.96
45.496,17.01,-1.19,6.68,-1.96,6.78,-1.95
45.51,21.23,-1.47,6.57,-1.96,6.72,-1.96
45.524,22.54,-2.3,6.69,-1.98,6.85,-1.99
45.538,22.03,-2.8,6.97,-2.03,7.12,-2.03
45.553,24.67,-3.87,7.33,-2.08,7.5,-2.1
45.567,25.36,-4.06,7.42,-2.11,7.6,-2.13
45.581,17.23,2.57,7.32,-2.15,7.42,-2.1
45.595,14.54,4.49,7.18,-2.15,7.25,-2.09
45.609,15.85,-2.1,7.25,-2.05,7.33,-2.05
45.624,13.97,-0.52,7.4,-1.97,7.47,-1.96
45.639,11.42,2.39,7.41,-1.87,7.45,-1.83
45.653,11.38,2.76,7.41,-1.59,7.45,-1.54
45.667,14.22,1.76,7.47,-1.27,7.54,-1.24
45.681,15.69,0.42,7.59,-0.98,7.67,-0.96
45.695,13.94,0.48,7.71,-0.7,7.77,-0.69
45.71,15.29,-2.48,7.79,-0.44,7.87,-0.46
45.724,16.28,-3.04,7.81,-0.26,7.9,-0.29
45.738,17.15,-2.81,7.81,-0.13,7.9,-0.16
45.752,17.79,-0.98,7.73,-0.12,7.83,-0.13
45.767,15.76,-0.15,7.64,-0.16,7.73,-0.16
45.781,15.44,-1.07,7.59,-0.23,7.67,-0.23
45.795,16.53,-1.46,7.52,-0.32,7.61,-0.33
45.809,18.48,-1.87,7.43,-0.44,7.54,-0.46
45.823,21.16,-3.11,7.34,-0.59,7.47,-0.61
45.837,21.57,-2.58,7.24,-0.71,7.38,-0.73
45.851,19.37,-1.62,7.14,-0.74,7.26,-0.75
45.865,19.57,-1.84,7.05,-0.75,7.18,-0.76
45.88,20.16,-1.58,7.04,-0.78,7.17,-0.79
45.894,20.76,-1.3,7.06,-0.81,7.2,-0.82
45.908,20.54,-1.05,7.11,-0.83,7.25,-0.83
45.922,20.13,-1.02,7.18,-0.84,7.31,-0.84
45.937,20.24,-1.17,7.27,-0.84,7.4,-0.85
45.951,20.24,-1.21,7.42,-0.85,7.55,-0.86
45.965,19.31,-0.51,7.58,-0.86,7.7,-0.86
45.98,19.39,-0.42,7.71,-0.86,7.82,-0.86
45.994,19.56,-0.77,7.79,-0.86,7.91,-0.86
46.008,18.35,-1.95,7.85,-0.87,7.96,-0.88
46.022,18.12,-2.27,7.95,-0.9,8.05,-0.91
46.037,18.89,-1.72,8.1,-0.94,8.21,-0.95
46.051,20.42,-0.94,8.22,-1.0,8.34,-1.0
46.065,20.28,0.87,8.24,-1.05,8.36,-1.03
46.079,20.1,0.76,8.12,-1.06,8.24,-1.04
46.093,21.63,0.36,7.99,-1.07,8.13,-1.05
46.107,22.39,0.49,7.96,-1.09,8.11,-1.07
46.121,22.1,0.51,8.01,-1.11,8.15,-1.09
46.135,20.87,0.49,8.07,-1.13,8.2,-1.11
46.149,21.08,0.23,8.09,-1.12,8.22,-1.11
46.165,22.29,-0.1,8.09,-1.11,8.23,-1.1
46.179,21.65,-0.32,8.18,-1.1,8.31,-1.09
46.194,19.96,-2.7,8.3,-1.09,8.41,-1.11
46.208,20.81,-1.46,8.4,-1.14,8.53,-1.14
46.222,21.08,1.78,8.56,-1.2,8.68,-1.18
46.236,20.51,1.31,8.8,-1.29,8.91,-1.26
46.251,20.42,0.5,9.02,-1.4,9.13,-1.38
46.265,21.66,1.56,9.22,-1.54,9.34,-1.51
46.279,21.39,3.02,9.39,-1.68,9.51,-1.63
46.293,20.07,2.17,9.53,-1.71,9.63,-1.67
46.307,19.93,1.21,9.55,-1.64,9.65,-1.61
46.321,20.01,1.01,9.54,-1.58,9.64,-1.55
46.335,20.78,1.3,9.48,-1.56,9.59,-1.53
46.35,21.76,1.21,9.41,-1.54,9.53,-1.51
46.364,23.22,-0.33,9.35,-1.53,9.49,-1.52
46.378,23.13,0.08,9.4,-1.53,9.54,-1.51
46.394,21.15,0.97,9.52,-1.51,9.64,-1.49
46.408,21.04,0.96,9.64,-1.49,9.76,-1.47
46.422,20.24,0.66,9.75,-1.47,9.85,-1.45
46.436,20.71,0.73,9.78,-1.48,9.89,-1.45
46.45,22.37,1.66,9.78,-1.5,9.9,-1.47
46.464,22.51,1.26,9.78,-1.49,9.91,-1.46
46.478,21.63,0.5,9.81,-1.47,9.92,-1.45
46.493,21.11,0.39,9.84,-1.49,9.95,-1.47
46.507,21.5,0.9,9.86,-1.54,9.98,-1.51
46.522,22.9,1.42,9.89,-1.61,10.02,-1.58
46.536,21.22,1.09,9.96,-1.67,10.07,-1.65
46.55,19.66,-0.37,10.0,-1.74,10.1,-1.73
46.564,20.7,-0.99,9.97,-1.93,10.08,-1.92
46.579,19.2,1.89,10.02,-2.16,10.11,-2.12
46.593,22.15,3.65,10.31,-2.22,10.43,-2.16
46.606,25.62,4.17,10.72,-2.23,10.87,-2.17
46.621,27.96,2.21,11.2,-2.27,11.37,-2.23
46.635,24.42,2.39,11.47,-2.4,11.6,-2.35
46.649,20.55,1.76,11.54,-2.48,11.63,-2.44
46.663,21.81,0.14,11.47,-2.45,11.58,-2.42
46.677,22.0,0.79,11.47,-2.42,11.58,-2.39
46.692,22.63,1.65,11.49,-2.41,11.6,-2.37
46.706,23.04,1.88,11.51,-2.38,11.63,-2.34
46.72,22.05,1.31,11.63,-2.34,11.73,-2.3
46.734,21.38,0.92,11.74,-2.3,11.83,-2.27
46.748,22.03,1.58,11.8,-2.27,11.91,-2.24
46.762,22.46,1.67,11.82,-2.25,11.92,-2.21
46.776,22.56,1.41,11.85,-2.22,11.95,-2.19
46.79,22.1,0.94,11.91,-2.19,12.01,-2.16
46.804,21.57,0.55,11.97,-2.17,12.07,-2.14
46.818,21.86,2.08,12.01,-2.16,12.11,-2.11
46.832,22.37,2.41,12.0,-2.13,12.11,-2.08
46.846,22.47,2.78,12.0,-2.07,12.11,-2.02
46.86,22.36,2.09,12.01,-1.94,12.11,-1.9
46.874,21.64,-1.33,12.02,-1.71,12.12,-1.71
46.889,22.29,0.02,11.91,-1.35,12.02,-1.33
46.903,25.13,1.21,11.66,-1.06,11.8,-1.04
46.917,26.92,-2.48,11.42,-0.79,11.57,-0.81
46.931,25.55,-1.16,11.18,-0.33,11.33,-0.33
46.945,26.81,0.4,10.9,0.17,11.05,0.17
46.959,26.54,-2.27,10.7,0.5,10.86,0.47
46.973,25.24,-5.21,10.64,0.77,10.78,0.71
46.987,25.4,-3.94,10.71,0.93,10.86,0.88
47.001,25.74,-2.97,10.81,1.05,10.96,1.01
47.015,25.9,-2.55,10.93,1.17,11.08,1.13
47.029,25.72,-1.69,11.07,1.32,11.21,1.29
47.043,24.36,-5.24,11.21,1.52,11.34,1.45
47.057,24.91,-5.02,11.24,1.52,11.37,1.46
47.072,25.97,-3.87,11.22,1.41,11.37,1.36
47.085,27.01,-4.14,11.2,1.27,11.36,1.21
47.1,26.68,-2.36,11.21,1.09,11.37,1.06
47.114,25.71,-2.36,11.27,0.95,11.42,0.92
47.128,25.59,-3.87,11.44,0.91,11.58,0.86
47.142,26.0,-3.63,11.61,0.87,11.75,0.83
47.156,26.1,-3.21,11.75,0.83,11.89,0.79
47.17,26.36,-3.45,11.88,0.78,12.03,0.74
47.184,27.2,-5.03,12.01,0.73,12.16,0.67
47.198,28.79,-7.91,12.11,0.56,12.28,0.48
47.212,30.94,-13.08,12.18,0.22,12.37,0.08
47.226,23.61,0.55,12.14,-0.71,12.26,-0.69
47.24,22.31,4.9,11.89,-1.36,11.99,-1.3
47.254,25.5,-1.27,11.39,-1.35,11.53,-1.35
47.268,31.13,-3.27,11.05,-1.29,11.25,-1.31
47.282,30.39,-1.47,10.94,-1.25,11.14,-1.26
47.296,28.15,-1.28,11.17,-1.26,11.34,-1.26
47.311,27.41,-1.03,11.39,-1.27,11.55,-1.27
47.325,27.64,-1.06,11.55,-1.27,11.71,-1.27
47.339,28.24,-2.53,11.69,-1.26,11.86,-1.28
47.354,28.07,-1.95,11.84,-1.27,12.0,-1.28
47.368,28.04,-1.49,11.99,-1.28,12.15,-1.28
47.382,28.15,-1.92,12.15,-1.27,12.31,-1.28
47.396,28.22,-2.08,12.3,-1.28,12.46,-1.28
47.41,28.12,-1.74,12.46,-1.28,12.62,-1.29
47.426,28.07,-1.68,12.62,-1.29,12.78,-1.29
47.44,28.16,-1.79,12.78,-1.29,12.93,-1.29
47.454,28.15,-1.79,12.94,-1.29,13.09,-1.3
47.468,27.99,-1.7,13.1,-1.3,13.25,-1.3
47.483,27.95,-1.67,13.25,-1.3,13.4,-1.31
47.497,28.0,-1.74,13.4,-1.31,13.55,-1.31
47.511,27.98,-1.77,13.55,-1.31,13.69,-1.31
47.525,28.0,-1.81,13.69,-1.31,13.83,-1.32
47.54,28.09,-1.68,13.82,-1.32,13.96,-1.32
47.554,28.08,-1.63,13.95,-1.32,14.09,-1.32
47.568,28.07,-1.72,14.08,-1.32,14.22,-1.33
47.582,28.19,-1.87,14.2,-1.33,14.34,-1.33
47.596,28.16,-1.67,14.35,-1.33,14.48,-1.34
47.61,28.14,-1.61,14.51,-1.34,14.64,-1.34
47.625,28.2,-1.69,14.66,-1.34,14.8,-1.34
47.639,27.88,-1.76,14.82,-1.34,14.95,-1.35
47.653,27.96,-1.76,14.95,-1.35,15.08,-1.35
47.667,28.22,-1.8,15.09,-1.35,15.22,-1.36
47.681,28.08,-1.79,15.24,-1.36,15.36,-1.36
47.696,28.28,-1.79,15.38,-1.37,15.51,-1.37
47.71,28.28,-1.86,15.55,-1.38,15.68,-1.38
47.724,31.48,-1.99,15.72,-1.39,15.87,-1.4
47.739,29.06,-1.33,16.06,-1.41,16.19,-1.41
47.753,22.4,-0.88,16.5,-1.42,16.56,-1.42
47.767,22.97,-1.34,16.75,-1.42,16.81,-1.42
47.781,33.29,-1.46,16.41,-1.4,16.58,-1.4
47.796,30.54,-2.2,16.29,-1.38,16.43,-1.39
47.81,27.26,-1.98,16.49,-1.38,16.6,-1.39
47.824,27.47,-1.65,16.65,-1.39,16.76,-1.39
47.838,28.29,-1.66,16.76,-1.39,16.87,-1.4
47.853,27.98,-1.65,16.86,-1.4,16.98,-1.4
47.867,27.8,-1.69,16.98,-1.4,17.09,-1.4
47.881,27.95,-1.73,17.09,-1.4,17.2,-1.4
47.896,28.09,-1.75,17.2,-1.4,17.31,-1.41
47.91,27.96,-1.72,17.31,-1.41,17.42,-1.41
47.924,28.07,-1.71,17.42,-1.41,17.53,-1.41
47.938,28.09,-1.71,17.53,-1.41,17.63,-1.41
47.952,27.93,-1.68,17.64,-1.41,17.74,-1.42
47.966,27.95,-1.69,17.74,-1.42,17.84,-1.42
47.981,28.03,-1.73,17.84,-1.42,17.95,-1.42
47.995,28.04,-1.72,17.95,-1.42,18.05,-1.43
48.009,28.05,-1.67,18.05,-1.43,18.15,-1.43
48.024,28.09,-1.63,18.15,-1.43,18.25,-1.43
48.038,28.02,-1.64,18.25,-1.43,18.35,-1.43
48.052,27.9,-1.72,18.35,-1.43,18.45,-1.44
48.066,27.99,-1.71,18.45,-1.44,18.54,-1.44
48.08,28.04,-1.69,18.55,-1.44,18.64,-1.44
48.094,28.02,-1.74,18.64,-1.44,18.74,-1.45
48.108,28.0,-1.75,18.74,-1.45,18.83,-1.45
48.122,27.98,-1.78,18.83,-1.45,18.92,-1.45
48.136,28.0,-1.74,18.93,-1.45,19.02,-1.46
48.15,27.9,-1.74,19.02,-1.46,19.11,-1.46
48.165,27.96,-1.72,19.11,-1.46,19.2,-1.46
48.179,28.02,-1.67,19.2,-1.46,19.29,-1.46
48.193,27.97,-1.66,19.29,-1.46,19.37,-1.46
48.207,27.98,-1.7,19.38,-1.46,19.46,-1.47
48.221,28.0,-1.77,19.47,-1.46,19.55,-1.47
48.236,27.99,-1.74,19.55,-1.47,19.64,-1.47
48.251,28.01,-1.69,19.64,-1.47,19.72,-1.47
48.266,28.01,-1.69,19.73,-1.47,19.81,-1.47
48.28,27.99,-1.69,19.81,-1.47,19.89,-1.48
48.294,28.02,-1.71,19.9,-1.47,19.98,-1.48
48.308,28.04,-1.69,19.98,-1.48,20.06,-1.48
48.322,28.02,-1.68,20.06,-1.48,20.14,-1.48
48.336,28.0,-1.7,20.14,-1.48,20.22,-1.48
48.351,28.06,-1.69,20.22,-1.48,20.3,-1.49
48.365,28.04,-1.74,20.3,-1.49,20.38,-1.49
48.379,27.97,-1.73,20.38,-1.49,20.46,-1.49
48.393,27.99,-1.72,20.46,-1.49,20.54,-1.49
48.408,28.01,-1.73,20.54,-1.49,20.61,-1.5
48.422,28.0,-1.7,20.62,-1.5,20.69,-1.5
48.436,27.98,-1.68,20.69,-1.5,20.76,-1.5
48.45,27.98,-1.63,20.77,-1.5,20.84,-1.5
48.465,28.01,-1.69,20.84,-1.5,20.91,-1.5
48.479,28.07,-1.76,20.91,-1.5,20.99,-1.51
48.493,28.1,-1.73,20.99,-1.51,21.06,-1.51
48.507,28.08,-1.67,21.06,-1.51,21.13,-1.51
48.522,28.04,-1.67,21.13,-1.51,21.2,-1.51
48.536,28.02,-1.69,21.2,-1.51,21.27,-1.51
48.55,28.03,-1.68,21.27,-1.51,21.34,-1.51
48.564,28.02,-1.72,21.34,-1.52,21.41,-1.52
48.579,28.01,-1.68,21.41,-1.52,21.48,-1.52
48.593,28.02,-1.62,21.48,-1.52,21.54,-1.52
48.608,27.98,-1.69,21.55,-1.52,21.61,-1.52
48.622,27.95,-1.72,21.61,-1.52,21.67,-1.52
48.636,28.05,-1.72,21.68,-1.53,21.74,-1.53
48.65,28.06,-1.73,21.74,-1.53,21.8,-1.53
48.665,28.03,-1.73,21.81,-1.53,21.87,-1.53
48.679,28.05,-1.69,21.87,-1.53,21.93,-1.53
48.693,28.06,-1.69,21.94,-1.53,22.0,-1.53
48.707,27.98,-1.69,22.0,-1.53,22.06,-1.54
48.721,28.02,-1.69,22.06,-1.54,22.12,-1.54
48.736,28.0,-1.71,22.12,-1.54,22.18,-1.54
48.75,27.99,-1.69,22.18,-1.54,22.24,-1.54
48.765,27.98,-1.68,22.24,-1.54,22.3,-1.54
48.779,27.98,-1.69,22.3,-1.54,22.36,-1.54
48.793,27.99,-1.71,22.36,-1.54,22.42,-1.55
48.807,27.97,-1.71,22.42,-1.55,22.47,-1.55
48.821,27.96,-1.69,22.48,-1.55,22.53,-1.55
48.835,28.02,-1.76,22.53,-1.55,22.59,-1.55
48.85,28.0,-1.72,22.59,-1.55,22.64,-1.55
48.864,27.96,-1.67,22.65,-1.55,22.7,-1.55
48.878,27.97,-1.69,22.7,-1.55,22.75,-1.55
48.892,28.03,-1.69,22.75,-1.55,22.81,-1.55
48.907,28.03,-1.72,22.81,-1.55,22.86,-1.56
48.921,28.05,-1.75,22.86,-1.56,22.91,-1.56
48.935,28.05,-1.72,22.92,-1.56,22.97,-1.56
48.949,28.07,-1.74,22.97,-1.56,23.02,-1.56
48.964,28.02,-1.75,23.02,-1.56,23.07,-1.56
48.978,27.97,-1.71,23.07,-1.56,23.12,-1.56
48.992,28.0,-1.7,23.12,-1.56,23.17,-1.56
49.006,28.0,-1.74,23.17,-1.56,23.22,-1.57
49.021,28.04,-1.71,23.22,-1.56,23.27,-1.57
49.035,28.02,-1.7,23.27,-1.57,23.32,-1.57
49.049,28.04,-1.71,23.32,-1.57,23.37,-1.57
49.064,27.99,-1.69,23.37,-1.57,23.42,-1.57
49.078,27.99,-1.69,23.42,-1.57,23.47,-1.57
49.092,28.02,-1.68,23.47,-1.57,23.51,-1.57
49.106,28.04,-1.68,23.52,-1.57,23.56,-1.57
49.121,27.95,-1.75,23.56,-1.57,23.61,-1.57
49.135,27.96,-1.81,23.61,-1.57,23.65,-1.58
49.149,28.02,-1.74,23.65,-1.58,23.7,-1.58
49.163,28.02,-1.68,23.7,-1.58,23.74,-1.58
49.177,27.98,-1.67,23.74,-1.58,23.79,-1.58
49.192,27.96,-1.73,23.79,-1.58,23.83,-1.58
49.206,27.99,-1.73,23.83,-1.58,23.87,-1.58
49.22,28.02,-1.7,23.87,-1.58,23.91,-1.58
49.234,28.02,-1.72,23.92,-1.58,23.96,-1.58
49.248,27.96,-1.74,23.96,-1.58,24.0,-1.58
49.262,27.97,-1.73,24.0,-1.58,24.04,-1.58
49.276,27.96,-1.7,24.04,-1.58,24.08,-1.59
49.29,28.01,-1.71,24.09,-1.59,24.12,-1.59
49.305,28.03,-1.71,24.13,-1.59,24.17,-1.59
49.319,28.04,-1.68,24.17,-1.59,24.21,-1.59
49.333,28.03,-1.72,24.21,-1.59,24.25,-1.59
49.347,28.02,-1.72,24.25,-1.59,24.29,-1.59
49.362,28.0,-1.67,24.29,-1.59,24.33,-1.59
49.376,27.96,-1.65,24.33,-1.59,24.36,-1.59
49.39,27.99,-1.68,24.37,-1.59,24.4,-1.59
49.404,28.01,-1.73,24.41,-1.59,24.44,-1.59
49.419,27.94,-1.73,24.45,-1.6,24.48,-1.6
49.433,27.99,-1.7,24.49,-1.6,24.52,-1.6
49.447,28.09,-1.73,24.52,-1.6,24.56,-1.6
49.461,28.08,-1.72,24.56,-1.6,24.59,-1.6
49.476,27.98,-1.72,24.6,-1.6,24.63,-1.6
49.49,27.99,-1.72,24.63,-1.6,24.66,-1.6
49.506,28.05,-1.7,24.67,-1.6,24.7,-1.6
49.52,28.01,-1.71,24.7,-1.6,24.73,-1.61
49.534,28.03,-1.7,24.74,-1.61,24.77,-1.61
49.548,28.01,-1.67,24.77,-1.61,24.81,-1.61
49.563,28.02,-1.7,24.81,-1.61,24.84,-1.61
49.577,28.05,-1.67,24.84,-1.61,24.87,-1.61
49.591,28.0,-1.64,24.88,-1.61,24.91,-1.61
49.605,27.99,-1.67,24.91,-1.61,24.94,-1.61
49.619,28.0,-1.72,24.94,-1.61,24.97,-1.61
49.633,28.04,-1.74,24.97,-1.61,25.01,-1.61
49.648,28.07,-1.74,25.01,-1.61,25.04,-1.61
49.662,28.07,-1.73,25.04,-1.61,25.07,-1.61
49.676,28.04,-1.67,25.07,-1.61,25.1,-1.61
49.69,28.05,-1.65,25.1,-1.61,25.13,-1.61
49.704,28.1,-1.72,25.13,-1.61,25.16,-1.61
49.718,28.07,-1.77,25.16,-1.61,25.19,-1.61
49.732,28.0,-1.73,25.2,-1.61,25.22,-1.61
49.747,28.03,-1.72,25.23,-1.61,25.25,-1.61
49.761,28.06,-1.71,25.26,-1.62,25.28,-1.62
49.775,28.02,-1.69,25.29,-1.62,25.31,-1.62
49.789,28.02,-1.69,25.32,-1.62,25.34,-1.62
49.803,27.99,-1.69,25.35,-1.62,25.37,-1.62
49.818,28.01,-1.69,25.37,-1.62,25.4,-1.62
49.832,27.99,-1.68,25.4,-1.62,25.43,-1.62
49.846,27.97,-1.69,25.43,-1.62,25.46,-1.62
49.86,27.97,-1.69,25.46,-1.62,25.49,-1.62
49.875,28.0,-1.69,25.49,-1.62,25.51,-1.62
49.889,28.03,-1.69,25.51,-1.62,25.54,-1.62
49.903,28.04,-1.68,25.54,-1.62,25.57,-1.62
49.917,28.02,-1.68,25.57,-1.62,25.59,-1.62
49.931,28.08,-1.7,25.6,-1.62,25.62,-1.62
49.946,28.08,-1.7,25.62,-1.62,25.65,-1.62
49.96,28.0,-1.7,25.65,-1.62,25.67,-1.62
49.974,27.95,-1.71,25.67,-1.62,25.7,-1.62
49.988,27.95,-1.7,25.7,-1.62,25.72,-1.62
50.002,28.16,-1.81,25.72,-1.62,25.75,-1.63
50.016,28.12,-1.74,25.75,-1.63,25.78,-1.63
50.03,27.91,-1.62,25.78,-1.63,25.8,-1.63
50.045,27.94,-1.76,25.81,-1.63,25.83,-1.63
50.059,28.08,-1.79,25.83,-1.63,25.85,-1.63
50.073,28.1,-1.7,25.85,-1.63,25.87,-1.63
50.088,27.93,-1.69,25.88,-1.63,25.9,-1.63
50.103,27.95,-1.75,25.9,-1.64,25.92,-1.64
50.117,27.93,-1.68,25.92,-1.64,25.94,-1.64
50.131,28.04,-1.7,25.95,-1.64,25.97,-1.64
50.145,28.02,-1.72,25.97,-1.64,25.99,-1.64
50.159,27.93,-1.62,25.99,-1.64,26.01,-1.64
50.174,27.96,-1.61,26.01,-1.64,26.03,-1.64
50.188,28.03,-1.71,26.04,-1.64,26.06,-1.65
50.202,27.97,-1.69,26.06,-1.65,26.08,-1.65
50.217,28.01,-1.7,26.08,-1.65,26.1,-1.65
50.231,28.07,-1.69,26.1,-1.65,26.12,-1.65
50.245,28.05,-1.67,26.13,-1.65,26.14,-1.65
50.26,28.0,-1.58,26.15,-1.65,26.17,-1.65
50.274,27.99,-1.64,26.17,-1.65,26.19,-1.65
50.288,28.02,-1.71,26.19,-1.65,26.21,-1.65
50.302,27.99,-1.71,26.21,-1.65,26.23,-1.65
50.316,28.03,-1.79,26.23,-1.65,26.25,-1.65
50.331,27.98,-1.72,26.25,-1.65,26.27,-1.65
50.345,27.96,-1.64,26.27,-1.65,26.29,-1.65
50.359,27.99,-1.66,26.29,-1.65,26.31,-1.65
50.373,28.01,-1.67,26.31,-1.65,26.33,-1.65
50.388,27.92,-1.67,26.33,-1.65,26.34,-1.65
50.402,27.98,-1.69,26.34,-1.65,26.36,-1.65
50.417,28.0,-1.66,26.36,-1.65,26.38,-1.65
50.43,27.98,-1.64,26.38,-1.65,26.39,-1.65
50.444,27.96,-1.69,26.4,-1.65,26.41,-1.65
50.459,28.0,-1.67,26.42,-1.65,26.43,-1.65
50.473,27.97,-1.65,26.43,-1.65,26.45,-1.65
50.487,28.0,-1.65,26.45,-1.65,26.47,-1.65
50.501,28.03,-1.62,26.47,-1.65,26.48,-1.65
50.516,27.99,-1.67,26.49,-1.65,26.5,-1.65
50.53,28.0,-1.72,26.5,-1.65,26.52,-1.65
50.544,28.01,-1.69,26.52,-1.65,26.54,-1.65
50.559,27.99,-1.7,26.54,-1.65,26.55,-1.65
50.573,27.98,-1.66,26.55,-1.65,26.57,-1.65
50.587,27.96,-1.66,26.57,-1.65,26.58,-1.65
50.601,27.99,-1.7,26.59,-1.65,26.6,-1.65
50.615,27.98,-1.7,26.6,-1.65,26.62,-1.65
50.629,28.0,-1.71,26.62,-1.65,26.63,-1.65
50.644,27.98,-1.79,26.63,-1.65,26.65,-1.65
50.658,27.95,-1.74,26.65,-1.65,26.66,-1.65
50.672,27.93,-1.68,26.67,-1.65,26.68,-1.65
50.686,28.01,-1.67,26.68,-1.65,26.69,-1.65
50.7,28.05,-1.7,26.7,-1.65,26.71,-1.65
50.714,28.05,-1.76,26.71,-1.65,26.73,-1.65
50.729,28.04,-1.76,26.73,-1.65,26.74,-1.65
50.743,28.0,-1.7,26.75,-1.65,26.76,-1.65
50.757,28.04,-1.66,26.76,-1.65,26.77,-1.65
50.771,28.04,-1.66,26.78,-1.65,26.79,-1.65
50.786,28.0,-1.69,26.79,-1.65,26.8,-1.66
50.801,27.96,-1.74,26.8,-1.65,26.82,-1.66
50.815,27.99,-1.72,26.82,-1.65,26.83,-1.65
50.829,28.0,-1.67,26.83,-1.65,26.84,-1.65
50.843,28.0,-1.64,26.84,-1.65,26.86,-1.65
50.857,27.96,-1.65,26.86,-1.65,26.87,-1.65
50.872,28.02,-1.67,26.87,-1.65,26.88,-1.65
50.886,28.07,-1.71,26.88,-1.65,26.9,-1.65
50.9,28.01,-1.69,26.9,-1.65,26.91,-1.65
50.914,27.98,-1.67,26.91,-1.65,26.92,-1.65
50.929,28.0,-1.66,26.92,-1.66,26.93,-1.66
50.943,28.0,-1.64,26.94,-1.66,26.95,-1.65
50.957,27.96,-1.65,26.95,-1.65,26.96,-1.65
50.971,27.93,-1.7,26.96,-1.65,26.97,-1.65
50.985,27.94,-1.68,26.98,-1.65,26.98,-1.65
50.999,28.02,-1.67,26.99,-1.65,27.0,-1.65
51.014,28.01,-1.65,27.0,-1.65,27.01,-1.65
51.028,27.97,-1.63,27.01,-1.66,27.02,-1.66
51.042,27.99,-1.67,27.02,-1.66,27.03,-1.66
51.056,28.0,-1.69,27.03,-1.66,27.04,-1.66
51.071,27.91,-1.68,27.04,-1.66,27.05,-1.66
51.085,27.9,-1.69,27.05,-1.66,27.06,-1.66
51.099,27.99,-1.7,27.06,-1.66,27.07,-1.66
51.113,28.03,-1.71,27.08,-1.66,27.09,-1.66
51.128,28.03,-1.69,27.09,-1.66,27.1,-1.66
51.142,28.01,-1.66,27.1,-1.66,27.11,-1.66
51.156,28.05,-1.68,27.11,-1.66,27.12,-1.66
51.171,28.05,-1.71,27.12,-1.66,27.13,-1.66
51.185,28.01,-1.69,27.13,-1.66,27.14,-1.66
51.199,27.95,-1.62,27.14,-1.66,27.15,-1.66
51.213,27.93,-1.62,27.15,-1.66,27.16,-1.66
51.227,27.93,-1.71,27.16,-1.66,27.17,-1.66
51.242,27.98,-1.7,27.17,-1.66,27.18,-1.66
51.256,27.97,-1.72,27.18,-1.66,27.19,-1.66
51.271,27.94,-1.68,27.19,-1.66,27.2,-1.66
51.285,27.95,-1.64,27.2,-1.66,27.21,-1.66
51.299,27.99,-1.69,27.21,-1.66,27.22,-1.66
51.313,28.02,-1.73,27.22,-1.66,27.23,-1.66
51.327,28.03,-1.71,27.23,-1.66,27.24,-1.66
51.342,28.02,-1.71,27.24,-1.66,27.25,-1.66
51.356,27.94,-1.67,27.25,-1.66,27.26,-1.66
51.37,27.87,-1.69,27.26,-1.66,27.27,-1.66
51.385,27.93,-1.74,27.27,-1.66,27.27,-1.66
51.399,28.02,-1.75,27.28,-1.66,27.28,-1.66
51.413,28.06,-1.74,27.29,-1.66,27.29,-1.66
51.427,28.08,-1.7,27.3,-1.66,27.3,-1.66
51.442,28.06,-1.71,27.31,-1.66,27.31,-1.66
51.456,27.93,-1.67,27.32,-1.66,27.32,-1.66
51.47,27.93,-1.65,27.33,-1.66,27.33,-1.66
51.484,28.0,-1.73,27.33,-1.66,27.34,-1.66
51.498,28.0,-1.76,27.34,-1.66,27.35,-1.66
51.512,28.0,-1.69,27.35,-1.66,27.36,-1.66
51.526,27.98,-1.67,27.36,-1.66,27.36,-1.66
51.542,27.99,-1.74,27.37,-1.66,27.37,-1.66
51.556,27.98,-1.71,27.38,-1.66,27.38,-1.66
51.57,27.96,-1.62,27.38,-1.66,27.39,-1.66
51.585,28.01,-1.64,27.39,-1.66,27.4,-1.66
51.599,28.04,-1.66,27.4,-1.66,27.4,-1.66
51.613,27.98,-1.7,27.41,-1.66,27.41,-1.66
51.627,27.97,-1.69,27.41,-1.66,27.42,-1.66
51.642,27.98,-1.67,27.42,-1.66,27.43,-1.66
51.656,27.93,-1.69,27.43,-1.66,27.43,-1.66
51.67,27.97,-1.69,27.44,-1.66,27.44,-1.66
51.684,28.04,-1.67,27.44,-1.66,27.45,-1.66
51.699,28.04,-1.69,27.45,-1.66,27.46,-1.66
51.713,27.95,-1.69,27.46,-1.66,27.46,-1.66
51.727,27.97,-1.68,27.46,-1.66,27.47,-1.66
51.741,28.0,-1.69,27.47,-1.65,27.48,-1.66
51.755,27.99,-1.67,27.48,-1.65,27.48,-1.65
51.769,28.08,-1.68,27.48,-1.65,27.49,-1.65
51.783,28.07,-1.68,27.49,-1.65,27.5,-1.65
51.798,28.05,-1.69,27.5,-1.65,27.51,-1.65
51.812,27.96,-1.69,27.51,-1.65,27.51,-1.65
51.826,27.94,-1.72,27.51,-1.65,27.52,-1.65
51.84,28.06,-1.72,27.52,-1.65,27.53,-1.66
51.854,28.03,-1.69,27.53,-1.66,27.53,-1.66
51.868,28.02,-1.67,27.53,-1.66,27.54,-1.66
51.882,28.03,-1.7,27.54,-1.66,27.54,-1.66
51.897,28.01,-1.71,27.54,-1.66,27.55,-1.66
51.911,27.97,-1.7,27.55,-1.66,27.55,-1.66
51.925,27.96,-1.7,27.56,-1.66,27.56,-1.66
51.94,28.03,-1.69,27.57,-1.66,27.57,-1.66
51.954,28.01,-1.69,27.57,-1.66,27.58,-1.66
51.968,28.03,-1.69,27.58,-1.66,27.58,-1.66
51.982,28.02,-1.64,27.58,-1.66,27.59,-1.66
51.996,27.97,-1.65,27.59,-1.66,27.59,-1.66
52.01,27.97,-1.65,27.6,-1.66,27.6,-1.66
52.025,27.99,-1.63,27.6,-1.66,27.61,-1.66
52.039,27.99,-1.64,27.61,-1.66,27.61,-1.66
52.054,27.98,-1.69,27.61,-1.66,27.62,-1.66
52.068,27.97,-1.74,27.62,-1.66,27.62,-1.66
52.082,27.96,-1.7,27.62,-1.66,27.63,-1.66
52.096,28.04,-1.73,27.63,-1.66,27.63,-1.66
52.11,28.06,-1.74,27.63,-1.66,27.64,-1.66
52.125,28.05,-1.69,27.64,-1.66,27.64,-1.66
52.139,28.02,-1.62,27.64,-1.66,27.65,-1.66
52.153,28.02,-1.64,27.65,-1.66,27.65,-1.66
52.167,27.99,-1.67,27.65,-1.66,27.66,-1.66
52.182,28.01,-1.67,27.66,-1.66,27.66,-1.66
52.196,28.01,-1.74,27.67,-1.66,27.67,-1.66
52.21,27.98,-1.72,27.67,-1.66,27.67,-1.66
52.224,28.0,-1.67,27.68,-1.66,27.68,-1.66
52.239,28.04,-1.67,27.68,-1.66,27.68,-1.66
52.253,28.02,-1.68,27.69,-1.66,27.69,-1.66
52.267,27.97,-1.69,27.69,-1.66,27.69,-1.66
52.281,27.99,-1.69,27.7,-1.66,27.7,-1.66
52.296,27.97,-1.66,27.7,-1.66,27.7,-1.66
52.31,28.01,-1.65,27.71,-1.66,27.71,-1.66
52.324,28.05,-1.63,27.71,-1.66,27.71,-1.66
52.338,28.02,-1.66,27.72,-1.66,27.72,-1.66
52.353,27.96,-1.68,27.72,-1.66,27.72,-1.66
52.367,27.97,-1.64,27.72,-1.66,27.73,-1.66
52.381,27.95,-1.62,27.73,-1.66,27.73,-1.66
52.395,27.96,-1.67,27.73,-1.66,27.74,-1.66
52.409,27.97,-1.76,27.74,-1.66,27.74,-1.66
52.423,28.04,-1.72,27.74,-1.66,27.74,-1.66
52.438,28.02,-1.68,27.75,-1.66,27.75,-1.66
52.452,27.99,-1.67,27.75,-1.66,27.75,-1.66
52.466,27.99,-1.71,27.76,-1.66,27.76,-1.66
52.48,28.04,-1.75,27.76,-1.66,27.76,-1.66
52.495,28.0,-1.69,27.76,-1.66,27.77,-1.66
52.509,28.01,-1.65,27.77,-1.66,27.77,-1.66
52.523,28.0,-1.69,27.77,-1.66,27.77,-1.66
52.537,28.04,-1.71,27.78,-1.66,27.78,-1.66
52.552,28.06,-1.7,27.78,-1.66,27.78,-1.66
52.566,28.04,-1.67,27.78,-1.66,27.79,-1.66
52.58,28.03,-1.69,27.79,-1.66,27.79,-1.66
52.594,27.99,-1.64,27.79,-1.66,27.8,-1.66
52.608,27.99,-1.62,27.8,-1.66,27.8,-1.66
52.622,27.99,-1.65,27.8,-1.66,27.8,-1.66
52.636,27.97,-1.64,27.8,-1.66,27.81,-1.66
52.65,28.01,-1.66,27.81,-1.66,27.81,-1.66
52.665,28.03,-1.67,27.81,-1.66,27.81,-1.66
52.679,27.96,-1.65,27.81,-1.66,27.82,-1.66
52.693,27.94,-1.64,27.82,-1.66,27.82,-1.66
52.708,27.97,-1.64,27.82,-1.66,27.82,-1.66
52.722,28.03,-1.7,27.83,-1.66,27.83,-1.66
52.736,28.05,-1.74,27.83,-1.66,27.83,-1.66
52.75,28.03,-1.7,27.84,-1.66,27.84,-1.66
52.764,28.01,-1.69,27.84,-1.66,27.84,-1.66
52.778,27.98,-1.63,27.84,-1.66,27.85,-1.66
52.793,27.99,-1.67,27.85,-1.66,27.85,-1.66
52.807,28.0,-1.73,27.85,-1.66,27.85,-1.66
52.821,28.02,-1.72,27.85,-1.66,27.86,-1.67
52.836,28.01,-1.72,27.86,-1.67,27.86,-1.67
52.85,28.01,-1.66,27.86,-1.67,27.86,-1.67
52.864,27.99,-1.66,27.86,-1.67,27.86,-1.67
52.878,27.98,-1.74,27.86,-1.67,27.87,-1.67
52.892,28.01,-1.76,27.87,-1.67,27.87,-1.67
52.907,27.98,-1.68,27.87,-1.67,27.87,-1.67
52.921,27.95,-1.7,27.87,-1.67,27.88,-1.67
52.935,27.99,-1.74,27.88,-1.67,27.88,-1.67
52.949,28.05,-1.76,27.88,-1.67,27.88,-1.67
52.963,28.07,-1.73,27.88,-1.67,27.89,-1.67
52.978,28.02,-1.73,27.89,-1.67,27.89,-1.67
52.992,27.97,-1.71,27.89,-1.67,27.89,-1.67
53.006,27.95,-1.66,27.89,-1.67,27.89,-1.67
53.02,27.99,-1.64,27.9,-1.67,27.9,-1.67
53.034,28.02,-1.65,27.9,-1.67,27.9,-1.67
53.049,28.02,-1.74,27.9,-1.67,27.9,-1.67
53.063,28.03,-1.74,27.91,-1.67,27.91,-1.67
53.078,28.0,-1.71,27.91,-1.67,27.91,-1.67
53.092,27.96,-1.73,27.91,-1.67,27.91,-1.67
53.106,28.0,-1.72,27.91,-1.67,27.92,-1.68
53.12,27.98,-1.73,27.92,-1.68,27.92,-1.68
53.135,27.96,-1.74,27.92,-1.68,27.92,-1.68
53.149,28.01,-1.71,27.92,-1.68,27.92,-1.68
53.165,28.01,-1.68,27.93,-1.68,27.93,-1.68
53.179,28.0,-1.69,27.93,-1.68,27.93,-1.68
53.193,28.04,-1.76,27.93,-1.68,27.93,-1.68
53.207,28.04,-1.74,27.93,-1.68,27.93,-1.68
53.222,28.02,-1.72,27.94,-1.68,27.94,-1.68
53.236,27.97,-1.71,27.94,-1.68,27.94,-1.68
53.25,27.93,-1.7,27.94,-1.68,27.94,-1.68
53.265,27.91,-1.64,27.94,-1.68,27.94,-1.68
53.279,27.93,-1.66,27.94,-1.68,27.94,-1.68
53.293,28.01,-1.67,27.94,-1.68,27.95,-1.68
53.307,28.01,-1.67,27.95,-1.68,27.95,-1.68
53.322,27.99,-1.75,27.95,-1.68,27.95,-1.68
53.336,27.99,-1.74,27.95,-1.68,27.95,-1.68
53.35,28.01,-1.72,27.95,-1.68,27.95,-1.68
53.365,28.05,-1.67,27.95,-1.68,27.96,-1.68
53.379,28.02,-1.69,27.96,-1.68,27.96,-1.68
53.394,27.98,-1.67,27.96,-1.68,27.96,-1.68
53.408,28.0,-1.74,27.96,-1.68,27.96,-1.68
53.422,28.04,-1.7,27.96,-1.68,27.96,-1.68
53.436,28.05,-1.69,27.97,-1.68,27.97,-1.68
53.45,27.98,-1.7,27.97,-1.68,27.97,-1.68
53.465,27.94,-1.69,27.97,-1.68,27.97,-1.68
53.479,27.95,-1.71,27.97,-1.68,27.97,-1.68
53.493,27.97,-1.72,27.97,-1.68,27.97,-1.68
53.507,28.0,-1.68,27.98,-1.68,27.98,-1.68
53.522,27.97,-1.67,27.98,-1.68,27.98,-1.68
53.536,27.97,-1.67,27.98,-1.68,27.98,-1.68
53.55,28.01,-1.67,27.98,-1.68,27.98,-1.68
53.565,28.04,-1.66,27.98,-1.68,27.98,-1.68
53.579,27.98,-1.74,27.99,-1.68,27.99,-1.68
53.593,28.0,-1.76,27.99,-1.68,27.99,-1.68
53.608,28.01,-1.73,27.99,-1.68,27.99,-1.68
53.622,27.93,-1.69,27.99,-1.68,27.99,-1.68
53.636,27.93,-1.69,27.99,-1.68,27.99,-1.68
53.65,27.94,-1.72,27.99,-1.68,27.99,-1.68
53.664,27.97,-1.72,27.99,-1.68,27.99,-1.68
53.678,27.96,-1.66,27.99,-1.68,27.99,-1.68
53.693,27.99,-1.67,28.0,-1.68,28.0,-1.68
53.707,28.03,-1.69,28.0,-1.68,28.0,-1.68
53.721,28.02,-1.71,28.0,-1.68,28.0,-1.68
53.736,27.98,-1.7,28.0,-1.68,28.0,-1.68
53.75,28.0,-1.72,28.01,-1.68,28.01,-1.68
53.764,27.97,-1.7,28.01,-1.68,28.01,-1.68
53.778,28.01,-1.68,28.01,-1.68,28.01,-1.68
53.792,27.98,-1.69,28.01,-1.68,28.01,-1.68
53.807,27.97,-1.67,28.01,-1.68,28.01,-1.68
53.821,27.97,-1.67,28.01,-1.68,28.01,-1.68
53.835,27.99,-1.67,28.01,-1.68,28.01,-1.68
53.849,27.98,-1.73,28.02,-1.68,28.02,-1.68
53.864,27.97,-1.71,28.02,-1.68,28.02,-1.68
53.878,27.99,-1.69,28.02,-1.68,28.02,-1.68
53.892,27.96,-1.66,28.02,-1.68,28.02,-1.68
53.906,27.94,-1.69,28.02,-1.68,28.02,-1.68
53.921,27.94,-1.71,28.02,-1.69,28.02,-1.69
53.935,27.98,-1.72,28.02,-1.69,28.02,-1.69
53.949,27.96,-1.69,28.02,-1.69,28.02,-1.69
53.963,27.95,-1.64,28.02,-1.69,28.02,-1.69
53.977,28.0,-1.65,28.03,-1.69,28.03,-1.69
53.992,28.04,-1.7,28.03,-1.69,28.03,-1.69
54.006,28.0,-1.73,28.03,-1.69,28.03,-1.69
54.02,27.95,-1.7,28.03,-1.69,28.03,-1.69
54.034,28.01,-1.72,28.03,-1.69,28.03,-1.69
54.049,28.07,-1.71,28.03,-1.69,28.03,-1.69
54.063,28.08,-1.7,28.04,-1.69,28.04,-1.69
54.077,28.1,-1.75,28.04,-1.69,28.04,-1.69
54.091,28.06,-1.77,28.04,-1.69,28.04,-1.69
54.105,28.0,-1.72,28.04,-1.69,28.04,-1.69
54.119,27.99,-1.7,28.05,-1.69,28.05,-1.69
54.134,28.07,-1.7,28.05,-1.69,28.05,-1.69
54.148,28.07,-1.72,28.05,-1.69,28.05,-1.69
54.164,27.95,-1.64,28.05,-1.69,28.05,-1.69
54.178,27.91,-1.6,28.05,-1.69,28.05,-1.69
54.192,27.98,-1.65,28.05,-1.69,28.05,-1.69
54.207,28.02,-1.68,28.05,-1.69,28.05,-1.69
54.221,28.07,-1.68,28.06,-1.69,28.06,-1.69
54.236,28.05,-1.68,28.06,-1.69,28.06,-1.69
54.251,28.02,-1.7,28.06,-1.69,28.06,-1.69
54.265,27.95,-1.68,28.06,-1.69,28.06,-1.69
54.279,27.96,-1.69,28.06,-1.69,28.06,-1.69
54.293,27.95,-1.73,28.07,-1.69,28.06,-1.69
54.307,27.96,-1.76,28.07,-1.69,28.07,-1.69
54.321,28.03,-1.7,28.07,-1.69,28.07,-1.69
54.335,28.02,-1.69,28.07,-1.69,28.07,-1.69
54.35,27.96,-1.69,28.07,-1.69,28.07,-1.69
54.364,27.97,-1.64,28.07,-1.69,28.07,-1.69
54.378,28.0,-1.65,28.07,-1.69,28.07,-1.69
54.393,28.04,-1.72,28.07,-1.69,28.07,-1.69
54.407,28.04,-1.7,28.07,-1.69,28.07,-1.69
54.421,27.98,-1.7,28.08,-1.69,28.07,-1.69
54.435,27.98,-1.68,28.08,-1.69,28.08,-1.69
54.45,28.01,-1.75,28.08,-1.69,28.08,-1.69
54.464,28.01,-1.76,28.08,-1.69,28.08,-1.69
54.478,28.03,-1.74,28.08,-1.69,28.08,-1.69
54.493,28.03,-1.72,28.08,-1.69,28.08,-1.69
54.507,28.0,-1.67,28.08,-1.69,28.08,-1.69
54.521,27.97,-1.62,28.08,-1.69,28.08,-1.69
54.535,28.01,-1.69,28.08,-1.69,28.08,-1.69
54.549,28.01,-1.74,28.08,-1.69,28.08,-1.69
54.564,28.01,-1.69,28.09,-1.69,28.08,-1.69
54.578,28.03,-1.67,28.09,-1.69,28.09,-1.69
54.592,28.03,-1.69,28.09,-1.69,28.09,-1.69
54.607,27.99,-1.68,28.09,-1.69,28.09,-1.69
54.621,28.01,-1.71,28.09,-1.69,28.09,-1.69
54.635,28.03,-1.69,28.09,-1.69,28.09,-1.69
54.649,28.07,-1.68,28.09,-1.69,28.09,-1.69
54.664,28.03,-1.73,28.09,-1.69,28.09,-1.69
54.678,27.97,-1.75,28.1,-1.69,28.09,-1.69
54.692,27.97,-1.74,28.1,-1.69,28.1,-1.69
54.706,27.99,-1.69,28.1,-1.69,28.1,-1.69
54.72,27.96,-1.68,28.1,-1.69,28.1,-1.69
54.735,27.95,-1.69,28.1,-1.69,28.1,-1.69
54.749,28.0,-1.71,28.1,-1.69,28.1,-1.69
54.763,28.03,-1.7,28.1,-1.69,28.1,-1.69
54.778,28.04,-1.7,28.1,-1.69,28.1,-1.69
54.792,28.02,-1.69,28.1,-1.69,28.1,-1.69
54.806,27.98,-1.66,28.1,-1.69,28.1,-1.69
54.82,27.97,-1.69,28.1,-1.69,28.1,-1.69
54.834,27.97,-1.68,28.1,-1.69,28.1,-1.69
54.848,28.08,-1.67,28.1,-1.69,28.1,-1.69
54.863,28.06,-1.74,28.1,-1.69,28.1,-1.69
54.877,27.93,-1.66,28.11,-1.69,28.1,-1.69
54.891,27.97,-1.62,28.11,-1.69,28.1,-1.69
54.905,28.0,-1.66,28.11,-1.69,28.1,-1.69
54.919,27.99,-1.64,28.11,-1.69,28.11,-1.69
54.934,27.99,-1.69,28.11,-1.68,28.11,-1.68
54.948,27.98,-1.71,28.11,-1.69,28.11,-1.69
54.962,27.97,-1.7,28.11,-1.69,28.11,-1.69
54.977,27.98,-1.72,28.11,-1.69,28.11,-1.69
54.991,27.98,-1.76,28.11,-1.69,28.11,-1.69
55.005,28.03,-1.69,28.11,-1.69,28.11,-1.69
55.019,28.06,-1.69,28.11,-1.69,28.11,-1.69
55.034,27.97,-1.7,28.12,-1.69,28.12,-1.69
55.048,27.94,-1.74,28.12,-1.69,28.12,-1.69
55.062,27.93,-1.74,28.12,-1.69,28.11,-1.69
55.076,27.94,-1.72,28.12,-1.69,28.11,-1.69
55.091,27.95,-1.69,28.12,-1.69,28.11,-1.69
55.105,28.05,-1.63,28.12,-1.69,28.12,-1.69
55.119,28.08,-1.63,28.12,-1.69,28.12,-1.69
55.133,28.03,-1.73,28.12,-1.69,28.12,-1.69
55.147,28.04,-1.75,28.12,-1.69,28.12,-1.69
55.161,28.04,-1.66,28.12,-1.69,28.12,-1.69
55.176,28.0,-1.62,28.12,-1.69,28.12,-1.69
55.19,27.96,-1.62,28.12,-1.69,28.12,-1.69
55.204,27.99,-1.65,28.12,-1.69,28.12,-1.69
55.218,28.01,-1.69,28.12,-1.69,28.12,-1.69
55.232,28.01,-1.65,28.12,-1.69,28.12,-1.69
55.247,27.99,-1.67,28.12,-1.69,28.12,-1.69
55.261,28.06,-1.69,28.12,-1.69,28.12,-1.69
55.275,28.02,-1.7,28.13,-1.69,28.12,-1.69
55.29,27.96,-1.74,28.13,-1.69,28.13,-1.69
55.304,27.92,-1.67,28.13,-1.69,28.13,-1.69
55.318,27.91,-1.6,28.13,-1.69,28.13,-1.69
55.332,27.98,-1.68,28.13,-1.69,28.13,-1.69
55.347,27.98,-1.73,28.13,-1.69,28.13,-1.69
55.361,27.97,-1.72,28.13,-1.69,28.13,-1.69
55.375,28.01,-1.75,28.13,-1.69,28.13,-1.69
55.389,27.98,-1.7,28.13,-1.69,28.13,-1.69
55.404,27.97,-1.68,28.13,-1.69,28.13,-1.69
55.418,28.0,-1.69,28.13,-1.69,28.13,-1.69
55.432,28.02,-1.67,28.13,-1.69,28.13,-1.69
55.446,28.03,-1.67,28.13,-1.69,28.13,-1.69
55.461,27.99,-1.72,28.13,-1.69,28.13,-1.69
55.475,27.97,-1.73,28.13,-1.69,28.13,-1.69
55.489,28.06,-1.68,28.13,-1.69,28.13,-1.69
55.503,28.09,-1.67,28.13,-1.69,28.13,-1.69
55.518,27.96,-1.67,28.13,-1.69,28.13,-1.69
55.532,27.94,-1.66,28.13,-1.69,28.13,-1.69
55.546,27.97,-1.67,28.13,-1.69,28.13,-1.69
55.56,28.01,-1.7,28.13,-1.69,28.13,-1.69
55.576,28.01,-1.71,28.13,-1.69,28.13,-1.69
55.59,27.99,-1.69,28.13,-1.69,28.13,-1.69
55.604,27.97,-1.67,28.14,-1.69,28.13,-1.69
55.619,27.96,-1.68,28.14,-1.69,28.13,-1.69
55.633,27.97,-1.68,28.14,-1.69,28.14,-1.69
55.647,27.94,-1.76,28.14,-1.69,28.14,-1.69
55.662,27.98,-1.73,28.14,-1.69,28.14,-1.69
55.676,27.97,-1.67,28.14,-1.69,28.14,-1.69
55.69,27.94,-1.66,28.14,-1.69,28.14,-1.69
55.704,27.93,-1.69,28.14,-1.69,28.14,-1.69
55.718,27.96,-1.72,28.14,-1.69,28.14,-1.69
55.732,27.98,-1.71,28.14,-1.69,28.13,-1.69
55.747,28.01,-1.62,28.14,-1.69,28.14,-1.69
55.761,28.02,-1.6,28.14,-1.69,28.14,-1.69
55.775,28.02,-1.73,28.14,-1.69,28.14,-1.69
55.789,27.96,-1.68,28.14,-1.69,28.14,-1.69
55.803,27.96,-1.63,28.14,-1.69,28.14,-1.69
55.818,28.02,-1.71,28.14,-1.69,28.14,-1.69
55.832,28.02,-1.73,28.14,-1.69,28.14,-1.69
55.846,28.0,-1.72,28.14,-1.69,28.14,-1.69
55.86,27.96,-1.69,28.14,-1.69,28.14,-1.69
55.874,27.92,-1.67,28.14,-1.69,28.14,-1.69
55.889,27.95,-1.64,28.14,-1.69,28.14,-1.69
55.903,27.97,-1.71,28.14,-1.69,28.14,-1.69
55.917,28.0,-1.72,28.14,-1.69,28.14,-1.69
55.931,27.99,-1.69,28.14,-1.69,28.14,-1.69
55.946,28.03,-1.67,28.14,-1.69,28.14,-1.69
55.96,28.06,-1.73,28.14,-1.69,28.14,-1.69
55.974,27.97,-1.66,28.15,-1.69,28.14,-1.69
55.988,27.98,-1.67,28.15,-1.69,28.14,-1.69
56.002,28.06,-1.75,28.15,-1.69,28.15,-1.69
56.016,28.05,-1.74,28.15,-1.69,28.15,-1.69
56.031,28.02,-1.69,28.15,-1.69,28.15,-1.69
56.045,27.93,-1.64,28.15,-1.69,28.14,-1.69
56.059,27.98,-1.61,28.15,-1.69,28.14,-1.69
56.073,27.96,-1.69,28.15,-1.69,28.14,-1.69
56.088,27.96,-1.73,28.15,-1.69,28.14,-1.69
56.102,27.97,-1.66,28.15,-1.69,28.14,-1.69
56.116,28.02,-1.69,28.15,-1.69,28.15,-1.69
56.13,27.94,-1.74,28.15,-1.69,28.15,-1.69
56.144,27.87,-1.73,28.15,-1.69,28.15,-1.69
56.159,27.91,-1.73,28.15,-1.69,28.14,-1.69
56.173,28.04,-1.75,28.15,-1.69,28.15,-1.69
56.187,28.0,-1.71,28.15,-1.69,28.15,-1.69
56.201,27.96,-1.61,28.15,-1.69,28.15,-1.69
56.216,28.03,-1.63,28.15,-1.69,28.15,-1.69
56.23,28.02,-1.69,28.15,-1.69,28.15,-1.69
56.244,27.95,-1.72,28.15,-1.69,28.15,-1.69
56.258,27.96,-1.71,28.15,-1.69,28.15,-1.69
56.273,28.03,-1.69,28.15,-1.69,28.15,-1.69
56.287,28.03,-1.66,28.15,-1.69,28.15,-1.69
56.301,27.99,-1.67,28.15,-1.69,28.15,-1.69
56.315,27.97,-1.69,28.15,-1.69,28.15,-1.69
56.33,28.01,-1.71,28.15,-1.69,28.15,-1.69
56.344,28.03,-1.71,28.15,-1.69,28.15,-1.69
56.358,27.96,-1.65,28.15,-1.69,28.15,-1.69
56.372,27.93,-1.64,28.15,-1.69,28.15,-1.69
56.387,27.96,-1.69,28.15,-1.69,28.15,-1.69
56.401,28.03,-1.72,28.15,-1.69,28.15,-1.69
56.415,27.98,-1.72,28.15,-1.69,28.15,-1.69
56.429,27.91,-1.69,28.15,-1.69,28.15,-1.69
56.443,27.95,-1.73,28.15,-1.69,28.15,-1.69
56.457,28.04,-1.77,28.15,-1.69,28.15,-1.69
56.472,28.0,-1.74,28.15,-1.69,28.15,-1.69
56.486,27.98,-1.67,28.15,-1.69,28.15,-1.69
56.5,28.02,-1.66,28.15,-1.69,28.15,-1.69
56.514,28.06,-1.69,28.16,-1.69,28.16,-1.69
56.529,27.98,-1.7,28.16,-1.69,28.16,-1.69
56.543,27.96,-1.7,28.16,-1.69,28.16,-1.69
56.557,27.99,-1.76,28.16,-1.69,28.16,-1.69
56.571,27.97,-1.76,28.16,-1.69,28.16,-1.69
56.586,27.94,-1.67,28.16,-1.69,28.16,-1.69
56.601,27.99,-1.64,28.16,-1.69,28.16,-1.69
56.615,28.08,-1.68,28.16,-1.69,28.16,-1.69
56.629,28.03,-1.7,28.16,-1.69,28.16,-1.69
56.644,28.0,-1.66,28.16,-1.69,28.16,-1.69
56.658,28.01,-1.66,28.16,-1.69,28.16,-1.69
56.672,27.99,-1.65,28.16,-1.69,28.16,-1.69
56.687,28.0,-1.65,28.16,-1.69,28.16,-1.69
56.701,28.01,-1.67,28.16,-1.69,28.16,-1.69
56.715,28.0,-1.7,28.16,-1.69,28.16,-1.69
56.729,28.03,-1.72,28.16,-1.69,28.16,-1.69
56.744,27.97,-1.73,28.16,-1.69,28.16,-1.69
56.758,27.95,-1.71,28.16,-1.69,28.16,-1.69
56.772,27.98,-1.73,28.16,-1.69,28.16,-1.69
56.786,28.01,-1.69,28.16,-1.69,28.16,-1.69
56.801,28.04,-1.66,28.16,-1.69,28.16,-1.69
56.815,28.05,-1.69,28.16,-1.69,28.16,-1.69
56.829,28.0,-1.74,28.16,-1.69,28.16,-1.69
56.843,27.97,-1.76,28.16,-1.69,28.16,-1.69
56.857,28.0,-1.69,28.16,-1.69,28.16,-1.69
56.871,28.04,-1.67,28.16,-1.69,28.16,-1.69
56.886,28.03,-1.63,28.16,-1.69,28.16,-1.69
56.9,28.02,-1.65,28.16,-1.69,28.16,-1.69
56.914,28.01,-1.71,28.16,-1.69,28.16,-1.69
56.928,28.02,-1.7,28.16,-1.69,28.16,-1.69
56.943,27.93,-1.64,28.16,-1.69,28.16,-1.69
56.957,27.96,-1.71,28.16,-1.69,28.16,-1.69
56.971,28.03,-1.65,28.16,-1.69,28.16,-1.69
56.986,27.99,-1.69,28.16,-1.69,28.16,-1.69
57.0,28.0,-1.75,28.16,-1.69,28.16,-1.69
57.014,28.06,-1.78,28.17,-1.69,28.16,-1.69
57.028,27.97,-1.76,28.17,-1.69,28.16,-1.69
57.042,27.97,-1.67,28.17,-1.69,28.16,-1.69
57.056,27.99,-1.67,28.17,-1.69,28.17,-1.69
57.071,27.99,-1.69,28.17,-1.69,28.17,-1.69
57.085,27.99,-1.71,28.17,-1.69,28.17,-1.69
57.099,27.97,-1.67,28.17,-1.69,28.17,-1.69
57.114,27.97,-1.68,28.17,-1.69,28.17,-1.69
57.128,28.0,-1.7,28.17,-1.69,28.17,-1.69
57.142,28.02,-1.63,28.17,-1.69,28.17,-1.69
57.156,28.05,-1.64,28.17,-1.69,28.17,-1.69
57.17,28.02,-1.71,28.17,-1.69,28.17,-1.69
57.184,27.97,-1.7,28.17,-1.69,28.17,-1.69
57.199,28.03,-1.72,28.17,-1.69,28.17,-1.69
57.213,28.04,-1.73,28.17,-1.69,28.17,-1.69
57.227,28.02,-1.73,28.17,-1.69,28.17,-1.69
57.241,27.95,-1.66,28.17,-1.69,28.17,-1.69
57.255,28.02,-1.67,28.17,-1.69,28.17,-1.69
57.269,27.98,-1.65,28.17,-1.69,28.17,-1.69
57.284,27.95,-1.69,28.17,-1.69,28.17,-1.69
57.298,28.01,-1.68,28.17,-1.69,28.17,-1.69
57.312,28.02,-1.68,28.17,-1.69,28.17,-1.69
57.326,28.03,-1.69,28.17,-1.69,28.17,-1.69
57.34,28.04,-1.74,28.17,-1.69,28.17,-1.69
57.354,28.01,-1.74,28.17,-1.69,28.17,-1.69
57.369,27.97,-1.71,28.17,-1.69,28.17,-1.69
57.383,27.99,-1.72,28.17,-1.69,28.17,-1.69
57.397,28.02,-1.71,28.18,-1.69,28.17,-1.69
57.411,28.02,-1.73,28.18,-1.69,28.17,-1.69
57.425,28.01,-1.69,28.18,-1.69,28.17,-1.69
57.439,27.95,-1.68,28.18,-1.69,28.17,-1.69
57.453,27.94,-1.71,28.18,-1.69,28.17,-1.69
57.468,28.05,-1.72,28.17,-1.69,28.17,-1.69
57.482,28.07,-1.71,28.18,-1.69,28.17,-1.69
57.496,27.97,-1.7,28.18,-1.69,28.17,-1.69
57.51,27.95,-1.7,28.18,-1.69,28.17,-1.69
57.524,28.01,-1.71,28.17,-1.69,28.17,-1.69
57.539,28.02,-1.69,28.18,-1.69,28.17,-1.69
57.553,28.01,-1.66,28.18,-1.69,28.17,-1.69
57.567,27.98,-1.66,28.18,-1.69,28.17,-1.69
57.581,27.97,-1.71,28.18,-1.69,28.17,-1.69
57.595,28.02,-1.76,28.18,-1.69,28.18,-1.69
57.61,28.0,-1.75,28.18,-1.69,28.18,-1.69
57.624,27.97,-1.71,28.18,-1.69,28.18,-1.69
57.638,28.01,-1.67,28.18,-1.69,28.18,-1.69
57.653,28.02,-1.71,28.18,-1.69,28.18,-1.69
57.667,27.99,-1.74,28.18,-1.69,28.18,-1.69
57.681,27.97,-1.7,28.18,-1.69,28.18,-1.69
57.695,27.96,-1.6,28.18,-1.69,28.17,-1.69
57.71,27.96,-1.64,28.18,-1.69,28.17,-1.69
57.724,27.97,-1.7,28.18,-1.69,28.17,-1.69
57.738,27.99,-1.69,28.18,-1.69,28.17,-1.69
57.752,27.99,-1.7,28.18,-1.69,28.17,-1.69
57.766,28.01,-1.69,28.18,-1.69,28.17,-1.69
57.781,28.03,-1.67,28.18,-1.69,28.17,-1.69
57.795,28.03,-1.67,28.18,-1.69,28.18,-1.69
57.809,27.99,-1.67,28.18,-1.69,28.18,-1.69
57.824,27.97,-1.7,28.18,-1.69,28.17,-1.69
57.838,27.96,-1.71,28.18,-1.69,28.17,-1.69
57.852,27.93,-1.69,28.18,-1.69,28.17,-1.69
57.866,27.94,-1.7,28.17,-1.69,28.17,-1.69
57.88,27.99,-1.72,28.17,-1.69,28.17,-1.69
57.895,27.99,-1.72,28.18,-1.69,28.17,-1.69
57.909,27.99,-1.72,28.18,-1.69,28.17,-1.69
57.923,28.01,-1.69,28.18,-1.69,28.17,-1.69
57.938,27.98,-1.66,28.18,-1.69,28.17,-1.69
57.952,27.93,-1.73,28.18,-1.69,28.17,-1.69
57.966,27.95,-1.74,28.18,-1.69,28.17,-1.69
57.98,28.05,-1.69,28.18,-1.69,28.17,-1.69
57.995,28.01,-1.7,28.18,-1.69,28.17,-1.69
58.009,27.96,-1.68,28.18,-1.69,28.17,-1.69
58.023,27.96,-1.67,28.18,-1.69,28.17,-1.69
58.037,27.98,-1.69,28.18,-1.69,28.18,-1.69
58.051,28.02,-1.67,28.18,-1.69,28.18,-1.69
58.066,28.03,-1.65,28.18,-1.69,28.18,-1.69
58.08,27.96,-1.62,28.18,-1.69,28.18,-1.69
58.094,28.0,-1.66,28.18,-1.69,28.18,-1.69
58.108,28.01,-1.71,28.18,-1.69,28.18,-1.69
58.122,27.99,-1.69,28.18,-1.69,28.18,-1.69
58.136,27.97,-1.71,28.18,-1.69,28.18,-1.69
58.151,28.05,-1.69,28.18,-1.69,28.18,-1.69
58.165,28.05,-1.69,28.18,-1.69,28.18,-1.69
58.179,28.0,-1.64,28.18,-1.69,28.18,-1.69
58.193,27.98,-1.62,28.18,-1.69,28.18,-1.69
58.207,27.94,-1.69,28.18,-1.69,28.18,-1.69
58.221,27.96,-1.72,28.18,-1.69,28.18,-1.69
58.235,27.98,-1.72,28.18,-1.69,28.18,-1.69
58.25,27.97,-1.73,28.18,-1.69,28.18,-1.69
58.264,27.97,-1.75,28.18,-1.69,28.18,-1.69
58.278,27.99,-1.73,28.18,-1.7,28.18,-1.7
58.292,27.94,-1.71,28.18,-1.7,28.18,-1.7
58.306,27.92,-1.69,28.18,-1.7,28.18,-1.7
58.32,27.96,-1.67,28.18,-1.7,28.18,-1.7
58.335,27.97,-1.65,28.18,-1.7,28.17,-1.7
58.35,27.98,-1.66,28.18,-1.7,28.18,-1.7
58.364,27.99,-1.69,28.18,-1.7,28.18,-1.7
58.378,27.98,-1.73,28.18,-1.7,28.18,-1.7
58.393,27.97,-1.74,28.18,-1.7,28.18,-1.7
58.407,27.97,-1.72,28.18,-1.7,28.18,-1.7
58.421,27.97,-1.73,28.18,-1.7,28.18,-1.7
58.436,28.01,-1.73,28.18,-1.7,28.18,-1.7
58.451,28.03,-1.75,28.18,-1.7,28.18,-1.7
58.466,28.01,-1.74,28.18,-1.7,28.18,-1.7
58.48,28.0,-1.71,28.18,-1.7,28.18,-1.7
58.494,27.96,-1.69,28.18,-1.7,28.18,-1.7
58.509,27.96,-1.7,28.18,-1.7,28.18,-1.7
58.523,28.04,-1.72,28.18,-1.7,28.18,-1.7
58.537,27.99,-1.72,28.18,-1.7,28.18,-1.7
58.551,27.99,-1.73,28.18,-1.7,28.18,-1.7
58.566,28.03,-1.75,28.18,-1.7,28.18,-1.7
58.58,28.03,-1.71,28.18,-1.7,28.18,-1.7
58.595,27.98,-1.62,28.18,-1.7,28.18,-1.7
58.609,27.99,-1.69,28.18,-1.7,28.18,-1.7
58.623,28.03,-1.68,28.18,-1.7,28.18,-1.7
58.637,28.02,-1.69,28.18,-1.7,28.18,-1.7
58.651,27.94,-1.73,28.18,-1.7,28.18,-1.7
58.666,27.93,-1.72,28.18,-1.7,28.18,-1.7
58.68,27.95,-1.72,28.18,-1.7,28.18,-1.7
58.694,28.01,-1.69,28.18,-1.7,28.18,-1.7
58.709,28.0,-1.67,28.18,-1.7,28.18,-1.7
58.723,27.93,-1.71,28.18,-1.7,28.18,-1.7
58.737,27.92,-1.73,28.18,-1.7,28.18,-1.7
58.752,27.95,-1.73,28.18,-1.7,28.18,-1.7
58.766,27.99,-1.74,28.18,-1.7,28.18,-1.7
58.78,28.02,-1.67,28.18,-1.7,28.18,-1.7
58.794,28.0,-1.64,28.18,-1.7,28.18,-1.7
58.809,27.96,-1.63,28.18,-1.7,28.18,-1.7
58.823,27.95,-1.67,28.19,-1.7,28.18,-1.7
58.837,27.95,-1.71,28.18,-1.7,28.18,-1.7
58.851,28.03,-1.69,28.18,-1.7,28.18,-1.7
58.865,28.01,-1.72,28.18,-1.7,28.18,-1.7
58.879,27.97,-1.7,28.18,-1.7,28.18,-1.7
58.893,27.95,-1.69,28.18,-1.7,28.18,-1.7
58.908,27.92,-1.74,28.18,-1.7,28.18,-1.7
58.922,27.92,-1.76,28.18,-1.7,28.18,-1.7
58.936,27.94,-1.71,28.18,-1.7,28.18,-1.7
58.95,28.0,-1.7,28.18,-1.7,28.18,-1.7
58.965,28.03,-1.69,28.18,-1.7,28.18,-1.7
58.979,27.96,-1.69,28.18,-1.7,28.18,-1.7
58.993,27.93,-1.71,28.18,-1.7,28.18,-1.7
59.007,27.95,-1.69,28.18,-1.7,28.18,-1.7
59.022,28.05,-1.69,28.18,-1.7,28.18,-1.7
59.036,28.02,-1.72,28.18,-1.7,28.18,-1.7
59.05,28.01,-1.68,28.18,-1.7,28.18,-1.7
59.064,27.97,-1.65,28.18,-1.7,28.18,-1.7
59.078,27.98,-1.64,28.18,-1.7,28.18,-1.7
59.092,28.01,-1.66,28.18,-1.7,28.18,-1.7
59.107,28.0,-1.72,28.18,-1.7,28.18,-1.7
59.121,28.02,-1.69,28.18,-1.7,28.18,-1.7
59.135,28.04,-1.66,28.18,-1.7,28.18,-1.7
59.149,28.01,-1.66,28.18,-1.7,28.18,-1.7
59.164,28.06,-1.67,28.18,-1.7,28.18,-1.7
59.178,28.07,-1.71,28.18,-1.7,28.18,-1.7
59.193,28.04,-1.72,28.18,-1.7,28.18,-1.7
59.207,28.01,-1.69,28.18,-1.7,28.18,-1.7
59.221,27.99,-1.71,28.18,-1.7,28.18,-1.7
59.235,27.91,-1.68,28.18,-1.7,28.18,-1.7
59.249,27.9,-1.65,28.18,-1.7,28.18,-1.7
59.264,27.91,-1.67,28.18,-1.7,28.18,-1.7
59.278,28.0,-1.77,28.18,-1.69,28.18,-1.7
59.292,27.99,-1.78,28.18,-1.7,28.18,-1.7
59.306,27.94,-1.71,28.18,-1.7,28.18,-1.7
59.323,27.99,-1.67,28.18,-1.7,28.18,-1.7
59.337,28.0,-1.67,28.18,-1.7,28.18,-1.7
59.351,27.95,-1.68,28.18,-1.69,28.18,-1.69
59.365,27.99,-1.71,28.18,-1.69,28.18,-1.69
59.379,27.99,-1.71,28.18,-1.69,28.18,-1.69
59.394,28.0,-1.72,28.18,-1.69,28.18,-1.69
59.408,28.01,-1.69,28.18,-1.69,28.18,-1.69
59.422,27.97,-1.64,28.18,-1.69,28.18,-1.69
59.436,27.95,-1.65,28.18,-1.69,28.17,-1.69
59.45,27.97,-1.69,28.18,-1.69,28.17,-1.69
59.464,27.99,-1.74,28.18,-1.69,28.17,-1.69
59.479,28.01,-1.71,28.18,-1.69,28.17,-1.69
59.493,28.02,-1.71,28.18,-1.69,28.18,-1.69
59.507,27.99,-1.69,28.18,-1.69,28.18,-1.69
59.523,27.98,-1.65,28.18,-1.69,28.18,-1.69
59.537,28.0,-1.66,28.18,-1.69,28.18,-1.69
59.551,28.0,-1.67,28.18,-1.69,28.18,-1.69
59.566,28.04,-1.69,28.18,-1.69,28.18,-1.69
59.58,27.99,-1.7,28.18,-1.69,28.18,-1.69
59.594,27.97,-1.66,28.18,-1.69,28.18,-1.69
59.608,28.04,-1.67,28.18,-1.69,28.18,-1.69
59.622,28.03,-1.71,28.18,-1.69,28.18,-1.69
59.636,27.98,-1.71,28.18,-1.69,28.18,-1.69
59.65,27.99,-1.64,28.18,-1.7,28.18,-1.7
59.665,27.96,-1.6,28.18,-1.7,28.18,-1.69
59.679,27.96,-1.6,28.18,-1.69,28.18,-1.69
59.693,28.02,-1.66,28.18,-1.69,28.18,-1.69
59.707,28.0,-1.69,28.18,-1.69,28.18,-1.69
59.721,27.98,-1.75,28.18,-1.69,28.18,-1.69
59.735,28.0,-1.71,28.18,-1.69,28.18,-1.69
59.75,28.1,-1.67,28.18,-1.69,28.18,-1.69
59.764,28.03,-1.69,28.18,-1.69,28.18,-1.69
59.778,27.98,-1.69,28.18,-1.69,28.18,-1.69
59.792,27.95,-1.71,28.18,-1.69,28.18,-1.69
59.806,27.97,-1.69,28.18,-1.69,28.18,-1.69
59.821,28.03,-1.64,28.18,-1.69,28.18,-1.69
59.835,28.03,-1.67,28.18,-1.69,28.18,-1.69
59.849,28.01,-1.74,28.18,-1.69,28.18,-1.69
59.863,28.0,-1.72,28.18,-1.69,28.18,-1.69
59.877,27.99,-1.72,28.18,-1.69,28.18,-1.69
59.892,27.98,-1.67,28.18,-1.69,28.18,-1.69
59.906,27.95,-1.64,28.18,-1.69,28.18,-1.69
59.92,28.03,-1.64,28.18,-1.69,28.18,-1.69
59.934,28.05,-1.67,28.18,-1.69,28.18,-1.69
59.949,27.98,-1.71,28.18,-1.69,28.18,-1.69
59.963,27.99,-1.69,28.18,-1.69,28.18,-1.69
59.977,28.0,-1.62,28.18,-1.69,28.18,-1.69
59.991,28.01,-1.63,28.18,-1.69,28.18,-1.69
