Time (s),Accel Roll (deg),Accel Pitch (deg),Gyro Roll (deg),Gyro Pitch (deg),Filtered Roll (deg),Filtered Pitch (deg)
0.003,-0.88,-1.37,-0.72,-1.36,-0.72,-1.36
0.017,-0.96,-1.36,-0.72,-1.36,-0.72,-1.36
0.032,-0.98,-1.36,-0.72,-1.36,-0.72,-1.36
0.047,-1.0,-1.38,-0.72,-1.36,-0.72,-1.37
0.061,-0.98,-1.38,-0.72,-1.36,-0.73,-1.36
0.076,-0.89,-1.4,-0.72,-1.36,-0.73,-1.36
0.09,-0.83,-1.38,-0.72,-1.36,-0.72,-1.36
0.105,-0.83,-1.38,-0.72,-1.36,-0.72,-1.36
0.12,-0.91,-1.38,-0.72,-1.36,-0.72,-1.36
0.135,-0.98,-1.35,-0.72,-1.36,-0.73,-1.36
0.15,-0.98,-1.33,-0.72,-1.36,-0.73,-1.36
0.164,-0.89,-1.37,-0.72,-1.36,-0.73,-1.36
0.179,-0.93,-1.4,-0.72,-1.36,-0.72,-1.37
0.194,-0.94,-1.43,-0.72,-1.37,-0.72,-1.37
0.209,-0.91,-1.45,-0.72,-1.37,-0.72,-1.37
0.223,-0.95,-1.34,-0.72,-1.37,-0.73,-1.37
0.238,-0.96,-1.31,-0.72,-1.37,-0.73,-1.37
0.253,-0.91,-1.3,-0.72,-1.37,-0.73,-1.37
0.269,-0.87,-1.33,-0.72,-1.37,-0.72,-1.36
0.283,-0.92,-1.35,-0.72,-1.36,-0.72,-1.36
0.298,-0.94,-1.34,-0.72,-1.37,-0.72,-1.37
0.312,-0.91,-1.33,-0.72,-1.37,-0.72,-1.37
0.327,-0.85,-1.3,-0.72,-1.37,-0.72,-1.37
0.341,-0.83,-1.31,-0.72,-1.37,-0.72,-1.37
0.356,-0.85,-1.34,-0.72,-1.37,-0.72,-1.37
0.37,-0.99,-1.38,-0.72,-1.36,-0.72,-1.36
0.385,-0.99,-1.39,-0.72,-1.36,-0.72,-1.36
0.399,-0.96,-1.38,-0.72,-1.36,-0.72,-1.36
0.414,-0.96,-1.34,-0.72,-1.36,-0.72,-1.36
0.428,-0.96,-1.36,-0.72,-1.36,-0.72,-1.36
0.443,-0.94,-1.39,-0.72,-1.36,-0.72,-1.36
0.457,-0.96,-1.41,-0.72,-1.36,-0.72,-1.37
0.471,-0.92,-1.4,-0.72,-1.37,-0.72,-1.37
0.486,-0.9,-1.38,-0.72,-1.37,-0.72,-1.37
0.5,-0.9,-1.38,-0.72,-1.37,-0.72,-1.37
0.515,-0.85,-1.39,-0.72,-1.37,-0.72,-1.37
0.529,-0.86,-1.38,-0.72,-1.37,-0.72,-1.37
0.543,-0.92,-1.36,-0.72,-1.37,-0.72,-1.37
0.558,-0.92,-1.32,-0.72,-1.37,-0.73,-1.36
0.573,-0.96,-1.34,-0.72,-1.36,-0.73,-1.36
0.588,-0.9,-1.36,-0.72,-1.36,-0.73,-1.36
0.606,-0.85,-1.38,-0.73,-1.36,-0.73,-1.36
0.621,-0.89,-1.41,-0.73,-1.36,-0.73,-1.36
0.635,-0.94,-1.39,-0.73,-1.36,-0.73,-1.36
0.65,-0.94,-1.35,-0.73,-1.36,-0.73,-1.36
0.665,-0.92,-1.36,-0.73,-1.37,-0.73,-1.37
0.68,-0.9,-1.38,-0.73,-1.37,-0.73,-1.37
0.694,-0.92,-1.34,-0.73,-1.37,-0.73,-1.37
0.709,-0.87,-1.34,-0.73,-1.37,-0.73,-1.37
0.724,-0.92,-1.37,-0.73,-1.37,-0.73,-1.37
0.739,-0.9,-1.38,-0.73,-1.37,-0.73,-1.37
0.754,-0.85,-1.37,-0.72,-1.36,-0.73,-1.36
0.769,-0.96,-1.32,-0.72,-1.36,-0.73,-1.36
0.784,-0.96,-1.33,-0.72,-1.36,-0.73,-1.36
0.799,-0.82,-1.41,-0.72,-1.36,-0.72,-1.36
0.813,-0.89,-1.38,-0.72,-1.36,-0.73,-1.36
0.828,-0.98,-1.29,-0.72,-1.36,-0.73,-1.36
0.843,-0.92,-1.27,-0.73,-1.36,-0.73,-1.36
0.857,-0.9,-1.33,-0.72,-1.36,-0.73,-1.36
0.872,-0.92,-1.35,-0.72,-1.36,-0.73,-1.36
0.887,-0.93,-1.43,-0.72,-1.36,-0.73,-1.36
0.901,-0.97,-1.42,-0.72,-1.36,-0.73,-1.36
0.917,-0.91,-1.37,-0.72,-1.36,-0.73,-1.36
0.931,-0.89,-1.35,-0.72,-1.36,-0.72,-1.36
0.946,-0.91,-1.34,-0.72,-1.36,-0.72,-1.36
0.961,-0.9,-1.36,-0.72,-1.36,-0.72,-1.36
0.975,-0.9,-1.4,-0.72,-1.36,-0.72,-1.36
0.993,-0.9,-1.38,-0.72,-1.36,-0.72,-1.36
1.01,-0.94,-1.42,-0.72,-1.36,-0.72,-1.36
1.025,-0.88,-1.35,-0.72,-1.36,-0.72,-1.36
1.039,-0.89,-1.35,-0.72,-1.36,-0.72,-1.36
1.054,-0.97,-1.39,-0.72,-1.36,-0.72,-1.36
1.069,-1.01,-1.42,-0.72,-1.36,-0.72,-1.36
1.083,-1.03,-1.32,-0.72,-1.36,-0.72,-1.36
1.098,-0.99,-1.33,-0.72,-1.36,-0.72,-1.36
1.112,-0.95,-1.36,-0.72,-1.36,-0.72,-1.36
1.127,-0.96,-1.36,-0.72,-1.36,-0.72,-1.36
1.142,-1.0,-1.32,-0.72,-1.36,-0.72,-1.36
1.157,-0.98,-1.31,-0.72,-1.36,-0.72,-1.36
1.172,-0.95,-1.38,-0.72,-1.36,-0.73,-1.36
1.188,-0.92,-1.4,-0.72,-1.36,-0.72,-1.36
1.203,-0.85,-1.31,-0.72,-1.36,-0.72,-1.36
1.218,-0.83,-1.29,-0.72,-1.36,-0.72,-1.36
1.233,-0.91,-1.37,-0.72,-1.36,-0.72,-1.36
1.247,-0.9,-1.45,-0.72,-1.36,-0.72,-1.36
1.262,-0.87,-1.38,-0.72,-1.36,-0.72,-1.36
1.277,-0.85,-1.34,-0.72,-1.36,-0.72,-1.36
1.292,-0.85,-1.3,-0.72,-1.36,-0.72,-1.36
1.307,-0.87,-1.33,-0.72,-1.36,-0.72,-1.36
1.321,-0.95,-1.38,-0.72,-1.35,-0.72,-1.36
1.338,-1.0,-1.4,-0.72,-1.35,-0.72,-1.35
1.353,-0.95,-1.4,-0.72,-1.35,-0.72,-1.35
1.367,-0.94,-1.4,-0.72,-1.35,-0.72,-1.35
1.382,-0.92,-1.4,-0.72,-1.35,-0.72,-1.35
1.396,-0.9,-1.39,-0.72,-1.35,-0.72,-1.35
1.411,-0.91,-1.36,-0.72,-1.35,-0.72,-1.35
1.426,-0.89,-1.36,-0.72,-1.35,-0.72,-1.35
1.44,-0.89,-1.36,-0.71,-1.36,-0.72,-1.36
1.454,-0.89,-1.34,-0.71,-1.36,-0.72,-1.36
1.469,-0.95,-1.31,-0.71,-1.36,-0.72,-1.36
1.484,-0.94,-1.36,-0.71,-1.36,-0.72,-1.36
1.499,-0.95,-1.42,-0.71,-1.36,-0.72,-1.36
1.513,-0.94,-1.4,-0.71,-1.36,-0.72,-1.36
1.527,-0.96,-1.36,-0.71,-1.36,-0.72,-1.36
1.542,-0.96,-1.4,-0.71,-1.36,-0.72,-1.36
1.557,-0.98,-1.41,-0.71,-1.36,-0.72,-1.36
1.571,-0.98,-1.38,-0.71,-1.36,-0.72,-1.36
1.586,-0.95,-1.37,-0.71,-1.36,-0.72,-1.36
1.601,-0.92,-1.38,-0.71,-1.36,-0.72,-1.36
1.615,-0.94,-1.33,-0.71,-1.36,-0.71,-1.36
1.63,-0.86,-1.36,-0.71,-1.36,-0.71,-1.36
1.645,-0.85,-1.38,-0.71,-1.36,-0.71,-1.36
1.66,-0.97,-1.39,-0.71,-1.36,-0.71,-1.36
1.675,-0.93,-1.41,-0.71,-1.36,-0.72,-1.36
1.69,-0.92,-1.38,-0.71,-1.36,-0.71,-1.36
1.705,-0.92,-1.4,-0.71,-1.36,-0.71,-1.36
1.72,-0.93,-1.36,-0.71,-1.36,-0.71,-1.36
1.735,-0.87,-1.35,-0.71,-1.36,-0.71,-1.36
1.75,-0.89,-1.36,-0.71,-1.36,-0.71,-1.36
1.765,-0.87,-1.46,-0.71,-1.36,-0.71,-1.36
1.78,-0.89,-1.42,-0.71,-1.36,-0.71,-1.36
1.795,-0.91,-1.32,-0.71,-1.36,-0.71,-1.36
1.81,-0.96,-1.33,-0.71,-1.36,-0.71,-1.36
1.828,-1.0,-1.38,-0.71,-1.36,-0.71,-1.36
1.842,-0.94,-1.36,-0.71,-1.36,-0.71,-1.36
1.857,-0.87,-1.38,-0.71,-1.36,-0.71,-1.36
1.871,-0.89,-1.38,-0.71,-1.36,-0.71,-1.36
1.886,-0.87,-1.31,-0.71,-1.36,-0.71,-1.36
1.9,-0.84,-1.25,-0.71,-1.36,-0.71,-1.36
1.915,-0.87,-1.33,-0.71,-1.36,-0.71,-1.36
1.929,-0.85,-1.36,-0.71,-1.36,-0.71,-1.36
1.944,-1.0,-1.4,-0.71,-1.36,-0.71,-1.36
1.958,-1.0,-1.38,-0.71,-1.36,-0.71,-1.36
1.974,-0.91,-1.32,-0.71,-1.36,-0.71,-1.36
1.988,-0.87,-1.33,-0.71,-1.36,-0.71,-1.36
2.003,-0.94,-1.34,-0.71,-1.36,-0.71,-1.36
2.017,-0.97,-1.39,-0.71,-1.36,-0.71,-1.36
2.032,-0.92,-1.4,-0.71,-1.36,-0.71,-1.36
2.046,-0.88,-1.36,-0.71,-1.36,-0.71,-1.36
2.06,-0.9,-1.32,-0.71,-1.36,-0.71,-1.36
2.075,-0.89,-1.32,-0.71,-1.36,-0.71,-1.36
2.089,-0.89,-1.37,-0.71,-1.36,-0.71,-1.36
2.104,-0.92,-1.39,-0.71,-1.36,-0.71,-1.36
2.119,-0.9,-1.38,-0.71,-1.36,-0.71,-1.36
2.134,-0.88,-1.3,-0.71,-1.36,-0.71,-1.36
2.151,-0.92,-1.34,-0.71,-1.36,-0.71,-1.36
2.165,-0.94,-1.36,-0.71,-1.36,-0.71,-1.36
2.18,-0.92,-1.38,-0.71,-1.36,-0.71,-1.36
2.195,-0.96,-1.42,-0.71,-1.36,-0.71,-1.36
2.21,-0.99,-1.39,-0.71,-1.36,-0.71,-1.36
2.225,-0.97,-1.37,-0.71,-1.36,-0.71,-1.36
2.24,-0.94,-1.37,-0.71,-1.36,-0.71,-1.36
2.256,-0.94,-1.38,-0.71,-1.36,-0.71,-1.36
2.269,-0.9,-1.39,-0.71,-1.36,-0.71,-1.36
2.284,-0.93,-1.37,-0.71,-1.36,-0.71,-1.36
2.299,-0.9,-1.34,-0.71,-1.36,-0.71,-1.36
2.314,-0.87,-1.35,-0.71,-1.36,-0.71,-1.36
2.329,-0.88,-1.36,-0.71,-1.36,-0.71,-1.36
2.343,-0.86,-1.36,-0.71,-1.36,-0.71,-1.36
2.358,-0.88,-1.43,-0.71,-1.36,-0.71,-1.36
2.372,-0.88,-1.43,-0.71,-1.36,-0.71,-1.36
2.387,-0.87,-1.38,-0.71,-1.36,-0.71,-1.36
2.402,-0.89,-1.31,-0.71,-1.36,-0.71,-1.36
2.416,-0.89,-1.36,-0.71,-1.36,-0.71,-1.36
2.431,-0.93,-1.42,-0.71,-1.36,-0.71,-1.36
2.445,-0.89,-1.4,-0.71,-1.36,-0.71,-1.36
2.459,-0.9,-1.35,-0.71,-1.36,-0.71,-1.36
2.475,-0.92,-1.34,-0.71,-1.36,-0.71,-1.36
2.489,-0.96,-1.33,-0.71,-1.36,-0.71,-1.36
2.503,-0.92,-1.34,-0.71,-1.36,-0.71,-1.36
2.518,-0.9,-1.4,-0.71,-1.36,-0.71,-1.36
2.532,-0.86,-1.41,-0.71,-1.36,-0.71,-1.36
2.547,-0.86,-1.42,-0.71,-1.36,-0.71,-1.36
2.561,-0.91,-1.41,-0.71,-1.36,-0.71,-1.36
2.576,-0.96,-1.35,-0.71,-1.36,-0.71,-1.36
2.591,-0.93,-1.37,-0.71,-1.36,-0.71,-1.36
2.606,-0.91,-1.36,-0.71,-1.36,-0.71,-1.36
2.625,-0.95,-1.35,-0.71,-1.36,-0.71,-1.36
2.639,-0.93,-1.39,-0.71,-1.36,-0.71,-1.36
2.654,-0.9,-1.41,-0.71,-1.36,-0.71,-1.36
2.669,-0.85,-1.36,-0.71,-1.36,-0.71,-1.36
2.684,-0.86,-1.39,-0.71,-1.36,-0.71,-1.36
2.699,-0.95,-1.4,-0.71,-1.36,-0.71,-1.36
2.713,-0.95,-1.38,-0.71,-1.37,-0.71,-1.37
2.728,-0.89,-1.35,-0.71,-1.37,-0.71,-1.37
2.743,-0.9,-1.37,-0.71,-1.37,-0.71,-1.37
2.758,-0.89,-1.37,-0.71,-1.37,-0.71,-1.37
2.773,-0.89,-1.36,-0.71,-1.37,-0.71,-1.37
2.788,-0.88,-1.42,-0.71,-1.37,-0.71,-1.37
2.803,-0.96,-1.4,-0.71,-1.37,-0.71,-1.37
2.818,-0.99,-1.38,-0.71,-1.37,-0.71,-1.37
2.833,-0.97,-1.33,-0.71,-1.37,-0.71,-1.37
2.848,-0.96,-1.33,-0.71,-1.37,-0.71,-1.37
2.862,-0.92,-1.35,-0.71,-1.37,-0.71,-1.37
2.876,-0.89,-1.31,-0.71,-1.37,-0.71,-1.36
2.891,-0.91,-1.31,-0.71,-1.36,-0.71,-1.36
2.905,-0.94,-1.36,-0.71,-1.36,-0.71,-1.36
2.92,-0.93,-1.38,-0.71,-1.36,-0.71,-1.36
2.934,-0.85,-1.41,-0.71,-1.36,-0.71,-1.36
2.949,-0.86,-1.42,-0.71,-1.36,-0.71,-1.37
2.963,-0.91,-1.4,-0.71,-1.37,-0.71,-1.37
2.978,-0.94,-1.38,-0.71,-1.37,-0.71,-1.37
2.992,-0.97,-1.35,-0.71,-1.37,-0.71,-1.37
3.006,-0.98,-1.34,-0.71,-1.37,-0.71,-1.37
3.021,-0.93,-1.33,-0.71,-1.37,-0.71,-1.37
3.036,-0.9,-1.36,-0.71,-1.36,-0.71,-1.36
3.05,-0.89,-1.41,-0.71,-1.36,-0.71,-1.36
3.065,-0.97,-1.4,-0.71,-1.37,-0.71,-1.37
3.079,-1.04,-1.37,-0.71,-1.37,-0.71,-1.37
3.093,-0.98,-1.33,-0.71,-1.37,-0.71,-1.37
3.108,-0.94,-1.31,-0.71,-1.37,-0.71,-1.37
3.123,-0.92,-1.44,-0.71,-1.37,-0.71,-1.37
3.137,-0.92,-1.5,-0.71,-1.37,-0.71,-1.37
3.152,-0.98,-1.41,-0.71,-1.37,-0.71,-1.37
3.167,-0.94,-1.34,-0.71,-1.37,-0.71,-1.37
3.182,-0.89,-1.31,-0.71,-1.37,-0.71,-1.37
3.197,-0.89,-1.31,-0.71,-1.37,-0.71,-1.37
3.211,-0.9,-1.35,-0.71,-1.37,-0.71,-1.37
3.226,-0.88,-1.42,-0.71,-1.37,-0.71,-1.37
3.243,-0.94,-1.4,-0.71,-1.37,-0.71,-1.37
3.258,-0.96,-1.36,-0.71,-1.37,-0.71,-1.37
3.273,-0.94,-1.36,-0.71,-1.37,-0.71,-1.37
3.288,-0.93,-1.37,-0.71,-1.37,-0.71,-1.37
3.303,-0.94,-1.39,-0.71,-1.37,-0.71,-1.37
3.318,-0.91,-1.45,-0.71,-1.37,-0.71,-1.37
3.333,-0.9,-1.45,-0.71,-1.37,-0.71,-1.37
3.347,-0.92,-1.38,-0.71,-1.37,-0.71,-1.37
3.362,-0.91,-1.36,-0.71,-1.37,-0.71,-1.37
3.376,-0.87,-1.39,-0.71,-1.37,-0.71,-1.37
3.39,-0.85,-1.43,-0.71,-1.37,-0.71,-1.37
3.405,-0.87,-1.41,-0.71,-1.37,-0.71,-1.37
3.42,-0.92,-1.33,-0.71,-1.37,-0.71,-1.37
3.435,-0.93,-1.31,-0.71,-1.37,-0.71,-1.37
3.45,-0.89,-1.4,-0.71,-1.37,-0.71,-1.37
3.464,-0.92,-1.45,-0.71,-1.37,-0.71,-1.37
3.479,-0.94,-1.4,-0.71,-1.37,-0.71,-1.37
3.493,-0.95,-1.35,-0.7,-1.37,-0.71,-1.37
3.508,-0.9,-1.38,-0.71,-1.37,-0.71,-1.37
3.522,-0.85,-1.39,-0.71,-1.37,-0.71,-1.37
3.537,-0.91,-1.35,-0.71,-1.37,-0.71,-1.37
3.552,-0.95,-1.36,-0.71,-1.37,-0.71,-1.37
3.566,-0.96,-1.41,-0.71,-1.37,-0.71,-1.37
3.58,-0.93,-1.38,-0.71,-1.37,-0.71,-1.37
3.595,-0.88,-1.33,-0.71,-1.37,-0.71,-1.37
3.61,-0.89,-1.37,-0.71,-1.37,-0.71,-1.37
3.625,-0.81,-1.48,-0.7,-1.37,-0.71,-1.37
3.64,-0.79,-1.48,-0.7,-1.37,-0.7,-1.37
3.655,-0.93,-1.37,-0.7,-1.37,-0.7,-1.37
3.669,-0.94,-1.33,-0.7,-1.37,-0.7,-1.37
3.684,-0.97,-1.32,-0.7,-1.37,-0.7,-1.37
3.699,-0.93,-1.36,-0.7,-1.37,-0.7,-1.37
3.714,-0.88,-1.43,-0.7,-1.37,-0.7,-1.37
3.729,-0.9,-1.43,-0.7,-1.37,-0.7,-1.37
3.743,-0.95,-1.39,-0.7,-1.37,-0.7,-1.37
3.758,-0.94,-1.38,-0.7,-1.37,-0.7,-1.37
3.773,-0.94,-1.39,-0.7,-1.37,-0.7,-1.37
3.788,-0.94,-1.35,-0.7,-1.37,-0.7,-1.37
3.802,-0.94,-1.33,-0.7,-1.37,-0.7,-1.37
3.817,-0.92,-1.37,-0.7,-1.37,-0.7,-1.37
3.832,-0.93,-1.45,-0.7,-1.37,-0.7,-1.37
3.847,-0.92,-1.38,-0.7,-1.37,-0.7,-1.37
3.862,-0.89,-1.38,-0.7,-1.37,-0.7,-1.37
3.877,-0.88,-1.4,-0.7,-1.37,-0.7,-1.37
3.891,-0.88,-1.38,-0.7,-1.37,-0.7,-1.37
3.906,-0.89,-1.36,-0.7,-1.37,-0.7,-1.37
3.92,-0.94,-1.44,-0.7,-1.37,-0.7,-1.37
3.935,-0.9,-1.45,-0.7,-1.37,-0.7,-1.37
3.949,-0.88,-1.41,-0.7,-1.37,-0.7,-1.37
3.964,-0.9,-1.38,-0.7,-1.37,-0.7,-1.37
3.978,-0.94,-1.42,-0.7,-1.37,-0.7,-1.37
3.993,-0.94,-1.4,-0.7,-1.37,-0.7,-1.37
4.008,-0.93,-1.38,-0.7,-1.37,-0.7,-1.37
4.023,-0.92,-1.37,-0.7,-1.37,-0.7,-1.37
4.037,-0.91,-1.34,-0.7,-1.37,-0.7,-1.37
4.052,-0.88,-1.3,-0.7,-1.37,-0.7,-1.37
4.066,-0.89,-1.31,-0.7,-1.37,-0.7,-1.37
4.081,-0.9,-1.39,-0.7,-1.37,-0.7,-1.37
4.095,-0.9,-1.43,-0.7,-1.37,-0.7,-1.37
4.11,-0.92,-1.36,-0.7,-1.37,-0.7,-1.37
4.128,-0.95,-1.29,-0.7,-1.37,-0.7,-1.37
4.14,-0.9,-1.34,-0.7,-1.37,-0.7,-1.37
4.155,-0.87,-1.38,-0.7,-1.37,-0.7,-1.37
4.17,-0.96,-1.41,-0.7,-1.37,-0.7,-1.37
4.185,-0.95,-1.38,-0.7,-1.37,-0.7,-1.37
4.2,-0.92,-1.34,-0.7,-1.37,-0.71,-1.37
4.214,-0.92,-1.34,-0.7,-1.37,-0.71,-1.37
4.229,-0.92,-1.35,-0.7,-1.37,-0.71,-1.37
4.247,-0.92,-1.33,-0.71,-1.37,-0.71,-1.37
4.262,-0.98,-1.3,-0.7,-1.37,-0.71,-1.37
4.277,-0.96,-1.35,-0.7,-1.36,-0.71,-1.36
4.292,-0.96,-1.39,-0.7,-1.36,-0.71,-1.36
4.307,-0.93,-1.38,-0.7,-1.36,-0.71,-1.36
4.322,-0.89,-1.43,-0.7,-1.36,-0.71,-1.36
4.337,-0.92,-1.36,-0.7,-1.36,-0.71,-1.36
4.351,-0.98,-1.33,-0.7,-1.36,-0.71,-1.36
4.366,-0.89,-1.28,-0.7,-1.36,-0.7,-1.36
4.381,-0.89,-1.3,-0.7,-1.36,-0.7,-1.36
4.395,-0.91,-1.36,-0.7,-1.36,-0.7,-1.36
4.41,-0.91,-1.43,-0.7,-1.36,-0.7,-1.36
4.424,-0.91,-1.46,-0.7,-1.36,-0.7,-1.36
4.439,-0.97,-1.38,-0.7,-1.36,-0.7,-1.36
4.454,-1.01,-1.38,-0.7,-1.36,-0.7,-1.36
4.468,-0.92,-1.31,-0.7,-1.36,-0.7,-1.36
4.483,-0.91,-1.33,-0.7,-1.36,-0.7,-1.36
4.497,-0.94,-1.36,-0.7,-1.36,-0.7,-1.36
4.511,-0.96,-1.43,-0.7,-1.36,-0.7,-1.36
4.526,-0.92,-1.39,-0.7,-1.36,-0.71,-1.36
4.541,-0.93,-1.37,-0.7,-1.36,-0.71,-1.36
4.556,-0.92,-1.34,-0.7,-1.36,-0.7,-1.36
4.571,-0.87,-1.31,-0.7,-1.36,-0.7,-1.36
4.586,-0.88,-1.38,-0.7,-1.36,-0.7,-1.36
4.6,-0.9,-1.43,-0.7,-1.36,-0.7,-1.36
4.615,-0.92,-1.4,-0.7,-1.36,-0.7,-1.36
4.63,-0.95,-1.38,-0.7,-1.36,-0.71,-1.36
4.644,-0.97,-1.37,-0.7,-1.36,-0.71,-1.36
4.659,-0.98,-1.36,-0.7,-1.36,-0.71,-1.36
4.674,-0.92,-1.39,-0.7,-1.36,-0.71,-1.36
4.689,-0.83,-1.45,-0.7,-1.36,-0.71,-1.36
4.704,-0.85,-1.41,-0.7,-1.36,-0.71,-1.36
4.719,-0.93,-1.39,-0.7,-1.36,-0.71,-1.36
4.734,-0.94,-1.32,-0.7,-1.36,-0.71,-1.36
4.748,-0.92,-1.32,-0.7,-1.36,-0.71,-1.36
4.763,-0.93,-1.35,-0.7,-1.36,-0.71,-1.36
4.787,-0.94,-1.36,-0.7,-1.36,-0.7,-1.36
4.802,-0.94,-1.4,-0.7,-1.36,-0.7,-1.36
4.817,-0.92,-1.39,-0.7,-1.36,-0.71,-1.36
4.831,-0.92,-1.36,-0.7,-1.36,-0.71,-1.36
4.846,-0.95,-1.34,-0.7,-1.36,-0.71,-1.36
4.862,-0.93,-1.42,-0.7,-1.36,-0.71,-1.36
4.876,-0.89,-1.39,-0.7,-1.36,-0.71,-1.36
4.891,-0.91,-1.36,-0.71,-1.36,-0.71,-1.36
4.905,-0.92,-1.37,-0.71,-1.36,-0.71,-1.36
4.92,-0.89,-1.36,-0.71,-1.36,-0.71,-1.36
4.934,-0.85,-1.38,-0.71,-1.36,-0.71,-1.36
4.949,-0.9,-1.4,-0.71,-1.36,-0.71,-1.36
4.963,-0.89,-1.35,-0.71,-1.36,-0.71,-1.36
4.978,-0.87,-1.33,-0.71,-1.36,-0.71,-1.36
4.993,-0.91,-1.33,-0.7,-1.36,-0.71,-1.36
5.007,-0.96,-1.35,-0.71,-1.36,-0.71,-1.36
5.022,-0.91,-1.38,-0.71,-1.36,-0.71,-1.36
5.037,-0.86,-1.38,-0.7,-1.36,-0.71,-1.36
5.051,-0.89,-1.42,-0.7,-1.36,-0.71,-1.36
5.066,-0.91,-1.41,-0.7,-1.36,-0.7,-1.36
5.08,-0.94,-1.36,-0.7,-1.36,-0.7,-1.36
5.096,-0.9,-1.36,-0.7,-1.36,-0.7,-1.36
5.11,-0.92,-1.38,-0.7,-1.37,-0.7,-1.37
5.125,-0.92,-1.39,-0.7,-1.37,-0.71,-1.37
5.139,-0.94,-1.43,-0.7,-1.37,-0.7,-1.37
5.154,-0.94,-1.38,-0.7,-1.37,-0.71,-1.37
5.169,-0.96,-1.33,-0.7,-1.36,-0.71,-1.36
5.184,-0.93,-1.32,-0.71,-1.36,-0.71,-1.36
5.198,-0.89,-1.41,-0.71,-1.36,-0.71,-1.36
5.213,-0.88,-1.47,-0.7,-1.36,-0.71,-1.36
5.228,-0.92,-1.42,-0.7,-1.36,-0.71,-1.37
5.243,-0.93,-1.4,-0.7,-1.36,-0.71,-1.36
5.258,-0.87,-1.38,-0.7,-1.36,-0.7,-1.36
5.272,-0.85,-1.34,-0.7,-1.36,-0.7,-1.36
5.287,-0.91,-1.37,-0.7,-1.36,-0.7,-1.36
5.302,-0.95,-1.41,-0.7,-1.36,-0.71,-1.36
5.317,-0.91,-1.34,-0.7,-1.36,-0.71,-1.36
5.332,-0.93,-1.27,-0.7,-1.36,-0.71,-1.36
5.347,-0.96,-1.31,-0.7,-1.36,-0.71,-1.36
5.361,-0.96,-1.38,-0.7,-1.36,-0.71,-1.36
5.376,-0.89,-1.38,-0.7,-1.36,-0.71,-1.36
5.39,-0.9,-1.41,-0.7,-1.36,-0.7,-1.36
5.405,-0.89,-1.4,-0.7,-1.36,-0.7,-1.36
5.42,-0.89,-1.4,-0.7,-1.36,-0.7,-1.36
5.434,-0.87,-1.38,-0.7,-1.36,-0.7,-1.36
5.449,-0.89,-1.38,-0.7,-1.36,-0.7,-1.36
5.463,-0.94,-1.38,-0.7,-1.36,-0.71,-1.36
5.478,-0.97,-1.37,-0.7,-1.36,-0.71,-1.36
5.492,-0.98,-1.38,-0.7,-1.36,-0.71,-1.36
5.507,-0.95,-1.41,-0.7,-1.36,-0.71,-1.36
5.522,-0.94,-1.38,-0.71,-1.36,-0.71,-1.36
5.537,-0.94,-1.32,-0.71,-1.36,-0.71,-1.36
5.551,-0.94,-1.33,-0.7,-1.36,-0.71,-1.36
5.566,-0.89,-1.41,-0.7,-1.36,-0.71,-1.36
5.58,-0.92,-1.4,-0.7,-1.36,-0.71,-1.36
5.595,-0.89,-1.35,-0.71,-1.36,-0.71,-1.36
5.609,-0.93,-1.36,-0.7,-1.36,-0.71,-1.36
5.624,-0.96,-1.41,-0.7,-1.36,-0.71,-1.36
5.639,-0.91,-1.39,-0.71,-1.36,-0.71,-1.36
5.654,-0.85,-1.35,-0.7,-1.36,-0.71,-1.36
5.669,-0.91,-1.33,-0.7,-1.36,-0.71,-1.36
5.683,-0.94,-1.35,-0.7,-1.36,-0.71,-1.36
5.698,-0.92,-1.35,-0.71,-1.36,-0.71,-1.36
5.713,-0.9,-1.38,-0.7,-1.36,-0.71,-1.36
5.728,-0.92,-1.4,-0.7,-1.36,-0.71,-1.36
5.743,-0.98,-1.4,-0.7,-1.36,-0.71,-1.36
5.757,-0.93,-1.38,-0.71,-1.36,-0.71,-1.36
5.772,-0.91,-1.36,-0.71,-1.36,-0.71,-1.36
5.787,-0.96,-1.41,-0.71,-1.36,-0.71,-1.36
5.802,-0.9,-1.41,-0.71,-1.36,-0.71,-1.36
5.817,-0.87,-1.34,-0.71,-1.36,-0.71,-1.36
5.832,-0.89,-1.39,-0.7,-1.36,-0.71,-1.36
5.847,-0.92,-1.44,-0.7,-1.36,-0.71,-1.36
5.862,-0.85,-1.41,-0.7,-1.36,-0.7,-1.36
5.879,-0.95,-1.37,-0.7,-1.36,-0.71,-1.36
5.894,-0.96,-1.37,-0.7,-1.36,-0.71,-1.36
5.908,-0.96,-1.36,-0.7,-1.36,-0.71,-1.36
5.923,-0.95,-1.36,-0.7,-1.36,-0.71,-1.36
5.937,-0.94,-1.36,-0.71,-1.36,-0.71,-1.36
5.951,-0.89,-1.32,-0.71,-1.36,-0.71,-1.36
5.966,-0.89,-1.33,-0.71,-1.36,-0.71,-1.36
5.98,-0.92,-1.39,-0.71,-1.36,-0.71,-1.36
5.995,-0.9,-1.4,-0.71,-1.36,-0.71,-1.36
6.009,-0.9,-1.37,-0.7,-1.36,-0.71,-1.36
6.024,-0.9,-1.35,-0.7,-1.36,-0.71,-1.36
6.038,-0.87,-1.34,-0.7,-1.36,-0.71,-1.36
6.053,-0.82,-1.41,-0.7,-1.36,-0.71,-1.36
6.067,-0.9,-1.39,-0.7,-1.36,-0.71,-1.36
6.082,-0.93,-1.38,-0.7,-1.36,-0.71,-1.36
6.096,-0.93,-1.34,-0.7,-1.36,-0.71,-1.36
6.111,-1.0,-1.33,-0.7,-1.36,-0.71,-1.36
6.125,-1.0,-1.35,-0.7,-1.36,-0.71,-1.36
6.14,-0.9,-1.37,-0.7,-1.36,-0.71,-1.36
6.155,-0.92,-1.36,-0.7,-1.36,-0.7,-1.36
6.17,-0.94,-1.38,-0.7,-1.36,-0.71,-1.36
6.184,-0.96,-1.39,-0.7,-1.36,-0.71,-1.36
6.199,-1.0,-1.38,-0.7,-1.36,-0.71,-1.36
6.213,-0.94,-1.38,-0.71,-1.36,-0.71,-1.36
6.228,-0.87,-1.42,-0.71,-1.36,-0.71,-1.36
6.243,-0.89,-1.47,-0.7,-1.36,-0.71,-1.36
6.258,-0.89,-1.39,-0.7,-1.36,-0.71,-1.36
6.274,-0.87,-1.33,-0.7,-1.36,-0.71,-1.36
6.288,-0.87,-1.34,-0.7,-1.36,-0.71,-1.36
6.303,-0.88,-1.32,-0.7,-1.36,-0.71,-1.36
6.318,-0.88,-1.34,-0.7,-1.36,-0.7,-1.36
6.333,-0.88,-1.38,-0.7,-1.36,-0.7,-1.36
6.347,-0.92,-1.38,-0.7,-1.36,-0.7,-1.36
6.362,-0.93,-1.35,-0.7,-1.36,-0.7,-1.36
6.377,-0.92,-1.34,-0.7,-1.36,-0.7,-1.36
6.392,-0.97,-1.4,-0.7,-1.36,-0.7,-1.36
6.406,-0.93,-1.38,-0.7,-1.36,-0.7,-1.36
6.42,-0.93,-1.4,-0.7,-1.36,-0.7,-1.36
6.435,-0.93,-1.39,-0.7,-1.36,-0.7,-1.36
6.45,-0.92,-1.34,-0.7,-1.36,-0.7,-1.36
6.464,-0.9,-1.31,-0.7,-1.36,-0.7,-1.36
6.479,-0.9,-1.38,-0.7,-1.36,-0.7,-1.36
6.495,-0.91,-1.42,-0.7,-1.36,-0.7,-1.36
6.51,-0.96,-1.39,-0.7,-1.36,-0.71,-1.36
6.524,-1.03,-1.39,-0.7,-1.36,-0.71,-1.36
6.538,-0.97,-1.36,-0.71,-1.36,-0.71,-1.36
6.553,-0.92,-1.38,-0.71,-1.36,-0.71,-1.36
6.567,-0.95,-1.44,-0.71,-1.36,-0.71,-1.36
6.582,-0.94,-1.4,-0.71,-1.36,-0.71,-1.36
6.596,-0.87,-1.33,-0.71,-1.36,-0.71,-1.36
6.611,-1.0,-1.35,-0.71,-1.36,-0.71,-1.36
6.627,-1.0,-1.4,-0.71,-1.36,-0.71,-1.36
6.641,-0.96,-1.34,-0.71,-1.36,-0.71,-1.36
6.657,-0.94,-1.36,-0.71,-1.36,-0.71,-1.36
6.672,-0.9,-1.37,-0.71,-1.36,-0.71,-1.36
6.687,-0.86,-1.36,-0.71,-1.36,-0.71,-1.36
6.702,-0.95,-1.31,-0.71,-1.36,-0.71,-1.36
6.717,-0.97,-1.36,-0.71,-1.36,-0.71,-1.36
6.732,-0.86,-1.36,-0.71,-1.36,-0.71,-1.36
6.747,-0.89,-1.41,-0.71,-1.36,-0.71,-1.36
6.762,-0.94,-1.43,-0.71,-1.36,-0.71,-1.36
6.777,-0.91,-1.39,-0.71,-1.36,-0.71,-1.36
6.792,-0.91,-1.33,-0.71,-1.36,-0.71,-1.36
6.807,-0.91,-1.37,-0.71,-1.36,-0.71,-1.36
6.822,-0.91,-1.38,-0.71,-1.36,-0.71,-1.36
6.837,-0.88,-1.39,-0.71,-1.36,-0.71,-1.36
6.851,-0.87,-1.33,-0.71,-1.36,-0.71,-1.36
6.866,-0.89,-1.33,-0.71,-1.36,-0.71,-1.36
6.881,-0.91,-1.4,-0.71,-1.36,-0.71,-1.36
6.896,-0.9,-1.39,-0.71,-1.36,-0.71,-1.36
6.91,-0.92,-1.38,-0.71,-1.36,-0.71,-1.36
6.925,-0.9,-1.44,-0.71,-1.36,-0.71,-1.36
6.939,-0.92,-1.37,-0.71,-1.36,-0.71,-1.36
6.955,-0.9,-1.38,-0.71,-1.36,-0.71,-1.36
6.969,-0.96,-1.36,-0.71,-1.36,-0.71,-1.36
6.984,-0.94,-1.34,-0.71,-1.36,-0.71,-1.36
6.998,-0.89,-1.4,-0.71,-1.36,-0.71,-1.36
7.013,-0.88,-1.43,-0.71,-1.36,-0.71,-1.36
7.027,-0.98,-1.34,-0.71,-1.36,-0.71,-1.36
7.042,-1.0,-1.32,-0.71,-1.36,-0.71,-1.36
7.056,-1.01,-1.25,-0.71,-1.36,-0.71,-1.36
7.071,-0.95,-1.29,-0.71,-1.36,-0.71,-1.36
7.085,-0.92,-1.38,-0.71,-1.36,-0.71,-1.36
7.1,-0.98,-1.38,-0.71,-1.36,-0.71,-1.36
7.114,-0.99,-1.39,-0.71,-1.36,-0.71,-1.36
7.129,-0.92,-1.38,-0.71,-1.36,-0.71,-1.36
7.143,-0.91,-1.37,-0.71,-1.36,-0.71,-1.36
7.158,-0.87,-1.33,-0.71,-1.36,-0.71,-1.36
7.174,-0.92,-1.36,-0.71,-1.36,-0.71,-1.36
7.189,-0.93,-1.4,-0.71,-1.36,-0.71,-1.36
7.204,-0.96,-1.38,-0.71,-1.36,-0.71,-1.36
7.22,-0.99,-1.37,-0.71,-1.36,-0.71,-1.36
7.235,-0.94,-1.37,-0.71,-1.36,-0.71,-1.36
7.25,-0.87,-1.37,-0.71,-1.36,-0.71,-1.36
7.265,-0.98,-1.4,-0.71,-1.36,-0.71,-1.36
7.279,-0.99,-1.42,-0.71,-1.36,-0.71,-1.36
7.294,-0.9,-1.39,-0.71,-1.36,-0.71,-1.36
7.309,-0.92,-1.34,-0.71,-1.36,-0.71,-1.36
7.324,-1.01,-1.33,-0.71,-1.36,-0.71,-1.36
7.339,-0.95,-1.36,-0.71,-1.36,-0.71,-1.36
7.353,-0.83,-1.38,-0.71,-1.36,-0.71,-1.36
7.368,-0.85,-1.34,-0.71,-1.36,-0.71,-1.36
7.383,-0.89,-1.29,-0.71,-1.36,-0.71,-1.36
7.397,-0.93,-1.31,-0.71,-1.36,-0.71,-1.36
7.412,-0.93,-1.4,-0.71,-1.36,-0.71,-1.36
7.426,-0.92,-1.39,-0.71,-1.36,-0.71,-1.36
7.44,-0.85,-1.37,-0.71,-1.36,-0.71,-1.36
7.455,-0.85,-1.4,-0.71,-1.36,-0.71,-1.36
7.469,-0.9,-1.44,-0.7,-1.36,-0.71,-1.36
7.484,-0.96,-1.32,-0.7,-1.36,-0.71,-1.36
7.503,-0.92,-1.4,-0.7,-1.36,-0.71,-1.36
7.517,-0.91,-1.41,-0.7,-1.36,-0.7,-1.36
7.531,-0.92,-1.34,-0.7,-1.36,-0.7,-1.36
7.546,-0.9,-1.32,-0.7,-1.36,-0.71,-1.36
7.56,-0.87,-1.36,-0.7,-1.36,-0.71,-1.36
7.575,-0.87,-1.39,-0.7,-1.36,-0.7,-1.36
7.589,-0.92,-1.45,-0.7,-1.36,-0.7,-1.36
7.605,-0.88,-1.43,-0.7,-1.36,-0.7,-1.36
7.62,-0.92,-1.38,-0.7,-1.36,-0.7,-1.36
7.634,-0.92,-1.36,-0.7,-1.36,-0.7,-1.36
7.649,-0.92,-1.4,-0.7,-1.36,-0.7,-1.36
7.664,-0.95,-1.4,-0.7,-1.36,-0.7,-1.36
7.679,-0.9,-1.4,-0.7,-1.36,-0.7,-1.36
7.694,-0.93,-1.41,-0.7,-1.36,-0.7,-1.36
7.709,-0.98,-1.36,-0.7,-1.36,-0.7,-1.36
7.724,-0.98,-1.35,-0.7,-1.36,-0.71,-1.36
7.739,-0.96,-1.36,-0.7,-1.36,-0.71,-1.36
7.754,-0.92,-1.34,-0.7,-1.36,-0.71,-1.36
7.769,-0.85,-1.43,-0.71,-1.36,-0.71,-1.36
7.785,-0.9,-1.44,-0.71,-1.36,-0.71,-1.36
7.8,-0.91,-1.37,-0.71,-1.36,-0.71,-1.36
7.815,-0.9,-1.36,-0.71,-1.36,-0.71,-1.36
7.83,-0.94,-1.36,-0.71,-1.36,-0.71,-1.36
7.844,-0.93,-1.34,-0.71,-1.36,-0.71,-1.36
7.859,-0.97,-1.37,-0.71,-1.36,-0.71,-1.36
7.874,-0.95,-1.38,-0.71,-1.36,-0.71,-1.36
7.889,-0.9,-1.41,-0.71,-1.36,-0.71,-1.36
7.904,-0.92,-1.44,-0.71,-1.36,-0.71,-1.36
7.918,-0.89,-1.42,-0.71,-1.36,-0.71,-1.36
7.936,-0.98,-1.36,-0.71,-1.36,-0.71,-1.36
7.951,-1.01,-1.4,-0.71,-1.36,-0.71,-1.36
7.965,-0.96,-1.44,-0.71,-1.36,-0.71,-1.36
7.979,-0.94,-1.43,-0.71,-1.36,-0.71,-1.36
7.994,-0.94,-1.42,-0.71,-1.36,-0.71,-1.36
8.009,-0.95,-1.4,-0.71,-1.36,-0.71,-1.36
8.023,-0.97,-1.32,-0.71,-1.36,-0.71,-1.36
8.038,-0.94,-1.31,-0.71,-1.36,-0.71,-1.36
8.052,-0.91,-1.36,-0.71,-1.36,-0.71,-1.36
8.067,-0.87,-1.45,-0.71,-1.36,-0.71,-1.36
8.081,-0.86,-1.41,-0.71,-1.36,-0.71,-1.36
8.096,-0.92,-1.37,-0.71,-1.36,-0.71,-1.36
8.111,-0.95,-1.36,-0.71,-1.36,-0.71,-1.36
8.126,-1.05,-1.35,-0.71,-1.36,-0.72,-1.36
8.141,-1.02,-1.39,-0.71,-1.36,-0.72,-1.36
8.155,-0.89,-1.45,-0.71,-1.36,-0.72,-1.36
8.169,-0.84,-1.45,-0.71,-1.36,-0.72,-1.37
8.184,-0.88,-1.37,-0.71,-1.37,-0.72,-1.37
8.199,-0.89,-1.34,-0.71,-1.37,-0.71,-1.37
8.214,-0.92,-1.33,-0.71,-1.37,-0.71,-1.36
8.229,-0.94,-1.37,-0.71,-1.36,-0.72,-1.36
8.244,-0.9,-1.36,-0.71,-1.36,-0.72,-1.36
8.259,-0.88,-1.38,-0.71,-1.36,-0.72,-1.36
8.274,-0.89,-1.37,-0.71,-1.36,-0.71,-1.36
8.289,-0.91,-1.37,-0.71,-1.36,-0.71,-1.36
8.304,-0.91,-1.38,-0.71,-1.37,-0.71,-1.37
8.319,-0.89,-1.4,-0.71,-1.37,-0.71,-1.37
8.334,-0.92,-1.36,-0.71,-1.37,-0.71,-1.37
8.349,-0.86,-1.4,-0.71,-1.36,-0.71,-1.37
8.364,-0.84,-1.4,-0.71,-1.36,-0.71,-1.36
8.379,-0.88,-1.37,-0.71,-1.36,-0.71,-1.36
8.393,-1.02,-1.4,-0.71,-1.36,-0.71,-1.36
8.408,-0.97,-1.42,-0.71,-1.36,-0.71,-1.36
8.422,-0.94,-1.39,-0.71,-1.36,-0.71,-1.36
8.437,-0.95,-1.31,-0.71,-1.36,-0.71,-1.36
8.451,-0.95,-1.34,-0.71,-1.36,-0.71,-1.36
8.466,-0.92,-1.41,-0.71,-1.36,-0.71,-1.36
8.482,-0.96,-1.43,-0.71,-1.36,-0.71,-1.36
8.497,-0.99,-1.39,-0.71,-1.36,-0.72,-1.36
8.511,-0.93,-1.34,-0.71,-1.36,-0.71,-1.36
8.526,-0.89,-1.34,-0.71,-1.36,-0.71,-1.36
8.541,-0.81,-1.36,-0.71,-1.36,-0.72,-1.36
8.555,-0.9,-1.37,-0.71,-1.36,-0.72,-1.36
8.57,-0.97,-1.36,-0.72,-1.36,-0.72,-1.36
8.584,-0.94,-1.39,-0.72,-1.36,-0.72,-1.36
8.598,-0.9,-1.38,-0.72,-1.36,-0.72,-1.36
8.613,-0.89,-1.35,-0.72,-1.36,-0.72,-1.36
8.627,-0.96,-1.38,-0.72,-1.36,-0.72,-1.36
8.642,-0.92,-1.39,-0.72,-1.36,-0.72,-1.36
8.657,-0.88,-1.46,-0.72,-1.36,-0.72,-1.36
8.672,-0.89,-1.44,-0.72,-1.36,-0.72,-1.36
8.687,-0.87,-1.33,-0.72,-1.36,-0.72,-1.36
8.702,-0.85,-1.32,-0.72,-1.36,-0.72,-1.36
8.717,-0.83,-1.35,-0.72,-1.36,-0.72,-1.36
8.732,-0.91,-1.35,-0.72,-1.36,-0.72,-1.36
8.747,-0.94,-1.32,-0.72,-1.36,-0.72,-1.36
8.762,-0.91,-1.32,-0.72,-1.36,-0.72,-1.36
8.777,-0.85,-1.38,-0.72,-1.36,-0.72,-1.36
8.792,-0.9,-1.39,-0.72,-1.36,-0.72,-1.36
8.806,-0.94,-1.36,-0.72,-1.36,-0.72,-1.36
8.821,-0.96,-1.39,-0.72,-1.36,-0.72,-1.36
8.835,-0.91,-1.37,-0.72,-1.36,-0.72,-1.36
8.85,-0.93,-1.39,-0.72,-1.36,-0.72,-1.36
8.865,-0.94,-1.43,-0.72,-1.36,-0.72,-1.36
8.881,-0.91,-1.41,-0.72,-1.36,-0.72,-1.36
8.895,-0.9,-1.35,-0.71,-1.36,-0.72,-1.36
8.91,-0.9,-1.36,-0.71,-1.36,-0.71,-1.36
8.924,-0.89,-1.44,-0.71,-1.36,-0.71,-1.36
8.94,-0.85,-1.43,-0.71,-1.36,-0.71,-1.36
8.955,-0.8,-1.39,-0.71,-1.36,-0.71,-1.36
8.969,-0.83,-1.38,-0.71,-1.36,-0.71,-1.36
8.983,-0.93,-1.37,-0.71,-1.36,-0.71,-1.36
8.998,-0.95,-1.39,-0.71,-1.36,-0.71,-1.36
9.012,-0.92,-1.4,-0.71,-1.36,-0.71,-1.36
9.027,-0.89,-1.38,-0.71,-1.36,-0.71,-1.36
9.041,-0.91,-1.36,-0.71,-1.36,-0.71,-1.36
9.056,-0.92,-1.42,-0.71,-1.36,-0.71,-1.36
9.07,-0.92,-1.47,-0.71,-1.36,-0.71,-1.36
9.085,-0.96,-1.43,-0.71,-1.36,-0.71,-1.36
9.099,-0.96,-1.43,-0.71,-1.36,-0.71,-1.36
9.117,-0.92,-1.41,-0.71,-1.36,-0.71,-1.37
9.138,-0.86,-1.41,-0.71,-1.37,-0.71,-1.37
9.153,-0.89,-1.4,-0.71,-1.37,-0.71,-1.37
9.167,-0.92,-1.41,-0.71,-1.37,-0.71,-1.37
9.182,-0.94,-1.39,-0.71,-1.37,-0.71,-1.37
9.197,-0.96,-1.36,-0.71,-1.37,-0.71,-1.37
9.212,-0.9,-1.33,-0.71,-1.36,-0.71,-1.36
9.226,-0.88,-1.38,-0.71,-1.36,-0.71,-1.36
9.241,-0.97,-1.43,-0.71,-1.36,-0.71,-1.37
9.256,-0.99,-1.41,-0.71,-1.37,-0.71,-1.37
9.271,-0.92,-1.41,-0.71,-1.37,-0.71,-1.37
9.285,-0.94,-1.38,-0.71,-1.37,-0.71,-1.37
9.3,-0.92,-1.36,-0.71,-1.37,-0.71,-1.37
9.315,-0.8,-1.43,-0.71,-1.37,-0.71,-1.37
9.33,-0.92,-1.48,-0.71,-1.37,-0.72,-1.37
9.346,-1.0,-1.47,-0.71,-1.37,-0.72,-1.37
9.361,-0.89,-1.42,-0.72,-1.37,-0.72,-1.37
9.376,-0.78,-1.4,-0.72,-1.37,-0.72,-1.37
9.391,-0.97,-1.41,-0.71,-1.37,-0.72,-1.37
9.406,-1.02,-1.41,-0.71,-1.37,-0.72,-1.37
9.42,-0.82,-1.41,-0.72,-1.37,-0.72,-1.37
9.435,-0.82,-1.45,-0.72,-1.37,-0.72,-1.37
9.449,-0.98,-1.36,-0.72,-1.37,-0.72,-1.37
9.464,-0.94,-1.34,-0.72,-1.37,-0.72,-1.37
9.478,-0.87,-1.46,-0.72,-1.37,-0.72,-1.37
9.493,-0.91,-1.44,-0.72,-1.37,-0.72,-1.37
9.507,-0.92,-1.36,-0.72,-1.37,-0.72,-1.37
9.522,-0.92,-1.31,-0.71,-1.37,-0.72,-1.37
9.537,-0.9,-1.34,-0.71,-1.37,-0.71,-1.37
9.551,-0.82,-1.37,-0.71,-1.37,-0.71,-1.37
9.569,-0.92,-1.33,-0.71,-1.37,-0.71,-1.37
9.583,-0.96,-1.39,-0.71,-1.37,-0.71,-1.37
9.598,-0.85,-1.45,-0.71,-1.37,-0.71,-1.37
9.612,-0.87,-1.42,-0.71,-1.37,-0.71,-1.37
9.627,-1.01,-1.37,-0.71,-1.37,-0.71,-1.37
9.641,-0.97,-1.42,-0.71,-1.37,-0.71,-1.37
9.655,-0.9,-1.46,-0.71,-1.37,-0.71,-1.37
9.67,-0.87,-1.38,-0.71,-1.37,-0.71,-1.37
9.685,-1.0,-1.42,-0.71,-1.37,-0.71,-1.37
9.701,-0.97,-1.42,-0.71,-1.37,-0.71,-1.37
9.715,-0.9,-1.36,-0.71,-1.37,-0.71,-1.37
9.73,-0.92,-1.31,-0.71,-1.37,-0.71,-1.37
9.745,-0.98,-1.36,-0.71,-1.37,-0.71,-1.37
9.76,-0.9,-1.42,-0.71,-1.37,-0.71,-1.37
9.775,-0.91,-1.41,-0.71,-1.37,-0.71,-1.37
9.79,-0.96,-1.38,-0.71,-1.37,-0.71,-1.37
9.805,-0.81,-1.38,-0.71,-1.37,-0.71,-1.37
9.82,-0.8,-1.44,-0.71,-1.37,-0.71,-1.37
9.835,-0.9,-1.43,-0.71,-1.37,-0.71,-1.37
9.849,-0.92,-1.41,-0.71,-1.37,-0.71,-1.37
9.864,-0.96,-1.42,-0.71,-1.37,-0.71,-1.37
9.879,-0.96,-1.44,-0.71,-1.37,-0.71,-1.37
9.894,-0.85,-1.36,-0.71,-1.37,-0.71,-1.37
9.909,-0.84,-1.36,-0.71,-1.37,-0.71,-1.37
9.924,-0.9,-1.36,-0.71,-1.37,-0.71,-1.37
9.939,-0.88,-1.4,-0.7,-1.37,-0.71,-1.37
9.953,-0.94,-1.36,-0.7,-1.37,-0.71,-1.37
9.968,-0.96,-1.38,-0.7,-1.37,-0.71,-1.37
9.982,-0.93,-1.36,-0.7,-1.37,-0.71,-1.37
9.997,-0.87,-1.38,-0.7,-1.37,-0.71,-1.37
10.011,-0.78,-1.41,-0.7,-1.37,-0.7,-1.37
10.025,-0.86,-1.47,-0.7,-1.37,-0.71,-1.37
10.04,-0.97,-1.41,-0.7,-1.37,-0.71,-1.38
10.054,-0.83,-1.36,-0.7,-1.38,-0.71,-1.38
10.069,-0.81,-1.38,-0.7,-1.38,-0.7,-1.38
10.084,-1.06,-1.44,-0.7,-1.38,-0.71,-1.38
10.098,-1.0,-1.37,-0.7,-1.38,-0.71,-1.38
10.113,-0.72,-1.39,-0.7,-1.38,-0.7,-1.38
10.127,-0.8,-1.44,-0.7,-1.38,-0.7,-1.38
10.141,-0.99,-1.44,-0.7,-1.38,-0.7,-1.38
10.156,-0.87,-1.33,-0.7,-1.38,-0.7,-1.38
10.17,-0.82,-1.38,-0.7,-1.38,-0.7,-1.38
10.185,-0.96,-1.41,-0.7,-1.38,-0.7,-1.38
10.199,-1.08,-1.36,-0.7,-1.38,-0.7,-1.38
10.214,-0.85,-1.38,-0.7,-1.38,-0.7,-1.38
10.229,-0.88,-1.47,-0.7,-1.38,-0.7,-1.38
10.244,-0.96,-1.41,-0.7,-1.38,-0.7,-1.38
10.259,-1.0,-1.31,-0.7,-1.38,-0.7,-1.38
10.275,-0.89,-1.35,-0.7,-1.38,-0.7,-1.38
10.29,-0.77,-1.44,-0.7,-1.38,-0.7,-1.38
10.304,-0.86,-1.38,-0.7,-1.38,-0.7,-1.38
10.32,-0.93,-1.39,-0.7,-1.38,-0.7,-1.38
10.335,-0.85,-1.45,-0.7,-1.38,-0.7,-1.38
10.349,-0.89,-1.42,-0.7,-1.38,-0.7,-1.38
10.364,-0.96,-1.39,-0.7,-1.38,-0.7,-1.38
10.379,-0.96,-1.33,-0.7,-1.38,-0.7,-1.38
10.394,-0.83,-1.34,-0.7,-1.38,-0.7,-1.38
10.408,-0.88,-1.35,-0.7,-1.38,-0.7,-1.38
10.423,-0.98,-1.38,-0.7,-1.38,-0.7,-1.38
10.437,-0.98,-1.47,-0.7,-1.38,-0.7,-1.38
10.452,-0.88,-1.47,-0.7,-1.38,-0.7,-1.38
10.466,-0.85,-1.42,-0.7,-1.38,-0.7,-1.38
10.48,-1.0,-1.35,-0.69,-1.38,-0.7,-1.38
10.495,-0.98,-1.38,-0.7,-1.38,-0.7,-1.38
10.509,-0.88,-1.43,-0.7,-1.38,-0.7,-1.38
10.524,-0.88,-1.41,-0.7,-1.38,-0.7,-1.38
10.538,-0.87,-1.38,-0.7,-1.38,-0.7,-1.38
10.553,-0.89,-1.35,-0.7,-1.38,-0.7,-1.38
10.568,-0.91,-1.39,-0.7,-1.38,-0.7,-1.38
10.582,-0.96,-1.39,-0.69,-1.38,-0.7,-1.38
10.597,-0.88,-1.37,-0.69,-1.38,-0.7,-1.38
10.611,-0.89,-1.37,-0.69,-1.38,-0.7,-1.38
10.626,-0.92,-1.4,-0.69,-1.38,-0.7,-1.38
10.64,-0.87,-1.35,-0.69,-1.38,-0.7,-1.38
10.655,-0.99,-1.36,-0.69,-1.38,-0.7,-1.38
10.669,-0.96,-1.4,-0.69,-1.38,-0.7,-1.38
10.684,-0.85,-1.4,-0.7,-1.38,-0.7,-1.38
10.699,-0.87,-1.38,-0.7,-1.38,-0.7,-1.38
10.715,-0.93,-1.4,-0.69,-1.38,-0.7,-1.38
10.73,-0.92,-1.41,-0.69,-1.38,-0.7,-1.38
10.75,-0.94,-1.35,-0.69,-1.38,-0.7,-1.38
10.766,-0.95,-1.4,-0.69,-1.38,-0.7,-1.38
10.78,-0.97,-1.43,-0.69,-1.38,-0.7,-1.38
10.796,-0.87,-1.38,-0.7,-1.38,-0.7,-1.38
10.811,-0.85,-1.39,-0.69,-1.38,-0.7,-1.38
10.826,-0.9,-1.41,-0.69,-1.38,-0.69,-1.38
10.841,-0.9,-1.44,-0.69,-1.38,-0.69,-1.38
10.856,-0.92,-1.39,-0.69,-1.38,-0.69,-1.38
10.872,-0.83,-1.4,-0.69,-1.38,-0.69,-1.38
10.887,-0.86,-1.47,-0.68,-1.38,-0.69,-1.38
10.902,-0.81,-1.39,-0.67,-1.38,-0.68,-1.38
10.917,-2.54,-1.33,-0.65,-1.38,-0.67,-1.38
10.931,-0.13,-1.45,-0.67,-1.38,-0.66,-1.38
10.946,-0.7,-1.42,-0.68,-1.38,-0.68,-1.38
10.96,-0.67,-1.38,-0.69,-1.38,-0.69,-1.38
10.975,-1.14,-1.3,-0.68,-1.38,-0.68,-1.38
10.99,-0.94,-1.34,-0.68,-1.38,-0.68,-1.38
11.004,-0.89,-1.39,-0.68,-1.38,-0.68,-1.38
11.018,-0.98,-1.4,-0.68,-1.38,-0.69,-1.38
11.033,-0.88,-1.43,-0.68,-1.38,-0.69,-1.38
11.048,-0.97,-1.42,-0.68,-1.38,-0.69,-1.38
11.062,-0.83,-1.36,-0.68,-1.38,-0.69,-1.38
11.077,-0.9,-1.39,-0.68,-1.38,-0.69,-1.38
11.091,-0.9,-1.43,-0.68,-1.38,-0.69,-1.38
11.106,-0.9,-1.42,-0.68,-1.38,-0.69,-1.38
11.12,-0.95,-1.33,-0.68,-1.38,-0.69,-1.38
11.134,-0.94,-1.31,-0.68,-1.38,-0.69,-1.38
11.149,-0.96,-1.35,-0.68,-1.38,-0.69,-1.38
11.163,-0.95,-1.36,-0.68,-1.38,-0.69,-1.38
11.178,-0.94,-1.36,-0.68,-1.38,-0.69,-1.38
11.193,-0.96,-1.42,-0.68,-1.38,-0.69,-1.38
11.208,-0.89,-1.37,-0.68,-1.38,-0.69,-1.38
11.223,-0.85,-1.37,-0.68,-1.38,-0.69,-1.38
11.238,-0.92,-1.39,-0.68,-1.38,-0.69,-1.38
11.252,-0.94,-1.41,-0.69,-1.38,-0.69,-1.38
11.269,-0.87,-1.41,-0.69,-1.38,-0.69,-1.38
11.284,-0.85,-1.45,-0.69,-1.38,-0.69,-1.38
11.299,-0.96,-1.41,-0.69,-1.38,-0.69,-1.38
11.314,-0.96,-1.34,-0.69,-1.38,-0.69,-1.38
11.329,-0.87,-1.38,-0.69,-1.38,-0.69,-1.38
11.344,-0.85,-1.4,-0.69,-1.38,-0.69,-1.38
11.359,-0.89,-1.44,-0.69,-1.38,-0.69,-1.38
11.374,-0.88,-1.41,-0.69,-1.38,-0.69,-1.38
11.389,-0.87,-1.42,-0.69,-1.38,-0.69,-1.38
11.404,-0.9,-1.42,-0.69,-1.38,-0.69,-1.38
11.418,-0.9,-1.39,-0.69,-1.38,-0.69,-1.38
11.433,-0.89,-1.38,-0.69,-1.38,-0.69,-1.38
11.447,-0.93,-1.38,-0.69,-1.38,-0.69,-1.38
11.462,-0.89,-1.33,-0.69,-1.38,-0.69,-1.38
11.476,-0.87,-1.35,-0.68,-1.38,-0.69,-1.38
11.491,-0.9,-1.38,-0.68,-1.38,-0.69,-1.38
11.505,-0.9,-1.38,-0.68,-1.38,-0.69,-1.38
11.519,-0.92,-1.38,-0.68,-1.38,-0.69,-1.38
11.534,-0.92,-1.34,-0.68,-1.38,-0.69,-1.38
11.548,-0.87,-1.36,-0.69,-1.38,-0.69,-1.38
11.563,-0.86,-1.36,-0.69,-1.38,-0.69,-1.38
11.577,-0.84,-1.36,-0.69,-1.38,-0.69,-1.38
11.592,-0.89,-1.36,-0.68,-1.38,-0.69,-1.38
11.606,-0.94,-1.37,-0.69,-1.38,-0.69,-1.38
11.621,-0.95,-1.39,-0.69,-1.38,-0.69,-1.38
11.635,-0.96,-1.38,-0.69,-1.38,-0.69,-1.38
11.65,-0.91,-1.37,-0.69,-1.38,-0.69,-1.38
11.664,-0.86,-1.37,-0.68,-1.38,-0.69,-1.38
11.679,-0.87,-1.35,-0.69,-1.38,-0.69,-1.38
11.694,-0.98,-1.41,-0.69,-1.38,-0.69,-1.38
11.709,-0.99,-1.37,-0.69,-1.38,-0.69,-1.38
11.723,-0.89,-1.35,-0.69,-1.38,-0.69,-1.38
11.739,-0.87,-1.37,-0.69,-1.38,-0.69,-1.38
11.753,-0.89,-1.41,-0.69,-1.38,-0.69,-1.38
11.768,-0.88,-1.44,-0.69,-1.38,-0.69,-1.38
11.783,-0.9,-1.37,-0.69,-1.38,-0.69,-1.38
11.798,-0.89,-1.37,-0.69,-1.38,-0.69,-1.38
11.813,-0.95,-1.34,-0.69,-1.38,-0.69,-1.38
11.829,-0.99,-1.37,-0.69,-1.38,-0.69,-1.38
11.844,-0.97,-1.38,-0.69,-1.38,-0.7,-1.38
11.858,-0.92,-1.4,-0.69,-1.38,-0.7,-1.38
11.873,-0.91,-1.42,-0.69,-1.38,-0.7,-1.38
11.888,-0.99,-1.38,-0.69,-1.38,-0.7,-1.38
11.903,-1.0,-1.4,-0.69,-1.38,-0.7,-1.38
11.918,-1.0,-1.43,-0.69,-1.38,-0.7,-1.38
11.933,-0.89,-1.37,-0.7,-1.38,-0.7,-1.38
11.948,-0.87,-1.38,-0.7,-1.38,-0.7,-1.38
11.962,-0.96,-1.43,-0.69,-1.38,-0.7,-1.38
11.977,-0.93,-1.42,-0.7,-1.38,-0.7,-1.38
11.992,-0.86,-1.39,-0.7,-1.38,-0.7,-1.38
12.006,-0.92,-1.39,-0.7,-1.38,-0.7,-1.38
12.021,-0.95,-1.33,-0.7,-1.38,-0.7,-1.38
12.035,-0.87,-1.35,-0.7,-1.38,-0.7,-1.38
12.05,-0.9,-1.37,-0.7,-1.38,-0.7,-1.38
12.064,-0.91,-1.37,-0.7,-1.38,-0.7,-1.38
12.078,-0.94,-1.42,-0.7,-1.38,-0.7,-1.38
12.093,-0.92,-1.42,-0.7,-1.38,-0.7,-1.38
12.107,-0.87,-1.4,-0.7,-1.38,-0.7,-1.38
12.122,-0.9,-1.37,-0.7,-1.38,-0.7,-1.38
12.136,-0.88,-1.35,-0.7,-1.38,-0.7,-1.38
12.151,-0.94,-1.33,-0.7,-1.38,-0.7,-1.38
12.165,-0.96,-1.35,-0.7,-1.38,-0.7,-1.38
12.179,-0.93,-1.44,-0.7,-1.38,-0.7,-1.38
12.194,-0.88,-1.44,-0.7,-1.38,-0.7,-1.38
12.208,-0.93,-1.31,-0.7,-1.38,-0.7,-1.38
12.223,-0.96,-1.33,-0.7,-1.38,-0.7,-1.38
12.238,-0.95,-1.36,-0.7,-1.38,-0.7,-1.38
12.252,-0.94,-1.36,-0.7,-1.38,-0.71,-1.38
12.267,-0.95,-1.38,-0.71,-1.38,-0.71,-1.38
12.282,-0.95,-1.37,-0.71,-1.38,-0.71,-1.38
12.297,-0.92,-1.39,-0.7,-1.38,-0.71,-1.38
12.312,-0.89,-1.43,-0.7,-1.38,-0.71,-1.38
12.326,-0.88,-1.43,-0.7,-1.38,-0.71,-1.38
12.341,-0.9,-1.38,-0.7,-1.38,-0.71,-1.38
12.356,-0.97,-1.38,-0.7,-1.38,-0.71,-1.38
12.374,-0.94,-1.39,-0.7,-1.38,-0.71,-1.38
12.389,-0.88,-1.31,-0.7,-1.38,-0.71,-1.38
12.407,-0.91,-1.32,-0.7,-1.38,-0.71,-1.38
12.421,-0.9,-1.38,-0.71,-1.38,-0.71,-1.38
12.436,-0.92,-1.41,-0.71,-1.38,-0.71,-1.38
12.45,-0.94,-1.43,-0.71,-1.38,-0.71,-1.38
12.465,-0.92,-1.44,-0.71,-1.38,-0.71,-1.38
12.479,-0.89,-1.42,-0.71,-1.38,-0.71,-1.38
12.493,-0.92,-1.4,-0.71,-1.38,-0.71,-1.38
12.508,-0.94,-1.34,-0.71,-1.38,-0.71,-1.38
12.522,-0.92,-1.35,-0.71,-1.38,-0.71,-1.38
12.537,-0.89,-1.4,-0.71,-1.38,-0.71,-1.38
12.551,-0.92,-1.38,-0.71,-1.38,-0.71,-1.38
12.566,-0.99,-1.38,-0.71,-1.38,-0.71,-1.38
12.581,-0.98,-1.38,-0.71,-1.38,-0.71,-1.38
12.595,-0.93,-1.39,-0.71,-1.38,-0.71,-1.38
12.609,-0.9,-1.43,-0.71,-1.38,-0.71,-1.38
12.624,-0.92,-1.39,-0.71,-1.38,-0.71,-1.38
12.639,-0.92,-1.39,-0.71,-1.38,-0.71,-1.38
12.653,-0.93,-1.4,-0.71,-1.38,-0.71,-1.38
12.668,-0.93,-1.37,-0.71,-1.38,-0.71,-1.38
12.682,-0.93,-1.31,-0.71,-1.38,-0.71,-1.38
12.697,-0.92,-1.32,-0.71,-1.38,-0.71,-1.38
12.712,-0.92,-1.33,-0.71,-1.38,-0.71,-1.38
12.727,-0.9,-1.33,-0.71,-1.38,-0.71,-1.38
12.742,-0.94,-1.42,-0.71,-1.38,-0.71,-1.38
12.757,-0.93,-1.44,-0.71,-1.38,-0.71,-1.38
12.772,-0.91,-1.4,-0.71,-1.38,-0.71,-1.38
12.787,-0.93,-1.38,-0.71,-1.38,-0.71,-1.38
12.802,-0.9,-1.4,-0.71,-1.38,-0.71,-1.38
12.817,-0.89,-1.41,-0.71,-1.38,-0.71,-1.38
12.832,-0.93,-1.37,-0.71,-1.38,-0.71,-1.38
12.857,-0.97,-1.38,-0.71,-1.38,-0.71,-1.38
12.871,-0.91,-1.36,-0.7,-1.38,-0.71,-1.38
12.886,-0.94,-1.32,-0.7,-1.38,-0.71,-1.38
12.901,-0.96,-1.36,-0.7,-1.38,-0.71,-1.38
12.916,-0.96,-1.35,-0.7,-1.38,-0.71,-1.38
12.931,-0.9,-1.36,-0.71,-1.38,-0.71,-1.38
12.946,-0.94,-1.37,-0.7,-1.38,-0.71,-1.38
12.96,-0.87,-1.39,-0.7,-1.38,-0.7,-1.38
12.974,-0.92,-1.38,-0.7,-1.38,-0.7,-1.38
12.989,-0.93,-1.4,-0.7,-1.38,-0.7,-1.38
13.003,-0.9,-1.42,-0.7,-1.38,-0.7,-1.38
13.018,-0.92,-1.36,-0.7,-1.38,-0.7,-1.38
13.033,-0.9,-1.36,-0.7,-1.38,-0.7,-1.38
13.047,-0.91,-1.34,-0.7,-1.38,-0.7,-1.38
13.062,-0.97,-1.37,-0.7,-1.38,-0.7,-1.38
13.077,-0.98,-1.37,-0.7,-1.38,-0.7,-1.38
13.091,-0.98,-1.42,-0.7,-1.38,-0.7,-1.38
13.106,-0.94,-1.44,-0.7,-1.38,-0.7,-1.38
13.12,-0.96,-1.36,-0.7,-1.38,-0.7,-1.38
13.135,-0.98,-1.38,-0.7,-1.38,-0.7,-1.38
13.149,-0.94,-1.41,-0.7,-1.38,-0.7,-1.38
13.163,-0.93,-1.38,-0.7,-1.38,-0.7,-1.38
13.178,-0.93,-1.35,-0.7,-1.38,-0.7,-1.38
13.193,-0.91,-1.35,-0.7,-1.38,-0.7,-1.38
13.207,-0.94,-1.4,-0.7,-1.38,-0.7,-1.38
13.222,-0.92,-1.42,-0.7,-1.38,-0.7,-1.38
13.236,-0.93,-1.41,-0.7,-1.38,-0.7,-1.38
13.251,-0.91,-1.39,-0.7,-1.38,-0.7,-1.38
13.266,-0.89,-1.41,-0.7,-1.38,-0.7,-1.38
13.281,-0.92,-1.43,-0.7,-1.38,-0.7,-1.38
13.295,-0.94,-1.32,-0.7,-1.38,-0.7,-1.38
13.31,-0.96,-1.34,-0.7,-1.38,-0.7,-1.38
13.325,-0.88,-1.37,-0.7,-1.38,-0.71,-1.38
13.34,-0.86,-1.39,-0.7,-1.38,-0.7,-1.38
13.355,-0.89,-1.33,-0.7,-1.38,-0.7,-1.38
13.37,-0.85,-1.36,-0.7,-1.38,-0.7,-1.38
13.388,-0.84,-1.39,-0.7,-1.38,-0.7,-1.38
13.402,-0.88,-1.42,-0.7,-1.38,-0.7,-1.38
13.417,-0.92,-1.41,-0.7,-1.38,-0.7,-1.38
13.432,-0.94,-1.4,-0.7,-1.38,-0.7,-1.38
13.446,-1.01,-1.38,-0.7,-1.38,-0.7,-1.38
13.461,-1.0,-1.36,-0.7,-1.38,-0.7,-1.38
13.475,-0.94,-1.36,-0.7,-1.38,-0.7,-1.38
13.49,-0.9,-1.37,-0.7,-1.38,-0.7,-1.38
13.504,-0.91,-1.46,-0.7,-1.38,-0.71,-1.38
13.519,-0.91,-1.52,-0.7,-1.38,-0.7,-1.39
13.533,-0.86,-1.44,-0.7,-1.39,-0.7,-1.39
13.548,-0.87,-1.38,-0.7,-1.39,-0.7,-1.39
13.562,-0.94,-1.32,-0.7,-1.39,-0.7,-1.38
13.576,-0.98,-1.35,-0.7,-1.38,-0.7,-1.38
13.591,-1.01,-1.36,-0.7,-1.38,-0.7,-1.38
13.606,-0.85,-1.39,-0.7,-1.38,-0.7,-1.38
13.62,-0.85,-1.41,-0.7,-1.38,-0.71,-1.38
13.634,-0.93,-1.41,-0.7,-1.38,-0.71,-1.38
13.649,-0.94,-1.42,-0.7,-1.38,-0.71,-1.38
13.664,-0.96,-1.39,-0.7,-1.38,-0.71,-1.38
13.678,-0.97,-1.39,-0.71,-1.38,-0.71,-1.38
13.692,-0.86,-1.39,-0.71,-1.38,-0.71,-1.38
13.707,-0.85,-1.43,-0.7,-1.38,-0.71,-1.38
13.722,-0.95,-1.44,-0.7,-1.38,-0.71,-1.38
13.736,-0.96,-1.39,-0.7,-1.38,-0.71,-1.38
13.751,-0.93,-1.32,-0.7,-1.39,-0.71,-1.38
13.766,-0.92,-1.31,-0.7,-1.38,-0.71,-1.38
13.781,-0.87,-1.38,-0.7,-1.38,-0.7,-1.38
13.796,-0.84,-1.41,-0.7,-1.38,-0.7,-1.38
13.811,-0.88,-1.37,-0.7,-1.38,-0.7,-1.38
13.828,-0.91,-1.35,-0.7,-1.38,-0.7,-1.38
13.843,-0.97,-1.37,-0.7,-1.38,-0.7,-1.38
13.858,-0.94,-1.37,-0.7,-1.38,-0.71,-1.38
13.873,-0.91,-1.42,-0.7,-1.38,-0.71,-1.38
13.888,-0.92,-1.4,-0.7,-1.38,-0.71,-1.38
13.903,-0.97,-1.34,-0.7,-1.38,-0.71,-1.38
13.918,-0.91,-1.41,-0.7,-1.38,-0.71,-1.38
13.933,-0.92,-1.4,-0.7,-1.38,-0.71,-1.38
13.948,-0.97,-1.36,-0.7,-1.38,-0.71,-1.38
13.963,-0.86,-1.38,-0.71,-1.38,-0.71,-1.38
13.977,-0.92,-1.43,-0.7,-1.38,-0.71,-1.38
13.997,-0.87,-1.44,-0.7,-1.38,-0.7,-1.38
14.013,-0.92,-1.4,-0.7,-1.38,-0.7,-1.38
14.027,-0.98,-1.27,-0.7,-1.38,-0.7,-1.38
14.042,-1.0,-1.29,-0.7,-1.38,-0.7,-1.38
14.056,-0.88,-1.38,-0.7,-1.38,-0.7,-1.38
14.071,-0.85,-1.41,-0.7,-1.38,-0.7,-1.38
14.085,-0.85,-1.42,-0.7,-1.38,-0.7,-1.38
14.1,-0.95,-1.42,-0.7,-1.38,-0.7,-1.38
14.115,-0.92,-1.38,-0.7,-1.38,-0.7,-1.38
14.129,-0.9,-1.4,-0.7,-1.38,-0.7,-1.38
14.144,-0.9,-1.43,-0.7,-1.38,-0.7,-1.38
14.158,-0.95,-1.44,-0.7,-1.38,-0.7,-1.38
14.172,-0.93,-1.42,-0.7,-1.38,-0.7,-1.38
14.187,-0.86,-1.39,-0.7,-1.38,-0.7,-1.38
14.202,-0.9,-1.38,-0.7,-1.38,-0.7,-1.38
14.217,-0.96,-1.42,-0.7,-1.38,-0.7,-1.38
14.231,-0.95,-1.4,-0.7,-1.38,-0.7,-1.38
14.246,-0.8,-1.38,-0.7,-1.38,-0.7,-1.38
14.261,-0.81,-1.36,-0.7,-1.38,-0.7,-1.38
14.276,-0.85,-1.39,-0.7,-1.38,-0.7,-1.38
14.29,-0.87,-1.4,-0.7,-1.38,-0.7,-1.38
14.305,-0.94,-1.36,-0.7,-1.38,-0.7,-1.38
14.32,-0.96,-1.33,-0.7,-1.38,-0.7,-1.38
14.335,-0.94,-1.43,-0.7,-1.38,-0.7,-1.38
14.349,-0.9,-1.42,-0.7,-1.39,-0.7,-1.39
14.364,-0.85,-1.43,-0.7,-1.39,-0.7,-1.39
14.379,-0.88,-1.43,-0.7,-1.39,-0.7,-1.39
14.394,-0.9,-1.39,-0.7,-1.39,-0.7,-1.39
14.409,-0.89,-1.38,-0.7,-1.39,-0.7,-1.39
14.424,-0.92,-1.34,-0.7,-1.39,-0.7,-1.39
14.44,-0.98,-1.34,-0.7,-1.39,-0.7,-1.39
14.455,-0.97,-1.35,-0.7,-1.39,-0.7,-1.39
14.469,-0.9,-1.35,-0.7,-1.39,-0.7,-1.39
14.484,-0.91,-1.42,-0.7,-1.39,-0.7,-1.39
14.498,-0.94,-1.38,-0.7,-1.39,-0.7,-1.39
14.513,-0.96,-1.37,-0.7,-1.39,-0.7,-1.39
14.527,-0.97,-1.35,-0.7,-1.39,-0.7,-1.39
14.542,-0.88,-1.36,-0.7,-1.39,-0.7,-1.39
14.556,-0.85,-1.41,-0.7,-1.39,-0.7,-1.39
14.571,-0.97,-1.45,-0.7,-1.39,-0.7,-1.39
14.586,-0.92,-1.4,-0.7,-1.39,-0.7,-1.39
14.601,-0.9,-1.43,-0.7,-1.39,-0.7,-1.39
14.616,-0.94,-1.41,-0.7,-1.39,-0.7,-1.39
14.63,-0.91,-1.37,-0.7,-1.39,-0.7,-1.39
14.645,-0.93,-1.38,-0.7,-1.39,-0.7,-1.39
14.659,-0.87,-1.38,-0.7,-1.39,-0.7,-1.39
14.674,-0.87,-1.4,-0.7,-1.39,-0.7,-1.39
14.688,-0.9,-1.42,-0.7,-1.39,-0.7,-1.39
14.703,-0.94,-1.41,-0.7,-1.39,-0.7,-1.39
14.718,-0.95,-1.4,-0.7,-1.39,-0.7,-1.39
14.733,-0.86,-1.36,-0.7,-1.39,-0.7,-1.39
14.748,-0.9,-1.36,-0.7,-1.39,-0.7,-1.39
14.763,-0.93,-1.41,-0.7,-1.39,-0.7,-1.39
14.778,-0.87,-1.4,-0.7,-1.39,-0.7,-1.39
14.793,-0.86,-1.4,-0.7,-1.39,-0.7,-1.39
14.808,-0.93,-1.39,-0.7,-1.39,-0.7,-1.39
14.823,-0.96,-1.4,-0.7,-1.39,-0.7,-1.39
14.838,-0.94,-1.36,-0.7,-1.39,-0.7,-1.39
14.853,-0.94,-1.4,-0.7,-1.39,-0.7,-1.39
14.868,-0.92,-1.39,-0.7,-1.39,-0.7,-1.39
14.882,-0.95,-1.39,-0.7,-1.39,-0.7,-1.39
14.897,-0.94,-1.38,-0.7,-1.39,-0.7,-1.39
14.912,-0.92,-1.41,-0.7,-1.39,-0.7,-1.39
14.927,-0.94,-1.39,-0.7,-1.39,-0.71,-1.39
14.942,-0.94,-1.39,-0.7,-1.39,-0.71,-1.39
14.957,-0.92,-1.35,-0.71,-1.39,-0.71,-1.39
14.972,-0.92,-1.4,-0.7,-1.39,-0.71,-1.39
14.987,-0.92,-1.42,-0.7,-1.39,-0.71,-1.39
15.001,-0.94,-1.4,-0.7,-1.39,-0.71,-1.39
15.016,-0.9,-1.38,-0.7,-1.39,-0.7,-1.39
15.03,-0.87,-1.4,-0.7,-1.39,-0.7,-1.39
15.044,-0.9,-1.4,-0.7,-1.39,-0.7,-1.39
15.059,-0.9,-1.39,-0.7,-1.39,-0.71,-1.39
15.073,-0.89,-1.37,-0.7,-1.39,-0.71,-1.39
15.088,-1.0,-1.39,-0.7,-1.39,-0.71,-1.39
15.103,-0.96,-1.4,-0.7,-1.39,-0.71,-1.39
15.117,-0.99,-1.38,-0.7,-1.39,-0.71,-1.39
15.132,-0.98,-1.36,-0.7,-1.39,-0.71,-1.39
15.147,-0.9,-1.43,-0.7,-1.39,-0.71,-1.39
15.161,-0.93,-1.44,-0.7,-1.39,-0.71,-1.39
15.176,-0.96,-1.42,-0.71,-1.39,-0.71,-1.39
15.192,-0.94,-1.38,-0.71,-1.39,-0.71,-1.39
15.207,-0.91,-1.37,-0.71,-1.39,-0.71,-1.39
15.221,-0.93,-1.34,-0.71,-1.39,-0.71,-1.39
15.235,-0.95,-1.41,-0.71,-1.39,-0.71,-1.39
15.25,-1.01,-1.42,-0.71,-1.39,-0.71,-1.39
15.265,-0.91,-1.33,-0.71,-1.39,-0.71,-1.39
15.28,-1.0,-1.38,-0.7,-1.39,-0.71,-1.39
15.295,-0.89,-1.39,-0.71,-1.39,-0.71,-1.39
15.31,-0.88,-1.39,-0.71,-1.39,-0.71,-1.39
15.325,-0.94,-1.39,-0.71,-1.39,-0.71,-1.39
15.34,-0.93,-1.39,-0.71,-1.39,-0.71,-1.39
15.355,-0.84,-1.39,-0.71,-1.39,-0.71,-1.39
15.37,-0.83,-1.4,-0.71,-1.39,-0.71,-1.39
15.385,-1.13,-1.37,-0.7,-1.39,-0.71,-1.39
15.4,-1.06,-1.36,-0.7,-1.39,-0.7,-1.39
15.416,-0.92,-1.36,-0.7,-1.39,-0.71,-1.39
15.431,-0.89,-1.33,-0.7,-1.39,-0.71,-1.39
15.445,-0.9,-1.38,-0.7,-1.39,-0.71,-1.39
15.461,-0.92,-1.37,-0.7,-1.39,-0.71,-1.39
15.477,-0.94,-1.36,-0.7,-1.39,-0.71,-1.39
15.491,-1.05,-1.4,-0.7,-1.39,-0.71,-1.39
15.506,-1.03,-1.4,-0.7,-1.39,-0.71,-1.39
15.52,-0.85,-1.36,-0.71,-1.39,-0.71,-1.39
15.535,-0.99,-1.36,-0.7,-1.39,-0.71,-1.39
15.549,-0.94,-1.37,-0.71,-1.39,-0.71,-1.39
15.564,-0.93,-1.39,-0.71,-1.39,-0.71,-1.39
15.578,-0.95,-1.41,-0.71,-1.39,-0.71,-1.39
15.593,-0.9,-1.41,-0.71,-1.39,-0.71,-1.39
15.607,-0.76,-1.38,-0.7,-1.39,-0.7,-1.39
15.625,-1.25,-1.38,-0.7,-1.39,-0.7,-1.39
15.642,-0.82,-1.45,-0.71,-1.39,-0.71,-1.39
15.657,-0.66,-1.4,-0.72,-1.39,-0.72,-1.39
15.671,-1.02,-1.32,-0.72,-1.4,-0.72,-1.4
15.686,-1.04,-1.32,-0.71,-1.4,-0.72,-1.39
15.7,-0.96,-1.38,-0.71,-1.39,-0.72,-1.39
15.715,-0.94,-1.37,-0.72,-1.39,-0.72,-1.39
15.73,-0.9,-1.45,-0.72,-1.39,-0.72,-1.39
15.745,-0.92,-1.44,-0.72,-1.4,-0.72,-1.4
15.76,-0.85,-1.44,-0.72,-1.4,-0.72,-1.4
15.774,-0.86,-1.43,-0.71,-1.4,-0.72,-1.4
15.789,-0.69,-1.38,-0.71,-1.4,-0.71,-1.4
15.804,-0.21,-1.38,-0.69,-1.4,-0.68,-1.4
15.819,0.25,-1.45,-0.64,-1.4,-0.64,-1.4
15.834,-0.43,-1.43,-0.51,-1.4,-0.51,-1.4
15.849,-2.59,-1.41,-0.35,-1.4,-0.37,-1.4
15.864,-2.72,-1.41,-0.24,-1.4,-0.27,-1.4
15.88,-1.76,-1.35,-0.2,-1.4,-0.21,-1.4
15.895,-1.78,-1.32,-0.18,-1.4,-0.2,-1.4
15.909,-0.84,-1.36,-0.18,-1.4,-0.19,-1.4
15.924,-0.68,-1.4,-0.15,-1.4,-0.16,-1.4
15.939,-1.72,-1.32,-0.08,-1.4,-0.09,-1.4
15.954,-2.66,-1.33,-0.01,-1.4,-0.04,-1.4
15.969,-2.01,-1.39,-0.02,-1.4,-0.04,-1.4
15.984,-1.5,-1.33,-0.05,-1.4,-0.06,-1.4
15.999,-1.68,-1.39,-0.06,-1.4,-0.08,-1.4
16.013,-1.72,-1.33,-0.08,-1.4,-0.09,-1.4
16.028,-1.69,-1.41,-0.09,-1.4,-0.11,-1.4
16.042,-1.67,-1.43,-0.1,-1.4,-0.12,-1.4
16.057,-1.79,-1.44,-0.12,-1.4,-0.13,-1.4
16.071,-1.78,-1.36,-0.13,-1.4,-0.15,-1.4
16.086,-1.73,-1.28,-0.14,-1.4,-0.16,-1.4
16.101,-1.71,-1.34,-0.16,-1.4,-0.17,-1.4
16.115,-1.87,-1.4,-0.17,-1.4,-0.19,-1.4
16.129,-1.97,-1.4,-0.19,-1.4,-0.21,-1.4
16.143,-2.83,-1.36,-0.21,-1.4,-0.24,-1.4
16.158,-1.6,-1.39,-0.32,-1.4,-0.33,-1.4
16.173,-0.84,-1.26,-0.42,-1.4,-0.42,-1.39
16.187,-0.94,-1.22,-0.47,-1.4,-0.47,-1.39
16.201,-0.9,-1.27,-0.49,-1.39,-0.49,-1.39
16.216,-1.3,-1.43,-0.49,-1.39,-0.49,-1.39
16.23,-1.38,-1.38,-0.48,-1.39,-0.49,-1.39
16.245,-1.03,-1.36,-0.47,-1.39,-0.47,-1.39
16.26,-1.49,-1.33,-0.42,-1.39,-0.43,-1.39
16.275,-1.29,-1.28,-0.38,-1.39,-0.39,-1.39
16.29,-1.48,-1.27,-0.33,-1.39,-0.34,-1.39
16.305,-2.75,-1.46,-0.28,-1.39,-0.3,-1.39
16.32,-2.77,-1.52,-0.29,-1.39,-0.31,-1.39
16.335,-2.04,-1.43,-0.39,-1.39,-0.4,-1.39
16.35,-1.05,-1.35,-0.49,-1.39,-0.5,-1.39
16.364,-1.03,-1.36,-0.56,-1.39,-0.56,-1.39
16.379,-1.29,-1.32,-0.6,-1.39,-0.61,-1.39
16.394,-1.34,-1.34,-0.64,-1.39,-0.65,-1.39
16.409,-0.81,-1.32,-0.68,-1.39,-0.68,-1.39
16.424,-1.97,-1.43,-0.68,-1.39,-0.69,-1.39
16.439,-2.26,-1.73,-0.7,-1.39,-0.71,-1.39
16.454,-1.75,-1.29,-0.74,-1.4,-0.75,-1.4
16.469,-0.28,-0.11,-0.75,-1.4,-0.75,-1.38
16.483,-0.5,-0.91,-0.76,-1.3,-0.76,-1.3
16.498,-0.94,-2.02,-0.77,-1.19,-0.78,-1.2
16.512,-0.35,-1.88,-0.77,-1.12,-0.76,-1.12
16.527,-0.05,-1.12,-0.71,-1.11,-0.7,-1.11
16.542,-1.53,-0.76,-0.65,-1.1,-0.66,-1.09
16.556,-3.56,-1.6,-0.58,-1.0,-0.61,-1.01
16.57,-2.63,-3.58,-0.53,-0.94,-0.56,-0.97
16.587,-1.28,-3.12,-0.61,-0.98,-0.62,-1.0
16.602,-0.85,-1.69,-0.67,-1.02,-0.67,-1.03
16.616,-1.38,-0.87,-0.68,-1.05,-0.69,-1.04
16.631,-1.61,-0.24,-0.69,-1.04,-0.7,-1.04
16.646,-1.11,-1.0,-0.72,-0.96,-0.73,-0.96
16.66,-1.02,-0.07,-0.74,-0.87,-0.74,-0.87
16.675,-1.16,-0.22,-0.7,-0.81,-0.71,-0.81
16.689,-2.61,-3.03,-0.67,-0.76,-0.69,-0.79
16.704,-3.33,-3.77,-0.68,-0.73,-0.71,-0.76
16.718,-2.8,-3.9,-0.71,-0.71,-0.73,-0.75
16.733,0.23,-4.05,-0.71,-0.72,-0.7,-0.75
16.747,2.81,-4.09,-0.64,-0.7,-0.61,-0.74
16.762,2.24,-2.66,-0.67,-0.56,-0.64,-0.58
16.777,-0.61,-1.8,-0.83,-0.35,-0.83,-0.37
16.792,-1.88,-1.69,-1.14,-0.27,-1.15,-0.29
16.807,-6.21,-3.11,-1.46,-0.33,-1.5,-0.36
16.821,-8.06,-4.91,-1.62,-0.59,-1.68,-0.63
16.837,-3.56,-1.37,-1.71,-0.99,-1.73,-0.99
16.851,-0.89,0.52,-1.65,-1.3,-1.64,-1.29
16.866,0.66,-1.34,-1.53,-1.49,-1.51,-1.49
16.881,0.17,-0.93,-1.47,-1.49,-1.45,-1.48
16.897,-0.65,-0.89,-1.5,-1.43,-1.5,-1.43
16.912,-1.31,-1.58,-1.61,-1.33,-1.61,-1.33
16.927,-2.51,-0.99,-1.67,-1.21,-1.68,-1.21
16.942,-3.48,-0.56,-1.59,-1.11,-1.61,-1.1
16.956,-2.67,-1.24,-1.51,-1.06,-1.53,-1.07
16.971,-1.61,-1.14,-1.45,-1.14,-1.45,-1.14
16.986,0.31,-2.52,-1.36,-1.2,-1.34,-1.21
17.0,2.23,-2.98,-1.33,-1.24,-1.29,-1.26
17.015,2.65,-3.25,-1.37,-1.3,-1.33,-1.32
17.029,0.99,-2.67,-1.49,-1.34,-1.46,-1.35
17.043,-0.85,-1.59,-1.62,-1.35,-1.61,-1.35
17.058,-1.58,-1.85,-1.79,-1.34,-1.79,-1.35
17.072,-1.62,-2.32,-1.95,-1.34,-1.95,-1.35
17.086,0.3,-1.98,-2.08,-1.35,-2.05,-1.36
17.101,0.95,-1.04,-2.13,-1.36,-2.1,-1.36
17.115,-0.46,0.31,-2.12,-1.35,-2.1,-1.33
17.13,0.28,-0.17,-2.14,-1.36,-2.11,-1.35
17.144,-0.81,-2.02,-2.18,-1.39,-2.17,-1.39
17.159,-3.12,-1.78,-2.27,-1.36,-2.28,-1.36
17.174,-3.3,-1.84,-2.36,-1.31,-2.37,-1.31
17.188,-1.53,-1.75,-2.29,-1.26,-2.28,-1.27
17.203,1.64,-1.43,-2.12,-1.22,-2.08,-1.22
17.217,3.06,-2.4,-1.9,-1.13,-1.85,-1.14
17.231,4.8,-4.57,-1.7,-1.01,-1.64,-1.05
17.256,2.67,2.56,-1.91,-1.48,-1.87,-1.44
17.269,1.08,3.32,-2.17,-1.83,-2.14,-1.78
17.284,-1.74,-5.73,-2.46,-2.0,-2.46,-2.03
17.299,-0.04,-6.45,-2.62,-1.97,-2.6,-2.02
17.313,2.53,-1.62,-2.74,-1.96,-2.68,-1.96
17.328,1.85,-1.19,-2.83,-1.95,-2.79,-1.94
17.343,0.41,-1.72,-2.91,-1.94,-2.88,-1.93
17.358,1.22,-1.6,-2.92,-1.94,-2.88,-1.94
17.372,2.12,-1.5,-2.92,-1.95,-2.87,-1.94
17.387,1.8,-1.8,-2.94,-1.94,-2.9,-1.94
17.402,1.97,-1.78,-2.98,-1.93,-2.93,-1.92
17.417,1.4,-1.62,-3.03,-1.9,-2.98,-1.9
17.432,-1.68,-1.98,-3.15,-1.88,-3.14,-1.88
17.448,-0.59,-2.01,-3.36,-1.87,-3.33,-1.87
17.462,4.78,-1.37,-3.57,-1.87,-3.49,-1.87
17.477,3.4,-1.52,-3.63,-1.88,-3.56,-1.88
17.492,-3.05,-1.61,-3.38,-1.93,-3.38,-1.93
17.506,0.49,-1.27,-3.24,-1.97,-3.2,-1.96
17.521,4.17,-1.27,-3.18,-1.97,-3.11,-1.97
17.535,2.99,-1.41,-3.2,-1.94,-3.13,-1.93
17.55,3.7,-3.03,-3.2,-1.91,-3.13,-1.92
17.565,2.94,-4.08,-3.25,-2.01,-3.19,-2.03
17.58,-0.64,0.2,-3.37,-2.17,-3.34,-2.15
17.594,0.43,-0.87,-3.74,-2.22,-3.7,-2.21
17.608,2.64,-2.64,-4.14,-2.23,-4.07,-2.24
17.623,5.57,-1.25,-4.56,-2.32,-4.46,-2.31
17.637,7.87,1.86,-4.84,-2.41,-4.72,-2.37
17.651,5.36,0.66,-4.72,-2.49,-4.62,-2.46
17.666,3.6,1.48,-4.57,-2.54,-4.49,-2.5
17.68,5.06,-0.38,-4.73,-2.38,-4.63,-2.36
17.694,6.28,-3.4,-4.95,-2.19,-4.84,-2.21
17.709,6.44,-3.26,-5.17,-2.03,-5.05,-2.04
17.723,5.12,-2.78,-5.26,-1.93,-5.15,-1.94
17.738,2.51,-1.62,-5.31,-1.86,-5.24,-1.86
17.753,3.14,-1.42,-5.27,-1.83,-5.19,-1.83
17.767,5.37,-0.9,-5.18,-1.83,-5.07,-1.82
17.782,5.38,-1.11,-5.07,-1.82,-4.97,-1.81
17.797,5.11,-1.88,-4.97,-1.81,-4.87,-1.81
17.812,5.73,-1.09,-4.86,-1.82,-4.75,-1.81
17.827,4.44,0.92,-4.69,-1.82,-4.6,-1.79
17.841,1.64,2.07,-4.35,-1.8,-4.29,-1.76
17.856,5.73,-2.13,-4.03,-1.73,-3.94,-1.74
17.87,6.82,-4.75,-3.99,-1.56,-3.88,-1.59
17.886,3.5,-2.71,-4.04,-1.41,-3.96,-1.42
17.901,3.36,-1.36,-4.12,-1.32,-4.05,-1.32
17.915,5.71,-2.03,-4.18,-1.21,-4.08,-1.21
17.93,6.01,-2.66,-4.19,-1.03,-4.09,-1.05
17.945,6.45,-2.78,-4.21,-0.87,-4.11,-0.89
17.959,6.23,-2.73,-4.12,-0.76,-4.02,-0.78
17.974,4.4,-4.09,-3.94,-0.64,-3.86,-0.68
17.989,2.45,-3.66,-3.66,-0.62,-3.6,-0.65
18.004,5.09,-4.69,-3.39,-0.66,-3.3,-0.7
18.018,6.08,-5.02,-3.14,-0.78,-3.05,-0.82
18.032,4.28,-3.53,-2.93,-0.93,-2.86,-0.95
18.047,3.94,-2.7,-2.79,-1.11,-2.72,-1.13
18.061,4.04,-2.88,-2.67,-1.29,-2.6,-1.31
18.076,4.42,-2.2,-2.62,-1.56,-2.55,-1.56
18.09,5.1,-1.06,-2.58,-1.82,-2.5,-1.81
18.105,3.98,-0.79,-2.54,-2.03,-2.47,-2.01
18.119,2.59,-1.46,-2.57,-2.15,-2.52,-2.15
18.134,4.36,-1.54,-2.72,-2.21,-2.65,-2.2
18.148,4.25,-0.04,-2.92,-2.13,-2.85,-2.11
18.163,2.75,0.23,-3.1,-2.04,-3.04,-2.02
18.177,2.95,-0.48,-3.11,-2.0,-3.05,-1.99
18.191,3.93,-2.47,-3.0,-1.99,-2.93,-2.0
18.206,8.04,-0.51,-2.76,-2.01,-2.65,-1.99
18.22,7.66,0.4,-2.59,-1.89,-2.49,-1.87
18.234,3.93,0.76,-2.86,-1.57,-2.79,-1.54
18.25,6.25,-7.42,-3.31,-1.09,-3.22,-1.16
18.264,8.81,-10.68,-3.65,-0.57,-3.52,-0.67
18.28,11.07,-14.09,-4.01,-0.2,-3.86,-0.34
18.295,5.61,2.4,-4.28,-1.39,-4.18,-1.35
18.309,7.85,3.59,-4.57,-2.51,-4.44,-2.45
18.324,11.9,-1.54,-4.89,-2.45,-4.72,-2.44
18.339,9.85,-2.66,-4.98,-2.3,-4.83,-2.31
18.353,9.6,-1.77,-4.85,-2.3,-4.71,-2.29
18.368,8.2,-1.69,-4.7,-2.31,-4.57,-2.3
18.384,7.95,-1.62,-4.55,-2.31,-4.43,-2.3
18.398,7.76,-1.58,-4.41,-2.3,-4.29,-2.3
18.413,8.07,-1.34,-4.29,-2.3,-4.16,-2.29
18.428,7.87,-1.49,-4.16,-2.29,-4.04,-2.28
18.443,8.33,-1.68,-4.05,-2.28,-3.93,-2.28
18.458,8.1,-1.78,-3.94,-2.28,-3.82,-2.27
18.472,8.14,-1.8,-3.84,-2.27,-3.72,-2.27
18.487,8.41,-1.32,-3.75,-2.27,-3.63,-2.26
18.502,8.2,-1.3,-3.66,-2.25,-3.54,-2.25
18.516,8.89,-1.62,-3.57,-2.24,-3.45,-2.24
18.53,9.15,-1.68,-3.48,-2.23,-3.35,-2.23
18.545,8.54,-1.65,-3.36,-2.22,-3.24,-2.22
18.559,9.83,-1.63,-3.24,-2.22,-3.11,-2.21
18.573,10.46,-1.78,-3.05,-2.21,-2.92,-2.21
18.588,7.86,-1.8,-2.77,-2.21,-2.66,-2.2
18.602,5.62,-1.57,-2.41,-2.2,-2.33,-2.2
18.616,5.56,-1.44,-2.16,-2.19,-2.08,-2.18
18.631,9.81,-0.75,-2.18,-2.18,-2.06,-2.17
18.646,11.35,0.1,-2.14,-2.17,-2.01,-2.14
18.661,5.98,-1.36,-1.73,-2.14,-1.66,-2.13
18.676,0.02,-3.04,-1.39,-2.13,-1.38,-2.14
18.69,1.56,-1.73,-1.7,-2.15,-1.66,-2.14
18.704,17.74,-1.23,-2.22,-2.15,-2.02,-2.14
18.719,16.53,-1.77,-2.45,-2.13,-2.26,-2.13
18.733,9.12,-1.68,-2.3,-2.13,-2.19,-2.12
18.748,7.71,-1.59,-2.13,-2.12,-2.04,-2.12
18.763,8.95,-1.6,-2.03,-2.12,-1.92,-2.11
18.777,8.82,-1.56,-1.92,-2.11,-1.82,-2.11
18.792,8.92,-1.5,-1.81,-2.11,-1.71,-2.1
18.807,8.74,-1.5,-1.7,-2.1,-1.6,-2.1
18.822,8.92,-1.5,-1.6,-2.1,-1.49,-2.09
18.837,8.79,-1.54,-1.49,-2.09,-1.39,-2.08
18.852,8.89,-1.59,-1.39,-2.08,-1.28,-2.08
18.866,8.77,-1.6,-1.28,-2.08,-1.18,-2.07
18.883,8.83,-1.5,-1.18,-2.07,-1.08,-2.07
18.898,8.78,-1.53,-1.08,-2.07,-0.98,-2.06
18.913,8.87,-1.57,-0.98,-2.06,-0.88,-2.06
18.927,8.83,-1.56,-0.88,-2.06,-0.78,-2.05
18.943,8.8,-1.56,-0.78,-2.05,-0.69,-2.04
18.957,8.78,-1.58,-0.68,-2.04,-0.59,-2.04
18.972,8.77,-1.55,-0.59,-2.04,-0.49,-2.03
18.987,8.74,-1.52,-0.49,-2.03,-0.4,-2.03
19.002,8.76,-1.57,-0.4,-2.03,-0.31,-2.03
19.016,8.81,-1.56,-0.3,-2.02,-0.21,-2.02
19.031,8.85,-1.62,-0.21,-2.02,-0.12,-2.02
19.045,8.86,-1.6,-0.12,-2.02,-0.03,-2.01
19.06,8.77,-1.61,-0.02,-2.01,0.06,-2.01
19.074,8.79,-1.57,0.06,-2.01,0.15,-2.0
19.089,8.82,-1.53,0.15,-2.0,0.24,-2.0
19.103,8.82,-1.52,0.24,-2.0,0.33,-1.99
19.117,8.84,-1.52,0.33,-1.99,0.41,-1.99
19.131,8.77,-1.54,0.42,-1.99,0.5,-1.98
19.146,8.77,-1.54,0.5,-1.98,0.59,-1.98
19.16,8.78,-1.59,0.59,-1.98,0.67,-1.97
19.174,8.78,-1.61,0.67,-1.98,0.75,-1.97
19.189,8.83,-1.61,0.76,-1.97,0.84,-1.97
19.203,8.88,-1.59,0.84,-1.97,0.92,-1.96
19.217,8.88,-1.62,0.92,-1.96,1.0,-1.96
19.231,8.75,-1.59,1.0,-1.96,1.08,-1.96
19.245,8.78,-1.57,1.08,-1.96,1.16,-1.95
19.26,8.81,-1.53,1.16,-1.95,1.24,-1.95
19.274,8.8,-1.54,1.24,-1.95,1.32,-1.94
19.288,8.89,-1.64,1.32,-1.94,1.4,-1.94
19.303,8.9,-1.63,1.4,-1.94,1.47,-1.94
19.317,8.74,-1.61,1.48,-1.94,1.55,-1.93
19.332,8.73,-1.6,1.55,-1.93,1.62,-1.93
19.346,8.79,-1.57,1.63,-1.93,1.7,-1.93
19.361,8.82,-1.59,1.7,-1.93,1.77,-1.92
19.375,8.79,-1.59,1.77,-1.92,1.84,-1.92
19.39,8.79,-1.6,1.84,-1.92,1.91,-1.92
19.405,8.75,-1.62,1.91,-1.92,1.98,-1.91
19.42,8.79,-1.58,1.99,-1.91,2.05,-1.91
19.435,8.82,-1.56,2.05,-1.91,2.12,-1.91
19.449,8.86,-1.56,2.12,-1.91,2.19,-1.9
19.464,8.82,-1.6,2.19,-1.9,2.26,-1.9
19.479,8.82,-1.57,2.26,-1.9,2.33,-1.9
19.494,8.83,-1.57,2.33,-1.9,2.4,-1.89
19.508,8.79,-1.65,2.4,-1.89,2.46,-1.89
19.522,8.8,-1.63,2.46,-1.89,2.53,-1.89
19.536,8.85,-1.61,2.53,-1.89,2.59,-1.88
19.552,8.85,-1.6,2.6,-1.89,2.66,-1.88
19.566,8.82,-1.54,2.66,-1.88,2.72,-1.88
19.58,8.82,-1.54,2.73,-1.88,2.79,-1.88
19.595,9.09,-1.76,2.79,-1.88,2.85,-1.88
19.609,8.78,-1.47,2.86,-1.88,2.92,-1.88
19.623,8.39,-1.27,2.93,-1.88,2.98,-1.87
19.637,8.72,-1.61,2.98,-1.87,3.04,-1.87
19.652,8.89,-1.77,3.04,-1.87,3.1,-1.87
19.666,8.96,-1.57,3.1,-1.87,3.16,-1.86
19.68,8.62,-1.44,3.17,-1.86,3.22,-1.86
19.694,8.58,-1.57,3.22,-1.86,3.28,-1.86
19.709,8.72,-1.61,3.28,-1.86,3.33,-1.86
19.723,9.0,-1.56,3.33,-1.86,3.39,-1.85
19.737,8.79,-1.5,3.4,-1.85,3.45,-1.85
19.752,8.6,-1.49,3.45,-1.85,3.51,-1.85
19.766,8.79,-1.64,3.51,-1.85,3.56,-1.85
19.78,8.98,-1.7,3.56,-1.85,3.62,-1.85
19.795,8.75,-1.53,3.62,-1.85,3.67,-1.84
19.81,8.69,-1.48,3.67,-1.84,3.72,-1.84
19.824,8.84,-1.62,3.72,-1.84,3.78,-1.84
19.839,8.86,-1.56,3.78,-1.84,3.83,-1.84
19.854,8.73,-1.47,3.83,-1.84,3.88,-1.83
19.868,8.66,-1.57,3.88,-1.83,3.93,-1.83
19.883,8.69,-1.54,3.93,-1.83,3.98,-1.83
19.898,8.77,-1.57,3.98,-1.83,4.03,-1.82
19.912,8.74,-1.63,4.03,-1.82,4.08,-1.82
19.927,8.72,-1.57,4.08,-1.82,4.13,-1.82
19.941,8.84,-1.53,4.13,-1.82,4.18,-1.82
19.956,8.9,-1.52,4.18,-1.82,4.23,-1.81
19.97,8.76,-1.51,4.23,-1.81,4.27,-1.81
19.985,8.77,-1.53,4.28,-1.81,4.32,-1.81
20.0,8.77,-1.58,4.32,-1.81,4.37,-1.8
20.014,8.76,-1.55,4.37,-1.8,4.41,-1.8
20.029,8.78,-1.49,4.42,-1.8,4.46,-1.8
20.043,8.79,-1.56,4.46,-1.8,4.5,-1.8
20.057,8.78,-1.54,4.51,-1.8,4.55,-1.79
20.071,8.8,-1.55,4.55,-1.79,4.59,-1.79
20.086,8.79,-1.59,4.59,-1.79,4.64,-1.79
20.1,8.76,-1.52,4.64,-1.79,4.68,-1.79
20.114,8.76,-1.51,4.68,-1.79,4.72,-1.78
20.128,8.78,-1.55,4.72,-1.78,4.76,-1.78
20.142,8.77,-1.54,4.77,-1.78,4.81,-1.78
20.156,8.76,-1.55,4.81,-1.78,4.85,-1.77
20.17,8.83,-1.56,4.85,-1.77,4.89,-1.77
20.185,8.82,-1.57,4.89,-1.77,4.93,-1.77
20.199,8.75,-1.5,4.93,-1.77,4.97,-1.77
20.213,8.81,-1.51,4.97,-1.77,5.01,-1.76
20.227,8.75,-1.6,5.01,-1.76,5.05,-1.76
20.241,8.75,-1.63,5.05,-1.76,5.09,-1.76
20.256,8.77,-1.63,5.09,-1.76,5.13,-1.76
20.27,8.85,-1.57,5.13,-1.76,5.17,-1.76
20.285,8.89,-1.52,5.17,-1.76,5.21,-1.76
20.299,8.83,-1.55,5.21,-1.76,5.24,-1.75
20.315,8.79,-1.58,5.24,-1.75,5.28,-1.75
20.33,8.78,-1.57,5.28,-1.75,5.32,-1.75
20.344,8.77,-1.57,5.32,-1.75,5.35,-1.75
20.359,8.8,-1.59,5.36,-1.75,5.39,-1.75
20.374,8.74,-1.64,5.39,-1.75,5.43,-1.74
20.388,8.8,-1.61,5.43,-1.74,5.46,-1.74
20.403,8.85,-1.6,5.47,-1.74,5.5,-1.74
20.417,8.75,-1.55,5.5,-1.74,5.54,-1.74
20.432,8.74,-1.54,5.54,-1.74,5.57,-1.74
20.446,8.73,-1.55,5.57,-1.74,5.6,-1.74
20.461,8.8,-1.55,5.61,-1.74,5.64,-1.73
20.476,8.82,-1.54,5.64,-1.73,5.67,-1.73
20.496,8.78,-1.59,5.68,-1.73,5.71,-1.73
20.512,8.82,-1.57,5.71,-1.73,5.74,-1.73
20.527,8.85,-1.56,5.74,-1.73,5.77,-1.73
20.541,8.82,-1.57,5.77,-1.73,5.81,-1.73
20.555,8.8,-1.52,5.81,-1.73,5.84,-1.73
20.569,8.79,-1.54,5.84,-1.73,5.87,-1.72
20.584,8.78,-1.52,5.87,-1.72,5.9,-1.72
20.598,8.78,-1.52,5.9,-1.72,5.93,-1.72
20.612,8.8,-1.55,5.93,-1.72,5.96,-1.72
20.626,8.86,-1.56,5.96,-1.72,5.99,-1.72
20.642,8.88,-1.56,5.99,-1.72,6.02,-1.72
20.656,8.83,-1.57,6.02,-1.72,6.05,-1.71
20.671,8.79,-1.54,6.05,-1.71,6.08,-1.71
20.685,8.84,-1.5,6.08,-1.71,6.11,-1.71
20.699,8.82,-1.5,6.11,-1.71,6.14,-1.71
20.713,8.75,-1.56,6.14,-1.71,6.17,-1.71
20.727,8.72,-1.58,6.17,-1.71,6.19,-1.71
20.742,8.75,-1.54,6.2,-1.71,6.22,-1.7
20.756,8.78,-1.53,6.22,-1.7,6.25,-1.7
20.77,8.8,-1.56,6.25,-1.7,6.28,-1.7
20.784,8.83,-1.54,6.28,-1.7,6.3,-1.7
20.799,8.85,-1.52,6.31,-1.7,6.33,-1.7
20.813,8.83,-1.46,6.33,-1.7,6.36,-1.69
20.828,8.82,-1.5,6.36,-1.69,6.39,-1.69
20.842,8.81,-1.48,6.39,-1.69,6.41,-1.69
20.857,8.82,-1.48,6.41,-1.69,6.44,-1.69
20.871,8.83,-1.58,6.44,-1.69,6.47,-1.69
20.885,8.79,-1.6,6.47,-1.69,6.49,-1.69
20.9,8.78,-1.56,6.49,-1.69,6.52,-1.68
20.914,8.78,-1.56,6.52,-1.69,6.54,-1.68
20.929,8.81,-1.57,6.54,-1.68,6.56,-1.68
20.943,8.83,-1.59,6.57,-1.68,6.59,-1.68
20.958,8.77,-1.57,6.59,-1.68,6.61,-1.68
20.972,8.73,-1.57,6.61,-1.68,6.64,-1.68
20.986,8.75,-1.61,6.64,-1.68,6.66,-1.68
21.001,8.86,-1.58,6.66,-1.68,6.68,-1.68
21.015,8.86,-1.53,6.68,-1.68,6.71,-1.68
21.029,8.87,-1.49,6.71,-1.68,6.73,-1.68
21.044,8.8,-1.51,6.73,-1.68,6.75,-1.67
21.058,8.78,-1.59,6.75,-1.67,6.77,-1.67
21.072,8.82,-1.59,6.78,-1.67,6.8,-1.67
21.086,8.78,-1.61,6.8,-1.67,6.82,-1.67
21.1,8.74,-1.56,6.82,-1.67,6.84,-1.67
21.115,8.76,-1.56,6.84,-1.67,6.86,-1.67
21.129,8.85,-1.52,6.86,-1.67,6.88,-1.67
21.143,8.89,-1.57,6.88,-1.67,6.9,-1.67
21.157,8.77,-1.53,6.91,-1.67,6.92,-1.67
21.172,8.77,-1.54,6.92,-1.66,6.94,-1.66
21.186,8.78,-1.53,6.94,-1.66,6.96,-1.66
21.2,8.76,-1.57,6.96,-1.66,6.98,-1.66
21.215,8.78,-1.6,6.98,-1.66,7.0,-1.66
21.229,8.78,-1.56,7.0,-1.66,7.02,-1.66
21.243,8.74,-1.59,7.02,-1.66,7.04,-1.66
21.258,8.74,-1.57,7.04,-1.66,7.06,-1.66
21.272,8.74,-1.55,7.06,-1.66,7.08,-1.66
21.287,8.82,-1.56,7.08,-1.66,7.1,-1.66
21.301,8.84,-1.54,7.1,-1.66,7.12,-1.65
21.315,8.81,-1.55,7.12,-1.65,7.14,-1.65
21.33,8.82,-1.53,7.14,-1.65,7.16,-1.65
21.345,8.82,-1.52,7.16,-1.65,7.18,-1.65
21.359,8.77,-1.52,7.18,-1.65,7.2,-1.65
21.374,8.76,-1.53,7.2,-1.65,7.21,-1.65
21.388,8.8,-1.52,7.22,-1.65,7.23,-1.65
21.406,8.76,-1.57,7.24,-1.65,7.25,-1.65
21.42,8.76,-1.6,7.25,-1.65,7.27,-1.65
21.435,8.73,-1.57,7.27,-1.65,7.28,-1.65
21.45,8.72,-1.52,7.29,-1.65,7.3,-1.64
21.465,8.78,-1.55,7.3,-1.64,7.32,-1.64
21.479,8.85,-1.59,7.32,-1.64,7.34,-1.64
21.494,8.87,-1.6,7.34,-1.64,7.35,-1.64
21.508,8.8,-1.58,7.35,-1.64,7.37,-1.64
21.522,8.78,-1.56,7.37,-1.64,7.39,-1.64
21.537,8.78,-1.59,7.39,-1.64,7.4,-1.64
21.551,8.77,-1.58,7.4,-1.64,7.42,-1.64
21.565,8.78,-1.56,7.42,-1.64,7.43,-1.64
21.58,8.75,-1.58,7.43,-1.64,7.45,-1.64
21.594,8.86,-1.57,7.45,-1.64,7.46,-1.64
21.608,8.88,-1.59,7.47,-1.64,7.48,-1.64
21.622,8.8,-1.59,7.48,-1.64,7.49,-1.64
21.636,8.8,-1.58,7.5,-1.64,7.51,-1.64
21.651,8.82,-1.62,7.51,-1.64,7.52,-1.64
21.665,8.8,-1.57,7.53,-1.64,7.54,-1.64
21.679,8.77,-1.54,7.54,-1.64,7.55,-1.63
21.693,8.74,-1.55,7.55,-1.63,7.57,-1.63
21.708,8.75,-1.6,7.57,-1.63,7.58,-1.63
21.722,8.75,-1.61,7.58,-1.63,7.59,-1.63
21.736,8.77,-1.61,7.6,-1.63,7.61,-1.63
21.751,8.79,-1.49,7.61,-1.63,7.62,-1.63
21.765,8.88,-1.52,7.62,-1.63,7.64,-1.63
21.779,8.82,-1.59,7.64,-1.63,7.65,-1.63
21.794,8.8,-1.53,7.65,-1.63,7.66,-1.63
21.808,8.74,-1.46,7.67,-1.63,7.68,-1.63
21.823,8.8,-1.57,7.68,-1.62,7.69,-1.62
21.838,8.82,-1.6,7.69,-1.62,7.7,-1.62
21.852,8.74,-1.54,7.71,-1.62,7.72,-1.62
21.867,8.73,-1.49,7.72,-1.62,7.73,-1.62
21.882,8.71,-1.57,7.73,-1.62,7.74,-1.62
21.896,8.73,-1.56,7.74,-1.62,7.75,-1.62
21.911,8.76,-1.58,7.75,-1.62,7.76,-1.62
21.926,8.82,-1.58,7.77,-1.62,7.78,-1.62
21.94,8.83,-1.58,7.78,-1.62,7.79,-1.62
21.954,8.78,-1.53,7.79,-1.62,7.8,-1.62
21.969,8.74,-1.57,7.81,-1.62,7.82,-1.62
21.984,8.78,-1.58,7.82,-1.62,7.83,-1.62
21.999,8.8,-1.58,7.83,-1.62,7.84,-1.62
22.013,8.73,-1.55,7.84,-1.62,7.85,-1.62
22.028,8.84,-1.57,7.85,-1.62,7.86,-1.61
22.043,8.87,-1.59,7.86,-1.62,7.87,-1.62
22.057,8.77,-1.55,7.88,-1.62,7.88,-1.61
22.071,8.77,-1.54,7.89,-1.61,7.9,-1.61
22.086,8.79,-1.53,7.9,-1.61,7.91,-1.61
22.1,8.79,-1.56,7.91,-1.61,7.92,-1.61
22.118,8.73,-1.57,7.92,-1.61,7.93,-1.61
22.134,8.79,-1.55,7.93,-1.61,7.94,-1.61
22.148,8.85,-1.54,7.94,-1.61,7.95,-1.61
22.162,8.78,-1.57,7.95,-1.61,7.96,-1.61
22.177,8.75,-1.59,7.96,-1.61,7.97,-1.61
22.191,8.77,-1.59,7.97,-1.61,7.98,-1.61
22.205,8.79,-1.56,7.98,-1.61,7.99,-1.61
22.22,8.77,-1.54,7.99,-1.61,8.0,-1.61
22.234,8.83,-1.52,8.0,-1.61,8.01,-1.61
22.248,8.8,-1.52,8.01,-1.61,8.02,-1.61
22.262,8.76,-1.51,8.02,-1.61,8.03,-1.61
22.276,8.75,-1.59,8.03,-1.61,8.04,-1.61
22.29,8.78,-1.62,8.04,-1.61,8.05,-1.61
22.305,8.8,-1.59,8.05,-1.61,8.05,-1.61
22.319,8.8,-1.58,8.06,-1.61,8.06,-1.61
22.333,8.76,-1.59,8.07,-1.61,8.07,-1.61
22.348,8.74,-1.57,8.07,-1.61,8.08,-1.61
22.362,8.74,-1.54,8.08,-1.61,8.09,-1.61
22.377,8.77,-1.52,8.09,-1.61,8.1,-1.61
22.392,8.77,-1.55,8.1,-1.61,8.11,-1.61
22.406,8.81,-1.56,8.11,-1.61,8.12,-1.61
22.421,8.8,-1.54,8.12,-1.61,8.13,-1.61
22.436,8.83,-1.53,8.13,-1.61,8.13,-1.61
22.45,8.83,-1.55,8.14,-1.61,8.14,-1.61
22.465,8.82,-1.57,8.15,-1.61,8.15,-1.61
22.48,8.81,-1.61,8.15,-1.61,8.16,-1.61
22.494,8.83,-1.57,8.16,-1.6,8.17,-1.6
22.509,8.82,-1.59,8.17,-1.6,8.18,-1.6
22.523,8.85,-1.59,8.18,-1.6,8.19,-1.6
22.538,8.84,-1.59,8.19,-1.6,8.2,-1.6
22.552,8.83,-1.54,8.2,-1.6,8.2,-1.6
22.567,8.82,-1.55,8.21,-1.6,8.21,-1.6
22.581,8.83,-1.57,8.22,-1.6,8.22,-1.6
22.595,8.84,-1.57,8.22,-1.6,8.23,-1.6
22.609,8.82,-1.53,8.23,-1.6,8.24,-1.6
22.624,8.93,-1.59,8.24,-1.6,8.25,-1.6
22.638,8.92,-1.61,8.25,-1.6,8.26,-1.6
22.652,8.74,-1.54,8.26,-1.6,8.26,-1.6
22.667,8.78,-1.55,8.26,-1.6,8.27,-1.6
22.681,8.84,-1.6,8.27,-1.6,8.28,-1.6
22.695,8.83,-1.6,8.28,-1.6,8.29,-1.6
22.709,8.75,-1.52,8.29,-1.6,8.29,-1.6
22.723,8.76,-1.51,8.3,-1.6,8.3,-1.59
22.738,8.78,-1.55,8.3,-1.59,8.31,-1.59
22.752,8.72,-1.58,8.31,-1.59,8.31,-1.59
22.766,8.77,-1.53,8.31,-1.59,8.32,-1.59
22.78,8.84,-1.61,8.32,-1.59,8.33,-1.59
22.795,8.8,-1.67,8.33,-1.59,8.33,-1.59
22.81,8.73,-1.52,8.34,-1.59,8.34,-1.59
22.824,8.77,-1.49,8.34,-1.59,8.35,-1.59
22.838,8.84,-1.56,8.35,-1.59,8.35,-1.59
22.853,8.82,-1.57,8.35,-1.59,8.36,-1.59
22.867,8.82,-1.53,8.36,-1.59,8.36,-1.59
22.882,8.88,-1.52,8.36,-1.59,8.37,-1.59
22.897,8.8,-1.54,8.37,-1.59,8.38,-1.59
22.912,8.72,-1.55,8.38,-1.59,8.38,-1.59
22.926,8.69,-1.58,8.38,-1.59,8.39,-1.59
22.941,8.82,-1.62,8.39,-1.59,8.39,-1.59
22.955,8.86,-1.63,8.39,-1.59,8.4,-1.59
22.97,8.88,-1.54,8.4,-1.59,8.41,-1.59
22.985,8.85,-1.5,8.41,-1.59,8.41,-1.59
22.999,8.7,-1.57,8.41,-1.59,8.42,-1.59
23.014,8.74,-1.59,8.42,-1.59,8.42,-1.59
23.029,8.81,-1.54,8.43,-1.59,8.43,-1.59
23.043,8.83,-1.54,8.43,-1.59,8.44,-1.59
23.058,8.88,-1.57,8.44,-1.59,8.44,-1.59
23.072,8.89,-1.57,8.44,-1.59,8.45,-1.59
23.086,8.75,-1.53,8.45,-1.58,8.45,-1.58
23.1,8.71,-1.57,8.46,-1.58,8.46,-1.58
23.115,8.8,-1.61,8.46,-1.58,8.46,-1.58
23.129,8.84,-1.59,8.47,-1.58,8.47,-1.58
23.143,8.83,-1.54,8.47,-1.58,8.47,-1.58
23.157,8.85,-1.54,8.48,-1.58,8.48,-1.58
23.172,8.83,-1.63,8.48,-1.58,8.49,-1.58
23.186,8.77,-1.61,8.49,-1.58,8.49,-1.58
23.2,8.8,-1.54,8.49,-1.58,8.5,-1.58
23.215,8.81,-1.53,8.5,-1.58,8.5,-1.58
23.229,8.8,-1.58,8.5,-1.58,8.51,-1.58
23.243,8.84,-1.53,8.51,-1.58,8.51,-1.58
23.257,8.82,-1.52,8.51,-1.58,8.52,-1.58
23.271,8.8,-1.58,8.52,-1.58,8.52,-1.58
23.286,8.82,-1.59,8.52,-1.58,8.52,-1.58
23.3,8.82,-1.54,8.52,-1.58,8.53,-1.58
23.314,8.79,-1.56,8.53,-1.58,8.53,-1.58
23.329,8.79,-1.57,8.53,-1.58,8.54,-1.58
23.343,8.81,-1.55,8.54,-1.58,8.54,-1.58
23.358,8.86,-1.56,8.54,-1.58,8.54,-1.58
23.372,8.85,-1.57,8.55,-1.58,8.55,-1.58
23.387,8.8,-1.59,8.55,-1.58,8.55,-1.58
23.402,8.78,-1.58,8.56,-1.58,8.56,-1.58
23.417,8.81,-1.59,8.56,-1.58,8.56,-1.58
23.431,8.81,-1.61,8.57,-1.58,8.57,-1.58
23.446,8.81,-1.55,8.57,-1.58,8.57,-1.58
23.461,8.83,-1.53,8.57,-1.58,8.58,-1.58
23.475,8.83,-1.56,8.58,-1.58,8.58,-1.58
23.49,8.82,-1.59,8.58,-1.58,8.59,-1.58
23.505,8.84,-1.62,8.59,-1.58,8.59,-1.58
23.52,8.82,-1.58,8.59,-1.58,8.59,-1.58
23.534,8.82,-1.59,8.59,-1.58,8.6,-1.58
23.549,8.8,-1.61,8.6,-1.58,8.6,-1.58
23.563,8.81,-1.61,8.6,-1.59,8.61,-1.59
23.578,8.8,-1.59,8.61,-1.59,8.61,-1.59
23.592,8.76,-1.59,8.61,-1.59,8.61,-1.59
23.606,8.77,-1.55,8.62,-1.59,8.62,-1.59
23.621,8.79,-1.5,8.62,-1.59,8.62,-1.59
23.635,8.8,-1.54,8.62,-1.59,8.63,-1.59
23.649,8.77,-1.57,8.63,-1.59,8.63,-1.59
23.663,8.77,-1.57,8.63,-1.58,8.63,-1.58
23.677,8.82,-1.61,8.63,-1.58,8.64,-1.58
23.692,8.81,-1.58,8.64,-1.58,8.64,-1.58
23.706,8.78,-1.57,8.64,-1.58,8.64,-1.58
23.72,8.81,-1.59,8.65,-1.58,8.65,-1.58
23.735,8.84,-1.59,8.65,-1.58,8.65,-1.58
23.753,8.83,-1.54,8.66,-1.58,8.66,-1.58
23.77,8.81,-1.56,8.66,-1.58,8.66,-1.58
23.784,8.79,-1.57,8.66,-1.58,8.66,-1.58
23.798,8.78,-1.53,8.67,-1.58,8.67,-1.58
23.812,8.77,-1.55,8.67,-1.58,8.67,-1.58
23.827,8.72,-1.59,8.67,-1.58,8.67,-1.58
23.842,8.76,-1.56,8.67,-1.58,8.67,-1.58
23.856,8.84,-1.56,8.68,-1.58,8.68,-1.58
23.871,8.84,-1.55,8.68,-1.58,8.68,-1.58
23.886,8.78,-1.59,8.68,-1.58,8.68,-1.58
23.9,8.78,-1.57,8.68,-1.58,8.68,-1.58
23.914,8.78,-1.54,8.69,-1.58,8.69,-1.57
23.929,8.78,-1.6,8.69,-1.57,8.69,-1.58
23.944,8.81,-1.58,8.69,-1.57,8.69,-1.57
23.958,8.82,-1.57,8.69,-1.57,8.7,-1.57
23.973,8.8,-1.59,8.7,-1.57,8.7,-1.57
23.987,8.8,-1.6,8.7,-1.57,8.7,-1.57
24.002,8.8,-1.59,8.7,-1.57,8.7,-1.57
24.016,8.85,-1.58,8.7,-1.57,8.71,-1.57
24.031,8.86,-1.57,8.71,-1.57,8.71,-1.57
24.045,8.82,-1.55,8.71,-1.57,8.71,-1.57
24.06,8.78,-1.55,8.71,-1.57,8.72,-1.57
24.074,8.81,-1.54,8.72,-1.57,8.72,-1.57
24.088,8.83,-1.55,8.72,-1.57,8.72,-1.57
24.103,8.78,-1.55,8.72,-1.57,8.72,-1.57
24.117,8.76,-1.57,8.72,-1.57,8.73,-1.57
24.131,8.81,-1.57,8.73,-1.57,8.73,-1.57
24.146,8.84,-1.57,8.73,-1.57,8.73,-1.57
24.16,8.82,-1.57,8.73,-1.57,8.74,-1.57
24.174,8.83,-1.56,8.74,-1.57,8.74,-1.57
24.188,8.85,-1.56,8.74,-1.57,8.74,-1.57
24.203,8.84,-1.59,8.74,-1.57,8.74,-1.57
24.217,8.82,-1.59,8.75,-1.57,8.75,-1.57
24.234,8.79,-1.57,8.75,-1.57,8.75,-1.57
24.249,8.75,-1.52,8.75,-1.57,8.75,-1.57
24.263,8.76,-1.5,8.75,-1.57,8.75,-1.57
24.277,8.77,-1.51,8.76,-1.57,8.76,-1.57
24.291,8.83,-1.56,8.76,-1.57,8.76,-1.57
24.306,8.83,-1.56,8.76,-1.57,8.76,-1.57
24.32,8.78,-1.53,8.76,-1.57,8.76,-1.57
24.334,8.73,-1.51,8.76,-1.57,8.76,-1.57
24.349,8.73,-1.54,8.77,-1.57,8.77,-1.57
24.363,8.79,-1.59,8.77,-1.57,8.77,-1.57
24.378,8.83,-1.55,8.77,-1.57,8.77,-1.57
24.392,8.85,-1.55,8.77,-1.57,8.77,-1.57
24.406,8.82,-1.62,8.78,-1.57,8.78,-1.57
24.421,8.75,-1.57,8.78,-1.57,8.78,-1.57
24.436,8.74,-1.55,8.78,-1.57,8.78,-1.57
24.45,8.77,-1.54,8.78,-1.57,8.78,-1.57
24.465,8.77,-1.54,8.78,-1.57,8.78,-1.57
24.48,8.75,-1.57,8.79,-1.57,8.79,-1.57
24.494,8.78,-1.56,8.79,-1.57,8.79,-1.57
24.509,8.74,-1.57,8.79,-1.57,8.79,-1.57
24.524,8.76,-1.55,8.79,-1.57,8.79,-1.57
24.538,8.84,-1.53,8.79,-1.57,8.79,-1.57
24.553,8.8,-1.57,8.8,-1.57,8.8,-1.57
24.567,8.78,-1.6,8.8,-1.57,8.8,-1.57
24.581,8.83,-1.53,8.8,-1.57,8.8,-1.57
24.595,8.8,-1.53,8.8,-1.57,8.8,-1.57
24.609,8.77,-1.59,8.8,-1.57,8.8,-1.57
24.624,8.78,-1.56,8.81,-1.57,8.8,-1.57
24.638,8.8,-1.52,8.81,-1.57,8.81,-1.57
24.652,8.8,-1.59,8.81,-1.57,8.81,-1.57
24.666,8.79,-1.66,8.81,-1.57,8.81,-1.57
24.68,8.73,-1.64,8.81,-1.57,8.81,-1.57
24.694,8.78,-1.59,8.81,-1.57,8.81,-1.57
24.708,8.73,-1.56,8.82,-1.57,8.82,-1.57
24.723,8.69,-1.6,8.82,-1.57,8.82,-1.57
24.737,8.8,-1.59,8.82,-1.57,8.82,-1.57
24.751,8.78,-1.56,8.82,-1.57,8.82,-1.57
24.766,8.83,-1.5,8.82,-1.57,8.82,-1.57
24.78,8.84,-1.52,8.82,-1.57,8.82,-1.57
24.794,8.8,-1.54,8.83,-1.57,8.83,-1.57
24.809,8.86,-1.54,8.83,-1.57,8.83,-1.57
24.823,8.86,-1.54,8.83,-1.56,8.83,-1.56
24.837,8.84,-1.5,8.83,-1.56,8.83,-1.56
24.852,8.84,-1.47,8.83,-1.56,8.83,-1.56
24.867,8.77,-1.53,8.84,-1.56,8.83,-1.56
24.882,8.76,-1.55,8.84,-1.56,8.84,-1.56
24.897,8.77,-1.53,8.84,-1.56,8.84,-1.56
24.911,8.79,-1.56,8.84,-1.56,8.84,-1.56
24.926,8.8,-1.56,8.84,-1.56,8.84,-1.56
24.94,8.75,-1.57,8.84,-1.56,8.84,-1.56
24.955,8.72,-1.53,8.84,-1.56,8.84,-1.56
24.969,8.74,-1.56,8.84,-1.56,8.84,-1.56
24.983,8.83,-1.62,8.84,-1.56,8.84,-1.56
24.998,8.85,-1.6,8.85,-1.56,8.85,-1.56
25.012,8.84,-1.59,8.85,-1.56,8.85,-1.56
25.027,8.77,-1.59,8.85,-1.56,8.85,-1.56
25.041,8.75,-1.59,8.85,-1.56,8.85,-1.56
25.056,8.78,-1.55,8.85,-1.56,8.85,-1.56
25.07,8.77,-1.55,8.85,-1.56,8.85,-1.56
25.085,8.82,-1.54,8.86,-1.56,8.86,-1.56
25.099,8.88,-1.57,8.86,-1.56,8.86,-1.56
25.114,8.79,-1.53,8.86,-1.56,8.86,-1.56
25.128,8.75,-1.55,8.86,-1.56,8.86,-1.56
25.142,8.81,-1.58,8.86,-1.56,8.86,-1.56
25.157,8.8,-1.57,8.86,-1.56,8.86,-1.56
25.171,8.81,-1.52,8.86,-1.56,8.86,-1.56
25.185,8.81,-1.55,8.86,-1.56,8.86,-1.56
25.199,8.79,-1.55,8.87,-1.56,8.87,-1.56
25.214,8.75,-1.57,8.87,-1.56,8.87,-1.56
25.228,8.78,-1.57,8.87,-1.56,8.87,-1.56
25.242,8.81,-1.56,8.87,-1.56,8.87,-1.56
25.256,8.83,-1.55,8.87,-1.56,8.87,-1.56
25.271,8.86,-1.57,8.87,-1.56,8.87,-1.56
25.285,8.82,-1.6,8.87,-1.56,8.87,-1.56
25.299,8.78,-1.6,8.87,-1.56,8.87,-1.56
25.314,8.75,-1.59,8.88,-1.56,8.87,-1.56
25.328,8.82,-1.55,8.88,-1.56,8.88,-1.56
25.342,8.83,-1.56,8.88,-1.56,8.88,-1.56
25.357,8.78,-1.52,8.88,-1.56,8.88,-1.56
25.375,8.8,-1.52,8.88,-1.56,8.88,-1.56
25.389,8.84,-1.64,8.88,-1.56,8.88,-1.56
25.404,8.83,-1.63,8.88,-1.56,8.88,-1.56
25.419,8.8,-1.55,8.88,-1.56,8.88,-1.56
25.434,8.79,-1.53,8.88,-1.56,8.88,-1.56
25.448,8.85,-1.62,8.88,-1.56,8.88,-1.56
25.462,8.87,-1.61,8.89,-1.56,8.89,-1.56
25.477,8.82,-1.58,8.89,-1.56,8.89,-1.56
25.491,8.76,-1.57,8.89,-1.56,8.89,-1.56
25.505,8.79,-1.56,8.89,-1.56,8.89,-1.56
25.52,8.88,-1.57,8.89,-1.56,8.89,-1.56
25.534,8.85,-1.59,8.89,-1.56,8.89,-1.56
25.549,8.79,-1.51,8.89,-1.56,8.89,-1.56
25.564,8.78,-1.52,8.89,-1.56,8.89,-1.56
25.579,8.81,-1.58,8.9,-1.56,8.9,-1.56
25.593,8.81,-1.58,8.9,-1.56,8.9,-1.56
25.607,8.8,-1.51,8.9,-1.56,8.9,-1.56
25.622,8.84,-1.52,8.9,-1.56,8.9,-1.56
25.636,8.83,-1.55,8.9,-1.56,8.9,-1.56
25.65,8.77,-1.56,8.9,-1.56,8.9,-1.56
25.664,8.73,-1.55,8.9,-1.56,8.9,-1.56
25.678,8.83,-1.56,8.9,-1.56,8.9,-1.56
25.693,8.85,-1.55,8.91,-1.56,8.91,-1.56
25.707,8.83,-1.59,8.91,-1.56,8.91,-1.56
25.721,8.81,-1.58,8.91,-1.56,8.91,-1.56
25.735,8.8,-1.55,8.91,-1.56,8.91,-1.56
25.75,8.79,-1.59,8.91,-1.56,8.91,-1.56
25.764,8.73,-1.6,8.91,-1.56,8.91,-1.56
25.778,8.76,-1.53,8.91,-1.56,8.91,-1.56
25.792,8.82,-1.5,8.91,-1.56,8.91,-1.56
25.806,8.81,-1.55,8.91,-1.56,8.91,-1.56
25.821,8.81,-1.55,8.91,-1.56,8.91,-1.56
25.835,8.79,-1.53,8.91,-1.56,8.91,-1.56
25.849,8.81,-1.51,8.91,-1.56,8.91,-1.56
25.864,8.78,-1.51,8.92,-1.56,8.91,-1.56
25.878,8.77,-1.53,8.92,-1.56,8.92,-1.56
25.893,8.79,-1.62,8.92,-1.56,8.92,-1.56
25.908,8.8,-1.62,8.92,-1.56,8.92,-1.56
25.922,8.79,-1.59,8.92,-1.56,8.92,-1.56
25.937,8.8,-1.58,8.92,-1.56,8.92,-1.56
25.951,8.82,-1.58,8.92,-1.56,8.92,-1.56
25.966,8.77,-1.53,8.92,-1.56,8.92,-1.56
25.981,8.76,-1.54,8.92,-1.56,8.92,-1.56
25.995,8.73,-1.59,8.92,-1.56,8.92,-1.56
26.01,8.73,-1.58,8.93,-1.56,8.92,-1.56
26.025,8.81,-1.55,8.93,-1.56,8.93,-1.56
26.04,8.81,-1.55,8.93,-1.56,8.93,-1.56
26.054,8.87,-1.53,8.93,-1.56,8.93,-1.56
26.069,8.87,-1.53,8.93,-1.56,8.93,-1.56
26.084,8.75,-1.59,8.93,-1.56,8.93,-1.56
26.099,8.75,-1.57,8.93,-1.56,8.93,-1.56
26.113,8.75,-1.51,8.93,-1.56,8.93,-1.56
26.127,8.75,-1.51,8.93,-1.56,8.93,-1.56
26.142,8.79,-1.55,8.93,-1.56,8.93,-1.56
26.156,8.76,-1.57,8.93,-1.56,8.93,-1.56
26.171,8.73,-1.54,8.93,-1.56,8.93,-1.56
26.186,8.72,-1.5,8.93,-1.56,8.93,-1.56
26.2,8.85,-1.55,8.93,-1.56,8.93,-1.56
26.214,8.88,-1.56,8.94,-1.56,8.94,-1.56
26.228,8.85,-1.56,8.94,-1.56,8.94,-1.56
26.243,8.74,-1.58,8.94,-1.56,8.94,-1.56
26.257,8.73,-1.55,8.94,-1.56,8.94,-1.56
26.271,8.81,-1.57,8.94,-1.56,8.94,-1.56
26.285,8.82,-1.57,8.94,-1.56,8.94,-1.56
26.3,8.74,-1.55,8.94,-1.56,8.94,-1.56
26.314,8.74,-1.57,8.94,-1.56,8.94,-1.56
26.328,8.75,-1.58,8.94,-1.56,8.94,-1.56
26.342,8.8,-1.5,8.94,-1.56,8.94,-1.56
26.356,8.81,-1.52,8.94,-1.56,8.94,-1.56
26.371,8.76,-1.61,8.94,-1.56,8.94,-1.56
26.386,8.72,-1.6,8.94,-1.56,8.94,-1.56
26.4,8.86,-1.59,8.94,-1.56,8.94,-1.56
26.415,8.88,-1.55,8.94,-1.56,8.94,-1.56
26.429,8.74,-1.5,8.94,-1.56,8.94,-1.56
26.444,8.72,-1.52,8.94,-1.56,8.94,-1.56
26.458,8.8,-1.59,8.94,-1.56,8.94,-1.56
26.473,8.8,-1.61,8.94,-1.56,8.94,-1.56
26.488,8.77,-1.56,8.94,-1.56,8.94,-1.56
26.503,8.76,-1.54,8.94,-1.56,8.94,-1.56
26.517,8.79,-1.52,8.94,-1.56,8.94,-1.56
26.532,8.82,-1.51,8.94,-1.56,8.94,-1.56
26.547,8.86,-1.54,8.94,-1.56,8.94,-1.56
26.561,8.85,-1.55,8.94,-1.56,8.94,-1.56
26.575,8.82,-1.55,8.95,-1.56,8.94,-1.56
26.589,8.76,-1.54,8.95,-1.56,8.94,-1.56
26.603,8.76,-1.55,8.95,-1.56,8.94,-1.56
26.618,8.78,-1.58,8.95,-1.56,8.94,-1.56
26.632,8.83,-1.58,8.95,-1.56,8.94,-1.56
26.646,8.83,-1.57,8.95,-1.56,8.95,-1.56
26.66,8.83,-1.51,8.95,-1.56,8.95,-1.56
26.675,8.83,-1.52,8.95,-1.56,8.95,-1.56
26.689,8.83,-1.56,8.95,-1.56,8.95,-1.56
26.703,8.82,-1.59,8.95,-1.56,8.95,-1.56
26.717,8.8,-1.59,8.95,-1.56,8.95,-1.56
26.731,8.79,-1.56,8.95,-1.56,8.95,-1.56
26.745,8.78,-1.61,8.95,-1.56,8.95,-1.56
26.76,8.8,-1.59,8.95,-1.56,8.95,-1.56
26.774,8.84,-1.5,8.95,-1.56,8.95,-1.56
26.788,8.83,-1.51,8.95,-1.56,8.95,-1.56
26.802,8.82,-1.59,8.95,-1.56,8.95,-1.56
26.817,8.8,-1.61,8.95,-1.56,8.95,-1.56
26.831,8.76,-1.55,8.95,-1.56,8.95,-1.56
26.845,8.78,-1.53,8.95,-1.56,8.95,-1.56
26.859,8.8,-1.56,8.95,-1.56,8.95,-1.56
26.873,8.84,-1.59,8.95,-1.56,8.95,-1.56
26.888,8.85,-1.56,8.95,-1.56,8.95,-1.56
26.903,8.8,-1.53,8.95,-1.56,8.95,-1.56
26.918,8.79,-1.57,8.95,-1.56,8.95,-1.56
26.933,8.75,-1.57,8.95,-1.56,8.95,-1.56
26.947,8.72,-1.58,8.95,-1.56,8.95,-1.56
26.961,8.82,-1.61,8.95,-1.56,8.95,-1.56
26.976,8.84,-1.61,8.96,-1.56,8.95,-1.56
26.991,8.75,-1.52,8.96,-1.56,8.95,-1.56
27.005,8.76,-1.52,8.96,-1.56,8.95,-1.56
27.019,8.77,-1.55,8.96,-1.56,8.96,-1.56
27.034,8.78,-1.57,8.96,-1.56,8.96,-1.56
27.049,8.77,-1.6,8.96,-1.56,8.96,-1.56
27.064,8.79,-1.54,8.96,-1.56,8.96,-1.56
27.079,8.76,-1.49,8.96,-1.56,8.96,-1.56
27.093,8.69,-1.55,8.96,-1.56,8.96,-1.56
27.108,8.68,-1.57,8.96,-1.56,8.96,-1.56
27.122,8.7,-1.55,8.96,-1.56,8.96,-1.56
27.136,8.8,-1.54,8.96,-1.56,8.96,-1.56
27.15,8.78,-1.57,8.96,-1.56,8.96,-1.56
27.164,8.75,-1.54,8.96,-1.56,8.96,-1.56
27.179,8.76,-1.56,8.96,-1.56,8.96,-1.56
27.193,8.81,-1.58,8.96,-1.56,8.96,-1.56
27.207,8.79,-1.59,8.96,-1.56,8.96,-1.56
27.221,8.77,-1.54,8.96,-1.56,8.96,-1.56
27.235,8.79,-1.56,8.96,-1.56,8.96,-1.56
27.25,8.81,-1.57,8.96,-1.56,8.96,-1.56
27.264,8.8,-1.55,8.96,-1.56,8.96,-1.56
27.278,8.78,-1.61,8.96,-1.56,8.96,-1.56
27.292,8.81,-1.62,8.96,-1.56,8.96,-1.56
27.306,8.8,-1.57,8.96,-1.56,8.96,-1.56
27.321,8.81,-1.55,8.96,-1.56,8.96,-1.56
27.335,8.81,-1.52,8.96,-1.56,8.96,-1.56
27.349,8.75,-1.54,8.96,-1.56,8.96,-1.56
27.363,8.75,-1.57,8.96,-1.56,8.96,-1.56
27.378,8.77,-1.59,8.96,-1.56,8.96,-1.56
27.393,8.78,-1.59,8.96,-1.56,8.96,-1.56
27.407,8.73,-1.53,8.97,-1.56,8.96,-1.56
27.422,8.74,-1.57,8.96,-1.56,8.96,-1.56
27.436,8.78,-1.63,8.96,-1.56,8.96,-1.56
27.451,8.75,-1.63,8.96,-1.56,8.96,-1.56
27.466,8.8,-1.62,8.96,-1.56,8.96,-1.56
27.48,8.86,-1.56,8.96,-1.56,8.96,-1.56
27.495,8.88,-1.43,8.96,-1.56,8.96,-1.56
27.51,8.84,-1.49,8.96,-1.56,8.96,-1.56
27.525,8.85,-1.61,8.97,-1.56,8.96,-1.56
27.539,8.82,-1.63,8.97,-1.56,8.97,-1.56
27.553,8.79,-1.61,8.97,-1.56,8.96,-1.56
27.568,8.79,-1.54,8.97,-1.56,8.97,-1.56
27.582,8.8,-1.52,8.97,-1.56,8.97,-1.56
27.597,8.78,-1.52,8.97,-1.56,8.97,-1.56
27.611,8.77,-1.54,8.97,-1.56,8.96,-1.56
27.625,8.79,-1.52,8.97,-1.56,8.96,-1.56
27.64,8.75,-1.5,8.97,-1.56,8.96,-1.56
27.654,8.77,-1.5,8.97,-1.56,8.97,-1.56
27.668,8.8,-1.52,8.97,-1.56,8.97,-1.56
27.682,8.8,-1.53,8.97,-1.56,8.97,-1.56
27.696,8.79,-1.57,8.97,-1.56,8.97,-1.56
27.71,8.79,-1.59,8.97,-1.56,8.97,-1.56
27.725,8.78,-1.54,8.97,-1.56,8.97,-1.56
27.74,8.82,-1.52,8.97,-1.56,8.97,-1.56
27.754,8.84,-1.53,8.97,-1.56,8.97,-1.56
27.768,8.78,-1.56,8.97,-1.56,8.97,-1.56
27.783,8.73,-1.56,8.97,-1.56,8.97,-1.56
27.797,8.73,-1.57,8.97,-1.56,8.97,-1.56
27.811,8.77,-1.59,8.97,-1.56,8.97,-1.56
27.826,8.81,-1.57,8.97,-1.56,8.97,-1.56
27.84,8.79,-1.55,8.97,-1.56,8.97,-1.56
27.854,8.8,-1.62,8.97,-1.56,8.97,-1.56
27.868,8.8,-1.65,8.97,-1.56,8.97,-1.56
27.882,8.77,-1.54,8.97,-1.56,8.97,-1.56
27.897,8.76,-1.56,8.97,-1.56,8.97,-1.56
27.912,8.78,-1.56,8.97,-1.56,8.97,-1.56
27.926,8.8,-1.56,8.97,-1.56,8.97,-1.56
27.941,8.81,-1.55,8.97,-1.56,8.97,-1.56
27.956,8.79,-1.55,8.97,-1.56,8.97,-1.56
27.97,8.76,-1.57,8.97,-1.56,8.97,-1.56
27.984,8.81,-1.59,8.97,-1.56,8.97,-1.56
27.999,8.8,-1.57,8.97,-1.56,8.97,-1.56
28.013,8.77,-1.52,8.97,-1.56,8.97,-1.56
28.027,8.77,-1.56,8.97,-1.56,8.97,-1.56
28.042,8.84,-1.57,8.97,-1.56,8.97,-1.56
28.056,8.82,-1.56,8.97,-1.56,8.97,-1.56
28.071,8.75,-1.58,8.97,-1.55,8.97,-1.55
28.085,8.78,-1.57,8.97,-1.55,8.97,-1.55
28.1,8.79,-1.57,8.98,-1.55,8.97,-1.55
28.114,8.77,-1.55,8.98,-1.55,8.97,-1.55
28.128,8.84,-1.57,8.98,-1.55,8.98,-1.55
28.142,8.81,-1.59,8.98,-1.55,8.98,-1.55
28.156,8.8,-1.57,8.98,-1.55,8.98,-1.55
28.171,8.81,-1.49,8.98,-1.55,8.98,-1.55
28.185,8.81,-1.47,8.98,-1.55,8.98,-1.55
28.199,8.81,-1.47,8.98,-1.55,8.98,-1.55
28.213,8.83,-1.55,8.98,-1.55,8.98,-1.55
28.227,8.82,-1.58,8.98,-1.55,8.98,-1.55
28.241,8.79,-1.55,8.98,-1.55,8.98,-1.55
28.255,8.8,-1.53,8.98,-1.55,8.98,-1.55
28.27,8.76,-1.57,8.98,-1.55,8.98,-1.55
28.284,8.72,-1.57,8.98,-1.55,8.98,-1.55
28.298,8.77,-1.54,8.98,-1.55,8.98,-1.55
28.312,8.79,-1.53,8.98,-1.55,8.98,-1.55
28.326,8.85,-1.55,8.98,-1.55,8.98,-1.55
28.341,8.87,-1.53,8.98,-1.55,8.98,-1.55
28.355,8.81,-1.52,8.98,-1.55,8.98,-1.55
28.369,8.72,-1.58,8.98,-1.55,8.98,-1.55
28.383,8.78,-1.59,8.98,-1.55,8.98,-1.55
28.397,8.84,-1.5,8.98,-1.55,8.98,-1.55
28.412,8.78,-1.5,8.98,-1.55,8.98,-1.55
28.426,8.71,-1.57,8.98,-1.55,8.98,-1.55
28.441,8.75,-1.55,8.98,-1.55,8.98,-1.55
28.455,8.79,-1.55,8.98,-1.55,8.98,-1.55
28.47,8.79,-1.54,8.98,-1.55,8.98,-1.55
28.485,8.79,-1.54,8.98,-1.55,8.98,-1.55
28.5,8.86,-1.55,8.98,-1.55,8.98,-1.55
28.514,8.86,-1.57,8.98,-1.55,8.98,-1.55
28.529,8.77,-1.55,8.98,-1.55,8.98,-1.55
28.543,8.77,-1.54,8.98,-1.55,8.98,-1.55
28.558,8.8,-1.6,8.98,-1.55,8.98,-1.55
28.573,8.82,-1.62,8.98,-1.55,8.98,-1.55
28.588,8.85,-1.57,8.98,-1.55,8.98,-1.55
28.602,8.8,-1.53,8.98,-1.55,8.98,-1.55
28.621,8.72,-1.52,8.98,-1.55,8.98,-1.55
28.639,8.8,-1.58,8.98,-1.55,8.98,-1.55
28.653,8.78,-1.55,8.98,-1.55,8.98,-1.55
28.667,8.78,-1.54,8.98,-1.55,8.98,-1.55
28.681,8.76,-1.55,8.98,-1.55,8.98,-1.55
28.696,8.74,-1.56,8.98,-1.55,8.98,-1.55
28.71,8.73,-1.54,8.98,-1.55,8.98,-1.55
28.724,8.83,-1.56,8.98,-1.55,8.98,-1.55
28.738,8.85,-1.59,8.98,-1.55,8.98,-1.55
28.752,8.8,-1.51,8.98,-1.55,8.98,-1.55
28.766,8.8,-1.52,8.98,-1.55,8.98,-1.55
28.78,8.79,-1.59,8.98,-1.55,8.98,-1.55
28.795,8.78,-1.56,8.98,-1.55,8.98,-1.55
28.809,8.79,-1.55,8.98,-1.55,8.98,-1.55
28.823,8.81,-1.55,8.98,-1.55,8.98,-1.55
28.837,8.82,-1.55,8.98,-1.55,8.98,-1.55
28.852,8.8,-1.57,8.98,-1.55,8.98,-1.55
28.866,8.77,-1.55,8.98,-1.55,8.98,-1.55
28.88,8.75,-1.54,8.98,-1.54,8.98,-1.54
28.895,8.77,-1.57,8.98,-1.55,8.98,-1.55
28.91,8.77,-1.59,8.98,-1.55,8.98,-1.55
28.924,8.78,-1.58,8.98,-1.55,8.98,-1.55
28.939,8.8,-1.57,8.98,-1.55,8.98,-1.55
28.954,8.79,-1.55,8.98,-1.55,8.98,-1.55
28.97,8.8,-1.55,8.98,-1.55,8.98,-1.55
28.984,8.77,-1.54,8.98,-1.55,8.98,-1.55
28.999,8.79,-1.58,8.98,-1.55,8.98,-1.55
29.014,8.8,-1.59,8.98,-1.55,8.98,-1.55
29.028,8.76,-1.52,8.98,-1.55,8.98,-1.55
29.043,8.76,-1.54,8.98,-1.55,8.98,-1.55
29.058,8.86,-1.55,8.98,-1.55,8.98,-1.55
29.072,8.83,-1.52,8.98,-1.55,8.98,-1.55
29.087,8.74,-1.54,8.98,-1.55,8.98,-1.55
29.102,8.74,-1.56,8.98,-1.55,8.98,-1.55
29.117,8.75,-1.53,8.98,-1.55,8.98,-1.55
29.131,8.8,-1.52,8.98,-1.55,8.98,-1.55
29.146,8.78,-1.58,8.98,-1.55,8.98,-1.55
29.16,8.78,-1.61,8.98,-1.55,8.98,-1.55
29.174,8.78,-1.51,8.98,-1.55,8.98,-1.55
29.188,8.8,-1.52,8.98,-1.55,8.98,-1.55
29.202,8.81,-1.53,8.98,-1.55,8.98,-1.55
29.216,8.79,-1.5,8.98,-1.55,8.98,-1.55
29.23,8.82,-1.51,8.98,-1.55,8.98,-1.55
29.244,8.83,-1.55,8.98,-1.55,8.98,-1.55
29.259,8.79,-1.56,8.98,-1.55,8.98,-1.55
29.273,8.77,-1.58,8.99,-1.55,8.98,-1.55
29.287,8.77,-1.57,8.99,-1.55,8.98,-1.55
29.301,8.8,-1.55,8.99,-1.55,8.98,-1.55
29.315,8.85,-1.55,8.99,-1.55,8.98,-1.55
29.329,8.86,-1.54,8.99,-1.55,8.99,-1.55
29.344,8.84,-1.52,8.99,-1.55,8.99,-1.55
29.358,8.75,-1.54,8.99,-1.55,8.99,-1.55
29.372,8.79,-1.53,8.99,-1.55,8.99,-1.55
29.386,8.75,-1.5,8.99,-1.55,8.99,-1.54
29.4,8.78,-1.55,8.99,-1.54,8.99,-1.54
29.414,8.8,-1.57,8.99,-1.54,8.99,-1.54
29.429,8.8,-1.55,8.99,-1.54,8.99,-1.54
29.444,8.84,-1.55,8.99,-1.54,8.99,-1.54
29.459,8.81,-1.56,8.99,-1.54,8.99,-1.54
29.473,8.79,-1.53,8.99,-1.54,8.99,-1.54
29.487,8.82,-1.57,8.99,-1.54,8.99,-1.54
29.502,8.8,-1.61,8.99,-1.54,8.99,-1.54
29.516,8.83,-1.55,8.99,-1.54,8.99,-1.54
29.531,8.83,-1.54,8.99,-1.54,8.99,-1.54
29.545,8.8,-1.56,8.99,-1.54,8.99,-1.54
29.56,8.76,-1.6,8.99,-1.54,8.99,-1.54
29.575,8.75,-1.58,8.99,-1.54,8.99,-1.54
29.589,8.76,-1.54,8.99,-1.54,8.99,-1.54
29.604,8.78,-1.6,8.99,-1.54,8.99,-1.54
29.618,8.8,-1.59,8.99,-1.54,8.99,-1.55
29.632,8.79,-1.64,8.99,-1.55,8.99,-1.55
29.646,8.83,-1.59,8.99,-1.55,8.99,-1.55
29.66,8.8,-1.49,8.99,-1.55,8.99,-1.55
29.675,8.8,-1.48,8.99,-1.55,8.99,-1.55
29.689,8.84,-1.5,8.99,-1.55,8.99,-1.54
29.703,8.83,-1.57,8.99,-1.54,8.99,-1.54
29.717,8.82,-1.57,8.99,-1.54,8.99,-1.54
29.731,8.83,-1.57,8.99,-1.54,8.99,-1.54
29.745,8.84,-1.55,8.99,-1.54,8.99,-1.54
29.76,8.74,-1.63,8.99,-1.54,8.99,-1.54
29.774,8.75,-1.64,8.99,-1.54,8.99,-1.55
29.788,8.8,-1.62,8.99,-1.55,8.99,-1.55
29.802,8.84,-1.54,9.0,-1.55,8.99,-1.55
29.817,8.83,-1.56,9.0,-1.55,8.99,-1.55
29.831,8.85,-1.57,9.0,-1.55,9.0,-1.55
29.845,8.83,-1.57,9.0,-1.55,9.0,-1.55
29.859,8.79,-1.57,9.0,-1.55,9.0,-1.55
29.873,8.79,-1.54,9.0,-1.55,9.0,-1.55
29.888,8.81,-1.6,9.0,-1.55,8.99,-1.55
29.903,8.83,-1.63,9.0,-1.55,8.99,-1.55
29.918,8.84,-1.61,9.0,-1.55,9.0,-1.55
29.932,8.74,-1.55,9.0,-1.55,9.0,-1.55
29.947,8.72,-1.58,9.0,-1.55,9.0,-1.55
29.961,8.78,-1.55,9.0,-1.55,9.0,-1.55
29.976,8.82,-1.56,9.0,-1.55,9.0,-1.55
29.991,8.79,-1.6,9.0,-1.55,8.99,-1.55
30.005,8.75,-1.57,9.0,-1.55,9.0,-1.55
30.02,8.79,-1.53,9.0,-1.55,9.0,-1.55
30.034,8.82,-1.54,9.0,-1.55,9.0,-1.55
30.049,8.77,-1.59,9.0,-1.55,9.0,-1.55
30.063,8.75,-1.58,9.0,-1.55,9.0,-1.55
30.078,8.77,-1.56,9.0,-1.55,9.0,-1.55
30.093,8.8,-1.55,9.0,-1.55,9.0,-1.55
30.107,8.85,-1.56,9.0,-1.55,9.0,-1.55
30.122,8.77,-1.56,9.0,-1.55,9.0,-1.55
30.136,8.74,-1.62,9.0,-1.55,9.0,-1.55
30.15,8.8,-1.62,9.0,-1.55,9.0,-1.55
30.165,8.84,-1.56,9.0,-1.55,9.0,-1.55
30.179,8.78,-1.52,9.0,-1.55,9.0,-1.55
30.193,8.82,-1.53,9.0,-1.55,9.0,-1.55
30.207,8.82,-1.61,9.0,-1.55,9.0,-1.55
30.221,8.82,-1.63,9.0,-1.55,9.0,-1.55
30.235,8.74,-1.55,9.0,-1.55,9.0,-1.55
30.249,8.74,-1.53,9.0,-1.55,9.0,-1.55
30.264,8.76,-1.53,9.0,-1.55,9.0,-1.55
30.278,8.76,-1.54,9.0,-1.55,9.0,-1.55
30.292,8.75,-1.56,9.0,-1.55,9.0,-1.55
30.306,8.79,-1.54,9.0,-1.55,9.0,-1.55
30.321,8.76,-1.58,9.0,-1.55,8.99,-1.55
30.335,8.78,-1.55,9.0,-1.55,8.99,-1.55
30.349,8.8,-1.51,9.0,-1.55,8.99,-1.55
30.363,8.8,-1.57,9.0,-1.55,8.99,-1.55
30.378,8.8,-1.59,8.99,-1.55,8.99,-1.55
30.392,8.78,-1.61,8.99,-1.55,8.99,-1.55
30.406,8.77,-1.59,9.0,-1.55,8.99,-1.55
30.42,8.8,-1.55,8.99,-1.55,8.99,-1.55
30.435,8.83,-1.56,8.99,-1.55,8.99,-1.55
30.45,8.81,-1.57,9.0,-1.55,8.99,-1.55
30.465,8.76,-1.61,9.0,-1.55,8.99,-1.55
30.48,8.76,-1.57,9.0,-1.55,8.99,-1.55
30.494,8.8,-1.56,9.0,-1.55,8.99,-1.55
30.509,8.78,-1.54,9.0,-1.56,8.99,-1.56
30.524,8.78,-1.53,9.0,-1.56,8.99,-1.56
30.538,8.78,-1.55,9.0,-1.56,8.99,-1.56
30.553,8.86,-1.61,9.0,-1.56,9.0,-1.56
30.568,8.85,-1.59,9.0,-1.56,9.0,-1.56
30.582,8.77,-1.57,9.0,-1.56,9.0,-1.56
30.597,8.77,-1.56,9.0,-1.56,9.0,-1.56
30.611,8.81,-1.57,9.0,-1.56,9.0,-1.56
30.626,8.78,-1.54,9.0,-1.56,9.0,-1.56
30.64,8.79,-1.6,9.0,-1.56,9.0,-1.56
30.654,8.8,-1.63,9.0,-1.56,9.0,-1.56
30.668,8.82,-1.61,9.0,-1.56,9.0,-1.56
30.682,8.76,-1.58,9.0,-1.56,9.0,-1.56
30.698,8.76,-1.55,9.0,-1.56,9.0,-1.56
30.713,8.86,-1.57,9.0,-1.56,9.0,-1.56
30.727,8.86,-1.55,9.0,-1.56,9.0,-1.56
30.742,8.81,-1.57,9.0,-1.56,9.0,-1.56
30.756,8.83,-1.57,9.0,-1.56,9.0,-1.56
30.77,8.85,-1.57,9.0,-1.56,9.0,-1.56
30.784,8.85,-1.55,9.0,-1.56,9.0,-1.56
30.799,8.74,-1.56,9.01,-1.56,9.0,-1.56
30.813,8.73,-1.56,9.0,-1.56,9.0,-1.56
30.827,8.74,-1.57,9.0,-1.56,9.0,-1.56
30.841,8.8,-1.6,9.0,-1.56,9.0,-1.56
30.855,8.81,-1.59,9.0,-1.56,9.0,-1.56
30.869,8.8,-1.57,9.0,-1.56,9.0,-1.56
30.883,8.79,-1.57,9.0,-1.56,9.0,-1.56
30.898,8.77,-1.52,9.0,-1.56,9.0,-1.56
30.912,8.79,-1.54,9.0,-1.56,9.0,-1.56
30.926,8.79,-1.58,9.0,-1.56,9.0,-1.56
30.941,8.8,-1.59,9.0,-1.56,9.0,-1.56
30.956,8.81,-1.6,9.0,-1.56,9.0,-1.56
30.97,8.79,-1.6,9.0,-1.56,9.0,-1.56
30.984,8.79,-1.61,9.0,-1.56,9.0,-1.56
30.999,8.83,-1.5,9.0,-1.56,9.0,-1.56
31.014,8.8,-1.52,9.0,-1.56,9.0,-1.56
31.028,8.75,-1.6,9.0,-1.56,9.0,-1.56
31.042,8.77,-1.57,9.0,-1.56,9.0,-1.56
31.057,8.77,-1.57,9.0,-1.56,9.0,-1.56
31.071,8.79,-1.56,9.0,-1.56,9.0,-1.56
31.086,8.76,-1.51,9.0,-1.56,9.0,-1.56
31.101,8.74,-1.53,9.0,-1.56,9.0,-1.56
31.115,8.84,-1.57,9.0,-1.56,9.0,-1.56
31.13,8.87,-1.61,9.0,-1.56,9.0,-1.56
31.147,8.84,-1.61,9.0,-1.56,9.0,-1.56
31.158,8.8,-1.57,9.0,-1.56,9.0,-1.56
31.173,8.74,-1.53,9.0,-1.56,9.0,-1.56
31.187,8.73,-1.57,9.0,-1.56,9.0,-1.56
31.201,8.72,-1.58,9.0,-1.56,8.99,-1.56
31.216,8.83,-1.56,9.0,-1.56,9.0,-1.56
31.23,8.88,-1.54,9.0,-1.56,9.0,-1.56
31.244,8.87,-1.55,9.0,-1.57,9.0,-1.57
31.258,8.79,-1.58,9.0,-1.57,9.0,-1.57
31.273,8.79,-1.61,9.0,-1.57,9.0,-1.57
31.287,8.81,-1.58,9.0,-1.57,9.0,-1.57
31.301,8.86,-1.57,9.0,-1.57,9.0,-1.57
31.315,8.84,-1.58,9.0,-1.57,9.0,-1.57
31.33,8.83,-1.56,9.01,-1.57,9.0,-1.57
31.344,8.74,-1.57,9.01,-1.57,9.0,-1.57
31.358,8.74,-1.56,9.01,-1.57,9.0,-1.57
31.373,8.8,-1.59,9.01,-1.57,9.0,-1.57
31.387,8.8,-1.6,9.01,-1.57,9.0,-1.57
31.401,8.83,-1.55,9.01,-1.57,9.01,-1.57
31.415,8.81,-1.57,9.01,-1.57,9.0,-1.57
31.43,8.79,-1.59,9.01,-1.57,9.0,-1.57
31.445,8.8,-1.57,9.01,-1.57,9.0,-1.57
31.459,8.76,-1.55,9.01,-1.57,9.0,-1.57
31.474,8.8,-1.58,9.01,-1.57,9.0,-1.57
31.489,8.83,-1.58,9.01,-1.57,9.0,-1.57
31.504,8.82,-1.57,9.01,-1.57,9.0,-1.57
31.519,8.81,-1.55,9.01,-1.57,9.0,-1.57
31.533,8.79,-1.53,9.01,-1.57,9.0,-1.57
31.547,8.79,-1.54,9.01,-1.56,9.0,-1.56
31.562,8.82,-1.63,9.01,-1.56,9.0,-1.56
31.577,8.82,-1.61,9.01,-1.56,9.01,-1.57
31.591,8.76,-1.55,9.01,-1.57,9.01,-1.57
31.606,8.75,-1.53,9.01,-1.57,9.0,-1.57
31.62,8.8,-1.57,9.01,-1.57,9.0,-1.57
31.635,8.82,-1.59,9.01,-1.57,9.0,-1.57
31.649,8.84,-1.57,9.01,-1.57,9.0,-1.57
31.663,8.87,-1.53,9.01,-1.57,9.01,-1.56
31.678,8.85,-1.55,9.01,-1.56,9.01,-1.56
31.692,8.72,-1.53,9.01,-1.56,9.01,-1.56
31.706,8.69,-1.54,9.01,-1.56,9.01,-1.56
31.721,8.81,-1.59,9.01,-1.56,9.01,-1.56
31.735,8.84,-1.59,9.01,-1.56,9.01,-1.56
31.749,8.76,-1.54,9.01,-1.56,9.01,-1.56
31.764,8.75,-1.52,9.01,-1.56,9.01,-1.56
31.778,8.77,-1.55,9.01,-1.56,9.01,-1.56
31.792,8.79,-1.57,9.01,-1.56,9.01,-1.56
31.806,8.84,-1.59,9.01,-1.56,9.01,-1.56
31.82,8.82,-1.61,9.01,-1.56,9.01,-1.56
31.835,8.83,-1.57,9.01,-1.56,9.01,-1.56
31.849,8.82,-1.53,9.01,-1.56,9.01,-1.56
31.864,8.81,-1.52,9.01,-1.56,9.01,-1.56
31.88,8.81,-1.56,9.01,-1.56,9.01,-1.56
31.894,8.82,-1.58,9.01,-1.56,9.01,-1.56
31.909,8.78,-1.6,9.02,-1.56,9.01,-1.56
31.924,8.78,-1.59,9.01,-1.56,9.01,-1.56
31.939,8.76,-1.59,9.01,-1.56,9.01,-1.56
31.953,8.74,-1.64,9.01,-1.56,9.01,-1.56
31.968,8.75,-1.57,9.01,-1.56,9.01,-1.56
31.982,8.81,-1.52,9.01,-1.56,9.01,-1.56
31.997,8.78,-1.54,9.01,-1.56,9.01,-1.56
32.012,8.78,-1.54,9.01,-1.56,9.01,-1.56
32.027,8.82,-1.59,9.01,-1.56,9.01,-1.56
32.041,8.81,-1.6,9.01,-1.56,9.01,-1.56
32.056,8.75,-1.57,9.01,-1.56,9.01,-1.56
32.07,8.75,-1.55,9.01,-1.56,9.01,-1.56
32.085,8.8,-1.5,9.01,-1.56,9.01,-1.56
32.099,8.79,-1.52,9.01,-1.56,9.01,-1.56
32.114,8.85,-1.57,9.01,-1.56,9.01,-1.56
32.129,8.85,-1.58,9.01,-1.56,9.01,-1.56
32.143,8.8,-1.61,9.01,-1.56,9.01,-1.56
32.158,8.79,-1.56,9.01,-1.56,9.01,-1.56
32.172,8.75,-1.53,9.01,-1.56,9.01,-1.56
32.186,8.72,-1.56,9.01,-1.56,9.01,-1.56
32.201,8.78,-1.59,9.01,-1.56,9.01,-1.56
32.215,8.86,-1.58,9.01,-1.56,9.01,-1.56
32.229,8.84,-1.6,9.01,-1.56,9.01,-1.56
32.244,8.82,-1.56,9.01,-1.56,9.01,-1.56
32.257,8.84,-1.55,9.01,-1.57,9.01,-1.57
32.272,8.8,-1.56,9.01,-1.57,9.01,-1.57
32.286,8.76,-1.58,9.01,-1.57,9.01,-1.57
32.3,8.75,-1.6,9.01,-1.57,9.01,-1.57
32.314,8.86,-1.62,9.01,-1.57,9.01,-1.57
32.328,8.87,-1.62,9.01,-1.57,9.01,-1.57
32.342,8.75,-1.59,9.01,-1.57,9.01,-1.57
32.356,8.82,-1.55,9.01,-1.57,9.01,-1.57
32.371,8.83,-1.55,9.01,-1.57,9.01,-1.57
32.385,8.77,-1.58,9.01,-1.57,9.01,-1.57
32.399,8.71,-1.59,9.01,-1.57,9.01,-1.57
32.414,8.77,-1.57,9.01,-1.57,9.01,-1.57
32.428,8.8,-1.53,9.01,-1.57,9.01,-1.57
32.443,8.82,-1.55,9.01,-1.57,9.01,-1.57
32.458,8.85,-1.51,9.01,-1.57,9.01,-1.57
32.472,8.78,-1.55,9.01,-1.57,9.01,-1.57
32.486,8.74,-1.59,9.01,-1.57,9.01,-1.57
32.501,8.83,-1.58,9.01,-1.57,9.01,-1.57
32.516,8.82,-1.6,9.01,-1.57,9.01,-1.57
32.53,8.76,-1.61,9.01,-1.57,9.01,-1.57
32.545,8.79,-1.57,9.01,-1.57,9.01,-1.57
32.56,8.82,-1.54,9.01,-1.57,9.01,-1.57
32.574,8.81,-1.53,9.01,-1.57,9.01,-1.57
32.589,8.74,-1.54,9.01,-1.57,9.01,-1.57
32.604,8.7,-1.54,9.01,-1.57,9.01,-1.56
32.618,8.78,-1.53,9.01,-1.56,9.01,-1.56
32.633,8.83,-1.53,9.01,-1.57,9.01,-1.57
32.648,8.81,-1.61,9.01,-1.57,9.01,-1.57
32.662,8.76,-1.62,9.01,-1.57,9.01,-1.57
32.677,8.75,-1.56,9.01,-1.57,9.01,-1.57
32.691,8.76,-1.53,9.01,-1.57,9.01,-1.57
32.705,8.77,-1.54,9.01,-1.57,9.01,-1.57
32.719,8.8,-1.53,9.01,-1.57,9.01,-1.57
32.734,8.79,-1.55,9.01,-1.57,9.01,-1.57
32.748,8.81,-1.63,9.01,-1.57,9.01,-1.57
32.762,8.78,-1.56,9.01,-1.57,9.01,-1.57
32.776,8.79,-1.52,9.01,-1.57,9.01,-1.57
32.791,8.79,-1.52,9.01,-1.57,9.01,-1.57
32.805,8.79,-1.5,9.01,-1.57,9.01,-1.57
32.819,8.82,-1.53,9.01,-1.57,9.01,-1.57
32.833,8.87,-1.55,9.01,-1.57,9.01,-1.56
32.847,8.87,-1.57,9.01,-1.56,9.01,-1.56
32.861,8.83,-1.53,9.01,-1.56,9.01,-1.56
32.876,8.8,-1.54,9.01,-1.57,9.01,-1.57
32.89,8.8,-1.51,9.01,-1.57,9.01,-1.56
32.904,8.8,-1.57,9.01,-1.56,9.01,-1.56
32.919,8.87,-1.6,9.01,-1.56,9.01,-1.57
32.933,8.88,-1.57,9.01,-1.57,9.01,-1.57
32.948,8.81,-1.54,9.01,-1.57,9.01,-1.57
32.962,8.75,-1.53,9.01,-1.57,9.01,-1.57
32.977,8.81,-1.57,9.01,-1.56,9.01,-1.56
32.991,8.81,-1.59,9.01,-1.56,9.01,-1.56
33.005,8.81,-1.55,9.01,-1.56,9.01,-1.56
33.02,8.86,-1.54,9.01,-1.56,9.01,-1.56
33.035,8.88,-1.55,9.02,-1.56,9.01,-1.56
33.049,8.85,-1.57,9.02,-1.56,9.01,-1.56
33.064,8.74,-1.53,9.02,-1.56,9.01,-1.56
33.078,8.75,-1.52,9.02,-1.56,9.01,-1.56
33.093,8.84,-1.57,9.02,-1.56,9.02,-1.56
33.107,8.84,-1.59,9.02,-1.56,9.02,-1.56
33.121,8.8,-1.6,9.02,-1.56,9.02,-1.56
33.136,8.78,-1.55,9.02,-1.56,9.02,-1.56
33.15,8.82,-1.55,9.02,-1.56,9.02,-1.56
33.164,8.76,-1.56,9.02,-1.56,9.02,-1.56
33.179,8.77,-1.56,9.02,-1.56,9.01,-1.56
33.193,8.82,-1.57,9.02,-1.56,9.01,-1.56
33.207,8.81,-1.55,9.02,-1.56,9.01,-1.56
33.221,8.79,-1.53,9.01,-1.56,9.01,-1.56
33.235,8.81,-1.56,9.01,-1.56,9.01,-1.56
33.249,8.8,-1.61,9.01,-1.56,9.01,-1.56
33.263,8.77,-1.61,9.01,-1.56,9.01,-1.56
33.278,8.81,-1.56,9.01,-1.56,9.01,-1.56
33.292,8.81,-1.51,9.01,-1.56,9.01,-1.56
33.306,8.77,-1.52,9.01,-1.56,9.01,-1.56
33.32,8.81,-1.55,9.01,-1.56,9.01,-1.56
33.334,8.77,-1.59,9.01,-1.56,9.01,-1.56
33.348,8.72,-1.59,9.01,-1.56,9.01,-1.56
33.362,8.72,-1.53,9.01,-1.56,9.01,-1.56
33.376,8.78,-1.54,9.01,-1.56,9.01,-1.56
33.391,8.88,-1.57,9.01,-1.56,9.01,-1.56
33.405,8.87,-1.57,9.01,-1.56,9.01,-1.56
33.419,8.82,-1.6,9.01,-1.56,9.01,-1.56
33.433,8.83,-1.59,9.01,-1.56,9.01,-1.56
33.448,8.77,-1.56,9.01,-1.56,9.01,-1.56
33.462,8.82,-1.52,9.01,-1.56,9.01,-1.56
33.477,8.84,-1.51,9.01,-1.56,9.01,-1.56
33.492,8.79,-1.58,9.01,-1.56,9.01,-1.56
33.505,8.76,-1.61,9.01,-1.56,9.01,-1.56
33.52,8.79,-1.55,9.01,-1.56,9.01,-1.56
33.535,8.79,-1.54,9.01,-1.57,9.01,-1.57
33.551,8.78,-1.53,9.01,-1.57,9.01,-1.57
33.566,8.77,-1.53,9.01,-1.57,9.01,-1.56
33.58,8.8,-1.57,9.01,-1.56,9.01,-1.56
33.595,8.81,-1.6,9.01,-1.56,9.01,-1.57
33.609,8.89,-1.57,9.01,-1.57,9.01,-1.57
33.624,8.88,-1.57,9.01,-1.57,9.01,-1.57
33.638,8.74,-1.55,9.02,-1.57,9.01,-1.57
33.653,8.78,-1.53,9.01,-1.57,9.01,-1.57
33.669,8.83,-1.6,9.01,-1.57,9.01,-1.57
33.683,8.8,-1.56,9.01,-1.57,9.01,-1.57
33.697,8.75,-1.58,9.01,-1.57,9.01,-1.57
33.711,8.77,-1.56,9.01,-1.56,9.01,-1.56
33.726,8.74,-1.54,9.01,-1.56,9.01,-1.56
33.74,8.76,-1.57,9.01,-1.56,9.01,-1.56
33.754,8.78,-1.58,9.01,-1.57,9.01,-1.57
33.768,8.74,-1.52,9.01,-1.57,9.01,-1.57
33.782,8.77,-1.55,9.01,-1.57,9.01,-1.57
33.797,8.81,-1.59,9.01,-1.57,9.01,-1.57
33.811,8.79,-1.58,9.01,-1.57,9.01,-1.57
33.825,8.88,-1.58,9.01,-1.57,9.01,-1.57
33.839,8.88,-1.56,9.01,-1.57,9.01,-1.57
33.854,8.77,-1.56,9.01,-1.57,9.01,-1.57
33.868,8.77,-1.55,9.01,-1.57,9.01,-1.57
33.883,8.79,-1.55,9.01,-1.57,9.01,-1.57
33.897,8.81,-1.58,9.01,-1.57,9.01,-1.57
33.911,8.8,-1.6,9.01,-1.57,9.01,-1.57
33.926,8.72,-1.64,9.01,-1.57,9.01,-1.57
33.94,8.73,-1.61,9.01,-1.57,9.01,-1.57
33.955,8.8,-1.58,9.01,-1.57,9.01,-1.57
33.969,8.81,-1.56,9.01,-1.57,9.01,-1.57
33.984,8.72,-1.57,9.01,-1.57,9.01,-1.57
33.998,8.78,-1.58,9.01,-1.57,9.01,-1.57
34.013,8.87,-1.59,9.01,-1.57,9.01,-1.57
34.028,8.86,-1.58,9.01,-1.57,9.01,-1.57
34.042,8.77,-1.6,9.01,-1.57,9.01,-1.57
34.057,8.76,-1.57,9.01,-1.57,9.01,-1.57
34.071,8.83,-1.55,9.01,-1.57,9.0,-1.57
34.086,8.81,-1.56,9.01,-1.57,9.0,-1.57
34.1,8.78,-1.54,9.01,-1.57,9.0,-1.57
34.115,8.83,-1.56,9.0,-1.57,9.0,-1.57
34.13,8.83,-1.59,9.0,-1.57,9.0,-1.57
34.144,8.79,-1.54,9.01,-1.57,9.0,-1.57
34.159,8.77,-1.56,9.01,-1.57,9.0,-1.57
34.173,8.78,-1.58,9.0,-1.57,9.0,-1.57
34.188,8.8,-1.52,9.0,-1.57,9.0,-1.57
34.202,8.81,-1.51,9.0,-1.56,9.0,-1.56
34.216,8.82,-1.57,9.0,-1.56,9.0,-1.56
34.23,8.83,-1.55,9.01,-1.56,9.0,-1.56
34.245,8.82,-1.57,9.01,-1.56,9.0,-1.56
34.259,8.8,-1.56,9.01,-1.56,9.0,-1.56
34.273,8.82,-1.52,9.01,-1.56,9.0,-1.56
34.287,8.8,-1.54,9.01,-1.56,9.0,-1.56
34.301,8.81,-1.55,9.01,-1.56,9.0,-1.56
34.316,8.84,-1.58,9.01,-1.56,9.0,-1.56
34.33,8.81,-1.56,9.01,-1.56,9.0,-1.56
34.344,8.77,-1.54,9.01,-1.56,9.01,-1.56
34.359,8.77,-1.52,9.01,-1.56,9.0,-1.56
34.373,8.77,-1.54,9.01,-1.56,9.0,-1.56
34.387,8.77,-1.56,9.01,-1.56,9.0,-1.56
34.401,8.83,-1.55,9.01,-1.56,9.01,-1.56
34.416,8.83,-1.57,9.01,-1.56,9.01,-1.56
34.431,8.81,-1.56,9.01,-1.56,9.01,-1.56
34.445,8.81,-1.58,9.01,-1.56,9.01,-1.56
34.46,8.78,-1.53,9.01,-1.56,9.01,-1.56
34.475,8.78,-1.51,9.01,-1.56,9.01,-1.56
34.489,8.81,-1.5,9.01,-1.56,9.01,-1.56
34.504,8.81,-1.52,9.01,-1.56,9.01,-1.56
34.518,8.75,-1.58,9.01,-1.56,9.01,-1.56
34.533,8.75,-1.59,9.01,-1.56,9.01,-1.56
34.548,8.84,-1.56,9.01,-1.56,9.01,-1.56
34.562,8.81,-1.55,9.01,-1.56,9.01,-1.56
34.577,8.75,-1.49,9.01,-1.56,9.01,-1.56
34.591,8.72,-1.51,9.01,-1.56,9.01,-1.56
34.606,8.81,-1.63,9.01,-1.56,9.01,-1.56
34.621,8.81,-1.62,9.01,-1.56,9.01,-1.56
34.636,8.78,-1.53,9.01,-1.56,9.01,-1.56
34.65,8.83,-1.52,9.01,-1.56,9.01,-1.56
34.664,8.83,-1.52,9.01,-1.56,9.01,-1.56
34.678,8.83,-1.5,9.01,-1.56,9.01,-1.56
34.692,8.87,-1.57,9.01,-1.56,9.01,-1.56
34.707,8.74,-1.53,9.01,-1.56,9.01,-1.56
34.721,8.78,-1.58,9.01,-1.56,9.0,-1.56
34.735,8.87,-1.55,9.01,-1.56,9.0,-1.56
34.75,8.86,-1.49,9.01,-1.56,9.0,-1.56
34.764,8.67,-1.45,9.01,-1.56,9.0,-1.56
34.778,8.81,-1.55,9.0,-1.55,9.0,-1.55
34.792,8.88,-1.62,9.0,-1.55,9.0,-1.55
34.807,8.8,-1.49,9.0,-1.55,9.0,-1.55
34.821,8.71,-1.44,9.0,-1.55,9.0,-1.55
34.836,8.73,-1.63,9.0,-1.55,9.0,-1.55
34.85,8.85,-1.71,9.0,-1.55,9.0,-1.55
34.864,8.88,-1.55,9.0,-1.55,9.0,-1.55
34.878,8.71,-1.45,9.0,-1.55,9.0,-1.55
34.893,8.69,-1.55,9.0,-1.55,9.0,-1.55
34.907,8.91,-1.65,9.0,-1.55,9.0,-1.55
34.921,9.0,-1.62,9.0,-1.55,9.0,-1.55
34.936,8.74,-1.51,9.0,-1.55,9.0,-1.55
34.951,8.68,-1.55,9.0,-1.55,9.0,-1.55
34.965,8.91,-1.56,9.0,-1.55,9.0,-1.55
34.979,8.9,-1.54,9.0,-1.55,9.0,-1.55
34.994,8.78,-1.6,9.0,-1.55,9.0,-1.55
35.008,8.78,-1.61,9.0,-1.55,9.0,-1.55
35.023,8.91,-1.58,9.0,-1.55,9.0,-1.55
35.037,8.9,-1.57,9.0,-1.55,9.0,-1.55
35.052,8.73,-1.54,9.01,-1.55,9.0,-1.55
35.066,8.71,-1.53,9.01,-1.55,9.0,-1.55
35.081,8.8,-1.57,9.0,-1.55,9.0,-1.55
35.095,8.84,-1.58,9.0,-1.55,9.0,-1.55
35.11,8.85,-1.55,9.0,-1.55,9.0,-1.55
35.126,8.82,-1.55,9.0,-1.55,9.0,-1.55
35.14,8.83,-1.54,9.0,-1.55,9.0,-1.55
35.154,8.77,-1.51,9.0,-1.55,9.0,-1.55
35.169,8.77,-1.56,9.0,-1.55,9.0,-1.55
35.183,8.78,-1.53,9.0,-1.55,9.0,-1.55
35.198,8.82,-1.6,9.0,-1.55,9.0,-1.55
35.212,8.88,-1.61,9.0,-1.55,9.0,-1.55
35.227,8.91,-1.61,9.0,-1.55,9.0,-1.55
35.241,8.78,-1.59,9.0,-1.55,9.0,-1.55
35.255,8.79,-1.57,9.0,-1.55,9.0,-1.55
35.269,8.83,-1.59,9.0,-1.55,9.0,-1.55
35.284,8.87,-1.6,9.0,-1.55,9.0,-1.55
35.298,8.85,-1.59,9.0,-1.55,9.0,-1.55
35.312,8.82,-1.6,9.0,-1.55,9.0,-1.55
35.326,8.79,-1.61,9.0,-1.55,9.0,-1.55
35.341,8.8,-1.53,9.0,-1.55,9.0,-1.55
35.355,8.82,-1.52,9.0,-1.55,9.0,-1.55
35.369,8.83,-1.64,9.0,-1.55,9.0,-1.55
35.384,8.83,-1.65,9.0,-1.55,9.0,-1.55
35.398,8.91,-1.61,9.0,-1.55,9.0,-1.55
35.412,8.87,-1.58,9.0,-1.55,9.0,-1.55
35.426,8.79,-1.53,9.0,-1.55,9.0,-1.55
35.44,8.8,-1.55,9.0,-1.55,9.0,-1.55
35.455,8.8,-1.57,9.0,-1.55,9.0,-1.55
35.469,8.84,-1.59,9.0,-1.55,9.0,-1.55
35.484,8.86,-1.59,9.0,-1.55,9.0,-1.55
35.499,8.88,-1.62,9.0,-1.55,9.0,-1.55
35.513,8.86,-1.62,9.0,-1.55,9.0,-1.55
35.528,8.83,-1.64,9.0,-1.55,9.0,-1.55
35.542,8.8,-1.58,9.0,-1.55,9.0,-1.55
35.557,8.79,-1.54,9.0,-1.56,9.0,-1.56
35.572,8.84,-1.57,9.0,-1.55,9.0,-1.55
35.587,8.8,-1.58,9.0,-1.55,9.0,-1.55
35.601,8.79,-1.57,9.0,-1.55,9.0,-1.55
35.616,8.72,-1.59,9.0,-1.55,9.0,-1.55
35.631,8.76,-1.57,9.0,-1.55,9.0,-1.55
35.645,8.83,-1.43,9.0,-1.55,9.0,-1.55
35.66,8.84,-1.46,9.0,-1.55,9.0,-1.55
35.674,8.86,-1.6,9.0,-1.55,9.0,-1.55
35.689,8.84,-1.6,9.0,-1.55,9.0,-1.55
35.703,8.85,-1.62,9.0,-1.55,9.0,-1.55
35.717,8.83,-1.66,9.0,-1.55,9.0,-1.55
35.732,8.82,-1.64,9.0,-1.56,9.0,-1.56
35.746,8.8,-1.56,9.0,-1.56,9.0,-1.56
35.76,8.78,-1.53,9.0,-1.56,9.0,-1.56
35.774,8.79,-1.57,9.0,-1.56,9.0,-1.56
35.788,8.79,-1.6,9.0,-1.56,9.0,-1.56
35.803,8.83,-1.57,9.0,-1.56,9.0,-1.56
35.817,8.82,-1.53,9.0,-1.56,9.0,-1.56
35.831,8.79,-1.53,9.0,-1.56,9.0,-1.56
35.846,8.81,-1.52,9.0,-1.56,9.0,-1.55
35.86,8.83,-1.51,9.0,-1.55,9.0,-1.55
35.874,8.81,-1.58,9.0,-1.55,9.0,-1.55
35.888,8.79,-1.57,9.0,-1.55,9.0,-1.55
35.902,8.82,-1.56,9.0,-1.55,9.0,-1.55
35.917,8.83,-1.57,9.0,-1.55,9.0,-1.55
35.931,8.82,-1.59,9.0,-1.55,9.0,-1.55
35.946,8.79,-1.57,9.0,-1.55,9.0,-1.55
35.96,8.77,-1.57,9.0,-1.55,9.0,-1.55
35.974,8.81,-1.57,9.0,-1.55,9.0,-1.56
35.989,8.78,-1.55,9.0,-1.56,9.0,-1.56
36.003,8.75,-1.57,9.0,-1.56,9.0,-1.56
36.018,8.77,-1.57,9.0,-1.56,9.0,-1.56
36.032,8.86,-1.58,9.0,-1.56,9.0,-1.56
36.047,8.85,-1.58,9.0,-1.56,9.0,-1.56
36.061,8.84,-1.6,9.0,-1.56,9.0,-1.56
36.076,8.89,-1.58,9.0,-1.56,9.0,-1.56
36.091,8.81,-1.58,9.0,-1.55,9.0,-1.56
36.105,8.83,-1.6,9.0,-1.56,9.0,-1.56
36.12,8.77,-1.52,9.0,-1.56,9.0,-1.56
36.134,8.74,-1.52,9.0,-1.56,9.0,-1.55
36.149,8.75,-1.54,9.0,-1.55,9.0,-1.55
36.164,8.73,-1.56,9.0,-1.55,9.0,-1.55
36.179,8.82,-1.54,9.0,-1.55,9.0,-1.55
36.193,8.87,-1.55,9.0,-1.55,9.0,-1.55
36.207,8.84,-1.65,9.0,-1.55,9.0,-1.55
36.222,8.81,-1.62,9.0,-1.55,9.0,-1.55
36.236,8.79,-1.56,9.01,-1.55,9.0,-1.55
36.25,8.82,-1.5,9.01,-1.55,9.01,-1.55
36.265,8.83,-1.55,9.01,-1.55,9.01,-1.55
36.279,8.83,-1.57,9.01,-1.55,9.01,-1.55
36.293,8.82,-1.58,9.01,-1.55,9.01,-1.55
36.308,8.84,-1.6,9.01,-1.55,9.01,-1.55
36.322,8.82,-1.6,9.01,-1.55,9.01,-1.55
36.336,8.82,-1.57,9.01,-1.55,9.01,-1.55
36.35,8.82,-1.53,9.01,-1.55,9.01,-1.55
36.364,8.83,-1.51,9.01,-1.55,9.01,-1.55
36.378,8.89,-1.6,9.01,-1.55,9.01,-1.55
36.393,8.86,-1.62,9.01,-1.55,9.01,-1.56
36.407,8.74,-1.55,9.01,-1.56,9.01,-1.56
36.421,8.72,-1.55,9.01,-1.56,9.01,-1.56
36.435,8.77,-1.6,9.01,-1.56,9.01,-1.56
36.45,8.79,-1.58,9.01,-1.56,9.01,-1.56
36.464,8.84,-1.61,9.01,-1.56,9.01,-1.56
36.479,8.86,-1.62,9.01,-1.56,9.01,-1.56
36.494,8.82,-1.62,9.01,-1.56,9.01,-1.56
36.509,8.81,-1.61,9.01,-1.56,9.01,-1.56
36.523,8.76,-1.59,9.01,-1.56,9.01,-1.56
36.538,8.72,-1.63,9.01,-1.56,9.01,-1.56
36.553,8.74,-1.63,9.01,-1.56,9.01,-1.56
36.567,8.83,-1.59,9.01,-1.56,9.01,-1.56
36.582,8.83,-1.61,9.01,-1.56,9.01,-1.56
36.596,8.82,-1.61,9.01,-1.56,9.0,-1.56
36.611,8.79,-1.62,9.01,-1.56,9.0,-1.56
36.63,8.74,-1.57,9.01,-1.56,9.01,-1.56
36.645,8.8,-1.59,9.01,-1.56,9.01,-1.56
36.66,8.88,-1.57,9.01,-1.56,9.01,-1.56
36.674,8.87,-1.48,9.01,-1.56,9.01,-1.56
36.688,8.84,-1.53,9.01,-1.56,9.01,-1.56
36.703,8.91,-1.61,9.01,-1.56,9.01,-1.56
36.717,8.86,-1.57,9.01,-1.56,9.01,-1.56
36.731,8.8,-1.53,9.01,-1.56,9.01,-1.56
36.746,8.78,-1.52,9.01,-1.56,9.01,-1.56
36.762,8.84,-1.62,9.01,-1.56,9.01,-1.56
36.776,8.83,-1.64,9.01,-1.56,9.01,-1.56
36.79,8.81,-1.64,9.01,-1.56,9.01,-1.56
36.804,8.78,-1.57,9.01,-1.56,9.01,-1.56
36.819,8.83,-1.57,9.01,-1.56,9.01,-1.56
36.833,8.83,-1.56,9.01,-1.56,9.01,-1.56
36.847,8.81,-1.53,9.01,-1.56,9.01,-1.56
36.862,8.82,-1.58,9.01,-1.56,9.01,-1.56
36.876,8.84,-1.54,9.01,-1.56,9.01,-1.56
36.89,8.87,-1.6,9.01,-1.56,9.01,-1.56
36.904,8.84,-1.64,9.01,-1.56,9.01,-1.56
36.918,8.84,-1.59,9.01,-1.56,9.01,-1.56
36.933,8.86,-1.56,9.01,-1.56,9.01,-1.56
36.947,8.81,-1.56,9.01,-1.56,9.01,-1.56
36.962,8.86,-1.57,9.01,-1.56,9.01,-1.56
36.976,8.88,-1.59,9.01,-1.56,9.01,-1.56
36.991,8.87,-1.6,9.01,-1.56,9.01,-1.56
37.009,8.72,-1.61,9.01,-1.56,9.01,-1.56
37.023,8.73,-1.59,9.01,-1.57,9.01,-1.57
37.037,8.8,-1.58,9.01,-1.57,9.01,-1.57
37.052,8.87,-1.54,9.01,-1.57,9.01,-1.57
37.067,8.81,-1.53,9.01,-1.57,9.01,-1.56
37.081,8.83,-1.61,9.01,-1.56,9.01,-1.57
37.096,8.87,-1.58,9.01,-1.57,9.01,-1.57
37.11,8.81,-1.59,9.01,-1.57,9.01,-1.57
37.125,8.77,-1.58,9.01,-1.57,9.01,-1.57
37.139,8.82,-1.55,9.01,-1.57,9.01,-1.57
37.154,8.82,-1.58,9.01,-1.57,9.01,-1.57
37.168,8.83,-1.58,9.01,-1.57,9.01,-1.57
37.183,8.87,-1.58,9.01,-1.57,9.01,-1.57
37.198,8.86,-1.59,9.01,-1.57,9.01,-1.57
37.213,8.85,-1.6,9.01,-1.57,9.01,-1.57
37.227,8.83,-1.58,9.01,-1.57,9.01,-1.57
37.241,8.83,-1.58,9.01,-1.57,9.01,-1.57
37.255,8.82,-1.62,9.02,-1.57,9.01,-1.57
37.27,8.8,-1.67,9.02,-1.57,9.01,-1.57
37.284,8.81,-1.67,9.02,-1.57,9.01,-1.57
37.298,8.79,-1.6,9.02,-1.57,9.01,-1.57
37.312,8.76,-1.59,9.02,-1.57,9.01,-1.57
37.326,8.76,-1.54,9.02,-1.57,9.01,-1.57
37.34,8.83,-1.59,9.01,-1.57,9.01,-1.57
37.355,8.87,-1.64,9.01,-1.57,9.01,-1.57
37.369,8.85,-1.66,9.01,-1.57,9.01,-1.57
37.383,8.84,-1.64,9.02,-1.57,9.01,-1.57
37.397,8.8,-1.55,9.02,-1.57,9.01,-1.57
37.411,8.81,-1.52,9.02,-1.57,9.02,-1.57
37.426,8.85,-1.61,9.02,-1.57,9.02,-1.57
37.44,8.87,-1.62,9.02,-1.57,9.01,-1.57
37.454,8.87,-1.54,9.02,-1.57,9.02,-1.57
37.468,8.84,-1.58,9.02,-1.57,9.02,-1.57
37.483,8.8,-1.59,9.02,-1.57,9.01,-1.57
37.498,8.83,-1.59,9.02,-1.57,9.02,-1.57
37.513,8.83,-1.58,9.02,-1.57,9.02,-1.57
37.527,8.79,-1.56,9.02,-1.57,9.02,-1.57
37.542,8.83,-1.61,9.02,-1.57,9.02,-1.57
37.557,8.81,-1.62,9.02,-1.57,9.02,-1.57
37.571,8.79,-1.62,9.02,-1.57,9.02,-1.57
37.586,8.83,-1.58,9.02,-1.57,9.02,-1.57
37.601,8.86,-1.56,9.02,-1.57,9.02,-1.57
37.615,8.77,-1.55,9.02,-1.57,9.02,-1.57
37.63,8.76,-1.58,9.02,-1.57,9.02,-1.57
37.645,8.86,-1.54,9.02,-1.57,9.02,-1.57
37.659,8.88,-1.57,9.02,-1.57,9.02,-1.57
37.673,8.8,-1.58,9.02,-1.57,9.02,-1.57
37.687,8.76,-1.59,9.02,-1.57,9.02,-1.57
37.702,8.81,-1.58,9.02,-1.57,9.02,-1.57
37.716,8.85,-1.56,9.02,-1.57,9.02,-1.57
37.731,8.83,-1.52,9.02,-1.57,9.02,-1.57
37.745,8.8,-1.55,9.02,-1.57,9.02,-1.57
37.76,8.78,-1.58,9.02,-1.57,9.02,-1.57
37.773,8.77,-1.62,9.02,-1.57,9.02,-1.57
37.787,8.81,-1.57,9.02,-1.57,9.02,-1.57
37.802,8.79,-1.58,9.02,-1.57,9.02,-1.57
37.816,8.78,-1.58,9.02,-1.57,9.02,-1.57
37.83,8.83,-1.5,9.02,-1.57,9.02,-1.57
37.844,8.85,-1.52,9.02,-1.57,9.02,-1.57
37.859,8.86,-1.59,9.02,-1.57,9.02,-1.57
37.873,8.78,-1.62,9.02,-1.57,9.02,-1.57
37.887,8.77,-1.65,9.02,-1.57,9.02,-1.57
37.901,8.81,-1.6,9.02,-1.57,9.02,-1.57
37.915,8.8,-1.57,9.02,-1.57,9.02,-1.57
37.93,8.77,-1.57,9.02,-1.57,9.02,-1.57
37.944,8.77,-1.59,9.02,-1.57,9.01,-1.57
37.958,8.87,-1.58,9.02,-1.57,9.01,-1.57
37.973,8.9,-1.57,9.02,-1.57,9.01,-1.57
37.987,8.81,-1.57,9.02,-1.57,9.02,-1.57
38.002,8.77,-1.54,9.02,-1.57,9.02,-1.57
38.017,8.88,-1.6,9.02,-1.57,9.02,-1.57
38.031,8.91,-1.6,9.02,-1.57,9.02,-1.57
38.046,8.9,-1.59,9.02,-1.57,9.02,-1.57
38.061,8.86,-1.62,9.02,-1.57,9.02,-1.57
38.076,8.86,-1.61,9.02,-1.57,9.02,-1.57
38.091,8.81,-1.58,9.02,-1.57,9.02,-1.57
38.105,8.75,-1.56,9.02,-1.57,9.02,-1.57
38.12,8.76,-1.56,9.02,-1.57,9.02,-1.57
38.135,8.78,-1.61,9.02,-1.57,9.02,-1.57
38.149,8.83,-1.53,9.02,-1.57,9.02,-1.57
38.164,8.84,-1.54,9.02,-1.57,9.02,-1.57
38.178,8.8,-1.63,9.02,-1.57,9.02,-1.57
38.193,8.77,-1.58,9.02,-1.57,9.02,-1.57
38.208,8.79,-1.54,9.02,-1.57,9.02,-1.57
38.223,8.81,-1.56,9.02,-1.57,9.02,-1.57
38.237,8.86,-1.55,9.02,-1.57,9.02,-1.57
38.256,8.86,-1.61,9.02,-1.57,9.02,-1.57
38.27,8.86,-1.61,9.02,-1.57,9.02,-1.57
38.284,8.77,-1.52,9.02,-1.57,9.02,-1.57
38.298,8.75,-1.52,9.02,-1.57,9.02,-1.57
38.312,8.82,-1.54,9.02,-1.57,9.01,-1.57
38.327,8.88,-1.57,9.02,-1.57,9.02,-1.57
38.341,8.83,-1.57,9.02,-1.57,9.02,-1.57
38.355,8.79,-1.6,9.02,-1.57,9.02,-1.57
38.369,8.83,-1.59,9.02,-1.57,9.02,-1.57
38.384,8.87,-1.59,9.02,-1.57,9.02,-1.57
38.399,8.81,-1.62,9.02,-1.57,9.02,-1.57
38.413,8.77,-1.59,9.02,-1.57,9.02,-1.57
38.427,8.78,-1.59,9.02,-1.57,9.02,-1.57
38.442,8.81,-1.61,9.02,-1.57,9.02,-1.57
38.456,8.81,-1.61,9.02,-1.57,9.02,-1.57
38.47,8.81,-1.61,9.02,-1.57,9.02,-1.57
38.484,8.87,-1.59,9.02,-1.57,9.02,-1.57
38.499,8.88,-1.58,9.02,-1.57,9.02,-1.57
38.514,8.84,-1.58,9.02,-1.57,9.02,-1.57
38.528,8.82,-1.57,9.02,-1.57,9.02,-1.57
38.542,8.79,-1.54,9.02,-1.57,9.02,-1.57
38.557,8.81,-1.55,9.02,-1.57,9.02,-1.57
38.571,8.8,-1.56,9.02,-1.57,9.02,-1.57
38.585,8.81,-1.56,9.02,-1.57,9.02,-1.57
38.6,8.82,-1.55,9.02,-1.57,9.02,-1.57
38.614,8.81,-1.53,9.02,-1.57,9.02,-1.57
38.629,8.79,-1.52,9.02,-1.57,9.02,-1.57
38.643,8.84,-1.54,9.02,-1.57,9.02,-1.57
38.657,8.87,-1.59,9.02,-1.57,9.02,-1.57
38.672,8.85,-1.61,9.02,-1.57,9.02,-1.57
38.686,8.84,-1.59,9.02,-1.57,9.02,-1.57
38.701,8.83,-1.58,9.02,-1.57,9.02,-1.57
38.715,8.84,-1.59,9.02,-1.57,9.02,-1.57
38.729,8.85,-1.59,9.02,-1.57,9.02,-1.57
38.744,8.83,-1.6,9.02,-1.57,9.02,-1.57
38.758,8.84,-1.61,9.02,-1.57,9.02,-1.57
38.772,8.83,-1.61,9.02,-1.57,9.02,-1.57
38.786,8.83,-1.61,9.02,-1.57,9.02,-1.57
38.801,8.76,-1.57,9.02,-1.57,9.02,-1.57
38.815,8.76,-1.54,9.02,-1.58,9.02,-1.57
38.829,8.81,-1.6,9.02,-1.57,9.02,-1.58
38.843,8.82,-1.6,9.02,-1.58,9.02,-1.58
38.857,8.76,-1.59,9.02,-1.58,9.02,-1.58
38.871,8.77,-1.56,9.02,-1.58,9.02,-1.58
38.886,8.81,-1.54,9.02,-1.58,9.02,-1.58
38.9,8.79,-1.53,9.02,-1.58,9.02,-1.58
38.915,8.8,-1.57,9.02,-1.58,9.02,-1.58
38.929,8.79,-1.61,9.02,-1.58,9.02,-1.58
38.943,8.79,-1.6,9.02,-1.58,9.02,-1.58
38.957,8.86,-1.55,9.02,-1.58,9.02,-1.58
38.971,8.85,-1.55,9.02,-1.58,9.02,-1.58
38.986,8.83,-1.59,9.02,-1.58,9.02,-1.58
39.001,8.83,-1.62,9.02,-1.57,9.02,-1.58
39.016,8.77,-1.58,9.02,-1.57,9.02,-1.57
39.03,8.78,-1.57,9.02,-1.57,9.02,-1.57
39.045,8.81,-1.57,9.02,-1.57,9.02,-1.57
39.06,8.82,-1.56,9.02,-1.57,9.02,-1.57
39.075,8.82,-1.56,9.02,-1.57,9.02,-1.57
39.089,8.83,-1.64,9.02,-1.57,9.02,-1.57
39.104,8.85,-1.64,9.02,-1.57,9.02,-1.57
39.119,8.8,-1.57,9.02,-1.57,9.02,-1.57
39.133,8.79,-1.56,9.02,-1.57,9.02,-1.57
39.148,8.79,-1.63,9.02,-1.57,9.02,-1.57
39.163,8.82,-1.59,9.02,-1.57,9.02,-1.57
39.177,8.86,-1.54,9.02,-1.57,9.02,-1.57
39.192,8.82,-1.55,9.02,-1.57,9.02,-1.57
39.206,8.83,-1.57,9.02,-1.57,9.02,-1.57
39.221,8.85,-1.57,9.02,-1.57,9.02,-1.57
39.236,8.85,-1.63,9.02,-1.57,9.02,-1.57
39.25,8.85,-1.61,9.02,-1.57,9.02,-1.57
39.264,8.78,-1.58,9.02,-1.57,9.02,-1.57
39.279,8.77,-1.54,9.02,-1.57,9.02,-1.57
39.293,8.81,-1.56,9.02,-1.57,9.02,-1.57
39.307,8.83,-1.6,9.02,-1.57,9.02,-1.57
39.321,8.81,-1.61,9.02,-1.57,9.02,-1.57
39.335,8.84,-1.59,9.02,-1.57,9.02,-1.57
39.35,8.86,-1.58,9.02,-1.57,9.02,-1.57
39.364,8.81,-1.54,9.02,-1.57,9.02,-1.57
39.378,8.83,-1.54,9.02,-1.57,9.02,-1.57
39.392,8.82,-1.62,9.02,-1.57,9.01,-1.57
39.406,8.83,-1.59,9.02,-1.57,9.01,-1.57
39.421,8.85,-1.59,9.02,-1.57,9.02,-1.57
39.435,8.87,-1.55,9.02,-1.57,9.02,-1.57
39.449,8.83,-1.52,9.02,-1.57,9.02,-1.57
39.464,8.81,-1.59,9.02,-1.57,9.02,-1.57
39.478,8.81,-1.62,9.02,-1.57,9.02,-1.57
39.492,8.85,-1.6,9.02,-1.57,9.02,-1.57
39.508,8.83,-1.61,9.02,-1.57,9.02,-1.57
39.522,8.81,-1.64,9.02,-1.57,9.02,-1.57
39.536,8.83,-1.59,9.02,-1.57,9.02,-1.57
39.551,8.81,-1.59,9.02,-1.57,9.02,-1.57
39.566,8.78,-1.62,9.02,-1.57,9.02,-1.57
39.58,8.8,-1.55,9.02,-1.57,9.02,-1.57
39.595,8.84,-1.54,9.02,-1.57,9.02,-1.57
39.611,8.83,-1.62,9.02,-1.57,9.02,-1.57
39.626,8.84,-1.66,9.02,-1.57,9.02,-1.57
39.64,8.82,-1.64,9.02,-1.57,9.02,-1.57
39.655,8.81,-1.6,9.02,-1.57,9.01,-1.57
39.67,8.79,-1.58,9.02,-1.57,9.01,-1.57
39.684,8.78,-1.6,9.02,-1.57,9.01,-1.57
39.699,8.75,-1.57,9.02,-1.57,9.01,-1.57
39.714,8.75,-1.57,9.02,-1.57,9.01,-1.57
39.728,8.77,-1.56,9.01,-1.57,9.01,-1.57
39.742,8.82,-1.57,9.01,-1.57,9.01,-1.57
39.756,8.84,-1.56,9.01,-1.57,9.01,-1.57
39.77,8.77,-1.52,9.02,-1.57,9.01,-1.57
39.785,8.79,-1.55,9.02,-1.57,9.01,-1.57
39.799,8.77,-1.54,9.02,-1.57,9.01,-1.57
39.813,8.8,-1.56,9.01,-1.57,9.01,-1.57
39.828,8.83,-1.63,9.01,-1.57,9.01,-1.57
39.842,8.82,-1.55,9.01,-1.57,9.01,-1.57
39.856,8.69,-1.55,9.01,-1.57,9.01,-1.57
39.875,8.67,-1.61,9.01,-1.57,9.01,-1.57
39.889,8.83,-1.56,9.01,-1.57,9.01,-1.57
39.903,8.87,-1.55,9.01,-1.57,9.01,-1.57
39.919,8.82,-1.64,9.01,-1.57,9.01,-1.57
39.933,8.79,-1.64,9.01,-1.57,9.01,-1.57
39.947,8.83,-1.59,9.01,-1.57,9.01,-1.57
39.961,8.84,-1.54,9.01,-1.57,9.01,-1.57
39.975,8.82,-1.55,9.01,-1.57,9.01,-1.57
39.989,8.8,-1.57,9.01,-1.57,9.01,-1.57
40.004,8.83,-1.57,9.01,-1.57,9.01,-1.57
40.018,8.88,-1.57,9.01,-1.57,9.01,-1.57
40.033,8.85,-1.59,9.01,-1.57,9.01,-1.57
40.048,8.77,-1.62,9.01,-1.57,9.01,-1.57
40.062,8.81,-1.6,9.01,-1.57,9.01,-1.57
40.077,8.83,-1.59,9.01,-1.57,9.0,-1.57
40.091,8.86,-1.57,9.01,-1.57,9.01,-1.57
40.106,8.82,-1.64,9.01,-1.57,9.01,-1.57
40.121,8.78,-1.67,9.01,-1.57,9.01,-1.57
40.135,8.81,-1.61,9.01,-1.57,9.01,-1.57
40.149,8.79,-1.59,9.01,-1.57,9.01,-1.58
40.164,8.83,-1.53,9.01,-1.58,9.01,-1.57
40.178,8.86,-1.57,9.01,-1.57,9.01,-1.57
40.193,8.79,-1.56,9.01,-1.57,9.01,-1.57
40.208,8.77,-1.56,9.01,-1.57,9.01,-1.57
40.222,8.8,-1.59,9.01,-1.57,9.01,-1.57
40.237,8.82,-1.59,9.01,-1.57,9.01,-1.57
40.251,8.88,-1.57,9.01,-1.57,9.01,-1.57
40.265,8.87,-1.58,9.01,-1.57,9.01,-1.57
40.28,8.83,-1.61,9.01,-1.57,9.01,-1.57
40.294,8.82,-1.58,9.01,-1.57,9.01,-1.58
40.308,8.81,-1.59,9.01,-1.57,9.01,-1.57
40.322,8.83,-1.63,9.01,-1.57,9.01,-1.58
40.337,8.82,-1.59,9.01,-1.57,9.01,-1.57
40.351,8.81,-1.56,9.01,-1.57,9.01,-1.57
40.365,8.81,-1.59,9.01,-1.57,9.01,-1.57
40.379,8.81,-1.61,9.01,-1.57,9.01,-1.57
40.393,8.81,-1.59,9.01,-1.57,9.01,-1.57
40.408,8.82,-1.53,9.01,-1.57,9.01,-1.57
40.422,8.85,-1.52,9.01,-1.57,9.01,-1.57
40.436,8.84,-1.55,9.02,-1.57,9.01,-1.57
40.45,8.85,-1.61,9.02,-1.57,9.01,-1.57
40.464,8.82,-1.59,9.02,-1.57,9.02,-1.58
40.479,8.79,-1.56,9.02,-1.58,9.02,-1.57
40.493,8.88,-1.55,9.02,-1.57,9.02,-1.57
40.507,8.87,-1.57,9.02,-1.57,9.02,-1.57
40.522,8.84,-1.59,9.02,-1.57,9.02,-1.57
40.536,8.81,-1.58,9.02,-1.57,9.02,-1.57
40.551,8.83,-1.57,9.02,-1.57,9.02,-1.57
40.565,8.83,-1.6,9.02,-1.57,9.02,-1.57
40.58,8.78,-1.59,9.02,-1.57,9.02,-1.57
40.594,8.78,-1.54,9.02,-1.57,9.02,-1.57
40.609,8.85,-1.59,9.02,-1.57,9.02,-1.57
40.623,8.87,-1.61,9.02,-1.57,9.02,-1.57
40.638,8.81,-1.59,9.02,-1.57,9.02,-1.57
40.653,8.84,-1.57,9.02,-1.57,9.02,-1.57
40.667,8.89,-1.55,9.02,-1.57,9.02,-1.57
40.682,8.87,-1.58,9.02,-1.57,9.02,-1.57
40.697,8.8,-1.56,9.02,-1.57,9.02,-1.57
40.711,8.82,-1.54,9.02,-1.57,9.02,-1.57
40.726,8.83,-1.52,9.02,-1.57,9.02,-1.57
40.74,8.79,-1.57,9.02,-1.57,9.02,-1.57
40.754,8.82,-1.55,9.02,-1.57,9.02,-1.57
40.768,8.81,-1.6,9.02,-1.57,9.02,-1.57
40.783,8.8,-1.64,9.02,-1.57,9.02,-1.57
40.797,8.78,-1.58,9.02,-1.57,9.02,-1.57
40.811,8.81,-1.56,9.02,-1.57,9.02,-1.57
40.825,8.86,-1.52,9.02,-1.58,9.02,-1.57
40.839,8.82,-1.51,9.02,-1.58,9.02,-1.58
40.854,8.79,-1.5,9.02,-1.58,9.02,-1.58
40.868,8.85,-1.51,9.02,-1.58,9.02,-1.57
40.882,8.85,-1.52,9.02,-1.57,9.02,-1.57
40.896,8.85,-1.61,9.02,-1.57,9.02,-1.57
40.91,8.78,-1.61,9.02,-1.57,9.02,-1.57
40.925,8.8,-1.61,9.02,-1.57,9.02,-1.57
40.939,8.87,-1.59,9.02,-1.57,9.02,-1.57
40.953,8.87,-1.57,9.02,-1.57,9.02,-1.57
40.967,8.76,-1.59,9.02,-1.57,9.02,-1.57
40.981,8.72,-1.58,9.02,-1.57,9.02,-1.57
40.996,8.79,-1.57,9.02,-1.57,9.02,-1.57
41.011,8.83,-1.56,9.02,-1.57,9.02,-1.57
41.025,8.78,-1.61,9.02,-1.57,9.02,-1.57
41.04,8.75,-1.61,9.02,-1.57,9.01,-1.57
41.055,8.87,-1.55,9.02,-1.57,9.01,-1.57
41.069,8.84,-1.57,9.02,-1.57,9.01,-1.57
41.084,8.82,-1.56,9.02,-1.57,9.01,-1.57
41.098,8.79,-1.57,9.02,-1.57,9.01,-1.57
41.112,8.81,-1.58,9.02,-1.57,9.01,-1.57
41.127,8.82,-1.57,9.02,-1.57,9.02,-1.57
41.142,8.88,-1.64,9.02,-1.57,9.02,-1.57
41.156,8.84,-1.64,9.02,-1.57,9.02,-1.57
41.17,8.82,-1.59,9.02,-1.57,9.02,-1.57
41.185,8.74,-1.55,9.02,-1.57,9.02,-1.57
41.199,8.74,-1.57,9.02,-1.57,9.02,-1.57
41.214,8.82,-1.59,9.02,-1.57,9.02,-1.57
41.228,8.81,-1.59,9.02,-1.57,9.02,-1.57
41.242,8.83,-1.64,9.02,-1.57,9.01,-1.57
41.257,8.85,-1.6,9.02,-1.57,9.02,-1.57
41.271,8.81,-1.57,9.02,-1.57,9.02,-1.57
41.285,8.78,-1.59,9.02,-1.57,9.02,-1.57
41.299,8.77,-1.6,9.02,-1.57,9.02,-1.57
41.314,8.75,-1.54,9.02,-1.57,9.02,-1.57
41.328,8.76,-1.55,9.02,-1.57,9.02,-1.57
41.342,8.78,-1.57,9.02,-1.57,9.02,-1.57
41.357,8.79,-1.61,9.02,-1.57,9.02,-1.57
41.371,8.82,-1.57,9.02,-1.57,9.02,-1.57
41.386,8.8,-1.53,9.02,-1.57,9.02,-1.57
41.4,8.83,-1.54,9.02,-1.57,9.02,-1.57
41.414,8.78,-1.52,9.02,-1.57,9.02,-1.57
41.429,8.8,-1.59,9.02,-1.57,9.02,-1.57
41.443,8.81,-1.61,9.02,-1.57,9.02,-1.57
41.457,8.81,-1.59,9.02,-1.57,9.02,-1.57
41.471,8.8,-1.57,9.02,-1.57,9.02,-1.57
41.486,8.8,-1.6,9.02,-1.57,9.02,-1.57
41.503,8.8,-1.59,9.02,-1.57,9.02,-1.57
41.517,8.76,-1.56,9.02,-1.57,9.02,-1.57
41.532,8.8,-1.55,9.02,-1.57,9.02,-1.57
41.546,8.79,-1.56,9.02,-1.57,9.02,-1.57
41.561,8.82,-1.55,9.02,-1.57,9.02,-1.57
41.577,8.86,-1.61,9.02,-1.57,9.02,-1.57
41.591,8.82,-1.61,9.02,-1.57,9.02,-1.57
41.606,8.83,-1.62,9.02,-1.57,9.02,-1.57
41.62,8.86,-1.57,9.02,-1.57,9.02,-1.57
41.635,8.85,-1.57,9.02,-1.57,9.02,-1.57
41.65,8.81,-1.6,9.02,-1.57,9.02,-1.57
41.664,8.81,-1.57,9.02,-1.57,9.02,-1.57
41.679,8.82,-1.57,9.02,-1.57,9.02,-1.57
41.693,8.82,-1.58,9.02,-1.57,9.02,-1.57
41.708,8.82,-1.54,9.02,-1.57,9.02,-1.57
41.723,8.82,-1.55,9.02,-1.57,9.02,-1.57
41.737,8.83,-1.61,9.02,-1.57,9.02,-1.57
41.751,8.84,-1.64,9.02,-1.57,9.02,-1.57
41.765,8.85,-1.62,9.02,-1.57,9.02,-1.57
41.78,8.87,-1.62,9.02,-1.57,9.02,-1.57
41.794,8.85,-1.6,9.02,-1.57,9.02,-1.57
41.808,8.8,-1.57,9.02,-1.57,9.02,-1.57
41.823,8.77,-1.57,9.02,-1.57,9.02,-1.57
41.837,8.8,-1.58,9.02,-1.57,9.02,-1.57
41.851,8.83,-1.58,9.02,-1.57,9.02,-1.57
41.865,8.84,-1.57,9.02,-1.57,9.02,-1.57
41.879,8.86,-1.58,9.02,-1.57,9.02,-1.57
41.893,8.8,-1.57,9.02,-1.57,9.02,-1.57
41.907,8.79,-1.57,9.02,-1.57,9.02,-1.57
41.922,8.78,-1.57,9.02,-1.57,9.02,-1.57
41.936,8.79,-1.57,9.02,-1.57,9.02,-1.57
41.95,8.76,-1.58,9.02,-1.57,9.02,-1.57
41.964,8.82,-1.61,9.02,-1.57,9.02,-1.57
41.978,8.8,-1.57,9.02,-1.58,9.02,-1.58
41.992,8.76,-1.56,9.02,-1.58,9.02,-1.58
42.007,8.79,-1.57,9.02,-1.58,9.02,-1.58
42.022,8.87,-1.52,9.02,-1.58,9.02,-1.57
42.037,8.89,-1.51,9.02,-1.57,9.02,-1.57
42.051,8.84,-1.55,9.02,-1.57,9.02,-1.57
42.065,8.81,-1.59,9.02,-1.57,9.02,-1.57
42.079,8.84,-1.58,9.02,-1.57,9.02,-1.57
42.094,8.78,-1.55,9.02,-1.57,9.02,-1.57
42.108,8.8,-1.5,9.02,-1.57,9.02,-1.57
42.123,8.83,-1.58,9.02,-1.57,9.02,-1.57
42.137,8.85,-1.57,9.02,-1.57,9.02,-1.57
42.152,8.8,-1.58,9.02,-1.57,9.02,-1.57
42.166,8.76,-1.61,9.02,-1.57,9.02,-1.58
42.181,8.78,-1.6,9.02,-1.58,9.02,-1.58
42.195,8.82,-1.57,9.02,-1.58,9.02,-1.58
42.21,8.8,-1.51,9.02,-1.58,9.02,-1.58
42.225,8.7,-1.53,9.03,-1.58,9.02,-1.58
42.24,8.9,-1.59,9.03,-1.58,9.02,-1.58
42.254,8.87,-1.56,9.03,-1.58,9.02,-1.58
42.268,8.83,-1.51,9.02,-1.58,9.02,-1.58
42.282,8.89,-1.57,9.02,-1.58,9.02,-1.58
42.297,8.82,-1.6,9.02,-1.58,9.02,-1.58
42.311,8.92,-1.59,9.02,-1.58,9.02,-1.58
42.325,8.86,-1.59,9.02,-1.58,9.02,-1.58
42.339,8.14,-1.4,9.02,-1.58,9.01,-1.57
42.353,7.49,-1.17,8.99,-1.57,8.97,-1.57
42.367,8.61,-1.18,8.93,-1.56,8.93,-1.56
42.381,10.69,-2.06,8.9,-1.54,8.91,-1.55
42.396,9.45,-1.74,8.92,-1.54,8.92,-1.55
42.41,8.72,-1.46,8.93,-1.55,8.93,-1.55
42.424,8.94,-1.59,8.93,-1.55,8.93,-1.55
42.438,9.02,-1.69,8.94,-1.55,8.94,-1.55
42.453,8.31,-1.66,8.96,-1.55,8.95,-1.55
42.467,8.79,-2.18,8.96,-1.55,8.96,-1.56
42.481,9.51,-2.21,8.91,-1.56,8.92,-1.56
42.495,10.6,-2.18,8.88,-1.56,8.9,-1.57
42.51,9.95,-1.89,8.9,-1.57,8.92,-1.58
42.524,9.39,-0.46,8.97,-1.54,8.97,-1.53
42.539,6.72,-0.6,9.02,-1.37,8.99,-1.36
42.553,7.28,-1.43,9.12,-1.02,9.1,-1.03
42.568,7.35,-4.28,9.23,-0.75,9.21,-0.78
42.582,7.91,-4.52,9.15,-0.68,9.14,-0.72
42.597,9.99,-1.45,9.01,-0.7,9.02,-0.71
42.615,9.07,0.76,8.92,-0.75,8.92,-0.74
42.631,9.58,-0.47,8.95,-0.66,8.95,-0.66
42.646,8.97,-4.14,9.0,-0.58,9.0,-0.61
42.661,7.08,-4.28,9.02,-0.63,9.0,-0.67
42.675,8.13,-2.83,8.98,-0.76,8.97,-0.78
42.689,8.4,-2.27,8.96,-0.93,8.96,-0.94
42.704,6.4,-2.04,8.96,-1.07,8.93,-1.08
42.719,5.33,-2.16,8.92,-1.18,8.88,-1.19
42.733,5.71,-1.97,8.91,-1.23,8.88,-1.24
42.748,9.18,-1.11,9.0,-1.22,9.0,-1.22
42.762,10.4,-0.98,9.13,-1.23,9.14,-1.22
42.777,13.99,-5.42,9.24,-1.25,9.28,-1.29
42.796,5.3,-5.19,9.48,-1.29,9.44,-1.33
42.81,6.26,-1.67,9.39,-1.36,9.36,-1.36
42.824,6.93,-1.38,9.15,-1.39,9.13,-1.39
42.838,4.76,-2.54,8.96,-1.42,8.92,-1.43
42.854,4.51,-3.58,8.81,-1.47,8.77,-1.49
42.868,6.22,-2.5,8.78,-1.53,8.76,-1.54
42.883,8.28,0.49,8.79,-1.6,8.79,-1.58
42.897,8.14,-0.05,8.85,-1.62,8.84,-1.6
42.911,7.5,-0.34,8.92,-1.61,8.91,-1.6
42.925,8.83,-1.27,8.99,-1.57,8.99,-1.56
42.94,9.43,-1.07,9.08,-1.47,9.09,-1.46
42.954,10.65,-0.02,9.22,-1.36,9.23,-1.35
42.968,10.4,-2.1,9.35,-1.33,9.36,-1.34
42.983,9.22,-4.36,9.4,-1.34,9.39,-1.37
42.997,6.7,-3.85,9.25,-1.32,9.22,-1.34
43.012,7.78,-3.28,9.04,-1.29,9.03,-1.31
43.026,8.25,-3.09,8.87,-1.27,8.86,-1.29
43.041,10.16,-2.38,8.69,-1.27,8.71,-1.28
43.056,11.18,-2.19,8.46,-1.3,8.48,-1.31
43.07,10.97,-2.17,8.2,-1.32,8.23,-1.33
43.085,11.08,-1.95,7.93,-1.34,7.97,-1.34
43.1,8.75,-2.68,7.71,-1.34,7.72,-1.36
43.117,7.52,-2.88,7.46,-1.35,7.46,-1.37
43.135,9.48,-2.58,7.38,-1.39,7.41,-1.4
43.15,13.9,-0.84,7.41,-1.43,7.47,-1.43
43.164,15.51,-0.53,7.33,-1.46,7.41,-1.45
43.179,11.58,-1.67,7.17,-1.46,7.21,-1.46
43.193,10.53,-2.04,6.94,-1.44,6.98,-1.45
43.208,10.94,-1.68,6.8,-1.42,6.84,-1.43
43.222,11.67,-2.19,6.71,-1.4,6.76,-1.41
43.238,10.67,-3.56,6.71,-1.4,6.75,-1.42
43.253,11.28,-4.25,6.66,-1.42,6.7,-1.45
43.267,10.97,-4.11,6.53,-1.46,6.58,-1.48
43.281,9.7,-2.19,6.38,-1.52,6.42,-1.52
43.296,11.03,-1.67,6.21,-1.59,6.26,-1.59
43.31,10.87,-2.6,6.08,-1.64,6.12,-1.65
43.324,8.13,-3.22,6.1,-1.63,6.12,-1.65
43.339,7.8,-1.66,6.24,-1.64,6.26,-1.64
43.353,11.23,-0.7,6.49,-1.72,6.53,-1.71
43.367,12.15,0.52,6.73,-1.77,6.78,-1.75
43.381,11.82,-0.13,6.87,-1.74,6.92,-1.72
43.395,12.16,-0.3,6.93,-1.7,6.98,-1.69
43.41,12.14,0.07,6.93,-1.67,6.98,-1.66
43.424,13.09,-1.64,6.91,-1.64,6.98,-1.64
43.438,13.5,-6.18,6.95,-1.67,7.02,-1.72
43.452,15.65,-1.52,6.85,-1.85,6.94,-1.85
43.466,15.96,-1.36,6.61,-1.98,6.7,-1.97
43.481,14.54,-3.23,6.34,-1.92,6.42,-1.94
43.495,12.76,-2.2,6.14,-1.89,6.21,-1.89
43.509,13.04,-1.66,6.04,-1.91,6.11,-1.91
43.523,13.55,-1.4,6.0,-1.93,6.08,-1.92
43.538,14.75,-1.51,5.99,-1.95,6.07,-1.94
43.552,15.37,-1.89,5.92,-1.96,6.02,-1.96
43.567,16.64,-0.93,5.86,-1.97,5.96,-1.96
43.582,15.93,-0.14,5.81,-1.95,5.91,-1.93
43.597,13.38,0.24,5.75,-1.92,5.83,-1.9
43.611,12.3,-1.95,5.7,-1.88,5.76,-1.88
43.626,11.97,-2.42,5.65,-1.87,5.72,-1.88
43.641,12.5,-1.22,5.57,-1.88,5.64,-1.87
43.655,12.97,-2.06,5.52,-1.87,5.6,-1.87
43.67,14.21,-1.29,5.61,-1.87,5.7,-1.87
43.686,16.09,-0.92,5.77,-1.87,5.88,-1.86
43.7,14.86,-1.86,6.05,-1.86,6.14,-1.86
43.715,13.36,-0.82,6.35,-1.85,6.42,-1.84
43.729,14.31,-0.99,6.58,-1.84,6.65,-1.83
43.744,17.34,-3.31,6.74,-1.83,6.84,-1.84
43.759,17.45,-4.07,6.9,-1.81,7.01,-1.83
43.773,11.14,-1.83,7.05,-1.76,7.09,-1.77
43.787,6.9,0.27,7.18,-1.65,7.17,-1.63
43.802,9.48,-0.07,7.33,-1.57,7.35,-1.56
43.816,11.41,-0.7,7.41,-1.55,7.45,-1.54
43.83,12.4,-0.59,7.42,-1.54,7.47,-1.53
43.844,12.49,-0.92,7.41,-1.53,7.46,-1.52
43.858,12.5,-2.79,7.35,-1.52,7.4,-1.53
43.872,13.45,-0.99,7.25,-1.53,7.31,-1.53
43.887,14.19,-2.66,7.13,-1.52,7.2,-1.53
43.902,15.02,-3.08,7.04,-1.52,7.12,-1.53
43.916,15.01,-1.91,7.04,-1.53,7.12,-1.53
43.931,14.17,-1.71,7.08,-1.53,7.15,-1.53
43.945,13.6,-1.81,7.17,-1.53,7.23,-1.53
43.959,13.36,-1.8,7.25,-1.53,7.31,-1.53
43.973,12.31,-1.63,7.31,-1.53,7.36,-1.53
43.987,11.17,-2.73,7.28,-1.53,7.32,-1.55
44.002,13.35,-1.89,7.18,-1.57,7.24,-1.57
44.016,15.76,-1.56,6.97,-1.6,7.06,-1.6
44.03,15.88,-0.83,6.78,-1.61,6.88,-1.6
44.045,13.87,-1.56,6.7,-1.61,6.77,-1.61
44.059,14.49,-1.77,6.62,-1.63,6.69,-1.63
44.074,15.83,-1.7,6.45,-1.64,6.55,-1.64
44.089,15.36,-2.55,6.26,-1.64,6.35,-1.65
44.103,14.31,-2.1,6.0,-1.63,6.08,-1.63
44.118,12.7,-0.97,5.75,-1.6,5.82,-1.6
44.132,10.19,-0.43,5.53,-1.53,5.57,-1.52
44.147,11.77,0.51,5.42,-1.5,5.48,-1.48
44.161,13.53,-2.99,5.51,-1.51,5.59,-1.52
44.176,23.07,-1.77,5.83,-1.65,6.0,-1.65
44.191,24.73,0.64,6.17,-1.74,6.35,-1.72
44.205,19.16,-2.08,6.21,-1.48,6.33,-1.49
44.22,16.77,0.61,6.15,-1.34,6.25,-1.32
44.235,16.78,-0.48,6.06,-1.35,6.17,-1.34
44.252,14.35,-2.0,5.71,-1.4,5.8,-1.41
44.266,19.86,-4.23,5.38,-1.43,5.53,-1.46
44.281,19.39,-2.9,5.35,-1.44,5.49,-1.46
44.295,17.88,-1.72,5.43,-1.45,5.56,-1.45
44.31,18.09,-2.95,5.52,-1.45,5.65,-1.47
44.324,18.15,-3.32,5.54,-1.47,5.67,-1.49
44.339,17.67,-3.2,5.55,-1.49,5.67,-1.51
44.353,17.96,-2.55,5.58,-1.51,5.71,-1.52
44.367,21.42,-2.31,5.64,-1.52,5.8,-1.53
44.381,22.33,-3.23,5.92,-1.53,6.08,-1.55
44.396,17.07,-3.5,6.39,-1.55,6.49,-1.57
44.41,16.28,-0.3,6.82,-1.59,6.91,-1.58
44.424,17.89,1.23,7.07,-1.61,7.18,-1.58
44.439,18.29,-0.6,7.22,-1.58,7.33,-1.57
44.453,15.62,-0.34,7.21,-1.47,7.29,-1.46
44.468,9.79,0.03,6.98,-1.32,7.01,-1.3
44.484,10.83,0.58,6.6,-1.23,6.64,-1.21
44.496,13.26,-5.13,6.37,-1.16,6.43,-1.2
44.51,20.26,-6.5,6.5,-1.18,6.64,-1.23
44.524,26.45,0.21,6.7,-1.4,6.9,-1.39
44.538,21.62,-3.63,6.84,-1.49,6.98,-1.51
44.552,18.04,-7.31,6.97,-1.52,7.08,-1.58
44.567,18.14,-3.22,7.16,-1.57,7.27,-1.59
44.582,18.79,-0.25,7.35,-1.59,7.46,-1.58
44.596,17.68,0.67,7.53,-1.59,7.63,-1.57
44.611,17.52,1.75,7.63,-1.58,7.73,-1.55
44.625,17.7,-0.62,7.72,-1.56,7.82,-1.55
44.64,17.99,-1.8,7.83,-1.55,7.93,-1.55
44.654,18.57,-1.75,7.93,-1.54,8.04,-1.55
44.669,18.14,-1.45,8.02,-1.53,8.13,-1.53
44.684,17.17,-1.39,8.09,-1.51,8.18,-1.51
44.702,17.5,-2.05,8.07,-1.46,8.16,-1.47
44.714,16.76,-3.57,8.03,-1.43,8.12,-1.46
44.729,16.64,-3.92,7.85,-1.44,7.94,-1.47
44.748,19.09,-3.18,7.38,-1.44,7.5,-1.46
44.763,21.08,2.07,6.98,-1.43,7.12,-1.39
44.777,20.47,2.14,6.79,-1.36,6.92,-1.32
44.791,22.79,3.8,6.63,-1.28,6.8,-1.23
44.806,21.01,2.0,6.32,-1.29,6.47,-1.26
44.82,23.6,-0.67,5.92,-1.36,6.09,-1.35
44.834,25.09,-3.67,5.61,-1.36,5.81,-1.39
44.848,24.37,-6.2,5.48,-1.37,5.67,-1.41
44.862,22.88,-6.52,5.46,-1.38,5.64,-1.43
44.877,23.49,-6.05,5.49,-1.38,5.67,-1.42
44.891,22.39,-3.08,5.53,-1.37,5.7,-1.39
44.905,21.77,-1.7,5.72,-1.39,5.88,-1.39
44.92,24.47,-1.03,5.99,-1.4,6.17,-1.4
44.934,25.16,-1.64,6.48,-1.42,6.67,-1.42
44.949,22.02,-1.32,7.06,-1.44,7.21,-1.44
44.963,20.92,-0.81,7.65,-1.45,7.78,-1.44
44.977,20.21,-0.84,8.2,-1.45,8.32,-1.44
44.991,17.88,-1.65,8.66,-1.44,8.75,-1.44
45.006,17.59,-2.0,8.92,-1.43,9.01,-1.44
45.02,18.02,-0.89,9.07,-1.45,9.16,-1.44
45.034,18.65,-1.41,9.09,-1.46,9.19,-1.46
45.049,23.35,-1.57,9.08,-1.46,9.22,-1.46
45.063,21.28,-2.23,9.22,-1.48,9.34,-1.49
45.078,19.53,-2.92,9.41,-1.5,9.51,-1.52
45.093,20.94,-2.0,9.55,-1.53,9.67,-1.53
45.108,21.44,-0.5,9.71,-1.53,9.82,-1.52
45.122,19.73,-0.99,9.91,-1.52,10.01,-1.51
45.137,19.29,-1.34,10.09,-1.51,10.18,-1.51
45.151,20.77,-1.47,10.18,-1.49,10.28,-1.49
45.166,21.68,-1.68,10.26,-1.48,10.38,-1.48
45.18,20.72,-5.54,10.34,-1.5,10.44,-1.54
45.194,18.98,-6.06,10.39,-1.59,10.47,-1.64
45.209,19.02,-4.3,10.32,-1.71,10.41,-1.73
45.224,19.25,-3.21,10.0,-1.74,10.09,-1.76
45.238,22.29,0.14,9.6,-1.75,9.73,-1.73
45.253,22.29,2.23,9.24,-1.75,9.37,-1.71
45.267,23.46,1.63,8.91,-1.75,9.06,-1.72
45.281,23.74,-0.83,8.86,-1.74,9.01,-1.73
45.296,22.54,-2.66,8.95,-1.75,9.09,-1.76
45.31,21.54,-2.28,9.09,-1.77,9.22,-1.77
45.324,21.82,-1.94,9.15,-1.78,9.28,-1.79
45.338,23.18,-1.94,9.17,-1.79,9.31,-1.79
45.352,22.66,-2.3,9.24,-1.8,9.37,-1.81
45.367,23.71,-3.46,9.3,-1.82,9.44,-1.83
45.381,23.83,-3.7,9.33,-1.85,9.48,-1.87
45.395,23.4,-1.57,9.37,-1.89,9.51,-1.89
45.409,23.19,-0.25,9.4,-1.9,9.54,-1.88
45.423,22.62,1.02,9.43,-1.89,9.57,-1.86
45.437,23.57,0.25,9.47,-1.87,9.61,-1.84
45.451,23.77,0.18,9.6,-1.84,9.74,-1.82
45.465,23.37,-1.45,9.75,-1.81,9.89,-1.8
45.48,22.51,-2.52,9.92,-1.8,10.04,-1.8
45.494,22.49,-3.49,10.06,-1.79,10.19,-1.81
45.508,23.06,-3.11,10.18,-1.77,10.3,-1.78
45.523,25.23,-3.46,10.28,-1.74,10.43,-1.76
45.537,24.87,-4.53,10.4,-1.74,10.55,-1.77
45.551,23.92,-4.97,10.54,-1.77,10.67,-1.8
45.566,22.16,-3.82,10.65,-1.8,10.77,-1.82
45.58,21.95,-3.09,10.7,-1.82,10.81,-1.83
45.595,22.56,-2.85,10.66,-1.82,10.78,-1.83
45.609,24.14,-3.07,10.39,-1.8,10.53,-1.81
45.624,25.61,0.21,10.12,-1.77,10.28,-1.75
45.639,25.71,1.92,9.9,-1.65,10.06,-1.61
45.653,25.56,-0.16,9.74,-1.5,9.89,-1.49
45.668,26.53,-0.61,9.6,-1.38,9.77,-1.37
45.682,29.15,-3.08,9.46,-1.25,9.65,-1.27
45.697,28.64,-3.63,9.45,-1.12,9.64,-1.15
45.711,28.08,-4.36,9.5,-0.99,9.68,-1.03
45.726,28.17,-6.43,9.59,-1.03,9.78,-1.08
45.74,23.36,2.0,9.7,-1.37,9.83,-1.33
45.754,24.05,3.43,9.81,-1.74,9.95,-1.69
45.769,25.29,-0.55,9.96,-1.84,10.12,-1.82
45.783,26.16,-2.73,10.15,-1.81,10.32,-1.82
45.797,26.31,-2.03,10.36,-1.81,10.52,-1.81
45.811,27.2,-2.88,10.55,-1.82,10.72,-1.84
45.826,27.7,-3.42,10.73,-1.86,10.9,-1.88
45.84,27.26,-3.32,10.9,-1.91,11.07,-1.93
45.854,26.49,-1.74,11.06,-1.99,11.21,-1.99
45.868,25.26,-0.21,11.19,-2.05,11.33,-2.04
45.883,25.44,-0.75,11.28,-2.09,11.42,-2.07
45.897,25.39,-2.12,11.35,-2.12,11.49,-2.12
45.911,25.27,0.19,11.37,-2.18,11.51,-2.15
45.925,25.39,0.65,11.29,-2.22,11.43,-2.19
45.939,26.82,-0.92,11.23,-2.24,11.39,-2.22
45.953,27.62,-1.1,11.23,-2.25,11.39,-2.24
45.968,27.96,-2.04,11.25,-2.27,11.42,-2.27
45.982,28.11,-3.02,11.35,-2.29,11.52,-2.3
45.997,28.01,-3.1,11.49,-2.32,11.65,-2.33
46.013,27.28,-2.0,11.67,-2.35,11.82,-2.35
46.027,26.72,-1.74,11.85,-2.37,12.0,-2.36
46.041,26.85,-1.94,12.0,-2.38,12.15,-2.37
46.056,26.9,-2.07,12.12,-2.39,12.27,-2.39
46.071,28.16,-1.56,12.22,-2.41,12.38,-2.4
46.085,27.53,-1.78,12.38,-2.42,12.53,-2.41
46.1,27.03,-1.96,12.57,-2.42,12.71,-2.42
46.116,26.84,-1.54,12.72,-2.43,12.86,-2.42
46.131,26.91,-1.36,12.84,-2.42,12.98,-2.41
46.146,27.43,-1.75,12.97,-2.41,13.12,-2.41
46.161,27.5,-1.81,13.11,-2.41,13.26,-2.4
46.175,27.41,-1.75,13.26,-2.4,13.4,-2.39
46.19,27.35,-1.75,13.41,-2.4,13.55,-2.39
46.205,27.33,-1.76,13.57,-2.39,13.7,-2.38
46.219,28.31,-1.3,13.72,-2.38,13.87,-2.37
46.233,29.28,-0.92,13.94,-2.36,14.09,-2.35
46.248,25.81,-1.32,14.27,-2.33,14.39,-2.32
46.262,25.06,-1.98,14.61,-2.28,14.72,-2.28
46.276,26.75,-2.26,14.82,-2.26,14.94,-2.26
46.291,26.98,-1.64,14.9,-2.26,15.02,-2.26
46.305,19.02,-1.71,14.98,-2.26,15.02,-2.25
46.32,14.79,-2.36,14.71,-2.25,14.71,-2.25
46.334,41.52,-1.79,13.96,-2.26,14.24,-2.26
46.348,32.17,-0.26,13.95,-2.3,14.13,-2.28
46.362,24.99,-0.07,14.19,-2.3,14.3,-2.28
46.379,27.82,-2.21,14.36,-2.27,14.49,-2.27
46.393,28.58,-1.76,14.49,-2.26,14.63,-2.25
46.407,28.18,-1.66,14.62,-2.26,14.76,-2.25
46.422,28.07,-1.78,14.76,-2.25,14.89,-2.25
46.436,28.13,-1.79,14.89,-2.25,15.03,-2.24
46.451,28.13,-1.79,15.03,-2.24,15.16,-2.24
46.465,28.03,-1.76,15.16,-2.23,15.29,-2.23
46.479,28.05,-1.75,15.29,-2.23,15.42,-2.22
46.493,28.14,-1.75,15.42,-2.22,15.55,-2.22
46.508,28.11,-1.75,15.55,-2.22,15.67,-2.21
46.523,28.08,-1.79,15.68,-2.21,15.8,-2.21
46.537,28.12,-1.8,15.8,-2.21,15.93,-2.21
46.551,28.1,-1.72,15.93,-2.21,16.05,-2.2
46.565,28.09,-1.69,16.05,-2.2,16.17,-2.2
46.58,28.1,-1.69,16.17,-2.2,16.29,-2.19
46.594,28.13,-1.77,16.29,-2.19,16.41,-2.19
46.609,28.15,-1.79,16.41,-2.19,16.53,-2.18
46.624,28.14,-1.76,16.53,-2.18,16.65,-2.18
46.639,28.14,-1.76,16.65,-2.18,16.77,-2.17
46.653,28.12,-1.78,16.77,-2.17,16.88,-2.17
46.668,28.13,-1.8,16.89,-2.17,17.0,-2.17
46.682,28.11,-1.81,17.0,-2.16,17.11,-2.16
46.698,28.08,-1.79,17.12,-2.16,17.22,-2.16
46.713,28.13,-1.78,17.23,-2.16,17.33,-2.15
46.727,28.12,-1.75,17.34,-2.15,17.44,-2.15
46.741,28.12,-1.76,17.45,-2.15,17.55,-2.15
46.756,28.13,-1.76,17.55,-2.15,17.66,-2.14
46.771,28.13,-1.74,17.66,-2.14,17.77,-2.14
46.785,28.16,-1.73,17.77,-2.14,17.87,-2.13
46.799,28.1,-1.71,17.88,-2.13,17.98,-2.13
46.813,28.08,-1.72,17.98,-2.13,18.08,-2.12
46.827,28.15,-1.76,18.08,-2.12,18.18,-2.12
46.842,28.18,-1.74,18.18,-2.12,18.28,-2.12
46.856,28.17,-1.74,18.29,-2.12,18.38,-2.11
46.87,28.1,-1.83,18.39,-2.11,18.48,-2.11
46.884,28.06,-1.83,18.49,-2.11,18.58,-2.11
46.898,28.09,-1.8,18.58,-2.11,18.68,-2.1
46.912,28.12,-1.78,18.68,-2.1,18.78,-2.1
46.927,28.17,-1.74,18.78,-2.1,18.87,-2.1
46.941,28.13,-1.76,18.87,-2.09,18.97,-2.09
46.955,28.07,-1.76,18.97,-2.09,19.06,-2.09
46.969,28.1,-1.78,19.06,-2.09,19.15,-2.08
46.983,28.15,-1.78,19.15,-2.09,19.24,-2.08
46.998,28.09,-1.75,19.25,-2.08,19.33,-2.08
47.012,28.05,-1.74,19.34,-2.08,19.42,-2.08
47.026,28.12,-1.78,19.42,-2.08,19.51,-2.07
47.04,28.16,-1.78,19.51,-2.07,19.6,-2.07
47.055,28.12,-1.75,19.6,-2.07,19.69,-2.07
47.069,28.14,-1.79,19.69,-2.07,19.77,-2.06
47.083,28.17,-1.78,19.77,-2.06,19.86,-2.06
47.098,28.11,-1.73,19.86,-2.06,19.94,-2.06
47.112,28.08,-1.77,19.94,-2.06,20.02,-2.06
47.126,28.14,-1.81,20.03,-2.06,20.11,-2.05
47.14,28.12,-1.81,20.11,-2.05,20.19,-2.05
47.154,28.09,-1.77,20.19,-2.05,20.27,-2.05
47.169,28.11,-1.75,20.27,-2.05,20.35,-2.04
47.183,28.13,-1.74,20.35,-2.04,20.43,-2.04
47.198,28.07,-1.74,20.43,-2.04,20.51,-2.04
47.212,28.05,-1.72,20.51,-2.04,20.58,-2.04
47.227,28.04,-1.73,20.59,-2.04,20.66,-2.03
47.242,28.09,-1.77,20.66,-2.03,20.74,-2.03
47.256,28.2,-1.81,20.74,-2.03,20.81,-2.03
47.271,28.18,-1.77,20.81,-2.03,20.89,-2.03
47.285,28.1,-1.73,20.89,-2.03,20.96,-2.02
47.3,28.1,-1.71,20.96,-2.02,21.03,-2.02
47.314,28.13,-1.75,21.04,-2.02,21.11,-2.02
47.328,28.12,-1.76,21.11,-2.02,21.18,-2.02
47.343,28.17,-1.78,21.18,-2.02,21.25,-2.01
47.357,28.13,-1.81,21.26,-2.02,21.32,-2.01
47.371,28.09,-1.8,21.33,-2.01,21.39,-2.01
47.385,28.13,-1.79,21.4,-2.01,21.46,-2.01
47.399,28.16,-1.8,21.47,-2.01,21.53,-2.0
47.414,28.14,-1.8,21.53,-2.0,21.6,-2.0
47.428,28.16,-1.78,21.6,-2.0,21.67,-2.0
47.442,28.12,-1.75,21.67,-2.0,21.73,-2.0
47.457,28.1,-1.76,21.74,-2.0,21.8,-1.99
47.471,28.17,-1.77,21.8,-1.99,21.86,-1.99
47.485,28.14,-1.76,21.87,-1.99,21.93,-1.99
47.499,28.12,-1.77,21.93,-1.99,21.99,-1.99
47.513,28.18,-1.75,21.99,-1.99,22.06,-1.99
47.527,28.12,-1.74,22.06,-1.99,22.12,-1.98
47.542,28.11,-1.79,22.12,-1.98,22.18,-1.98
47.556,28.08,-1.74,22.18,-1.98,22.24,-1.98
47.57,28.09,-1.75,22.25,-1.98,22.3,-1.98
47.585,28.11,-1.8,22.31,-1.98,22.36,-1.98
47.599,28.13,-1.82,22.36,-1.98,22.42,-1.97
47.614,28.15,-1.76,22.42,-1.98,22.48,-1.97
47.628,28.14,-1.72,22.48,-1.97,22.54,-1.97
47.642,28.1,-1.75,22.54,-1.97,22.6,-1.97
47.657,28.08,-1.73,22.6,-1.97,22.65,-1.97
47.671,28.09,-1.75,22.65,-1.97,22.71,-1.96
47.685,28.14,-1.71,22.71,-1.96,22.77,-1.96
47.7,28.14,-1.7,22.77,-1.96,22.82,-1.96
47.714,28.1,-1.73,22.82,-1.96,22.88,-1.96
47.729,28.1,-1.75,22.88,-1.96,22.93,-1.95
47.743,28.11,-1.77,22.93,-1.95,22.98,-1.95
47.758,28.08,-1.77,22.99,-1.95,23.04,-1.95
47.772,28.11,-1.74,23.04,-1.95,23.09,-1.95
47.787,28.16,-1.73,23.09,-1.95,23.14,-1.95
47.801,28.18,-1.74,23.15,-1.95,23.2,-1.94
47.815,28.13,-1.76,23.2,-1.94,23.25,-1.94
47.829,28.07,-1.74,23.25,-1.94,23.3,-1.94
47.843,28.11,-1.77,23.3,-1.94,23.35,-1.94
47.858,28.1,-1.81,23.35,-1.94,23.4,-1.94
47.872,28.11,-1.78,23.4,-1.94,23.45,-1.94
47.886,28.18,-1.76,23.45,-1.94,23.5,-1.93
47.9,28.18,-1.76,23.5,-1.93,23.55,-1.93
47.914,28.15,-1.76,23.55,-1.93,23.59,-1.93
47.928,28.08,-1.7,23.6,-1.93,23.64,-1.93
47.943,28.1,-1.67,23.64,-1.93,23.69,-1.92
47.957,28.14,-1.75,23.69,-1.92,23.74,-1.92
47.971,28.13,-1.73,23.74,-1.92,23.78,-1.92
47.985,28.17,-1.75,23.78,-1.92,23.83,-1.92
48.002,28.13,-1.74,23.83,-1.92,23.87,-1.92
48.016,28.1,-1.71,23.88,-1.92,23.92,-1.91
48.03,28.1,-1.67,23.92,-1.91,23.96,-1.91
48.044,28.09,-1.78,23.96,-1.91,24.01,-1.91
48.059,28.14,-1.79,24.01,-1.91,24.05,-1.91
48.073,28.16,-1.78,24.05,-1.91,24.09,-1.91
48.088,28.11,-1.77,24.09,-1.91,24.13,-1.91
48.103,28.08,-1.78,24.14,-1.91,24.18,-1.91
48.117,28.12,-1.81,24.18,-1.91,24.22,-1.9
48.132,28.11,-1.81,24.22,-1.9,24.26,-1.9
48.146,28.14,-1.75,24.26,-1.9,24.3,-1.9
48.161,28.11,-1.76,24.3,-1.9,24.34,-1.9
48.175,28.12,-1.76,24.34,-1.9,24.38,-1.9
48.19,28.17,-1.77,24.38,-1.9,24.42,-1.9
48.205,28.13,-1.76,24.42,-1.9,24.46,-1.9
48.219,28.15,-1.76,24.46,-1.9,24.5,-1.89
48.233,28.12,-1.75,24.5,-1.89,24.54,-1.89
48.248,28.15,-1.75,24.54,-1.89,24.57,-1.89
48.262,28.13,-1.74,24.58,-1.89,24.61,-1.89
48.277,28.08,-1.76,24.61,-1.89,24.65,-1.89
48.291,28.18,-1.81,24.65,-1.89,24.68,-1.89
48.306,28.22,-1.77,24.69,-1.89,24.72,-1.88
48.32,28.21,-1.77,24.72,-1.88,24.76,-1.88
48.334,28.15,-1.72,24.76,-1.88,24.79,-1.88
48.349,28.17,-1.68,24.8,-1.88,24.83,-1.88
48.363,28.17,-1.76,24.83,-1.88,24.86,-1.88
48.377,28.18,-1.8,24.86,-1.88,24.9,-1.88
48.391,28.11,-1.78,24.9,-1.88,24.93,-1.88
48.405,28.07,-1.78,24.93,-1.88,24.97,-1.87
48.419,28.06,-1.78,24.97,-1.87,25.0,-1.87
48.433,28.09,-1.71,25.0,-1.87,25.03,-1.87
48.448,28.08,-1.72,25.03,-1.87,25.06,-1.87
48.462,28.1,-1.73,25.07,-1.87,25.1,-1.87
48.476,28.1,-1.74,25.1,-1.87,25.13,-1.86
48.49,28.14,-1.76,25.13,-1.86,25.16,-1.86
48.505,28.13,-1.75,25.16,-1.86,25.19,-1.86
48.518,28.13,-1.75,25.19,-1.86,25.22,-1.86
48.533,28.11,-1.77,25.22,-1.86,25.25,-1.86
48.547,28.11,-1.78,25.25,-1.86,25.28,-1.86
48.562,28.15,-1.76,25.28,-1.86,25.31,-1.86
48.576,28.15,-1.74,25.32,-1.86,25.34,-1.86
48.591,28.11,-1.75,25.35,-1.86,25.37,-1.85
48.605,28.13,-1.74,25.38,-1.85,25.4,-1.85
48.62,28.17,-1.74,25.41,-1.86,25.43,-1.85
48.635,28.14,-1.78,25.43,-1.85,25.46,-1.85
48.649,28.13,-1.85,25.46,-1.85,25.49,-1.85
48.664,28.16,-1.8,25.49,-1.85,25.52,-1.85
48.679,28.2,-1.69,25.52,-1.85,25.55,-1.85
48.694,28.19,-1.71,25.55,-1.85,25.57,-1.85
48.709,28.11,-1.76,25.57,-1.85,25.6,-1.85
48.723,28.11,-1.78,25.6,-1.85,25.63,-1.85
48.737,28.14,-1.78,25.63,-1.85,25.65,-1.85
48.752,28.13,-1.74,25.66,-1.85,25.68,-1.85
48.766,28.09,-1.75,25.69,-1.85,25.71,-1.84
48.781,28.11,-1.74,25.71,-1.84,25.74,-1.84
48.796,28.14,-1.73,25.74,-1.84,25.76,-1.84
48.81,28.13,-1.74,25.76,-1.84,25.79,-1.84
48.824,28.14,-1.72,25.79,-1.84,25.81,-1.84
48.838,28.17,-1.73,25.81,-1.84,25.84,-1.84
48.853,28.13,-1.75,25.84,-1.84,25.86,-1.84
48.867,28.14,-1.73,25.86,-1.84,25.88,-1.84
48.881,28.14,-1.73,25.89,-1.84,25.91,-1.84
48.895,28.11,-1.79,25.91,-1.84,25.93,-1.84
48.909,28.12,-1.81,25.93,-1.84,25.95,-1.84
48.924,28.08,-1.8,25.96,-1.84,25.98,-1.84
48.938,28.09,-1.76,25.98,-1.84,26.0,-1.83
48.952,28.14,-1.74,26.0,-1.83,26.02,-1.83
48.967,28.14,-1.75,26.02,-1.83,26.04,-1.83
48.981,28.12,-1.79,26.05,-1.83,26.07,-1.83
48.995,28.15,-1.73,26.07,-1.83,26.09,-1.83
49.009,28.18,-1.76,26.09,-1.83,26.11,-1.83
49.024,28.21,-1.74,26.11,-1.83,26.14,-1.83
49.038,28.16,-1.75,26.14,-1.83,26.16,-1.83
49.052,28.13,-1.76,26.16,-1.83,26.18,-1.83
49.066,28.14,-1.77,26.18,-1.83,26.2,-1.83
49.081,28.14,-1.77,26.2,-1.83,26.22,-1.83
49.096,28.07,-1.75,26.22,-1.83,26.24,-1.83
49.111,28.07,-1.76,26.24,-1.83,26.26,-1.83
49.125,28.19,-1.76,26.26,-1.83,26.28,-1.83
49.139,28.24,-1.78,26.29,-1.82,26.31,-1.82
49.154,28.14,-1.72,26.31,-1.82,26.33,-1.82
49.17,28.1,-1.71,26.33,-1.82,26.35,-1.82
49.184,28.17,-1.75,26.35,-1.82,26.37,-1.82
49.199,28.18,-1.74,26.37,-1.82,26.39,-1.82
49.214,28.16,-1.78,26.39,-1.82,26.4,-1.82
49.229,28.15,-1.77,26.4,-1.82,26.42,-1.82
49.243,28.11,-1.79,26.42,-1.82,26.44,-1.82
49.258,28.14,-1.79,26.44,-1.82,26.46,-1.82
49.273,28.13,-1.75,26.46,-1.82,26.48,-1.82
49.287,28.15,-1.73,26.48,-1.82,26.5,-1.82
49.302,28.15,-1.78,26.5,-1.82,26.51,-1.82
49.316,28.15,-1.8,26.52,-1.82,26.53,-1.82
49.331,28.09,-1.83,26.53,-1.82,26.55,-1.82
49.345,28.08,-1.78,26.55,-1.82,26.57,-1.82
49.359,28.15,-1.69,26.57,-1.82,26.58,-1.81
49.373,28.1,-1.68,26.59,-1.81,26.6,-1.81
49.387,28.08,-1.68,26.6,-1.81,26.62,-1.81
49.402,28.16,-1.74,26.62,-1.81,26.64,-1.81
49.416,28.22,-1.76,26.64,-1.81,26.65,-1.81
49.431,28.14,-1.76,26.66,-1.81,26.67,-1.81
49.445,28.07,-1.75,26.67,-1.81,26.69,-1.81
49.459,28.04,-1.79,26.69,-1.81,26.7,-1.81
49.474,28.1,-1.78,26.7,-1.81,26.71,-1.81
49.488,28.15,-1.74,26.72,-1.81,26.73,-1.81
49.502,28.09,-1.78,26.73,-1.81,26.75,-1.81
49.516,28.07,-1.81,26.75,-1.81,26.76,-1.81
49.53,28.08,-1.77,26.76,-1.81,26.78,-1.81
49.545,28.11,-1.72,26.78,-1.81,26.79,-1.81
49.559,28.2,-1.74,26.79,-1.81,26.81,-1.81
49.573,28.21,-1.76,26.81,-1.81,26.82,-1.81
49.588,28.19,-1.76,26.83,-1.81,26.84,-1.81
49.602,28.15,-1.75,26.84,-1.81,26.86,-1.81
49.619,28.12,-1.74,26.86,-1.81,26.87,-1.81
49.636,28.12,-1.74,26.87,-1.81,26.89,-1.81
49.65,28.12,-1.8,26.89,-1.81,26.9,-1.81
49.664,28.12,-1.8,26.9,-1.81,26.91,-1.81
49.679,28.2,-1.71,26.92,-1.8,26.93,-1.8
49.694,28.19,-1.72,26.93,-1.8,26.94,-1.8
49.71,28.11,-1.75,26.95,-1.8,26.96,-1.8
49.724,28.07,-1.8,26.96,-1.8,26.97,-1.8
49.739,28.1,-1.81,26.98,-1.8,26.99,-1.8
49.753,28.17,-1.76,26.99,-1.8,27.0,-1.8
49.768,28.16,-1.79,27.0,-1.8,27.01,-1.8
49.783,28.14,-1.78,27.02,-1.8,27.03,-1.8
49.797,28.14,-1.73,27.03,-1.8,27.04,-1.8
49.812,28.11,-1.74,27.04,-1.8,27.05,-1.8
49.826,28.07,-1.77,27.05,-1.8,27.06,-1.8
49.84,28.05,-1.8,27.07,-1.8,27.08,-1.8
49.854,28.09,-1.76,27.08,-1.8,27.09,-1.8
49.868,28.11,-1.73,27.09,-1.8,27.1,-1.8
49.883,28.12,-1.72,27.1,-1.8,27.11,-1.8
49.897,28.07,-1.73,27.12,-1.8,27.13,-1.8
49.911,28.07,-1.75,27.13,-1.8,27.14,-1.8
49.925,28.1,-1.76,27.14,-1.8,27.15,-1.8
49.94,28.13,-1.79,27.15,-1.8,27.16,-1.8
49.954,28.12,-1.82,27.16,-1.8,27.17,-1.8
49.968,28.13,-1.81,27.18,-1.8,27.19,-1.8
49.983,28.09,-1.78,27.19,-1.8,27.2,-1.8
49.997,28.07,-1.76,27.2,-1.8,27.21,-1.8
50.011,28.07,-1.73,27.21,-1.8,27.22,-1.8
50.026,28.11,-1.78,27.22,-1.8,27.23,-1.8
50.04,28.09,-1.79,27.23,-1.8,27.24,-1.8
50.054,28.1,-1.72,27.24,-1.8,27.25,-1.8
50.068,28.15,-1.76,27.25,-1.8,27.26,-1.8
50.083,28.13,-1.77,27.26,-1.8,27.27,-1.8
50.098,28.13,-1.77,27.27,-1.8,27.28,-1.8
50.113,28.14,-1.8,27.28,-1.8,27.29,-1.8
50.127,28.17,-1.78,27.29,-1.8,27.3,-1.8
50.142,28.19,-1.73,27.31,-1.8,27.31,-1.8
50.156,28.14,-1.74,27.32,-1.79,27.33,-1.79
50.171,28.11,-1.8,27.33,-1.79,27.34,-1.79
50.185,28.11,-1.78,27.34,-1.79,27.34,-1.79
50.2,28.13,-1.74,27.35,-1.79,27.35,-1.79
50.214,28.13,-1.75,27.36,-1.79,27.37,-1.79
50.229,28.14,-1.76,27.37,-1.79,27.38,-1.79
50.244,28.17,-1.77,27.38,-1.79,27.39,-1.79
50.258,28.15,-1.76,27.39,-1.79,27.4,-1.79
50.273,28.1,-1.77,27.4,-1.79,27.41,-1.79
50.287,28.15,-1.76,27.41,-1.79,27.42,-1.79
50.302,28.19,-1.74,27.42,-1.79,27.43,-1.79
50.317,28.15,-1.76,27.43,-1.79,27.44,-1.79
50.331,28.06,-1.69,27.44,-1.79,27.44,-1.79
50.345,28.05,-1.75,27.45,-1.79,27.45,-1.79
50.36,28.14,-1.81,27.45,-1.79,27.46,-1.79
50.374,28.15,-1.76,27.46,-1.79,27.47,-1.79
50.388,28.16,-1.71,27.47,-1.79,27.48,-1.79
50.402,28.18,-1.76,27.48,-1.79,27.49,-1.79
50.416,28.19,-1.78,27.49,-1.79,27.5,-1.79
50.43,28.06,-1.85,27.5,-1.79,27.51,-1.79
50.445,28.03,-1.83,27.51,-1.79,27.51,-1.79
50.459,28.13,-1.75,27.52,-1.79,27.52,-1.79
50.474,28.21,-1.73,27.52,-1.79,27.53,-1.79
50.488,28.25,-1.76,27.53,-1.79,27.54,-1.79
50.502,28.18,-1.76,27.54,-1.79,27.55,-1.79
50.516,28.06,-1.74,27.55,-1.79,27.56,-1.79
50.53,28.08,-1.74,27.56,-1.79,27.56,-1.79
50.545,28.12,-1.76,27.56,-1.79,27.57,-1.79
50.559,28.14,-1.81,27.57,-1.78,27.58,-1.79
50.573,28.17,-1.76,27.58,-1.79,27.59,-1.78
50.588,28.22,-1.76,27.59,-1.78,27.6,-1.78
50.603,28.17,-1.77,27.6,-1.78,27.6,-1.78
50.617,28.05,-1.73,27.61,-1.78,27.61,-1.78
50.632,28.13,-1.76,27.61,-1.78,27.62,-1.78
50.646,28.2,-1.84,27.62,-1.78,27.63,-1.78
50.661,28.19,-1.83,27.63,-1.78,27.63,-1.78
50.676,28.13,-1.78,27.63,-1.78,27.64,-1.78
50.691,28.03,-1.76,27.64,-1.78,27.65,-1.78
50.706,28.02,-1.73,27.65,-1.78,27.65,-1.78
50.721,28.07,-1.78,27.65,-1.78,27.66,-1.78
50.735,28.15,-1.78,27.66,-1.78,27.66,-1.78
50.75,28.1,-1.72,27.67,-1.78,27.67,-1.78
50.765,28.06,-1.75,27.67,-1.78,27.68,-1.78
50.779,28.06,-1.8,27.68,-1.78,27.68,-1.78
50.793,28.06,-1.79,27.68,-1.78,27.69,-1.78
50.808,28.1,-1.78,27.69,-1.78,27.69,-1.78
50.822,28.16,-1.76,27.7,-1.78,27.7,-1.78
50.837,28.24,-1.77,27.7,-1.78,27.71,-1.78
50.851,28.19,-1.78,27.71,-1.78,27.72,-1.78
50.865,28.09,-1.76,27.72,-1.78,27.72,-1.78
50.879,28.13,-1.76,27.72,-1.78,27.73,-1.78
50.894,28.16,-1.72,27.73,-1.78,27.73,-1.78
50.909,28.16,-1.7,27.73,-1.78,27.74,-1.78
50.923,28.15,-1.78,27.74,-1.78,27.74,-1.78
50.937,28.12,-1.8,27.75,-1.78,27.75,-1.78
50.951,28.06,-1.77,27.75,-1.78,27.76,-1.78
50.966,28.1,-1.75,27.76,-1.78,27.76,-1.78
50.98,28.11,-1.76,27.76,-1.78,27.77,-1.78
50.994,28.11,-1.81,27.77,-1.78,27.77,-1.78
51.009,28.1,-1.8,27.77,-1.78,27.78,-1.78
51.024,28.06,-1.78,27.78,-1.78,27.78,-1.78
51.038,28.05,-1.78,27.79,-1.78,27.79,-1.78
51.052,28.09,-1.76,27.79,-1.78,27.79,-1.78
51.066,28.16,-1.74,27.8,-1.78,27.8,-1.78
51.08,28.16,-1.71,27.8,-1.78,27.8,-1.78
51.095,28.17,-1.73,27.81,-1.78,27.81,-1.78
51.11,28.17,-1.79,27.81,-1.78,27.81,-1.78
51.124,28.14,-1.78,27.82,-1.78,27.82,-1.78
51.139,28.09,-1.77,27.82,-1.78,27.82,-1.78
51.153,28.09,-1.77,27.83,-1.78,27.83,-1.78
51.168,28.11,-1.77,27.83,-1.78,27.83,-1.78
51.182,28.11,-1.75,27.83,-1.78,27.84,-1.78
51.197,28.15,-1.73,27.84,-1.78,27.84,-1.78
51.212,28.18,-1.7,27.84,-1.78,27.85,-1.77
51.227,28.12,-1.69,27.85,-1.77,27.85,-1.77
51.246,28.07,-1.75,27.85,-1.77,27.85,-1.77
51.266,28.19,-1.75,27.86,-1.77,27.86,-1.77
51.28,28.14,-1.75,27.86,-1.78,27.87,-1.78
51.295,28.09,-1.76,27.87,-1.78,27.87,-1.78
51.311,28.11,-1.77,27.87,-1.78,27.88,-1.78
51.326,28.13,-1.78,27.88,-1.78,27.88,-1.78
51.34,28.17,-1.81,27.88,-1.78,27.89,-1.78
51.354,28.2,-1.78,27.89,-1.78,27.89,-1.78
51.368,28.23,-1.79,27.89,-1.78,27.9,-1.78
51.383,28.22,-1.8,27.9,-1.78,27.9,-1.78
51.397,28.12,-1.76,27.9,-1.78,27.91,-1.78
51.412,28.11,-1.75,27.91,-1.78,27.91,-1.78
51.426,28.17,-1.76,27.91,-1.78,27.92,-1.78
51.44,28.15,-1.76,27.92,-1.78,27.92,-1.78
51.455,28.13,-1.78,27.92,-1.78,27.92,-1.78
51.469,28.08,-1.76,27.93,-1.78,27.93,-1.78
51.483,28.07,-1.71,27.93,-1.78,27.93,-1.78
51.497,28.12,-1.71,27.93,-1.78,27.93,-1.78
51.512,28.14,-1.71,27.94,-1.78,27.94,-1.78
51.526,28.19,-1.72,27.94,-1.78,27.94,-1.78
51.54,28.07,-1.81,27.94,-1.78,27.95,-1.78
51.555,28.17,-1.83,27.95,-1.78,27.95,-1.78
51.569,28.27,-1.77,27.95,-1.78,27.95,-1.78
51.583,28.17,-1.68,27.96,-1.78,27.96,-1.78
51.597,28.04,-1.73,27.96,-1.78,27.96,-1.78
51.612,28.24,-1.68,27.96,-1.78,27.97,-1.77
51.626,28.2,-1.84,27.97,-1.77,27.97,-1.77
51.641,28.04,-1.91,27.97,-1.77,27.97,-1.78
51.655,28.07,-1.7,27.98,-1.77,27.98,-1.77
51.67,28.14,-1.67,27.98,-1.77,27.98,-1.77
51.684,28.22,-1.8,27.98,-1.77,27.98,-1.77
51.699,28.15,-1.82,27.99,-1.77,27.99,-1.77
51.714,28.07,-1.69,27.99,-1.78,27.99,-1.77
51.729,28.12,-1.9,27.99,-1.77,27.99,-1.78
51.743,28.13,-1.74,28.0,-1.78,28.0,-1.78
51.758,28.02,-1.64,28.0,-1.77,28.0,-1.77
51.773,28.13,-1.76,28.0,-1.77,28.0,-1.77
51.787,28.19,-1.83,28.0,-1.77,28.0,-1.77
51.802,28.17,-1.66,28.01,-1.77,28.01,-1.77
51.816,28.11,-1.67,28.01,-1.77,28.01,-1.77
51.831,28.06,-1.78,28.01,-1.77,28.01,-1.77
51.845,28.17,-1.72,28.01,-1.77,28.02,-1.77
51.859,28.18,-1.67,28.02,-1.77,28.02,-1.77
51.873,28.07,-1.71,28.02,-1.77,28.02,-1.77
51.887,28.17,-1.8,28.02,-1.77,28.03,-1.77
51.902,28.26,-1.75,28.03,-1.77,28.03,-1.77
51.916,28.11,-1.7,28.03,-1.77,28.03,-1.77
51.93,28.08,-1.71,28.03,-1.77,28.03,-1.77
51.944,28.17,-1.71,28.04,-1.77,28.04,-1.77
51.959,28.17,-1.72,28.04,-1.77,28.04,-1.77
51.973,28.02,-1.77,28.04,-1.77,28.04,-1.77
51.987,28.04,-1.8,28.05,-1.77,28.05,-1.77
52.001,28.18,-1.79,28.05,-1.77,28.05,-1.77
52.016,28.15,-1.72,28.05,-1.77,28.05,-1.77
52.03,28.14,-1.69,28.05,-1.77,28.06,-1.77
52.044,28.14,-1.76,28.06,-1.77,28.06,-1.77
52.058,28.12,-1.79,28.06,-1.77,28.06,-1.77
52.073,28.06,-1.79,28.06,-1.77,28.06,-1.77
52.087,28.06,-1.76,28.06,-1.77,28.06,-1.77
52.101,28.15,-1.71,28.07,-1.77,28.07,-1.77
52.116,28.2,-1.76,28.07,-1.77,28.07,-1.77
52.131,28.17,-1.77,28.07,-1.77,28.07,-1.77
52.145,28.14,-1.77,28.07,-1.77,28.08,-1.77
52.16,28.08,-1.78,28.08,-1.77,28.08,-1.77
52.174,28.09,-1.78,28.08,-1.77,28.08,-1.77
52.189,28.15,-1.68,28.08,-1.77,28.08,-1.77
52.203,28.09,-1.68,28.09,-1.77,28.09,-1.77
52.218,28.11,-1.8,28.09,-1.77,28.09,-1.77
52.232,28.12,-1.81,28.09,-1.77,28.09,-1.77
52.246,28.09,-1.74,28.09,-1.77,28.09,-1.77
52.261,28.13,-1.74,28.09,-1.77,28.09,-1.76
52.275,28.17,-1.77,28.1,-1.76,28.1,-1.76
52.29,28.16,-1.77,28.1,-1.76,28.1,-1.76
52.305,28.14,-1.72,28.1,-1.76,28.1,-1.76
52.319,28.14,-1.78,28.1,-1.76,28.1,-1.76
52.334,28.13,-1.79,28.1,-1.76,28.1,-1.76
52.348,28.22,-1.77,28.11,-1.76,28.11,-1.76
52.363,28.16,-1.72,28.11,-1.76,28.11,-1.76
52.377,28.11,-1.81,28.11,-1.76,28.11,-1.76
52.391,28.15,-1.83,28.12,-1.76,28.12,-1.77
52.406,28.11,-1.79,28.12,-1.77,28.12,-1.77
52.42,28.06,-1.83,28.12,-1.77,28.12,-1.77
52.434,28.13,-1.79,28.12,-1.77,28.12,-1.77
52.458,28.17,-1.71,28.13,-1.77,28.13,-1.77
52.472,28.14,-1.74,28.13,-1.77,28.13,-1.77
52.487,28.08,-1.81,28.13,-1.76,28.13,-1.77
52.501,28.08,-1.82,28.13,-1.77,28.13,-1.77
52.516,28.13,-1.75,28.13,-1.77,28.13,-1.77
52.53,28.15,-1.74,28.13,-1.77,28.13,-1.77
52.544,28.06,-1.76,28.14,-1.77,28.13,-1.77
52.559,28.08,-1.78,28.14,-1.77,28.14,-1.77
52.573,28.09,-1.78,28.14,-1.77,28.14,-1.77
52.587,28.04,-1.75,28.14,-1.77,28.14,-1.77
52.601,28.01,-1.75,28.14,-1.77,28.14,-1.77
52.616,28.18,-1.73,28.14,-1.77,28.14,-1.77
52.63,28.21,-1.72,28.14,-1.77,28.14,-1.77
52.645,28.12,-1.76,28.15,-1.77,28.15,-1.77
52.659,28.09,-1.76,28.15,-1.77,28.15,-1.77
52.674,28.13,-1.78,28.15,-1.77,28.15,-1.77
52.688,28.15,-1.79,28.15,-1.77,28.15,-1.77
52.702,28.16,-1.79,28.15,-1.77,28.15,-1.77
52.717,28.17,-1.79,28.15,-1.77,28.15,-1.77
52.732,28.13,-1.79,28.15,-1.77,28.15,-1.77
52.746,28.1,-1.75,28.16,-1.77,28.15,-1.77
52.761,28.16,-1.68,28.16,-1.77,28.16,-1.77
52.776,28.14,-1.71,28.16,-1.77,28.16,-1.77
52.791,28.22,-1.69,28.16,-1.77,28.16,-1.77
52.806,28.21,-1.74,28.16,-1.77,28.16,-1.77
52.82,28.03,-1.79,28.16,-1.76,28.16,-1.76
52.835,28.02,-1.79,28.16,-1.76,28.16,-1.76
52.849,28.1,-1.8,28.16,-1.76,28.16,-1.76
52.865,28.14,-1.73,28.16,-1.76,28.16,-1.76
52.882,28.14,-1.8,28.16,-1.76,28.16,-1.76
52.897,28.1,-1.81,28.17,-1.76,28.17,-1.76
52.912,28.12,-1.82,28.17,-1.76,28.17,-1.76
52.926,28.11,-1.79,28.17,-1.76,28.17,-1.76
52.94,28.02,-1.78,28.17,-1.76,28.17,-1.76
52.954,28.02,-1.79,28.17,-1.76,28.17,-1.76
52.968,28.17,-1.73,28.17,-1.76,28.17,-1.76
52.983,28.15,-1.72,28.17,-1.76,28.17,-1.76
52.997,28.12,-1.76,28.18,-1.76,28.18,-1.76
53.011,28.14,-1.79,28.18,-1.76,28.18,-1.76
53.026,28.15,-1.82,28.18,-1.76,28.18,-1.76
53.04,28.15,-1.79,28.18,-1.76,28.18,-1.76
53.054,28.14,-1.77,28.18,-1.76,28.18,-1.76
53.068,28.14,-1.74,28.18,-1.76,28.18,-1.76
53.082,28.15,-1.71,28.18,-1.76,28.18,-1.76
53.096,28.15,-1.71,28.19,-1.76,28.19,-1.76
53.111,28.1,-1.76,28.19,-1.76,28.19,-1.76
53.126,28.11,-1.77,28.19,-1.76,28.19,-1.76
53.141,28.16,-1.73,28.19,-1.76,28.19,-1.76
53.156,28.13,-1.75,28.19,-1.76,28.19,-1.76
53.17,28.1,-1.77,28.19,-1.76,28.19,-1.76
53.184,28.15,-1.72,28.19,-1.76,28.19,-1.76
53.199,28.13,-1.7,28.19,-1.76,28.19,-1.76
53.213,28.13,-1.74,28.2,-1.76,28.19,-1.76
53.228,28.07,-1.85,28.2,-1.76,28.19,-1.76
53.242,28.05,-1.78,28.2,-1.76,28.19,-1.76
53.257,28.11,-1.72,28.2,-1.76,28.19,-1.76
53.271,28.09,-1.74,28.2,-1.76,28.2,-1.76
53.286,28.09,-1.74,28.2,-1.76,28.2,-1.76
53.3,28.14,-1.74,28.2,-1.76,28.2,-1.76
53.315,28.16,-1.79,28.2,-1.76,28.2,-1.76
53.329,28.13,-1.79,28.2,-1.76,28.2,-1.76
53.343,28.1,-1.75,28.2,-1.76,28.2,-1.76
53.358,28.07,-1.72,28.2,-1.76,28.2,-1.76
53.372,28.06,-1.71,28.2,-1.76,28.2,-1.76
53.386,28.11,-1.7,28.2,-1.76,28.2,-1.76
53.401,28.12,-1.73,28.2,-1.76,28.2,-1.76
53.415,28.19,-1.84,28.21,-1.76,28.21,-1.76
53.429,28.18,-1.79,28.21,-1.76,28.21,-1.76
53.443,28.15,-1.72,28.21,-1.76,28.21,-1.76
53.457,28.11,-1.71,28.21,-1.76,28.21,-1.76
53.472,28.11,-1.76,28.21,-1.76,28.21,-1.76
53.486,28.18,-1.72,28.21,-1.76,28.21,-1.76
53.5,28.16,-1.73,28.22,-1.76,28.21,-1.76
53.514,28.12,-1.8,28.22,-1.76,28.22,-1.76
53.529,28.16,-1.76,28.22,-1.76,28.22,-1.76
53.543,28.19,-1.73,28.22,-1.76,28.22,-1.76
53.557,28.15,-1.77,28.23,-1.76,28.22,-1.76
53.572,28.12,-1.8,28.23,-1.76,28.23,-1.76
53.586,28.15,-1.82,28.23,-1.76,28.23,-1.76
53.6,28.17,-1.82,28.23,-1.76,28.23,-1.76
53.614,28.17,-1.75,28.23,-1.76,28.23,-1.76
53.629,28.11,-1.77,28.23,-1.76,28.23,-1.76
53.643,28.09,-1.76,28.23,-1.76,28.23,-1.76
53.658,28.08,-1.73,28.23,-1.76,28.23,-1.76
53.672,28.08,-1.79,28.23,-1.76,28.23,-1.76
53.687,28.09,-1.78,28.23,-1.76,28.23,-1.76
53.702,28.18,-1.72,28.23,-1.76,28.23,-1.76
53.716,28.2,-1.79,28.24,-1.76,28.24,-1.76
53.73,28.15,-1.83,28.24,-1.76,28.24,-1.76
53.745,28.12,-1.8,28.24,-1.76,28.24,-1.76
53.76,28.14,-1.75,28.24,-1.76,28.24,-1.76
53.774,28.19,-1.74,28.24,-1.76,28.24,-1.76
53.788,28.2,-1.72,28.24,-1.76,28.24,-1.76
53.803,28.15,-1.69,28.24,-1.76,28.24,-1.75
53.818,28.1,-1.74,28.25,-1.75,28.24,-1.75
53.832,28.11,-1.79,28.25,-1.75,28.24,-1.76
53.847,28.12,-1.75,28.25,-1.76,28.25,-1.75
53.861,28.13,-1.71,28.25,-1.75,28.25,-1.75
53.875,28.17,-1.73,28.25,-1.75,28.25,-1.75
53.889,28.15,-1.8,28.25,-1.75,28.25,-1.75
53.904,28.14,-1.79,28.25,-1.75,28.25,-1.75
53.918,28.1,-1.8,28.25,-1.76,28.25,-1.76
53.932,28.08,-1.78,28.25,-1.75,28.25,-1.75
53.947,28.12,-1.76,28.25,-1.75,28.25,-1.75
53.96,28.15,-1.71,28.25,-1.75,28.25,-1.75
53.975,28.15,-1.74,28.25,-1.75,28.25,-1.75
53.989,28.18,-1.72,28.25,-1.75,28.25,-1.75
54.003,28.14,-1.79,28.25,-1.75,28.25,-1.75
54.018,28.09,-1.69,28.26,-1.75,28.25,-1.75
54.032,28.15,-1.73,28.26,-1.75,28.26,-1.75
54.046,28.11,-1.73,28.26,-1.75,28.26,-1.75
54.061,28.1,-1.71,28.26,-1.75,28.26,-1.75
54.075,28.11,-1.76,28.26,-1.75,28.26,-1.75
54.089,28.14,-1.79,28.26,-1.75,28.26,-1.75
54.103,28.19,-1.8,28.26,-1.75,28.26,-1.75
54.118,28.21,-1.73,28.26,-1.75,28.26,-1.75
54.132,28.1,-1.73,28.26,-1.75,28.26,-1.75
54.147,28.08,-1.69,28.26,-1.75,28.26,-1.75
54.162,28.12,-1.69,28.26,-1.75,28.26,-1.75
54.176,28.1,-1.79,28.26,-1.75,28.26,-1.75
54.191,28.08,-1.79,28.26,-1.75,28.26,-1.75
54.205,28.2,-1.72,28.26,-1.75,28.26,-1.75
54.221,28.23,-1.73,28.26,-1.75,28.26,-1.75
54.235,28.1,-1.74,28.27,-1.74,28.26,-1.74
54.25,28.12,-1.75,28.27,-1.74,28.26,-1.74
54.265,28.17,-1.78,28.27,-1.74,28.26,-1.74
54.28,28.18,-1.78,28.27,-1.74,28.27,-1.74
54.297,28.12,-1.73,28.27,-1.74,28.27,-1.74
54.311,28.06,-1.71,28.27,-1.74,28.27,-1.74
54.326,28.11,-1.73,28.27,-1.74,28.27,-1.74
54.34,28.07,-1.76,28.27,-1.74,28.27,-1.74
54.354,28.06,-1.71,28.27,-1.74,28.27,-1.74
54.369,28.1,-1.74,28.27,-1.74,28.27,-1.74
54.383,28.2,-1.74,28.27,-1.74,28.27,-1.74
54.397,28.18,-1.76,28.27,-1.74,28.27,-1.74
54.411,28.14,-1.77,28.27,-1.74,28.27,-1.74
54.426,28.08,-1.79,28.27,-1.74,28.27,-1.74
54.44,28.11,-1.81,28.27,-1.74,28.27,-1.74
54.454,28.16,-1.76,28.27,-1.74,28.27,-1.74
54.469,28.19,-1.76,28.27,-1.74,28.27,-1.74
54.483,28.15,-1.72,28.27,-1.74,28.27,-1.74
54.501,28.13,-1.68,28.28,-1.74,28.27,-1.74
54.516,28.11,-1.74,28.28,-1.74,28.27,-1.74
54.531,28.07,-1.81,28.28,-1.74,28.28,-1.74
54.545,28.16,-1.77,28.28,-1.74,28.28,-1.74
54.561,28.19,-1.74,28.28,-1.74,28.28,-1.74
54.575,28.15,-1.77,28.28,-1.74,28.28,-1.74
54.589,28.17,-1.77,28.28,-1.75,28.28,-1.75
54.603,28.14,-1.84,28.28,-1.75,28.28,-1.75
54.618,28.14,-1.86,28.28,-1.75,28.28,-1.75
54.632,28.13,-1.8,28.29,-1.75,28.28,-1.75
54.647,28.16,-1.75,28.29,-1.75,28.29,-1.75
54.661,28.22,-1.74,28.29,-1.75,28.29,-1.75
54.676,28.21,-1.75,28.29,-1.75,28.29,-1.75
54.69,28.05,-1.77,28.29,-1.75,28.29,-1.75
54.705,28.14,-1.75,28.29,-1.75,28.29,-1.75
54.719,28.21,-1.72,28.29,-1.75,28.29,-1.75
54.734,28.23,-1.71,28.29,-1.75,28.29,-1.75
54.748,28.13,-1.74,28.29,-1.75,28.29,-1.75
54.763,28.12,-1.79,28.29,-1.75,28.29,-1.75
54.777,28.09,-1.83,28.29,-1.75,28.29,-1.75
54.792,28.08,-1.83,28.29,-1.75,28.29,-1.75
54.806,28.1,-1.77,28.29,-1.75,28.29,-1.75
54.821,28.16,-1.71,28.3,-1.75,28.29,-1.75
54.835,28.18,-1.71,28.3,-1.75,28.29,-1.75
54.85,28.2,-1.76,28.3,-1.75,28.3,-1.75
54.864,28.16,-1.77,28.3,-1.75,28.3,-1.75
54.879,28.07,-1.75,28.3,-1.75,28.3,-1.75
54.893,28.09,-1.74,28.3,-1.75,28.3,-1.75
54.907,28.15,-1.8,28.3,-1.75,28.3,-1.75
54.922,28.19,-1.8,28.3,-1.75,28.3,-1.75
54.936,28.18,-1.72,28.3,-1.75,28.3,-1.75
54.95,28.1,-1.7,28.3,-1.75,28.3,-1.75
54.964,28.09,-1.79,28.3,-1.75,28.3,-1.75
54.979,28.18,-1.8,28.3,-1.75,28.3,-1.75
54.993,28.21,-1.73,28.3,-1.75,28.3,-1.75
55.007,28.18,-1.74,28.31,-1.75,28.3,-1.75
55.021,28.15,-1.77,28.31,-1.75,28.31,-1.75
55.036,28.11,-1.73,28.31,-1.75,28.31,-1.75
55.051,28.11,-1.73,28.31,-1.75,28.31,-1.75
55.065,28.11,-1.76,28.31,-1.75,28.31,-1.75
55.079,28.15,-1.75,28.31,-1.75,28.31,-1.75
55.093,28.15,-1.73,28.31,-1.75,28.31,-1.75
55.107,28.19,-1.7,28.31,-1.75,28.31,-1.75
55.122,28.13,-1.75,28.31,-1.75,28.31,-1.75
55.136,28.1,-1.85,28.31,-1.75,28.31,-1.75
55.15,28.09,-1.75,28.31,-1.75,28.31,-1.75
55.165,28.18,-1.72,28.31,-1.75,28.31,-1.75
55.179,28.23,-1.72,28.31,-1.75,28.31,-1.75
55.194,28.21,-1.73,28.31,-1.75,28.31,-1.75
55.209,28.13,-1.74,28.31,-1.75,28.31,-1.75
55.223,28.11,-1.74,28.31,-1.75,28.31,-1.75
55.238,28.15,-1.78,28.31,-1.74,28.31,-1.75
55.252,28.16,-1.75,28.31,-1.74,28.31,-1.74
55.267,28.14,-1.73,28.31,-1.74,28.31,-1.74
55.281,28.14,-1.79,28.31,-1.75,28.31,-1.75
55.296,28.16,-1.81,28.31,-1.75,28.31,-1.75
55.31,28.16,-1.78,28.32,-1.75,28.32,-1.75
55.325,28.04,-1.72,28.32,-1.75,28.32,-1.75
55.34,28.09,-1.69,28.32,-1.75,28.32,-1.74
55.355,28.19,-1.73,28.32,-1.74,28.32,-1.74
55.369,28.17,-1.75,28.32,-1.74,28.32,-1.74
55.383,28.03,-1.75,28.32,-1.74,28.32,-1.74
55.398,28.05,-1.77,28.32,-1.74,28.31,-1.74
55.412,28.21,-1.76,28.32,-1.75,28.31,-1.75
55.426,28.19,-1.73,28.32,-1.75,28.32,-1.75
55.441,28.11,-1.72,28.32,-1.75,28.32,-1.75
55.455,28.12,-1.83,28.32,-1.75,28.32,-1.75
55.47,28.17,-1.83,28.32,-1.75,28.32,-1.75
55.485,28.1,-1.76,28.32,-1.75,28.32,-1.75
55.499,28.07,-1.75,28.32,-1.75,28.32,-1.75
55.513,28.09,-1.8,28.32,-1.75,28.32,-1.75
55.527,28.18,-1.79,28.32,-1.75,28.32,-1.75
55.542,28.14,-1.74,28.32,-1.75,28.32,-1.75
55.556,28.09,-1.7,28.32,-1.75,28.32,-1.75
55.57,28.1,-1.71,28.32,-1.75,28.32,-1.75
55.584,28.12,-1.73,28.32,-1.75,28.32,-1.75
55.601,28.09,-1.72,28.32,-1.75,28.32,-1.75
55.615,28.07,-1.73,28.32,-1.75,28.32,-1.75
55.629,28.14,-1.75,28.32,-1.75,28.32,-1.75
55.643,28.19,-1.77,28.32,-1.75,28.32,-1.75
55.658,28.18,-1.74,28.32,-1.75,28.32,-1.75
55.673,28.03,-1.74,28.32,-1.75,28.32,-1.75
55.687,28.08,-1.76,28.32,-1.75,28.32,-1.75
55.701,28.16,-1.73,28.32,-1.75,28.32,-1.75
55.716,28.13,-1.71,28.32,-1.75,28.32,-1.75
55.732,28.05,-1.73,28.32,-1.75,28.32,-1.75
55.746,28.06,-1.72,28.32,-1.75,28.32,-1.75
55.761,28.23,-1.72,28.32,-1.75,28.32,-1.75
55.776,28.22,-1.77,28.32,-1.75,28.32,-1.75
55.79,28.16,-1.8,28.32,-1.75,28.32,-1.75
55.804,28.13,-1.78,28.32,-1.75,28.32,-1.75
55.819,28.15,-1.83,28.32,-1.75,28.32,-1.75
55.833,28.14,-1.81,28.32,-1.75,28.32,-1.75
55.848,28.1,-1.76,28.32,-1.75,28.32,-1.75
55.862,28.14,-1.79,28.32,-1.75,28.32,-1.75
55.877,28.15,-1.72,28.32,-1.75,28.32,-1.75
55.891,28.17,-1.73,28.33,-1.75,28.32,-1.75
55.905,28.1,-1.73,28.33,-1.75,28.32,-1.75
55.919,28.09,-1.73,28.32,-1.75,28.32,-1.75
55.934,28.12,-1.73,28.32,-1.75,28.32,-1.75
55.948,28.15,-1.75,28.32,-1.75,28.32,-1.75
55.962,28.13,-1.78,28.32,-1.75,28.32,-1.75
55.976,28.12,-1.79,28.32,-1.75,28.32,-1.75
55.99,28.15,-1.8,28.32,-1.75,28.32,-1.75
56.005,28.1,-1.74,28.32,-1.76,28.32,-1.76
56.019,28.07,-1.74,28.32,-1.76,28.32,-1.75
56.033,28.08,-1.75,28.32,-1.75,28.32,-1.75
56.047,28.16,-1.75,28.32,-1.75,28.32,-1.75
56.061,28.15,-1.74,28.32,-1.75,28.32,-1.75
56.076,28.14,-1.74,28.32,-1.75,28.32,-1.75
56.09,28.15,-1.7,28.32,-1.75,28.32,-1.75
56.104,28.17,-1.75,28.32,-1.75,28.32,-1.75
56.124,28.13,-1.75,28.33,-1.75,28.32,-1.75
56.141,28.16,-1.72,28.33,-1.75,28.32,-1.75
56.155,28.17,-1.76,28.33,-1.75,28.32,-1.75
56.17,28.12,-1.79,28.33,-1.75,28.32,-1.75
56.184,28.04,-1.73,28.33,-1.76,28.32,-1.75
56.199,28.1,-1.76,28.33,-1.76,28.32,-1.76
56.213,28.18,-1.79,28.33,-1.76,28.33,-1.76
56.228,28.16,-1.73,28.33,-1.76,28.32,-1.76
56.242,28.12,-1.7,28.33,-1.76,28.32,-1.76
56.257,28.1,-1.75,28.33,-1.76,28.32,-1.76
56.271,28.15,-1.77,28.33,-1.76,28.32,-1.76
56.286,28.13,-1.76,28.33,-1.76,28.32,-1.76
56.301,28.07,-1.8,28.33,-1.76,28.32,-1.76
56.315,28.13,-1.76,28.33,-1.76,28.32,-1.76
56.33,28.17,-1.76,28.33,-1.75,28.32,-1.75
56.345,28.12,-1.77,28.33,-1.75,28.32,-1.76
56.359,28.11,-1.75,28.33,-1.76,28.32,-1.76
56.374,28.22,-1.79,28.32,-1.76,28.32,-1.76
56.389,28.22,-1.83,28.33,-1.76,28.32,-1.76
56.403,28.1,-1.71,28.33,-1.76,28.32,-1.76
56.419,28.14,-1.69,28.33,-1.75,28.33,-1.75
56.433,28.13,-1.77,28.33,-1.75,28.33,-1.75
56.447,28.09,-1.82,28.33,-1.75,28.32,-1.75
56.462,28.11,-1.76,28.33,-1.75,28.33,-1.75
56.476,28.15,-1.72,28.33,-1.75,28.33,-1.75
56.49,28.13,-1.77,28.33,-1.75,28.33,-1.75
56.504,28.15,-1.77,28.33,-1.75,28.33,-1.75
56.519,28.08,-1.76,28.33,-1.75,28.33,-1.76
56.533,28.08,-1.78,28.33,-1.76,28.33,-1.76
56.547,28.11,-1.8,28.33,-1.75,28.33,-1.75
56.562,28.1,-1.82,28.33,-1.75,28.33,-1.75
56.576,28.12,-1.83,28.33,-1.75,28.32,-1.76
56.591,28.15,-1.74,28.33,-1.76,28.32,-1.76
56.605,28.12,-1.73,28.33,-1.76,28.32,-1.76
56.62,28.11,-1.75,28.32,-1.76,28.32,-1.76
56.634,28.14,-1.73,28.32,-1.76,28.32,-1.75
56.648,28.12,-1.79,28.32,-1.75,28.32,-1.75
56.663,28.09,-1.79,28.32,-1.75,28.32,-1.75
56.678,28.11,-1.77,28.32,-1.75,28.32,-1.75
56.692,28.14,-1.74,28.32,-1.75,28.32,-1.75
56.707,28.11,-1.79,28.32,-1.75,28.32,-1.75
56.721,28.14,-1.77,28.32,-1.75,28.32,-1.75
56.736,28.16,-1.73,28.32,-1.75,28.32,-1.75
56.75,28.15,-1.76,28.32,-1.75,28.32,-1.75
56.765,28.13,-1.76,28.32,-1.75,28.32,-1.75
56.78,28.12,-1.72,28.32,-1.75,28.32,-1.75
56.794,28.11,-1.72,28.32,-1.75,28.32,-1.75
56.809,28.13,-1.74,28.32,-1.75,28.32,-1.75
56.824,28.12,-1.74,28.32,-1.75,28.32,-1.75
56.838,28.13,-1.75,28.32,-1.75,28.32,-1.75
56.853,28.13,-1.76,28.32,-1.75,28.32,-1.75
56.867,28.12,-1.76,28.32,-1.75,28.32,-1.75
56.882,28.1,-1.77,28.32,-1.75,28.32,-1.75
56.896,28.17,-1.74,28.32,-1.75,28.31,-1.75
56.91,28.16,-1.72,28.32,-1.75,28.32,-1.75
56.924,28.08,-1.75,28.32,-1.75,28.32,-1.75
56.938,28.1,-1.76,28.32,-1.75,28.32,-1.75
56.952,28.14,-1.78,28.32,-1.75,28.32,-1.75
56.966,28.13,-1.75,28.32,-1.75,28.31,-1.75
56.981,28.13,-1.76,28.32,-1.75,28.32,-1.75
56.995,28.12,-1.75,28.32,-1.75,28.32,-1.75
57.009,28.1,-1.7,28.32,-1.75,28.32,-1.75
57.023,28.14,-1.79,28.32,-1.75,28.32,-1.75
57.038,28.14,-1.79,28.32,-1.75,28.31,-1.75
57.052,28.13,-1.79,28.32,-1.75,28.31,-1.75
57.066,28.16,-1.75,28.32,-1.75,28.31,-1.75
57.081,28.15,-1.73,28.32,-1.75,28.31,-1.75
57.095,28.04,-1.72,28.32,-1.75,28.31,-1.75
57.109,28.07,-1.74,28.32,-1.75,28.31,-1.75
57.123,28.16,-1.79,28.31,-1.75,28.31,-1.75
57.138,28.13,-1.8,28.32,-1.75,28.31,-1.75
57.152,28.13,-1.76,28.32,-1.75,28.31,-1.75
57.167,28.11,-1.75,28.32,-1.74,28.31,-1.74
57.182,28.09,-1.78,28.31,-1.74,28.31,-1.74
57.196,28.13,-1.76,28.32,-1.74,28.31,-1.74
57.211,28.14,-1.81,28.32,-1.74,28.31,-1.75
57.225,28.13,-1.81,28.31,-1.74,28.31,-1.74
57.24,28.11,-1.76,28.31,-1.74,28.31,-1.74
57.254,28.15,-1.66,28.31,-1.74,28.31,-1.74
57.269,28.1,-1.66,28.32,-1.74,28.31,-1.74
57.283,28.12,-1.76,28.32,-1.74,28.31,-1.74
57.298,28.16,-1.77,28.32,-1.74,28.31,-1.74
57.313,28.17,-1.78,28.32,-1.74,28.31,-1.74
57.327,28.11,-1.79,28.32,-1.74,28.31,-1.74
57.341,28.1,-1.78,28.32,-1.74,28.31,-1.74
57.356,28.13,-1.78,28.32,-1.74,28.31,-1.74
57.37,28.15,-1.76,28.32,-1.74,28.32,-1.74
57.385,28.11,-1.76,28.32,-1.74,28.32,-1.74
57.4,28.03,-1.74,28.32,-1.74,28.32,-1.74
57.414,28.04,-1.75,28.32,-1.74,28.32,-1.74
57.428,28.09,-1.73,28.32,-1.74,28.31,-1.74
57.443,28.18,-1.69,28.32,-1.74,28.31,-1.74
57.457,28.13,-1.68,28.32,-1.74,28.32,-1.74
57.471,28.08,-1.75,28.32,-1.74,28.31,-1.74
57.485,28.09,-1.76,28.32,-1.74,28.31,-1.74
57.5,28.08,-1.76,28.31,-1.74,28.31,-1.74
57.514,28.09,-1.71,28.31,-1.74,28.31,-1.74
57.528,28.13,-1.7,28.31,-1.74,28.31,-1.74
57.542,28.12,-1.76,28.32,-1.74,28.31,-1.74
57.557,28.14,-1.82,28.32,-1.74,28.31,-1.74
57.571,28.12,-1.74,28.32,-1.74,28.31,-1.74
57.585,28.11,-1.71,28.31,-1.74,28.31,-1.74
57.599,28.12,-1.78,28.31,-1.74,28.31,-1.74
57.614,28.14,-1.82,28.31,-1.74,28.31,-1.74
57.628,28.1,-1.79,28.31,-1.74,28.31,-1.74
57.643,28.06,-1.76,28.31,-1.74,28.31,-1.74
57.657,28.09,-1.78,28.32,-1.74,28.31,-1.74
57.672,28.13,-1.77,28.31,-1.74,28.31,-1.74
57.686,28.11,-1.74,28.31,-1.74,28.31,-1.74
57.7,28.1,-1.74,28.31,-1.74,28.31,-1.74
57.714,28.14,-1.74,28.31,-1.74,28.31,-1.74
57.729,28.16,-1.77,28.31,-1.74,28.31,-1.74
57.75,28.13,-1.71,28.32,-1.74,28.32,-1.74
57.766,28.12,-1.78,28.32,-1.74,28.32,-1.74
57.781,28.09,-1.78,28.32,-1.74,28.32,-1.74
57.795,28.11,-1.78,28.32,-1.74,28.32,-1.74
57.81,28.11,-1.78,28.32,-1.74,28.32,-1.74
57.824,28.1,-1.74,28.32,-1.74,28.32,-1.74
57.839,28.14,-1.78,28.32,-1.74,28.32,-1.74
57.853,28.15,-1.79,28.32,-1.74,28.32,-1.74
57.868,28.05,-1.76,28.32,-1.74,28.32,-1.74
57.883,28.11,-1.76,28.32,-1.74,28.32,-1.74
57.898,28.15,-1.78,28.32,-1.74,28.32,-1.74
57.913,28.16,-1.82,28.32,-1.74,28.32,-1.74
57.926,28.15,-1.73,28.32,-1.74,28.32,-1.74
57.94,28.16,-1.72,28.32,-1.74,28.32,-1.74
57.954,28.12,-1.76,28.32,-1.74,28.32,-1.74
57.969,28.12,-1.75,28.32,-1.74,28.32,-1.74
57.983,28.06,-1.8,28.32,-1.74,28.32,-1.74
57.997,28.05,-1.81,28.32,-1.74,28.32,-1.74
58.012,28.11,-1.76,28.32,-1.74,28.32,-1.74
58.026,28.13,-1.74,28.32,-1.74,28.32,-1.74
58.04,28.16,-1.76,28.32,-1.74,28.32,-1.74
58.054,28.2,-1.81,28.32,-1.74,28.32,-1.74
58.068,28.16,-1.79,28.32,-1.74,28.32,-1.74
58.083,28.12,-1.76,28.32,-1.74,28.32,-1.74
58.097,28.13,-1.79,28.32,-1.74,28.32,-1.75
58.111,28.16,-1.74,28.32,-1.75,28.32,-1.75
58.125,28.13,-1.71,28.32,-1.74,28.32,-1.74
58.14,28.12,-1.72,28.32,-1.74,28.32,-1.74
58.154,28.05,-1.76,28.32,-1.74,28.32,-1.74
58.169,28.07,-1.72,28.32,-1.74,28.32,-1.74
58.183,28.15,-1.73,28.32,-1.74,28.32,-1.74
58.198,28.13,-1.75,28.32,-1.74,28.32,-1.74
58.213,28.12,-1.74,28.32,-1.74,28.32,-1.74
58.228,28.14,-1.76,28.32,-1.74,28.32,-1.74
58.242,28.11,-1.79,28.32,-1.74,28.32,-1.74
58.257,28.14,-1.76,28.32,-1.74,28.32,-1.74
58.271,28.22,-1.76,28.32,-1.74,28.32,-1.74
58.286,28.18,-1.78,28.32,-1.74,28.32,-1.74
58.3,28.08,-1.78,28.32,-1.74,28.32,-1.74
58.315,28.07,-1.78,28.32,-1.74,28.32,-1.74
58.329,28.13,-1.75,28.32,-1.74,28.32,-1.74
58.344,28.14,-1.76,28.32,-1.74,28.32,-1.74
58.358,28.08,-1.8,28.32,-1.74,28.32,-1.74
58.373,28.04,-1.8,28.32,-1.74,28.32,-1.74
58.387,28.06,-1.79,28.32,-1.74,28.32,-1.74
58.402,28.12,-1.76,28.32,-1.74,28.32,-1.74
58.416,28.12,-1.77,28.32,-1.74,28.32,-1.74
58.431,28.07,-1.77,28.32,-1.74,28.32,-1.74
58.445,28.08,-1.77,28.32,-1.74,28.32,-1.74
58.46,28.16,-1.77,28.32,-1.74,28.32,-1.74
58.474,28.1,-1.76,28.32,-1.74,28.32,-1.74
58.488,28.07,-1.73,28.32,-1.74,28.32,-1.74
58.503,28.11,-1.72,28.32,-1.74,28.32,-1.74
58.517,28.11,-1.75,28.32,-1.74,28.32,-1.74
58.531,28.09,-1.8,28.32,-1.74,28.32,-1.74
58.545,28.09,-1.78,28.32,-1.74,28.31,-1.74
58.56,28.12,-1.74,28.32,-1.74,28.31,-1.74
58.575,28.13,-1.72,28.32,-1.74,28.31,-1.74
58.589,28.15,-1.71,28.32,-1.74,28.32,-1.74
58.604,28.14,-1.74,28.32,-1.74,28.32,-1.74
58.618,28.15,-1.76,28.32,-1.74,28.32,-1.74
58.632,28.18,-1.76,28.32,-1.74,28.32,-1.74
58.646,28.2,-1.76,28.32,-1.74,28.32,-1.74
58.661,28.14,-1.73,28.32,-1.74,28.32,-1.74
58.675,28.14,-1.78,28.32,-1.74,28.32,-1.74
58.689,28.16,-1.79,28.32,-1.74,28.32,-1.74
58.704,28.16,-1.78,28.32,-1.74,28.32,-1.74
58.718,28.08,-1.72,28.32,-1.74,28.32,-1.74
58.733,28.09,-1.74,28.32,-1.74,28.32,-1.74
58.75,28.13,-1.77,28.32,-1.74,28.32,-1.74
58.764,28.13,-1.77,28.32,-1.74,28.32,-1.74
58.779,28.17,-1.77,28.32,-1.74,28.32,-1.74
58.793,28.16,-1.75,28.32,-1.74,28.32,-1.74
58.808,28.15,-1.76,28.32,-1.74,28.32,-1.74
58.822,28.13,-1.78,28.32,-1.74,28.32,-1.74
58.837,28.16,-1.8,28.32,-1.74,28.32,-1.74
58.851,28.18,-1.79,28.32,-1.74,28.32,-1.74
58.866,28.15,-1.79,28.32,-1.74,28.32,-1.74
58.881,28.16,-1.78,28.32,-1.74,28.32,-1.74
58.895,28.1,-1.78,28.32,-1.74,28.32,-1.74
58.91,28.1,-1.82,28.32,-1.74,28.32,-1.74
58.924,28.16,-1.73,28.32,-1.74,28.32,-1.74
58.938,28.12,-1.7,28.32,-1.74,28.32,-1.74
58.953,28.09,-1.74,28.32,-1.74,28.32,-1.74
58.967,28.11,-1.75,28.32,-1.74,28.32,-1.74
58.981,28.13,-1.72,28.32,-1.74,28.32,-1.74
58.995,28.08,-1.74,28.32,-1.74,28.32,-1.74
59.009,28.07,-1.78,28.32,-1.74,28.32,-1.74
59.024,28.13,-1.78,28.32,-1.74,28.32,-1.74
59.038,28.16,-1.8,28.32,-1.74,28.32,-1.74
59.052,28.14,-1.77,28.32,-1.74,28.32,-1.74
59.066,28.11,-1.75,28.32,-1.74,28.32,-1.74
59.081,28.09,-1.74,28.32,-1.74,28.32,-1.74
59.095,28.14,-1.76,28.32,-1.74,28.32,-1.74
59.109,28.12,-1.78,28.32,-1.74,28.32,-1.74
59.124,28.12,-1.76,28.32,-1.74,28.32,-1.74
59.138,28.15,-1.76,28.32,-1.74,28.32,-1.74
59.152,28.15,-1.77,28.32,-1.74,28.32,-1.74
59.166,28.12,-1.78,28.32,-1.74,28.32,-1.74
59.181,28.13,-1.74,28.32,-1.74,28.32,-1.74
59.195,28.11,-1.74,28.32,-1.74,28.32,-1.74
59.21,28.13,-1.73,28.32,-1.74,28.32,-1.74
59.224,28.15,-1.76,28.32,-1.74,28.32,-1.74
59.238,28.13,-1.74,28.32,-1.74,28.32,-1.74
59.253,28.14,-1.7,28.32,-1.74,28.32,-1.74
59.267,28.15,-1.72,28.32,-1.74,28.32,-1.74
59.282,28.17,-1.72,28.32,-1.74,28.32,-1.74
59.296,28.16,-1.75,28.32,-1.74,28.32,-1.74
59.311,28.17,-1.75,28.32,-1.74,28.32,-1.74
59.325,28.2,-1.75,28.33,-1.74,28.32,-1.74
59.34,28.22,-1.69,28.33,-1.74,28.32,-1.74
59.354,28.21,-1.71,28.33,-1.74,28.32,-1.74
59.374,28.14,-1.77,28.33,-1.74,28.33,-1.74
59.388,28.14,-1.74,28.33,-1.74,28.33,-1.74
59.403,28.14,-1.74,28.33,-1.74,28.33,-1.74
59.417,28.15,-1.7,28.33,-1.74,28.33,-1.74
59.433,28.14,-1.75,28.33,-1.74,28.33,-1.74
59.447,28.08,-1.76,28.33,-1.74,28.33,-1.74
59.462,28.11,-1.71,28.33,-1.74,28.33,-1.74
59.476,28.17,-1.71,28.33,-1.74,28.33,-1.74
59.49,28.14,-1.77,28.33,-1.74,28.33,-1.74
59.504,28.13,-1.78,28.33,-1.74,28.33,-1.74
59.518,28.17,-1.66,28.33,-1.74,28.33,-1.74
59.534,28.16,-1.65,28.33,-1.74,28.33,-1.74
59.549,28.13,-1.79,28.33,-1.74,28.33,-1.74
59.563,28.15,-1.78,28.33,-1.73,28.33,-1.74
59.577,28.07,-1.72,28.33,-1.73,28.33,-1.73
59.591,28.1,-1.72,28.33,-1.73,28.33,-1.73
59.605,28.1,-1.75,28.33,-1.73,28.33,-1.73
59.619,28.13,-1.71,28.33,-1.73,28.33,-1.73
59.633,28.14,-1.81,28.33,-1.73,28.33,-1.73
59.648,28.14,-1.83,28.33,-1.73,28.33,-1.73
59.662,28.17,-1.79,28.34,-1.73,28.33,-1.73
59.676,28.15,-1.77,28.34,-1.73,28.34,-1.73
59.69,28.13,-1.71,28.34,-1.73,28.34,-1.73
59.705,28.11,-1.71,28.34,-1.73,28.33,-1.73
59.719,28.15,-1.75,28.34,-1.73,28.33,-1.73
59.734,28.16,-1.78,28.34,-1.73,28.33,-1.73
59.749,28.14,-1.74,28.34,-1.74,28.33,-1.74
59.763,28.14,-1.74,28.34,-1.74,28.33,-1.74
59.777,28.12,-1.76,28.34,-1.74,28.33,-1.74
59.792,28.06,-1.75,28.34,-1.74,28.33,-1.74
59.807,28.14,-1.76,28.34,-1.74,28.33,-1.74
59.821,28.21,-1.76,28.34,-1.74,28.33,-1.74
59.836,28.15,-1.74,28.34,-1.74,28.33,-1.74
59.851,28.12,-1.74,28.34,-1.74,28.33,-1.74
59.865,28.09,-1.77,28.34,-1.74,28.33,-1.74
59.88,28.1,-1.79,28.34,-1.74,28.34,-1.74
59.894,28.13,-1.75,28.34,-1.74,28.33,-1.74
59.908,28.12,-1.73,28.34,-1.74,28.33,-1.74
59.922,28.13,-1.8,28.34,-1.74,28.33,-1.74
59.937,28.14,-1.78,28.34,-1.74,28.33,-1.74
59.951,28.17,-1.77,28.34,-1.74,28.34,-1.74
59.965,28.14,-1.8,28.34,-1.74,28.34,-1.74
59.979,28.11,-1.82,28.34,-1.74,28.34,-1.74
59.994,28.09,-1.78,28.34,-1.74,28.33,-1.74
