Time (s),Accel Roll (deg),Accel Pitch (deg),Gyro Roll (deg),Gyro Pitch (deg),Filtered Roll (deg),Filtered Pitch (deg)
0.001,8.68,-1.39,8.88,-1.35,8.88,-1.35
0.0,8.69,-1.39,8.88,-1.35,8.88,-1.35
0.032,8.68,-1.38,8.88,-1.35,8.88,-1.35
0.067,8.61,-1.37,8.88,-1.35,8.88,-1.35
0.102,8.61,-1.35,8.88,-1.35,8.88,-1.35
0.135,8.66,-1.36,8.88,-1.35,8.88,-1.35
0.167,8.71,-1.32,8.88,-1.35,8.88,-1.35
0.2,8.68,-1.31,8.88,-1.35,8.87,-1.35
0.233,8.59,-1.32,8.88,-1.35,8.87,-1.35
0.265,8.61,-1.36,8.87,-1.35,8.87,-1.35
0.295,8.68,-1.45,8.88,-1.35,8.87,-1.35
0.328,8.67,-1.43,8.87,-1.35,8.87,-1.35
0.359,8.6,-1.36,8.88,-1.35,8.87,-1.35
0.391,8.67,-1.37,8.88,-1.35,8.87,-1.35
0.426,8.68,-1.37,8.88,-1.35,8.87,-1.35
0.458,8.59,-1.37,8.88,-1.35,8.87,-1.35
0.49,8.58,-1.39,8.88,-1.35,8.87,-1.35
0.524,8.69,-1.38,8.88,-1.35,8.87,-1.35
0.557,8.74,-1.37,8.88,-1.35,8.87,-1.35
0.589,8.63,-1.36,8.88,-1.35,8.87,-1.35
0.622,8.6,-1.35,8.88,-1.35,8.87,-1.35
0.655,8.64,-1.3,8.87,-1.35,8.87,-1.35
0.687,8.64,-1.34,8.88,-1.35,8.87,-1.35
0.719,8.63,-1.38,8.88,-1.35,8.87,-1.35
0.751,8.66,-1.36,8.87,-1.35,8.87,-1.35
0.782,8.68,-1.36,8.87,-1.35,8.87,-1.35
0.814,8.66,-1.37,8.87,-1.35,8.87,-1.35
0.845,8.66,-1.32,8.87,-1.35,8.87,-1.35
0.878,8.61,-1.3,8.87,-1.35,8.87,-1.35
0.912,8.6,-1.33,8.87,-1.35,8.87,-1.35
0.945,8.65,-1.41,8.87,-1.35,8.87,-1.35
0.978,8.64,-1.4,8.87,-1.35,8.87,-1.35
1.011,8.64,-1.36,8.87,-1.35,8.87,-1.35
1.045,8.6,-1.4,8.87,-1.35,8.87,-1.35
1.077,8.6,-1.41,8.87,-1.35,8.87,-1.35
1.109,8.64,-1.39,8.87,-1.35,8.87,-1.35
1.141,8.66,-1.35,8.87,-1.35,8.86,-1.35
1.175,8.67,-1.33,8.87,-1.35,8.86,-1.35
1.207,8.65,-1.33,8.87,-1.35,8.86,-1.35
1.24,8.61,-1.33,8.87,-1.35,8.86,-1.35
1.271,8.63,-1.32,8.86,-1.35,8.86,-1.35
1.375,8.64,-1.32,8.86,-1.35,8.86,-1.35
1.432,8.69,-1.32,8.86,-1.35,8.86,-1.35
1.481,8.69,-1.31,8.86,-1.35,8.86,-1.35
1.527,8.62,-1.35,8.86,-1.35,8.86,-1.35
1.571,8.62,-1.36,8.86,-1.35,8.86,-1.35
1.617,8.67,-1.38,8.86,-1.35,8.86,-1.35
1.664,8.67,-1.39,8.86,-1.35,8.86,-1.35
1.709,8.64,-1.32,8.86,-1.35,8.86,-1.35
1.753,8.64,-1.33,8.86,-1.35,8.86,-1.35
1.799,8.64,-1.41,8.86,-1.34,8.86,-1.34
1.845,8.6,-1.39,8.86,-1.34,8.86,-1.35
1.891,8.61,-1.35,8.86,-1.35,8.86,-1.35
1.933,8.63,-1.31,8.86,-1.34,8.86,-1.34
1.977,8.67,-1.3,8.86,-1.34,8.86,-1.34
2.021,8.65,-1.32,8.86,-1.34,8.86,-1.34
2.065,8.65,-1.38,8.86,-1.34,8.86,-1.34
2.11,8.66,-1.39,8.86,-1.34,8.86,-1.34
2.157,8.68,-1.36,8.86,-1.34,8.86,-1.34
2.203,8.7,-1.28,8.87,-1.34,8.86,-1.34
2.245,8.7,-1.32,8.87,-1.34,8.86,-1.34
2.289,8.64,-1.36,8.87,-1.34,8.86,-1.34
2.333,8.63,-1.37,8.86,-1.34,8.86,-1.34
2.378,8.66,-1.4,8.86,-1.34,8.86,-1.34
2.422,8.67,-1.39,8.86,-1.34,8.86,-1.34
2.465,8.67,-1.4,8.86,-1.34,8.86,-1.34
2.509,8.61,-1.39,8.86,-1.34,8.86,-1.34
2.553,8.61,-1.39,8.86,-1.34,8.86,-1.34
2.596,8.63,-1.39,8.86,-1.34,8.86,-1.34
2.641,8.68,-1.4,8.86,-1.35,8.86,-1.35
2.684,8.64,-1.32,8.86,-1.35,8.86,-1.35
2.727,8.57,-1.32,8.86,-1.35,8.86,-1.35
2.77,8.63,-1.37,8.86,-1.35,8.86,-1.35
2.813,8.69,-1.39,8.86,-1.35,8.86,-1.35
2.857,8.67,-1.38,8.86,-1.35,8.86,-1.35
2.901,8.61,-1.37,8.86,-1.35,8.86,-1.35
2.945,8.66,-1.37,8.86,-1.35,8.86,-1.35
2.988,8.67,-1.37,8.86,-1.35,8.86,-1.35
3.031,8.66,-1.35,8.86,-1.35,8.86,-1.35
3.074,8.6,-1.35,8.86,-1.35,8.85,-1.35
3.118,8.61,-1.32,8.86,-1.35,8.85,-1.35
3.161,8.67,-1.39,8.86,-1.35,8.85,-1.35
3.205,8.71,-1.38,8.86,-1.35,8.85,-1.35
3.247,8.6,-1.3,8.86,-1.35,8.85,-1.35
3.292,8.58,-1.3,8.86,-1.34,8.85,-1.34
3.335,8.59,-1.36,8.85,-1.34,8.85,-1.34
3.378,8.63,-1.37,8.85,-1.34,8.85,-1.34
3.422,8.64,-1.37,8.85,-1.34,8.85,-1.34
3.465,8.64,-1.35,8.85,-1.34,8.85,-1.34
3.51,8.67,-1.34,8.85,-1.34,8.85,-1.34
3.554,8.6,-1.31,8.85,-1.34,8.85,-1.34
3.596,8.6,-1.35,8.85,-1.34,8.84,-1.34
3.638,8.63,-1.35,8.85,-1.34,8.84,-1.34
3.682,8.64,-1.33,8.85,-1.34,8.84,-1.34
3.728,8.63,-1.34,8.85,-1.34,8.84,-1.34
3.77,8.66,-1.34,8.84,-1.34,8.84,-1.34
3.813,8.71,-1.35,8.84,-1.34,8.84,-1.34
3.857,8.71,-1.35,8.84,-1.34,8.84,-1.34
3.9,8.67,-1.37,8.85,-1.34,8.84,-1.34
3.944,8.68,-1.39,8.85,-1.34,8.84,-1.34
3.988,8.67,-1.37,8.84,-1.34,8.84,-1.34
4.031,8.63,-1.39,8.84,-1.34,8.84,-1.34
4.074,8.64,-1.39,8.84,-1.34,8.84,-1.34
4.118,8.6,-1.34,8.84,-1.34,8.84,-1.34
4.162,8.66,-1.33,8.84,-1.34,8.84,-1.34
4.206,8.67,-1.37,8.84,-1.34,8.84,-1.34
4.25,8.65,-1.38,8.84,-1.34,8.84,-1.34
4.293,8.63,-1.35,8.84,-1.34,8.84,-1.34
4.337,8.63,-1.35,8.84,-1.34,8.84,-1.34
4.381,8.63,-1.35,8.84,-1.34,8.84,-1.34
4.424,8.66,-1.33,8.84,-1.34,8.84,-1.34
4.466,8.67,-1.33,8.84,-1.34,8.84,-1.34
4.51,8.63,-1.35,8.84,-1.34,8.84,-1.34
4.554,8.66,-1.3,8.84,-1.34,8.84,-1.34
4.598,8.66,-1.28,8.84,-1.34,8.84,-1.34
4.641,8.64,-1.33,8.84,-1.34,8.84,-1.34
4.685,8.61,-1.34,8.84,-1.34,8.84,-1.34
4.729,8.59,-1.39,8.84,-1.34,8.84,-1.34
4.771,8.64,-1.37,8.84,-1.34,8.84,-1.34
4.817,8.71,-1.3,8.84,-1.34,8.84,-1.34
4.861,8.71,-1.33,8.84,-1.34,8.84,-1.34
4.905,8.6,-1.41,8.84,-1.34,8.84,-1.34
4.951,8.61,-1.35,8.84,-1.34,8.84,-1.34
4.994,8.63,-1.33,8.84,-1.34,8.84,-1.34
5.037,8.63,-1.34,8.84,-1.34,8.84,-1.34
5.082,8.67,-1.34,8.84,-1.34,8.84,-1.34
5.125,8.69,-1.31,8.85,-1.34,8.84,-1.34
5.169,8.69,-1.28,8.85,-1.34,8.84,-1.34
5.212,8.66,-1.37,8.84,-1.34,8.84,-1.34
5.255,8.67,-1.39,8.84,-1.34,8.84,-1.34
5.298,8.68,-1.4,8.84,-1.34,8.84,-1.34
5.341,8.66,-1.39,8.84,-1.34,8.84,-1.34
5.385,8.62,-1.36,8.85,-1.34,8.84,-1.34
5.428,8.67,-1.36,8.84,-1.34,8.84,-1.34
5.473,8.71,-1.39,8.84,-1.34,8.84,-1.34
5.516,8.69,-1.38,8.84,-1.34,8.84,-1.34
5.56,8.66,-1.36,8.85,-1.34,8.84,-1.34
5.603,8.62,-1.34,8.85,-1.34,8.84,-1.34
5.647,8.66,-1.37,8.84,-1.34,8.84,-1.34
5.69,8.62,-1.35,8.84,-1.34,8.84,-1.34
5.733,8.6,-1.38,8.85,-1.34,8.84,-1.34
5.778,8.69,-1.33,8.84,-1.34,8.84,-1.34
5.822,8.63,-1.33,8.84,-1.34,8.84,-1.34
5.865,8.53,-1.34,8.84,-1.34,8.84,-1.34
5.907,8.59,-1.37,8.84,-1.35,8.84,-1.35
5.949,8.65,-1.39,8.84,-1.35,8.84,-1.35
5.993,8.61,-1.4,8.84,-1.35,8.84,-1.35
6.039,8.59,-1.34,8.84,-1.34,8.84,-1.34
6.081,8.67,-1.37,8.84,-1.34,8.84,-1.34
6.125,8.68,-1.35,8.84,-1.34,8.84,-1.34
6.168,8.67,-1.28,8.84,-1.34,8.84,-1.34
6.212,8.7,-1.29,8.84,-1.34,8.84,-1.34
6.256,8.7,-1.3,8.84,-1.34,8.84,-1.34
6.3,8.62,-1.3,8.84,-1.34,8.84,-1.34
6.344,8.62,-1.38,8.84,-1.34,8.84,-1.34
6.386,8.64,-1.4,8.84,-1.34,8.84,-1.34
6.43,8.65,-1.35,8.84,-1.34,8.84,-1.34
6.476,8.64,-1.32,8.84,-1.34,8.84,-1.34
6.519,8.67,-1.35,8.84,-1.34,8.84,-1.34
6.566,8.61,-1.33,8.84,-1.34,8.84,-1.34
6.609,8.62,-1.34,8.84,-1.34,8.84,-1.34
6.653,8.64,-1.38,8.84,-1.34,8.84,-1.34
6.697,8.59,-1.29,8.84,-1.34,8.84,-1.34
6.74,8.6,-1.3,8.84,-1.34,8.84,-1.34
6.785,8.65,-1.34,8.84,-1.34,8.84,-1.34
6.828,8.62,-1.34,8.84,-1.34,8.84,-1.34
6.872,8.62,-1.4,8.84,-1.34,8.84,-1.34
6.915,8.6,-1.41,8.84,-1.34,8.84,-1.34
6.958,8.6,-1.39,8.84,-1.34,8.84,-1.34
7.002,8.62,-1.38,8.84,-1.34,8.84,-1.35
7.045,8.65,-1.34,8.84,-1.34,8.84,-1.34
7.088,8.68,-1.37,8.84,-1.34,8.84,-1.34
7.131,8.69,-1.39,8.84,-1.34,8.84,-1.34
7.174,8.67,-1.36,8.84,-1.34,8.83,-1.34
7.219,8.72,-1.32,8.84,-1.34,8.83,-1.34
7.263,8.6,-1.33,8.84,-1.34,8.84,-1.34
7.308,8.59,-1.35,8.84,-1.34,8.83,-1.34
7.352,8.59,-1.35,8.84,-1.34,8.83,-1.34
7.396,8.67,-1.33,8.84,-1.34,8.83,-1.34
7.44,8.71,-1.3,8.84,-1.34,8.83,-1.34
7.483,8.63,-1.38,8.84,-1.34,8.84,-1.34
7.527,8.62,-1.37,8.84,-1.34,8.83,-1.34
7.571,8.64,-1.42,8.84,-1.34,8.83,-1.34
7.617,8.68,-1.41,8.84,-1.34,8.83,-1.34
7.663,8.66,-1.33,8.84,-1.34,8.83,-1.34
7.705,8.65,-1.3,8.84,-1.34,8.83,-1.34
7.749,8.68,-1.29,8.84,-1.34,8.83,-1.34
7.792,8.72,-1.37,8.84,-1.34,8.84,-1.34
7.835,8.67,-1.39,8.84,-1.34,8.84,-1.34
7.879,8.62,-1.33,8.84,-1.34,8.84,-1.34
7.921,8.59,-1.3,8.84,-1.34,8.84,-1.34
7.965,8.63,-1.36,8.84,-1.34,8.84,-1.34
8.008,8.61,-1.4,8.84,-1.34,8.84,-1.34
8.052,8.62,-1.36,8.84,-1.34,8.84,-1.34
8.101,8.64,-1.36,8.84,-1.34,8.84,-1.34
8.144,8.6,-1.33,8.84,-1.34,8.84,-1.34
8.188,8.63,-1.35,8.84,-1.34,8.84,-1.34
8.232,8.66,-1.36,8.84,-1.34,8.84,-1.34
8.276,8.67,-1.37,8.84,-1.34,8.84,-1.34
8.32,8.64,-1.41,8.84,-1.34,8.84,-1.34
8.364,8.55,-1.37,8.84,-1.34,8.84,-1.34
8.408,8.57,-1.34,8.84,-1.34,8.84,-1.34
8.451,8.68,-1.32,8.84,-1.34,8.84,-1.34
8.494,8.68,-1.35,8.84,-1.34,8.84,-1.34
8.538,8.71,-1.36,8.84,-1.34,8.84,-1.34
8.581,8.69,-1.37,8.84,-1.34,8.84,-1.34
8.625,8.64,-1.38,8.84,-1.34,8.84,-1.34
8.669,8.64,-1.39,8.84,-1.34,8.84,-1.34
8.712,8.69,-1.35,8.84,-1.34,8.84,-1.34
8.756,8.64,-1.36,8.84,-1.34,8.84,-1.34
8.8,8.61,-1.37,8.84,-1.34,8.84,-1.34
8.843,8.66,-1.33,8.84,-1.34,8.84,-1.34
8.887,8.65,-1.34,8.84,-1.34,8.84,-1.34
8.931,8.67,-1.37,8.84,-1.34,8.84,-1.34
8.974,8.7,-1.35,8.84,-1.34,8.84,-1.34
9.017,8.67,-1.36,8.84,-1.34,8.84,-1.34
9.06,8.61,-1.34,8.84,-1.34,8.84,-1.34
9.105,8.6,-1.35,8.84,-1.34,8.84,-1.34
9.149,8.6,-1.37,8.84,-1.34,8.84,-1.34
9.193,8.63,-1.37,8.84,-1.34,8.84,-1.34
9.235,8.61,-1.35,8.84,-1.34,8.84,-1.34
9.279,8.57,-1.3,8.84,-1.34,8.84,-1.34
9.322,8.59,-1.31,8.84,-1.34,8.84,-1.34
9.365,8.63,-1.34,8.84,-1.34,8.84,-1.34
9.409,8.66,-1.39,8.84,-1.34,8.84,-1.34
9.455,8.65,-1.4,8.84,-1.34,8.84,-1.34
9.501,8.67,-1.37,8.84,-1.34,8.84,-1.34
9.543,8.66,-1.4,8.84,-1.34,8.84,-1.34
9.586,8.55,-1.41,8.84,-1.34,8.84,-1.34
9.632,8.58,-1.36,8.84,-1.34,8.84,-1.34
9.677,8.69,-1.32,8.84,-1.34,8.84,-1.34
9.722,8.68,-1.4,8.84,-1.34,8.84,-1.34
9.766,8.68,-1.4,8.84,-1.34,8.84,-1.34
9.81,8.64,-1.32,8.84,-1.34,8.84,-1.34
9.855,8.59,-1.3,8.85,-1.34,8.84,-1.34
9.899,8.62,-1.37,8.84,-1.34,8.84,-1.34
9.944,8.68,-1.38,8.85,-1.34,8.84,-1.34
9.99,8.7,-1.37,8.85,-1.34,8.84,-1.34
10.033,8.67,-1.37,8.85,-1.34,8.84,-1.34
10.076,8.63,-1.36,8.85,-1.34,8.84,-1.34
10.12,8.59,-1.35,8.85,-1.34,8.84,-1.34
10.164,8.57,-1.33,8.85,-1.34,8.84,-1.34
10.209,8.62,-1.39,8.85,-1.34,8.84,-1.34
10.255,8.71,-1.36,8.85,-1.34,8.84,-1.34
10.299,8.68,-1.36,8.85,-1.34,8.85,-1.34
10.341,8.65,-1.37,8.85,-1.34,8.85,-1.34
10.388,8.62,-1.38,8.85,-1.34,8.84,-1.34
10.431,8.62,-1.39,8.85,-1.34,8.84,-1.34
10.475,8.63,-1.36,8.85,-1.34,8.84,-1.34
10.52,8.61,-1.35,8.85,-1.34,8.84,-1.34
10.564,8.61,-1.35,8.85,-1.34,8.84,-1.34
10.607,8.68,-1.36,8.85,-1.34,8.84,-1.34
10.65,8.65,-1.42,8.85,-1.34,8.84,-1.34
10.694,8.61,-1.37,8.85,-1.34,8.84,-1.34
10.739,8.63,-1.32,8.85,-1.34,8.84,-1.34
10.783,8.65,-1.35,8.85,-1.34,8.84,-1.34
10.828,8.63,-1.38,8.85,-1.34,8.85,-1.34
10.871,8.62,-1.31,8.85,-1.34,8.85,-1.34
10.915,8.57,-1.28,8.85,-1.34,8.85,-1.34
10.958,8.6,-1.29,8.85,-1.34,8.84,-1.34
11.008,8.7,-1.39,8.85,-1.34,8.84,-1.34
11.053,8.68,-1.41,8.85,-1.34,8.84,-1.34
11.097,8.64,-1.38,8.85,-1.34,8.84,-1.34
11.141,8.64,-1.35,8.84,-1.34,8.84,-1.34
11.185,8.59,-1.29,8.84,-1.34,8.84,-1.34
11.227,8.56,-1.33,8.84,-1.34,8.84,-1.34
11.271,8.63,-1.37,8.84,-1.34,8.84,-1.34
11.316,8.66,-1.42,8.84,-1.34,8.84,-1.34
11.36,8.68,-1.35,8.84,-1.34,8.84,-1.34
11.402,8.65,-1.3,8.84,-1.34,8.84,-1.34
11.45,8.62,-1.31,8.84,-1.34,8.84,-1.34
11.497,8.62,-1.33,8.84,-1.34,8.84,-1.34
11.543,8.65,-1.32,8.84,-1.34,8.84,-1.34
11.588,8.66,-1.33,8.84,-1.34,8.84,-1.34
11.63,8.71,-1.3,8.84,-1.34,8.84,-1.34
11.673,8.69,-1.32,8.84,-1.34,8.84,-1.34
11.717,8.61,-1.34,8.84,-1.33,8.84,-1.33
11.759,8.59,-1.32,8.84,-1.33,8.84,-1.33
11.804,8.66,-1.35,8.84,-1.33,8.84,-1.33
11.848,8.66,-1.37,8.84,-1.33,8.84,-1.33
11.891,8.63,-1.37,8.84,-1.33,8.84,-1.33
11.935,8.6,-1.39,8.84,-1.33,8.84,-1.33
11.978,8.59,-1.37,8.84,-1.33,8.84,-1.33
12.021,8.6,-1.33,8.84,-1.33,8.84,-1.33
12.065,8.58,-1.32,8.84,-1.33,8.84,-1.33
12.11,8.64,-1.4,8.84,-1.33,8.84,-1.33
12.153,8.68,-1.41,8.84,-1.33,8.84,-1.33
12.197,8.61,-1.35,8.85,-1.33,8.84,-1.33
12.241,8.64,-1.35,8.85,-1.33,8.84,-1.33
12.284,8.61,-1.28,8.85,-1.33,8.84,-1.33
12.327,8.57,-1.32,8.85,-1.33,8.84,-1.33
12.372,8.59,-1.34,8.84,-1.33,8.84,-1.33
12.417,8.65,-1.34,8.84,-1.33,8.84,-1.33
12.462,8.65,-1.36,8.84,-1.33,8.84,-1.33
12.506,8.61,-1.38,8.84,-1.33,8.84,-1.33
12.55,8.58,-1.37,8.84,-1.33,8.84,-1.33
12.594,8.68,-1.38,8.84,-1.33,8.84,-1.33
12.637,8.71,-1.39,8.84,-1.33,8.84,-1.33
12.682,8.62,-1.28,8.84,-1.33,8.84,-1.33
12.725,8.64,-1.32,8.84,-1.33,8.84,-1.33
12.769,8.66,-1.43,8.85,-1.33,8.84,-1.33
12.813,8.61,-1.39,8.85,-1.33,8.84,-1.33
12.858,8.63,-1.32,8.84,-1.33,8.84,-1.33
12.902,8.63,-1.37,8.84,-1.33,8.84,-1.33
12.945,8.66,-1.39,8.84,-1.33,8.84,-1.33
12.989,8.64,-1.37,8.84,-1.33,8.84,-1.33
13.033,8.54,-1.3,8.84,-1.33,8.84,-1.33
13.077,8.53,-1.33,8.84,-1.33,8.84,-1.33
13.124,8.64,-1.42,8.84,-1.33,8.84,-1.33
13.168,8.64,-1.4,8.84,-1.33,8.84,-1.33
13.214,8.67,-1.35,8.84,-1.33,8.84,-1.33
13.258,8.65,-1.34,8.84,-1.33,8.84,-1.33
13.303,8.62,-1.32,8.84,-1.33,8.84,-1.33
13.346,8.62,-1.32,8.84,-1.33,8.84,-1.33
13.39,8.67,-1.34,8.84,-1.34,8.84,-1.34
13.434,8.62,-1.45,8.84,-1.34,8.84,-1.34
13.478,8.62,-1.44,8.84,-1.34,8.84,-1.34
13.522,8.64,-1.34,8.84,-1.34,8.84,-1.34
13.565,8.67,-1.3,8.84,-1.34,8.84,-1.34
13.607,8.66,-1.33,8.84,-1.33,8.84,-1.33
13.651,8.63,-1.33,8.84,-1.33,8.84,-1.33
13.694,8.62,-1.39,8.84,-1.33,8.84,-1.34
13.737,8.66,-1.42,8.84,-1.33,8.84,-1.33
13.781,8.66,-1.39,8.84,-1.33,8.84,-1.33
13.824,8.59,-1.32,8.84,-1.33,8.84,-1.33
13.869,8.58,-1.28,8.84,-1.33,8.84,-1.33
13.911,8.71,-1.37,8.84,-1.33,8.84,-1.33
13.954,8.67,-1.41,8.84,-1.33,8.84,-1.34
13.999,8.6,-1.38,8.84,-1.34,8.84,-1.34
14.042,8.63,-1.39,8.84,-1.34,8.84,-1.34
14.087,8.65,-1.4,8.84,-1.34,8.84,-1.34
14.13,8.65,-1.29,8.84,-1.34,8.84,-1.34
14.176,8.66,-1.3,8.84,-1.34,8.84,-1.34
14.219,8.62,-1.44,8.84,-1.34,8.84,-1.34
14.264,8.63,-1.4,8.84,-1.34,8.84,-1.34
14.307,8.63,-1.29,8.84,-1.34,8.84,-1.34
14.351,8.62,-1.3,8.84,-1.34,8.84,-1.34
14.395,8.57,-1.36,8.84,-1.34,8.84,-1.34
14.438,8.63,-1.37,8.84,-1.33,8.84,-1.33
14.483,8.68,-1.37,8.84,-1.33,8.84,-1.33
14.526,8.6,-1.35,8.84,-1.33,8.84,-1.33
14.57,8.62,-1.37,8.84,-1.33,8.84,-1.33
14.615,8.6,-1.34,8.84,-1.33,8.83,-1.33
14.659,8.61,-1.33,8.84,-1.33,8.83,-1.33
14.703,8.65,-1.36,8.84,-1.33,8.83,-1.33
14.748,8.66,-1.41,8.83,-1.33,8.83,-1.33
14.792,8.64,-1.36,8.83,-1.34,8.83,-1.34
14.835,8.64,-1.34,8.83,-1.34,8.83,-1.34
14.88,8.69,-1.3,8.83,-1.34,8.83,-1.34
14.925,8.66,-1.32,8.83,-1.34,8.83,-1.34
14.973,8.59,-1.41,8.83,-1.34,8.83,-1.34
15.016,8.73,-1.39,8.83,-1.34,8.83,-1.34
15.061,8.75,-1.34,8.83,-1.34,8.83,-1.34
15.104,8.64,-1.27,8.84,-1.34,8.83,-1.34
15.147,8.58,-1.28,8.84,-1.34,8.83,-1.34
15.193,8.57,-1.29,8.84,-1.34,8.83,-1.34
15.237,8.59,-1.37,8.84,-1.34,8.83,-1.34
15.281,8.63,-1.45,8.83,-1.34,8.83,-1.34
15.325,8.67,-1.41,8.83,-1.34,8.83,-1.34
15.37,8.66,-1.28,8.83,-1.34,8.83,-1.34
15.415,8.67,-1.26,8.84,-1.34,8.83,-1.34
15.459,8.7,-1.29,8.84,-1.34,8.84,-1.33
15.506,8.61,-1.41,8.84,-1.33,8.83,-1.34
15.549,8.63,-1.49,8.84,-1.34,8.83,-1.34
15.593,8.7,-1.31,8.84,-1.34,8.83,-1.34
15.637,8.67,-1.27,8.84,-1.34,8.84,-1.34
15.681,8.53,-1.32,8.84,-1.34,8.83,-1.34
15.726,8.52,-1.33,8.84,-1.34,8.83,-1.34
15.77,8.59,-1.43,8.84,-1.34,8.83,-1.34
15.813,8.59,-1.46,8.84,-1.34,8.83,-1.34
15.86,8.67,-1.35,8.83,-1.34,8.83,-1.34
15.904,8.7,-1.3,8.83,-1.34,8.83,-1.34
15.949,8.58,-1.38,8.83,-1.34,8.83,-1.34
15.994,8.58,-1.41,8.83,-1.34,8.83,-1.34
16.04,8.63,-1.38,8.83,-1.34,8.83,-1.34
16.084,8.69,-1.38,8.83,-1.34,8.83,-1.34
16.128,8.71,-1.38,8.83,-1.34,8.83,-1.34
16.172,8.64,-1.36,8.83,-1.34,8.83,-1.34
16.215,8.58,-1.35,8.83,-1.34,8.83,-1.34
16.258,8.54,-1.4,8.83,-1.34,8.83,-1.34
16.305,8.59,-1.41,8.83,-1.34,8.83,-1.34
16.35,8.73,-1.32,8.83,-1.34,8.83,-1.34
16.395,8.77,-1.27,8.83,-1.34,8.83,-1.34
16.439,8.69,-1.3,8.83,-1.34,8.83,-1.34
16.481,8.6,-1.3,8.83,-1.34,8.83,-1.34
16.526,8.56,-1.32,8.83,-1.34,8.83,-1.34
16.57,8.61,-1.38,8.83,-1.34,8.83,-1.34
16.615,8.62,-1.42,8.83,-1.34,8.83,-1.34
16.659,8.65,-1.32,8.83,-1.34,8.83,-1.34
16.701,8.67,-1.3,8.83,-1.34,8.83,-1.34
16.745,8.67,-1.33,8.83,-1.34,8.83,-1.34
16.789,8.65,-1.34,8.83,-1.34,8.83,-1.34
16.832,8.52,-1.36,8.83,-1.34,8.83,-1.34
16.876,8.57,-1.37,8.83,-1.34,8.83,-1.34
16.919,8.63,-1.39,8.83,-1.34,8.83,-1.34
16.963,8.7,-1.33,8.83,-1.34,8.83,-1.34
17.008,8.66,-1.37,8.83,-1.34,8.83,-1.34
17.053,8.58,-1.35,8.83,-1.34,8.83,-1.34
17.097,8.57,-1.35,8.83,-1.34,8.83,-1.34
17.143,8.69,-1.39,8.83,-1.34,8.83,-1.34
17.187,8.77,-1.39,8.83,-1.34,8.83,-1.34
17.23,8.65,-1.32,8.83,-1.34,8.83,-1.34
17.276,8.62,-1.33,8.83,-1.34,8.83,-1.34
17.321,8.58,-1.43,8.83,-1.34,8.83,-1.34
17.374,8.58,-1.46,8.83,-1.34,8.83,-1.34
17.418,8.67,-1.33,8.83,-1.34,8.83,-1.34
17.463,8.67,-1.33,8.83,-1.34,8.83,-1.34
17.508,8.72,-1.34,8.83,-1.34,8.83,-1.34
17.552,8.7,-1.36,8.83,-1.34,8.83,-1.34
17.597,8.65,-1.39,8.83,-1.34,8.83,-1.34
17.641,8.58,-1.45,8.83,-1.34,8.83,-1.34
17.684,8.6,-1.47,8.83,-1.34,8.83,-1.34
17.728,8.66,-1.36,8.83,-1.34,8.83,-1.34
17.774,8.65,-1.35,8.83,-1.34,8.83,-1.34
17.82,8.62,-1.37,8.83,-1.34,8.83,-1.34
17.864,8.6,-1.36,8.83,-1.34,8.83,-1.34
17.909,8.63,-1.33,8.83,-1.34,8.83,-1.34
17.952,8.65,-1.3,8.83,-1.34,8.83,-1.34
17.996,8.71,-1.3,8.83,-1.34,8.83,-1.34
18.041,8.68,-1.36,8.83,-1.34,8.83,-1.34
18.086,8.65,-1.43,8.83,-1.34,8.83,-1.34
18.129,8.59,-1.4,8.84,-1.34,8.83,-1.34
18.173,8.59,-1.36,8.84,-1.34,8.83,-1.34
18.218,8.67,-1.39,8.83,-1.34,8.83,-1.34
18.264,8.69,-1.37,8.83,-1.34,8.83,-1.34
18.309,8.65,-1.32,8.83,-1.34,8.83,-1.34
18.352,8.66,-1.33,8.83,-1.34,8.83,-1.34
18.395,8.68,-1.34,8.83,-1.34,8.83,-1.34
18.44,8.69,-1.38,8.83,-1.34,8.83,-1.34
18.485,8.62,-1.41,8.84,-1.34,8.83,-1.34
18.53,8.58,-1.36,8.83,-1.34,8.83,-1.34
18.574,8.59,-1.32,8.83,-1.34,8.83,-1.34
18.616,8.64,-1.36,8.83,-1.34,8.83,-1.34
18.66,8.66,-1.34,8.83,-1.34,8.83,-1.34
18.706,8.62,-1.3,8.83,-1.34,8.83,-1.34
18.75,8.64,-1.28,8.83,-1.34,8.83,-1.34
18.795,8.68,-1.28,8.83,-1.34,8.83,-1.34
18.839,8.64,-1.31,8.83,-1.34,8.83,-1.34
18.883,8.65,-1.35,8.83,-1.34,8.83,-1.34
18.928,8.62,-1.39,8.83,-1.34,8.83,-1.34
18.972,8.61,-1.35,8.83,-1.34,8.83,-1.34
19.017,8.63,-1.25,8.83,-1.34,8.83,-1.34
19.062,8.66,-1.27,8.83,-1.34,8.83,-1.34
19.106,8.67,-1.4,8.83,-1.34,8.83,-1.34
19.15,8.66,-1.41,8.83,-1.34,8.83,-1.34
19.193,8.61,-1.32,8.83,-1.34,8.83,-1.34
19.238,8.59,-1.3,8.83,-1.34,8.83,-1.34
19.281,8.7,-1.33,8.83,-1.34,8.83,-1.34
19.326,8.73,-1.34,8.83,-1.34,8.83,-1.34
19.373,8.7,-1.28,8.83,-1.34,8.83,-1.34
19.419,8.59,-1.33,8.83,-1.34,8.83,-1.34
19.47,8.58,-1.36,8.83,-1.34,8.83,-1.34
19.513,8.66,-1.37,8.83,-1.34,8.83,-1.34
19.559,8.72,-1.37,8.83,-1.34,8.83,-1.34
19.603,8.67,-1.36,8.84,-1.34,8.83,-1.34
19.647,8.64,-1.36,8.84,-1.34,8.83,-1.34
19.691,8.62,-1.38,8.84,-1.34,8.83,-1.34
19.735,8.62,-1.35,8.83,-1.34,8.83,-1.34
19.781,8.66,-1.31,8.83,-1.34,8.83,-1.34
19.825,8.65,-1.35,8.83,-1.34,8.83,-1.34
19.87,8.62,-1.35,8.83,-1.34,8.83,-1.34
19.915,8.6,-1.38,8.83,-1.34,8.83,-1.34
19.96,8.57,-1.39,8.83,-1.34,8.83,-1.34
20.006,8.6,-1.37,8.83,-1.34,8.83,-1.34
20.049,8.63,-1.34,8.83,-1.34,8.83,-1.34
20.093,8.71,-1.34,8.83,-1.34,8.83,-1.34
20.137,8.7,-1.37,8.83,-1.34,8.83,-1.34
20.181,8.65,-1.39,8.83,-1.34,8.83,-1.34
20.228,8.63,-1.36,8.84,-1.34,8.83,-1.34
20.272,8.61,-1.33,8.84,-1.34,8.83,-1.34
20.317,8.65,-1.34,8.84,-1.34,8.83,-1.34
20.362,8.65,-1.33,8.84,-1.34,8.83,-1.34
20.408,8.63,-1.35,8.84,-1.34,8.83,-1.34
20.454,8.61,-1.37,8.84,-1.34,8.83,-1.34
20.497,8.58,-1.32,8.84,-1.34,8.83,-1.34
20.543,8.59,-1.37,8.84,-1.34,8.83,-1.34
20.588,8.6,-1.35,8.84,-1.34,8.83,-1.34
20.632,8.63,-1.31,8.83,-1.34,8.83,-1.34
20.68,8.57,-1.36,8.84,-1.34,8.83,-1.34
20.725,8.58,-1.37,8.84,-1.34,8.83,-1.34
20.77,8.6,-1.46,8.84,-1.34,8.83,-1.34
20.815,8.63,-1.41,8.84,-1.34,8.83,-1.34
20.859,8.65,-1.28,8.84,-1.34,8.83,-1.34
20.904,8.63,-1.35,8.84,-1.34,8.84,-1.34
20.948,8.63,-1.36,8.84,-1.34,8.84,-1.34
20.993,8.64,-1.36,8.84,-1.34,8.83,-1.34
21.037,8.64,-1.39,8.84,-1.33,8.83,-1.34
21.087,8.6,-1.4,8.83,-1.34,8.83,-1.34
21.131,8.64,-1.35,8.83,-1.34,8.83,-1.34
21.179,8.68,-1.33,8.83,-1.33,8.83,-1.33
21.225,8.59,-1.34,8.83,-1.33,8.83,-1.33
21.268,8.54,-1.33,8.83,-1.33,8.83,-1.33
21.314,8.61,-1.37,8.83,-1.33,8.83,-1.33
21.36,8.66,-1.37,8.83,-1.33,8.83,-1.33
21.405,8.64,-1.3,8.83,-1.33,8.83,-1.33
21.45,8.67,-1.3,8.83,-1.33,8.83,-1.33
21.497,8.68,-1.37,8.83,-1.33,8.83,-1.33
21.542,8.62,-1.39,8.83,-1.33,8.83,-1.33
21.586,8.6,-1.41,8.83,-1.33,8.83,-1.33
21.631,8.63,-1.39,8.83,-1.33,8.83,-1.34
21.674,8.57,-1.35,8.83,-1.34,8.83,-1.34
21.718,8.57,-1.35,8.83,-1.34,8.83,-1.34
21.763,8.61,-1.34,8.83,-1.34,8.83,-1.34
21.809,8.64,-1.34,8.83,-1.34,8.83,-1.34
21.853,8.64,-1.32,8.83,-1.34,8.83,-1.34
21.897,8.63,-1.33,8.83,-1.33,8.83,-1.33
21.941,8.64,-1.35,8.83,-1.34,8.83,-1.34
21.986,8.65,-1.39,8.83,-1.34,8.83,-1.34
22.03,8.65,-1.4,8.83,-1.34,8.83,-1.34
22.074,8.62,-1.37,8.84,-1.34,8.83,-1.34
22.12,8.61,-1.37,8.84,-1.34,8.83,-1.34
22.163,8.66,-1.35,8.84,-1.34,8.83,-1.34
22.207,8.71,-1.32,8.84,-1.34,8.83,-1.34
22.251,8.66,-1.38,8.84,-1.34,8.83,-1.34
22.295,8.64,-1.38,8.84,-1.34,8.83,-1.34
22.339,8.57,-1.35,8.84,-1.34,8.83,-1.34
22.383,8.59,-1.37,8.84,-1.34,8.83,-1.34
22.428,8.72,-1.32,8.84,-1.34,8.83,-1.34
22.472,8.69,-1.32,8.84,-1.34,8.83,-1.34
22.517,8.63,-1.33,8.84,-1.34,8.83,-1.34
22.561,8.57,-1.38,8.84,-1.34,8.83,-1.34
22.606,8.57,-1.41,8.84,-1.34,8.83,-1.34
22.65,8.63,-1.37,8.83,-1.34,8.83,-1.34
22.695,8.62,-1.36,8.84,-1.34,8.83,-1.34
22.739,8.59,-1.29,8.84,-1.34,8.83,-1.34
22.781,8.61,-1.31,8.84,-1.34,8.83,-1.34
22.827,8.67,-1.39,8.84,-1.34,8.83,-1.34
22.873,8.65,-1.41,8.84,-1.34,8.83,-1.34
22.917,8.56,-1.36,8.84,-1.34,8.83,-1.34
22.964,8.62,-1.37,8.84,-1.34,8.83,-1.34
23.009,8.67,-1.35,8.84,-1.34,8.83,-1.34
23.054,8.64,-1.34,8.84,-1.34,8.83,-1.34
23.099,8.65,-1.35,8.84,-1.34,8.83,-1.34
23.144,8.67,-1.37,8.84,-1.34,8.83,-1.34
23.188,8.68,-1.34,8.84,-1.34,8.83,-1.34
23.232,8.67,-1.3,8.84,-1.34,8.84,-1.34
23.277,8.64,-1.32,8.84,-1.34,8.84,-1.34
23.321,8.64,-1.37,8.84,-1.34,8.84,-1.34
23.365,8.65,-1.39,8.84,-1.34,8.84,-1.34
23.409,8.64,-1.31,8.84,-1.34,8.84,-1.34
23.456,8.65,-1.31,8.84,-1.34,8.84,-1.34
23.5,8.61,-1.33,8.84,-1.34,8.83,-1.34
23.544,8.57,-1.37,8.84,-1.34,8.83,-1.34
23.588,8.61,-1.37,8.83,-1.34,8.83,-1.34
23.632,8.63,-1.38,8.83,-1.34,8.83,-1.34
23.68,8.62,-1.39,8.83,-1.34,8.83,-1.34
23.723,8.65,-1.34,8.83,-1.34,8.83,-1.34
23.766,8.66,-1.31,8.83,-1.34,8.83,-1.34
23.811,8.62,-1.33,8.83,-1.34,8.83,-1.34
23.856,8.6,-1.36,8.83,-1.34,8.83,-1.34
23.901,8.64,-1.38,8.83,-1.34,8.83,-1.34
23.945,8.66,-1.37,8.83,-1.34,8.83,-1.34
23.989,8.66,-1.33,8.83,-1.34,8.83,-1.34
24.035,8.67,-1.36,8.83,-1.34,8.83,-1.34
24.079,8.6,-1.43,8.83,-1.34,8.83,-1.34
24.123,8.62,-1.34,8.83,-1.34,8.83,-1.34
24.168,8.61,-1.3,8.83,-1.34,8.83,-1.34
24.212,8.61,-1.37,8.83,-1.34,8.83,-1.34
24.256,8.62,-1.39,8.83,-1.34,8.83,-1.34
24.3,8.68,-1.38,8.83,-1.34,8.83,-1.34
24.346,8.72,-1.37,8.83,-1.34,8.83,-1.34
24.392,8.7,-1.37,8.83,-1.34,8.83,-1.34
24.438,8.6,-1.35,8.83,-1.34,8.83,-1.34
24.484,8.59,-1.36,8.83,-1.34,8.83,-1.34
24.528,8.64,-1.38,8.83,-1.34,8.83,-1.34
24.572,8.72,-1.29,8.83,-1.34,8.83,-1.34
24.616,8.68,-1.3,8.83,-1.34,8.83,-1.34
24.661,8.64,-1.43,8.83,-1.34,8.83,-1.34
24.705,8.63,-1.42,8.83,-1.34,8.83,-1.34
24.75,8.58,-1.33,8.83,-1.34,8.83,-1.34
24.794,8.63,-1.35,8.83,-1.34,8.83,-1.34
24.837,8.66,-1.44,8.83,-1.34,8.83,-1.34
24.882,8.57,-1.34,8.84,-1.34,8.83,-1.34
24.932,8.55,-1.32,8.84,-1.34,8.83,-1.34
24.975,8.63,-1.32,8.83,-1.34,8.83,-1.34
25.021,8.7,-1.35,8.83,-1.34,8.83,-1.34
25.065,8.76,-1.36,8.83,-1.34,8.83,-1.34
25.109,8.7,-1.36,8.83,-1.34,8.83,-1.34
25.154,8.61,-1.36,8.83,-1.34,8.83,-1.34
25.198,8.66,-1.38,8.83,-1.34,8.83,-1.34
25.244,8.71,-1.43,8.83,-1.34,8.83,-1.34
25.287,8.71,-1.4,8.83,-1.34,8.83,-1.34
25.331,8.65,-1.32,8.84,-1.34,8.83,-1.34
25.376,8.67,-1.36,8.84,-1.34,8.84,-1.34
25.42,8.63,-1.37,8.84,-1.34,8.83,-1.34
25.466,8.65,-1.39,8.84,-1.34,8.83,-1.34
25.511,8.68,-1.34,8.84,-1.33,8.83,-1.33
25.557,8.64,-1.31,8.84,-1.33,8.83,-1.33
25.601,8.67,-1.37,8.84,-1.33,8.83,-1.33
25.649,8.66,-1.4,8.84,-1.33,8.83,-1.33
25.695,8.64,-1.4,8.84,-1.33,8.83,-1.33
25.739,8.55,-1.35,8.83,-1.33,8.83,-1.33
25.785,8.65,-1.34,8.83,-1.33,8.83,-1.33
25.829,8.7,-1.37,8.83,-1.33,8.83,-1.33
25.872,8.67,-1.39,8.83,-1.33,8.83,-1.33
25.918,8.67,-1.36,8.83,-1.33,8.83,-1.33
25.963,8.68,-1.33,8.83,-1.33,8.83,-1.33
26.009,8.69,-1.34,8.83,-1.33,8.83,-1.33
26.054,8.65,-1.37,8.83,-1.33,8.83,-1.33
26.099,8.66,-1.41,8.83,-1.33,8.83,-1.33
26.143,8.68,-1.41,8.83,-1.33,8.83,-1.33
26.186,8.69,-1.37,8.83,-1.33,8.83,-1.33
26.231,8.64,-1.36,8.83,-1.33,8.83,-1.33
26.276,8.62,-1.39,8.83,-1.33,8.83,-1.33
26.323,8.67,-1.42,8.83,-1.33,8.83,-1.33
26.367,8.71,-1.37,8.83,-1.33,8.83,-1.33
26.412,8.67,-1.37,8.83,-1.33,8.83,-1.33
26.456,8.61,-1.41,8.83,-1.33,8.83,-1.33
26.501,8.64,-1.41,8.83,-1.33,8.83,-1.33
26.547,8.66,-1.4,8.83,-1.33,8.82,-1.33
26.59,8.65,-1.34,8.83,-1.33,8.82,-1.33
26.636,8.65,-1.36,8.83,-1.33,8.83,-1.33
26.682,8.67,-1.39,8.83,-1.33,8.83,-1.33
26.725,8.67,-1.34,8.83,-1.33,8.83,-1.33
26.769,8.71,-1.33,8.83,-1.33,8.83,-1.33
26.812,8.68,-1.39,8.83,-1.33,8.83,-1.33
26.855,8.63,-1.38,8.83,-1.33,8.83,-1.33
26.9,8.68,-1.36,8.83,-1.33,8.83,-1.33
26.946,8.75,-1.41,8.83,-1.33,8.83,-1.33
26.99,8.73,-1.41,8.83,-1.33,8.83,-1.33
27.035,8.67,-1.41,8.83,-1.33,8.83,-1.33
27.08,8.68,-1.4,8.84,-1.33,8.83,-1.33
27.124,8.64,-1.37,8.84,-1.33,8.83,-1.33
27.173,8.61,-1.36,8.84,-1.34,8.84,-1.34
27.219,8.65,-1.33,8.84,-1.34,8.84,-1.34
27.262,8.71,-1.33,8.84,-1.34,8.84,-1.34
27.308,8.66,-1.35,8.84,-1.34,8.84,-1.34
27.352,8.62,-1.43,8.84,-1.34,8.84,-1.34
27.396,8.63,-1.43,8.84,-1.34,8.84,-1.34
27.441,8.65,-1.4,8.84,-1.34,8.84,-1.34
27.484,8.67,-1.42,8.84,-1.34,8.84,-1.34
27.529,8.7,-1.37,8.84,-1.34,8.84,-1.34
27.574,8.67,-1.33,8.84,-1.34,8.84,-1.34
27.62,8.56,-1.35,8.84,-1.34,8.84,-1.34
27.666,8.66,-1.37,8.84,-1.34,8.84,-1.34
27.718,8.7,-1.38,8.84,-1.34,8.84,-1.34
27.766,8.63,-1.38,8.84,-1.34,8.84,-1.34
27.81,8.57,-1.41,8.84,-1.34,8.84,-1.34
27.855,8.64,-1.37,8.84,-1.34,8.84,-1.34
27.9,8.72,-1.37,8.84,-1.34,8.84,-1.34
27.944,8.63,-1.38,8.84,-1.34,8.84,-1.34
27.989,8.56,-1.38,8.84,-1.34,8.84,-1.34
28.032,8.67,-1.36,8.84,-1.34,8.84,-1.34
28.076,8.73,-1.37,8.84,-1.34,8.84,-1.34
28.12,8.63,-1.33,8.84,-1.34,8.84,-1.34
28.164,8.44,-1.31,8.84,-1.34,8.84,-1.34
28.208,8.58,-1.24,8.83,-1.34,8.83,-1.34
28.253,8.99,-1.5,8.81,-1.34,8.81,-1.34
28.299,9.14,-1.5,8.81,-1.34,8.82,-1.34
28.343,8.85,-1.14,8.84,-1.34,8.84,-1.34
28.39,10.45,-0.36,8.89,-1.34,8.91,-1.33
28.436,11.78,-1.49,9.01,-1.33,9.04,-1.33
28.48,13.3,-2.31,9.37,-1.34,9.41,-1.35
28.527,6.05,-1.76,9.93,-1.36,9.89,-1.37
28.571,1.48,-0.8,10.45,-1.38,10.36,-1.37
28.617,6.52,-1.14,10.41,-1.38,10.37,-1.37
28.661,8.67,-2.04,10.32,-1.37,10.3,-1.38
28.706,7.34,-2.1,10.35,-1.38,10.32,-1.39
28.752,6.78,-1.58,10.41,-1.39,10.37,-1.4
28.797,6.96,-1.13,10.4,-1.4,10.36,-1.4
28.842,6.94,-0.3,10.38,-1.4,10.34,-1.38
28.886,6.66,-1.7,10.35,-1.38,10.31,-1.39
28.929,6.6,-5.15,10.3,-1.39,10.26,-1.43
28.974,6.06,-5.64,10.24,-1.42,10.19,-1.46
29.018,5.66,0.34,10.17,-1.43,10.13,-1.41
29.063,7.56,3.22,10.06,-1.37,10.04,-1.32
29.108,7.92,1.45,9.91,-1.32,9.89,-1.3
29.154,8.34,0.01,9.75,-1.32,9.73,-1.31
29.199,8.86,0.75,9.59,-1.33,9.58,-1.31
29.244,6.98,0.66,9.49,-1.17,9.47,-1.15
29.29,5.43,-1.69,9.38,-0.9,9.34,-0.9
29.335,6.54,-1.6,9.13,-0.56,9.11,-0.57
29.381,9.04,-1.85,8.87,-0.2,8.88,-0.22
29.426,9.01,-3.08,8.71,0.24,8.71,0.21
29.47,7.58,-6.65,8.65,0.62,8.64,0.54
29.515,11.75,-7.44,8.53,0.8,8.56,0.72
29.559,10.78,-3.78,8.49,0.83,8.51,0.79
29.603,9.93,-2.42,8.78,0.66,8.79,0.63
29.648,9.98,-1.74,9.12,0.51,9.13,0.49
29.692,8.16,-4.18,9.48,0.43,9.47,0.39
29.737,8.29,-5.83,9.71,0.33,9.7,0.27
29.78,9.22,-1.31,9.85,0.05,9.84,0.04
29.826,9.84,-1.29,9.81,-0.26,9.81,-0.27
29.871,10.03,-1.41,9.77,-0.53,9.77,-0.54
29.915,7.89,-2.51,10.0,-0.76,9.98,-0.77
29.96,8.78,-3.84,10.21,-1.14,10.2,-1.16
30.005,9.25,-2.74,10.31,-1.49,10.3,-1.5
30.05,9.39,-1.71,10.34,-1.77,10.33,-1.77
30.095,5.5,-0.33,10.41,-1.97,10.37,-1.96
30.138,4.96,-0.01,10.59,-1.93,10.53,-1.91
30.182,5.6,-0.29,10.82,-1.87,10.77,-1.86
30.228,6.76,-1.84,11.08,-1.84,11.04,-1.84
30.274,6.91,-1.78,11.25,-1.82,11.2,-1.82
30.319,4.16,-1.97,11.35,-1.76,11.28,-1.76
30.366,3.24,-1.05,11.41,-1.58,11.33,-1.58
30.41,7.13,-1.12,11.48,-1.44,11.44,-1.43
30.455,7.54,-1.57,11.83,-1.44,11.78,-1.44
30.501,5.15,-3.57,12.29,-1.46,12.22,-1.48
30.547,3.36,-2.8,12.73,-1.49,12.64,-1.5
30.592,3.2,-2.11,13.19,-1.53,13.09,-1.54
30.639,5.08,-1.95,13.69,-1.56,13.61,-1.56
30.684,4.58,-1.77,14.32,-1.57,14.22,-1.57
30.728,4.38,-1.98,15.11,-1.55,15.01,-1.55
30.772,4.28,-2.17,16.14,-1.56,16.02,-1.57
30.818,5.3,-2.13,17.09,-1.64,16.97,-1.65
30.865,4.22,-1.84,17.52,-1.77,17.38,-1.77
30.913,-3.03,-1.84,17.7,-1.81,17.49,-1.81
30.958,-6.69,-1.76,17.83,-1.65,17.59,-1.65
31.004,-7.68,-1.53,18.14,-1.45,17.88,-1.45
31.049,-5.37,-2.18,18.97,-1.32,18.72,-1.33
31.094,-1.22,-2.11,20.0,-1.32,19.78,-1.32
31.14,-1.17,-2.08,21.39,-1.4,21.16,-1.4
31.186,-2.97,-3.58,22.77,-1.46,22.52,-1.48
31.23,-4.45,-4.0,23.45,-1.58,23.18,-1.61
31.275,-11.63,-1.36,23.81,-1.79,23.46,-1.79
31.318,-17.5,-0.62,24.16,-2.02,23.75,-2.01
31.365,-10.06,0.29,24.84,-2.26,24.49,-2.23
31.409,-7.85,-0.18,26.24,-2.41,25.9,-2.39
31.456,-9.1,0.8,27.88,-2.62,27.51,-2.59
31.502,-12.7,-1.91,29.13,-2.69,28.71,-2.68
31.547,-18.86,-4.42,30.14,-2.58,29.65,-2.6
31.593,-20.42,-2.18,30.84,-2.62,30.33,-2.62
31.639,-20.75,-0.85,31.69,-2.8,31.16,-2.78
31.685,-19.05,-0.31,32.59,-3.01,32.08,-2.98
31.732,-20.59,-0.28,33.77,-3.12,33.23,-3.09
31.778,-31.64,-2.95,34.74,-3.15,34.08,-3.15
31.822,-34.0,-1.1,35.38,-3.21,34.68,-3.19
31.867,-29.31,-1.26,36.02,-3.22,35.37,-3.2
31.912,-29.25,-3.42,36.68,-3.03,36.02,-3.03
31.957,-29.26,0.61,37.11,-2.9,36.45,-2.86
32.003,-30.46,2.47,37.0,-2.86,36.33,-2.81
32.048,-32.52,2.79,36.87,-2.84,36.18,-2.78
32.094,-32.31,0.81,36.85,-2.8,36.15,-2.76
32.141,-30.79,-0.56,36.89,-2.73,36.21,-2.71
32.187,-29.71,-0.43,36.97,-2.63,36.3,-2.61
32.233,-30.91,-1.64,37.11,-2.48,36.43,-2.47
32.278,-37.32,-2.51,37.23,-2.36,36.49,-2.36
32.324,-33.06,-0.78,37.29,-2.38,36.59,-2.36
32.368,-30.47,-1.63,37.45,-2.37,36.77,-2.36
32.414,-34.76,-2.23,37.85,-2.32,37.12,-2.32
32.461,-39.31,-1.16,38.5,-2.28,37.72,-2.27
32.507,-43.49,3.31,39.24,-2.32,38.41,-2.27
32.554,-41.07,2.06,39.76,-2.34,38.95,-2.3
32.6,-39.97,-0.2,40.05,-2.41,39.25,-2.39
32.647,-39.14,-3.07,39.83,-2.7,39.05,-2.71
32.692,-46.29,-1.04,39.32,-3.09,38.46,-3.07
32.739,-46.77,0.98,38.9,-3.37,38.04,-3.33
32.786,-43.26,-0.31,38.81,-3.49,37.99,-3.46
32.831,-39.94,-0.97,38.72,-3.4,37.94,-3.38
32.878,-43.28,0.5,38.54,-3.27,37.72,-3.24
32.923,-51.73,2.91,37.94,-3.06,37.05,-3.0
32.969,-45.69,2.18,37.28,-2.87,36.45,-2.82
33.015,-45.31,0.15,36.84,-2.78,36.02,-2.75
33.059,-48.71,-0.83,36.5,-2.68,35.65,-2.66
33.105,-49.13,-1.49,36.07,-2.58,35.22,-2.57
33.15,-50.28,0.85,35.64,-2.51,34.78,-2.48
33.196,-49.61,-0.58,35.1,-2.52,34.25,-2.5
33.241,-44.36,-4.11,34.38,-2.61,33.59,-2.63
33.287,-43.16,-2.55,33.79,-2.74,33.02,-2.74
33.333,-45.93,0.51,33.19,-2.79,32.4,-2.76
33.38,-45.88,1.42,32.39,-2.76,31.6,-2.71
33.426,-47.12,1.72,31.51,-2.66,30.72,-2.62
33.472,-47.93,1.13,30.58,-2.53,29.8,-2.5
33.517,-47.2,0.42,29.72,-2.45,28.95,-2.42
33.563,-49.64,-0.4,28.97,-2.41,28.18,-2.39
33.608,-52.01,0.2,28.14,-2.38,27.34,-2.36
33.656,-54.26,1.18,27.14,-2.36,26.33,-2.32
33.701,-47.73,0.65,25.83,-2.43,25.09,-2.4
33.747,-43.64,-2.35,24.48,-2.51,23.79,-2.51
33.791,-45.9,-1.73,22.92,-2.47,22.23,-2.46
33.837,-45.85,0.68,21.11,-2.39,20.44,-2.36
33.883,-44.58,1.16,19.05,-2.32,18.41,-2.28
33.929,-43.97,2.39,16.98,-2.23,16.37,-2.18
33.992,-41.53,1.52,15.4,-1.94,14.83,-1.9
34.037,-39.95,-0.17,14.04,-1.57,13.5,-1.56
34.087,-39.08,1.26,12.3,-1.39,11.79,-1.37
34.131,-38.92,-1.12,10.56,-1.3,10.06,-1.3
34.181,-38.82,-0.46,8.83,-1.35,8.35,-1.34
34.226,-36.64,-1.5,7.11,-1.45,6.67,-1.45
34.271,-34.52,-2.07,5.59,-1.56,5.18,-1.56
34.319,-30.74,-1.65,4.02,-1.61,3.67,-1.61
34.365,-29.95,-1.31,2.38,-1.58,2.06,-1.58
34.411,-31.39,-1.93,0.81,-1.54,0.49,-1.54
34.456,-30.22,-2.66,-0.31,-1.48,-0.61,-1.49
34.502,-26.33,-0.62,-1.35,-1.37,-1.6,-1.36
34.547,-23.85,-0.33,-2.5,-1.15,-2.72,-1.14
34.591,-22.26,0.05,-3.77,-0.98,-3.95,-0.97
34.637,-24.66,-0.38,-5.14,-0.94,-5.34,-0.93
34.682,-26.69,-0.82,-6.49,-0.94,-6.69,-0.94
34.728,-25.84,-0.71,-7.74,-0.96,-7.92,-0.95
34.774,-22.57,0.18,-8.89,-0.95,-9.02,-0.94
34.819,-20.2,0.75,-10.05,-0.96,-10.16,-0.95
34.866,-19.8,0.18,-11.24,-0.99,-11.33,-0.98
34.912,-20.52,-1.83,-12.91,-1.0,-12.98,-1.0
34.958,-21.35,-3.26,-14.55,-1.07,-14.62,-1.09
35.003,-20.37,-3.52,-16.06,-1.24,-16.11,-1.26
35.049,-10.94,-0.9,-16.96,-1.28,-16.9,-1.28
35.093,-7.18,-0.12,-17.85,-1.14,-17.74,-1.13
35.14,-6.12,-1.06,-18.92,-0.99,-18.79,-0.99
35.187,-7.72,-2.55,-20.96,-0.79,-20.82,-0.81
35.233,-12.15,-5.27,-23.13,-0.63,-23.02,-0.68
35.278,-11.78,-4.42,-25.45,-0.52,-25.32,-0.56
35.324,-7.66,0.23,-27.33,-0.45,-27.13,-0.45
35.369,-5.48,0.97,-28.47,-0.57,-28.24,-0.56
35.415,4.24,-0.96,-29.2,-0.77,-28.87,-0.77
35.459,5.63,-1.06,-29.93,-0.81,-29.58,-0.81
35.505,4.09,-1.42,-31.11,-0.65,-30.76,-0.66
35.55,0.76,-4.48,-32.63,-0.45,-32.29,-0.49
35.595,2.18,-6.06,-34.6,-0.42,-34.23,-0.47
35.641,8.69,-4.51,-36.65,-0.46,-36.2,-0.5
35.687,10.01,-3.03,-38.09,-0.56,-37.61,-0.59
35.732,12.36,-1.31,-39.11,-0.69,-38.59,-0.7
35.777,14.13,-1.56,-39.41,-0.81,-38.87,-0.82
35.822,16.61,-2.11,-39.62,-0.88,-39.06,-0.9
35.866,13.95,-2.1,-40.18,-0.89,-39.64,-0.91
35.911,14.54,-4.1,-41.12,-0.89,-40.56,-0.93
35.957,17.12,-3.33,-42.14,-0.93,-41.55,-0.95
36.003,19.04,0.1,-43.02,-0.97,-42.4,-0.96
36.048,19.29,-0.16,-43.83,-0.97,-43.2,-0.96
36.094,19.63,-1.46,-44.4,-0.96,-43.76,-0.96
36.138,20.37,-2.05,-44.99,-0.93,-44.33,-0.94
36.184,21.51,-2.62,-45.4,-0.91,-44.73,-0.92
36.229,22.7,-2.59,-45.9,-0.9,-45.21,-0.92
36.275,23.05,-1.59,-46.31,-0.91,-45.61,-0.91
36.32,21.43,-0.76,-46.64,-0.91,-45.96,-0.91
36.365,19.15,-0.02,-46.93,-0.88,-46.27,-0.88
36.409,20.73,-0.43,-46.85,-0.77,-46.18,-0.77
36.456,32.96,-5.36,-46.59,-0.55,-45.8,-0.59
36.502,37.48,-6.6,-46.09,-0.18,-45.25,-0.25
36.549,28.29,-6.06,-46.14,-0.11,-45.4,-0.17
36.604,25.98,-4.17,-47.19,-0.3,-46.45,-0.34
36.65,25.57,-2.64,-48.14,-0.49,-47.41,-0.51
36.697,23.3,-0.51,-48.66,-0.74,-47.94,-0.74
36.74,25.55,0.8,-49.01,-0.94,-48.27,-0.92
36.785,30.69,-3.97,-48.53,-0.86,-47.74,-0.89
36.831,35.94,-5.92,-47.75,-0.84,-46.92,-0.9
36.875,37.69,-3.01,-46.98,-0.98,-46.13,-1.0
36.922,36.06,-3.0,-46.28,-1.01,-45.46,-1.03
36.966,34.63,-2.68,-45.54,-0.88,-44.74,-0.9
37.014,39.21,-3.19,-44.78,-0.36,-43.94,-0.39
37.06,35.69,-9.76,-44.32,-0.19,-43.52,-0.28
37.106,34.57,-8.41,-44.37,-0.59,-43.58,-0.67
37.151,42.25,-2.71,-44.49,-0.91,-43.62,-0.92
37.194,39.15,-3.04,-44.64,-1.09,-43.8,-1.11
37.242,34.93,-2.35,-44.59,-1.01,-43.79,-1.02
37.286,34.83,-2.47,-44.2,-0.88,-43.41,-0.9
37.332,35.73,-1.78,-43.38,-0.84,-42.59,-0.85
37.379,37.52,-1.84,-42.5,-0.79,-41.7,-0.8
37.424,41.72,-2.98,-41.75,-0.48,-40.92,-0.5
37.47,42.3,-4.18,-41.03,0.13,-40.2,0.09
37.514,45.07,-4.65,-40.66,0.84,-39.81,0.79
37.562,42.86,-4.89,-40.67,1.06,-39.83,1.0
37.606,33.91,-5.63,-41.04,0.93,-40.29,0.87
37.651,38.24,-8.53,-41.32,0.67,-40.53,0.58
37.697,40.41,-5.14,-41.75,0.33,-40.93,0.28
37.742,38.77,-4.2,-41.82,-0.05,-41.02,-0.09
37.789,46.83,-6.76,-41.6,-0.29,-40.71,-0.36
37.833,48.62,-4.33,-41.21,-0.52,-40.32,-0.56
37.878,47.04,-6.98,-40.9,-0.81,-40.02,-0.87
37.924,46.56,-5.86,-40.42,-0.93,-39.55,-0.98
37.969,47.2,-5.46,-39.83,-1.0,-38.96,-1.05
38.018,47.89,-6.27,-39.19,-1.03,-38.32,-1.09
38.062,46.95,-5.52,-38.68,-1.06,-37.82,-1.11
38.109,46.01,-5.16,-38.32,-1.04,-37.47,-1.09
38.154,46.32,-5.15,-37.94,-0.96,-37.09,-1.0
38.201,46.01,-4.77,-37.31,-0.49,-36.48,-0.54
38.246,46.66,-4.71,-36.57,0.19,-35.74,0.14
38.291,52.1,-7.23,-35.87,0.99,-34.99,0.9
38.336,52.81,-9.12,-35.79,1.06,-34.91,0.96
38.382,47.79,-6.83,-35.93,0.79,-35.09,0.72
38.428,46.27,-5.83,-36.17,0.47,-35.35,0.4
38.473,46.51,-6.94,-36.19,0.15,-35.36,0.08
38.519,50.06,-7.43,-35.81,-0.09,-34.95,-0.16
38.566,55.73,-5.93,-35.35,-0.39,-34.44,-0.44
38.613,53.77,-7.32,-34.78,-0.68,-33.9,-0.75
38.658,51.33,-8.2,-34.09,-0.88,-33.24,-0.95
38.705,52.44,-8.03,-33.19,-0.93,-32.34,-1.0
38.75,56.32,-6.21,-32.24,-0.93,-31.35,-0.99
38.797,55.75,-6.37,-31.13,-0.73,-30.26,-0.79
38.843,52.52,-6.21,-30.04,-0.35,-29.21,-0.41
38.888,54.29,-7.86,-29.39,0.17,-28.55,0.09
38.933,51.46,-8.01,-28.91,0.48,-28.11,0.39
38.978,52.49,-9.2,-28.71,0.54,-27.9,0.45
39.027,54.35,-8.99,-28.54,0.4,-27.71,0.31
39.078,54.31,-7.77,-28.2,0.01,-27.38,-0.06
39.125,54.62,-6.11,-27.79,-0.38,-26.97,-0.44
39.17,56.1,-6.65,-27.24,-0.62,-26.41,-0.68
39.214,56.12,-8.15,-26.69,-0.76,-25.86,-0.83
39.259,56.13,-8.24,-26.1,-0.78,-25.28,-0.86
39.303,55.7,-7.23,-25.35,-0.79,-24.54,-0.86
39.349,57.52,-7.42,-24.3,-0.79,-23.48,-0.86
39.392,58.63,-7.59,-23.26,-0.83,-22.44,-0.9
39.439,58.0,-7.71,-22.6,-0.92,-21.8,-0.99
39.484,57.74,-7.95,-22.11,-0.95,-21.31,-1.02
39.53,55.99,-9.84,-21.69,-0.9,-20.91,-0.99
39.576,55.73,-9.22,-21.35,-0.97,-20.58,-1.06
39.621,57.42,-8.86,-20.98,-1.14,-20.19,-1.22
39.667,57.11,-8.3,-20.52,-1.32,-19.74,-1.39
39.713,56.18,-7.64,-19.98,-1.46,-19.22,-1.52
39.762,56.45,-8.59,-19.27,-1.5,-18.52,-1.57
39.811,58.19,-8.9,-18.52,-1.51,-17.75,-1.58
39.858,58.06,-8.27,-17.75,-1.5,-17.0,-1.57
39.905,57.87,-8.75,-16.98,-1.51,-16.24,-1.58
39.951,57.77,-9.32,-16.27,-1.52,-15.53,-1.59
39.997,57.21,-8.97,-15.61,-1.53,-14.88,-1.6
40.043,58.52,-8.8,-14.97,-1.52,-14.24,-1.59
40.089,59.32,-9.15,-14.31,-1.52,-13.58,-1.59
40.135,58.88,-9.43,-13.6,-1.63,-12.87,-1.71
40.181,58.88,-9.36,-12.91,-1.78,-12.19,-1.86
40.227,59.54,-9.11,-12.29,-1.93,-11.57,-2.01
40.273,60.1,-8.56,-11.66,-2.07,-10.95,-2.14
40.319,59.56,-7.73,-10.92,-2.22,-10.21,-2.28
40.365,59.13,-7.16,-10.12,-2.36,-9.43,-2.41
40.41,59.54,-7.09,-9.36,-2.45,-8.68,-2.49
40.458,59.32,-7.09,-8.63,-2.51,-7.95,-2.56
40.504,59.22,-7.64,-7.81,-2.53,-7.14,-2.58
40.551,58.62,-7.2,-6.9,-2.51,-6.25,-2.56
40.597,58.46,-6.62,-5.84,-2.39,-5.19,-2.44
40.643,57.77,-8.01,-4.75,-2.26,-4.13,-2.32
40.69,53.71,-7.44,-3.66,-2.16,-3.08,-2.21
40.735,53.44,-9.63,-2.53,-2.12,-1.97,-2.2
40.781,54.0,-10.22,-1.08,-2.18,-0.53,-2.26
40.826,54.03,-9.62,0.55,-2.27,1.08,-2.35
40.872,53.41,-9.64,2.17,-2.44,2.68,-2.51
40.916,50.57,-8.75,3.72,-2.61,4.19,-2.67
40.962,50.03,-8.52,5.25,-2.83,5.7,-2.89
41.011,51.52,-8.87,6.57,-3.11,7.02,-3.16
41.058,54.64,-8.6,7.41,-3.62,7.88,-3.67
41.106,52.83,-7.65,8.01,-4.05,8.46,-4.09
41.153,48.57,-7.09,8.45,-4.34,8.85,-4.36
41.2,46.1,-6.36,9.0,-4.3,9.37,-4.32
41.247,45.12,-5.7,9.83,-4.16,10.18,-4.17
41.292,46.18,-6.45,11.24,-3.97,11.59,-3.99
41.338,47.39,-8.32,12.86,-3.82,13.2,-3.86
41.382,44.19,-7.48,14.64,-3.9,14.94,-3.93
41.427,42.8,-8.04,16.39,-4.14,16.66,-4.18
41.472,43.94,-8.31,17.91,-4.54,18.17,-4.58
41.518,42.99,-6.15,19.25,-5.03,19.48,-5.04
41.564,40.16,-5.49,20.2,-5.34,20.4,-5.34
41.608,38.42,-6.12,21.21,-5.49,21.38,-5.5
41.654,38.58,-6.25,22.39,-5.55,22.56,-5.55
41.698,39.97,-6.62,23.92,-5.6,24.08,-5.61
41.745,39.57,-7.15,25.57,-5.68,25.71,-5.69
41.791,38.26,-7.07,26.9,-5.78,27.01,-5.79
41.836,34.83,-6.62,27.92,-5.86,27.99,-5.87
41.881,32.58,-6.4,28.61,-5.92,28.65,-5.92
41.927,22.84,-5.12,29.35,-5.96,29.28,-5.95
41.973,26.13,-5.99,30.64,-6.08,30.59,-6.08
42.018,32.02,-6.52,32.18,-6.25,32.18,-6.25
42.068,32.47,-6.08,34.04,-6.46,34.03,-6.45
42.117,32.03,-5.19,35.69,-6.67,35.65,-6.65
42.163,30.69,-5.75,36.66,-6.84,36.6,-6.82
42.211,20.61,-3.53,37.3,-7.02,37.13,-6.98
42.257,17.4,-1.36,37.8,-7.2,37.6,-7.14
42.302,20.38,-3.45,38.67,-7.23,38.48,-7.19
42.347,22.82,-4.68,40.62,-7.19,40.44,-7.16
42.392,25.26,-5.42,42.67,-7.2,42.5,-7.19
42.437,18.02,-4.64,43.97,-7.23,43.71,-7.2
42.485,7.09,-2.84,45.0,-7.28,44.62,-7.23
42.531,13.04,-5.85,45.88,-7.39,45.55,-7.38
42.577,16.01,-4.66,46.87,-7.51,46.57,-7.48
42.621,15.03,-3.65,47.68,-7.57,47.35,-7.53
42.666,11.56,-3.09,48.27,-7.64,47.9,-7.59
42.714,8.48,-3.02,48.95,-7.68,48.54,-7.64
42.762,9.02,-2.68,49.97,-7.61,49.56,-7.56
42.807,10.31,-3.35,50.86,-7.51,50.46,-7.47
42.853,9.24,-3.85,51.42,-7.47,51.0,-7.44
42.899,1.39,-3.15,51.7,-7.5,51.2,-7.45
42.943,-1.93,-2.67,52.04,-7.69,51.5,-7.64
42.989,8.28,-3.58,52.75,-7.92,52.31,-7.88
43.035,10.29,-3.87,53.77,-8.01,53.34,-7.97
43.082,10.4,-5.05,54.62,-8.05,54.17,-8.02
43.127,3.72,-3.05,55.06,-8.11,54.54,-8.06
43.172,1.24,-1.49,55.22,-8.35,54.68,-8.28
43.216,-1.96,-0.83,55.42,-8.52,54.85,-8.44
43.261,-2.8,-1.45,55.9,-8.45,55.31,-8.38
43.307,-6.97,-2.17,56.56,-8.31,55.92,-8.25
43.352,-1.92,-2.46,57.44,-8.46,56.85,-8.4
43.397,-5.25,-1.24,58.32,-8.68,57.68,-8.61
43.443,-8.44,-0.09,59.02,-8.79,58.34,-8.71
43.492,-10.51,0.25,59.59,-8.82,58.89,-8.73
43.54,-11.49,0.01,60.0,-8.79,59.28,-8.7
43.585,-12.62,-1.81,60.48,-8.77,59.75,-8.7
43.632,-12.88,-2.7,61.03,-8.88,60.29,-8.82
43.677,-12.62,-0.71,61.74,-9.08,61.0,-9.0
43.723,-14.65,-3.1,62.28,-9.08,61.51,-9.02
43.769,-14.49,-1.47,62.78,-9.2,62.01,-9.12
43.815,-16.44,-0.1,63.01,-9.38,62.21,-9.29
43.861,-18.21,0.18,63.2,-9.44,62.39,-9.34
43.909,-18.87,0.12,63.37,-9.39,62.55,-9.3
43.954,-18.22,0.64,63.61,-9.35,62.8,-9.25
44.0,-16.6,0.61,63.82,-9.29,63.02,-9.19
44.045,-17.43,-1.9,64.07,-9.2,63.25,-9.13
44.091,-20.59,0.37,63.88,-9.2,63.04,-9.11
44.136,-27.64,0.46,63.48,-9.08,62.57,-8.98
44.182,-28.92,0.56,63.08,-8.91,62.16,-8.81
44.228,-27.88,1.14,62.82,-8.89,61.91,-8.79
44.275,-25.56,1.55,62.82,-9.12,61.93,-9.01
44.32,-24.05,1.74,62.63,-9.27,61.76,-9.16
44.366,-26.89,0.66,62.29,-9.34,61.4,-9.24
44.413,-29.04,1.5,61.74,-9.33,60.83,-9.22
44.46,-28.88,2.73,61.19,-9.3,60.29,-9.18
44.507,-29.98,0.5,61.06,-9.16,60.15,-9.06
44.553,-27.33,-1.22,61.13,-9.05,60.25,-8.97
44.6,-26.49,-0.82,61.14,-8.98,60.26,-8.9
44.646,-29.69,-1.4,61.14,-8.92,60.23,-8.84
44.69,-30.64,-1.75,61.16,-8.87,60.25,-8.8
44.736,-31.08,-0.65,61.08,-8.81,60.16,-8.72
44.781,-32.83,1.22,60.94,-8.72,60.0,-8.62
44.829,-33.01,0.67,60.66,-8.6,59.72,-8.51
44.874,-32.53,0.08,60.25,-8.5,59.32,-8.41
44.919,-32.14,-0.17,59.88,-8.4,58.96,-8.32
44.965,-33.59,-0.79,59.61,-8.3,58.67,-8.23
45.009,-34.71,-0.85,59.34,-8.22,58.4,-8.15
45.057,-37.71,-0.8,59.07,-8.16,58.1,-8.08
45.103,-37.72,-0.42,58.67,-8.08,57.71,-8.01
45.15,-36.93,-0.02,58.23,-8.0,57.28,-7.92
45.196,-35.26,0.22,57.72,-7.9,56.79,-7.82
45.242,-35.95,0.06,57.29,-7.78,56.36,-7.7
45.286,-36.79,0.02,56.88,-7.66,55.95,-7.58
45.334,-37.02,-0.48,56.5,-7.55,55.56,-7.48
45.38,-37.84,-0.88,56.34,-7.44,55.4,-7.38
45.428,-39.71,-0.92,56.1,-7.35,55.15,-7.29
45.474,-39.73,-1.15,55.76,-7.27,54.8,-7.21
45.521,-40.42,-1.14,55.44,-7.19,54.48,-7.13
45.57,-41.76,-0.64,55.06,-7.12,54.09,-7.06
45.618,-44.07,0.16,54.66,-7.05,53.67,-6.98
45.666,-43.95,-0.17,54.01,-6.98,53.03,-6.91
45.711,-41.9,-0.05,53.24,-6.91,52.29,-6.84
45.764,-42.44,0.6,52.43,-6.86,51.48,-6.78
45.81,-42.64,1.05,51.59,-6.8,50.65,-6.72
45.858,-39.69,-0.21,50.74,-6.72,49.83,-6.66
45.907,-40.27,-0.38,50.0,-6.67,49.09,-6.6
45.953,-43.11,0.39,49.35,-6.62,48.42,-6.55
46.002,-43.03,0.59,48.67,-6.56,47.75,-6.49
46.046,-42.28,0.21,47.95,-6.48,47.05,-6.41
46.091,-43.28,-0.04,47.09,-6.39,46.18,-6.33
46.137,-47.13,-0.27,46.13,-6.3,45.19,-6.24
46.184,-46.35,0.06,45.01,-6.22,44.1,-6.16
46.229,-45.48,-0.18,43.83,-6.13,42.94,-6.07
46.274,-43.99,-3.26,42.64,-6.04,41.78,-6.01
46.329,-43.6,-1.75,41.59,-6.0,40.74,-5.96
46.376,-41.86,2.87,40.63,-5.97,39.8,-5.88
46.422,-39.7,2.29,39.51,-5.94,38.72,-5.86
46.466,-38.32,0.45,38.24,-5.94,37.47,-5.88
46.511,-39.07,0.29,36.92,-5.94,36.16,-5.88
46.558,-40.07,0.53,35.68,-5.9,34.92,-5.84
46.603,-40.53,0.57,34.48,-5.84,33.73,-5.78
46.649,-40.65,0.74,33.24,-5.78,32.5,-5.71
46.695,-40.35,0.95,31.88,-5.71,31.16,-5.64
46.74,-41.37,2.19,30.45,-5.62,29.73,-5.54
46.785,-41.22,2.7,28.81,-5.55,28.11,-5.46
46.831,-42.03,1.17,27.19,-5.47,26.49,-5.4
46.876,-42.28,0.79,25.73,-5.35,25.05,-5.29
46.922,-39.08,1.06,24.38,-5.22,23.75,-5.16
46.97,-37.09,0.67,23.2,-5.11,22.6,-5.05
47.017,-36.17,-0.06,21.91,-5.03,21.33,-4.98
47.065,-36.27,0.13,20.43,-5.0,19.86,-4.94
47.111,-37.18,0.4,18.91,-4.95,18.35,-4.9
47.157,-34.29,-3.44,17.72,-4.82,17.2,-4.81
47.207,-30.3,-1.6,16.77,-4.68,16.3,-4.65
47.252,-30.69,-0.87,16.17,-4.29,15.7,-4.25
47.3,-27.72,0.03,15.59,-3.93,15.15,-3.89
47.346,-28.05,-1.27,14.65,-3.8,14.23,-3.77
47.392,-32.17,-1.0,13.47,-3.75,13.01,-3.72
47.437,-29.79,0.01,12.2,-3.81,11.78,-3.77
47.484,-13.52,-0.28,11.18,-3.76,10.93,-3.73
47.531,-20.88,-2.6,10.09,-3.47,9.78,-3.46
47.576,-24.71,-3.37,8.89,-3.14,8.55,-3.14
47.622,-28.08,-2.01,7.7,-2.86,7.34,-2.86
47.667,-24.73,1.74,6.57,-2.81,6.25,-2.77
47.713,-23.68,-1.32,5.52,-2.8,5.23,-2.78
47.759,-24.4,-1.27,4.52,-2.86,4.23,-2.84
47.805,-22.91,0.27,3.61,-2.9,3.35,-2.87
47.854,-22.05,0.76,2.62,-2.84,2.37,-2.8
47.9,-22.71,0.21,1.49,-2.76,1.25,-2.73
47.947,-21.76,-1.21,0.2,-2.81,-0.02,-2.79
47.992,-21.93,-2.57,-1.22,-2.9,-1.43,-2.89
48.037,-23.5,-2.77,-2.9,-2.94,-3.11,-2.94
48.083,-25.18,-3.58,-4.33,-2.94,-4.54,-2.95
48.128,-14.58,-1.72,-5.04,-2.94,-5.14,-2.93
48.179,-5.07,-0.31,-5.59,-2.99,-5.58,-2.96
48.223,-10.23,-3.16,-6.32,-3.04,-6.36,-3.04
48.267,-15.49,-2.37,-7.27,-2.95,-7.36,-2.94
48.313,-12.63,0.79,-8.15,-2.9,-8.2,-2.86
48.358,-13.37,-0.12,-9.0,-2.89,-9.05,-2.86
48.405,-9.84,-1.58,-10.27,-2.84,-10.27,-2.83
48.45,-10.17,-0.88,-11.84,-2.76,-11.83,-2.74
48.498,-11.31,-0.68,-13.81,-2.64,-13.78,-2.62
48.546,-7.27,-3.72,-15.78,-2.5,-15.7,-2.51
48.591,-3.62,-3.75,-17.77,-2.46,-17.63,-2.47
48.638,-1.05,-2.9,-19.81,-2.47,-19.62,-2.48
48.684,0.38,-1.24,-21.83,-2.47,-21.61,-2.46
48.732,3.42,-0.81,-23.66,-2.46,-23.38,-2.44
48.778,4.52,-1.29,-25.1,-2.47,-24.8,-2.46
48.823,8.13,-2.67,-26.47,-2.48,-26.12,-2.48
48.87,9.07,-2.97,-27.88,-2.47,-27.51,-2.48
48.915,6.89,-0.87,-29.17,-2.46,-28.81,-2.44
48.962,7.45,-0.18,-30.57,-2.42,-30.19,-2.4
49.008,10.08,-0.32,-31.84,-2.37,-31.42,-2.35
49.054,9.02,-0.56,-33.21,-2.31,-32.79,-2.29
49.099,8.29,-0.86,-34.36,-2.25,-33.93,-2.24
49.144,5.92,-3.1,-34.94,-2.06,-34.53,-2.07
49.189,16.4,-8.67,-35.06,-1.76,-34.54,-1.83
49.233,26.4,-7.6,-34.79,-1.68,-34.18,-1.73
49.282,28.07,-2.89,-34.68,-1.9,-34.05,-1.91
49.328,17.49,-1.44,-34.77,-2.12,-34.25,-2.11
49.376,17.31,-3.11,-35.07,-1.99,-34.54,-2.0
49.422,19.49,-3.91,-35.27,-1.83,-34.72,-1.85
49.473,20.14,-3.81,-35.37,-1.73,-34.81,-1.75
49.519,21.58,-3.88,-35.58,-1.63,-35.0,-1.65
49.567,22.42,-4.09,-35.9,-1.53,-35.32,-1.55
49.615,23.95,-4.17,-36.3,-1.44,-35.7,-1.47
49.662,24.71,-4.09,-36.89,-1.34,-36.28,-1.37
49.71,27.76,-4.34,-37.49,-1.24,-36.84,-1.27
49.757,28.81,-4.85,-37.93,-1.15,-37.26,-1.19
49.803,30.72,-4.52,-38.47,-1.06,-37.77,-1.09
49.85,31.32,-5.48,-39.05,-1.0,-38.35,-1.04
49.899,32.61,-7.47,-39.59,-0.98,-38.87,-1.05
49.959,32.18,-5.26,-40.04,-1.07,-39.31,-1.11
50.019,35.54,-5.66,-40.44,-0.97,-39.68,-1.02
50.068,35.2,-5.87,-40.86,-0.55,-40.1,-0.61
50.114,35.98,-5.73,-41.23,-0.18,-40.46,-0.23
50.164,37.54,-6.27,-41.69,-0.24,-40.89,-0.3
50.212,36.73,-5.66,-42.14,-0.64,-41.35,-0.69
50.26,34.06,-2.79,-42.6,-1.08,-41.83,-1.09
50.307,35.65,-3.65,-43.12,-1.23,-42.33,-1.25
50.353,37.7,-4.95,-43.63,-0.92,-42.82,-0.96
50.401,40.66,-6.27,-44.14,-0.47,-43.29,-0.53
50.448,42.55,-6.47,-44.49,0.22,-43.62,0.15
50.495,41.22,-5.97,-44.39,0.24,-43.53,0.18
50.542,50.05,-7.38,-44.49,0.12,-43.55,0.04
50.59,49.0,-6.04,-45.13,0.21,-44.19,0.14
50.637,51.12,-8.75,-45.73,0.37,-44.77,0.28
50.682,52.95,-9.52,-45.93,0.42,-44.94,0.33
50.729,49.66,-6.97,-45.74,0.4,-44.78,0.33
50.788,54.71,-9.48,-45.15,0.55,-44.15,0.45
50.835,50.81,-7.51,-44.43,0.73,-43.48,0.65
50.88,47.76,-8.58,-43.75,0.95,-42.84,0.86
50.928,52.68,-9.34,-43.54,1.11,-42.58,1.0
50.976,57.31,-10.38,-43.96,0.92,-42.95,0.8
51.025,54.28,-9.12,-44.36,0.7,-43.38,0.6
51.073,56.74,-7.97,-44.65,0.53,-43.64,0.44
51.118,57.37,-7.67,-44.64,0.4,-43.62,0.32
51.165,58.42,-6.52,-44.42,0.28,-43.39,0.22
51.212,57.66,-7.05,-43.9,0.19,-42.89,0.12
51.257,57.67,-7.75,-43.32,0.1,-42.31,0.02
51.303,58.09,-8.1,-42.63,0.02,-41.62,-0.06
51.348,58.35,-8.32,-41.88,-0.06,-40.88,-0.14
51.393,58.54,-7.9,-41.03,-0.14,-40.04,-0.22
51.437,59.4,-7.71,-40.15,-0.23,-39.15,-0.3
51.484,59.43,-7.48,-39.11,-0.3,-38.12,-0.37
51.528,59.06,-7.28,-37.99,-0.36,-37.02,-0.43
51.574,58.24,-8.43,-36.8,-0.41,-35.85,-0.49
51.619,57.77,-8.82,-35.55,-0.43,-34.61,-0.52
51.681,56.82,-8.86,-34.3,-0.43,-33.39,-0.51
51.726,56.39,-8.93,-33.14,-0.43,-32.24,-0.51
51.77,56.88,-8.68,-32.17,-0.52,-31.27,-0.6
51.818,57.53,-9.26,-31.27,-0.68,-30.39,-0.76
51.862,55.9,-8.4,-30.47,-0.9,-29.61,-0.98
51.91,55.07,-7.76,-29.69,-1.13,-28.84,-1.2
51.955,56.04,-8.52,-28.83,-1.2,-27.98,-1.27
52.003,56.87,-8.23,-27.93,-1.22,-27.09,-1.29
52.051,57.42,-8.41,-27.03,-1.21,-26.18,-1.28
52.098,56.73,-9.21,-26.16,-1.19,-25.33,-1.27
52.145,57.02,-9.17,-25.38,-1.31,-24.56,-1.39
52.19,58.21,-8.83,-24.63,-1.54,-23.8,-1.61
52.237,56.88,-8.22,-23.97,-1.75,-23.16,-1.82
52.283,57.56,-7.72,-23.39,-1.89,-22.58,-1.95
52.328,58.67,-8.3,-22.79,-1.89,-21.98,-1.96
52.372,59.81,-8.61,-22.13,-1.85,-21.31,-1.92
52.418,59.2,-8.21,-21.34,-1.8,-20.54,-1.87
52.464,59.22,-8.25,-20.52,-1.73,-19.72,-1.79
52.51,59.31,-7.91,-19.58,-1.78,-18.79,-1.84
52.557,59.02,-8.02,-18.62,-1.94,-17.84,-2.0
52.602,56.23,-7.35,-17.67,-2.13,-16.93,-2.18
52.649,55.64,-7.98,-16.67,-2.31,-15.95,-2.37
52.695,58.84,-7.67,-15.58,-2.58,-14.83,-2.63
52.74,58.94,-7.14,-14.49,-2.86,-13.75,-2.9
52.786,57.5,-5.88,-13.51,-3.06,-12.8,-3.09
52.831,56.78,-5.93,-12.63,-3.08,-11.93,-3.11
52.879,55.22,-5.93,-11.74,-3.03,-11.07,-3.06
52.927,55.24,-6.03,-10.81,-2.99,-10.15,-3.03
52.973,50.78,-6.48,-9.8,-3.01,-9.19,-3.05
53.018,51.38,-6.27,-8.56,-3.2,-7.96,-3.23
53.062,56.83,-6.66,-7.28,-3.45,-6.63,-3.49
53.11,56.59,-6.64,-5.91,-3.72,-5.29,-3.75
53.154,56.03,-6.2,-4.65,-3.94,-4.05,-3.96
53.2,55.23,-6.21,-3.6,-4.04,-3.02,-4.06
53.248,53.64,-5.88,-2.62,-4.08,-2.06,-4.1
53.291,52.66,-5.5,-1.68,-4.04,-1.13,-4.06
53.339,45.67,-5.25,-0.74,-4.01,-0.28,-4.02
53.385,47.08,-5.62,0.36,-4.21,0.83,-4.23
53.431,47.14,-4.71,1.55,-4.47,2.0,-4.48
53.476,50.69,-5.25,3.0,-4.55,3.48,-4.55
53.522,52.94,-6.39,4.4,-4.55,4.88,-4.57
53.569,51.61,-5.76,5.61,-4.62,6.07,-4.63
53.615,48.48,-5.24,6.56,-4.66,6.98,-4.67
53.662,47.11,-5.13,7.39,-4.69,7.79,-4.7
53.708,38.41,-2.72,8.27,-4.73,8.57,-4.71
53.756,36.85,-2.66,9.38,-4.88,9.65,-4.86
53.802,42.78,-5.18,10.69,-5.01,11.01,-5.01
53.848,45.36,-4.68,12.51,-4.96,12.84,-4.96
53.895,47.3,-5.42,14.16,-4.94,14.49,-4.94
53.943,46.26,-4.85,15.38,-5.09,15.68,-5.09
53.99,43.84,-4.73,16.27,-5.2,16.55,-5.19
54.037,41.78,-4.39,16.98,-5.25,17.23,-5.24
54.083,34.78,-1.8,17.65,-5.29,17.82,-5.25
54.128,32.72,-0.72,18.44,-5.25,18.58,-5.21
54.173,33.15,-1.29,19.44,-5.22,19.58,-5.18
54.222,37.73,-2.67,21.0,-5.31,21.17,-5.28
54.265,37.57,-2.98,22.64,-5.44,22.79,-5.41
54.314,35.9,-3.13,24.29,-5.56,24.41,-5.54
54.36,35.13,-3.09,25.78,-5.63,25.87,-5.6
54.404,33.73,-3.26,26.94,-5.66,27.01,-5.64
54.449,30.03,-2.36,27.77,-5.64,27.79,-5.61
54.494,26.79,-4.33,28.45,-5.59,28.43,-5.58
54.538,30.22,-4.92,29.24,-5.58,29.25,-5.57
54.584,24.06,-2.24,30.12,-5.57,30.06,-5.53
54.629,26.55,-3.29,31.27,-5.65,31.22,-5.62
54.674,27.54,-2.79,32.46,-5.67,32.41,-5.64
54.72,25.6,-2.35,33.65,-5.65,33.57,-5.61
54.766,25.33,-2.48,34.48,-5.63,34.39,-5.6
54.813,22.98,-2.6,35.26,-5.61,35.13,-5.58
54.857,21.55,-2.36,36.0,-5.57,35.85,-5.54
54.903,21.22,-2.13,36.69,-5.53,36.54,-5.5
54.948,21.46,-2.16,37.61,-5.49,37.45,-5.46
54.994,20.67,-2.23,38.66,-5.48,38.48,-5.45
55.04,20.03,-2.16,39.82,-5.45,39.62,-5.42
55.084,16.82,-1.97,40.94,-5.41,40.7,-5.37
55.13,13.59,-1.71,41.94,-5.35,41.66,-5.31
55.175,10.44,-0.53,42.85,-5.3,42.53,-5.25
55.229,11.68,-1.52,44.24,-5.3,43.91,-5.26
55.282,16.58,-3.12,45.84,-5.39,45.55,-5.37
55.329,16.11,-2.11,47.97,-5.75,47.65,-5.71
55.38,14.58,-1.58,50.12,-6.06,49.76,-6.02
55.427,9.68,-0.92,51.29,-5.97,50.87,-5.92
55.475,-1.89,-0.24,52.09,-5.71,51.55,-5.65
55.52,-6.87,-0.01,52.5,-5.33,51.91,-5.28
55.568,-4.35,1.42,53.26,-5.35,52.68,-5.28
55.615,-0.09,-2.2,54.12,-5.44,53.58,-5.41
55.663,-1.15,-2.88,55.35,-5.48,54.78,-5.45
55.711,-3.27,-3.08,56.31,-5.48,55.71,-5.45
55.758,-8.21,0.88,56.84,-5.55,56.19,-5.49
55.805,-9.6,1.23,57.15,-5.58,56.48,-5.51
55.849,-12.56,1.27,57.15,-5.46,56.45,-5.4
55.894,-13.31,0.92,57.14,-5.13,56.44,-5.07
55.94,-12.73,-5.66,57.4,-4.81,56.7,-4.82
55.986,-10.24,-2.83,57.78,-4.88,57.1,-4.86
56.033,-13.36,0.06,57.89,-4.96,57.18,-4.91
56.077,-14.83,-0.57,57.75,-4.89,57.03,-4.85
56.121,-15.49,-1.41,57.57,-4.8,56.84,-4.77
56.168,-15.97,-1.37,57.26,-4.76,56.52,-4.73
56.212,-15.89,-1.17,56.86,-4.74,56.13,-4.71
56.261,-16.6,-1.11,56.34,-4.74,55.61,-4.7
56.308,-14.25,-1.16,55.65,-4.72,54.95,-4.69
56.356,-12.36,-0.33,54.98,-4.74,54.31,-4.69
56.403,-12.98,-0.79,54.45,-4.74,53.77,-4.7
56.449,-12.93,-1.42,53.93,-4.75,53.26,-4.72
56.497,-12.74,-1.27,53.26,-4.75,52.6,-4.72
56.544,-13.33,-0.66,52.52,-4.73,51.86,-4.69
56.591,-14.43,-1.21,51.54,-4.6,50.88,-4.57
56.635,-16.62,0.84,50.37,-4.48,49.7,-4.42
56.68,-16.99,1.0,48.93,-4.37,48.27,-4.32
56.727,-15.29,-0.03,47.45,-4.28,46.82,-4.24
56.773,-14.73,-1.21,46.23,-4.26,45.62,-4.23
56.822,-12.38,-1.26,45.09,-4.31,44.52,-4.28
56.869,-10.4,-0.65,44.22,-4.46,43.67,-4.43
56.917,-7.53,-0.5,43.37,-4.52,42.86,-4.48
56.964,-6.54,-0.78,42.33,-4.35,41.84,-4.31
57.01,-6.23,-1.43,41.08,-4.15,40.61,-4.12
57.056,-6.71,-1.8,39.44,-4.04,38.98,-4.02
57.101,-6.0,-1.18,37.79,-4.0,37.36,-3.97
57.146,-4.85,-1.75,36.11,-3.92,35.7,-3.9
57.191,-3.33,-1.79,34.62,-3.76,34.24,-3.74
57.239,-2.86,-2.13,33.28,-3.46,32.92,-3.45
57.286,-2.34,-2.94,32.1,-3.19,31.75,-3.19
57.334,6.08,-3.4,30.71,-3.14,30.46,-3.15
57.379,6.51,-2.68,29.25,-3.33,29.02,-3.32
57.425,1.49,-2.83,27.68,-3.62,27.41,-3.61
57.472,2.72,-1.6,26.39,-3.57,26.15,-3.55
57.517,3.8,-2.2,25.28,-3.39,25.07,-3.38
57.562,6.07,-2.76,24.4,-3.05,24.21,-3.04
57.607,15.92,-3.77,23.49,-2.73,23.41,-2.74
57.653,15.1,-4.55,22.47,-3.05,22.4,-3.07
57.699,20.74,-1.99,21.36,-3.43,21.36,-3.41
57.745,18.11,-1.5,20.24,-3.43,20.22,-3.41
57.791,15.8,-3.17,19.1,-3.38,19.07,-3.37
57.839,15.75,-2.33,18.1,-3.46,18.08,-3.45
57.888,16.34,-1.37,17.33,-3.58,17.32,-3.55
57.935,16.69,-1.77,17.0,-3.69,16.99,-3.67
57.992,17.33,-2.08,16.85,-3.72,16.86,-3.7
58.045,17.04,-1.94,17.12,-3.66,17.12,-3.65
58.094,15.14,-1.12,17.53,-3.63,17.51,-3.6
58.14,15.38,-1.65,18.01,-3.6,17.98,-3.59
58.189,18.26,-0.51,18.4,-3.59,18.4,-3.56
58.238,17.96,-0.38,18.65,-3.5,18.64,-3.47
58.286,16.41,-0.6,18.79,-3.36,18.77,-3.33
58.333,13.66,-1.12,18.84,-3.17,18.79,-3.15
58.379,12.89,-0.91,18.78,-3.06,18.72,-3.03
58.429,5.63,1.31,18.7,-3.04,18.57,-3.0
58.479,3.78,1.13,18.81,-3.11,18.66,-3.07
58.532,10.91,-4.62,19.15,-3.14,19.07,-3.15
58.582,9.82,-2.49,19.79,-3.16,19.69,-3.15
58.629,10.39,-1.41,20.48,-3.16,20.38,-3.14
58.674,9.84,-0.98,21.03,-3.14,20.92,-3.12
58.72,6.72,-0.66,21.35,-3.08,21.2,-3.06
58.768,4.34,0.47,21.32,-2.88,21.15,-2.85
58.814,3.11,-0.45,21.11,-2.69,20.93,-2.66
58.867,-0.4,-1.11,20.7,-2.56,20.49,-2.54
58.912,-0.92,-1.03,20.3,-2.51,20.09,-2.5
58.958,3.4,-1.87,20.12,-2.49,19.95,-2.48
59.004,3.38,-1.62,20.53,-2.52,20.36,-2.51
59.05,1.65,-1.56,21.09,-2.55,20.9,-2.54
59.097,1.63,-1.5,21.77,-2.59,21.57,-2.58
59.143,6.6,-3.54,22.42,-2.63,22.26,-2.64
59.19,10.34,-2.8,22.51,-2.73,22.39,-2.73
59.235,3.58,-1.67,22.33,-2.79,22.15,-2.78
59.286,2.55,-2.46,21.95,-2.73,21.75,-2.73
59.355,2.89,-3.08,21.55,-2.68,21.37,-2.69
59.426,2.55,-2.34,21.13,-2.68,20.94,-2.67
59.49,2.72,-1.34,20.66,-2.66,20.48,-2.65
59.556,0.5,-0.37,20.25,-2.6,20.05,-2.58
59.626,-0.97,-1.1,20.04,-2.56,19.83,-2.55
59.679,0.47,-0.29,19.97,-2.63,19.77,-2.61
59.73,3.14,-0.2,20.09,-2.68,19.92,-2.65
59.783,8.83,-2.59,20.4,-2.56,20.28,-2.56
59.834,8.3,-1.87,21.0,-2.02,20.87,-2.02
59.887,0.51,-4.19,21.28,-1.7,21.07,-1.73
59.937,6.7,-3.88,20.85,-1.7,20.71,-1.72
60.003,6.4,0.68,20.22,-1.92,20.08,-1.89
60.06,7.12,-1.31,19.76,-2.18,19.63,-2.18
60.115,13.29,-5.85,19.38,-2.4,19.32,-2.43
60.165,12.04,-2.2,18.92,-2.71,18.85,-2.71
60.222,7.14,-1.1,18.41,-2.93,18.3,-2.91
60.279,9.14,-2.26,18.0,-2.92,17.91,-2.91
60.333,11.31,-1.47,17.73,-2.9,17.66,-2.89
60.384,10.59,-1.75,17.91,-2.9,17.84,-2.89
60.433,15.87,-4.97,18.24,-2.9,18.21,-2.92
60.483,16.03,-3.24,18.69,-2.94,18.66,-2.94
60.533,4.11,1.39,19.12,-2.94,18.97,-2.89
60.586,3.82,-1.02,19.23,-2.66,19.07,-2.65
60.638,-12.31,1.3,19.21,-2.5,18.89,-2.46
60.688,-8.88,3.4,19.29,-2.77,19.01,-2.71
60.742,3.63,-3.54,19.52,-2.97,19.36,-2.98
60.791,2.89,-1.45,20.02,-3.08,19.85,-3.06
60.845,3.1,-0.7,20.41,-3.16,20.23,-3.13
60.895,-2.28,0.74,20.77,-3.23,20.54,-3.19
60.948,-1.68,0.1,20.92,-3.32,20.69,-3.28
60.997,2.23,-0.98,20.95,-3.43,20.76,-3.41
61.046,3.32,-2.07,21.0,-3.63,20.82,-3.61
61.095,1.6,7.51,21.17,-3.98,20.98,-3.86
61.143,-0.61,10.75,21.57,-4.17,21.35,-4.02
61.199,-4.01,-5.14,21.95,-3.7,21.69,-3.71
61.253,-7.75,-9.66,22.06,-2.58,21.76,-2.65
61.304,2.37,-3.93,21.89,-2.11,21.7,-2.13
61.353,2.83,-2.45,21.87,-2.29,21.68,-2.29
61.402,-3.37,-1.14,22.03,-2.4,21.77,-2.39
61.452,-4.94,-0.77,22.33,-2.41,22.06,-2.39
61.505,0.53,-1.35,22.36,-2.39,22.14,-2.38
61.557,-1.13,-1.31,22.19,-2.32,21.96,-2.31
61.615,-3.44,-1.16,21.99,-2.25,21.74,-2.24
61.69,-3.72,-0.33,21.74,-2.22,21.48,-2.2
61.753,-4.41,-0.76,21.42,-2.21,21.16,-2.19
61.804,-6.19,-2.23,21.1,-2.2,20.83,-2.2
61.858,-5.09,-2.44,20.76,-2.21,20.5,-2.22
61.906,-3.75,-1.37,20.41,-2.23,20.17,-2.22
61.958,-6.32,-0.93,19.98,-2.21,19.72,-2.2
62.006,-2.41,-0.87,19.38,-2.19,19.16,-2.18
62.058,4.2,-1.47,18.51,-2.17,18.36,-2.16
62.108,0.2,-1.26,17.95,-2.15,17.77,-2.14
62.161,-0.95,-1.39,17.78,-2.14,17.59,-2.13
62.209,0.2,-1.82,17.62,-2.13,17.45,-2.13
62.263,0.71,-1.9,17.45,-2.12,17.28,-2.12
62.314,-0.35,-1.32,17.29,-2.12,17.11,-2.11
62.367,-0.58,-1.49,17.14,-2.11,16.96,-2.11
62.418,-0.74,-1.38,16.99,-2.11,16.82,-2.1
62.466,-0.97,-1.56,16.85,-2.11,16.67,-2.1
62.519,-1.13,-1.67,16.69,-2.1,16.51,-2.1
62.567,-0.87,-1.44,16.51,-2.1,16.34,-2.09
62.621,-0.66,-1.31,16.33,-2.09,16.16,-2.08
62.671,-0.72,-1.35,16.17,-2.08,16.0,-2.08
62.723,-0.94,-1.43,16.01,-2.07,15.84,-2.07
62.775,-1.03,-1.45,15.85,-2.07,15.68,-2.06
62.829,-0.94,-1.49,15.68,-2.06,15.52,-2.05
62.881,-0.83,-1.46,15.52,-2.05,15.35,-2.05
62.935,-0.73,-1.4,15.35,-2.05,15.18,-2.04
62.99,-0.7,-1.47,15.18,-2.04,15.02,-2.04
63.044,-0.76,-1.43,15.02,-2.04,14.86,-2.03
63.097,-0.74,-1.36,14.86,-2.03,14.7,-2.02
63.151,-0.85,-1.34,14.7,-2.02,14.55,-2.02
63.206,-0.92,-1.47,14.55,-2.02,14.4,-2.01
63.27,-0.85,-1.5,14.39,-2.01,14.24,-2.01
63.326,-0.74,-1.42,14.23,-2.01,14.08,-2.0
63.381,-0.64,-1.43,14.07,-2.0,13.93,-1.99
63.436,-0.69,-1.43,13.92,-1.99,13.77,-1.99
63.493,-0.77,-1.41,13.78,-1.99,13.63,-1.98
63.548,-0.72,-1.42,13.64,-1.98,13.5,-1.98
63.606,-0.7,-1.4,13.51,-1.98,13.37,-1.97
63.658,-0.76,-1.41,13.38,-1.97,13.24,-1.97
63.713,-0.83,-1.45,13.26,-1.97,13.11,-1.96
63.766,-0.83,-1.44,13.12,-1.96,12.98,-1.96
63.818,-0.75,-1.45,12.99,-1.96,12.85,-1.95
63.868,-0.8,-1.48,12.86,-1.95,12.72,-1.95
63.92,-0.79,-1.47,12.72,-1.95,12.59,-1.94
63.972,-0.89,-1.38,12.59,-1.94,12.46,-1.94
64.028,-0.9,-1.37,12.46,-1.94,12.33,-1.93
64.08,-0.93,-1.36,12.33,-1.93,12.2,-1.93
64.135,-0.8,-1.4,12.2,-1.93,12.07,-1.92
64.187,-0.71,-1.45,12.07,-1.92,11.94,-1.91
64.241,-0.83,-1.38,11.95,-1.92,11.82,-1.91
64.295,-1.01,-1.45,11.84,-1.91,11.71,-1.91
64.347,-1.07,-1.51,11.71,-1.91,11.59,-1.9
64.398,-0.92,-1.38,11.59,-1.9,11.46,-1.9
64.449,-0.79,-1.36,11.45,-1.9,11.33,-1.89
64.502,-0.74,-1.42,11.32,-1.89,11.2,-1.89
64.551,-0.84,-1.44,11.2,-1.89,11.08,-1.88
64.604,-0.75,-1.41,11.08,-1.88,10.96,-1.88
64.667,-0.76,-1.41,10.96,-1.88,10.84,-1.87
64.728,-0.75,-1.37,10.85,-1.87,10.73,-1.87
64.784,-0.85,-1.41,10.74,-1.87,10.62,-1.86
64.838,-0.93,-1.48,10.63,-1.86,10.51,-1.86
64.897,-0.79,-1.42,10.52,-1.86,10.41,-1.86
64.953,-0.81,-1.41,10.41,-1.86,10.3,-1.85
65.004,-0.91,-1.45,10.31,-1.85,10.19,-1.85
65.056,-0.81,-1.5,10.2,-1.85,10.09,-1.84
65.106,-0.79,-1.44,10.09,-1.84,9.98,-1.84
65.157,-0.79,-1.4,9.98,-1.84,9.87,-1.84
65.205,-0.83,-1.34,9.88,-1.84,9.77,-1.83
65.255,-0.83,-1.33,9.77,-1.83,9.67,-1.83
65.303,-0.72,-1.42,9.67,-1.83,9.57,-1.82
65.354,-0.55,-1.44,9.58,-1.82,9.48,-1.82
65.402,-0.74,-1.43,9.5,-1.82,9.4,-1.82
65.454,-1.16,-1.4,9.44,-1.82,9.33,-1.81
65.505,-1.16,-1.38,9.37,-1.81,9.26,-1.81
65.555,-0.98,-1.38,9.28,-1.81,9.18,-1.8
65.609,-0.9,-1.47,9.19,-1.8,9.09,-1.8
65.654,-0.97,-1.49,9.11,-1.8,9.01,-1.8
65.698,-0.52,-1.45,9.04,-1.8,8.95,-1.79
65.744,-0.72,-1.43,9.0,-1.79,8.9,-1.79
65.79,-1.71,-1.4,8.97,-1.79,8.87,-1.79
65.836,-1.84,-1.35,8.92,-1.79,8.82,-1.78
65.884,-1.8,-1.38,8.85,-1.78,8.75,-1.78
65.93,-1.67,-1.4,8.75,-1.78,8.64,-1.78
65.976,-1.38,-1.41,8.63,-1.78,8.53,-1.77
66.024,-0.93,-1.42,8.51,-1.77,8.41,-1.77
66.069,-0.55,-1.42,8.39,-1.77,8.3,-1.76
66.114,-1.05,-1.42,8.3,-1.76,8.21,-1.76
66.16,-1.26,-1.35,8.24,-1.76,8.14,-1.76
66.208,-1.27,-1.36,8.16,-1.76,8.07,-1.75
66.253,-1.31,-1.44,8.09,-1.75,7.99,-1.75
66.302,-1.18,-1.41,8.01,-1.75,7.92,-1.75
66.349,-1.46,-1.45,7.94,-1.75,7.85,-1.74
66.395,-1.77,-1.44,7.87,-1.74,7.77,-1.74
66.442,-1.77,-1.4,7.77,-1.74,7.68,-1.74
66.49,-1.05,-1.36,7.67,-1.74,7.58,-1.73
66.537,-1.02,-1.38,7.56,-1.73,7.48,-1.73
66.583,-1.06,-1.38,7.47,-1.73,7.38,-1.73
66.631,-1.07,-1.4,7.39,-1.73,7.3,-1.72
66.677,-1.16,-1.42,7.31,-1.72,7.23,-1.72
66.723,-1.39,-1.39,7.25,-1.72,7.16,-1.72
66.77,-1.52,-1.33,7.18,-1.72,7.09,-1.71
66.816,-1.21,-1.43,7.1,-1.71,7.02,-1.71
66.863,-1.33,-1.46,7.03,-1.71,6.95,-1.71
66.907,-1.53,-1.45,6.96,-1.71,6.88,-1.7
66.953,-1.63,-1.4,6.88,-1.7,6.8,-1.7
66.999,-1.46,-1.37,6.79,-1.7,6.7,-1.7
67.045,-1.15,-1.45,6.69,-1.7,6.61,-1.69
67.091,-0.85,-1.47,6.6,-1.69,6.52,-1.69
67.139,-0.17,-1.36,6.56,-1.69,6.49,-1.69
67.187,-0.24,-1.39,6.55,-1.69,6.48,-1.69
67.233,-0.87,-1.46,6.63,-1.69,6.56,-1.69
67.278,-1.87,-1.27,6.73,-1.69,6.64,-1.68
67.325,-2.21,-1.17,6.86,-1.68,6.77,-1.68
67.369,-4.0,-1.53,7.0,-1.68,6.89,-1.68
67.417,-3.0,-1.45,6.97,-1.68,6.87,-1.68
67.464,-2.34,-1.46,6.89,-1.68,6.8,-1.68
67.512,-2.32,-1.44,6.8,-1.68,6.7,-1.68
67.559,-2.14,-1.38,6.7,-1.68,6.61,-1.67
67.604,-2.06,-1.37,6.59,-1.67,6.51,-1.67
67.651,-2.18,-1.36,6.5,-1.67,6.41,-1.67
67.697,-2.1,-1.38,6.4,-1.67,6.32,-1.66
67.744,-2.07,-1.35,6.31,-1.66,6.23,-1.66
67.793,-2.17,-1.35,6.24,-1.66,6.15,-1.66
67.841,-2.24,-1.41,6.16,-1.66,6.08,-1.66
67.888,-2.26,-1.43,6.08,-1.66,6.0,-1.65
67.933,-2.26,-1.45,6.01,-1.65,5.92,-1.65
67.977,-2.26,-1.41,5.92,-1.65,5.84,-1.65
68.023,-2.16,-1.45,5.84,-1.65,5.76,-1.65
68.074,-2.13,-1.45,5.75,-1.65,5.67,-1.64
68.122,-2.13,-1.42,5.67,-1.65,5.59,-1.64
68.168,-2.13,-1.33,5.59,-1.64,5.51,-1.64
68.217,-2.14,-1.36,5.52,-1.64,5.44,-1.64
68.263,-2.26,-1.45,5.45,-1.64,5.37,-1.63
68.312,-2.23,-1.43,5.37,-1.64,5.3,-1.63
68.356,-2.05,-1.39,5.3,-1.63,5.23,-1.63
68.403,-2.11,-1.41,5.23,-1.63,5.16,-1.63
68.449,-2.32,-1.41,5.17,-1.63,5.1,-1.63
68.499,-2.24,-1.44,5.11,-1.62,5.03,-1.62
68.548,-2.22,-1.38,5.04,-1.62,4.96,-1.62
68.593,-2.3,-1.36,4.97,-1.62,4.9,-1.62
68.638,-2.25,-1.45,4.9,-1.62,4.83,-1.62
68.684,-2.19,-1.48,4.82,-1.62,4.75,-1.61
68.731,-2.11,-1.42,4.74,-1.61,4.67,-1.61
68.776,-2.11,-1.42,4.66,-1.61,4.6,-1.61
68.821,-2.0,-1.35,4.59,-1.61,4.52,-1.61
68.865,-2.04,-1.26,4.53,-1.61,4.47,-1.6
68.912,-2.18,-1.36,4.48,-1.6,4.42,-1.6
68.959,-2.22,-1.47,4.43,-1.6,4.37,-1.6
69.004,-2.33,-1.65,4.38,-1.6,4.31,-1.6
69.05,-2.13,-1.86,4.31,-1.6,4.25,-1.61
69.095,-2.01,-1.94,4.25,-1.6,4.18,-1.61
69.141,-2.16,-1.8,4.19,-1.61,4.12,-1.61
69.189,-2.09,-1.18,4.13,-1.61,4.07,-1.6
69.234,-2.67,-0.81,4.09,-1.6,4.02,-1.6
69.281,-2.55,-1.69,4.03,-1.6,3.96,-1.6
69.328,-2.37,-1.58,3.95,-1.6,3.89,-1.6
69.375,-1.94,-0.65,3.86,-1.6,3.8,-1.59
69.419,-1.6,-0.94,3.77,-1.59,3.71,-1.58
69.479,-2.01,-1.41,3.73,-1.58,3.67,-1.58
69.525,-2.22,-1.67,3.7,-1.58,3.64,-1.58
69.57,-2.18,-1.73,3.65,-1.58,3.6,-1.58
69.615,-2.39,-1.28,3.61,-1.58,3.55,-1.58
69.662,-2.32,-1.26,3.56,-1.58,3.5,-1.58
69.714,-2.24,-1.2,3.51,-1.58,3.45,-1.57
69.759,-2.26,-1.31,3.46,-1.58,3.4,-1.57
69.808,-2.38,-1.2,3.42,-1.58,3.36,-1.57
69.854,-2.16,-1.08,3.37,-1.57,3.31,-1.57
69.902,-1.85,-1.14,3.31,-1.57,3.26,-1.56
69.959,-2.41,-1.52,3.27,-1.56,3.21,-1.56
70.005,-2.58,-1.63,3.22,-1.56,3.16,-1.56
70.056,-2.2,-1.41,3.16,-1.56,3.1,-1.56
70.103,-2.01,-1.38,3.09,-1.56,3.04,-1.56
70.15,-2.06,-1.41,3.02,-1.56,2.97,-1.55
70.196,-2.03,-1.32,2.96,-1.56,2.91,-1.55
70.241,-2.43,-1.29,2.9,-1.55,2.85,-1.55
70.289,-2.29,-1.24,2.84,-1.55,2.79,-1.55
70.334,-2.1,-1.31,2.77,-1.55,2.72,-1.55
70.381,-2.01,-1.37,2.71,-1.55,2.66,-1.54
70.428,-2.11,-1.44,2.66,-1.54,2.61,-1.54
70.472,-2.13,-1.42,2.61,-1.54,2.57,-1.54
70.516,-2.18,-1.31,2.57,-1.55,2.53,-1.54
70.562,-2.29,-1.3,2.54,-1.54,2.49,-1.54
70.609,-2.12,-1.39,2.5,-1.54,2.45,-1.54
70.654,-2.1,-1.36,2.46,-1.54,2.41,-1.54
70.701,-2.13,-1.39,2.43,-1.54,2.38,-1.54
70.748,-2.25,-1.41,2.4,-1.54,2.35,-1.53
70.793,-2.46,-1.34,2.37,-1.53,2.32,-1.53
70.839,-2.43,-1.34,2.33,-1.53,2.29,-1.53
70.886,-2.26,-1.31,2.29,-1.53,2.24,-1.53
70.934,-2.2,-1.29,2.24,-1.53,2.19,-1.52
70.981,-2.15,-1.3,2.19,-1.52,2.14,-1.52
71.028,-2.14,-1.34,2.15,-1.52,2.1,-1.52
71.073,-2.26,-1.4,2.11,-1.52,2.07,-1.52
71.12,-2.33,-1.25,2.08,-1.52,2.03,-1.51
71.165,-2.28,-1.31,2.04,-1.51,2.0,-1.51
71.212,-2.19,-1.42,2.0,-1.51,1.96,-1.51
71.259,-2.27,-1.56,1.96,-1.51,1.92,-1.51
71.306,-2.36,-1.54,1.93,-1.51,1.89,-1.51
71.359,-2.36,-1.48,1.89,-1.51,1.85,-1.51
71.403,-2.34,-1.41,1.84,-1.51,1.8,-1.51
71.451,-2.25,-1.43,1.8,-1.51,1.76,-1.51
71.498,-2.07,-1.4,1.75,-1.51,1.71,-1.51
71.547,-2.1,-1.34,1.72,-1.51,1.68,-1.51
71.594,-2.23,-1.38,1.69,-1.51,1.65,-1.51
71.639,-2.29,-1.37,1.66,-1.51,1.62,-1.5
71.683,-2.25,-1.31,1.63,-1.5,1.59,-1.5
71.728,-2.29,-1.29,1.6,-1.5,1.56,-1.5
71.773,-2.22,-1.33,1.57,-1.5,1.53,-1.5
71.819,-2.21,-1.37,1.53,-1.5,1.49,-1.5
71.867,-2.21,-1.38,1.49,-1.5,1.46,-1.5
71.914,-2.24,-1.4,1.47,-1.5,1.43,-1.5
71.959,-2.26,-1.33,1.45,-1.5,1.41,-1.5
72.007,-2.47,-1.64,1.42,-1.5,1.38,-1.5
72.052,-2.55,-1.49,1.4,-1.5,1.36,-1.5
72.1,-2.17,-1.36,1.36,-1.5,1.32,-1.5
72.145,-2.23,-1.39,1.32,-1.49,1.28,-1.49
72.192,-2.42,-1.42,1.28,-1.49,1.25,-1.49
72.239,-2.38,-1.43,1.24,-1.49,1.21,-1.49
72.285,-2.24,-1.47,1.2,-1.49,1.16,-1.49
72.33,-2.19,-1.49,1.15,-1.49,1.12,-1.49
72.377,-2.18,-1.5,1.11,-1.49,1.08,-1.49
72.422,-2.12,-1.5,1.07,-1.49,1.04,-1.49
72.467,-2.11,-1.4,1.04,-1.49,1.01,-1.49
72.513,-2.34,-1.13,1.01,-1.49,0.98,-1.48
72.559,-2.32,-1.13,0.98,-1.48,0.95,-1.48
72.604,-2.2,-1.36,0.95,-1.48,0.92,-1.48
72.652,-2.17,-1.3,0.92,-1.48,0.89,-1.48
72.7,-2.3,-1.21,0.9,-1.48,0.86,-1.47
72.745,-2.53,-1.32,0.87,-1.47,0.84,-1.47
72.789,-2.36,-1.25,0.84,-1.47,0.8,-1.47
72.836,-2.4,-1.27,0.78,-1.46,0.75,-1.46
72.883,-1.65,-0.91,0.72,-1.46,0.7,-1.45
72.931,-2.11,-0.61,0.7,-1.45,0.67,-1.44
72.976,-2.42,-1.89,0.67,-1.44,0.64,-1.45
73.022,-2.29,-2.24,0.63,-1.45,0.6,-1.45
73.067,-2.14,-2.14,0.59,-1.45,0.56,-1.46
73.114,-2.16,-1.4,0.56,-1.46,0.53,-1.46
73.16,-2.14,-1.31,0.54,-1.46,0.51,-1.46
73.205,-2.2,-1.4,0.51,-1.46,0.49,-1.46
73.25,-2.23,-1.42,0.49,-1.46,0.46,-1.46
73.296,-2.1,-1.42,0.47,-1.46,0.44,-1.46
73.342,-2.13,-1.38,0.45,-1.46,0.42,-1.46
73.386,-2.24,-1.4,0.43,-1.46,0.4,-1.45
73.432,-2.25,-1.42,0.4,-1.45,0.38,-1.45
73.477,-2.1,-1.4,0.38,-1.45,0.35,-1.45
73.524,-2.09,-1.36,0.35,-1.45,0.33,-1.45
73.568,-2.14,-1.41,0.33,-1.45,0.31,-1.45
73.614,-2.23,-1.38,0.32,-1.45,0.29,-1.45
73.663,-2.23,-1.38,0.3,-1.45,0.27,-1.45
73.716,-2.21,-1.42,0.28,-1.45,0.26,-1.45
73.763,-2.27,-1.4,0.27,-1.45,0.24,-1.45
73.809,-2.3,-1.39,0.25,-1.45,0.23,-1.45
73.854,-2.33,-1.37,0.23,-1.45,0.21,-1.45
73.902,-2.31,-1.38,0.21,-1.45,0.18,-1.44
73.948,-2.22,-1.41,0.18,-1.44,0.16,-1.44
73.994,-2.18,-1.39,0.16,-1.44,0.13,-1.44
74.04,-2.14,-1.38,0.13,-1.44,0.11,-1.44
74.086,-2.14,-1.44,0.11,-1.44,0.09,-1.44
74.132,-2.23,-1.42,0.09,-1.44,0.06,-1.44
74.177,-2.24,-1.4,0.07,-1.44,0.04,-1.44
74.222,-2.24,-1.4,0.04,-1.44,0.02,-1.44
74.268,-2.25,-1.38,0.01,-1.44,-0.01,-1.44
74.315,-2.12,-1.38,-0.01,-1.44,-0.04,-1.44
74.36,-2.09,-1.39,-0.04,-1.44,-0.06,-1.44
74.405,-2.13,-1.31,-0.07,-1.44,-0.09,-1.44
74.45,-2.22,-1.31,-0.08,-1.44,-0.11,-1.43
74.496,-2.21,-1.37,-0.11,-1.43,-0.13,-1.43
74.544,-2.24,-1.33,-0.13,-1.43,-0.15,-1.43
74.591,-2.23,-1.52,-0.15,-1.43,-0.17,-1.43
74.636,-2.13,-1.56,-0.17,-1.43,-0.19,-1.43
74.683,-2.06,-1.55,-0.19,-1.43,-0.21,-1.43
74.732,-2.08,-1.43,-0.21,-1.43,-0.23,-1.43
74.778,-2.11,-1.35,-0.23,-1.43,-0.24,-1.43
74.824,-2.18,-1.36,-0.24,-1.43,-0.26,-1.43
74.87,-2.2,-1.39,-0.26,-1.43,-0.27,-1.43
74.915,-2.21,-1.36,-0.27,-1.43,-0.29,-1.43
74.96,-2.2,-1.33,-0.3,-1.43,-0.32,-1.43
75.005,-2.18,-1.36,-0.32,-1.43,-0.34,-1.43
75.051,-2.19,-1.38,-0.34,-1.43,-0.36,-1.42
75.098,-2.17,-1.42,-0.36,-1.42,-0.37,-1.42
75.144,-2.14,-1.42,-0.37,-1.43,-0.39,-1.43
75.191,-2.11,-1.38,-0.39,-1.43,-0.41,-1.43
75.239,-2.14,-1.35,-0.41,-1.42,-0.42,-1.42
75.287,-2.1,-1.42,-0.42,-1.42,-0.44,-1.42
75.334,-2.21,-1.41,-0.43,-1.42,-0.45,-1.42
75.379,-2.21,-1.37,-0.44,-1.42,-0.46,-1.42
75.426,-2.11,-1.39,-0.46,-1.42,-0.48,-1.42
75.471,-2.11,-1.4,-0.48,-1.42,-0.49,-1.42
75.518,-2.16,-1.39,-0.49,-1.42,-0.51,-1.42
75.564,-2.14,-1.4,-0.5,-1.42,-0.52,-1.42
75.609,-2.22,-1.41,-0.51,-1.42,-0.53,-1.42
75.654,-2.3,-1.41,-0.53,-1.42,-0.55,-1.42
75.699,-2.21,-1.33,-0.55,-1.42,-0.57,-1.42
75.744,-2.14,-1.34,-0.57,-1.42,-0.59,-1.42
75.789,-2.03,-1.39,-0.59,-1.42,-0.61,-1.42
75.835,-2.02,-1.43,-0.61,-1.42,-0.63,-1.42
75.883,-2.14,-1.44,-0.62,-1.42,-0.63,-1.42
75.931,-2.28,-1.37,-0.62,-1.42,-0.64,-1.42
75.979,-2.3,-1.37,-0.63,-1.42,-0.64,-1.42
76.024,-2.21,-1.41,-0.64,-1.42,-0.65,-1.42
76.07,-2.15,-1.38,-0.65,-1.42,-0.67,-1.42
76.115,-2.13,-1.38,-0.67,-1.42,-0.68,-1.42
76.159,-2.19,-1.39,-0.68,-1.42,-0.7,-1.42
76.205,-2.23,-1.41,-0.7,-1.42,-0.71,-1.42
76.252,-2.14,-1.38,-0.71,-1.42,-0.73,-1.42
76.299,-2.09,-1.39,-0.73,-1.42,-0.74,-1.42
76.345,-2.12,-1.37,-0.75,-1.41,-0.76,-1.41
76.392,-2.13,-1.37,-0.76,-1.41,-0.77,-1.41
76.436,-2.2,-1.38,-0.77,-1.41,-0.79,-1.41
76.484,-2.09,-1.39,-0.79,-1.41,-0.8,-1.41
76.53,-2.09,-1.42,-0.8,-1.41,-0.81,-1.41
76.577,-2.22,-1.38,-0.81,-1.41,-0.82,-1.41
76.622,-2.19,-1.35,-0.81,-1.41,-0.83,-1.41
76.667,-2.18,-1.38,-0.83,-1.41,-0.84,-1.41
76.712,-2.17,-1.35,-0.84,-1.41,-0.85,-1.41
76.758,-2.19,-1.42,-0.86,-1.41,-0.87,-1.41
76.804,-2.11,-1.47,-0.87,-1.41,-0.89,-1.41
76.85,-2.12,-1.46,-0.88,-1.41,-0.9,-1.41
76.896,-2.12,-1.41,-0.89,-1.41,-0.91,-1.41
76.941,-2.13,-1.43,-0.9,-1.41,-0.91,-1.41
76.987,-1.9,-1.36,-0.91,-1.41,-0.92,-1.41
77.033,-2.06,-1.31,-0.91,-1.41,-0.92,-1.41
77.081,-2.1,-1.39,-0.91,-1.41,-0.92,-1.41
77.128,-2.12,-1.44,-0.92,-1.41,-0.93,-1.41
77.175,-2.14,-1.42,-0.93,-1.41,-0.94,-1.41
77.223,-2.11,-1.4,-0.94,-1.41,-0.95,-1.41
77.27,-2.16,-1.34,-0.96,-1.41,-0.97,-1.41
77.316,-2.15,-1.33,-0.97,-1.41,-0.98,-1.41
77.363,-2.06,-1.37,-0.98,-1.41,-0.99,-1.41
77.408,-2.1,-1.42,-0.99,-1.41,-1.0,-1.41
77.454,-2.18,-1.41,-1.0,-1.41,-1.01,-1.41
77.499,-2.12,-1.39,-1.01,-1.41,-1.02,-1.41
77.543,-2.14,-1.42,-1.02,-1.41,-1.04,-1.41
77.589,-2.17,-1.4,-1.04,-1.41,-1.05,-1.41
77.635,-2.13,-1.33,-1.05,-1.41,-1.06,-1.41
77.681,-2.12,-1.36,-1.07,-1.41,-1.08,-1.41
77.726,-2.09,-1.4,-1.08,-1.41,-1.09,-1.41
77.772,-2.0,-1.39,-1.11,-1.41,-1.12,-1.41
77.817,-2.08,-1.38,-1.13,-1.41,-1.14,-1.4
77.864,-2.16,-1.4,-1.14,-1.4,-1.15,-1.4
77.91,-2.01,-1.4,-1.15,-1.4,-1.16,-1.4
77.957,-2.07,-1.42,-1.16,-1.41,-1.17,-1.41
78.001,-2.18,-1.43,-1.17,-1.41,-1.18,-1.41
78.052,-1.98,-1.38,-1.18,-1.41,-1.19,-1.4
78.098,-1.88,-1.4,-1.19,-1.4,-1.2,-1.4
78.144,-1.8,-1.41,-1.19,-1.41,-1.2,-1.41
78.189,-2.22,-1.38,-1.18,-1.41,-1.19,-1.41
78.233,-2.38,-1.36,-1.17,-1.41,-1.18,-1.41
78.279,-2.22,-1.38,-1.16,-1.4,-1.17,-1.4
78.325,-2.17,-1.39,-1.17,-1.4,-1.18,-1.4
78.37,-2.1,-1.47,-1.19,-1.4,-1.19,-1.4
78.416,-2.05,-1.43,-1.2,-1.4,-1.21,-1.4
78.462,-2.1,-1.33,-1.21,-1.4,-1.22,-1.4
78.509,-2.13,-1.3,-1.22,-1.4,-1.23,-1.4
78.557,-2.07,-1.42,-1.22,-1.4,-1.23,-1.4
78.602,-2.09,-1.45,-1.22,-1.4,-1.23,-1.4
78.648,-2.18,-1.48,-1.22,-1.41,-1.23,-1.41
78.695,-2.2,-1.49,-1.22,-1.41,-1.23,-1.41
78.74,-2.2,-1.4,-1.23,-1.41,-1.24,-1.41
78.787,-2.22,-1.33,-1.24,-1.41,-1.25,-1.41
78.834,-2.1,-1.34,-1.25,-1.41,-1.26,-1.41
78.877,-2.11,-1.4,-1.27,-1.41,-1.28,-1.41
78.923,-1.92,-1.43,-1.29,-1.41,-1.3,-1.41
78.969,-1.69,-1.38,-1.31,-1.41,-1.31,-1.41
79.013,-2.2,-1.32,-1.3,-1.41,-1.31,-1.41
79.059,-2.2,-1.33,-1.3,-1.41,-1.31,-1.4
79.106,-2.13,-1.45,-1.29,-1.4,-1.3,-1.41
79.15,-2.16,-1.48,-1.29,-1.41,-1.3,-1.41
79.196,-2.2,-1.46,-1.29,-1.41,-1.3,-1.41
79.24,-2.15,-1.42,-1.3,-1.41,-1.31,-1.41
79.285,-2.07,-1.33,-1.31,-1.41,-1.31,-1.41
79.33,-2.1,-1.28,-1.31,-1.41,-1.32,-1.4
79.375,-2.17,-1.35,-1.32,-1.4,-1.33,-1.4
79.421,-2.15,-1.42,-1.33,-1.4,-1.34,-1.4
79.467,-2.11,-1.44,-1.34,-1.4,-1.35,-1.4
79.512,-2.04,-1.43,-1.34,-1.4,-1.35,-1.4
79.562,-2.07,-1.4,-1.34,-1.4,-1.35,-1.4
79.609,-2.17,-1.41,-1.34,-1.4,-1.35,-1.4
79.655,-2.19,-1.42,-1.34,-1.4,-1.35,-1.4
79.701,-2.18,-1.39,-1.35,-1.4,-1.36,-1.4
79.746,-2.13,-1.34,-1.35,-1.4,-1.36,-1.4
79.791,-2.08,-1.41,-1.36,-1.4,-1.37,-1.4
79.836,-2.18,-1.4,-1.37,-1.4,-1.38,-1.4
79.881,-2.2,-1.4,-1.38,-1.4,-1.39,-1.4
79.926,-2.14,-1.37,-1.39,-1.4,-1.39,-1.4
79.972,-2.15,-1.42,-1.4,-1.4,-1.4,-1.4
80.017,-2.14,-1.41,-1.4,-1.4,-1.41,-1.4
80.063,-2.02,-1.37,-1.41,-1.4,-1.42,-1.4
80.109,-2.07,-1.33,-1.42,-1.4,-1.42,-1.4
80.155,-2.21,-1.38,-1.41,-1.4,-1.42,-1.4
80.201,-2.26,-1.44,-1.41,-1.4,-1.42,-1.4
80.248,-2.19,-1.41,-1.42,-1.4,-1.43,-1.4
80.292,-2.13,-1.4,-1.43,-1.4,-1.44,-1.4
80.338,-2.11,-1.4,-1.44,-1.4,-1.45,-1.4
80.382,-2.02,-1.39,-1.45,-1.4,-1.45,-1.4
80.428,-2.06,-1.4,-1.46,-1.4,-1.46,-1.4
80.473,-2.09,-1.4,-1.46,-1.4,-1.47,-1.4
80.52,-2.09,-1.38,-1.47,-1.4,-1.47,-1.4
80.566,-2.13,-1.36,-1.47,-1.4,-1.48,-1.4
80.611,-2.19,-1.4,-1.47,-1.4,-1.48,-1.4
80.658,-2.2,-1.38,-1.47,-1.4,-1.48,-1.4
80.704,-2.15,-1.4,-1.48,-1.4,-1.49,-1.4
80.748,-2.11,-1.35,-1.49,-1.4,-1.5,-1.4
80.793,-2.05,-1.35,-1.5,-1.4,-1.51,-1.4
80.84,-2.03,-1.4,-1.51,-1.4,-1.51,-1.4
80.887,-2.05,-1.38,-1.51,-1.4,-1.51,-1.4
80.933,-2.11,-1.38,-1.51,-1.4,-1.52,-1.4
80.98,-2.11,-1.41,-1.51,-1.4,-1.52,-1.4
81.024,-2.1,-1.43,-1.51,-1.4,-1.52,-1.4
81.079,-2.1,-1.37,-1.51,-1.4,-1.52,-1.4
81.127,-2.15,-1.35,-1.51,-1.4,-1.52,-1.4
81.175,-2.12,-1.46,-1.52,-1.4,-1.52,-1.4
81.22,-2.12,-1.42,-1.52,-1.4,-1.53,-1.4
81.266,-2.16,-1.34,-1.53,-1.4,-1.53,-1.39
81.312,-2.15,-1.35,-1.54,-1.39,-1.54,-1.39
81.357,-2.09,-1.38,-1.55,-1.39,-1.55,-1.39
81.404,-2.03,-1.4,-1.55,-1.39,-1.56,-1.39
81.45,-2.0,-1.44,-1.55,-1.39,-1.56,-1.39
81.496,-2.11,-1.43,-1.55,-1.39,-1.56,-1.39
81.542,-2.16,-1.41,-1.55,-1.39,-1.55,-1.39
81.589,-2.24,-1.4,-1.54,-1.39,-1.55,-1.39
81.636,-2.27,-1.4,-1.54,-1.39,-1.55,-1.39
81.683,-2.13,-1.38,-1.55,-1.39,-1.55,-1.39
81.729,-2.06,-1.42,-1.56,-1.39,-1.56,-1.39
81.774,-2.08,-1.49,-1.56,-1.39,-1.57,-1.39
81.821,-2.11,-1.45,-1.57,-1.39,-1.57,-1.39
81.868,-2.25,-1.42,-1.57,-1.39,-1.58,-1.39
81.913,-2.24,-1.42,-1.57,-1.39,-1.58,-1.39
81.96,-2.19,-1.42,-1.58,-1.39,-1.58,-1.39
82.006,-2.09,-1.38,-1.59,-1.39,-1.59,-1.39
82.051,-2.09,-1.34,-1.6,-1.39,-1.6,-1.39
82.098,-2.06,-1.41,-1.61,-1.39,-1.61,-1.39
82.142,-2.08,-1.39,-1.61,-1.39,-1.62,-1.39
82.19,-2.14,-1.37,-1.61,-1.39,-1.62,-1.39
82.235,-2.19,-1.43,-1.61,-1.39,-1.62,-1.39
82.281,-2.14,-1.45,-1.62,-1.39,-1.62,-1.39
82.326,-2.19,-1.39,-1.62,-1.39,-1.62,-1.39
82.372,-2.23,-1.38,-1.63,-1.39,-1.63,-1.39
82.417,-2.13,-1.42,-1.64,-1.39,-1.64,-1.39
82.463,-2.04,-1.42,-1.65,-1.39,-1.65,-1.39
82.509,-1.91,-1.43,-1.66,-1.39,-1.66,-1.39
82.557,-2.04,-1.42,-1.66,-1.39,-1.66,-1.39
82.602,-2.13,-1.32,-1.65,-1.39,-1.66,-1.39
82.647,-2.15,-1.31,-1.65,-1.39,-1.66,-1.39
82.693,-2.1,-1.41,-1.66,-1.39,-1.66,-1.39
82.741,-2.08,-1.45,-1.67,-1.39,-1.67,-1.39
82.787,-2.1,-1.46,-1.67,-1.39,-1.67,-1.39
82.833,-2.07,-1.38,-1.67,-1.39,-1.68,-1.39
82.88,-2.07,-1.4,-1.68,-1.39,-1.68,-1.39
82.927,-2.19,-1.41,-1.68,-1.39,-1.68,-1.39
82.972,-2.14,-1.41,-1.68,-1.39,-1.69,-1.39
83.017,-1.95,-1.4,-1.69,-1.39,-1.69,-1.39
83.064,-2.0,-1.42,-1.69,-1.39,-1.69,-1.39
83.11,-2.08,-1.42,-1.68,-1.39,-1.69,-1.39
83.159,-2.11,-1.38,-1.68,-1.39,-1.68,-1.39
83.204,-2.07,-1.37,-1.68,-1.39,-1.68,-1.39
83.251,-2.1,-1.35,-1.68,-1.39,-1.69,-1.39
83.296,-2.07,-1.38,-1.68,-1.39,-1.69,-1.39
83.34,-2.04,-1.4,-1.69,-1.39,-1.69,-1.39
83.386,-2.01,-1.37,-1.69,-1.39,-1.69,-1.39
83.435,-2.11,-1.38,-1.69,-1.39,-1.69,-1.39
83.482,-2.08,-1.38,-1.69,-1.39,-1.7,-1.39
83.529,-2.02,-1.42,-1.7,-1.39,-1.7,-1.39
83.574,-2.12,-1.42,-1.7,-1.39,-1.7,-1.39
83.62,-2.19,-1.41,-1.7,-1.39,-1.7,-1.39
83.664,-2.19,-1.39,-1.7,-1.39,-1.7,-1.39
83.712,-2.1,-1.38,-1.7,-1.39,-1.71,-1.39
83.758,-2.32,-1.38,-1.71,-1.39,-1.71,-1.39
83.803,-2.57,-1.36,-1.73,-1.39,-1.73,-1.39
83.849,-1.87,-1.38,-1.76,-1.39,-1.76,-1.39
83.893,-1.54,-1.38,-1.81,-1.39,-1.8,-1.39
83.94,-1.45,-1.33,-1.83,-1.39,-1.83,-1.39
83.985,-1.69,-1.37,-1.83,-1.39,-1.82,-1.39
84.03,-2.22,-1.41,-1.81,-1.39,-1.81,-1.39
84.076,-2.13,-1.39,-1.8,-1.39,-1.8,-1.39
84.12,-2.16,-1.44,-1.8,-1.39,-1.8,-1.39
84.166,-2.23,-1.44,-1.8,-1.39,-1.81,-1.39
84.213,-2.6,-0.51,-1.82,-1.39,-1.83,-1.38
84.261,-2.3,-2.14,-1.9,-1.38,-1.9,-1.39
84.311,-1.88,-1.63,-2.0,-1.39,-1.99,-1.39
84.358,-1.32,-1.37,-2.06,-1.39,-2.05,-1.39
84.405,-0.83,-1.34,-2.11,-1.39,-2.1,-1.39
84.452,-1.15,-1.5,-2.11,-1.39,-2.1,-1.39
84.498,-1.37,-1.52,-2.1,-1.39,-2.09,-1.39
84.543,-1.89,-1.4,-2.07,-1.39,-2.07,-1.39
84.588,-1.91,-1.32,-2.05,-1.39,-2.05,-1.39
84.636,-1.71,-1.31,-2.04,-1.39,-2.04,-1.39
84.681,-1.39,-1.44,-2.04,-1.39,-2.03,-1.39
84.727,-1.55,-1.42,-2.01,-1.39,-2.0,-1.39
84.774,-1.96,-1.33,-1.97,-1.39,-1.97,-1.39
84.824,-2.41,-1.35,-1.92,-1.39,-1.93,-1.39
84.868,-1.59,-1.37,-1.91,-1.39,-1.9,-1.39
84.913,-1.84,-1.45,-1.9,-1.39,-1.9,-1.39
84.959,-2.11,-1.47,-1.89,-1.39,-1.89,-1.39
85.004,-2.28,-1.36,-1.89,-1.39,-1.9,-1.39
85.049,-2.13,-1.36,-1.92,-1.39,-1.92,-1.39
85.096,-1.88,-1.41,-1.96,-1.39,-1.96,-1.39
85.141,-1.69,-1.44,-2.01,-1.39,-2.01,-1.39
85.187,-1.32,-1.43,-2.05,-1.39,-2.05,-1.39
85.233,-1.65,-1.4,-2.08,-1.39,-2.07,-1.39
85.277,-1.79,-1.42,-2.09,-1.39,-2.09,-1.39
85.323,-1.71,-1.42,-2.12,-1.39,-2.12,-1.39
85.37,-1.28,-1.37,-2.16,-1.39,-2.15,-1.39
85.416,-1.29,-1.4,-2.18,-1.39,-2.17,-1.39
85.461,-1.29,-1.42,-2.19,-1.39,-2.18,-1.39
85.508,-1.5,-1.43,-2.2,-1.39,-2.19,-1.39
85.553,-1.58,-1.44,-2.2,-1.39,-2.2,-1.39
85.599,-1.24,-1.4,-2.22,-1.39,-2.21,-1.39
85.646,-1.12,-1.4,-2.22,-1.39,-2.21,-1.39
85.692,-1.41,-1.43,-2.22,-1.39,-2.21,-1.39
85.737,-1.47,-1.38,-2.21,-1.39,-2.2,-1.39
85.782,-1.27,-1.4,-2.2,-1.39,-2.19,-1.39
85.83,-1.29,-1.44,-2.19,-1.39,-2.18,-1.39
85.877,-1.52,-1.36,-2.17,-1.39,-2.16,-1.39
85.926,-1.51,-1.33,-2.16,-1.39,-2.15,-1.39
85.977,-1.6,-1.37,-2.15,-1.39,-2.15,-1.39
86.024,-1.57,-1.4,-2.15,-1.39,-2.15,-1.39
86.071,-1.49,-1.42,-2.16,-1.39,-2.15,-1.39
86.119,-1.34,-1.4,-2.17,-1.39,-2.16,-1.39
86.163,-1.48,-1.38,-2.18,-1.39,-2.18,-1.39
86.211,-1.49,-1.39,-2.2,-1.39,-2.19,-1.39
86.256,-1.42,-1.38,-2.22,-1.39,-2.21,-1.39
86.3,-1.29,-1.37,-2.25,-1.39,-2.24,-1.39
86.349,-1.12,-1.39,-2.28,-1.38,-2.27,-1.38
86.396,-1.05,-1.42,-2.31,-1.38,-2.3,-1.38
86.441,-1.01,-1.43,-2.33,-1.38,-2.31,-1.38
86.485,-1.01,-1.4,-2.34,-1.38,-2.33,-1.38
86.529,-1.03,-1.38,-2.35,-1.38,-2.34,-1.38
86.574,-0.95,-1.38,-2.36,-1.38,-2.35,-1.38
86.62,-0.85,-1.47,-2.36,-1.38,-2.35,-1.38
86.665,-0.95,-1.47,-2.35,-1.38,-2.34,-1.38
86.71,-1.01,-1.4,-2.34,-1.38,-2.33,-1.39
86.755,-1.08,-1.39,-2.33,-1.39,-2.31,-1.39
86.803,-1.07,-1.38,-2.32,-1.39,-2.3,-1.39
86.849,-0.97,-1.38,-2.31,-1.39,-2.29,-1.39
86.895,-0.93,-1.4,-2.29,-1.38,-2.28,-1.38
86.941,-0.94,-1.41,-2.28,-1.38,-2.26,-1.38
86.987,-1.0,-1.39,-2.26,-1.38,-2.24,-1.38
87.034,-1.03,-1.4,-2.24,-1.38,-2.22,-1.38
87.083,-1.11,-1.39,-2.22,-1.38,-2.2,-1.38
87.128,-1.38,-1.4,-2.2,-1.38,-2.19,-1.38
87.172,-1.01,-1.43,-2.2,-1.38,-2.19,-1.38
87.221,-0.99,-1.41,-2.2,-1.38,-2.18,-1.38
87.265,-1.03,-1.43,-2.19,-1.38,-2.18,-1.39
87.312,-1.05,-1.43,-2.18,-1.39,-2.17,-1.39
87.359,-1.03,-1.41,-2.17,-1.39,-2.16,-1.39
87.407,-1.46,-1.34,-2.17,-1.39,-2.16,-1.39
87.451,-0.66,-1.5,-2.17,-1.39,-2.16,-1.39
87.494,-0.72,-1.49,-2.18,-1.38,-2.16,-1.39
87.539,-1.0,-1.42,-2.17,-1.38,-2.16,-1.38
87.587,-1.05,-1.39,-2.16,-1.38,-2.14,-1.38
87.632,-1.03,-1.38,-2.14,-1.38,-2.13,-1.38
87.678,-0.96,-1.39,-2.13,-1.38,-2.12,-1.38
87.722,-0.85,-1.42,-2.12,-1.38,-2.11,-1.38
87.769,-0.88,-1.47,-2.1,-1.38,-2.09,-1.38
87.817,-1.05,-1.42,-2.09,-1.38,-2.08,-1.38
87.864,-1.1,-1.4,-2.07,-1.38,-2.06,-1.38
87.911,-1.0,-1.47,-2.06,-1.38,-2.05,-1.38
87.957,-0.96,-1.42,-2.05,-1.38,-2.04,-1.38
88.006,-0.99,-1.39,-2.05,-1.38,-2.04,-1.38
88.054,-0.96,-1.4,-2.04,-1.38,-2.03,-1.38
88.104,-1.38,-1.33,-2.03,-1.38,-2.02,-1.38
88.152,-1.31,-1.31,-2.04,-1.38,-2.03,-1.38
88.201,-0.56,-1.46,-2.07,-1.38,-2.06,-1.38
88.247,-0.94,-1.4,-2.08,-1.38,-2.07,-1.38
88.297,-0.77,-1.54,-2.08,-1.38,-2.07,-1.38
88.344,-0.79,-1.49,-2.08,-1.38,-2.07,-1.38
88.388,-0.8,-1.4,-2.07,-1.38,-2.06,-1.38
88.435,-0.81,-1.37,-2.06,-1.38,-2.05,-1.38
88.48,-0.79,-1.36,-2.05,-1.38,-2.04,-1.38
88.526,-0.83,-1.43,-2.04,-1.38,-2.03,-1.38
88.572,-0.84,-1.42,-2.03,-1.38,-2.02,-1.38
88.619,-0.85,-1.39,-2.02,-1.39,-2.01,-1.39
88.664,-0.81,-1.42,-2.01,-1.39,-2.0,-1.39
88.711,-0.8,-1.41,-2.0,-1.39,-1.99,-1.39
88.756,-0.73,-1.37,-1.99,-1.39,-1.98,-1.39
88.802,-0.77,-1.4,-1.98,-1.39,-1.97,-1.39
88.846,-0.81,-1.45,-1.96,-1.39,-1.95,-1.39
88.893,-0.79,-1.43,-1.95,-1.39,-1.94,-1.39
88.939,-0.83,-1.37,-1.93,-1.39,-1.92,-1.39
88.984,-0.87,-1.44,-1.92,-1.39,-1.91,-1.39
89.029,-0.79,-1.45,-1.91,-1.39,-1.9,-1.39
89.073,-0.72,-1.43,-1.91,-1.39,-1.89,-1.39
89.118,-0.77,-1.42,-1.9,-1.39,-1.88,-1.39
89.165,-0.76,-1.36,-1.89,-1.39,-1.87,-1.39
89.22,-0.75,-1.4,-1.87,-1.39,-1.86,-1.39
89.266,-0.74,-1.42,-1.86,-1.39,-1.85,-1.39
89.311,-0.8,-1.43,-1.85,-1.39,-1.83,-1.39
89.357,-0.88,-1.49,-1.83,-1.39,-1.82,-1.39
89.405,-0.86,-1.44,-1.82,-1.39,-1.81,-1.39
89.455,-0.77,-1.41,-1.81,-1.39,-1.8,-1.39
89.501,-0.72,-1.41,-1.8,-1.39,-1.79,-1.39
89.547,-0.77,-1.43,-1.79,-1.39,-1.78,-1.39
89.593,-0.87,-1.49,-1.78,-1.39,-1.77,-1.39
89.639,-0.74,-1.53,-1.78,-1.39,-1.77,-1.39
89.683,-0.65,-1.45,-1.78,-1.39,-1.77,-1.39
89.73,-0.69,-1.42,-1.77,-1.39,-1.76,-1.39
89.777,-0.74,-1.4,-1.77,-1.39,-1.76,-1.39
89.824,-0.73,-1.39,-1.76,-1.39,-1.75,-1.39
89.87,-0.72,-1.39,-1.75,-1.39,-1.74,-1.39
89.916,-0.71,-1.45,-1.74,-1.39,-1.73,-1.39
89.962,0.71,-1.69,-1.73,-1.39,-1.71,-1.39
90.006,-1.25,-1.13,-1.65,-1.39,-1.65,-1.39
90.054,-0.91,-1.42,-1.59,-1.4,-1.58,-1.4
90.099,-0.66,-1.41,-1.56,-1.4,-1.55,-1.4
90.145,1.9,-1.5,-1.53,-1.4,-1.49,-1.4
90.19,1.49,-1.45,-1.36,-1.4,-1.33,-1.4
90.234,-3.28,-1.31,-1.1,-1.4,-1.12,-1.4
90.28,-2.98,-1.35,-1.05,-1.4,-1.07,-1.4
90.324,-0.01,-1.55,-1.1,-1.4,-1.09,-1.4
90.371,-0.08,-1.5,-1.11,-1.41,-1.1,-1.41
90.416,-0.57,-1.37,-1.0,-1.41,-0.99,-1.41
90.463,-1.84,-1.32,-0.87,-1.41,-0.88,-1.41
90.51,-2.39,-1.32,-0.73,-1.41,-0.74,-1.41
90.556,-2.92,-1.33,-0.62,-1.41,-0.64,-1.41
90.602,-2.67,-1.39,-0.59,-1.41,-0.61,-1.41
90.646,-1.83,-1.54,-0.59,-1.41,-0.61,-1.41
90.691,-1.86,-1.51,-0.61,-1.41,-0.62,-1.41
90.737,-2.27,-1.37,-0.63,-1.41,-0.65,-1.41
90.782,-2.31,-1.32,-0.67,-1.41,-0.69,-1.41
90.829,-1.42,-1.36,-0.73,-1.41,-0.73,-1.41
90.874,-1.13,-1.41,-0.77,-1.41,-0.78,-1.41
90.92,-1.7,-1.47,-0.8,-1.4,-0.81,-1.41
90.965,-1.31,-1.46,-0.82,-1.4,-0.82,-1.4
91.011,-2.08,-1.42,-0.82,-1.4,-0.84,-1.41
91.057,-2.33,-1.4,-0.83,-1.41,-0.85,-1.41
91.103,-1.98,-1.39,-0.87,-1.41,-0.88,-1.4
91.148,-1.79,-1.36,-0.92,-1.4,-0.93,-1.4
91.195,-1.51,-1.37,-0.99,-1.4,-0.99,-1.4
91.241,-1.44,-1.38,-1.03,-1.4,-1.04,-1.4
91.286,-1.07,-1.38,-1.08,-1.4,-1.08,-1.4
91.33,-0.82,-1.44,-1.1,-1.4,-1.1,-1.4
91.376,-1.2,-1.47,-1.1,-1.4,-1.1,-1.4
91.422,-1.35,-1.43,-1.07,-1.4,-1.07,-1.4
91.469,-1.73,-1.43,-1.04,-1.4,-1.04,-1.4
91.514,-2.02,-1.44,-1.01,-1.4,-1.02,-1.4
91.558,-2.27,-1.35,-1.0,-1.4,-1.01,-1.4
91.604,-2.09,-1.34,-1.03,-1.4,-1.04,-1.4
91.652,-1.6,-1.36,-1.08,-1.4,-1.09,-1.4
91.697,-1.27,-1.4,-1.14,-1.4,-1.14,-1.4
91.742,-1.16,-1.4,-1.2,-1.4,-1.2,-1.4
91.788,-1.12,-1.4,-1.24,-1.4,-1.24,-1.4
91.835,-0.83,-1.42,-1.25,-1.4,-1.25,-1.4
91.88,-0.97,-1.41,-1.25,-1.4,-1.25,-1.4
91.926,-1.18,-1.35,-1.23,-1.4,-1.23,-1.4
91.97,-1.36,-1.38,-1.21,-1.4,-1.21,-1.4
92.017,-1.66,-1.42,-1.18,-1.4,-1.18,-1.4
92.063,-1.63,-1.38,-1.17,-1.4,-1.17,-1.4
92.108,-0.89,-1.52,-1.16,-1.4,-1.16,-1.4
92.155,-0.45,-1.66,-1.14,-1.4,-1.13,-1.4
92.199,-1.34,-1.67,-1.07,-1.4,-1.08,-1.41
92.246,-1.25,-1.57,-0.95,-1.41,-0.96,-1.41
92.292,-2.41,-1.23,-0.83,-1.41,-0.84,-1.4
92.339,-3.84,-1.44,-0.73,-1.41,-0.76,-1.41
92.384,-4.25,-1.17,-0.77,-1.41,-0.8,-1.41
92.429,-3.81,-1.36,-0.9,-1.41,-0.93,-1.4
92.49,-2.38,-1.5,-1.21,-1.4,-1.22,-1.4
92.536,2.4,-0.48,-1.54,-1.4,-1.5,-1.39
92.582,4.39,-0.97,-1.76,-1.38,-1.7,-1.38
92.628,-0.67,-1.57,-1.83,-1.38,-1.82,-1.38
92.675,-1.05,-1.43,-1.78,-1.38,-1.78,-1.38
92.724,-0.97,-1.36,-1.75,-1.38,-1.74,-1.38
92.77,-1.13,-1.38,-1.74,-1.38,-1.74,-1.38
92.817,-0.99,-1.26,-1.74,-1.38,-1.74,-1.38
92.865,-0.94,-1.11,-1.75,-1.38,-1.74,-1.37
92.911,-1.86,-0.01,-1.76,-1.37,-1.76,-1.36
92.956,-0.1,-2.11,-1.77,-1.36,-1.75,-1.37
93.006,0.67,-3.12,-1.73,-1.37,-1.71,-1.38
93.055,-0.03,-1.77,-1.68,-1.38,-1.66,-1.39
93.101,1.07,-1.24,-1.6,-1.39,-1.57,-1.39
93.148,3.79,-1.08,-1.45,-1.39,-1.4,-1.39
93.192,0.13,-1.21,-1.12,-1.39,-1.11,-1.39
93.236,-8.89,-1.39,-0.54,-1.4,-0.63,-1.4
93.281,-4.22,-1.46,-0.21,-1.4,-0.25,-1.4
93.326,-1.3,-1.45,-0.31,-1.4,-0.32,-1.4
93.371,-1.05,-1.48,-0.38,-1.4,-0.39,-1.4
93.417,-1.75,-1.36,-0.35,-1.41,-0.36,-1.41
93.463,-2.15,-1.5,-0.27,-1.41,-0.29,-1.41
93.508,-3.31,-1.06,-0.21,-1.42,-0.24,-1.41
93.554,-2.83,-1.24,-0.24,-1.41,-0.26,-1.41
93.599,-2.26,-1.36,-0.29,-1.41,-0.31,-1.4
93.647,-2.04,-1.3,-0.34,-1.4,-0.36,-1.4
93.695,-2.16,-1.51,-0.39,-1.4,-0.41,-1.4
93.741,-2.65,-1.32,-0.42,-1.4,-0.44,-1.4
93.787,-2.97,-1.16,-0.47,-1.4,-0.49,-1.4
93.833,-4.47,-0.67,-0.57,-1.4,-0.61,-1.39
93.881,-3.07,-0.63,-0.72,-1.39,-0.74,-1.39
93.926,-0.56,-0.42,-0.87,-1.39,-0.87,-1.38
93.987,-1.36,-1.07,-0.97,-1.38,-0.97,-1.38
94.033,-1.1,-3.85,-1.06,-1.38,-1.06,-1.41
94.082,-1.88,-2.06,-1.15,-1.41,-1.16,-1.41
94.128,-2.37,-0.96,-1.27,-1.4,-1.28,-1.39
94.175,-1.58,-1.43,-1.43,-1.35,-1.43,-1.35
94.22,-1.35,-1.12,-1.61,-1.11,-1.61,-1.11
94.266,0.11,-1.64,-1.79,-0.76,-1.77,-0.77
94.313,-2.4,-1.48,-1.84,-0.13,-1.84,-0.15
94.358,-3.43,-2.24,-1.86,0.59,-1.88,0.56
94.403,-0.63,-8.35,-1.87,1.68,-1.86,1.58
94.454,4.51,-20.48,-1.9,2.58,-1.84,2.35
94.499,-4.01,-4.71,-2.14,1.71,-2.15,1.64
94.551,-3.56,-3.29,-2.61,0.74,-2.62,0.7
94.604,-0.6,-3.16,-3.29,-0.24,-3.26,-0.27
94.653,3.46,-2.02,-3.91,-1.07,-3.83,-1.08
94.699,5.5,1.64,-4.42,-1.63,-4.32,-1.6
94.745,4.33,0.46,-4.33,-1.52,-4.25,-1.5
94.792,0.88,-1.69,-4.07,-1.3,-4.02,-1.3
94.839,0.67,-2.69,-4.09,-1.15,-4.04,-1.16
94.884,-1.62,-1.07,-4.35,-1.14,-4.33,-1.14
94.931,-0.83,-2.29,-4.84,-1.22,-4.8,-1.23
94.977,2.17,-2.33,-5.48,-1.28,-5.4,-1.29
95.025,3.58,-1.32,-6.21,-1.28,-6.11,-1.28
95.071,8.07,-2.8,-6.88,-1.28,-6.73,-1.3
95.118,10.6,-2.57,-7.32,-1.31,-7.15,-1.32
95.164,10.92,-2.38,-7.5,-1.32,-7.32,-1.34
95.212,8.93,-2.92,-7.22,-1.35,-7.05,-1.36
95.258,8.94,-3.2,-6.82,-1.38,-6.67,-1.4
95.305,7.94,-2.59,-6.26,-1.41,-6.12,-1.42
95.354,6.33,-2.48,-5.71,-1.43,-5.59,-1.44
95.403,3.72,-1.84,-5.21,-1.43,-5.12,-1.43
95.45,2.78,-2.14,-4.77,-1.42,-4.69,-1.43
95.496,2.1,-2.4,-4.36,-1.42,-4.29,-1.43
95.544,1.96,-2.62,-4.02,-1.42,-3.96,-1.43
95.593,2.1,-2.75,-3.8,-1.43,-3.74,-1.44
95.639,1.34,-2.64,-3.61,-1.43,-3.56,-1.44
95.685,2.03,-2.52,-3.5,-1.45,-3.44,-1.46
95.732,3.31,-2.03,-3.43,-1.46,-3.36,-1.46
95.777,3.38,-1.84,-3.33,-1.46,-3.27,-1.46
95.824,5.54,-2.85,-3.22,-1.45,-3.13,-1.46
95.871,6.18,-3.3,-2.93,-1.5,-2.84,-1.52
95.917,6.77,-2.69,-2.55,-1.59,-2.45,-1.6
95.962,6.33,-1.7,-1.85,-1.74,-1.77,-1.74
96.008,4.37,-1.59,-0.98,-1.87,-0.93,-1.87
96.055,2.64,-2.21,0.2,-1.88,0.23,-1.89
96.101,-1.4,-0.46,1.45,-1.86,1.42,-1.85
96.147,-3.08,-0.03,2.55,-1.77,2.49,-1.75
96.193,-4.52,0.06,3.62,-1.6,3.54,-1.59
96.241,-5.78,0.45,4.45,-1.37,4.34,-1.35
96.286,-7.17,0.33,4.89,-1.02,4.77,-1.0
96.333,-11.89,-8.14,5.3,-0.56,5.13,-0.64
96.378,-8.92,-4.62,5.2,-0.75,5.06,-0.79
96.422,-8.01,-2.48,5.02,-1.13,4.89,-1.15
96.469,-6.71,-3.25,4.78,-1.39,4.67,-1.4
96.515,-7.69,0.02,4.56,-1.57,4.44,-1.55
96.562,-6.68,-0.25,4.28,-1.55,4.17,-1.54
96.607,-6.2,-2.06,4.0,-1.37,3.9,-1.37
96.652,-4.48,0.11,3.71,-1.12,3.63,-1.11
96.698,-7.77,-3.08,3.36,-0.53,3.25,-0.55
96.743,-2.42,-8.68,2.97,0.11,2.91,0.02
96.789,-2.7,-7.26,2.48,0.01,2.43,-0.07
96.834,-0.14,-8.84,1.93,-0.37,1.91,-0.46
96.882,-1.01,-5.02,1.43,-1.29,1.4,-1.32
96.93,2.15,4.6,0.98,-2.3,1.0,-2.23
96.979,-0.52,0.49,0.91,-2.48,0.9,-2.45
97.028,-2.17,-1.44,0.94,-2.39,0.91,-2.38
97.075,-2.48,-1.47,0.92,-2.34,0.89,-2.33
97.123,-1.94,-1.07,0.88,-2.34,0.85,-2.32
97.17,-1.99,-1.0,0.84,-2.33,0.82,-2.32
97.225,-2.13,-0.08,0.81,-2.32,0.78,-2.29
97.273,-2.06,-0.56,0.76,-2.29,0.73,-2.27
97.32,-2.0,-2.63,0.71,-2.26,0.68,-2.27
97.367,-2.65,-2.05,0.66,-2.26,0.62,-2.26
97.413,-2.21,-1.35,0.56,-2.26,0.53,-2.25
97.461,-2.39,-1.44,0.45,-2.25,0.42,-2.24
97.506,-1.8,-1.44,0.32,-2.24,0.29,-2.23
97.553,-1.0,-1.45,0.16,-2.23,0.14,-2.23
97.6,-0.21,-1.47,0.03,-2.23,0.02,-2.22
97.647,-0.01,-1.36,-0.03,-2.22,-0.03,-2.21
97.693,-0.26,-1.34,-0.03,-2.21,-0.03,-2.2
97.742,-0.41,-1.31,0.05,-2.2,0.05,-2.19
97.791,-1.82,-1.29,0.18,-2.2,0.16,-2.19
97.84,-2.65,-1.33,0.31,-2.19,0.28,-2.18
97.886,-3.37,-1.37,0.41,-2.18,0.37,-2.17
97.933,-2.07,-1.35,0.46,-2.17,0.43,-2.16
97.983,-1.71,-1.34,0.47,-2.16,0.45,-2.15
98.032,-2.58,-1.59,0.49,-2.15,0.46,-2.15
98.081,-2.33,-1.53,0.47,-2.15,0.44,-2.14
98.126,-1.96,-1.42,0.43,-2.14,0.41,-2.13
98.173,-2.03,-1.38,0.39,-2.13,0.37,-2.13
98.219,-1.8,-1.36,0.36,-2.13,0.33,-2.12
98.267,-1.65,-1.39,0.32,-2.12,0.3,-2.11
98.316,-1.91,-1.43,0.3,-2.11,0.28,-2.1
98.363,-2.03,-1.42,0.29,-2.1,0.27,-2.1
98.41,-2.13,-1.44,0.27,-2.1,0.25,-2.09
98.456,-2.16,-1.39,0.25,-2.09,0.23,-2.08
98.503,-2.02,-1.32,0.22,-2.08,0.2,-2.08
98.551,-1.76,-1.31,0.18,-2.08,0.16,-2.07
98.595,-1.67,-1.35,0.16,-2.07,0.14,-2.06
98.64,-1.95,-1.35,0.14,-2.06,0.12,-2.05
98.686,-2.13,-1.41,0.14,-2.05,0.11,-2.04
98.733,-1.94,-1.51,0.13,-2.04,0.1,-2.04
98.78,-1.87,-1.53,0.11,-2.04,0.09,-2.03
98.827,-2.07,-1.42,0.09,-2.03,0.07,-2.03
98.873,-2.12,-1.41,0.08,-2.03,0.06,-2.02
98.918,-2.0,-1.41,0.06,-2.02,0.04,-2.02
98.964,-1.98,-1.38,0.04,-2.02,0.02,-2.01
99.016,-1.96,-1.42,0.02,-2.01,-0.0,-2.0
99.063,-1.98,-1.43,0.0,-2.0,-0.02,-2.0
99.11,-2.08,-1.35,-0.01,-2.0,-0.04,-1.99
99.154,-2.03,-1.31,-0.03,-1.99,-0.05,-1.99
99.202,-2.03,-1.33,-0.05,-1.99,-0.07,-1.98
99.247,-1.99,-1.37,-0.07,-1.98,-0.09,-1.97
99.294,-2.02,-1.44,-0.09,-1.97,-0.11,-1.97
99.34,-1.97,-1.42,-0.11,-1.97,-0.13,-1.96
99.385,-1.87,-1.45,-0.14,-1.96,-0.15,-1.96
99.432,-1.94,-1.44,-0.15,-1.95,-0.17,-1.95
99.478,-1.93,-1.41,-0.17,-1.95,-0.19,-1.94
99.528,-1.97,-1.4,-0.18,-1.94,-0.2,-1.94
99.579,-2.04,-1.4,-0.2,-1.94,-0.22,-1.93
99.626,-1.98,-1.47,-0.22,-1.93,-0.24,-1.93
99.673,-2.03,-1.48,-0.24,-1.92,-0.26,-1.92
99.72,-1.9,-1.39,-0.26,-1.92,-0.27,-1.91
99.765,-1.9,-1.36,-0.27,-1.92,-0.29,-1.91
99.811,-1.99,-1.4,-0.28,-1.91,-0.3,-1.91
99.857,-2.16,-1.36,-0.28,-1.91,-0.3,-1.9
99.904,-1.94,-1.34,-0.29,-1.9,-0.3,-1.9
99.952,-1.91,-1.39,-0.29,-1.9,-0.31,-1.89
99.998,-2.07,-1.51,-0.3,-1.89,-0.32,-1.89
100.044,-2.14,-1.53,-0.31,-1.89,-0.33,-1.88
100.091,-2.14,-1.44,-0.32,-1.88,-0.34,-1.88
100.136,-2.2,-1.41,-0.34,-1.88,-0.36,-1.87
100.184,-1.88,-1.43,-0.38,-1.87,-0.39,-1.87
100.23,-1.6,-1.38,-0.41,-1.87,-0.42,-1.86
100.276,-1.72,-1.37,-0.42,-1.86,-0.43,-1.86
100.322,-1.97,-1.4,-0.41,-1.86,-0.43,-1.85
100.37,-2.24,-1.39,-0.41,-1.86,-0.42,-1.85
100.417,-2.18,-1.4,-0.42,-1.85,-0.43,-1.85
100.468,-2.01,-1.41,-0.44,-1.84,-0.45,-1.84
100.514,-2.02,-1.43,-0.46,-1.84,-0.47,-1.84
100.56,-1.95,-1.37,-0.48,-1.84,-0.5,-1.83
100.606,-1.89,-1.36,-0.51,-1.83,-0.52,-1.83
100.653,-1.87,-1.42,-0.53,-1.82,-0.54,-1.82
100.701,-1.85,-1.44,-0.54,-1.82,-0.55,-1.82
100.748,-1.84,-1.4,-0.54,-1.82,-0.56,-1.81
100.795,-2.02,-1.42,-0.54,-1.81,-0.55,-1.81
100.843,-2.14,-1.45,-0.54,-1.81,-0.56,-1.8
100.888,-2.11,-1.43,-0.55,-1.8,-0.57,-1.8
100.936,-2.03,-1.38,-0.58,-1.8,-0.59,-1.8
100.982,-1.85,-1.42,-0.61,-1.79,-0.62,-1.79
101.028,-1.84,-1.38,-0.63,-1.79,-0.64,-1.79
101.076,-1.78,-1.37,-0.64,-1.79,-0.65,-1.78
101.12,-1.95,-1.48,-0.65,-1.78,-0.66,-1.78
101.167,-2.09,-1.42,-0.65,-1.78,-0.67,-1.78
101.212,-2.15,-1.4,-0.65,-1.78,-0.67,-1.77
101.258,-2.03,-1.38,-0.67,-1.77,-0.68,-1.77
101.304,-1.9,-1.4,-0.69,-1.77,-0.7,-1.77
101.351,-1.78,-1.44,-0.71,-1.77,-0.72,-1.76
101.397,-1.86,-1.47,-0.72,-1.76,-0.73,-1.76
101.443,-1.98,-1.42,-0.71,-1.76,-0.73,-1.76
101.489,-2.13,-1.35,-0.71,-1.76,-0.72,-1.75
101.535,-2.11,-1.37,-0.71,-1.76,-0.73,-1.75
101.583,-2.04,-1.44,-0.72,-1.75,-0.73,-1.75
101.63,-1.98,-1.4,-0.73,-1.75,-0.75,-1.75
101.674,-2.07,-1.36,-0.75,-1.75,-0.76,-1.74
101.72,-2.09,-1.37,-0.75,-1.74,-0.77,-1.74
101.766,-1.95,-1.35,-0.77,-1.74,-0.78,-1.74
101.813,-1.96,-1.36,-0.78,-1.74,-0.79,-1.73
101.858,-2.13,-1.45,-0.8,-1.73,-0.81,-1.73
101.904,-2.1,-1.47,-0.81,-1.73,-0.83,-1.73
101.951,-1.89,-1.45,-0.83,-1.73,-0.84,-1.72
101.997,-1.87,-1.45,-0.85,-1.72,-0.86,-1.72
102.044,-1.86,-1.35,-0.86,-1.72,-0.87,-1.72
102.1,-1.87,-1.36,-0.86,-1.72,-0.87,-1.71
102.144,-1.95,-1.38,-0.87,-1.71,-0.88,-1.71
102.191,-2.09,-1.37,-0.87,-1.71,-0.88,-1.71
102.242,-2.15,-1.33,-0.87,-1.71,-0.88,-1.7
102.292,-2.01,-1.35,-0.88,-1.7,-0.89,-1.7
102.338,-1.84,-1.41,-0.89,-1.7,-0.9,-1.7
102.384,-2.0,-1.45,-0.9,-1.69,-0.91,-1.69
102.431,-2.08,-1.51,-0.9,-1.69,-0.92,-1.69
102.478,-2.14,-1.45,-0.91,-1.69,-0.92,-1.69
102.523,-2.03,-1.42,-0.92,-1.69,-0.93,-1.68
102.569,-1.97,-1.39,-0.95,-1.68,-0.96,-1.68
102.617,-1.96,-1.36,-0.96,-1.68,-0.97,-1.68
102.663,-1.77,-1.37,-0.98,-1.68,-0.99,-1.68
102.709,-1.76,-1.34,-0.99,-1.68,-1.0,-1.67
102.755,-1.9,-1.38,-1.0,-1.67,-1.01,-1.67
102.801,-1.98,-1.4,-1.0,-1.67,-1.01,-1.67
102.848,-1.94,-1.31,-1.01,-1.66,-1.02,-1.66
102.893,-1.96,-1.31,-1.01,-1.66,-1.02,-1.66
102.939,-1.99,-1.39,-1.02,-1.66,-1.03,-1.66
102.987,-2.03,-1.4,-1.02,-1.66,-1.03,-1.65
103.032,-2.04,-1.42,-1.03,-1.65,-1.04,-1.65
103.078,-2.04,-1.4,-1.04,-1.65,-1.05,-1.65
103.123,-1.92,-1.34,-1.05,-1.65,-1.06,-1.65
103.168,-1.8,-1.33,-1.07,-1.65,-1.08,-1.64
103.214,-1.62,-1.41,-1.08,-1.64,-1.09,-1.64
103.261,-1.78,-1.47,-1.07,-1.64,-1.08,-1.64
103.308,-2.02,-1.45,-1.05,-1.64,-1.06,-1.64
103.355,-2.24,-1.37,-1.04,-1.64,-1.05,-1.63
103.401,-2.13,-1.37,-1.04,-1.63,-1.05,-1.63
103.447,-2.08,-1.4,-1.05,-1.63,-1.06,-1.63
103.494,-2.08,-1.42,-1.07,-1.63,-1.08,-1.62
103.54,-1.84,-1.42,-1.09,-1.62,-1.1,-1.62
103.588,-1.75,-1.39,-1.11,-1.62,-1.12,-1.62
103.636,-1.8,-1.34,-1.12,-1.62,-1.13,-1.62
103.682,-1.9,-1.38,-1.11,-1.62,-1.12,-1.61
103.727,-2.09,-1.48,-1.11,-1.61,-1.12,-1.61
103.773,-2.11,-1.46,-1.1,-1.61,-1.11,-1.61
103.82,-2.08,-1.39,-1.11,-1.61,-1.12,-1.61
103.867,-2.04,-1.34,-1.11,-1.61,-1.12,-1.61
103.912,-1.98,-1.4,-1.12,-1.61,-1.13,-1.61
103.958,-1.94,-1.43,-1.13,-1.61,-1.14,-1.61
104.004,-1.97,-1.45,-1.14,-1.61,-1.15,-1.6
104.05,-2.01,-1.42,-1.15,-1.6,-1.16,-1.6
104.099,-2.02,-1.36,-1.15,-1.6,-1.16,-1.6
104.145,-2.0,-1.44,-1.15,-1.6,-1.16,-1.6
104.192,-2.02,-1.42,-1.16,-1.6,-1.17,-1.6
104.238,-2.04,-1.38,-1.16,-1.6,-1.17,-1.6
104.284,-2.05,-1.39,-1.16,-1.6,-1.17,-1.59
104.331,-2.07,-1.4,-1.17,-1.59,-1.18,-1.59
104.376,-2.1,-1.4,-1.18,-1.59,-1.19,-1.59
104.422,-2.01,-1.39,-1.19,-1.59,-1.2,-1.59
104.47,-1.96,-1.42,-1.2,-1.59,-1.2,-1.58
104.519,-1.97,-1.48,-1.2,-1.58,-1.21,-1.58
104.563,-1.93,-1.44,-1.21,-1.58,-1.22,-1.58
104.611,-2.05,-1.44,-1.21,-1.58,-1.22,-1.58
104.658,-2.06,-1.37,-1.22,-1.58,-1.23,-1.58
104.705,-2.06,-1.36,-1.22,-1.58,-1.23,-1.58
104.751,-2.06,-1.4,-1.23,-1.58,-1.24,-1.58
104.799,-1.99,-1.39,-1.24,-1.57,-1.25,-1.57
104.845,-1.94,-1.41,-1.25,-1.57,-1.26,-1.57
104.893,-1.95,-1.41,-1.26,-1.57,-1.26,-1.57
104.94,-2.06,-1.43,-1.26,-1.57,-1.27,-1.57
104.987,-2.11,-1.43,-1.26,-1.57,-1.27,-1.56
105.033,-2.0,-1.39,-1.27,-1.56,-1.28,-1.56
105.079,-1.94,-1.36,-1.28,-1.56,-1.29,-1.56
105.125,-1.89,-1.34,-1.29,-1.56,-1.3,-1.56
105.17,-1.86,-1.36,-1.3,-1.56,-1.3,-1.56
105.217,-2.06,-1.45,-1.3,-1.55,-1.31,-1.55
105.262,-2.06,-1.42,-1.31,-1.55,-1.31,-1.55
105.307,-2.05,-1.45,-1.31,-1.55,-1.32,-1.55
105.353,-2.11,-1.49,-1.32,-1.55,-1.32,-1.55
105.398,-2.11,-1.4,-1.33,-1.55,-1.34,-1.55
105.444,-1.92,-1.4,-1.35,-1.55,-1.36,-1.55
105.491,-1.62,-1.46,-1.37,-1.55,-1.37,-1.55
105.539,-1.8,-1.44,-1.37,-1.55,-1.37,-1.55
105.585,-1.94,-1.37,-1.36,-1.55,-1.36,-1.54
105.633,-2.01,-1.39,-1.35,-1.55,-1.36,-1.54
105.678,-2.25,-1.45,-1.35,-1.54,-1.36,-1.54
105.726,-2.15,-1.45,-1.35,-1.54,-1.36,-1.54
105.773,-1.91,-1.37,-1.37,-1.54,-1.37,-1.54
105.816,-1.76,-1.41,-1.38,-1.54,-1.38,-1.54
105.864,-1.9,-1.43,-1.37,-1.54,-1.38,-1.54
105.909,-2.09,-1.42,-1.36,-1.54,-1.37,-1.54
105.956,-2.14,-1.47,-1.36,-1.54,-1.37,-1.54
106.003,-2.11,-1.47,-1.37,-1.54,-1.37,-1.54
106.048,-2.02,-1.4,-1.38,-1.54,-1.38,-1.54
106.095,-1.92,-1.38,-1.39,-1.53,-1.39,-1.53
106.141,-1.69,-1.44,-1.4,-1.53,-1.4,-1.53
106.187,-1.67,-1.47,-1.4,-1.53,-1.4,-1.53
106.233,-2.21,-1.38,-1.39,-1.53,-1.4,-1.53
106.278,-2.22,-1.35,-1.39,-1.53,-1.4,-1.53
106.322,-2.06,-1.39,-1.39,-1.53,-1.4,-1.53
106.367,-2.01,-1.4,-1.4,-1.53,-1.4,-1.53
106.415,-1.92,-1.46,-1.41,-1.53,-1.41,-1.52
106.46,-1.93,-1.53,-1.42,-1.53,-1.42,-1.53
106.509,-2.02,-1.45,-1.42,-1.53,-1.43,-1.53
106.555,-1.96,-1.41,-1.42,-1.53,-1.43,-1.52
106.6,-1.94,-1.39,-1.43,-1.52,-1.43,-1.52
106.646,-1.93,-1.39,-1.43,-1.52,-1.43,-1.52
106.691,-1.98,-1.41,-1.43,-1.52,-1.43,-1.52
106.738,-2.06,-1.4,-1.43,-1.52,-1.44,-1.52
106.782,-2.2,-1.49,-1.43,-1.52,-1.44,-1.52
106.827,-2.09,-1.45,-1.45,-1.52,-1.46,-1.52
106.876,-1.84,-1.35,-1.48,-1.52,-1.48,-1.52
106.921,-1.72,-1.4,-1.5,-1.51,-1.5,-1.51
106.967,-1.65,-1.47,-1.51,-1.51,-1.52,-1.51
107.014,-1.76,-1.47,-1.51,-1.51,-1.51,-1.51
107.062,-2.06,-1.44,-1.49,-1.51,-1.5,-1.51
107.107,-2.15,-1.44,-1.49,-1.51,-1.49,-1.51
107.154,-2.25,-1.37,-1.48,-1.51,-1.49,-1.51
107.199,-2.14,-1.36,-1.5,-1.51,-1.51,-1.51
107.244,-1.9,-1.42,-1.53,-1.51,-1.53,-1.51
107.291,-1.7,-1.48,-1.56,-1.51,-1.56,-1.51
107.338,-1.74,-1.45,-1.58,-1.51,-1.58,-1.51
107.384,-1.86,-1.41,-1.59,-1.51,-1.59,-1.51
107.429,-1.76,-1.38,-1.6,-1.51,-1.6,-1.51
107.476,-1.72,-1.4,-1.61,-1.51,-1.61,-1.5
107.522,-1.73,-1.4,-1.62,-1.5,-1.62,-1.5
107.568,-1.82,-1.4,-1.62,-1.5,-1.62,-1.5
107.613,-1.86,-1.41,-1.62,-1.5,-1.62,-1.5
107.659,-1.84,-1.4,-1.61,-1.5,-1.62,-1.5
107.708,-1.82,-1.38,-1.61,-1.5,-1.61,-1.5
107.755,-1.92,-1.39,-1.61,-1.5,-1.61,-1.5
107.803,-1.91,-1.47,-1.61,-1.5,-1.61,-1.5
107.85,-1.76,-1.49,-1.62,-1.49,-1.62,-1.49
107.898,-1.7,-1.46,-1.63,-1.49,-1.63,-1.49
107.945,-1.67,-1.42,-1.62,-1.49,-1.62,-1.49
107.994,-1.96,-1.38,-1.61,-1.49,-1.61,-1.49
108.052,-2.14,-1.4,-1.6,-1.49,-1.61,-1.49
108.099,-1.97,-1.43,-1.61,-1.49,-1.61,-1.49
108.147,-1.69,-1.43,-1.63,-1.49,-1.63,-1.49
108.195,-1.58,-1.43,-1.64,-1.49,-1.64,-1.49
108.243,-1.64,-1.43,-1.64,-1.49,-1.64,-1.49
108.291,-1.72,-1.37,-1.63,-1.49,-1.63,-1.49
108.343,-1.85,-1.4,-1.6,-1.49,-1.61,-1.49
108.391,-1.98,-1.46,-1.58,-1.49,-1.58,-1.48
108.439,-1.98,-1.47,-1.56,-1.48,-1.57,-1.48
108.485,-2.14,-1.44,-1.55,-1.48,-1.55,-1.48
108.536,-2.08,-1.45,-1.55,-1.48,-1.55,-1.48
108.598,-1.93,-1.39,-1.55,-1.48,-1.56,-1.48
108.645,-1.82,-1.39,-1.56,-1.48,-1.56,-1.48
108.694,-1.78,-1.41,-1.57,-1.48,-1.57,-1.48
108.746,-1.81,-1.4,-1.57,-1.48,-1.57,-1.48
108.795,-1.97,-1.39,-1.57,-1.48,-1.57,-1.48
108.842,-2.13,-1.4,-1.56,-1.48,-1.57,-1.48
108.893,-2.0,-1.42,-1.57,-1.48,-1.57,-1.47
108.941,-1.84,-1.44,-1.57,-1.47,-1.58,-1.47
108.988,-1.8,-1.42,-1.58,-1.47,-1.58,-1.47
109.032,-1.89,-1.41,-1.58,-1.47,-1.58,-1.47
109.079,-2.0,-1.41,-1.57,-1.47,-1.58,-1.47
109.125,-1.94,-1.44,-1.57,-1.47,-1.58,-1.47
109.171,-1.84,-1.45,-1.57,-1.47,-1.58,-1.47
109.217,-2.01,-1.48,-1.58,-1.47,-1.58,-1.47
109.262,-2.05,-1.47,-1.58,-1.47,-1.58,-1.47
109.31,-2.0,-1.38,-1.59,-1.47,-1.59,-1.47
109.358,-2.07,-1.36,-1.6,-1.47,-1.6,-1.47
109.405,-2.0,-1.39,-1.61,-1.47,-1.62,-1.47
109.45,-1.64,-1.43,-1.63,-1.47,-1.63,-1.47
109.494,-1.58,-1.4,-1.64,-1.47,-1.64,-1.46
109.54,-1.96,-1.42,-1.63,-1.46,-1.64,-1.46
109.587,-2.12,-1.47,-1.63,-1.46,-1.64,-1.46
109.631,-2.14,-1.43,-1.64,-1.46,-1.65,-1.46
109.676,-1.81,-1.4,-1.67,-1.46,-1.67,-1.46
109.721,-1.3,-1.36,-1.69,-1.46,-1.69,-1.46
109.767,-1.28,-1.38,-1.69,-1.46,-1.68,-1.46
109.814,-1.6,-1.42,-1.67,-1.46,-1.67,-1.46
109.861,-1.99,-1.43,-1.63,-1.46,-1.63,-1.46
109.916,-2.25,-1.39,-1.59,-1.46,-1.6,-1.46
109.964,-2.18,-1.43,-1.58,-1.46,-1.59,-1.46
110.012,-2.09,-1.44,-1.59,-1.46,-1.59,-1.46
110.061,-2.03,-1.44,-1.6,-1.46,-1.61,-1.46
110.11,-1.72,-1.41,-1.63,-1.46,-1.63,-1.46
110.159,-1.52,-1.41,-1.65,-1.46,-1.64,-1.46
110.211,-1.45,-1.42,-1.66,-1.46,-1.65,-1.46
110.257,-1.54,-1.42,-1.64,-1.46,-1.64,-1.46
110.305,-2.01,-1.38,-1.62,-1.46,-1.62,-1.46
110.352,-2.17,-1.37,-1.59,-1.46,-1.59,-1.46
110.398,-2.3,-1.41,-1.57,-1.45,-1.58,-1.45
110.443,-2.18,-1.42,-1.58,-1.45,-1.59,-1.45
110.49,-1.74,-1.44,-1.61,-1.45,-1.61,-1.45
110.536,-1.61,-1.47,-1.63,-1.45,-1.63,-1.45
110.583,-1.58,-1.47,-1.64,-1.45,-1.64,-1.45
110.631,-1.7,-1.43,-1.64,-1.45,-1.64,-1.45
110.682,-1.8,-1.45,-1.63,-1.45,-1.63,-1.45
110.732,-1.95,-1.42,-1.62,-1.45,-1.62,-1.45
110.781,-2.03,-1.38,-1.61,-1.45,-1.61,-1.45
110.826,-2.17,-1.33,-1.6,-1.45,-1.61,-1.45
110.876,-2.15,-1.36,-1.61,-1.45,-1.61,-1.44
110.921,-1.85,-1.46,-1.63,-1.44,-1.63,-1.44
110.969,-1.8,-1.41,-1.65,-1.44,-1.65,-1.44
111.018,-1.84,-1.42,-1.66,-1.44,-1.66,-1.44
111.062,-1.88,-1.45,-1.67,-1.44,-1.67,-1.44
111.108,-1.78,-1.46,-1.68,-1.44,-1.68,-1.44
111.152,-1.64,-1.48,-1.7,-1.44,-1.7,-1.44
111.203,-1.53,-1.48,-1.7,-1.45,-1.7,-1.45
111.251,-1.58,-1.45,-1.7,-1.45,-1.7,-1.45
111.296,-1.87,-1.4,-1.69,-1.45,-1.69,-1.45
111.342,-2.08,-1.4,-1.67,-1.45,-1.67,-1.45
111.389,-2.04,-1.42,-1.66,-1.45,-1.67,-1.45
111.435,-1.88,-1.39,-1.66,-1.44,-1.67,-1.44
111.481,-1.72,-1.44,-1.66,-1.44,-1.66,-1.44
111.527,-1.69,-1.43,-1.66,-1.44,-1.66,-1.44
111.573,-1.93,-1.44,-1.65,-1.44,-1.65,-1.44
111.619,-2.02,-1.42,-1.64,-1.44,-1.64,-1.44
111.666,-2.02,-1.38,-1.63,-1.44,-1.63,-1.44
111.71,-2.02,-1.36,-1.63,-1.44,-1.64,-1.44
111.756,-2.01,-1.42,-1.64,-1.44,-1.65,-1.44
111.802,-2.05,-1.51,-1.66,-1.44,-1.66,-1.44
111.848,-1.96,-1.53,-1.69,-1.44,-1.69,-1.44
111.894,-1.62,-1.41,-1.72,-1.44,-1.72,-1.44
111.941,-1.38,-1.39,-1.75,-1.44,-1.75,-1.44
111.986,-1.33,-1.44,-1.75,-1.44,-1.75,-1.44
112.03,-1.57,-1.42,-1.73,-1.44,-1.73,-1.44
112.075,-1.92,-1.43,-1.71,-1.44,-1.71,-1.44
112.12,-1.99,-1.43,-1.69,-1.44,-1.69,-1.44
112.169,-2.02,-1.43,-1.68,-1.44,-1.68,-1.44
112.215,-1.83,-1.37,-1.68,-1.44,-1.68,-1.44
112.262,-1.86,-1.37,-1.67,-1.44,-1.67,-1.44
112.309,-1.9,-1.41,-1.67,-1.44,-1.67,-1.44
112.355,-1.87,-1.44,-1.67,-1.44,-1.67,-1.44
112.4,-1.78,-1.46,-1.67,-1.44,-1.67,-1.44
112.443,-1.67,-1.39,-1.67,-1.44,-1.67,-1.44
112.489,-1.72,-1.45,-1.66,-1.44,-1.66,-1.44
112.535,-1.8,-1.47,-1.65,-1.44,-1.65,-1.44
112.578,-1.86,-1.46,-1.64,-1.44,-1.64,-1.44
112.624,-2.04,-1.39,-1.63,-1.44,-1.64,-1.44
112.671,-2.1,-1.37,-1.64,-1.44,-1.65,-1.44
112.715,-1.79,-1.37,-1.66,-1.44,-1.66,-1.43
112.761,-1.65,-1.38,-1.68,-1.43,-1.68,-1.43
112.807,-1.36,-1.41,-1.69,-1.43,-1.69,-1.43
112.854,-1.38,-1.42,-1.68,-1.43,-1.68,-1.43
112.898,-1.8,-1.46,-1.65,-1.43,-1.65,-1.43
112.945,-2.06,-1.4,-1.62,-1.43,-1.62,-1.43
112.99,-2.29,-1.38,-1.6,-1.43,-1.6,-1.43
113.037,-2.28,-1.37,-1.6,-1.43,-1.61,-1.43
113.085,-1.98,-1.32,-1.62,-1.43,-1.62,-1.43
113.129,-1.58,-1.34,-1.65,-1.43,-1.65,-1.43
113.175,-1.27,-1.45,-1.68,-1.43,-1.68,-1.43
113.22,-1.41,-1.49,-1.68,-1.43,-1.68,-1.43
113.264,-1.83,-1.49,-1.66,-1.43,-1.66,-1.43
113.311,-2.1,-1.43,-1.63,-1.43,-1.64,-1.43
113.355,-2.19,-1.44,-1.61,-1.43,-1.62,-1.43
113.399,-1.99,-1.44,-1.62,-1.43,-1.62,-1.43
113.443,-1.83,-1.43,-1.63,-1.43,-1.63,-1.43
113.489,-1.88,-1.41,-1.64,-1.43,-1.64,-1.43
113.534,-1.97,-1.4,-1.65,-1.43,-1.65,-1.43
113.58,-1.91,-1.42,-1.66,-1.43,-1.66,-1.43
113.626,-1.53,-1.45,-1.67,-1.43,-1.67,-1.43
113.677,-1.53,-1.42,-1.67,-1.43,-1.67,-1.43
113.727,-1.67,-1.43,-1.66,-1.43,-1.66,-1.43
113.772,-1.8,-1.46,-1.65,-1.42,-1.65,-1.43
113.816,-2.08,-1.41,-1.63,-1.42,-1.63,-1.42
113.863,-2.09,-1.39,-1.62,-1.42,-1.63,-1.42
113.915,-1.83,-1.38,-1.63,-1.42,-1.63,-1.42
113.96,-1.76,-1.38,-1.63,-1.42,-1.63,-1.42
114.006,-1.67,-1.41,-1.64,-1.42,-1.64,-1.42
114.05,-1.68,-1.42,-1.63,-1.42,-1.63,-1.42
114.095,-2.07,-1.47,-1.62,-1.42,-1.63,-1.42
114.141,-2.14,-1.45,-1.62,-1.42,-1.62,-1.42
114.187,-2.07,-1.42,-1.62,-1.42,-1.63,-1.42
114.231,-2.04,-1.47,-1.64,-1.42,-1.65,-1.42
114.277,-1.9,-1.48,-1.68,-1.42,-1.68,-1.43
114.322,-1.58,-1.4,-1.71,-1.43,-1.71,-1.42
114.368,-1.38,-1.38,-1.73,-1.42,-1.72,-1.42
114.414,-1.35,-1.36,-1.73,-1.42,-1.73,-1.42
114.459,-1.55,-1.41,-1.71,-1.42,-1.71,-1.42
114.504,-1.98,-1.45,-1.67,-1.42,-1.67,-1.42
114.549,-2.2,-1.45,-1.64,-1.42,-1.64,-1.42
114.593,-2.16,-1.47,-1.63,-1.42,-1.64,-1.42
114.638,-1.95,-1.41,-1.64,-1.42,-1.64,-1.42
114.684,-1.83,-1.41,-1.65,-1.42,-1.66,-1.42
114.73,-1.89,-1.47,-1.66,-1.42,-1.67,-1.42
114.776,-2.02,-1.46,-1.67,-1.42,-1.68,-1.42
114.823,-1.59,-1.44,-1.69,-1.42,-1.69,-1.42
114.868,-1.47,-1.44,-1.69,-1.42,-1.69,-1.42
114.914,-1.6,-1.38,-1.69,-1.42,-1.69,-1.42
114.96,-1.68,-1.4,-1.67,-1.42,-1.67,-1.42
115.006,-1.91,-1.48,-1.65,-1.42,-1.65,-1.42
115.052,-2.08,-1.51,-1.63,-1.42,-1.63,-1.42
115.106,-2.15,-1.45,-1.61,-1.42,-1.62,-1.42
115.155,-2.18,-1.41,-1.62,-1.42,-1.63,-1.42
115.2,-1.97,-1.43,-1.64,-1.42,-1.64,-1.42
115.246,-1.57,-1.47,-1.67,-1.42,-1.67,-1.42
115.293,-1.14,-1.39,-1.7,-1.42,-1.7,-1.42
115.34,-1.27,-1.38,-1.69,-1.42,-1.69,-1.42
115.385,-1.94,-1.43,-1.66,-1.42,-1.67,-1.42
115.431,-2.18,-1.44,-1.63,-1.42,-1.64,-1.42
115.479,-2.29,-1.41,-1.61,-1.42,-1.62,-1.42
115.525,-2.27,-1.4,-1.62,-1.42,-1.63,-1.42
115.571,-2.09,-1.42,-1.65,-1.42,-1.65,-1.42
115.617,-1.51,-1.39,-1.68,-1.42,-1.68,-1.42
115.663,-1.72,-1.38,-1.7,-1.42,-1.7,-1.42
115.709,-1.55,-1.38,-1.71,-1.42,-1.71,-1.42
115.755,-1.59,-1.38,-1.72,-1.42,-1.72,-1.42
115.802,-1.64,-1.44,-1.71,-1.42,-1.71,-1.42
115.849,-1.73,-1.43,-1.7,-1.42,-1.7,-1.42
115.895,-1.97,-1.43,-1.68,-1.42,-1.68,-1.42
115.94,-2.05,-1.44,-1.67,-1.42,-1.67,-1.42
115.984,-1.95,-1.43,-1.67,-1.42,-1.67,-1.42
116.031,-1.87,-1.42,-1.67,-1.42,-1.68,-1.42
116.077,-1.66,-1.39,-1.68,-1.42,-1.68,-1.42
116.123,-1.52,-1.42,-1.69,-1.42,-1.69,-1.42
116.169,-1.76,-1.51,-1.69,-1.42,-1.69,-1.42
116.215,-2.12,-1.45,-1.68,-1.42,-1.68,-1.42
116.261,-2.13,-1.38,-1.68,-1.43,-1.68,-1.43
116.307,-2.01,-1.38,-1.7,-1.43,-1.7,-1.42
116.354,-1.72,-1.38,-1.73,-1.42,-1.73,-1.42
116.4,-1.48,-1.39,-1.76,-1.42,-1.76,-1.42
116.447,-1.5,-1.38,-1.79,-1.42,-1.79,-1.42
116.492,-1.47,-1.4,-1.81,-1.42,-1.81,-1.42
116.537,-1.53,-1.51,-1.82,-1.42,-1.82,-1.42
116.584,-1.64,-1.5,-1.82,-1.42,-1.82,-1.42
116.63,-1.75,-1.47,-1.82,-1.42,-1.82,-1.42
116.677,-1.83,-1.44,-1.82,-1.42,-1.82,-1.42
116.723,-1.96,-1.4,-1.82,-1.42,-1.83,-1.42
116.768,-1.97,-1.38,-1.86,-1.42,-1.86,-1.42
116.815,-1.47,-1.4,-1.9,-1.42,-1.9,-1.42
116.863,-1.25,-1.4,-1.96,-1.42,-1.95,-1.42
116.909,-0.91,-1.42,-2.01,-1.42,-2.0,-1.42
116.955,-0.85,-1.39,-2.03,-1.42,-2.02,-1.42
117.001,-0.85,-1.41,-2.03,-1.42,-2.02,-1.42
117.048,-0.89,-1.44,-2.0,-1.42,-1.99,-1.42
117.096,-1.2,-1.42,-1.95,-1.42,-1.94,-1.42
117.141,-1.74,-1.54,-1.9,-1.42,-1.9,-1.42
117.188,-1.93,-1.55,-1.85,-1.42,-1.85,-1.42
117.234,-2.1,-1.47,-1.82,-1.42,-1.82,-1.42
117.28,-1.91,-1.45,-1.84,-1.42,-1.84,-1.42
117.328,-1.4,-1.38,-1.88,-1.42,-1.87,-1.42
117.375,-1.2,-1.39,-1.92,-1.43,-1.91,-1.42
117.422,-1.11,-1.46,-1.95,-1.43,-1.94,-1.43
117.469,-1.15,-1.45,-1.96,-1.43,-1.95,-1.43
117.514,-1.24,-1.45,-1.96,-1.43,-1.96,-1.43
117.561,-1.29,-1.32,-1.96,-1.43,-1.96,-1.43
117.606,-1.42,-1.29,-1.96,-1.43,-1.96,-1.43
117.653,-1.64,-1.43,-1.96,-1.43,-1.96,-1.43
117.7,-1.66,-1.46,-1.98,-1.43,-1.98,-1.43
117.745,-1.51,-1.43,-2.02,-1.43,-2.01,-1.43
117.792,-1.29,-1.44,-2.06,-1.43,-2.06,-1.43
117.837,-0.54,-1.48,-2.12,-1.43,-2.1,-1.43
117.883,-0.43,-1.47,-2.15,-1.43,-2.13,-1.43
117.929,-0.98,-1.4,-2.15,-1.43,-2.14,-1.43
117.975,-1.18,-1.36,-2.13,-1.43,-2.12,-1.43
118.02,-1.28,-1.25,-2.12,-1.43,-2.11,-1.42
118.066,-1.44,-1.21,-2.13,-1.42,-2.13,-1.42
118.112,-0.55,-1.56,-2.17,-1.41,-2.16,-1.42
118.157,-0.53,-1.51,-2.2,-1.41,-2.18,-1.41
118.203,-0.92,-1.47,-2.2,-1.41,-2.19,-1.41
118.251,-0.97,-1.49,-2.19,-1.41,-2.18,-1.41
118.301,-0.89,-1.46,-2.18,-1.42,-2.17,-1.42
118.364,-0.83,-1.41,-2.18,-1.42,-2.17,-1.42
118.414,-0.74,-1.43,-2.18,-1.42,-2.17,-1.42
118.463,-0.73,-1.45,-2.17,-1.41,-2.16,-1.41
118.509,-0.85,-1.44,-2.16,-1.41,-2.15,-1.41
118.556,-0.92,-1.43,-2.14,-1.41,-2.13,-1.41
118.603,-0.96,-1.42,-2.13,-1.41,-2.11,-1.41
118.651,-0.94,-1.39,-2.11,-1.41,-2.1,-1.41
118.698,-0.85,-1.42,-2.1,-1.41,-2.09,-1.41
118.746,-0.86,-1.41,-2.09,-1.41,-2.08,-1.41
118.793,-0.86,-1.38,-2.08,-1.42,-2.07,-1.41
118.841,-0.83,-1.37,-2.08,-1.41,-2.06,-1.41
118.885,-0.7,-1.4,-2.07,-1.41,-2.06,-1.41
118.931,-0.72,-1.42,-2.06,-1.41,-2.04,-1.41
118.977,-0.86,-1.49,-2.04,-1.41,-2.03,-1.41
119.023,-0.89,-1.49,-2.03,-1.41,-2.02,-1.42
119.068,-0.87,-1.46,-2.02,-1.42,-2.01,-1.42
119.113,-0.74,-1.4,-2.01,-1.42,-2.0,-1.42
119.159,-0.76,-1.45,-2.0,-1.41,-1.99,-1.41
119.204,-0.86,-1.42,-1.99,-1.41,-1.98,-1.41
119.25,-0.85,-1.41,-1.97,-1.41,-1.96,-1.41
119.296,-0.8,-1.45,-1.97,-1.41,-1.95,-1.41
119.342,-0.7,-1.44,-1.96,-1.41,-1.95,-1.41
119.388,-0.6,-1.43,-1.96,-1.41,-1.94,-1.41
119.434,-0.79,-1.46,-1.94,-1.41,-1.93,-1.41
119.48,-0.89,-1.43,-1.93,-1.41,-1.92,-1.41
119.527,-0.9,-1.4,-1.91,-1.41,-1.9,-1.41
119.57,-0.8,-1.38,-1.9,-1.41,-1.89,-1.41
119.616,-0.74,-1.38,-1.89,-1.41,-1.88,-1.41
119.661,-0.65,-1.38,-1.88,-1.41,-1.87,-1.41
119.708,-0.63,-1.4,-1.87,-1.41,-1.85,-1.41
119.752,-0.8,-1.46,-1.84,-1.41,-1.83,-1.41
119.798,-0.87,-1.49,-1.82,-1.41,-1.81,-1.41
119.843,-0.9,-1.44,-1.8,-1.41,-1.79,-1.41
119.888,-0.85,-1.43,-1.79,-1.41,-1.78,-1.41
119.936,-0.85,-1.4,-1.78,-1.41,-1.77,-1.41
119.983,-0.77,-1.4,-1.77,-1.41,-1.76,-1.41
120.03,-0.76,-1.39,-1.76,-1.41,-1.75,-1.41
120.076,-0.74,-1.38,-1.75,-1.41,-1.74,-1.41
120.123,-0.73,-1.41,-1.74,-1.41,-1.73,-1.41
120.169,-0.8,-1.46,-1.72,-1.41,-1.71,-1.41
120.216,-0.83,-1.43,-1.7,-1.41,-1.69,-1.41
120.264,-0.78,-1.4,-1.69,-1.41,-1.68,-1.41
120.31,-0.78,-1.35,-1.68,-1.41,-1.67,-1.41
120.356,-0.78,-1.38,-1.66,-1.41,-1.66,-1.41
120.404,-0.8,-1.44,-1.66,-1.41,-1.65,-1.41
120.449,-0.78,-1.45,-1.65,-1.41,-1.64,-1.41
120.499,-0.82,-1.48,-1.64,-1.41,-1.63,-1.41
120.547,-0.83,-1.48,-1.63,-1.41,-1.62,-1.41
120.594,-0.81,-1.47,-1.61,-1.41,-1.61,-1.41
120.639,-0.83,-1.47,-1.6,-1.41,-1.59,-1.41
120.686,-0.83,-1.45,-1.59,-1.41,-1.58,-1.41
120.731,-0.83,-1.45,-1.58,-1.41,-1.58,-1.41
120.782,-0.87,-1.41,-1.57,-1.41,-1.57,-1.41
120.831,-0.92,-1.44,-1.57,-1.41,-1.56,-1.41
120.875,-0.69,-1.41,-1.56,-1.41,-1.55,-1.41
120.92,-0.68,-1.34,-1.55,-1.41,-1.54,-1.41
120.966,-0.86,-1.4,-1.53,-1.41,-1.53,-1.41
121.012,-0.83,-1.5,-1.52,-1.41,-1.51,-1.41
121.056,-0.81,-1.55,-1.51,-1.41,-1.5,-1.41
121.101,-0.88,-1.52,-1.5,-1.41,-1.49,-1.41
121.147,-0.87,-1.45,-1.49,-1.41,-1.49,-1.41
121.193,-0.81,-1.43,-1.49,-1.42,-1.48,-1.42
121.24,-0.78,-1.47,-1.48,-1.42,-1.47,-1.42
121.286,-0.78,-1.47,-1.47,-1.42,-1.46,-1.42
121.332,-0.78,-1.51,-1.46,-1.42,-1.45,-1.42
121.378,-0.76,-1.5,-1.45,-1.42,-1.44,-1.42
121.423,-0.78,-1.49,-1.43,-1.42,-1.43,-1.42
121.47,-0.93,-1.49,-1.42,-1.42,-1.41,-1.42
121.517,-0.9,-1.46,-1.41,-1.42,-1.4,-1.42
121.564,-0.8,-1.45,-1.4,-1.42,-1.4,-1.42
121.61,-0.79,-1.45,-1.4,-1.42,-1.39,-1.42
121.657,-0.76,-1.44,-1.39,-1.42,-1.39,-1.42
121.703,-0.76,-1.46,-1.39,-1.43,-1.38,-1.43
121.749,-0.85,-1.47,-1.37,-1.43,-1.37,-1.43
121.796,-0.92,-1.47,-1.36,-1.43,-1.36,-1.43
121.842,-0.99,-1.46,-1.36,-1.42,-1.35,-1.43
121.887,-0.83,-1.47,-1.35,-1.42,-1.35,-1.42
121.933,-0.71,-1.44,-1.35,-1.42,-1.34,-1.42
121.977,-0.76,-1.4,-1.34,-1.42,-1.34,-1.42
122.023,-0.78,-1.45,-1.33,-1.42,-1.33,-1.42
122.069,-0.87,-1.44,-1.32,-1.42,-1.32,-1.42
122.113,-0.94,-1.4,-1.31,-1.42,-1.3,-1.42
122.158,-0.94,-1.43,-1.3,-1.42,-1.3,-1.42
122.202,-0.84,-1.49,-1.3,-1.42,-1.29,-1.42
122.247,-0.77,-1.49,-1.29,-1.42,-1.29,-1.42
122.292,-0.77,-1.48,-1.29,-1.42,-1.28,-1.43
122.337,-0.81,-1.45,-1.28,-1.43,-1.28,-1.43
122.384,-0.93,-1.39,-1.27,-1.43,-1.27,-1.43
122.432,-0.87,-1.47,-1.27,-1.43,-1.26,-1.43
122.479,-0.7,-1.5,-1.26,-1.43,-1.26,-1.43
122.525,-0.72,-1.46,-1.25,-1.43,-1.24,-1.43
122.571,-0.93,-1.43,-1.24,-1.43,-1.23,-1.43
122.617,-0.94,-1.47,-1.23,-1.43,-1.22,-1.43
122.664,-0.93,-1.45,-1.22,-1.43,-1.22,-1.43
122.709,-0.84,-1.48,-1.22,-1.43,-1.22,-1.43
122.756,-0.76,-1.49,-1.22,-1.43,-1.22,-1.43
122.802,-0.73,-1.45,-1.22,-1.43,-1.22,-1.43
122.848,-0.82,-1.42,-1.21,-1.43,-1.21,-1.43
122.895,-0.94,-1.39,-1.2,-1.43,-1.2,-1.43
122.94,-0.89,-1.42,-1.19,-1.43,-1.19,-1.43
122.985,-0.79,-1.44,-1.19,-1.43,-1.19,-1.43
123.032,-0.74,-1.44,-1.19,-1.43,-1.19,-1.43
123.077,-0.74,-1.43,-1.19,-1.42,-1.19,-1.42
123.123,-0.8,-1.46,-1.19,-1.42,-1.18,-1.42
123.169,-0.78,-1.49,-1.18,-1.42,-1.17,-1.43
123.224,-0.82,-1.47,-1.17,-1.43,-1.17,-1.43
123.273,-0.88,-1.45,-1.16,-1.43,-1.16,-1.43
123.322,-0.81,-1.44,-1.16,-1.43,-1.15,-1.43
123.366,-0.78,-1.44,-1.15,-1.43,-1.14,-1.43
123.412,-0.88,-1.42,-1.14,-1.43,-1.14,-1.43
123.458,-0.96,-1.44,-1.13,-1.43,-1.13,-1.43
123.504,-1.03,-1.45,-1.13,-1.43,-1.13,-1.43
123.549,-0.92,-1.45,-1.13,-1.43,-1.13,-1.43
123.597,-0.69,-1.45,-1.14,-1.43,-1.13,-1.43
123.643,-0.74,-1.44,-1.13,-1.43,-1.13,-1.43
123.689,-0.86,-1.38,-1.12,-1.43,-1.12,-1.43
123.733,-0.94,-1.38,-1.11,-1.43,-1.11,-1.43
123.779,-1.0,-1.41,-1.1,-1.43,-1.1,-1.43
123.824,-0.9,-1.43,-1.11,-1.43,-1.11,-1.43
123.87,-0.73,-1.46,-1.11,-1.43,-1.11,-1.43
123.918,-0.72,-1.44,-1.11,-1.43,-1.1,-1.43
123.964,-0.79,-1.45,-1.1,-1.43,-1.1,-1.43
124.011,-0.86,-1.49,-1.09,-1.43,-1.09,-1.43
124.055,-0.87,-1.44,-1.09,-1.43,-1.08,-1.43
124.101,-0.85,-1.44,-1.08,-1.43,-1.08,-1.43
124.145,-0.81,-1.47,-1.07,-1.43,-1.07,-1.43
124.19,-0.81,-1.47,-1.07,-1.43,-1.07,-1.43
124.236,-0.83,-1.4,-1.06,-1.43,-1.06,-1.43
124.281,-0.85,-1.4,-1.05,-1.43,-1.05,-1.43
124.325,-0.8,-1.46,-1.05,-1.43,-1.04,-1.43
124.37,-0.77,-1.43,-1.04,-1.43,-1.04,-1.43
124.416,-0.83,-1.45,-1.04,-1.43,-1.04,-1.43
124.464,-0.83,-1.46,-1.04,-1.43,-1.03,-1.43
124.511,-0.84,-1.43,-1.03,-1.43,-1.03,-1.43
124.556,-0.81,-1.42,-1.03,-1.43,-1.03,-1.43
124.603,-0.77,-1.52,-1.03,-1.43,-1.03,-1.43
124.648,-0.8,-1.51,-1.03,-1.43,-1.02,-1.43
124.695,-0.85,-1.39,-1.02,-1.43,-1.02,-1.43
124.74,-0.86,-1.38,-1.02,-1.43,-1.02,-1.43
124.788,-0.73,-1.4,-1.02,-1.43,-1.01,-1.43
124.835,-0.73,-1.42,-1.01,-1.43,-1.01,-1.43
124.881,-0.83,-1.47,-1.01,-1.43,-1.0,-1.43
124.928,-0.81,-1.46,-1.01,-1.43,-1.0,-1.43
124.973,-0.91,-1.41,-1.0,-1.43,-1.0,-1.43
125.02,-0.88,-1.39,-1.0,-1.43,-1.0,-1.43
125.069,-0.69,-1.4,-1.0,-1.43,-1.0,-1.43
125.113,-0.76,-1.42,-1.0,-1.43,-1.0,-1.43
125.157,-0.85,-1.45,-0.99,-1.43,-0.99,-1.43
125.203,-0.83,-1.44,-0.99,-1.43,-0.99,-1.43
125.249,-0.87,-1.48,-0.98,-1.43,-0.98,-1.43
125.294,-0.75,-1.45,-0.98,-1.43,-0.98,-1.43
125.338,-0.64,-1.45,-0.98,-1.43,-0.98,-1.43
125.384,-0.76,-1.47,-0.98,-1.43,-0.97,-1.43
125.431,-0.83,-1.41,-0.97,-1.43,-0.97,-1.43
125.477,-0.94,-1.4,-0.96,-1.43,-0.96,-1.43
125.524,-0.91,-1.42,-0.96,-1.43,-0.96,-1.43
125.569,-0.74,-1.4,-0.96,-1.43,-0.96,-1.43
125.617,-0.73,-1.43,-0.96,-1.43,-0.95,-1.43
125.663,-0.71,-1.5,-0.95,-1.43,-0.95,-1.43
125.709,-0.77,-1.48,-0.94,-1.43,-0.94,-1.43
125.755,-0.83,-1.41,-0.94,-1.43,-0.93,-1.43
125.801,-0.79,-1.38,-0.93,-1.43,-0.93,-1.43
125.848,-0.83,-1.4,-0.93,-1.43,-0.93,-1.43
125.893,-0.82,-1.45,-0.93,-1.43,-0.92,-1.43
125.939,-0.79,-1.46,-0.93,-1.43,-0.92,-1.43
125.984,-0.79,-1.42,-0.92,-1.43,-0.92,-1.43
126.03,-0.76,-1.42,-0.92,-1.43,-0.92,-1.43
126.076,-0.77,-1.46,-0.92,-1.43,-0.92,-1.43
126.122,-0.83,-1.44,-0.91,-1.43,-0.91,-1.43
126.169,-0.81,-1.4,-0.91,-1.43,-0.91,-1.43
126.215,-0.88,-1.39,-0.9,-1.43,-0.9,-1.43
126.259,-0.83,-1.42,-0.9,-1.43,-0.9,-1.43
126.307,-0.71,-1.42,-0.9,-1.43,-0.9,-1.43
126.353,-0.74,-1.42,-0.89,-1.43,-0.89,-1.43
126.4,-0.9,-1.46,-0.88,-1.43,-0.88,-1.43
126.457,-0.94,-1.45,-0.88,-1.43,-0.88,-1.43
126.503,-0.84,-1.43,-0.88,-1.43,-0.88,-1.43
126.55,-0.75,-1.41,-0.88,-1.43,-0.88,-1.43
126.596,-0.69,-1.41,-0.88,-1.43,-0.88,-1.43
126.644,-0.77,-1.41,-0.88,-1.43,-0.87,-1.43
126.691,-0.86,-1.48,-0.87,-1.43,-0.87,-1.43
126.739,-0.92,-1.49,-0.87,-1.43,-0.87,-1.43
126.785,-0.89,-1.49,-0.87,-1.43,-0.87,-1.43
126.831,-0.78,-1.49,-0.87,-1.44,-0.87,-1.44
126.876,-0.8,-1.48,-0.87,-1.44,-0.87,-1.44
126.923,-0.76,-1.39,-0.87,-1.44,-0.87,-1.44
126.969,-0.79,-1.39,-0.86,-1.44,-0.86,-1.44
127.015,-0.85,-1.45,-0.86,-1.44,-0.86,-1.44
127.062,-0.78,-1.44,-0.86,-1.44,-0.86,-1.44
127.107,-0.81,-1.43,-0.87,-1.44,-0.87,-1.44
127.152,-0.83,-1.46,-0.87,-1.44,-0.87,-1.44
127.197,-0.84,-1.51,-0.87,-1.44,-0.87,-1.44
127.241,-0.81,-1.51,-0.86,-1.44,-0.86,-1.44
127.288,-0.72,-1.44,-0.86,-1.44,-0.86,-1.44
127.334,-0.77,-1.42,-0.86,-1.44,-0.86,-1.44
127.38,-0.84,-1.46,-0.86,-1.44,-0.86,-1.44
127.426,-0.8,-1.44,-0.85,-1.44,-0.85,-1.44
127.472,-0.61,-1.5,-0.85,-1.44,-0.85,-1.44
127.519,-0.61,-1.5,-0.85,-1.44,-0.85,-1.44
127.565,-0.77,-1.46,-0.84,-1.44,-0.84,-1.44
127.609,-0.84,-1.45,-0.84,-1.44,-0.84,-1.44
127.656,-0.93,-1.46,-0.83,-1.44,-0.83,-1.44
127.706,-0.74,-1.38,-0.84,-1.44,-0.83,-1.44
127.751,-0.7,-1.38,-0.84,-1.44,-0.84,-1.44
127.797,-0.64,-1.42,-0.84,-1.44,-0.84,-1.44
127.843,-0.76,-1.43,-0.84,-1.43,-0.84,-1.43
127.888,-0.9,-1.45,-0.83,-1.43,-0.83,-1.43
127.935,-0.89,-1.45,-0.83,-1.43,-0.83,-1.43
127.981,-0.74,-1.4,-0.83,-1.43,-0.83,-1.43
128.025,-0.72,-1.45,-0.83,-1.43,-0.83,-1.43
128.07,-0.75,-1.47,-0.83,-1.43,-0.83,-1.43
128.117,-0.76,-1.49,-0.82,-1.43,-0.82,-1.43
128.164,-0.82,-1.51,-0.81,-1.44,-0.81,-1.44
128.213,-0.85,-1.51,-0.81,-1.44,-0.81,-1.44
128.261,-0.81,-1.49,-0.81,-1.44,-0.81,-1.44
128.307,-0.79,-1.46,-0.81,-1.44,-0.81,-1.44
128.353,-0.78,-1.45,-0.81,-1.44,-0.81,-1.44
128.399,-0.85,-1.47,-0.81,-1.44,-0.81,-1.44
128.446,-0.83,-1.45,-0.81,-1.44,-0.81,-1.44
128.494,-0.77,-1.46,-0.81,-1.44,-0.81,-1.44
128.542,-0.74,-1.47,-0.81,-1.44,-0.81,-1.44
128.59,-0.8,-1.45,-0.8,-1.44,-0.8,-1.44
128.639,-0.87,-1.46,-0.8,-1.44,-0.8,-1.44
128.687,-0.81,-1.4,-0.8,-1.44,-0.8,-1.44
128.734,-0.7,-1.41,-0.8,-1.44,-0.79,-1.44
128.78,-0.74,-1.49,-0.79,-1.44,-0.79,-1.44
128.827,-0.75,-1.5,-0.79,-1.44,-0.79,-1.44
128.876,-0.77,-1.41,-0.79,-1.44,-0.79,-1.44
128.922,-0.75,-1.45,-0.79,-1.44,-0.79,-1.44
128.968,-0.76,-1.48,-0.79,-1.44,-0.79,-1.44
129.015,-0.77,-1.48,-0.78,-1.44,-0.78,-1.44
129.064,-0.71,-1.39,-0.78,-1.44,-0.78,-1.44
129.11,-0.81,-1.36,-0.77,-1.44,-0.77,-1.44
129.158,-0.93,-1.49,-0.76,-1.44,-0.76,-1.44
129.205,-0.87,-1.54,-0.76,-1.44,-0.76,-1.44
129.252,-0.81,-1.45,-0.76,-1.44,-0.76,-1.44
129.302,-0.75,-1.39,-0.76,-1.44,-0.76,-1.44
129.351,-0.73,-1.39,-0.76,-1.44,-0.76,-1.44
129.397,-0.75,-1.41,-0.76,-1.44,-0.76,-1.44
129.452,-0.84,-1.48,-0.75,-1.44,-0.75,-1.44
129.503,-0.87,-1.46,-0.75,-1.44,-0.75,-1.44
129.551,-0.81,-1.39,-0.75,-1.44,-0.75,-1.44
129.6,-0.72,-1.37,-0.75,-1.44,-0.75,-1.44
129.648,-0.7,-1.44,-0.75,-1.43,-0.75,-1.43
129.698,-0.73,-1.43,-0.75,-1.43,-0.75,-1.43
129.746,-0.8,-1.43,-0.74,-1.43,-0.74,-1.43
129.797,-0.88,-1.45,-0.73,-1.43,-0.73,-1.44
129.846,-0.85,-1.47,-0.72,-1.44,-0.72,-1.44
129.897,-0.78,-1.47,-0.72,-1.44,-0.72,-1.44
129.947,-0.76,-1.41,-0.72,-1.44,-0.72,-1.44
130.001,-0.79,-1.43,-0.72,-1.44,-0.72,-1.44
130.052,-0.79,-1.45,-0.72,-1.44,-0.72,-1.44
130.106,-0.87,-1.44,-0.72,-1.44,-0.72,-1.44
130.157,-0.75,-1.43,-0.72,-1.44,-0.72,-1.44
130.209,-0.71,-1.45,-0.72,-1.44,-0.72,-1.44
130.259,-0.76,-1.44,-0.72,-1.44,-0.72,-1.44
130.31,-0.85,-1.42,-0.71,-1.44,-0.72,-1.44
130.371,-0.83,-1.47,-0.71,-1.44,-0.71,-1.44
130.422,-0.8,-1.46,-0.71,-1.44,-0.71,-1.44
130.471,-0.82,-1.44,-0.71,-1.44,-0.71,-1.44
130.519,-0.81,-1.45,-0.71,-1.44,-0.71,-1.44
130.568,-0.8,-1.46,-0.71,-1.44,-0.71,-1.44
130.616,-0.83,-1.49,-0.71,-1.44,-0.71,-1.44
130.667,-0.88,-1.47,-0.71,-1.44,-0.71,-1.44
130.716,-0.77,-1.4,-0.71,-1.44,-0.71,-1.44
130.763,-0.77,-1.41,-0.71,-1.43,-0.71,-1.43
130.811,-0.76,-1.45,-0.71,-1.43,-0.71,-1.43
130.859,-0.76,-1.47,-0.71,-1.43,-0.71,-1.43
130.906,-0.79,-1.47,-0.71,-1.43,-0.71,-1.43
130.953,-0.83,-1.45,-0.71,-1.43,-0.71,-1.43
131.0,-0.81,-1.45,-0.7,-1.43,-0.7,-1.43
131.048,-0.74,-1.5,-0.7,-1.43,-0.7,-1.43
131.097,-0.75,-1.54,-0.7,-1.43,-0.7,-1.43
131.144,-0.76,-1.47,-0.7,-1.44,-0.7,-1.44
131.194,-0.78,-1.47,-0.69,-1.44,-0.7,-1.44
131.243,-0.72,-1.46,-0.69,-1.44,-0.69,-1.44
131.293,-0.7,-1.44,-0.69,-1.44,-0.69,-1.44
131.341,-0.8,-1.42,-0.69,-1.44,-0.69,-1.44
131.394,-0.79,-1.4,-0.68,-1.44,-0.69,-1.44
131.444,-0.89,-1.4,-0.68,-1.44,-0.68,-1.44
131.493,-0.93,-1.41,-0.67,-1.44,-0.68,-1.44
131.542,-0.94,-1.47,-0.67,-1.44,-0.67,-1.44
131.589,-0.88,-1.5,-0.67,-1.44,-0.67,-1.44
131.636,-0.79,-1.49,-0.68,-1.44,-0.68,-1.44
131.682,-0.79,-1.46,-0.68,-1.44,-0.68,-1.44
131.731,-0.79,-1.42,-0.68,-1.44,-0.68,-1.44
131.779,-0.81,-1.47,-0.68,-1.44,-0.68,-1.44
131.826,-0.87,-1.47,-0.68,-1.44,-0.68,-1.44
131.873,-0.87,-1.42,-0.68,-1.44,-0.68,-1.44
131.919,-0.79,-1.43,-0.68,-1.44,-0.68,-1.44
131.964,-0.78,-1.45,-0.68,-1.44,-0.68,-1.44
132.008,-0.83,-1.45,-0.67,-1.44,-0.67,-1.44
132.055,-0.79,-1.47,-0.67,-1.44,-0.67,-1.44
132.1,-0.76,-1.5,-0.67,-1.44,-0.67,-1.44
132.144,-0.85,-1.49,-0.66,-1.44,-0.66,-1.44
132.19,-0.85,-1.45,-0.66,-1.44,-0.66,-1.44
132.235,-0.81,-1.4,-0.66,-1.44,-0.67,-1.44
132.28,-0.78,-1.42,-0.67,-1.44,-0.67,-1.44
132.326,-0.78,-1.47,-0.67,-1.44,-0.67,-1.44
132.372,-0.83,-1.45,-0.67,-1.44,-0.67,-1.44
132.416,-0.95,-1.45,-0.66,-1.44,-0.66,-1.44
132.462,-0.91,-1.47,-0.66,-1.44,-0.66,-1.44
132.507,-0.79,-1.44,-0.66,-1.44,-0.67,-1.44
132.554,-0.76,-1.41,-0.67,-1.44,-0.67,-1.44
132.602,-0.72,-1.43,-0.67,-1.44,-0.67,-1.44
132.647,-0.74,-1.47,-0.66,-1.44,-0.66,-1.44
132.692,-0.84,-1.43,-0.66,-1.44,-0.66,-1.44
132.739,-0.84,-1.44,-0.65,-1.44,-0.65,-1.44
132.787,-0.8,-1.44,-0.65,-1.44,-0.65,-1.44
132.835,-0.84,-1.42,-0.64,-1.44,-0.65,-1.44
132.88,-0.91,-1.37,-0.64,-1.44,-0.64,-1.44
132.927,-0.9,-1.4,-0.64,-1.44,-0.64,-1.44
132.974,-0.88,-1.49,-0.64,-1.44,-0.65,-1.44
133.019,-0.76,-1.43,-0.65,-1.44,-0.65,-1.44
133.067,-0.74,-1.41,-0.65,-1.44,-0.65,-1.44
133.114,-0.86,-1.36,-0.65,-1.44,-0.65,-1.44
133.16,-0.89,-1.39,-0.65,-1.44,-0.65,-1.44
133.206,-0.86,-1.46,-0.65,-1.44,-0.65,-1.44
133.253,-0.77,-1.49,-0.65,-1.44,-0.65,-1.44
133.299,-0.79,-1.53,-0.65,-1.44,-0.65,-1.44
133.345,-0.86,-1.51,-0.65,-1.44,-0.65,-1.44
133.39,-0.91,-1.44,-0.64,-1.44,-0.65,-1.44
133.437,-0.93,-1.43,-0.65,-1.44,-0.65,-1.44
133.482,-0.83,-1.46,-0.65,-1.44,-0.65,-1.44
133.528,-0.77,-1.44,-0.66,-1.44,-0.66,-1.44
133.574,-0.71,-1.42,-0.66,-1.44,-0.66,-1.44
133.62,-0.8,-1.44,-0.66,-1.44,-0.66,-1.44
133.668,-0.84,-1.47,-0.66,-1.44,-0.66,-1.44
133.716,-0.85,-1.46,-0.66,-1.44,-0.66,-1.44
133.762,-0.89,-1.44,-0.65,-1.44,-0.65,-1.44
133.809,-0.9,-1.46,-0.65,-1.44,-0.65,-1.44
133.855,-0.87,-1.5,-0.65,-1.44,-0.65,-1.44
133.901,-0.87,-1.49,-0.65,-1.44,-0.65,-1.44
133.947,-0.82,-1.44,-0.66,-1.44,-0.66,-1.44
133.993,-0.73,-1.44,-0.66,-1.44,-0.66,-1.44
134.038,-0.66,-1.44,-0.67,-1.44,-0.67,-1.44
134.084,-0.72,-1.43,-0.66,-1.44,-0.66,-1.44
134.13,-0.86,-1.45,-0.66,-1.44,-0.66,-1.44
134.177,-0.96,-1.45,-0.65,-1.44,-0.65,-1.44
134.222,-0.79,-1.4,-0.65,-1.44,-0.65,-1.44
134.268,-0.72,-1.41,-0.65,-1.44,-0.65,-1.44
134.313,-0.75,-1.54,-0.65,-1.44,-0.65,-1.44
134.359,-0.74,-1.51,-0.65,-1.44,-0.65,-1.44
134.405,-0.81,-1.47,-0.65,-1.44,-0.65,-1.44
134.451,-0.77,-1.45,-0.65,-1.44,-0.65,-1.44
134.497,-0.67,-1.43,-0.65,-1.44,-0.65,-1.44
134.545,-0.66,-1.39,-0.65,-1.44,-0.65,-1.44
134.595,-0.78,-1.41,-0.65,-1.44,-0.65,-1.44
134.64,-0.8,-1.46,-0.64,-1.44,-0.64,-1.44
134.686,-0.71,-1.45,-0.64,-1.44,-0.64,-1.44
134.733,-0.74,-1.44,-0.64,-1.44,-0.64,-1.44
134.777,-0.83,-1.45,-0.64,-1.44,-0.64,-1.44
134.824,-0.8,-1.45,-0.64,-1.44,-0.64,-1.44
134.869,-0.83,-1.43,-0.64,-1.44,-0.64,-1.44
134.914,-0.9,-1.45,-0.63,-1.44,-0.64,-1.44
